Name,Revenue,HQ Location,LinkedIn URL,Website,Company description,Country,Revenue_M,Main Broker,Main Insurer,Hubspot
Vauban Ecole Et Lycée Français De Luxembourg,18023199.0,"Luxembourg, Luxembourg, Luxembourg",https://www.linkedin.com/school/lycée-vauban-lycée-français-du-luxembourg,www.vauban.lu,"Vauban Ecole et Lycée Français de Luxembourg is a prestigious educational institution that offers a comprehensive curriculum for students from middle school through high school. The school is dedicated to providing a high-quality French education, fostering academic excellence, and preparing students for higher education both in France and internationally. With a mission to cultivate a supportive and engaging learning environment, Vauban emphasizes the importance of parental involvement through regular meetings and presentations, ensuring that families are actively engaged in their children's educational journey. The school serves a diverse community of students and collaborates with various educational partners to enhance its programs, including specialized workshops and preparatory courses for higher education. Vauban's target market includes families seeking a rigorous French education in Luxembourg, with a focus on developing well-rounded individuals equipped for future challenges.",Luxembourg,18.023199,,,
Travel Pro,13845348.0,"Luxembourg, Luxembourg, Luxembourg, 430-434 Route De Longwy",https://www.linkedin.com/company/travelproluxembourg,www.travel-pro.lu,"'Our goal is to put our expertise in travel management to the benefit of our clients, providing personalised travel related services exceeding our customers expectations.'  Department with over 35 highly qualified staff speaking several languages: English, French, German, Luxemburgish, Dutch, Spanish, Portuguese and Italian. The products for which we supply reservations and travel documents:  ✓ Airlines (incl. Low-cost carriers) ✓ Executive Lane ✓ Hotels  ✓ Cars  ✓ Trains  ✓ Boats  ✓ etc… Application of smart ticketing techniques realising substantial cost savings on air fares compared to the official market fares. Access to special negotiated corporate rates for airlines, hotels, car rentals, etc… >>> 24 / 24 hours assistance service <<<  >>> Passport & Visa service <<< Travel Management advise supported by MIS reports: Contracting on your behalf with our major travel suppliers (airlines, hotels, etc.). Training & seminars for assistants, travel managers, travel coordinators and travellers. Corporate payment solutions in cooperation with all major credit card companies.",Luxembourg,13.845348,,,
LUXITH G.I.E.,12755275.0,"Luxembourg, Bertrange, 5 Rue Des Mérovingiens, l-8070",https://www.linkedin.com/company/luxith-g-i-e-,www.luxith.lu,"LUXITH est un Groupement d'Intérêt Economique créé en décembre 2012 par des hôpitaux luxembourgeois et la Fédération des Hôpitaux Luxembourgeois. Le Groupement a pour objet la mise en œuvre et l’exploitation des services, logiciels et infrastructures informatiques mutualisés de ses membres.",Luxembourg,12.755275,,,
Ministère De L'Intérieur,12169451.0,"Luxembourg, Luxembourg, Luxembourg",https://www.linkedin.com/company/minist-re-de-l'int-rieur-et-la-grande-r-gion,www.mint.gouvernement.lu,"Le Ministère de l'Intérieur du Grand-Duché de Luxembourg est une institution gouvernementale essentielle, chargée de la gestion des affaires intérieures du pays, notamment la sécurité publique, la gestion des crises et la protection civile. Sa mission principale est de garantir la sécurité et le bien-être des citoyens tout en promouvant la cohésion sociale et la diversité. Le ministère collabore étroitement avec d'autres entités gouvernementales, des organisations non gouvernementales et des partenaires internationaux pour développer des politiques efficaces en matière de sécurité, de migration et d'intégration. Son public cible inclut les citoyens luxembourgeois, les résidents étrangers, ainsi que les acteurs communautaires et sociaux.  En s'engageant à respecter les droits de l'homme et à favoriser l'égalité, le Ministère de l'Intérieur vise à construire une société inclusive et sécurisée pour tous. Il joue également un rôle clé dans la coordination des efforts de sécurité nationale et de gestion des urgences, contribuant ainsi à la résilience de la société luxembourgeoise face aux défis contemporains. Le ministère s'efforce de sensibiliser le public sur des questions de sécurité et d'encourager la participation citoyenne dans la prévention des risques.  En outre, le Ministère de l'Intérieur est impliqué dans la gestion des infrastructures essentielles et la sécurité d'approvisionnement du pays, garantissant la résilience des infrastructures face aux défis climatiques et économiques. Il collabore avec divers partenaires, y compris des collectivités locales et des entreprises, pour développer des solutions innovantes et durables. En intégrant des considérations de décarbonation et de digitalisation dans ses projets, le ministère s'engage à construire un avenir durable pour le Luxembourg, tout en répondant aux besoins croissants d'une population en expansion.",Luxembourg,12.169451,,,
Patrimundi 1869 s.a.,11949898.0,"Luxembourg, Luxembourg, Luxembourg, 20 Boulevard Emmanuel Servais, l-2535",https://www.linkedin.com/company/patrimundi-1869-s-a-,www.patrimundi1869.com,"Professionnel du secteur financier (PSF) agréé et controlé par la Commission de Surveillance du Secteur Financier Luxembourgeois (CSSF) Gestion et structuration de patrimoine financier, Family office, etc.",Luxembourg,11.949898,,,
EAL Electricity Application Luxembourg,10696948.0,"Luxembourg, Oberkorn, 75 Rue De La Gare, 4571",https://www.linkedin.com/company/eal-electricity-application-luxembourg,www.eal.lu,"Depuis plus 10 ans, une étroite collaboration avec ses partenaires complétée par le professionnalisme de ses équipes, ont permis à EAL de s'imposer sur le marché luxembourgeois des installations électriques en courant fort et courant faible. Au-delà de l’activité principale en électricité générale dans les secteurs résidentiel, tertiaire, et industriel, l’équipe d’EAL est en mesure de faire toute étude de réalisation techniques électronique sur demande dans tous les domaines de la sécurité.  Basés à Oberkorn, Luxembourg, les techniciens d’EAL sont prêts à intervenir rapidement pour la maintenance et le dépannage électrique de tous types d’installation électrique avec une disponibilité 24h/24h.  En chiffres:  +10 ans d’activité  48 personnes  ~7 mil € chiffre d’affaire  165 % croissance/5ans  Spécialités:  Gestion projets électricité, installations électriques, courant faible, sécurité, vidéosurveillance, systèmes de sécurité incendie, contrôle d’accès, systèmes de reconnaissance biométriques, maintenance, domotique.",Luxembourg,10.696948,,,
Stoll Hydraulics,10454709.0,"Luxembourg, Bettembourg, 148 Zae Wolser Zone A, 3225",https://www.linkedin.com/company/stoll-hydraulics,stollhydraulics.lu,"Stoll Hydraulics est une société de services dans l'industrie, la construction, les travaux publics. Grâce à nos techniciens hautement qualifiés, nos véhicules d’intervention et notre atelier entièrement équipé nous vous assurons une réactivité optimale et un service de qualité. Notre société gère aujourd’hui un parc de plusieurs centaines de matériels de location pour vous offrir la solution la plus adaptée à vos besoins. Nous représentons les marques #Mecalac, #Doosan, #Bobcat, #Ausa, #Deutz et #Cummins, officiellement sur le territoire Luxembourgeois.",Luxembourg,10.454709,,,
ELWE,10454709.0,"Luxembourg, Luxembourg, Luxembourg, 12 Rue John L. Mac Adam, 1113",https://www.linkedin.com/company/elwe-luxembourg,www.elwe.lu,"Fort de plus de 70 ans d’expérience dans les domaines de la manutention, du BTP et des grues, ELWE est un acteur incontournable sur le marché luxembourgeois. Des services complets : - achat et location de matériel de chantier, - maintenance préventive ou périodique d’engins du secteur industriel ou TP, - vente au comptoir de pièces de rechange et petits matériels (plus de 1200 références en stock) et une équipe polyglotte qui s'appuie sur des valeurs fortes : pragmatisme - proximité - performance, pour vous faire bénéficier de son savoir-faire dans la réalisation de tous vos projets.",Luxembourg,10.454709,,,
Intralux Locations,9440010.0,"Luxembourg, Luxembourg, Luxembourg, 20 Rue De Cessange, 1320",https://www.linkedin.com/company/intralux-locations,www.intralux.lu,"La référence en location de véhicules au Luxembourg! Spécialiste de la location de camionnettes et de voitures depuis 40 ans, Intralux vous propose une gamme complète de véhicules pour répondre à tous vos besoins.  Notre équipe est à votre écoute pour vous conseiller et vous garantir la mise à disposition d'un véhicule qui répondra au mieux à votre demande. Avec une flotte comprenant plus de 500 véhicules, nous nous engageons à vous fournir un service irréprochable à un prix compétitif! Intralux propose les services de nettoyage/séchage à la main de vos véhicules pour une résultat de qualité inégalable!  Notre installation comprend également un portique pour le nettoyage des camionnettes de toutes tailles. Tous les accessoires nécessaires à votre projet de déménagement sont disponibles chez Intralux: cartons, sangles, couvertures... Professionnels, n'hésitez pas à nous contacter pour connaître nos avantages en location longue durée et ainsi prendre en charge votre mobilité. N'hésitez pas à nous contacter pour un devis ou pour nous faire part de vos demandes!",Luxembourg,9.44001,,,
LEON KREMER S.à R.l.,9325784.0,"Luxembourg, Soleuvre, 1a Um Woeller, 4410",https://www.linkedin.com/company/leon-kremer,www.leonkremer.lu,"#BestInClass - Depuis notre création en 1960, notre objectif est d’être votre premier choix en solutions de levage et de protection antichute. Notre gamme de produits comprend entre autres des ponts roulants, potences, palans, monte charges, manipulateurs et lignes de vie. Avec des partenaires de longue date comme DEMAG Cranes & Components, STAHL CraneSystems, Liftket, Comege, Chainmaster, HYMO, BÜTER Hebetechnik, PETZL, KRATOS Safety , nous vous proposons des produits des leaders technologiques. L’envie de compléter cette offre par des services d’une qualité équivalente, nous a guidée à développer continuellement ce segment. Aujourd’hui nous nous composons d’une équipe de 45 experts et nous réalisons les entretiens sur plus que la moitié des installations de levage luxembourgeoises.  #FromTheCradleToTheGrave - Nous vous accompagnons tout au long du cycle de vie de votre équipement de levage quel qu'en soit la marque ou le fabricant. Afin de partager notre savoir faire avec vous, nous avons créé en 2015, ensemble avec LUXCONTROL l'organisme de formation LC ACADEMIE SA qui est rapidement devenu le premier organisme de formation privé et multisectoriel sur le marché luxembourgeois. Avec nos sociétés EUROPIECES LUXEMBOURG, spécialisée dans les solutions de chariots élévateurs et nacelles et OHIS INDUSTRIE, société spécialisé dans le levage et établie en Belgique, nous avons complété notre gamme et élargie notre rayon d'action pour encore mieux vous servir.",Luxembourg,9.325784,,,
Promopharm SA,9214670.0,"Luxembourg, Alzingen, 4 Rue Nicolas Wester, 5836",https://www.linkedin.com/company/promopharm-sa,www.promopharm.lu,"Depuis 1992 présents sur le marché luxembourgeois au service de partenaires de renomée internationnale dans le domaine pharmaceutique.Equipe expérimentée Equipe de délégués médicaux et pharmaceutiques expérimentés et bien intégrés sur le marché luxembourgeois.Prendre soin de sa santé, de son bien-être, s’informer et acheter des produits de soins et de santé en ligne, dorénavant avec masante.lu c’est possible au Grand-Duché de Luxembourg, dans la grande région et au-delà. Sur masante.lu vous allez découvrir des marques et des produits de qualité, ainsi que des informations précieuses dans les domaines suivants: - Soins dentaires : dentifrice (blanchissant pour dents jaunies, tâchées), brosses à dents médicales (gencives sensibles), brossettes interdentaires et fil dentaire pour prévenir la parondite, bains de bouche, gratte-langues, produits pour palier à la mauvaise haleine (halitose), et brosse à dents Sonic. Tous ces produits sont conseillés par les dentistes. - Douleurs musculaires et articulaires : Gel refroidissants, décontractants pour les muscles et antidouleurs, cold sprays et cold packs pour les sportifs et pour toute la famille en cas de contusions, accidents sportifs, foulures, tendinites, douleurs articulaires, crème magnésium (crampes). - Produits bébés et jeunes mamans : les biberons anti-coliques Dr Brown, gobelets, tétines, sucettes et anneaux de dentitions, tire-lait, coussinets d’allaitement, le thermomètre à distance frontal et des produits anti-moustiques. - Bien-être, antistress, Découvrez le complexe de multivitamines et oligoéléments intelligents qui prend soin de votre système immunitaire, des vitamines énergisantes pour booster votre forme, du sélénium, du tryptophane pour prévenir burnout et troubles du sommeil. masante.lu est une marque de Promopharm S.A.",Luxembourg,9.21467,,,
Groupe Nascht,8705130.0,"Luxembourg, Rumelange, 20 Rue Dr Flesch, 3725",https://www.linkedin.com/company/groupe-nascht,nascht.lu,"Un groupe luxembourgeois 🇱🇺 dédié au bien-être des enfants. Depuis 2012, nous fournissons des services de qualité exceptionnelle dans 15 structures, grâce à une équipe de 250 employés passionnés. 💪 Notre engagement envers la qualité, la sécurité et le respect de chaque individu est au coeur de notre mission. ❤️ Nous croyons que chaque enfant mérite un environnement sûr, stimulant et bienveillant pour grandir et s'épanouir. 🌱 Joignez notre page pour suivre nos actualités et partager notre engagement envers l'excellence pour le bien-être des enfants. 👨👩👧👦",Luxembourg,8.70513,,,
Assistance.lu,8344496.0,"Luxembourg, Leudelange, l-3364",https://www.linkedin.com/company/autorent-sos-d-pannage,assistance.lu,"Assistance.lu : Votre expert mobilité au Luxembourg Née de la fusion entre SOS Dépannage et Autorent, Assistance.lu est votre partenaire de référence pour tous vos besoins d'assistance et de mobilité au Luxembourg et en Grande Région. Fort de plus de 40 ans d'expérience, nous vous proposons : •	Dépannage automobile 24/7 •	Location de véhicules de remplacement •	Assistance routière •	Services de mobilité sur mesure Notre équipe d'experts est à votre disposition pour vous conseiller et vous accompagner. Optez pour la tranquillité d'esprit et choisissez Assistance.lu. #AssistanceLu #Dépannage #LocationDeVéhicules #AssistanceRoutière #Mobilité #Luxembourg",Luxembourg,8.344496,,,
Gotra S.A.R.L,7152040.0,"Luxembourg, Wasserbillig, 84 Grand Rue, 6630",https://www.linkedin.com/company/gotra,www.steil.de,"Für den Transport Ihrer Eisen- und Nichteisenmetalle bzw. sonstige Stoffströme wie Papier, Pappe, Glas, Bauschutt, etc. bieten wir Ihnen mit unserem firmeneigenen Fuhrpark sowie unseren ausgewählten Subunternehmern auf Sie zugeschnittene Konzepte. Die Steil Gruppe verfügt über einen Fuhrpark von über 100 Fahrzeugen. Alle nach neuesten Standards, Euro 5 und 6 Norm. Pro Jahr werden über 4 Mio. km gefahren. Durch die verschiedenen Fahrzeugtypen können wir unseren Kunden verschiedene Logistikleistungen anbieten.  Von der Gestellung von Containern bis hin zur Abwicklung von Schwerlastverkehren können wir Ihnen alles aus einer Hand anbieten. Wir arbeiten grenzüberschreitend mit Einzugsgebieten BeNeLux sowie Deutschland, Frankreich und Italien und sind dadurch in der Lage, Ihre Transportgüter zur richtigen Zeit an den richtigen Ort zu bringen. Unsere Kompetenz und jahrelange Erfahrung im Transport- und Logistikbereich können auch Sie sich zum Vorteil machen. Fordern Sie uns und profitieren Sie noch heute von unseren innovativen logistischen Fähigkeiten.  Logistik steht in der heutigen Zeit als moderner Begriff für Transportorganisation hinter vielen Tätigkeitsfeldern. GOTRA hat sich im Bereich Logistik auf folgende Bereiche spezialisiert:",Luxembourg,7.15204,,,
Réussit'School,6964104.0,"Luxembourg, Luxembourg, Luxembourg, 93 Rue De La Faiencerie, 1510",https://www.linkedin.com/company/r-ussit'school,www.reussitschool.lu,"Forte de son expérience de plus de 19 ans dans le soutien scolaire, Réussit’School fait partie de ces institutions qui sont à même de concilier qualité et diversité. Que ce soit sur le plan pédagogique ou humain, elle se distingue par l’exhaustivité des services qu’elle propose et par l’implication et l’engagement de ses professeurs. Réussit’School place toujours l’élève au centre de sa réflexion pédagogique et se penche avec attention sur le parcours scolaire de chacun de ses élèves pour proposer une aide adaptée, et ce, quelle que soit la matière ou la classe suivie. Son ancrage au Luxembourg favorise un partage de connaissances propices à la consolidation des apprentissages scolaires. Réussit School est reconnue comme l’un des acteurs principaux dans de le domaine du cours particulier et des stages intensifs, grâce à :  • Sa capacité à encadrer des élèves de tous les niveaux (Primaire, secondaire, supérieur) issus de divers systèmes d’enseignements : luxembourgeois, français, européen ou international. • La définition précise des besoins de chaque apprenant par le biais d’entretiens individuels et de bilans pédagogiques réguliers. • Une connaissance parfaite des programmes scolaires et des socles de compétences attendus.  • La mise en œuvre de programmes de cours sur-mesure ou encore la personnalisation accordée à chaque situation scolaire spécifique. La réussite d’un cours de soutien scolaire repose sur la relation de confiance et de compétence établie entre l’élève et son professeur. Fort de ce constat et conviction, Réussit’School compte parmi ses rangs des professeurs sélectionnés sur base de critères rigoureux et dès lors, nous sommes fiers d’avoir mené des milliers d’élèves vers la réussite. Réussit’School ne laisse rien au hasard afin que l’aide scolaire apportée demeure la plus efficace et la plus durable possible.",Luxembourg,6.964104,,,
RMS.lu IoT,6407515.0,"Luxembourg, Ettelbruck, 16 Rue De La Gare, 9044",https://www.linkedin.com/company/rms-lu,www.rms.lu,"RMS.lu est spécialisé dans le développement, l’installation et le support de solutions d’identification automatique, d’infrastructures Wifi et de mobilité. Que ce soit pour les services publics, les industries ou les commerces, nous sommes disposés à contribuer à l’essor de votre productivité et de la qualité de votre entreprise. Au service des clients luxembourgeois et de la Grande Région depuis 1992, nous mettons tout en place afin que nos équipements soient adaptés à votre société : développement d’applications sur mesure, intégration de produits d’identification à votre infrastructure…Nous mettons à disposition et assurons le suivi de nombreux équipements : • Terminaux mobiles pour la gestion d’entrepôts, de chantiers, d’interventions • Infrastructures Wifi performantes, complètes et sécurisées • Infrastructures RFID pour la traçabilité de colis, la gestion de stock et d’archives • Imprimantes pour l’impression de vos étiquettes codes à barres • Imprimantes à cartes plastiques • Scanners à main ou sur chaînes de production pour la lecture de codesbarres • Solutions de gestion d’entreprise, de stock et d’inventaires RMS.lu vous propose également des services avant et après-vente avec des contrats à la carte afin de prendre en compte votre valeur patrimoniale et de maintenir les capacités opérationnelles de vos moyens de production. Ces services incluent ainsi l’audit Wifi, le développement logiciel, le déploiement, la réparation et la maintenance de nos équipements. En gage de notre sérieux, nous effectuons les réparations en atelier ou sur site. Bien plus qu'un service, la consultance est pour vous la garantie de bénéficier de spécialistes dans les domaines de l'informatique mobile et de l'intégration logicielle. Afin d’éviter que la mise en place de solutions ne devienne une activité chronophage, notre département Intégration et développement vous épaule dans vos projets en mettant à votre disposition des formations professionnelles.",Luxembourg,6.407515,,,
Privilèges D'Entreprises,6174852.0,"Luxembourg, Luxembourg, Luxembourg, 51 Boulevard Royal Quartier Royal-hamilius, 2449",https://www.linkedin.com/company/privileges-d-entreprises,privilegesdentreprises.com,"Nous redéfinissons la conciergerie d'entreprises au Luxembourg. 🇱🇺🏢 Qui sommes-nous ? Depuis plus de dix ans, Privilèges d'Entreprises transforme la gestion des tâches quotidiennes au sein des entreprises partout au Luxembourg. Notre mission est de simplifier la vie professionnelle de vos employés. Grâce à notre expertise et notre engagement, nous offrons des services de conciergerie d'entreprises sur mesure, à la fois sur site et virtuels à des prix compétitifs.  ✅  Nos Services : Conciergerie sur site et virtuelle : Nettoyage à sec, blanchisserie, retouches, carwash, billetterie, produits Gestion bâtiments : Nos concierges sont les interlocuteurs privilégiés entre les locataires et les gérants des bâtiments pour les aspects techniques et sécurité. Bien-être au travail : Cours de sport, yoga et pilates, espace bien-être. Organisation d'événements : séminaires, team building, services traiteurs, lunch, petits déjeuners. ✅ Nos Valeurs : Excellence : Services de haute qualité adaptés à vos besoins spécifiques. Innovation : Solutions innovantes pour répondre aux exigences modernes des entreprises. Confiance : Relations basées sur la fiabilité et la transparence. ✅ Pourquoi Nous Choisir : Expertise locale : Une connaissance approfondie du marché luxembourgeois. Service personnalisé : Solutions sur mesure pour chaque entreprise. Réactivité : Une équipe dédiée et disponible pour répondre à toutes vos demandes. Rejoignez-nous",Luxembourg,6.174852,,,
ESST Luxembourg SA,6122532.0,"Luxembourg, Niederanven, 49 Rue Gabriel Lippmann, l-4967",https://www.linkedin.com/company/esst-luxembourg,esst.lu,"La sécurité et santé au travail est un véritable enjeu de performance sociale et économique pour toutes les organisations, que ce soit des sociétés, institutions ou ASBL. eSST Luxembourg SA vous facilite la gestion au quotidien de la SST : consultance, externalisation, formation, développement d'un logiciel de management luxembourgeois en SST eSST monitoring et son application mobile eSST companion sur Ios et Android. eSST Luxembourg SA est certifiée ISO 9001, ISO 45011, SGS et made in Lux. eSST est un cabinet indépendant luxembourgeois de conseil en capital humain spécialisé dans la Sécurité Santé au Travail et la prévention des risques professionnels. eSST s’appuie sur des outils NTIC pour faciliter l’implémentation d’une politique de management Sécurité et Santé au Travail au sein des entreprises et des institutions. Nos interventions : - eSST Monitoring:  logiciel cloud pour la gestion opérationnelle de la Sécurité et Santé au Travail - eSST Check: outil de diagnostic pour mesurer la conformité se on entreprise / organisme en matière de Sécurité et Santé au Travail - Accompagnement des entreprises / organisations dans la mise en place opérationnelle de leur politique sécurité et santé au travail - Diagnostic sur les conditions de travail - Etude d'impact en termes de sécurité et santé au travail à l'occasion d'une réorganisation, déménagement... Langues d'intervention : Français, Allemand, Luxembourgeois, Anglais",Luxembourg,6.122532,,,
FELTEN-STEIN,6021018.0,Luxembourg,https://www.linkedin.com/company/felten-stein,www.felten-stein.lu,"En 1983, Théo Felten & François Stein associent leurs expériences respectives pour créer la société FELTEN-STEIN.  D’abord spécialisée dans le mobilier de bureau et les matériels d’impression et de façonnage pour le monde bancaire, Felten-Stein s’est rapidement développée sur le marchéluxembourgeois et a acquis, au fil du temps, toute la confiance de ses clients.  “When work is a pleasure, life is a joy”. Cette phrase résume parfaitement bien notre nos valeurs et la façon dont nous envisageons la relation avec nos clients, c’est-à-dire vous ! En vous donnant les meilleurs outils et les meilleures solutions pour travailler, nous ajoutons du plaisir à votre travail, et, osons, le croire, un peu de joie à votre vie. Cette simple phrase est tellement emblématique de ce que nous souhaitons transmettre, que nous nous la sommes aussi appropriée dans nos propres bureaux. Ces valeurs ont marqué, marquent encore et marqueront toujours notre existence sur le marché luxembourgeois depuis 30 ans. Toujours curieux des progrès technologiques qui facilitent votre travail, mais aussi des progrès et des initiatives en matière d’éco-responsabilité, nous sommes attentifs aux nouvelles démarches pour l’environnement qu’il s’agisse par exemple, des encres, du traitement des déchets de papier, ou des composants électronique des machines. Les valeurs que nous nous appliquons depuis 30 ans sont aussi notre image de marque, notre réputation et notre élan pour continuer à progresser…avec vous !",Luxembourg,6.021018,,,
Isonet Services,5842640.0,"Luxembourg, Soleuvre Sanem, 256 Rue De Differdange, 4438",https://www.linkedin.com/company/isonet-services,www.isonet.lu,"L’image de votre entreprise et le bien-être de vos collaborateurs sont importants pour vous et cela passe par des locaux parfaitement propres et entretenus. C’est pourquoi, Isonet Services vous propose ses services de nettoyage et d’entretien professionnel. Créée en 2002 , l’entreprise est devenue un acteur majeur dans le domaine de la propreté sur le territoire luxembourgeois. En constante évolution, elle a su se démarquer de ses concurrents et installer une relation de confiance avec ses clients. Nous effectuons l’entretien de vos locaux quels qu’ils soient : bureaux, magasins, écoles, industries, chantiers, etc. Forte de notre expérience, nous maîtrisons aussi bien les protocoles du nettoyage quotidien que le traitement des surfaces spécifiques (marbre, parquet, moquette, carrelage, etc.), du décapage au savonnage, en passant par le lustrage des sols. Premier contact avec vos clients, vos extérieurs tout comme vos locaux doivent être propres et entretenues. C’est pourquoi nous nous occupons aussi de vos façades, parkings et devantures. ISONET SERVICES COMPTE PARMI SES SAVOIR-FAIRE : Le nettoyage quotidien, Le nettoyage des vitres intérieures et extérieures, L’entretien et la rénovation des façades, Le ponçage et le traitement de tous types de sols (linoléums, parquets, terres cuites, bétons, etc.), La cristallisation et l’entretien des marbres et granites, Le traitement anti-mousse, Le transport et la gestion des déchets, Le nettoyage de fin de chantier, La désinfection spécialisée dans la lutte du COVID19. Isonet est une société du groupe Isogroupe qui regroupe des entreprises de secteurs d'activités complémentaires : ISO4 Construction, Aprorest Hygiène professionnelle, Isocom Publicité, Isoverde Architecte paysagiste et Isoelec Electricité générale.",Luxembourg,5.84264,,,
Safety Fire Pro,5717985.0,"Luxembourg, Schifflange, 78 Zone Industrielle Um Monkeler, l-4149",https://www.linkedin.com/company/safety-firepro,safety-firepro.lu,"Vente, mise en place et contrôle de vos extincteurs, robinets d'incendie armé (RIA), détecteurs incendie, signalétiques, blocs de secours (BAES). Vente et pose de portes coupe-feu métalliques et bois de EI30 à EI120. Resserrage coupe-feu. Formations incendie, chargé d'évacuation, secourisme, défibrillateur automatique externe, utilisation de matériel pour espaces verts. Langue de formation : français, anglais, allemand, luxembourgeois, portugais. Audit de sécurité (exercice d'évacuation audité)",Luxembourg,5.717985,,,
Sources Rosport,5215310.0,"Luxembourg, Contern, 19 Rue Edmond Reuter, l-5326",https://www.linkedin.com/company/sources-rosport-s-a-,www.rosport.com,"A propos de Sources Rosport S.à r.l. Fondée en 1959, Sources Rosport soutire des eaux minérales naturelles gazeuses et non gazeuses, à savoir la Rosport Classic, fortement pétillante, la Rosport Blue, légèrement pétillante ainsi que Rosport Viva, une eau minérale naturelle plate. Depuis 2012  Rosport Pom’s, une boisson rafraîchissante du type « Apfelschorle », à base de jus de pomme et d’eau gazeuse Rosport, fait également partie de la famille Rosport. L’année 2013 fut une année record pour Sources Rosport avec près de 31.850.000  bouteilles vendues (tous produits confondus), soit un total de 19.520.000 litres. En ce qui concerne le type de bouteilles, plus de la moitié de ses eaux, quelque 54% ont été vendues dans des bouteilles en verre consigné, le restant ayant été des bouteilles en PET.  La vocation de la PME à capital 100% luxembourgeois est de séduire ses consommateurs par le goût unique de ses boissons, la composition en sels minéraux riche et équilibrée et la variété de ses produits. Outre, le respect de l’environnement et la responsabilité sociétale, la sécurité au travail constituent des maîtres mots de l’entreprise. C’est ainsi que l’entreprise est certifiée ISO9001, ISO14001 et OHSAS 18001, et s’est vue remettre pour la deuxième fois le label ESR par l’INDR en 2014 avant d’obtenir le prix spécial du jury Trophéco cette même année.",Luxembourg,5.21531,,,
BMI LUX,5166052.0,Luxembourg,https://www.linkedin.com/company/bmi-lux.com,bmi-lux.com,"Née en 2021, forte de son implication dans le grand Est Français et du développement commercial mené au Bénélux, la création de BMI LUX, implantée au Luxembourg et spécialisée également dans la vibration du béton répond à notre volonté de proposer un service de qualité à proximité de de notre clientèle européenne.",Luxembourg,5.166052,,,
MTX Connect,5043552.0,"Luxembourg, Pontpierre, 37 Grand-rue, 4393",https://www.linkedin.com/company/mtx-connect,b2b.mtxc.eu,"MTX Connect delivers the full scope of roaming multi-network data services that ensure seamless coverage and connection globally. In addition, we offer all customers exclusive access to our highly intuitive SIM management platform, including real-time data diagnostics and automatic billing capabilities. It enables MTX Connect customers to speed up administrative and payment processes, concentrating on other aspects of business. MTX Connect fully understands the challenges of mobile internet solutions, the complexities of customers' businesses and the need for a reliable, secure and cost-effective solution. Our customer support team is formed of highly experienced professionals who will always be able to answer any queries. MTX Connect is a full and independent MVNO (Mobile Virtual Network Operator) specializing in broadband mobile connectivity services for corporate and individual customers. At the moment, the company operates its own mobile core network with every component except the radio network.   MTX Connect is licensed by ILR (Institut Luxembourgeois de Régulation) and has its headquarters in Luxembourg, with branch office in Prague, Czech Republic.  MTX Connect is GSMA member since 2013 and currently has Rapporteur status.",Luxembourg,5.043552,,,
Maison Mazelier,5034672.0,"Luxembourg, Luxembourg, Luxembourg",https://www.linkedin.com/company/maison-mazelier,www.maison-mazelier.com,"Maison Mazelier, enseigne commerciale de Mazelier Group, est une entité à la tête de 4 restaurants au Luxembourg, ainsi que d'une coutellerie haut-de-gamme. Active depuis 2017 sur le territoire luxembourgeois, Maison Mazelier est en pleine expansion et constamment à la recherche de nouveaux talents pour rejoindre ses équipes ! Les postes de Chef de partie, runners, serveurs, barman, chef de rang, responsable manager, écailler, ... vous intéressent ? N'hésitez pas à nous contacter !",Luxembourg,5.034672,,,
Francofolies Esch/Alzette,4678759.0,"Luxembourg, Esch-sur-alzette, Esch-sur-alzette, 64 Gaalgebierg, l-4142",https://www.linkedin.com/company/francofolies-esch-alzette,francofolies.lu,"Le festival Les Francofolies Esch/Alzette, dernier né de la grande famille Francofolies dispersée à travers le monde, aborde des ambitions assumées. Se voulant porteur d’une image à portée internationale de la ville et du pays, le Festival s'inscrit dans la défense du multiculturalisme luxembourgeois et de la transmission de l’héritage vivant de la Francophilie et de la Francophonie au Grand-Duché. Le festival se veut être un pionnier au Luxembourg et synonyme d’un évènement à la fois moderne de musiques actuelles, et pensé et conçu dans le respect de l’environnement. Rien ne sera laissé au hasard, de la programmation artistique à la scénographie en passant par la logistique, le contenu proposé par les Francofolies Esch/Alzette se veut être en cohérence avec l’engagement du festival, traité de manière ludique, expérimentale et esthétique. Cette grande fête sera pour tous le fil « vert » d'une nouvelle aventure eschoise !",Luxembourg,4.678759,,,
Médiair By Luxhyconfort,4545694.0,"Luxembourg, Luxembourg, Luxembourg, 6 Rue Henri M. Schnadt, 2530",https://www.linkedin.com/company/médiair-by-luxhyconfort,www.mediair.lu,Médiair by Luxhyconfort est un fabricant Luxembourgeois de solution de purification et d'assainissement d'air et de désinfection de surfaces multiples.,Luxembourg,4.545694,,,
Pneus Mreches,4106307.0,Luxembourg,https://www.linkedin.com/company/pneus-mreches,www.pneusmreches.lu,"Fondée par Monsieur Pierre Mreches à Rumelange en 1915 la société Pneus Mreches exerce aujourd’hui son activité de ventes et de montage de pneus de tout type sur 3 sites au Luxembourg : - À Windhof : 26, rue d'Arlon L-8399 Windhof    Numéro d'Autorisation d'Etablissement : 0113324/12 - À Ingeldorf : 71 Zone Industrielle L-9099 Ingeldorf    Numéro d'Autorisation d'Etablissement : 0113324/13 - À Luxembourg Howald : 23 rue d’Orchimont L-2268 Luxembourg    Numéro d'Autorisation d'Etablissement : 00113324/15  Nous sommes le fournisseur de longue date des entreprises et des sociétés de leasing comme des particuliers, grâce à notre maillage du territoire luxembourgeois et notre trentaine de collaborateurs, professionnels du pneu confirmés. Dans nos stocks, les plus grandes marques Bridgestone, Continental, Dunlop, Goodyear, Michelin, Pirelli mais aussi d’autres marques pour satisfaire tous les budgets. Accessoires Eté/Hiver et jantes complètent notre offre. Montage, équilibrage, lavage des roues (uniquement à Windhof pour l’instant), service de gardiennage de pneus, nous réalisons un service de proximité de qualité pour les véhicules de tourisme, les SUV, les camionnettes, mais aussi les poids lourds, caravanes, remorques et véhicules agricoles. Nos salles d’attente sont toutes équipées de bornes Wifi, et lors des périodes de changements de pneus, nous essayons d’écourter au maximum votre attente même en haute saison. A très bientôt dans nos agences Pneus Mreches !",Luxembourg,4.106307,,,
Crèche Les Petits Tournesols,3965810.0,"Luxembourg, Kayl, 2 Rue De L'église, 3636",https://www.linkedin.com/company/crèche-les-petits-tournesols,lespetitstournesols.lu,"Nous accueillons les enfants de 2 mois à 4 ans. Nous sommes une crèche plurilingue en français et en luxembourgeois, mais nous parlons aussi l'anglais, l'allemand, l'italien. Nous proposons : Du personnel qualifié Une ambiance familiale Une alimentation équilibrée Toutes les semaines, nous accueillons dans nos crèches un spécialiste (psychomotricien, musicien) qui contribue à l'épanouissement de votre enfant Des excursions Diverses activités à thème Des promenades quotidiennes Nos crèches sont situées dans des quartiers calmes. Nous travaillons dans une ambiance familiale et respectons le rythme de chaque enfant. Notre personnel profitera de toutes les occasions pour faire progresser votre enfant. Nous travaillons en collaboration avec le ministère et les chèques service.",Luxembourg,3.96581,,,
Wat Editions,3965810.0,"Luxembourg, Luxembourg, Luxembourg, 74 Rue Ermesinde, 1469",https://www.linkedin.com/company/wat-editions,wateditions.lu,"Maison d’édition au Grand-Duché, Wat Editions est devenu avec le temps une référence en matière de création et de diffusion de contenu dans le pays.  Spécialisé dans l’édition de magazines et à l’aide de la société de contenu Alinea éditions et communication, Wat Editions édite deux des principaux titres luxembourgeois, ""Femmes"", leader de la presse féminine depuis 2001 et ""Bold"", référence de la presse lifestyle et culturelle au Luxembourg et dans la Grande région.",Luxembourg,3.96581,,,
Plus Forts Au Centre !,3965810.0,"Luxembourg, Luxembourg, Luxembourg",https://www.linkedin.com/company/plus-forts-au-centre,www.plusfortsaucentre.com,"Plus Forts au Centre !, groupe de centre-droite des Français du Luxembourg.  Liste d’ouverture constituée pour les élections des conseillers des Français de l’étranger au Luxembourg, menée par Bruno Theret, élu consulaire depuis 2014. Dans le cadre de sa communication, le groupe politique Plus Forts Au Centre !, soutenu par l’UDI, l’Union Centriste et Agir la Droite Constructive a décidé d'ouvrir une page LinkedIn destinée à sa communication publique. Cette page est ouverte en lecture pour tous. Elle a pour but de diffuser : - nos informations - nos réunions - nos actions - nos soutiens - nos prises de positions",Luxembourg,3.96581,,,
CiteeCar,3776004.0,Luxembourg,https://www.linkedin.com/company/citeecar,www.citeecar.com,"CiteeCar is a start-up headquartered in Luxembourg offering low-cost self-service car rental (car sharing), which launched its operations in Germany at the end of 2012.  Venture backed by Luxembourg based Mangrove Capital Partners the company’s innovative and unique business model delivers a low cost mobility solution to urban residents and businesses.  Following a highly successful launch of CiteeCar in Berlin in December 2012, new cities followed in the course of 2013 such as Hamburg, Munich and Frankfurt. In the coming months the company will roll out operations to many more German and other European cities.",Luxembourg,3.776004,,,
CROK4IT,3776004.0,"Luxembourg, Luxembourg, Luxembourg, 29 Boulevard Grande-duchesse Charlotte, l-1330",https://www.linkedin.com/company/crok4it,www.crok4it.com,"CROK4IT est société qui apporte conseil et solutions informatiques aux entreprises afin de les soutenir dans la conduite de leur transition digitale. Nous concevons et développons des applications web et mobile et nous vous proposons également le pilotage et la gestion de projet. Dans tous les projets, même numérique, le cœur du processus, c’est l’humain. Dès lors, des experts épanouis et valorisés, seront au mieux piloter la transformation numérique et tenir les promesses envers nos clients. CROK4IT est née de la volonté des fondateurs de réaliser pleinement cet objectif. Nous mettons l’humain au cœur de notre processus de développement et nous souhaitons être reconnus comme une révolution dans le domaine par notre contexte de collectivité et la reconnaissance envers nos talents.  Notre expertise est donc complète et permet d’avoir une vision à 360 ° du marché luxembourgeois et de ses évolutions possibles. Notre but est de vous fournir des solutions à l’utilisation simple répondant à vos demandes et objectifs professionnels. Chaque projet est unique, c’est pourquoi, nous mettons à disposition, nos ressources et notre expertise pour vous accompagner au mieux dans votre numérisation.",Luxembourg,3.776004,,,
Pietercil Lorang,3764046.0,"Luxembourg, Capellen, 77-79 Rue Pafebruch, l-8308",https://www.linkedin.com/company/pietercil-lorang,www.pietercil.com,"Pietercil Lorang est un partenaire incontournable dans la distribution de biens de consommation (FMCG) dans les secteurs alimentaires et non-alimentaires au Luxembourg. Nous collaborons avec de nombreuses marques dans les secteurs de l’épicerie sucrée et salée, le frais, le surgelé, les cosmétiques et les produits ménagers. Delacre, Sebamed, Lutti, Devos Lemmens, Mentos, Fruitella, Look-O-Look, Vitakraft mais aussi Energizer, Wilkinson, Scholl, Hak, Yoplait, Old El Paso, Suzi Wan, Good Goût, Häagen Dazs… bénéficient de notre expertise sur le territoire luxembourgeois. Pietercil Lorang, au sein de Pietercil Group, est une entreprise familiale qui évolue dans un secteur dynamique et qui propose un éventail de services nécessaires pour développer une marque : Key Account Management, Field Management, Consumer & Shopper Marketing, Category Management, Supply Chain, Data Management et Shared Services.",Luxembourg,3.764046,,,
B2B4-Check S.A.,3571477.0,"Luxembourg, Wecker, l-6868",https://www.linkedin.com/company/b2b4-check,www.b2b4-check.com,"Comprised of: CarTron© + CarOline© - B2B4-Check gives companies the tools they need to work together more efficient to grow better. Our tools are designed for the PROCESSES of: car handovers - car returns - car condition assessments – car checks, in the INDUSTRIES of: car Leasing - Auto Abo - car Subscriptions - car Rental - car Detailing - SMART repair.   B2B4-Check allows for documentation, calculation and process management. It includes touchless invoicing and document creation for paperless work and ubiquitous cloud computing. Interactive Dashboards enable internal and cross enterprise nonverbal communication, negotiations and decision taking. B2B4-Check's software is high-fidelity intuitive, requires almost no extra training and no special qualification. By standardizing processes and providing feedback to reward the user, the B2B4-Check software enables more efficient work.     >> It's good to work together - It's even better to play like an orchestra.<< Sign up for a free trial at b2b4-check.com and begin streamlining your digital workflow. Our company culture builds connections, careers, and employee growth. How? By creating a workplace that values flexibility, autonomy, and transparency. If that sounds like something, you’d like to be part of, we’d love to hear from you.",Luxembourg,3.571477,,,
Institut Pierre Werner,3328822.0,"Luxembourg, Luxembourg, Luxembourg, 28 Rue Münster, 2160",https://www.linkedin.com/company/institut-pierre-werner,www.ipw.lu,"L’Institut Pierre Werner (IPW) est un centre culturel européen. Il a été créé en 2003, à Luxembourg, à l’initiative des gouvernements allemand, français et luxembourgeois. Il est placé sous l’autorité de ses contributeurs, le Goethe-Institut de la République fédérale d’Allemagne, le ministère des Affaires étrangères français et le ministère luxembourgeois de la Culture. L’IPW organise des lectures, des débats, des conférences et des expositions sur des thèmes européens et culturels. Il favorise la rencontre de personnalités allemandes, françaises, luxembourgeoises et européennes dans les domaines de la littérature, des sciences, de l’art et de la politique. D’une grande diversité, ces manifestations encouragent l’échange et l’interculturalité. La vocation de l’Institut Pierre Werner est de promouvoir le dialogue européen dans l’esprit des Lumières et de Colpach. Das Institut Pierre Werner (IPW) ist ein europäisches Kulturinstitut. Es wurde 2003 auf Initiative der deutschen, französischen und luxemburgischen Regierungen gegründet. In seinen Aktivitäten untersteht es dem Goethe-Institut, dem französischen Außenministerium und dem luxemburgischen Kulturministerium. Das IPW organisiert Lesungen, Debatten, Vorträge und Ausstellungen zu europäischen und kulturellen Themengebieten. Es unterstützt dabei die Begegnung deutscher, französischer, luxemburgischer und europäischer Persönlichkeiten aus Literatur, Wissenschaft, Kunst und Politik. Mit seiner großen Vielfalt tragen die Kulturveranstaltungen des Instituts zum interkulturellen Austausch bei. Im Zeichen der Aufklärung und des Geistes von Colpach ist es das Ziel des Institut Pierre Werner, einen Beitrag zum europäischen Dialog zu leisten.",Luxembourg,3.328822,,,
KOMBAT SPORT,3146670.0,"Luxembourg, Luxembourg, Luxembourg, 37 Rue D'anvers",https://www.linkedin.com/company/kombat-sport,www.kombatsport.lu,"KOMBAT SPORT HD est éditée par la société Luxembourgeoise - ALTICE ENTERTAINMENT & SPORT SA. KOMBAT SPORT HD a été lancée en octobre 2012 sur le réseau câblé luxembourgeois Numéricable, la chaîne est également dans les offres basiques de CANALSAT France.  En janvier 2013 ,  KOMBAT SPORT HD est distribuée dans l'offre Numéricable France , puis sur la Belgique. KOMBAT SPORT HD est également distribuée dans les offres de distributeur TV en Afrique et plusieurs pays  européens.  A partir de mai 2013, KOMBAT SPORT HD est également diffusée en langue anglaise. Une chaîne thématique payante pour tous les amateurs de sports de combat  en qualité HD 24/24h  Elle s’adresse aux spécialistes, aux pratiquants mais également à tous les passionnés de sports de combat.  Elle propose toutes les disciplines : 	Kick-Boxing,  Muay Thaï , k1, boxe française ; 	MMA UFC ; 	Boxe anglaise ; 	Arts martiaux : judo, karate, Wushu kung-fu, taekwondo, .. 	Divers : lutte, lutte sénégalaise, capoiera,… KOMBAT SPORT HD diffuse non seulement des événements en direct mais également des magazines « Gong » et des documentaires sur les plus grands champions et les différentes disciplines.  http://kombatsport.lu/",Luxembourg,3.14667,,,
EGERIE S.A.,3146670.0,"Luxembourg, Luxembourg, Luxembourg, 22 Avenue De La Liberté",https://www.linkedin.com/company/egerie-s-a-,www.egeriesa.com,"EGERIE SA, fondé en 1988, est une société de service de droit luxembourgeois spécialisée dans le domaine IT et les Systèmes d'information. Nos domaines et segments d'activités sont les suivants: - Consultance 	Schéma directeur 	Elaboration de cahier des charges 	Accompagnement au changement 	Mise à niveau des SI 	Assistance à maîtrise d’ouvrage 	Système d’Information Géographique 	Informatique décisionnelle et Business Intelligence - Conception et Réalisation de Systèmes d’Information 	Régie 	Projet forfaitaire 	Maintenance et Suivi de Production - Progiciels et Produits standard 	Progiciel de gestion budgétaire 	Progiciel de Santé 	Simulation et Gestion de Risques : Plateforme Web ""CINDY"" de gestion des Risques et de la Qualité 	Progiciel d'aide au business développement, suivi et prospective de l’activité de l’entreprise - Formation 	Mise à niveau SI et Cahier des Charges 	Bases de données 	Conduite et Suivi de projet 	Risques Projets De par nos plateformes de développement et nos expériences Métiers, nous disposons de collaborateurs de formation Ingénieurs (Chefs de projet, Architectes, Analystes Programmeur) constituant des pools de compétence dans les différentes technologies IT du marché: - Système propriétaire type Mainframe (Cobol, CICS, DB2, ...) - Java, J2EE, Framwork Spring, Struts - PHP, Zend FrameWork - .Net (VB, C#, ASP.Net) - Delphi XE et versions antérieures - SGBD Oracle (PL/SQL), SQLServer (T/SQL), MySQL, SQLite, ... - Outils BI (SAP BO, ...)",Luxembourg,3.14667,,,
Inowatio,3146670.0,"Luxembourg, Luxembourg, Luxembourg, 6 Rue Henri Schnadt, 2530",https://www.linkedin.com/company/inowatio,www.inowatio.eu,"Si vous ne nous connaissez pas encore, INOWATIO est sans conteste LE référent sur le territoire luxembourgeois de ce que nous appelons  communément les ""machines à eau"". Nous sommes également présents en France et Belgique.  Notre concept consiste à connecter au réseau de distribution d'eau de la ville (à un robinet Schell dans votre habitation par exemple) des systèmes haut de gamme permettant de réfrigérer, de gazéifier et/ou de chauffer l'eau. Celle-ci est bien entendu filtrée en entrée de système afin de garantir la meilleure qualité gustative et bactérielle possible.  Nous avons des solutions pour tous les budgets et surtout pour toutes les catégories de clients.  Que vous soyez un privé, un professionnel, une entité étatique ou parastatale, une maison de retraite ou une collectivité, un restaurant ou un hôtel, n'hésitez pas à prendre contact avec nous à l'adresse inowatio@inowatio.eu afin que nous puissions définir avec vous vos besoins et vos envies, et pourquoi pas, organiser un essai.",Luxembourg,3.14667,,,
Chocolaterie Artisanale Genaveh,3078915.0,"Luxembourg, Steinfort, 52a Rue De Koerich, l-8417",https://www.linkedin.com/company/chocolaterie-genaveh,www.chocolaterie-genaveh.com,"Depuis 2005, la chocolaterie Genaveh se distingue par son savoir-faire artisanal d'exception, ses créations gourmandes et son ancrage local, 100% made in Luxembourg. Chaque chocolat est pensé pour offrir une expérience gourmande unique, en mariant l'héritage des traditions luxembourgeoises et une touche de modernité.   Sous la direction d'Alexandra Kahn depuis 2017, Genaveh continue d'innover tout en restant fidèle à ses racines. Nos créations reflètent à la fois le respect des techniques artisanales et une créativité audacieuse.   Fournisseur officiel de la Cour Grand-Ducale depuis 2022, nous nous engageons à offrir des chocolats de haute qualité, élaborés à partir d'ingrédients responsables et éthiques, sélectionnés avec soin.   Chez Genaveh, notre mission est simple : éveiller les sens avec des créations qui allient excellence et gourmandise tout en honorant la richesse du savoir-faire luxembourgeois.",Luxembourg,3.078915,,,
BizzTrack International,3061266.0,"Luxembourg, Luxembourg, Luxembourg, 128 Rue De Trèves, 2630",https://www.linkedin.com/company/bizztrack-international,www.bizztrack.eu,"Fort d'une expérience de plus de 10 ans dans les systèmes télématiques, et plus précisément en géolocalisation, et d'une expérience dans le service aux sociétés, nous avons créé la société Bizztrack International. Notre objectif est d'offrir à nos clients un matériel de précision, des prestations rigoureuses et le tout soutenu par une équipe professionnelle et serviable. Bizztrack International est située à Luxembourg et couvre toute l'Europe. Nos collaborateurs vous répondront en Français, Néerlandais, Anglais, Allemand et Espagnol. Notre matériel est placé dans de nombreux véhicules à travers toute l'Europe. Quel que soit votre besoin nous vous proposons la solution adaptée. Aujourd'hui, l'utilisation de systèmes télématiques est devenue pratique courante dans le monde. Elle permet de contrôler le déplacement de vos véhicules en temps réel, de sécuriser votre personnel et de diminuer vos coûts. Bien entendu, ce système offre davantage de solutions, telles que le contrôle de la chaine du froid en direct, le calcul des heures de conduite, l'enregistrement et les rapports de votre flotte de véhicules,? Un de nos conseillers vous aidera à trouver la proposition la plus adaptée à vos besoins. Plus besoin de serveur ou d'investissement lourd. Nos solutions sont 100% web. Seul un loyer mensuel ou trimestriel vous sera demandé.",Luxembourg,3.061266,,,
RHT S.à.r.l. - TRH,2697310.0,"Luxembourg, Weiswampach, 29 Gruuss Strooss, 9991",https://www.linkedin.com/company/rht-s.à.r.l.,www.rogerheinen.eu,"Wir sind ein mittelständiges Familienunternehmen und transportieren hauptsächlich flüssige Lebensmittel. Wir besitzen 42 Sattelzüge (Lebensmitteltank- und Planenzüge) und unsere Hauptbestimmungen sind BeNeLux, Deutschland, Frankreich, Italien, Spanien, Schweiz, Österreich, Polen, Tschechien, Großbritannien und Skandinavien. Unser Firmensitz wurde 2013 von Belgien (Eupen) nach Luxembourg verlagert, jedoch befinden sich der Fuhrpark (Transport Roger Heinen) und unsere Eftco-Lebensmitteltankreinigungsstation http://www.asro-clean.com immer noch in Eupen (Belgien), direkt am Dreiländereck (Belgien, Deutschland und Niederlande). Etant une entreprise familiale, nous sommes une PME disposant d’une flotte de 42 camions (citerne alimentaire et semi-remorque bachée). Notre spécialisation est le transport de produits alimentaires liquides. Nos routes habituelles sont le Benelux, l’Allemagne, la France, l’Italie, l’Espagne, la Suisse, l’Autriche, la Pologne, la Tchéquie, la Grande-Bretagne et la Scandinavie. 2013 nous avons transféré notre siège social vers le Luxembourg, mais notre gestion parc (Transport Roger Heinen) et notre propre station de lavage EFTCO http://www.asro-clean.com  resteront localisé à Eupen (Belgique) prêt du point trifrontière (Belgique, Allemagne et Pays-Bas). We are a midsize transport company dealing principally in liquid foodstuffs. We currently own 42  trucks (food tanks and tilt trailers) and our main destinations are BeNeLux, Germany,  France, Italy, Spain, Switzerland, Austria, Poland, Czech Republic, Great Britain and Scandinavia. 2013 we transferred our company site to Luxembourg. However, the fleet (Transport Roger Heinen) and the EFTCO cleaning station for food stuff tanks http://www.asro-clean.com   are still based in Eupen (Belgium), directly behind the border (Belgium, Germany and Netherlands).",Luxembourg,2.69731,,,
Office Régional Du Tourisme Région Mullerthal Petite Suisse Luxembourgeoise,2615600.0,"Luxembourg, Echternach, 6402",https://www.linkedin.com/company/office-régional-du-tourisme-région-mullerthal-–-petite-suisse-luxembourgeoise,www.mullerthal.lu,"Die Region Müllerthal – oder Mëllerdall auf  Luxemburgisch - wird auch noch die Kleine Luxemburger Schweiz genannt. Diesen Namen verdankt die Region ihrer Landschaft, die an die Schweiz erinnert. Die Region Müllerthal ist in erster Linie ein einzigartiges mit Felsen durchsetztes Biotop. Die Landschaft aus Sandsteinfelsen verdankt ihr eigentümliches Aussehen der über Jahrtausende wirkenden Erosion. Heute ist die Kleine Luxemburger Schweiz ein Anziehungspunkt für Touristen von nah und fern. _______________________________________ Souvent désigné comme la Petite Suisse Luxembourgeoise, la Région Mullerthal ou Mëllerdall en luxembourgeois – doit cette appellation à son paysage vallonné rappelant la Suisse. La Région Mullerthal, c'est avant tout un biotope exceptionnel marqué par des formations rocheuses assez surprenantes. C'est la composition de la roche et son érosion qui ont contribué à la création de ce paysage tellement typique de la Petite Suisse luxembourgeoise. _______________________________________ Often referred to as Luxembourg’s Little Switzerland, the Mullerthal Region - or Mëllerdall in Luxembourgish – owes its name to its hilly landscape reminiscent of Switzerland. The region is above all a unique biotope characterized by sandstoone rock formations which are as beguiling as surprising. It is the unique composition of the rock and soil erosion that have contributed to the creation of this landscape so typical for the region. Today, Luxembourg's Little Switzerland attracts tourists from near and far away. _______________________________________ De Regio Mullerthal – of Mëllerdall wordt vaak Luxemburgs Klein Zwitserland genoemd. Dat komt door het landschap rijk aan rotsen dat aan Zwitserland doet denken. De Regio Mullerthal is bovenal een uitzonderlijke biotoop gekenmerkt door ontzaglijke rotsformaties. De compositie van rotsen en hun erosie hebben het landschap  dat zo typisch is voor het Luxemburgs Klein Zwitserland geschapen.",Luxembourg,2.6156,,,
Strogoff Luxembourg,2517336.0,"Luxembourg, Luxembourg, Luxembourg",https://www.linkedin.com/company/strogoff-lux,strogoff-tartares.com,"Avec sa vue imprenable sur la Place de Paris et sa décoration unique, STROGOFF Luxembourg s'est imposé comme référence culinaire dans la Capitale.  Depuis 2017, nous éveillons vos papilles grâce une carte généreuse et nouvelle au fil des saisons. Nous proposons un large choix de plats de brasserie, de mets plus fins et les grands plats signatures de la cuisine italienne.  Notre spécialité ? Le tartare !  Une idée du cru que l'on retrouve tout aussi bien travaillé dans les entrées, les carpaccios et cévichés !  Nous travaillons la cohérence de nos plats. C'est pourquoi nous mettons un point d'honneur à la sélection de nos produits. Tous sont minutieusement choisis par notre Chef Italien, des producteurs locaux luxembourgeois aux produits en provenance d'Italie. Notre ligne de conduite, le fait maison !  Plus qu'un restaurant, STROGOFF Luxembourg c'est aussi un service ""Catering"". Notre chef et toute son équipe vous proposent de vous régaler pour tous vos évènements, qu'ils soient privés ou professionnels ; du petit-déjeuner au dîner.  Nous souhaitons faire de vos instants de vie des moments uniques, savoureux et sur-mesure.  Bonne dégustation !",Luxembourg,2.517336,,,
The Accounting Brothers,2509364.0,"Luxembourg, Luxembourg, Luxembourg, 19-25 Rue Des Capucins, l-1313",https://www.linkedin.com/company/the-accounting-brothers,acc-brothers.lu,"Née d'une association entre amis Experts-comptables formés au sein des grands cabinets d'audit et de conseil Luxembourgeois, The Accounting Brothers est un cabinet d'expert comptable qui offre un service personnalisé et de qualité à ses clients. Notre expertise vous permet de nous faire confiance pour: - votre comptabilité - vos salaires - votre fiscalité (impôts directs et indirects) - du contrôle de gestion - de la gestion de trésorerie - des services de domiciliation et ce n'est pas tout! Des questions? contactez-nous!",Luxembourg,2.509364,,,
Gusto Naturale,2368159.0,"Luxembourg, Schifflange, 100 Op Herbett, 3885",https://www.linkedin.com/company/gusto-naturale,www.gustonaturale.lu,"Le nouveau restaurant Gusto Naturale et son épicerie fine vous attend à Schifflange dans un décor intérieur cosy très recherché. Fort d’une équipe jeune et dynamique, ce nouveau concept propose une forme différente du plaisir culinaire italien au Luxembourg. Le tempo est donné : un accueil chaleureux, un service charmant et professionnel, une carte aux suggestions raffinées et actualisée tous les mois, un délicieux menu business, sans oublier de succulents cocktails revisités, une carte des vins recherchée… Le Chef d’orchestre italien, Marc, vrai passionné et fort de son expérience de la cuisine gastronomique du Tirol, a importé à Luxembourg chez Gusto Naturale tout son savoir-faire et ses secrets de recettes du nord de l’Italie. Le maître mot de Marc : la qualité et le raffinement au service de l’éveil de vos papilles. Pour se faire, tous les ingrédients issus du terroir luxembourgeois ou du nord de l’Italie sont minutieusement sélectionnés et préparés avec passion autour d’une obsession : la qualité et les saveurs. Mais avant de repartir de cet écrin gastronomique, on ne manquera pas de passer par l’épicerie fine. Les étagères y regorgent d’huiles savoureuses, vinaigres variés, bocaux de spécialités tiroliennes, sauces savoureuses, café et douceurs italiennes. De quoi se concocter de bons petits plats à la maison. A moins que vous ne préfériez emporter quelques suggestions de pâtes fraiches faites maison, de charcuterie et fromages italiens. Que ce soit pour un déjeuner professionnel, un dîner romantique, un afterwork entre collègues où y organiser votre fête privée (jusqu’à 80 personnes) toute l’équipe de Gusto Naturale mettra les petits plats dans les grands pour faire de ce moment un ricordo indimenticabile !",Luxembourg,2.368159,,,
Centre Européen Des Consommateurs Luxembourg,2341050.0,"Luxembourg, Luxembourg, Luxembourg, 271 Route D'arlon, l-1150",https://www.linkedin.com/company/cec-luxembourg,cecluxembourg.lu,"Le Centre Européen des Consommateurs GIE Luxembourg (CEC Luxembourg) offre une assistance gratuite aux consommateurs en matière de droit européen de la consommation.  *** Le CEC Luxembourg fait partie d’un réseau de 29 Centres Européens des Consommateurs dans l’Union européenne, ainsi qu’en Islande et en Norvège (European Consumer Centres Network – ECC-Net).  *** Le CEC Luxembourg est soutenu financièrement par la Commission européenne, le Gouvernement luxembourgeois, ainsi que par l’Union Luxembourgeoise des Consommateurs (ULC).",Luxembourg,2.34105,,,
SunDays Travel,2290464.0,"Luxembourg, Luxembourg, Luxembourg, 17 Av Emile Reuter, 2420",https://www.linkedin.com/company/sundays-travel,www.sundaystravel.lu,"All SunDays Travel's agents are at your service to answer all your questions, offer you personalized advice and help you find the trip that best suits your needs. Our agents know their business and are here to help you with your choices. You will receive expert advice related to your ad-hoc holidays. Spend some quality holidays with our travel agency SunDays SA Travel: Holidays, Tours, Cruises, Wellness, Car Rentals, Flights, Hotels and Weekends ...",Luxembourg,2.290464,,,
Athena Luxembourg SA,2288398.0,"Luxembourg, Bertrange, 29 Rue De Luxembourg, l-8077",https://www.linkedin.com/company/athena-luxembourg-sa,www.athena-luxembourg.com,"Fondé en 2008, ATHENA est une compagnie privée indépendante de droit Luxembourgeois dans le secteur IT. ATHENA intervient pour ses clients sur le marché de la grande région Luxembourgeoise. La Pro-activité, la flexibilité et l'efficacité sont les valeurs d’ATHENA.  La formation de nos collaborateurs est le moyen de suivre les évolutions technologiques de nos clients afin de pouvoir répondre  à leurs besoins. Notre cible : le succès de votre IT - projets, développements, production, entretien, aide/helpdesk,…  Nos moyens : écoute, analyse et à réponse proportionnée à vos conditions en ressource IT. Notre philosophie : Notre signature est un engagement, et nos partenariats sont construit avec un esprit gagnant-gagnant. Grâce à un service clientèle de qualité, nous avons réussi à nous établir sur un marché très disputé.  Nous savons faire la différence, nos clients la reconnaissent.",Luxembourg,2.288398,,,
SII Luxembourg,2288398.0,"Luxembourg, Luxembourg, Luxembourg, 5 Place De La Gare, 1616",https://www.linkedin.com/company/sii-luxembourg,sii-group.com,"Le groupe SII est une société d'ingénierie et de conseils en technologies (ICT) et une entreprise de services numériques (ESN) créée par Bernard Huvé, ingénieur de formation. Nous accompagnons nos clients, grands comptes, PME, start-ups et intervenons dans des secteurs variés : Aéronautique, Défense, Télécoms et Médias, Banque et Assurance, Services, Electronique, Energie, Tourisme et Transport, Automobile, Santé, Commerce et Distribution, Sécurité.  Notre positionnement hybride autour du Conseil en Technologies et des Services Numériques, nous permet d’accompagner les grands groupes de tous les secteurs économiques, dans l’intégration des nouvelles technologies et des méthodes de management de l’innovation. Notre mission : faire évoluer les systèmes d’information et contribuer à la conception et au développement des futurs produits ou services de nos clients ! En avril 2023, nous créons notre nouvelle implantation au Luxembourg. En lançant cette nouvelle implantation, l’objectif du groupe SII, déjà solidement implanté dans le secteur numérique français et international, est de continuer à déployer son leadership européen et à développer sa présence internationale auprès de ses clients stratégiques.  L'activité s’orientera naturellement vers des clients du secteur banque et finance, mais également issus du domaine industriel et tertiaire, à l’image du positionnement diversifié du Groupe. « Nous mobilisons nos compétences techniques et fonctionnelles pour répondre de manière optimale aux besoins locaux de nos clients. Pour ce nouveau pays, nous nous concentrerons sur les métiers du développement applicatif, de l'expertise Cloud, des systèmes et pratiques DevOps, ainsi que du conseil métier » précise Mathieu Fischer, Directeur de SII Strasbourg et pilote de l’implantation luxembourgeoise.",Luxembourg,2.288398,,,
Evoila Luxembourg,1830718.0,Luxembourg,https://www.linkedin.com/company/10414568,www.evoila.com,"evoila Luxembourg ist ein international tätiges IT-Dienstleistungsunternehmen mit Hauptsitz in Luxemburg. Gegründet im Jahr 2015, ist es heute Teil der evoila-Gruppe und in mehreren Ländern aktiv, darunter Deutschland, Österreich, Bosnien-Herzegowina, der Slowakei, Polen, Schweiz, Kroatien, Spanien und Italien. Mit über 480 qualifizierten IT-Mitarbeitenden, zählt evoila zu den führenden IT-Anbietern in Europa. Das Unternehmen bietet umfassende und individuell anpassbare IT-Lösungen in den Bereichen Cloud-Computing, IT-Sicherheit, Anwendungsentwicklung, Datenanalyse und digitaler Arbeitsplatz. Zum Portfolio zählen unter anderem die Entwicklung moderner Web- und Mobile-Anwendungen, die Planung und Verwaltung von Cloud-Infrastrukturen, hybride Arbeitsumgebungen mit Microsoft 365 sowie Sicherheitslösungen wie Zero-Trust-Architekturen, Penetration Testing, Identity & Access Management und Endpoint-Security. Im Bereich Managed Services übernimmt evoila den vollständigen IT-Betrieb: mit 24/7-Support, Helpdesk-Leistungen, Monitoring, Patch-Management, Automatisierung sowie Backup- und Disaster-Recovery-Systemen. Ergänzt wird das Angebot durch datenbasierte Strategieberatung, Business Intelligence, Machine Learning und Prozessoptimierung. Das Unternehmen ist nach führenden Standards zertifiziert, darunter ISO 27001, ISO 9001, ISAE 3402, BSI C5, TISAX, SOC 2 Typ 2, ITIL und erfüllt die Vorgaben der EU-DSGVO. Besondere Expertise besteht im Microsoft-365-Umfeld mit Leistungen wie technischer Support, Schulungen, Prozessberatung sowie Entwicklung individueller SharePoint-Workflows und Power-Automate-Lösungen. evoila betreut Kund:innen aus verschiedensten Branchen, wie etwa Automobil, Industrie, Energie, öffentlicher Sektor, Finanzen, Telekommunikation, Logistik und Gesundheitswesen, mit passgenauen und branchenspezifischen Lösungen. Wenn dies Ihr Interesse geweckt hat, zögern Sie nicht und melden Sie sich bei uns, wir sind gerne für Sie da.",Luxembourg,1.830718,,,
SAP User Group Luxembourg,1530633.0,"Luxembourg, Fedil, 7 Rue Alcide De Gasperi, l-1615",https://www.linkedin.com/company/sap-user-group-luxembourg,www.sapusergroup.lu,"The Luxembourg SAP User Group regroups all Luxembourg companies using SAP. One can find international groups as well as SMEs, actors from the public sector or the industry, the health care, transportation and logistics (e.g. Arcelor-Mittal, Chamber of Commerce, SES, Cactus, Luxair, Cargolux, PTT, Etat luxembourgeois, CHL,..). Created in 2006, this working group which forms part of the FEDIL  has as mission to share project experience between different SAP users, to detect and address local specific requirements towards SAP.",Luxembourg,1.530633,,,
M.I.G. Barblé Sàrl,1515231.0,"Luxembourg, Sandweiler, l-5280",https://www.linkedin.com/company/mig-barble-sarl,www.mig-online.lu,"Depuis 1997, la société MIG S.àr.l. est la fusion de deux entreprises luxembourgeoises, BARBLE S.A. fondée en 1901 et Ateliers Charles Kremer fondée en 1936. Elle est le professionnel de l'industrie au Luxembourg dans la conception, la fabrication innovante et l'installation sur site de cuves et de réservoirs de stockage de liquides de grande capacité. Elle possède un atelier de chaudronnerie, de mécano-soudure, de tôlerie fine, de façonnage des métaux et de préfabrication de tuyauterie industrielle. La société conçoit et fabrique des produits répondant aux normes internationales en vigueur (ASTM, EN, DIN). Sa flexibilité lui permet de satisfaire, dans des délais raisonnables, tous vos besoins d'innovation dans différents secteurs chimiques, gaziers et alimentaires. Le pragmatisme de notre équipe nous permet de répondre aux prescriptions les plus strictes de votre projet, d'atteindre et de dépasser vos objectifs depuis sa conception jusqu'à son installation et sa mise en service. Notre clientèle est composée d'organismes gouvernementaux, d'exploitants de pétrole et de gaz, d'autorités d'aviation (CARGOLUX, LUXAIR), des principales sociétés internationales installées au Luxembourg, des syndicats des eaux, des municipalités ainsi qu'une clientèle privée. MIG S.àr.l a aussi le privilège d'être le sous-traitant officiel (maintenance & construction) de DuPont de Nemours (Luxembourg). L'atelier est certifié pour les travaux de soudage suivant la norme EN ISO 3834-3, possède de nombreuses licences de soudage et de qualifications de procédés de soudage. Toutes nos prestations répondent à un programme d'assurance qualité suivant l'exigence de la norme EN 1090. Afin de répondre au mieux à vos besoins, MIG Sàrl est dotée en amont de logiciels de dessins en 3D et en 2D et d'un logiciel de calculs d'éléments finis. Toutes nos réalisations peuvent être contrôlées (CND et CD) par un institut d'accréditation luxembourgeois. L'atelier de production est équipé de machines adéquates",Luxembourg,1.515231,,,
Rent Me Luxembourg,1489183.0,"Luxembourg, Contern, 23e Rue Edmond Reuter, l-5326",https://www.linkedin.com/company/rent-me-luxembourg,rentme.lu,"The company RentMe was born in 2006 from the conviction that there was still a place to take on the car rental market in Luxembourg. With a range of attractively priced products, a dynamic team always attentive to its customers, vehicles strictly controlled on return and a recent fleet of more than 250 vehicles, RentMe is certainly the key address in the field. The US company Enterprise Rent-A-Car, via three franchised brands managed by RentMe S.A., opened new car rental locations in the Grand Duchy on 1 January 2016. It has created three new franchises Enterprise Rent A Car, National Car Rental and Alamo Rent A Car. All three brands have shared counters at Findel Airport and Luxembourg-Hamm. RentMe is a family-owned car rental company that has been active in the Luxembourg market for almost 15 years. Over the last seven years, Enterprise Holdings has expanded rapidly with the presence of its Enterprise Rent A Car, National Car Rental and Alamo Rent A Car franchises in Europe and the Middle East. In 2012, Enterprise Holdings was only present in three European countries - the United Kingdom, Ireland and Germany. Today, the company is present in all countries throughout Europe and the Middle East. Enterprise Holdings is operational in more than 70 countries and territories around the world.",Luxembourg,1.489183,,,
RISHON FILMS,1372554.0,"Luxembourg, Luxembourg, Luxembourg, 1450",https://www.linkedin.com/company/rishon-films,www.rishon.eu,"RISHON FILMS est une société de production luxembourgeoise créée en 2008 avec l’ambition de produire depuis Luxembourg des films d’auteurs & de genre, des documentaires et des séries TV de très haute qualité pour un public local & international.  Filmographie  ""Biographie d'un Artiste Eternel"",  est un film-documentaire en cours de développement, écrit et à réaliser par le réalisateur Jossy Mayor. Ce projet sur l'impact de l'intelligence artificielle a récemment obtenu l'Aide Financière Sélective pour le développement du Film Fund Luxembourg. - ""Crise et Chuchotements"", film documentaire long métrage, qui a eu une sortie en salles de cinéma luxembourgeoises en 2022.  Nominé dans la catégorie de meilleurs films documentaires luxembourgeois pour le prochain Filmpreis 2023.",Luxembourg,1.372554,,,
Connexims - Letz Be Healthy,1258668.0,"Luxembourg, Eischen, 25 Rue De Waltzing",https://www.linkedin.com/company/connexims,www.connexims.lu,Editeur du magazine santé 100% luxembourgeois Letz be healthy N'hésitez pas à nous contacter! Pascale Leblon - Business Manager pleblon@connexims.lu - +352 691 22 99 22,Luxembourg,1.258668,,,
Luxiel Technologies,1258668.0,"Luxembourg, Livange, 1 Rue De Turi, 3378",https://www.linkedin.com/company/luxieltechnologies,www.luxiel.lu,"Filiale du Groupe Audensiel, société de consulting internationale et multi-spécialiste avec des structures dédiées respectivement à la Finance, l'Informatique Scientifique et Technique, la Santé et la Transformation Digitale. Luxiel Technologies a été créée dans le but d'apporter nos expertises métiers et IT à nos clients Luxembourgeois. Le groupe AUDENSIEL est avant tout une aventure humaine et se différencie par le recrutement de collaborateurs performants et passionnés issus de grandes écoles et universités. Des tests techniques, des tests fonctionnels, d'aptitudes et linguistiques permettent de sélectionner les meilleurs talents. Le facteur humain est au cœur de notre projet d’entreprise et le savoir-faire fédéré autour de nos talents porte les valeurs et l’image de notre Groupe.",Luxembourg,1.258668,,,
CoSec,1254682.0,"Luxembourg, Luxembourg, Luxembourg, 25a Boulevard Royal, l-2449",https://www.linkedin.com/company/cosec-corporate-secretary,www.cosec.lu,"Do you need a specialised advisory service in Corporate Governance and Company Secretary? CoSec has expertised and experienced staff, accredited Secretary by ILA (Institut Luxembourgeois des Administrateurs), who can deliver support for Board Effectiveness, Companies’ Governance and Risk Control Environment. Our Corporate Governance experts can provide to companies: - Consultations - Reviews of corporate documentation (e.g., articles of incorporation, by-laws, policies and procedures etc.) - Preparation of corporate documents based on the best practices compliant with local laws - Corporate governance assessments and improvement solutions - Personalised board training. Please contact info@cosec.lu for more information.",Luxembourg,1.254682,,,
EH Management Group Sàrl,1163679.0,"Luxembourg, Strassen, 321 Route D'arlon, l-8011",https://www.linkedin.com/company/hkmimmo,www.hkm-immo.lu,"EH Management Group Sàrl est une société de premier plan sur le marché Luxembourgeois.  Nous fournissons un service complet et personnalisé pour répondre aux besoins de nos clients, dans les secteurs administratifs telle que la comptabilité, la fiscalité, le conseil, la gérance d'entreprise à titre indépendant mais aussi dans le domaine de la construction et rénovation. Toute une équipe d'expert à votre écoute!",Luxembourg,1.163679,,,
Allpack Services,1163679.0,"Luxembourg, Wiltz, 25 Salzbaach, 9559",https://www.linkedin.com/company/allpack-services,www.allpackservices.lu,"Fondée en 2001, AllPack Services (Groupe ALIPA) est un leader dans le domaine de l'emballage industriel, du conditionnement, du transfert industriel, de la containérisation et de la manutention de produits lourds, volumineux, fragiles et/ou dangereux. Nous offrons des services complets d'emballage sur-mesure pour tous les types d'envois par air, terre ou mer, que ce soit ponctuels ou permanents, réalisés dans nos locaux ou sur site chez nos clients et/ou leurs fournisseurs/sous-traitants. Certifiée ISO 9001 pour l'amélioration continue de la Qualité, RSE pour la Responsabilité Sociale des Entreprises, ISO 14001 pour la minimisation de l'impact environnemental, ISO 27001 pour la fiabilité des processus en matière de cybersécurité, et PEFC pour l'utilisation de bois issus de forêts gérées durablement, nous nous engageons envers l'excellence et la durabilité. ✅ Fièrement labellisée ""Made in Luxembourg"" et membre du MLQE (Mouvement luxembourgeois pour la Qualité et l'Excellence), nous sommes reconnus comme un partenaire fiable du commerce international par les autorités douanières. De plus, nous sommes certifiés AEO ""Opérateur Économique Agréé"" depuis janvier 2015, témoignant ainsi de notre engagement envers la sécurité et la conformité dans nos opérations. 👉 La société AllPack Services travaille en étroite collaboration avec sa société sœur de Liège (Belgique) : WaluPack Services. Les deux sociétés emploient une vingtaine de collaborateurs dont certains ont plus de 20 ans d’expérience dans le métier d’emballeur industriel et réalisent un chiffre d’affaires consolidé de 3.000.000 €.",Luxembourg,1.163679,,,
SEBELUX SARL,1144581.0,Luxembourg,https://www.linkedin.com/company/sebelux-s-rl,www.sebelux.com,Société de droit luxembourgeois.,Luxembourg,1.144581,,,
TRUSTIA PARTNERS,1020422.0,"Luxembourg, Luxembourg, Luxembourg, 38 Bd. Napoléon 1er",https://www.linkedin.com/company/4982131,www.trustiapartners.lu,"TRUSTIA PARTNERS GROUP met son expertise et son savoir faire à votre service dans les domaines suivants: - FORMATION intra et inter entreprise, COACHING PROFESSIONNEL via TRUSTIA ACADEMY dont la mission est de former, accompagner, épauler vos équipes dans le maintien de la performance responsable, durable et éthique. Nous pensons que dans un monde complexe et changeant, les compétences essentielles d'un manager et d'un leader actuel relèvent davantage de l’intelligence situationnelle et relationnelle que des connaissances techniques. Nous vous proposons de vous accompagner grâce à nos programmes qui sont une invitation à la connaissance et au dépassement de soi, au ""bien travailler"" ensemble et à la réussite et à la performance de l’organisation entière dans le temps. Conscients des enjeux spécifiques du domaine de la santé et de l'aide à la personne, nous avons développé des programmes à destination de ces personnels en collaboration avec des professionnels issus de ces secteurs. - COACHING et FORMATIONS pour particuliers vis APTNESS COACHING dont la mission est d'accompagner et d'épauler les personnes qui ont choisi d'entreprendre un parcours de développement personnel ou qui se trouvent en situation de transition professionnelle. Nous accompagnons nos clients pour leur permettre d'atteindre leurs objectifs personnels ou professionnels et les aider à (re) devenir maître de leur destin. Nos interventions peuvent être assurées en français, anglais, allemand, Luxembourgeois, portugais et italien. - CONSULTING via TPC CONSEIL qui est spécialisé dans le conseil en entreprise et qui intervient au stade:        - de la réalisation d’un projet        - de la création d’entreprise        - de la revue et de l'amélioration du fonctionnement de l’entreprise",Luxembourg,1.020422,,,
NeoWitan,1020422.0,"Luxembourg, Kleinbettingen Steinfort, 39 Rue De Kahler, l-8378",https://www.linkedin.com/company/neowitan,www.neowitan.com,"Depuis plus d’une décennie, neoWitan apporte à ses clients, les conseils et services nécessaires à leurs stratégies, leur organisation et leur management. Qui sommes-nous ? Le mot « Witan » a plusieurs origines. En vieil anglais, il remonte entre les VIIème et Xième siècles et signifie la « connaissance ou la sagesse ». Aux côtés du Roi, les Witans conseillaient sur l’administration et l’organisation du royaume. En vieux francique il est à l’origine du mot « guider ».  A ce jour, dans un monde en constante évolution, chaque entreprise est confrontée à une transformation importante de son métier et de son organisation. L’informatique essentielle à la réalisation de ses objectifs doit accompagner la société à intégrer ses nouveaux besoins et réussir la conduite du changement. Tout ceci en tenant compte des contraintes exogènes comme le changement constant des nouvelles technologies de plus en plus innovantes et la transformation digitale. Souhaitant apporter une nouvelle approche, (« neo », provenant du grec ancien néos « nouveau ») plus globale à l’accompagnement de conseils dans l’organisation et dans l’optimisation stratégique métier des systèmes d’information, la société neoWitan est créée en 2010 au Grand-Duché de Luxembourg pour être à votre service. Notre engagement est de proposer ou de recruter des profils expérimentés dotés d’une double compétence : IT et Business et cela nous permet de conseiller aussi bien la direction générale et métier que la direction des systèmes d’information. Pour en savoir plus, veuillez consulter notre site web…",Luxembourg,1.020422,,,
Sthas Immat,1012384.0,"Luxembourg, Hellange, l-3333",https://www.linkedin.com/company/sthas-immat,www.sthas-immat.com,"Que vous soyez propriétaires de votre véhicule ou que vous envisagiez un prochain achat, nous vous proposons une solution simple pour immatriculer votre voiture au Luxembourg.  Cette solution présente de nombreux avantages et pourra vous faire économiser jusqu'à 50.000€ ! Nous sommes une petite équipe, avant tout passionnée d’automobile et spécialisée dans l’immatriculation de véhicules au Luxembourg.  Nous travaillons également avec une équipe de juristes luxembourgeois afin de vous offrir la prestation la plus complète possible.",Luxembourg,1.012384,,,
NAKOfx,1001148.0,"Luxembourg, Kehlen, 25-27 Zone Industrielle, 8287",https://www.linkedin.com/company/nakofx,www.nakofx.lu,"We are a VFX and 3D animation boutique placed in Luxembourg / Central Europe. NAKOfx est un studio luxembourgeois d’effets visuels et d’animation 3D. La structure a été créée par Raoul Nadalet et Claude Kongs suite à une collaboration fructueuse depuis des années. Le know how de la post production s’est ainsi marié avec l’infographie 3D de pointe. En 2012 nous nous sommes vu confier les longs-métrages suivants: J’enrage de son absence / Sandrine Bonnaire La symétrie du papillon / Paul Scheuer Mobile Home / François Pirrot Tip Top / Serge Bozon Hannah Arendt / Margaretha von Trotta Love Ethernal / Brendan Muldovney Comme un homme / Safy Nebbou Möbius / Eric Rochant ainsi que plusieurs courts-métrages. Notre philosophie se résume autour des mots-clés suivants: défis, motivation, créativité, précision, proximité. Avec nos artistes nationaux et internationaux nous sommes en mesure de proposer une équipe de spécialistes adaptée aux besoins de chaque production. Basé sur le savoir faire artistique et technique nous accompagnons nos clients dès la pré-production pour ainsi prendre ensemble les choix les plus adaptés aux projets. Notre pipeline haut de gamme est construit autour d’outils “state of the art” et mis à jour constamment. Nous disposons également, à travers notre partenariat avec espera productions, de moyens de visionnage en condition cinéma. Ce “workflow” intégré nous permet de donner vie aux projets en laissant la place à la créativité.",Luxembourg,1.001148,,,
Kumkuat SA,915036.0,Luxembourg,https://www.linkedin.com/company/kumkuat-sa,www.kumkuat.com,kumkuat a pour principale mission d’aider les commerçants luxembourgeois à vendre leurs produits en ligne en leur proposant une solution clef-en-main.,Luxembourg,0.915036,,,
Maison E. SCHROEDER Sàrl,903257.0,"Luxembourg, Leudelange, Rue Nicolas Brosius, l-3372",https://www.linkedin.com/company/maison-e.-schroeder-sàrl,maisonschroeder.lu,"Forte de plus de 130 ans d’histoire, Maison E. Schroeder s’impose comme une référence incontournable dans le domaine de la distribution de produits énergétiques au Luxembourg et dans ses régions frontalières. Fondée en 1894, cette entreprise familiale n’a cessé d’évoluer avec son temps, tout en conservant les valeurs qui font sa renommée : la proximité, la rigueur, l’expertise et la qualité du service. Spécialisée dans la fourniture de mazout, de pellets de bois de haute qualité, d’AdBlue, ainsi que d’une large gamme de lubrifiants industriels et automobiles, Maison E. Schroeder répond avec réactivité et précision aux besoins d’une clientèle diversifiée : particuliers, entreprises, collectivités et exploitations agricoles. Ce qui distingue la Maison E. Schroeder, c’est avant tout sa maîtrise du métier, son ancrage local solide et sa volonté constante d’innover pour accompagner la transition énergétique. Grâce à une logistique performante, un personnel hautement qualifié et une relation client fondée sur la confiance et la transparence, elle s’est bâtie une réputation d’excellence et de fiabilité dans tout le territoire luxembourgeois et au-delà. Aujourd’hui, l’entreprise continue d’écrire son histoire en s’adaptant aux défis énergétiques du 21e siècle, avec pour ambition de proposer des solutions responsables, durables et efficientes, tout en conservant l’esprit de service qui fait sa force depuis plus d’un siècle.",Luxembourg,0.903257,,,
Rêv'extérieur,879690.0,"Luxembourg, Howald, 272 Route De Thionville, 5884",https://www.linkedin.com/company/revexterieur,www.revexterieur.lu,"🔍Vous souhaitez en savoir plus ? 👇 Toute l’équipe de Rêv’extérieur est à votre écoute afin de vous conseiller pour l’ensemble de vos projets wellness et d’aménagement intérieur/extérieur. Que vous soyez particulier ou professionnel, l’équipe Rêv’extérieur sera créer le projet à votre démesure.  ▁ ▁ ▁ Grâce à vous … et à votre confiance :   • Nous sommes installé au cœur du Luxembourg, à Howald 🎯 • Nous équipons plus d’une centaine de foyers par an ❤️ • Nous disposons d’un showroom de 300m2 où sont exposé l’ensemble de nos modèles 💧 🛀 ▁ ▁ ▁ Ce que nous faisons : Rêv’extérieur est spécialisé dans l’aménagement d’espace bien être. Découvrez, nos différents produits hauts de gamme et sur-mesure : spa, piscine, sauna, infrarouge et hammam. Nous avons été sélectionnés par de grandes enseignes afin de les représenter en exclusivité sur le Grand-duché :  -	Villeroy & Boch : spa haut de gamme aux innovations sans équivalent. -	Softub : Spa à la technologie unique et au confort exceptionnel -	Be well : Spa canadien dont l’ergonomie et une puissance de massage ne vous laisseront pas indiffèrent -	Le Bassin Français : Optez pour nos piscines en métal. Soyez prêt à plonger ! -	Carmenta : fabricant italien incontournable de cabines wellness de luxe  ▁ ▁ ▁ Pourquoi contacter Rév’extérieur ? 👨💼 1 seul interlocuteur : Nous sommes en mesure de vous accompagner de l’amont du projet à l’aval grâce à notre service après-vente. 📝 Bureau d’étude : Tout est réalisable : projets sur-mesure, en rénovation comme en projet de construction, en intérieur comme en extérieur : maisons, résidences, penthouses, hôtels, etc…  🗝️ Solution clef en main : Nous effectuons nous-même l’installation et travaux d’aménagement. ▁ ▁ ▁ Un projet ? Nous sommes là pour le réaliser ! Contactez nous :  📱 +352 277 602 40 📧 contact@revexterieur.lu",Luxembourg,0.87969,,,
The Happy Few - Crèche,778418.0,"Luxembourg, Hesperange, 3 Rue Dr. Théodore Urbain, 5893",https://www.linkedin.com/company/the-happy-few-crèche,www.thehappyfew.lu,"Notre équipe de professionnelles accueille un nombre très limité d’enfants pour un accompagnement personnalisé au sein d’un cadre familial et bienveillant. Nous plaçons votre enfant au cœur de nos préoccupations, nous respectons son rythme et ses besoins. Nous lui proposons une alimentation saine, équilibrée et biologique, établie par une diététicienne professionnelle. Les produits d’hygiène corporelle que nous utilisons sont également labellisés « Bio ».  Nos produits d’entretien sont écologiques afin d’allier propreté des espaces de vie et respect de la santé des tout-petits. Inspirées des pédagogies établies par Maria Montessori et Emmi Pikler, les activités que nous proposons aux enfants permettent de développer tous leurs sens dans un cadre stable, sécurisant et stimulant. Dès que la météo le permet, nous sortons profiter des espaces verts, à la découverte de la nature (aménagement de potagers et présence de nichoirs dans notre grand jardin). Nous sommes ouverts toute l’année, du lundi au vendredi de 7h à 19h, excepté les jours fériés luxembourgeois.  Nous nous situons dans un quartier très calme où vous pourrez déposer et rechercher votre enfant en toute tranquillité grâce aux nombreuses places de stationnement.",Luxembourg,0.778418,,,
ILagnide SàRL,769466.0,"Luxembourg, Mamer, 3 Rue Klengliller, l-8239",https://www.linkedin.com/company/ilagnide-sàrl,www.ilagnide.com,"Société de droit luxembourgeois, créée en 2004. Depuis sa création, l'entreprise a mis un point d'honneur à développer des produits de très grande qualité alliant saveur, bien-être et nature, autour de la saveur hibiscus.",Luxembourg,0.769466,,,
Smart Sight Marketing,767719.0,Luxembourg,https://www.linkedin.com/company/smartsightmarketing,www.smartsightmarketing.com,"SEM and Social Media Marketing company located in Bertrange. We are a young, energetic, artsy - The team next door!  Our passion is to help SMEs succeed through social media marketing, Search Engine Marketing , Video Marketing, Email Marketing , Web & Graphic Design. We Manage - We Advise  - We Create  Our values: - Dedication  - Empathy  - Reliability  - Reactivity  - Availability  Do not hesitate to schedule a free consultation to discuss your needs!  Nous parlons français aussi. Contactez-nous sans hésiter pour avoir une consultation gratuite! Discutons de vos besoins en marketing digitale autour d'un café!",Luxembourg,0.767719,,,
Izifac,757615.0,"Luxembourg, Libin, 6890",https://www.linkedin.com/company/izifac,izifac.com,"Le nom Izifac a été choisi pour définir la société. La première partie, « izi », vient du mot anglais « easy » qui signifie facile. Le « fac », quant à lui, vient du mot anglais « factory » qui signifie « usine/entreprise ». Les produits et services proposées sont des guides qui vont vous permettre, au travers de plans et d’explications, de réaliser facilement (« izi ») des projets qui n’ont pas à rougir face aux produits du commerce (« fac »). Vous l’aurez compris, l’objectif premier de Izifac et de rendre le monde des makers accessible à tous !",Luxembourg,0.757615,,,
SWITCHON,754437.0,Luxembourg,https://www.linkedin.com/company/switchon,www.switchon.lu,"SWITCH ON est un portail de services aux entreprises. Pour tout projet d’implantation au Luxembourg, de déménagement, de développement, ou tout autre projet, vous trouverez très probablement une solution auprès de Switch On. Switch On vous propose les meilleurs professionnels du marché Luxembourgeois et les coordonne dans le cadre de votre projet: une offre groupée, un interlocuteur unique et des délais respectés pour le succès de votre projet. Switch On, c'est l'efficacité du réseau de compétences alliée à la performance des experts.",Luxembourg,0.754437,,,
Hertz Luxembourg sarl,687762.0,"Luxembourg, Luxembourg, Luxembourg",https://www.linkedin.com/company/hertzluxembourgsarl,www.hertz.lu,"Hertz is the world's largest general use car rental company, operating from over 10,300 corporate locations in 150 countries worldwide. Hertz is in its 94th year of delivering quality car rental solutions to leisure and corporate customers.  Product and service innovations such as Hertz Gold Plus Rewards, Worldwide Online Check-in, specially designed NeverLost® satellite navigation systems, and unique cars offered through the company’s Prestige, Family, Fun, Green and Dream Collections, set Hertz apart from the competition. For more information please go to www.hertz.lu",Luxembourg,0.687762,,,
HCL Luxembourg Sàrl,681481.0,Luxembourg,https://www.linkedin.com/company/hcl-luxembourg-s-rl-budget-,www.budget.lu,"Budget rent a car is Luxembourgs largest short-term car rental operator with 450 cars on fleet and 4 offices.   We offer B2B and B2C car rental service, from 1 day up to several months, from small cars over 7 and 9 seaters to vans.  Budget luxembourg is a franchise of the Budget rent a car system, one of the 3 global players in the car rental industry",Luxembourg,0.681481,,,
Lux Cars Leasing,629334.0,"Luxembourg, Remich Luxembourg, 1a Route De Lâ´europe",https://www.linkedin.com/company/lux-cars-leasing,www.luxcarsleasing.com,"Established in 2011 in Luxembourg, Lux Cars leasing is fast growing automotive company specialised  in leasing,  car rental and sales of luxury cars. As a family owned company we tend to treat every customer as part of the family. Building personal relationships. Looking out for your interests and needs. In today's automotive market we aim to get you the best available offers to an optimum satisfaction.",Luxembourg,0.629334,,,
Fédération C@fil,629334.0,"Luxembourg, Luxembourg, Luxembourg, 7 Rue Alcide De Gasperi, l-1615",https://www.linkedin.com/company/cafil,www.cafil.eu,"Un réseau d'experts luxembourgeois, français et belges qui défendent les services destinés aux PME basés sur des méthodes, des techniques ou des outils de management stratégique ou opérationnel validés par la c@fil. Nos objectifs : • construire une référence de confiance en services pour les PME, les fournisseurs de services, les financeurs, les partenaires institutionnels et les autres métiers du conseil • apporter à nos membres des opportunités de croissance • proposer des méthodes de qualité, innovantes, évolutives et adaptées aux besoins des PME • disposer d’un cadre favorisant la coopération et l’échange d’expériences • faire croître et pérenniser le réseau",Luxembourg,0.629334,,,
SUPER-ETTE,629334.0,"Luxembourg, Luxembourg, Luxembourg",https://www.linkedin.com/company/super-ette,www.super-ette.com,"EN: super–ette. From the Latin supera, above,  and –ette, a French diminutive, super–ette is a super heroine in  the world of contemporary furniture. Founded in 2010, super–ette produces furniture and objects featuring prominent design, radical points of view, poetic form and quality European finishes. In 2012, alongside its usual collection, with the ‘Love me tender’ chair by Didier Faustino super–ette launched a collection of limited edition pieces for its special projects called ‘Special’. FR: super–ette. Du latin supera, au-dessus,  et –ette, diminutif français, super–ette est une super héroïne du mobilier contemporain. Fondée en 2010, super–ette édite des meubles et des objets réunis par l’évidence du design,  la radicalité des points de vue, la poésie des formes et la qualité des finitions made in Europe. En 2012, en marge de sa collection habituelle, super–ette a inauguré avec la Chaise «Love me tender» de Didier Faustino une collection de pièces en série limitée pour ses projets hors du commun intitulée «Special».",Luxembourg,0.629334,,,
Réseau Luxembourgeois Des Centres Culturels Régionaux,553213.0,"Luxembourg, Esch-sur-alzette, Esch/alzette, 116 Rue De Luxembourg, l-4221",https://www.linkedin.com/company/reseau-lu,www.reseau.lu,"Le Réseau Luxembourgeois des Centres Culturels Régionaux réunit les centres culturels régionaux à caractère professionnel. Le réseau a été créé en décembre 2008. Il est le fruit d’une volonté spontanée et concertée de ses membres fondateurs de se rassembler, considérant les mutations fondamentales qu’a connues le secteur culturel luxembourgeois au cours de la décennie passée. Les centres du réseau sont ancrés au niveau local et ont un rayonnement régional. L’objectif commun est d’assurer un « approvisionnement de base » de la population avec des offres culturelles dans les zones décentralisées (= proximité), ce qui comprend un programme diversifié avec des priorités supplémentaires.  -- Das Réseau Luxembourgeois des Centres Culturels Régionaux ist ein Zusammenschluss von Kulturzentren mit professionellem und regionalem Charakter. Die Gründung des luxemburgischen Netzwerkes im Dezember 2008 folgte einer eigenständigen und gemeinsamen Entscheidung der Gründungsmitglieder, sich im Hinblick auf die veränderte luxemburgische Kulturlandschaft der vorhergehenden 10 Jahre zusammenzuschließen. Die Häuser des Netzwerkes sind lokal verankert und verfügen über eine regionale Ausstrahlung. Das gemeinsam erklärte Ziel ist es, eine „Grundversorgung“ der Bevölkerung mit kulturellen Angeboten in dezentralen Gebieten zu gewährleisten (=Proximität), was ein diversifiziertes Programm mit eventuellen zusätzlichen Schwerpunkten beinhaltet.",Luxembourg,0.553213,,,
Projets Et Créations,548245.0,Luxembourg,https://www.linkedin.com/company/projets-et-cr-ations,www.projetsetcreations.com,"Projets et Créations (PeC) est une sàrl de droit luxembourgeois créée par Geneviève Guibert, afin de pouvoir exercer les métiers de l'informatique de manière souple, en terme de missions et de modularité des interventions.  Native de la Grande Région, présente en tant que salariée sur la place de Luxembourg depuis 1994, diplômée bac+5 en Technologies de l'Information, je ne suis pas là par hasard.  Les Projets : BPM et Workflow, Intégration, Gestion de Projet, AMOA Les Créations : les sites web, les boutiques en ligne, le référencement naturel, l'amélioration des sites existants, l'aide à la structuration de contenu. Missions long terme ou court terme, en exclusivité ou à temps partagé. Il y a toujours une solution pour mener vos projets à bien. Dans toutes les situations,  on peut parler ""informatique"" et être compréhensible du reste du monde.... et vice-versa !",Luxembourg,0.548245,,,
Private Consulting Office Luxembourg,547938.0,Luxembourg,https://www.linkedin.com/company/private-consulting-office-luxembourg,www.pco.lu,"Private Consulting Office (PCO) est LA plateforme de la gestion de vos affaires professionnelles et familiales au Grand Duché de Luxembourg. PCO est née de la réunion de compétences financières et administratives acquises auprès des meilleurs professionnels du secteur financier luxembourgeois. Se basant sur une vision précise de vos projets, PCO vous assiste dans toutes les étapes de leur développement administratif, financier et économique en mettant à votre service ses compétences d’ingénierie patrimoniale et de développement commercial. Fortes de leur réseau international, nos équipes vous accompagnent depuis la création, l’organisation et la restructuration de vos patrimoines industriels et familiaux. ` L’efficacité, l’efficience et la discrétion sont nos leitmotiv. Un interlocuteur unique pour une problématique multiple. Le respect de votre confidentialité reste notre priorité!",Luxembourg,0.547938,,,
Luxbotix,521531.0,"Luxembourg, Bascharage, 43-45 Za Op Zaemer, 4959",https://www.linkedin.com/company/luxbotix,www.luxbotix.com,"L'innovation à votre service. LUXBOTIX est le spécialiste luxembourgeois de la robotique. Créée en 2020, LUXBOTIX est connue pour ses robots haut de gamme alliant puissance, fiabilité et robustesse.  LUXBOTIX propose à la fois des robots sur catalogue et des robots sur mesure qui répondent aux besoins spécifiques de ses clients.  Elle est particulièrement active dans les domaines de la santé, de l'industrie, de l'énergie et de l'agriculture.",Luxembourg,0.521531,,,
ANDE Management,510211.0,"Luxembourg, Luxembourg, Luxembourg, 41 Boulevard Royal, 2449",https://www.linkedin.com/company/ande-management,www.ande.lu,"Le Groupe ANDE est un groupe familial composé de deux sociétés de droit luxembourgeois et détenu à hauteur de 100% par la famille DELACHAUX.  ANDE Investissements S.C.A. est une société en commandite par actions et ANDE Management S.à r.l.  est une société à responsabilité limitée. ANDE Investissements S.C.A a vocation principale mais non exclusive, à détenir directement ou indirectement une participation majoritaire dans des sociétés du groupe Delachaux.  A ce jour, ANDE Investissements S.C.A. détient directement ou indirectement des parts dans Runipsys International SAS et dans DELACHAUX S.A. ANDE Management S.à r.l. est le gérant commandité de ANDE Investissements S.C.A et, dans cette perspective, assure l'administration et le management du Groupe.",Luxembourg,0.510211,,,
Glasbuttek S.à. R.l.,499641.0,"Luxembourg, Noerdange, 10 Kierchewee, 8551",https://www.linkedin.com/company/glasbuttek-s-r-l-,www.glasbuttek.lu,"Glasbuttek c'est spécialisé dans le verre. Nous sommes a la disposition pour les personnes privées tant que pour les entreprise comme les restaurants/hôtels. Pour les restaurants et hôtels nous proposons des marques de qualités comme Schott-Zwiesel, Rosenthal, Sambonet et Royal Limoges.   - Schott-Zwiesel: Le verre pour les professionnels.   - Royal Limoges: Services de table, porcelaine fine et porcelaine hôtelière.   - Rosenthal: Services de table, porcelaine fine et porcelaine hôtelière.   - Sambonet: est le leader italien des articles de qualité pour la table et la cuisine, à la fois pour la maison ainsi que pour le secteur de la restauration. Les personnes privées sont gâtés avec les marques, Antica Murrina, Murano Glass, Kisslinger Kristallglass, Rozetta, Ritzenhoff, Kerzen Flügel.",Luxembourg,0.499641,,,
MSC GAMING,475546.0,"Luxembourg, Rodange, 4 Route De Longwy, 4830",https://www.linkedin.com/company/msc-gaming,www.mscgaming.lu,"Après trois années de direction d'un service juridique en matière de droit des jeux de hasard en qualité de salarié, le fondateur de MSC GAMING a perfectionné son expertise auprès de groupes de casinos et d'opérateurs nationaux historiques en qualité d'avocat durant presque quatre ans. La législation inhérente aux jeux de hasard est parfois confuse. Certains Etats membre de l'UE, de l'EEE ou de l'AELE ont réglementé l'activité à outrance ce qui, d'une part, éclaire les conditions d'exploitation mais, d'autre part, soumet les opérateurs à une multitude d'obligations légales que les services juridiques internes sont parfois incapables d'appréhender ou de traiter dans les délais. D'autres Etats ont préféré ne pas légiférer en privilégiant les opérateurs nationaux et en protégeant des monopoles voués à disparaître au regard du droit européen et de nombreuses décisions de la CJUE. Dans ce contexte, MSC GAMING intervient en qualité de spécialiste du domaine du jeu pour assurer une veille juridique constante, une assistance à l'obtention d'autorisations ou licences étatiques d'exploitation mais également pour sensibiliser les pouvoirs publics nationaux sur le droit applicable et les progrès à faire pour respecter les standards européens. La sensibilisation se fera sur bases d'éléments concrets (études de marché, études d'impact économique, analyses juridiques et opérationnelles, formations, conférences, foires commerciales, publications doctrinales...).  MSC GAMING intervient à tous les niveaux du processus légal et opérationnel pour assister, informer et faciliter la vie des opérateurs professionnels. Fort de son expérience en matière de conseil de casinotiers français, MSC GAMING accorde une attention particulière à l'évolution du cadre légal et des opérateurs de casinos français et étrangers. Pour toute question, renouvellement de licence, autorisation préalable à investissement, autorisation d'exploitation : contactez M. Olivier BOVA. - MSC GAMING -",Luxembourg,0.475546,,,
Recipay.com Cuisinez Postez Empochez !,457518.0,"Luxembourg, Luxembourg, Luxembourg, 24 Rue Saint-mathieu, l-2138",https://www.linkedin.com/company/recipay,www.recipay.com,"Recipay.com est la première plateforme qui permet aux marques d'obtenir des recettes consommateurs faites avec leurs produits par leurs clients!  *Avoir un grand nombre de recettes Nous connaissons votre industrie, pour être visible sur votre site internet, dans vos applications ou sur vos réseaux sociaux, le contenus est indispensable : le meilleur contenu de notre industrie c'est la recette de cuisine. *Des recettes ""originales""  Aujourd'hui, entre les grands sites medias de cuisine qui utilisent des robots, ceux se servent sur Google Images, il est de plus en plus compliqué de proposer du contenu original, alors qu'il existe...chez votre consommateur! *Votre client, le meilleur créateur de contenus Des millions de français achètent chaque jour des produits de grande consommation et font des recettes au quotidien, voilà le moyen pour vous de mieux les connaître et de profiter de ces recettes, véritable photographie de ce que font vos clients avec vos produits. *Un contenu légal, vérifié et sans limite d'usage La limite des concours, ou des envois spontané est clair, comment s'assurer de l'authenticité d'une recette? Comment s'assurer que vous pourrez l'utiliser sans frais supplémentaire peu importe l'usage ou le moment où vous souhaiterez l'utiliser? Avec Recipay c'est clair : aucune limite d'usage dans le temps. Vous serez surpris de la richesse des recettes de vos consommateurs, sélectionnées, vous n'obtiendrez que les meilleures recettes proposées par des acheteurs de vos produits. Une communauté active Actifs et passionnés nos 20 000 utilisateurs sont en attentes de nouveaux défis culinaires! Ils adorent découvrir de nouveaux produits et surtout montrer leurs talents en cuisine, avec déjà plus de 25 000 recettes proposées !",Luxembourg,0.457518,,,
Devis.lu,457518.0,"Luxembourg, Kockelscheuer, 1 Rue De Roeser, 1898",https://www.linkedin.com/company/devis.lu,www.devis.lu,Vous cherchez un professionnel pour réaliser vos travaux ? Devis.lu vous permet d'obtenir gratuitement jusqu'à 6 devis auprès de plus de 120 artisans Luxembourgeois. 3 étapes simples pour commencer vos travaux :  Vous déposez votre demande de devis. Votre demande est automatiquement transmise à  6 professionnels (maximum) Vous êtes contacté par nos Pros et vous choisissez le meilleur Devis !,Luxembourg,0.457518,,,
Luxembourg Technologies Innovation,457518.0,"Luxembourg, Sprinkange, 64 Rue De La Gare, l-4999",https://www.linkedin.com/company/luxembourg-technologies-innovation,www.lutin.lu,"Nous sommes les spécialistes luxembourgeois des médias virtuels. Plus connus sous le nom Lutin Technologies, nous créons des sites internet, des applis mobiles (smartphones et tablettes) et augmentons votre visibilité sur le Net (cyber marketing, référencement, SEO et SEA). A cela, s'ajoutent l'hébergement et la vente de noms de domaines internet. Bref, un package complet au service de la présence virtuelle de votre entreprise ou organisme.",Luxembourg,0.457518,,,
Halternatives,439845.0,"Luxembourg, Luxembourg, Luxembourg, 5466",https://www.linkedin.com/company/halterego,www.halternatives.eu,"🌿 Halternatives | Moins mais mieux Sélection de cosmétiques, nutrition, bien-être et spiritueux éco-responsables.  Chez Halternatives, nous croyons qu’il est possible de consommer autrement, sans compromis sur l’efficacité, la qualité ou le plaisir. Fondée par Anne-Gaëlle Halter, entrepreneure engagée et “éveilleuse de consciences”, Halternatives sélectionne des produits d’exception, naturels, bio, vegan ou artisanaux, issus de marques passionnées et responsables. 🎯 Notre mission : Offrir des alternatives premium et durables dans 4 univers : 🌱 Cosmétiques naturels & efficaces  🍓 Nutrition & super-aliments 🧘 Bien-être & aromathérapie 🍸 Spiritueux bio & artisanaux français 💡 Que vous soyez un.e particulier.e en quête de sens ou un.e professionnel.le à la recherche de produits uniques, Halternatives est votre partenaire de confiance. 📍Basé au Luxembourg – Actif dans toute l'Europe",Luxembourg,0.439845,,,
Enterprise Rent-A-Car Luxembourg,390175.0,"Luxembourg, Contern, 23e Rue Edmond Reuter, l-5326",https://www.linkedin.com/company/enterprise-rent-a-car-luxemburg-indep--franchisee-,www.enterpriserentacar.lu,"Created in 2006, RENTME S.A. has growth over the years to become an important player in the mobility area in Luxemburg. To improve its position in this market, it decided to join the Enterprise rent-a-car network in September 2015. Enterprise rent-a-car provides high level customer service to individuals and corporate actors. It started operating under the Enterprise brand in January 2016 and also operates National car Rental and Alamo at the Luxemburg airport location. Luxemburg City Center and Diekirch are Enterprise branded locations.",Luxembourg,0.390175,,,
ALEP - Association Luxembourgeoise Des Etudiants En Psychologie,248718.0,"Luxembourg, Esch-sur-alzette, Esch-sur-alzette, 11 Porte Des Sciences",https://www.linkedin.com/company/alep-association-luxembourgeoise-des-etudiants-en-psychologie,www.alep.lu,"ALEP (Association Luxembourgeoise des Etudiants en Psychologie) was founded in 1998 and represents all psychology students from Luxembourg. ALEP is a subject-specific student association, whose members study psychology in various universities and in different countries. ALEP is a member of ACEL (Association des Cercles d’Etudiants Luxembourgeois), the umbrella organisation and official representative of the Luxembourgish student associations.  We organise several events throughout the year; these are f.ex. an information evening about the work as a psychologist and the studies at university (""Soirée d'Information sur la Psychologie"") as well as visitations of different Luxembourgish institutions that employ psychologists. Our main goal is to connect students with each other and with professionals from the field. We keep a close link to the professional psychologist society SLP (Société Luxembourgeoise de Psychologie) and facilitate thereby the exchange between students and professionals. To our members we also offer an internship database in order to facilitate their access to the professional field. ALEP represents the Luxembourgish psychology students in EFPSA (European Federation of Psychology Students’ Associations), the umbrella organisation of the European psychology students. EFPSA offers a scientific exchange on a European level and plenty of social and cultural activities to their member organisations. Through information stands at national high schools and student fairs, ALEP informs and shares experience with younger students, that are interested in the field.  You are Luxembourgish and study psychology? You want to contribute to our work and be part of our amazing network? Don't hesitate, contact us via e-mail at contact@alep.lu.",Luxembourg,0.248718,,,
EVAschool,248718.0,"Luxembourg, Luxembourg, Luxembourg, 2 Rue Des Joncs, 1818",https://www.linkedin.com/company/evaschool,www.evaschool.net,"Notre engagement à réaliser une prestation de qualité passe par une procédure claire et précise des différentes étapes et actions à mener afin de garantir une progression constante lors du cours d'appui donné à votre enfant, élève du système scolaire luxembourgeois. Aussi avons-nous le courage de vous proposer une prestation complète de la première prise de contact à la remise du bilan individuel de progression. "" Le courage est la première des qualités humaines car elle garantit toutes les autres"" Aristote",Luxembourg,0.248718,,,
Patrimoine Roses Pour Le Luxembourg Asbl,208224.0,"Luxembourg, Luxembourg, Luxembourg, 7 Rue D'orange, 2267",https://www.linkedin.com/company/patrimoine-roses-pour-le-luxembourg-asbl,patrimoine-roses.lu,"Patrimoine Roses pour le Luxembourg a pour but de préserver l'exceptionnel patrimoine rosier luxembourgeois et de le remettre dans les têtes, les coeurs et les  jardins.",Luxembourg,0.208224,,,
XTREMCAR S.A,208224.0,"Luxembourg, Luxembourg, Luxembourg, 17 Boulevard Royal, 2449",https://www.linkedin.com/company/xtremcar-s.a,,"XTREMCAR est une société spécialisée dans la location de voitures de luxe et de voitures anciennes. Nos services : - Test Drive sur route en voitures de sport (Ferrari California - BMW M4 cabriolet)  - Location de voitures haut de gamme (Porsche Panamera, Ferrari California) - Location de véhicules de cérémonie (Jaguar S-Type, Coccinelle, Ferrari, BMW, Mercedes classe S) - Bons cadeau pour particuliers et entreprises - Team Building pour entreprises - Organisation de week-end découverte en oldtimer en mini et en coccinelle",Luxembourg,0.208224,,,
