Name,Revenue,HQ Location,LinkedIn URL,Website,Company description,Country,Revenue_M,Main Broker,Main Insurer,Hubspot
AtysaFacilityServices SLU,52181.0,"Spain, Catalonia, Barcelona, 52 Carrer Rector Triadó",https://www.linkedin.com/company/atysafacilityservicesslu,www.atysa.com,"ATYSA Facility Services es una empresa de servicios externalizados fundada en 1990 en España. ATYSA Facility Services ofrece servicios externalizados como: limpieza general, gestión de infraestructuras deportivas, servicios técnicos especializados en limpiezas traumáticas, limpieza y desinfección de conductos (conducción de aire, conductos grasos y campanas), conserjería, recepción y control de accesos, formación y agencia de colocación. Todos los servicios de ATYSA Facility Services  son realizados por personal altamente cualificado formado en nuestro centro homologado. Contamos con las certificaciones ISO 14001 de gestión medio ambiental, ISO 9001 de sistema de calidad, OSHAS 18001 de sistema de gestión de salud y seguridad y SA 8000 de responsabilidad social internacional otorgados por el INSTITUTO CERTIFICAZIONE INTERNACIONAL I.C.I. ATYSA Facility Services se estructura en tres grandes divisiones de negocio:               ATYSA SERVICES: limpieza e higienización, servicios auxiliares y servicios técnicos especializados.               ATYSA SPORT: limpieza técnica deportiva y gestión deportiva.               ATYSA PRESTIGE: Servicios integrales para Real State A su vez, estas divisiones tienen el soporte de cuatro áreas de trabajo: •	I + D •	RECURSOS HUMANOS •	CONTABILIDAD Y FINANZAS",Spain,0.052181,,,
MANGLOBAL 2013 SL,1888002.0,"Spain, Tres, 38 Local 8 Sector Pueblos, 28760",https://www.linkedin.com/company/manglobal-2013-sl,www.manglobal2013sl.com,"¡Bienvenido Manglobal 2013 SL! Queremos acompañarte en cualquier momento del año por eso hemos formador Manglobal 2013 SL, la manera más fácil y sencilla de olvidarte de la limpieza y/o del mantenimiento. ¿Quienes somos? Somos una sociedad dedicada a todos los servicios integrales de mantenimientos conservaciones de edificios, instalaciones públicas y privadas, con una clara especialización en los sectores de Limpieza, Conserjería y Jardinería.   La experiencia de la empresa ha llevado a un alto grado de especialización en mantenimientos y conservaciones de todo tipo de instalaciones, tanto comunidades de propietarios como mancomunidades y empresas, así como otro tipo de instalaciones públicas o privadas.   Nos ponemos a su disposición una estructura de servicios profesionales de mantenimientos y conservaciones, con personal cualificado en cada caso,  así como maquinarias y productos de primera calidad. ¿Cuál es nuestro objetivo?  Nuestro objetivo es prestar un servicio de calidad y satisfacción personal al cliente, dando la máxima prioridad al cumplimiento las peticiones del cliente y ofrecer la calidad-precio más competitivo. ¿Como funcionamos?  Disponemos de una plantilla actualmente amplia de trabajadores con personal de supervisión, es decir, la satisfacción esta garantizada",Spain,1.888002,,,
GESPA S.L.,106313687.0,"Spain, Valencia, Paterna, 14 Ronda Isaac Peral, 46980",https://www.linkedin.com/company/gespa-s.l.,www.gespaterna.es,"•Gestión y Servicios de Paterna S.L.U. (GESPA) nace con el fin de gestionar de la forma más eficiente posible los servicios municipales que realiza, y con ello satisfacer las necesidades y expectativas de los ciudadanos de Paterna.  •La creación de GESPA se materializó el 23 de diciembre de 2.008, en sesión plenaria del Ayuntamiento de Paterna.  •Desde su inicio queremos que GESPA se caracterice por una absoluta orientación y vocación al ciudadano y la excelencia en el servicio.  •Cercanía, Implicación con el proyecto y Calidad del trabajo son nuestro valor añadido y la imagen que queremos transmitir. Los servicios que GESPA presta en la actualidad son: JARDINERÍA PODA BRIGADAS ORNATO LIMPIEZA EDIFICIOS LIMPIEZA VIARIA CONSERJERÍA NOTIFICACIONES MANTENIMIENTO EDIFICIOS ALUMBRADO PUBLICO TEATROS EVENTOS CENTROS SOCIALES GUARDERIAS TRANSPORTES ESPECIALES",Spain,106.313687,,,
Servicios CETEO,7330473.0,"Spain, Castille And León, Valladolid, 12 Camino Viejo De Simancas, 47008",https://www.linkedin.com/company/servicios-ceteo,www.ceteo.es,"CETEO SL es un Centro especial de empleo especializado en Servicios de Limpieza profesional, Servicios externos, Asesoría laboral, Enclaves laborales y Suministros para empresas. El servicio de Limpieza profesional incluiría Oficinas, Industrias, Instituciones, Inmuebles y cualquier persona que necesite un servicio profesional de limpieza.  El servicio de asesoría en integración laboral ayuda de manera integral a las empresas, a incorporar en su proceso productivo personas con discapacidad. Realizamos diversos servicios externos incluyendo: Conserjería, Control de accesos y recepción, Repartos, Conductores, Mantenimiento, Peonaje, Servicios industriales y logísticos, Telefonistas, Servicios administrativos, Gestión de documentación, Informática, Atención telefónica y telemarketing.  Respecto a los Enclaves laborales son servicios contratados entre una empresa y CETEO S.L. que serán realizados por trabajadores con discapacidad en el centro de trabajo de aquella.  Por último se ofrecen Suministros a precios competitivos tales como Consumibles informáticos, Material de Oficina, Regalo publicitario, Lotes de Navidad, Productos de limpieza, Vestuario de trabajo de alta calidad Los servicios o suministros contratados pueden utilizarse para cumplir las medidas alternativas , en caso de no cumplir el cupo mínimo de contratación del 2% del personal .",Spain,7.330473,,,
Mantenimiento De Comunidades Maxi Pool S.L.,100493.0,"Spain, Madrid, Sevilla, 16 Calle San Isidro, 28609",https://www.linkedin.com/company/mantenimiento-de-comunidades-maxi-pool-s-l,www.maxipoolsl.com,"Nuestra empresa:   Nos complace presentarles, MANTENIMIENTO DE COMUNIDADES MAXI  POOL S.L., una empresa con gran experiencia en el Servicio de Mantenimiento de Piscinas y Comunidades en Madrid. Gracias a la confianza de nuestros clientes y al servicio que les prestamos, somos un referente entre las empresas de servicios integrales.   Nuestro continuo esfuerzo por innovar, el uso de las últimas tecnologías y la especialización de nuestro personal nos permite ofrecerle un servicio de la más alta calidad, respetando el medio ambiente, a un precio realmente competitivo y garantizarle una excelente relación calidad/precio.   El trabajo diario con nuestros clientes nos permite desarrollar sistemas de trabajo que optimicen la calidad. Por ese motivo, podemos ofrecerle soluciones profesionales a cualquier problema relacionado con nuestras actividades.   Nuestra empresa está especializada en servicios de piscinas, limpieza y conserjería; limpieza de oficinas, empresas, comunidades.  MANTENIMIENTO DE COMUNIDADES MAXI POOL S.L., está compuesta por un equipo humano altamente cualificado para el desarrollo de servicios integrales en toda la Comunidad de Madrid, seleccionado de manera minuciosa y especializada en sus trabajos, debidamente uniformado con vestuario laboral, dando una excelente imagen y seriedad ante nuestros clientes.                                                              Un cordial saludo Nikoleta Yordanova Departamento Comercial",Spain,0.100493,,,
Grup Gies S.L.,73588.0,"Spain, Catalonia, El Vendrell, 21-23 Local 2 Carretera Santa Oliva, 43700",https://www.linkedin.com/company/grup-gies-s-l-,www.grupgies.com,"Empresa de servicios de mantenimiento a oficinas, particulares, naves, oficinas, etc.. en la provincia de Tarragona. Los servicios de mantenimiento que ofrecemos son de jardinería, limpieza y servicios auxiliares (mantenimiento informático, etc...) Además de estos servicios, nuestra empresa se ha especializado en la limpieza de casas de alquiler vacacional, ofreciendo nuestros servicios en toda Catalunya.",Spain,0.073588,,,
ALREAL SERVICIOS AUXILIARES SL,782765.0,Spain,https://www.linkedin.com/company/alreal-servicios-auxiliares-sl,www.alreal.es,"ALREAL SERVICIOS AUXILIARES SL  EMPRESA DE GESTIÓN DE CONSERJERÍA, LIMPIEZA Y MANTENIMIENTO DE COMUNIDADES",Spain,0.782765,,,
Mister Net S.L.,925235.0,"Spain, Valencia, Valencia/valència, 135 Avenida De Peris Y Valero, 46005",https://www.linkedin.com/company/mister-net-s-l-,www.misternetsl.com,"Somos una empresa de servicios de limpieza y mantenimiento con casi 500 clientes en Valencia y alrededores. Nuestros servicios van desde el mantenimiento integral de Comunidades de Propietarios (garaje, conserjería, limpieza, jardines, piscinas...) hasta la limpieza de empresas, despachos, guarderías, hoteles, etc...Todo ello con una trayectoria de 20 años de trabajo comprobado.",Spain,0.925235,,,
HISCONSA,5586716.0,"Spain, Madrid, Pozuelo De Alarcón",https://www.linkedin.com/company/hisconsa,www.hisconsa.es,"HISCONSA es una compañía que ofrece servicios generales a empresas en España desde hace casi 30 años. Nuestra empresa siempre ha hecho una apuesta seria por la calidad real y la honestidad profesional, obteniendo y actualizando las certificaciones de calidad más importantes. Desde su puesta en marcha, Hisconsa ha hecho una apuesta seria por la calidad real y la honestidad profesional, como base de nuestra organización y única forma de corresponder a la confianza que nuestros clientes depositan en nosotros. Por todo ello, disponer de la confianza de nuestros clientes, es el mayor exponente de la fiabilidad de nuestra compañía. Los servicios que ofrecemos a nuestros clientes son, entre otros:  - Conserjeria: Seleccionamos, formamos y ponemos a su disposición, personal para su servicio de conserjería y portería. - Recepcionistas: Seleccionamos y formamos a personal adecuado en función de los requerimientos del cliente en cuanto a experiencia y conocimiento de idiomas extranjeros, para los servicios de recepción en empresas de primer nivel. - Azafatas: Seleccionamos y formamos, en función de las características requeridas por el cliente a personal para su servicio de azafatas y puestos de información. - Mozos de Almacén: Seleccionamos, formamos y ponemos a su disposición personal para los servicios de mozos de almacén. - Limpieza: Realizamos todo tipo de limpieza, tanto interior como exterior, en empresas y comunidades. - Triaje: Ponemos a su disposición personal cualificado y formado en las tareas de selección y clasificación de residuos en Plantas de Gestión de Residuos Sólidos Urbanos. - Jardinería: Realizamos el diseño y mantenimiento de parques y jardines, con los recursos humanos y técnicos más avanzados.",Spain,5.586716,,,
Suit Multiservicios S.L.L.,48000.0,Spain,https://www.linkedin.com/company/suit-multiservicios-s-l-l-,www.suitmultiservicios.es,"SUIT MULTISERVICIOS, S.L.L. es una empresa que tiene por objetivo la subcontratación de servicios. Desarrollamos nuestra actividad en el campo de los servicios auxiliares.  Para hacer cumplir las necesidades de nuestros clientes, encontrando los mejores resultados.  Nuestra labor es la de contratar o subcontratar la realización de servicios diversos, mediante un precio cerrado y tenemos como finalidad la realización de un servicio mediante el correspondiente contrato de arrendamiento de obra o servicio.  La mayor diferencia con otras empresas de Servicios es la especialización, trato directo, rápido y “a medida”. Nuestro objeto social es la prestación de servicios relacionados con: - CONSERJERÍA - LIMPIEZA - CONSERVACIÓN - SANEAMIENTO - MANTENIMIENTO INTEGRAL Tanto en urbanizaciones, comunidades de propietarios, pisos, locales comerciales e industriales, oficinas, viviendas y edificios tanto de carácter público como privados. CNAE (Clasificación Nacional de Actividades Económicas)",Spain,0.048,,,
Grupo Prevent 21,2082240.0,"Spain, Madrid, Madrid, 10 Calle De La Torre De Don Miguel, 28031",https://www.linkedin.com/company/socamse-seguridad,www.grupoprevent21.com,"Grupo prevent 21 está compuesto por 4 compañías que se autocomplementan entre sí, dando una cobertura integral al servicio del cliente. Las compañías se diferencian en 3 áreas: - Seguridad y Vigilancia -Servicios Auxiliares y Conserjería -Gestión de Cubos de basura para Comunidades de Vecinos -Personal para Eventos PREVENT 21 Seguridad: Velamos por la protección de sus bienes. A través de personal constantemente formado y habilitado para desempeñar las funciones de Seguridad, prestamos servicios de Vigilancia en todo tipo de entidades. Somos especialistas en la cobertura de dispositivos de Seguridad para todo tipo de eventos, desde un pequeño stand hasta  eventos multitudinarios, donde nos avalan decenas de operativos.  Servicios PREVENT 21: Gestionamos los servicios Auxiliares necesarios para el buen funcionamiento de su empresa o comunidad (Conserjes, Controladores de Accesos, Garajistas, Limpiadoras, Recepcionistas,....). Externalizando estos servicios a una empresa especializada usted sólo se preocupará de su ""core bussiness"", optimizando costes y recursos. PREVENT XXI Staff and Services (Perosnal para Eventos): Suministramos  personal para todo tipo de eventos. DON CUBO: Gestión de Cubos de basura para Comunidades y Empresas. Sacamos, metemos y limpiamos tus cubos de basura.",Spain,2.08224,,,
Celima | Centro Especial De Empleo,36647424.0,"Spain, Madrid, Madrid",https://www.linkedin.com/company/celima-centro-especial-de-empleo,www.celima.es,"Desde que iniciamos nuestra actividad en 1986, nos hemos convertido en sinónimo de calidad y buen hacer en el desempeño de nuestro cometido: la prestación de Servicios y Facilities para simplificar el día a día de las empresas y sus trabajadores. Ofrecemos un servicio personalizado y de calidad, cubriendo las necesidades para todo tipo de instalaciones: edificios de oficinas, parques empresariales, centros médicos y educativos, fábricas, laboratorios, grandes superficies comerciales...  Nuestra estrategia se centra en ofrecer un servicio personalizado de calidad a un precio razonable.  Nos esforzamos por ofrecer servicios a la altura de las expectativas de las empresas más exigentes, por eso contamos desde hace años con las Certificaciones ISO 9001, ISO 14001 y OHSAS 18001. Mantener estas certificaciones es un reto constante que pone en manifiesto nuestro compromiso con la calidad de nuestros servicios y su mejora constante. El esfuerzo de todos nuestros profesionales, los años de experiencia como Centro Especial de Empleo, nuestra vocación de servicio y dedicación al cliente, nos han llevado a seguir creciendo por toda España, por lo que, aparte de en la Comunidad de Madrid, puede contar con nuestros servicios en Asturias, Cataluña, Galicia y toda la zona centro de la península. De nuestra colaboración obtendrá un doble beneficio: - La tranquilidad de contar con un proveedor de Servicios de Limpieza, Mantenimiento general, Jardinería y Conserjería, avalado por una inmejorable atención al cliente y un precio realmente competitivo. - Su empresa cumplirá con la actual Ley General de Derechos de las Personas con Discapacidad y su Inclusión Social (la antigua L.I.S.M.I. o Ley de Integración Social del Minusválido 13/1982, del 7 de Abril), cuya finalidad, es la integración de las personas con discapacidad al mercado laboral. Y a la vez tendrá una responsabilidad social activa en la integración de personas con discapacidad.",Spain,36.647424,,,
Earth & Sea Elite,940430.0,"Spain, Balearic Islands, Majorca",https://www.linkedin.com/company/earth&seaelite,www.earthandsealifestyle.com,"Based in the Balearic Islands, Earth & Sea Elite is a leading luxury recruitment agency, providing private staff and yacht crew for U/HNW individuals globally.    With each private household, superyacht, royal palace, or family office varying in their specialised facilities and particularities, Earth & Sea Elite offer competitive industry rates and are able to carefully select from their elite database or headhunt unique skilled candidates of any capacity.   With our clean track record continuing into our seventh year of business, our team of recruitment consultants have over 25 years’ experience in the private sector and are well accustomed to working in the area. • Recruitment Division The variety of staff or yacht crew that we can provide is limitless. With each private household, superyacht, royal palace, luxury ski chalet or family office varying in their specialized facilities and particularities, we are able to headhunt skilled candidates of any capacity • Yacht Management Division Providing a specialised yacht agent service which supports all size yachts throughout the Mediterranean. Offering  a full spectrum of services to existing superyachts and new builds, we pride ourselves in having created an exclusive, personal and bespoke service. Our experienced local experts are delighted to be of assistance.  • Property Management Division Providing private homeowners, landowners & trustees of land & estates, a 6 star, tailored comprehensive list of real estate and property management services. Services include; luxury rentals, property set up, detailed interior cleaning & maintenance, landscape maintenance, property inspections, greeting of guests, concierge services, administration & paperwork • Bespoke Concierge Division Earth & Sea Elite forge its way into the ever-growing luxury services industry as an exclusive Concierge service that is utilised by U/HNW individuals throughout the globe",Spain,0.94043,,,
Limpiezas Loma,1652732.0,"Spain, Madrid, Madrid, 1 Calle Del Canal De Suez, 28042",https://www.linkedin.com/company/limpiezas-loma,limpiezasloma.es,"Limpiezas Loma Servicios integrales de limpieza y mantenimiento para propietarios, gestores y administradores de fincas. Nuestro objetivo es la satisfacción de los propietarios, gestores y administradores de fincas. Para ello contamos con un equipo cualificado y experiencia en el sector desde 1982. Al dejarlo en las mejores manos, nosotros nos encargamos para que los propietarios tengan una preocupación menos. Servicio de Limpieza En Limpiezas Loma ofrecemos el servicio de limpieza de oficinas y despachos en Madrid.  Servicio de Conserjería Además de limpieza, ofrecemos servicio de conserjes para edificios con el fin de ofrecer un servicio integral a las comunidades o edificios de oficinas.",Spain,1.652732,,,
MK NORTE S.L,1604728.0,"Spain, A Coruña, Milladoiro, 19 Palmeiras, 15895",https://www.linkedin.com/company/mk-norte-s-l,mknorte.es,"Somos una empresa especializada en las prestación de Facility Services con más de 10 años de trayectoria. Aportamos capital humano especializado, consiguiendo importantes beneficios para nuestros clientes :  Flexibilidad en la contratación de personal (contrata sólo cuando lo necesites, demandas puntuales o estacionales) Aumento de la productividad ( personal especializado en tareas específicas) Ahorro ( convierte tus gastos fijos en variables)  Compromiso (nuestros clientes y trabajadores son lo más importante)  Somos especialistas en Seguridad & Servicios a Eventos.  Contamos con una amplia gama de Servicios  : - Recepcionistas  - Conserjería - Porteros de Comunidades - Personal para gestión y cobro en Parkings - Control de acceso - Teleoperadores - Personal de Mantenimiento  - Azafatas - Personal de atención e información en puesto fijo o itinerante - Guías turísticos y de museos etc...",Spain,1.604728,,,
Remote And Talent,2812868.0,"Spain, Catalonia, Barcelona",https://www.linkedin.com/company/remote-and-talent,remoteandtalent.com,"Remote and Talent - Dive into a universe beyond typical job portals. We're not just a platform; we're your recruitment concierge in the digital age. Fueled by cutting-edge technology, we craft an exquisite selection journey from start to end. For us, it's an art: blending human warmth with tech to truly understand the unique DNA of visionary companies. With Remote and Talent, you're stepping into a world where remote work dances with style and innovation.",Spain,2.812868,,,
XXXXXXXXXXXXX,2570914.0,Spain,https://www.linkedin.com/company/seprofe,www.seprofe.com,"Somos un Grupo de profesionales de amplia experiencia tanto en el sector de la Seguridad Privada en España ( más de 25 años en Empresas líderes del sector como responsables de primer nivel), así como en el segmento de la Gran Distribución y Gestión de Centros Comerciales. Nuestros Servicios: Planes de Seguridad en Comercios, Almacenes, etc.  Planes de Seguridad Especiales.  Planes de Emergencia.  Consultorías de Seguridad.  Planes específicos de Prevención y Combate al Hurto Interno y Externo minimizando el impacto de la Pérdida Incontrolada en la cuenta de Resultados.  Vigilantes de Seguridad con ó sin arma.  Control de recintos.  Servicio de rondas.  Servicios de Recepción.  Conserjería.  Comprobación de instalaciones.  Servicio de información y atención al cliente",Spain,2.570914,,,
ATEZAIN,2570914.0,"Spain, Basque Country, Bilbao",https://www.linkedin.com/company/atezain-sl,atezain.es,"ATEZAIN es una empresa fundada en 1998 que ofrece servicios de limpieza y conserjería en Madrid y Bilbao, así como servicios complementarios  de mantenimiento, auxiliares para congresos y eventos, etc.  Disponemos una extensa gama de servicios a la medida de cada cliente.",Spain,2.570914,,,
MONIMAR CONTROL S.L,208224.0,"Spain, Andalusia, Fuengirola",https://www.linkedin.com/company/monimar-control-s.l,www.abebacontrol.es,"EMPRESAS Y COMUNIDADES: -Control de accesos al recinto de la urbanización / aparcamiento por personas autorizadas. -Tareas de recepción y comprobación de visitantes. -Recepción de alarmas producidas durante el servicio. -Comunicación directa con los propietarios, en caso de irregularidades en su vehículo o domicilio. -Seguimiento por parte de esta empresa, de las posibles averías (Motores de las puertas, -Ascensores, etc) hasta que queden en perfecto estado de uso, por parte de la empresa encargada de su reparación. -Dar la información a los visitantes sobre la localización de la persona o instalaciones que desean ver. -Reflejar en los correspondientes partes diarios incidencias que se hayan producido y anotarlas en los libros de registro. -Asistir a los ocupantes de las instalaciones en casos de peligro y administrarles los primeros auxilios, cuando la situación lo aconseje. Avisar al Servicio, a la Autoridad competente, en caso de necesidad (ambulancias, bomberos, policía, etc...). -Observar el exterior del edificio para prevenir situaciones incómodas a las personas que trabajan o residen en él. -Recepción/emisión de llamadas interiores y/o exteriores. -Control de personal de visitas, concertadas o no. -Apertura y cierre de las instalaciones. -Conserjería. -Control y avisos de siniestros. -Rondas periódicas de control. NOTA: En caso de no existir teléfono en la comunidad, se dotará de teléfono móvil al personal correspondiente.",Spain,0.208224,,,
EXTA Grup,1262256.0,Spain,https://www.linkedin.com/company/exta-grup,extagrup.com,"EXTA Grup S.L. una empresa de servicios integrales, presente en el mercado desde el año 2003 integrada por un grupo de profesionales proveniente del sector. En EXTA Grup S.L. damos soluciones rápidas, fáciles y económicas, basadas en la confianza mutua, la responsabilidad de nuestros empleados, la calidad de las prestaciones y la implicación en el sistema de gestión global de la empresa. Garantizamos que las instalaciones de nuestros clientes estén en el grado óptimo de higiene. Tenemos personal altamente calificado, ofrecemos servicios de control de acceso, conserjería, azafatas, destrucción confidencial de documentos, limpieza y mantenimiento de todo tipo de edificios, locales comerciales e industriales (final de obra, limpieza de cristales, fachadas y rótulos, tratamientos de suelos, abrillantados, pulidos y diamantados-) y trabajos especiales como el mantenimiento de piscinas, limpieza de moquetas, control de plagas. También disponemos de un Bufete propio de Abogados.",Spain,1.262256,,,
Grupo Sercon,2238258.0,"Spain, Madrid, Madrid",https://www.linkedin.com/company/grupo-sercon,www.gruposercon.com,"Grupo Sercon is a leading security and surveillance company based in Madrid, specializing in providing comprehensive security solutions for residential communities, commercial spaces, and educational institutions. With over 25 years of experience, the company is committed to protecting what matters most to its clients through professional, reliable, and tailored services. Grupo Sercon offers a range of services including security personnel, concierge services, cleaning, and maintenance, ensuring that each solution is customized to meet the specific needs of its diverse clientele. The company operates under the regulations set by the Ministry of the Interior, employing over 1,100 qualified professionals who are trained to respond effectively to various security challenges. Grupo Sercon's mission is to enhance safety and peace of mind for its clients, while its vision focuses on being a trusted partner in security across Spain.",Spain,2.238258,,,
Grupo Visegurity,15478897.0,"Spain, Catalonia, L'hospitalet De Llobregat",https://www.linkedin.com/company/grupo-visegurity,www.grupovisegurity.com,"Nuestra actividad se basa en la Vigilancia y Protección mediante personal de seguridad uniformado, capaz de realizar cualquier tipo de servicio de seguridad bajo las premisas de Calidad, Garantía y Eficacia. También ampliamos nuestra oferta con la división de Conserjería y Recepción para atender a aquellos clientes que necesitaban algo más que un control de accesos. El objetivo era integrarnos dentro de la estructura del cliente adecuándonos a sus políticas de trabajo y atendiendo a lo que corporativamente se espera de nosotros. También le ofrecemos el más novedoso servicio de custodia de llaves, para la realización de los servicios de verificación de alarmas. Ante una alarma comunicada por la Central Receptora de Alarmas, le enviaremos de inmediato un vigilante de seguridad. Éste verificará sus instalaciones  y dará acceso a las Fuerzas y Cuerpos de Seguridad del Estado. Las llaves en custodia se codifican individualmente desvinculándolas de la titularidad del cliente en cajas fuertes homologadas. GRUPO VISEGURITY le ofrece el complemento ideal para el sistema de seguridad, con un servicio rápido y eficaz. Convénzase usted mismo. Nuestras ventajas competitivas ofrecen un servicio: •RÁPIDO: Porque trabajamos diariamente para reducir los tiempos de intervención. •ÚTIL: Porque se de adapta a las necesidades de los clientes. •NECESARIO: Porque incrementamos la seguridad del cliente y su entorno.",Spain,15.478897,,,
ARTE SEGURIDAD,3776004.0,"Spain, Madrid, Madrid",https://www.linkedin.com/company/arte-seguridad-sl,www.arteseguridad.com,"Empresa de Seguridad homologada por el Ministerio del Interior 3721. Vigilancia y planificación de seguridad para eventos e instalaciones con ámbito estatal. Partner de SURE SERVICIOS, empresa dedicada a servicios y materiales para actos públicos, y servicios de conserjería y limpieza..",Spain,3.776004,,,
SEPROMAX GRUPO,5536270.0,"Spain, Catalonia, Castelldefels, 117 Avenida Constitución, 08860",https://www.linkedin.com/company/sepromaxgrupo,www.gruposepromax.es,"Servicios de vigilancia y protección. Asesoramiento, proyectos y planificación de seguridad privada dirigida por nuestra gerencia de riesgos. Servicios auxiliares y conserjería. Servicios de limpieza para empresas.",Spain,5.53627,,,
La Roca Village,122242247.0,"Spain, Catalonia, Barcelona",https://www.linkedin.com/company/la-roca-village,www.larocavillage.com,"La Roca Village is a premier shopping destination located just 40 minutes from Barcelona, offering a unique blend of luxury retail experiences and exceptional dining options. The village features 78 renowned brands, providing customers with discounts of up to 70% off original prices on a wide selection of items. With a mission to deliver an unparalleled shopping experience, La Roca Village invites visitors to explore its boutiques, enjoy gourmet meals, and create unforgettable moments, all while benefiting from exclusive services like personal shopping assistance and a dedicated concierge. The target market includes both local shoppers and international tourists seeking high-quality fashion and lifestyle products at attractive prices. Through partnerships with prestigious brands and a commitment to customer satisfaction, La Roca Village aims to be the go-to destination for those looking to indulge in a luxurious shopping experience.",Spain,122.242247,,,
Home Select,11017767.0,"Spain, Madrid, Madrid",https://www.linkedin.com/company/1809009,www.homeclub.com,"Home Select is a premier provider of luxury temporary housing solutions, specializing in high-quality, fully furnished apartments across major cities in Spain, the United States, and Mexico. The company focuses on meeting the non-vacation rental needs of clients, ensuring compliance with local regulations while offering stylish and comfortable living spaces. With a mission to provide exceptional service and a seamless living experience, Home Select caters to professionals and expatriates seeking long-term accommodations in vibrant neighborhoods. Their portfolio includes over 1,500 move-in ready apartments, featuring modern designs and amenities that enhance the quality of life for residents. The company prides itself on its commitment to customer satisfaction, offering 24/7 support and concierge services to assist clients throughout their stay.",Spain,11.017767,,,
IT MALLORCA,16360615.0,"Spain, Balearic Islands, Palma",https://www.linkedin.com/company/it-mallorca-group,www.itmallorcauniquespaces.com,"IT Mallorca Unique Spaces is a brand of hotels, restaurants and luxury concierge that offers excecptional experiences.  A genuine way of doing things that distinguish us from others. Spaces with personality and style trendsetters. IT Mallorca Unique Spaces provides authentic sensations during your stay on the island and conveys our love for art, design and attention to detail. IT Mallorca invites you to discover and experience it yourself.",Spain,16.360615,,,
ClubKviar,1258668.0,"Spain, Catalonia, Barcelona",https://www.linkedin.com/company/kviar-groupe,,"ClubKviar is your private concierge for high-end dining. Launched in January 2012, ClubKviar is a members only gastronomic club that offers you a hand picked selection of a city's top restaurants coupled with a simple online reservation service, member benefits and Personal Concierge to manage your bookings. We take care of the entire reservation process enabling a seamless experience. This is clever dining in style. ClubKviar is a venture-backed business and has offices in Barcelona, Madrid & Paris and works with over 300 restaurant partners.",Spain,1.258668,,,
Clubhouse 27,6197923.0,"Spain, Catalonia, Barcelona",https://www.linkedin.com/company/clubhouse-27,www.clubhouse27.com,"ClubHouse27 es una empresa dirigida por Aleksandra Trampus fundada en 2007. Actualmente, estamos gestionando todas las reservas de alquileres vacacionales y retiros grupales en Masía Pairal. Esta propiedad esta ubicada en una zona residencial privada llamada Los Viñedos, ubicada en Sat Pere de Ribes a solo 5 minutos de Sitges y 30 minutos de Barcelona.",Spain,6.197923,,,
Enertium Grupo,2086124.0,"Spain, Madrid, Alcalá De Henares, 4 C/ Padre Granda, 1ºl",https://www.linkedin.com/company/enertium-grupo,www.enertium.es,"- Enertium Energía Nace en el año 2006 gracias a la unión de un grupo de profesionales con amplia experiencia en el sector de la Energía Solar. Aparece con vocación de servicio y excelencia y basa sus fundamentos en el compromiso como el medio ambiente y el desarrollo sostenible.  La actividad de Enertium Energía se centra en la ingeniería y realización de instalaciones relacionadas con la Energía Solar Fotovoltaica. Siendo nuestro objetivo principal el fomento de las energías renovables.  - Enertium Operación y Mantenimiento Es una empresa con una dilatada experiencia en el sector de los servicios que tiene como objetivo satisfacer con la mayor calidad y el mejor servicio la demanda de sus clientes. La actividad principal se centra en la operación y mantenimiento de instalaciones solares pero otra parte importante son los servicios generales a colectividades, grandes superficies, comunidades de vecinos y empresas en general, prestando servicios de limpieza, jardinería, conserjería, y actuaciones de mantenimiento  - Enertium Logística y Servicios. Aparece con la intención de acercar Paraguay y Nicaragua a sus ciudadanos residentes en España, facilitándoles el envío de cajas a un precio competitivo. Recogemos la caja en la puerta de su casa y la llevamos hasta la puerta de la casa de destino en Paraguay o Nicaragua.  No obstante enviamos cualquier mercancía puerta a puerta. Desde enseres particulares, hasta maquinaria o vehículos. Enertium ""Thinking about planet""",Spain,2.086124,,,
Grupo Serymak,1054924.0,"Spain, Madrid, Madrid, 63 Calle Aluminio, 28950",https://www.linkedin.com/company/grupo-serymak,www.gruposerymak.es,"Cubrimos todas las demandas del sector, nuestra amplia gama de servicios y nuestros más de 20 años de experiencia, nos permite ofrecer el mejor servicio con la mayor comodidad siempre pensando en nuestros clientes. Grupo Serymak es una empresa dedicada a las piscinas, jardinería, limpieza y conserjería entre otros servicios. Con más de dos décadas de experiencia, nuestro objetivo es poder ofrecer estos servicios a cualquier tipo de cliente ya sean comunidades de vecinos, tiendas, hoteles, gimnasios, ayuntamientos o particulares, siempre con la mejor atención.",Spain,1.054924,,,
Port Tarraco,8401761.0,"Spain, Catalonia, Tarragona, 43004",https://www.linkedin.com/company/port-tarraco,www.porttarraco.com,"Port Tarraco is one of the few existing marinas of its kind in the western Mediterranean designed to offer deep water berthing for super, mega and giga yachts. The marina offers 33 deep-water berths ranging from 45 to 160m.  The latest technology, standards and security levels for the visiting VIP vessels in combination with the bespoke Concierge Service, will ensure that each yacht and crew receives a warm welcome and any personal assistance they might need, to make them feel at home. Port Tarraco has established a continual improvement system for the integrated management of its Quality, Environmental, and Occupational Health and Safety departments to promote participation, communication, teamwork, and commitment at all levels of the organization and among its collaborators. Situated in the Western Mediterranean, Port Tarraco is located in Tarragona, Spain, approximately 95km south of Barcelona. The marina provides a sheltered haven in close proximity to the major cruising destinations of the Spanish Coast, Balearic Islands and South of France.",Spain,8.401761,,,
Aguas Cristalinas Madrileñas,5227134.0,"Spain, Madrid, Getafe, 28905",https://www.linkedin.com/company/aguas-cristalinas-madrileñas,www.aguascristalinas.es,"Empresa dedicada a ofrecer servicios de Conserjería, Limpieza, Jardinería y  Mantenimiento de Piscinas en la Comunidad de Madrid.  Colaboramos con Sedes Diplomáticas (Embajadas), Hoteles, Polideportivos, Gimnasios, Centros Comerciales y Comunidades de Propietarios.",Spain,5.227134,,,
The Onsider Barcelona Extended-Stay Luxury Residences,3933913.0,"Spain, Catalonia, Barcelona, 306 C/ Aribau, 08006",https://www.linkedin.com/company/the-onsider-barcelona,www.theonsider.com,"The Onsider Extended-Stay Luxury Residences offers a true connoisseur’s experience of the city. Residential spaces created through the efforts of the prestigious interior designer Jaime Beriestain, recreates the lifestyle of Barcelona in a comfortable, sophisticated and elegant way, in which commitment with the environment is a must.  Excellence in all of its aspects, applied to welfare and knowing how to live is our main challenge. Every detail service is perfectly studied so as to be endowed with the highest quality. For this reason, we are constantly seeking the latest trends and innovations in both the city’s lifestyle, products and services that can be offered to our residents. Discretion is well managed to provide high level of confidentiality.  The Onsider Barcelona Extended-Stay Luxury Residences is one of the most energy-efficient and environmentally friendly building of the city. Home automation and cutting-edge equipment are also characteristic elements of this unique innovative concept’s lofts and apartments. Our services include: - Fully serviced luxury apartments  - 7-23h, 365 days Reception & Concierge Service - 24h, 365 days Personal Assistant - Gym & Sauna - Rooftop swimming pool & Open air cinema  For more information, please visit theonsider.com",Spain,3.933913,,,
Inmobiliaria Totiaran Baqueira,1550281.0,"Spain, Lleida, Beret, Local 3 C/ Perimetrau S/n, 25598",https://www.linkedin.com/company/11254354,www.totiaranalquilerbaqueira.com,"Somos una empresa líder en Alquiler Vacacional en Baqueira y el Valle de Arán Con más de 14 años de experiencia en el sector del alquiler vacacional de apartamentos y casas en Baqueira, TotiAran se destaca en las exclusivas zonas de Val de Ruda, junto a la estación de esquí de Baqueira Beret, así como en la zona 1700 y sus alrededores, y en los encantadores pueblos del Valle de Arán. Nos enorgullecemos de ofrecer la mejor calidad a precios insuperables. Nuestro gran equipo comprende a la perfección las necesidades de los viajeros que eligen disfrutar de este hermoso rincón del Pirineo Catalán. Ya sea para esquiar en invierno o para escapar durante el resto del año a este paraíso montañoso, nos esforzamos por brindar una experiencia única e inolvidable. En Toti Aran, ofrecemos una gama completa de servicios que cubren todas las necesidades de nuestros clientes: Alquiler vacacional: Una selección de propiedades de alta calidad. Alquiler de material de esquí y accesorios: Incluyendo servicios de reparación. Servicios de lavandería y limpieza. Mantenimiento de propiedades. Gestión inmobiliaria: Para la compra y venta de inmuebles. Nuestro enfoque integral garantiza a nuestros clientes una experiencia sin preocupaciones, donde cada detalle está cuidadosamente atendido. Con Toti Aran, su escapada a la montaña se convierte en una inversión segura y una experiencia excepcional. Descubra cómo podemos hacer de su próxima visita al Valle de Arán una estancia memorable con Toti Aran. ¡Bienvenidos!",Spain,1.550281,,,
Ibiza Luxury Homes,1264684.0,"Spain, Balearic Islands, Ibiza",https://www.linkedin.com/company/ibiza-luxury-homes,www.ibizaluxuryhomes.es,"Somos un equipo joven que juntamos nuestras fuerzas para que Ibiza Luxury Homes sea real. Juan Miguel Moreno es el propietario y el fundador de la empresa, con 5 años de experiencia en el sector inmobiliario en la isla y sumando 19 años de experiencia en toda España. Los demás traemos entusiasmo, conocimiento y experiencia en el mercado inmobiliario internacional, marketing y venta y un entorno multinacional, hablamos varios idiomas. Tenemos en venta una gama amplia de villas de lujo, casas y apartamentos y también terrenos con licencia y proyecto listos para construir. Si te apetece visitar Ibiza, te ofrecemos varias villas modernas, fincas tradicionales, casas con un estilo minimalista y apartamentos de muy buena calidad; con vistas al mar o con vista panorámica; para alquiler vacacional, diario o semanal; para toda la familia, grupos, escapada romántica, pero también para eventos como bodas, desfiles de moda, para hacer una película o un retiro de yoga, en toda la isla. Nos preocupamos por la seguridad de nuestros clientes, por lo que damos gran importancia al ofrecer sólo propiedades que han sido comprobadas que sean de manera legal alquiladas y también ofrecemos una excelente relación calidad-precio. Privacidad y confidencialidad son los elementos clave en cada contracto que Ibiza Luxury Homes firma. Por esta razón alguna de nuestras propiedades no están puestas en la web y apreciaremos que se ponga en contacto con nosotros para más detalles. Estamos a su disposición desde el primer momento que ha tomado la decisión de venir a Ibiza. Empezando con la búsqueda inicial de una propiedad adecuada, hasta la venta final o contrato de alquiler, incluyendo la parte administrativa, negociación, gestiones jurídicas y cualquier otro trámite relacionado. Disponemos de un departamento jurídico propio. Te garantizamos una transacción segura y de confianza. ¿Quieres comprar, vender o alquilar una propiedad en Ibiza? ¡No dudes en pedir nuestro consejo y asistencia!",Spain,1.264684,,,
Really Vip Luxury Properties S.L.,626883.0,Spain,https://www.linkedin.com/company/really-vip-luxury-properties-s-l-,www.reallyvip.com,"Really Vip Luxury Properties is a real estate company located in La Manga Club offering the best luxury properties for sale and for rent available in the market among other services such us concierge service, insurance consulting and translation and interpreting.",Spain,0.626883,,,
Higueron West 217,2507532.0,"Spain, Andalusia, Fuengirola",https://www.linkedin.com/company/higueronwest217,www.higueronwest.com,"Higuerón West is a high quality, innovative and sustainable residential development designed to offer the best contemporary living experience in Southern Spain. We are creating a community built around an exceptional quality of life where residents are encouraged to lead healthier lives with a great range of wellness facilities and services. This, in addition to beautifully styled contemporary apartments and sky villas, 21st century amenities and a panoramic location is what sets Higuerón West apart. Over 100.000 m2 of sustainable park landscaping, unrivalled on-site facilities and concierge services designed around your convenience reflect the fact that quality of life is the defining factor here. At Higuerón West it will be possible to find an optimal balance between work and living, with an inspiring co-working space within walking distance of your home. In short, Higuerón West was made for those who live life, work and play to the full.",Spain,2.507532,,,
Amazing Marbella / Bella Group Estate SL,1264684.0,"Spain, Andalusia, Marbella, 1ºd C/ Nuestra Señora De Gracía Nº28, 29601",https://www.linkedin.com/company/amazing-marbella,www.amazingmarbella.com,"Amazing Marbella is a real estate brand operating in Marbella, Spain. We provide personal and flawless service to our selling and buying customers. All of our property advisors have a profound knowledge and understanding of the real estate market here in Marbella with many years of experience. We have access to all the properties for sale in the Costa Del Sol area. We want to make the process of buying a property and selling a property as easy as possible to all of our customers. We truly want to understand our customers’ needs. Our goal is to exceed all the expectations and always walk the extra mile for them. Our passion is design, and by emphasizing visual communication, we bring out the best in the properties we sell. We have a profound understanding of digital marketing in the real estate industry. Amazing Marbella is more than a real estate agency; it’s a shared lifestyle. Share our passion and become a member of the Amazing Marbella Family. All of our customers will get a Amazing Marbella Family membership card with lots of benefits. You will get a nice discount on Scandinavian design items and furniture, discounted prices from the best real estate lawyers in Marbella, special deals on interior design and renovation & exclusive events for Amazing Marbella Family members. ""We provide luxury villa sales, private villa rentals, concierge, lifestyle management service & will make sure your visit to Marbella or any other destination becomes truly AMAZING!"" www.amazingmarbella.com @amazingmarbella",Spain,1.264684,,,
B2BFlats,1253766.0,"Spain, Valencia, Valencia, 10 Calle De Pascual Y Genís, 46002",https://www.linkedin.com/company/b2bflats,b2bflats.com,"We are B2BFlats, a young agency specialized in renting apartments for professional users or master/postgraduate students.  Our apartment building is located in the heart of Barcelona in one of its most historic neighborhoods, the Eixample. Nearby we have: subway lines, the San Pau hospital, the Pompeu Fabra University, the Els Encants market, Mercadona, Combis, gyms, parking and all the necessary services to make your day to day life in your apartment comfortable. We have 4 types of luxury apartments and penthouses, all of which have been renovated and designed since September 2019.  The apartments are equipped with electrical appliances, heating, electric heater, ceramic hob and folding beds with canapés.  You will also have concierge service as we have a concierge for the comfort and tranquility of the guest. B2BFlats is the direct owner of the apartments so we are not an intermediary agency. Translated with www.DeepL.com/Translator (free version)",Spain,1.253766,,,
Versatile Property Services,9285.0,"Spain, Andalusia, Marbella, 29660",https://www.linkedin.com/company/versatile-property-services,www.versatilestates.com,"With over 20 years of experience on our backs we have recently established Versatile Property Services, a company to serve property owners and help them to satisfy their needs with a very personal and tailormade approach. Our knowledge in this business within la Costa del Sol, our dedication, commitment towards our clients, flexibility and ""can do"" attitude will make us the right choice for those looking for a company which takes care of their valuable properties.  We offer a wide range of services related to your property: - Administration of Communities of Owners - Real Estate  - Holiday Rentals - Property Management - Concierge Services - Maintenance and cleaning And we do all of that treating our clients the way we would like to be treated. #Propertymanagement #RealEstate #Communityadministration #Rentals #holidayrentals #realestatesales #sales #propertiesincostadelsol #luxurypropertiesmarbella #versatilepropertyservices",Spain,0.009285,,,
Yourbesthost S.L,2839056.0,"Spain, Galicia, Vigo, 15 Entreplanta C Avenida De Hispanidade",https://www.linkedin.com/company/yourbesthost-s-l,yourbesthost.lodgify.com,Gestión de propiedades de alquileres vacacionales,Spain,2.839056,,,
High Dreams | Properties & Concierge,1264684.0,Spain,https://www.linkedin.com/company/luxury-services-rentals-international-properties,www.highdreams.es,"High Dreams properties & concierge es una empresa que cuenta con un equipo humano  experimentado en todas sus áreas. Su sede Central se encuentra en Ibiza y oficinas principales en Barcelona y Madrid. Ofreciendo  mayoritariamente sus servicios en Barcelona, Costa Maresme, Costa Brava, Ibiza y Madrid. Gestionamos la compra-venta y alquiler de viviendas exclusivas de lujo a largo y corto plazo en los rincones más atractivos del Mundo, asesorando a nuestros clientes en la elección de su propiedad o inversión inmobiliaria, dando  un servicio integral hasta el último detalle, como el  Transfer  en el Aeropuerto con nuestro servicio  privado y gestionando la acomodación en Hoteles del entorno. Luxury Services les asesora jurídicamente en la adquisición de la propiedad y les ofrece servicio de post-venta llaves en mano realizando el proyecto y la ejecucion de este, decorando de la mano de un partner excepcional, reforma, mantenimiento y custodia de su propiedad, y proteccion  con sistemas de alta seguridad a su medida con nuestra división COVERT Security.",Spain,1.264684,,,
Open House Mallorca Inmobiliaria,1253766.0,"Spain, Balearic Islands, Palma, 07001",https://www.linkedin.com/company/open-house-mallorca,www.openhousemallorca.com,"En todo lo referente a los Servicios Inmobiliarios de Compra-Venta de inmuebles en Palma de Mallorca, nuestro equipo de profesionales trabaja para ofrecerles las mejores oportunidades de inversión, y proyectos de construcción. Así mismo ponemos sobre la mesa toda nuestra experiencia en el mercado de alquiler vacacional para asesorarle del mejor modo posible, y si su intención es invertir en la compra de una propiedad, tiene la garantía de estar trabajando con especialistas. Ofrecemos una atención personalizada para cada cliente, acercándole una gama de posibilidades que se ajusten a lo que realmente necesita. Tenemos como valores el cumplimiento, la confiabilidad, el buen trato, la rapidez y la experiencia para ayudar a que su relación con nosotros sea excelente.",Spain,1.253766,,,
The Good Rentals,2455578.0,"Spain, Basque Country, Donostia / San Sebastián, 20218",https://www.linkedin.com/company/the-good-rentals,www.thegoodrentals.com,"Si estas leyendo esto, puede que estes dentro de una de las siguientes casuísticas:  - Tienes una propiedad en alquiler, pero te quita demasiado tiempo - Tienes una propiedad que no sabes cual es el rendimiento máximo que le podrías sacar - Estas pensando en invertir en inmuebles, pero no tienes claro cuál es la mejor opción - Has entrado aquí de casualidad Si tu caso es el último, esperamos que te guste el contenido y que algún día te podamos ayudar. Sin embargo, si estas en alguno de los 3 primeros casos, te podemos ayudar desde HOY. Nos dedicamos a la gestión total de alquileres vacacionales y a la gestión de inversiones inmobiliarias. Es decir, nos encargamos de sacar el máximo rendimiento posible a tu propiedad sin que te tengas que preocupar por nada, tanto si ya dispones de esa propiedad como si estás pensando en adquirir alguna.  ¿Qué quiere decir una gestión total? - Check in/Check out - Gestión de reservas - Coordinación de calendarios - Trato con los inquilinos y experiencia de usuario - Limpieza - Tramitación de licencias Para que puedas probar el potencial de tu propiedad, estamos ofreciendo un ESTUDIO GRATUITO de los ingresos que generaría tu propiedad en alquiler turístico. Nuestros más de 8 años de experiencia en el sector nos permiten analizar la propiedad, la zona y su demanda por los turistas en las principales plataformas. Así, te puedes hacer una idea del dinero que te haría generar tu propiedad de una manera totalmente pasiva. Si quieres probar, ponte en contacto con nosotros para recibir tu ESTUDIO GRATUITO y valorar la opción del alquiler vacacional. Cada vez somos mas, por lo que no estaremos tan locos... Saludos!",Spain,2.455578,,,
CAN NEMO SL,1264684.0,"Spain, Balearic Islands, Cap Martinet",https://www.linkedin.com/company/can-nemo,www.cannemo.com,"Can Nemo pioneered the „Luxury Villa Meets 5 Star Hotel"" concept, combining the quality and service of a hotel with the authenticity, privacy and comfort of a private villa rental with dedicated full trained 8 staff members for complete guest satisfaction. With 6 seaview suits, for up to 12 guests, car and on-demand concierge services for restaurants, nightclubs, in house spa treatments, and amazing adventures we are likely the best and only villa in Ibiza.",Spain,1.264684,,,
Global Propiedad Gestión,1396640.0,"Spain, Andalusia, El Puerto De Santa María, 49 Calle Jerónimo Roure, 46520",https://www.linkedin.com/company/global-propiedad-gestion,www.globalpropiedad.com,"Estamos especializados en la creación de soluciones a medida, ofreciendo asesoramiento integral y todo tipo de gestiones relacionadas con el patrimonio. Tenemos la solución idónea para cada ámbito concreto de la propiedad: inmobiliaria, alquiler vacacional, servicios jurídicos y obras y reformas, somos tu “club del propietario"". ¿Por qué Global Propiedad? Tienes a tu disposición un equipo de profesionales con más de 20 años de experiencia y contarás con un especialista 100% implicado en tu caso. Además, te acompañamos durante todo el proceso de compra, venta y gestión de tu vivienda.",Spain,1.39664,,,
Unique Mallorca Luxury Real Estate S.L,331425.0,"Spain, Balearic Islands, Calvià, 43 Carrer Gran Via, 07180",https://www.linkedin.com/company/unique-mallorca-real-estate,www.uniquemallorca.com,"If you're looking to buy or sell a home in Mallorca, it's easy to feel overwhelmed and not know where to start... With so many real estate agencies, it's can be confusing, stressful and time-corrosive trying to communicate and navigate your way through the process.  Our service is not about financial transactions, because we have been selling homes and improving lives for our clients and their families for the last 25 years, and we know how to personally care for you and sail you smoothly through the process with confidence.  Our listings offer every type of house, home or apartment you can think of. From sea view villas for sale in Mallorca to gorgeous countryside fincas. With a wide range of luxury real estate in Mallorca, a database of luxury property for sale in Majorca, mainland Spain, the Balearic islands and professional knowledge of the Mallorca real estate markets. In addition, we tailor each property search to match your exact lifestyle requirements, so if we don't have your dream home already listed, we conduct a unique, bespoke search on your behalf, tapping into our vast insider industry connections and affiliates to locate your perfect property in Mallorca.  We're also the first Mallorca real estate agent to ever offer interactive VR tours or video walkthroughs on ALL of our properties. This gives you an unmatched view and feel of the homes and saves you time, energy and money.  In addition, our services include selling your home in Spain, valuations, concierge, management of properties and interior design to name but a few Unique Mallorca’s main office is situated in El Toro, Puerto Adriano in southwest Mallorca.  Unique Mallorca and affiliates provide a one-stop shop, for your needs; including relocation services, legal advice, mortgages, furnishings, tax advice, property management and rental services. If you’re looking to buy or rent real estate in Majorca then we have everything you need. We’re ready, listening and waiting to help you ❤",Spain,0.331425,,,
LUXA HOME,964935.0,"Spain, Madrid, Madrid, 14 Calle De Velázquez, 28001",https://www.linkedin.com/company/luxahome,luxahome.com,"Luxa Home offers a careful selection of short/medium stay rental apartments in Madrid, satisfying the expectations of a demanding customer in search of tranquility, comfort and design. Luxa Home's mission is to provide the exceptional service of a world-class hotel, in the private and intimate setting of a luxury residence. Luxa Home, in collaboration with a team of architects and interior designers, select, renovate and decorate apartments to offer a unique and authentic experience for design lovers. It have currently has more of 60 exclusive apartments in Madrid, located in the most prestigious areas of the capital, such as the Salamanca neighborhood, Retiro and Centro Some of its services include, concierge, premium amenities, transfers, daily cleanings, private chef, among others.",Spain,0.964935,,,
Fincas Tramuntana,1264684.0,"Spain, Balearic Islands, Sóller, 07100",https://www.linkedin.com/company/fincas-tramuntana,www.fincastramuntana.com,Somo la empresa líder de Sóller en gestión patrimonial. Nuestro trabajo se fundamento en los servicios que se describen:    - Gestión del alquiler vacacional de casas y apartamentos    - Administración de fincas,Spain,1.264684,,,
LUX HOUSES EXPERIENCE,1264684.0,"Spain, Catalonia, Malgrat De Mar, 08380",https://www.linkedin.com/company/lux-houses-experience,www.luxhouses-experience.com,"Lux Houses Experience es una de las empresas  líderes en alquileres vacacionales de la costa del Maresme y la Costa Brava, con más de 10 años de experiencia en el sector.  Ponemos a su disposición algunas de las propiedades más espectaculares de esta maravillosa franja de costa. Nuestras villas y casas cuentan con un gran encanto y en ellas todo está cuidado hasta el más mínimo detalle para que usted y los suyos disfruten de una maravillosa estancia. Por supuesto, estamos ubicados en el centro neurálgico del Maresme/Costa Brava, con lo que podemos ayudarle a planificar sus vacaciones y ofrecerle cualquier servicio prácticamente en tiempo real: traslados al aeropuerto, alquiler de vehículos, actividades acuáticas y mucho más. Todos los alojamientos vacacionales que ofrecemos cumplen con la normativa vigente y ofrecen los más altos estándares de calidad.",Spain,1.264684,,,
HelloDomik,1264684.0,"Spain, Andalusia, Torremolinos, 29620",https://www.linkedin.com/company/hellodomik,www.hellodomik.com,Hellodomik es una empresa gestora de alquiler vacacional de propiedades con amplia experiencia y vocación.,Spain,1.264684,,,
BOUGAINVILLEA IBIZA,1264684.0,"Spain, Balearic Islands, Santa Eulària Des Riu, 11 Carrer De Sant Llorenç, 07840",https://www.linkedin.com/company/bougainvillea-ibiza,www.bougainvilleaibiza.com,"Bougainvillea Ibiza is a luxury concierge & real estate company.   There’s nothing quite like the comfort of knowing that you are in safe hands, having a trusted partner on the island that you can rely on!   Let us take care of even the smallest of details, so you can spend your valuable time doing what matters most to you, time to turn off and escape the world. All you have to do is sit back and relax.   From planned itineraries - to private jets, those hard-to-get reservations, outdoor activities, surveillance options, staffing options, chefs, childcare, personal shopping, boats, nightlife, or that one-off special event. The list of possibilities is endless with nothing being too big or too small.   YOU JUST NAME IT! Everything is à la carte. With real estate & property solutions, being in such high demand on the island, whether you are looking to buy, sell or rent, we can help you find the perfect property tailored to your lifestyle. If you already own your piece of paradise, we have an expert team ready to manage and care for it as if it were their own. Everything is covered!",Spain,1.264684,,,
Javea Estates,1880649.0,"Spain, Valencia, Javea, 6 Calle Corriol, 03738",https://www.linkedin.com/company/javea-estates,www.javeaestates.com,"English: Javea Estates is an Estate Agent to sell your property. Javea Estates also specializes in longterm let as well as holiday let. If you can't find what you need, contact our mulilingual staff, English, Español, Deutsch, Francais, Italiano or Chinese and we will search for it. Español: Javea Estates en un inmobiliara para la vender su propiedad. Tambien estamos especialisados en el alquiler a largo plazo y el alquiler de verano. Si no encuentra lo que esta buscando, contacta con nuestro personal multilingual en Español, English, Deutsch, Francais, Italiano o Chino. Deutsch: Javea Estates ist eine Immobilienfirma. Auch spezialisieren wir uns auf die langzeit Vermietung, sowie Ferienvermietung. Wenn Sie etwas nicht finden, kontaktieren Sie uns mehrsprachiges Büro auf Deutsch, English, Español, Francais, Italiano oder Chinesisch.",Spain,1.880649,,,
The Vincci Club,626883.0,Spain,https://www.linkedin.com/company/thevincciclub,thevincciclub.com,"ABOUT US: Our team provides our members with the most complete Personal Assistant Service in the market.  Holiday Rentals, Concierge Assistance, Yacht & Private Jet Charters, we have it all to manage our members needs and deliver unique experiences. In our Property Finder Service, we represent the buyer. We provide expert integrated advice for luxury residential real estate acquisitions in Mallorca and Ibiza. We have the knowledge and access to unique off-market and on-market properties. We work only with our long-standing private network of contacts as well as the most recognized local professional partners. OUR COMMITMENT Our approach sets us apart to - Deliver the highest level of expertise. - Uphold an ethic of good service, always putting our clients first. - Strive for the best results but also provide a rewarding experience based on    informed, honest communication. Mallorca and Ibiza are some of the most in-demand locations across Europe for luxury properties. Whether you are purchasing a home in which to live, a holiday-hideaway, or even a profitable RE investment, gaining exposure to the Balearics is a great mark of success as it is full of excellent opportunities.",Spain,0.626883,,,
Villa 25 Escapes S.L.,2517336.0,"Spain, Andalusia, Marbella, Avenida Bruce Springsteen Urb. Las Mimosas, 29604",https://www.linkedin.com/company/villa25decor,www.villa25escapes.com,"We are a husband & wife owned and managed boutique, concierge business specialising in Exclusive Holiday Rentals, Property Rentals & Real Estate.  If you’re looking for huge offices, dozens of nameless account managers and smooth talkers, that’s not us. We’re the kind of people who remember your cat’s name and your favourite brand of coffee. We’re the friendly neighbour who tells you you left your car lights on and will sign for your Amazon packages when you’re not around. We’re the kind of people you want looking after your home. The kind of people looking after your people. Your kind of people. Welcome to peace of mind.",Spain,2.517336,,,
Grupo Inmobiliario La Dorada,2507532.0,"Spain, Catalonia, Cambrils, 10 Carrer Gotic, 43850",https://www.linkedin.com/company/grupo-inmobiliario-la-dorada,www.inmobiliarialadorada.es,"La Dorada es una compañía fundada por Doña María Esteban en 1977, especializada en la gestión integral inmobiliaria y en la construcción de chalets y apartamentos, que ha ejecutado el plan urbanístico y la construcción de las viviendas hoy existentes en la Urbanización La Dorada. Desde nuestras cinco oficinas en  la Costa Dorada: tres oficinas en Cambrils, una oficina en Miami Playa y  otra oficina en L'Hospitalet de L'Infant y nuestra delegación de ventas en Moscú, nuestro equipo de profesionales está especializado en asesorarle con la información necesaria y ejecutar todos los procedimientos necesarios para la adquisición de su vivienda. Le garantizamos el mejor asesoramiento fiscal y jurídico, para la defensa de sus intereses.    Ponemos a su disposición, la más amplia cartera de inmuebles (pisos, apartamentos, casas, chalets, terrenos), que puede ver en nuestra web www.inmobiliarialadorada.es, que actualizamos diariamente y que ponemos a su alcance con las máximas facilidades. SERVICIOS INMOBILIARIOS Compra-venta de inmuebles Alquiler vacacional y de temporada Administración de comunidades Promociones inmobiliarias Construcciones y reformas Seguros Mantenimiento general de su vivienda  Asesoría fiscal y jurídica  Tramitación del permiso de residencia Financiación para comprar",Spain,2.507532,,,
Emporion Real Estate Costa Brava,3761298.0,"Spain, Catalonia, Calonge, 57 Calle Milan, 17251",https://www.linkedin.com/company/emporion-real-estate-costa-brava,www.costa-brava-real-estate.com,"Emporion Real Estate es una nueva agencia inmobiliaria especializada en la Costa Brava y basada en el concepto de Garantía de Satisfacción. Ofrecemos servicios profesionales de intermediación para compra-venta, alquiler de larga duración y alquiler vacacional de inmuebles  en la Costa Brava. Asesoramos a inversores extranjeros en cuanto a oportunidades de inversión en una zona que tiene un enorme potencial y un gran atractivo. La Costa Brava es uno de los principales destinos turísticos y lugar de residencia y retiro de personas de muchos países europeos como Alemania, Francia, UK, Holanda, Bélgica, ya hace unos años Rusia. Recientemente ha despertado el interés de China. A los propietarios, les ofrecemos servicios profesionales con alta implicación y rigor, y compromiso de satisfacción, cuidando sus intereses y apoyándolos en la obtención de sus objetivos tanto en loa venta como en el alquiler de larga duración o vacacional, un modelo de negocio en franca expansión y probada rentabilidad. Asimismo, la relación de confianza que se genera con nuestros clientes nos lleva a brindarles servicios complementarios de mantenimiento, limpieza, cuidado de jardín y piscinas, instalaciones de energía,comunicaciones, domótica, seguridad, etc. Siempre con un compromiso ético de transparencia y calidad y garantía de satisfacción.",Spain,3.761298,,,
Adamas Villas,626883.0,"Spain, Catalonia, Sant Just Desvern, 4a C/frederic Mompou, 08960",https://www.linkedin.com/company/adamas-villas,www.adamasvillas.com,"Adamas Villas is a luxury villa booking company located in Barcelona, one of the most modern and tourist cities in Spain. We work to create a unique escape, with memories that stay with our clients throughout the years.  Our main objective is to exceed our clients’ expectations, to which end our concierge service aim to discover their hopes for their holiday and what requirements they may have. We are proud of having a comprehensive portfolio of villas with rich and varied features covering a wide range of options, from beachfront villas in Ibiza, inland properties with inherent unique characteristics like a “masia” in L’Empordà, and finally metropolitan houses such as Barcelona or Marbella.",Spain,0.626883,,,
Finques Port Calella,1755657.0,"Spain, Catalonia, Palafrugell, 26 Calle De Chopitea, 17210",https://www.linkedin.com/company/finques-port-calella,portcalella.com,"Empresa familiar con más de 35 años de experiencia en el sector inmobiliario y del alquiler vacacional, Finques Port Calella es especialista en la gestión tanto del alquiler como de la venta de inmuebles en la zona de la Costa Brava, especializándose en las zonas de Calella de Palafrugell y Llafranc.",Spain,1.755657,,,
Planet Costa Dorada,6268830.0,"Spain, Catalonia, Vila-seca, Nº 24 Rambla Catalunya, 43480",https://www.linkedin.com/company/planetcostadorada,www.planetcostadorada.com,"PlanetCostaDorada es una empresa consolidada con una amplia experiencia en el sector inmobiliario.  Disponemos de un equipo humano altamente cualificado con delegaciones propias en varios países.  Contamos con el servicio online más potente y actualizado del mercado. La calidad y seriedad de nuestro trabajo nos convierte en todo un referente en el sector del alquiler turístico y venta de inmuebles. PlanetCostaDorada tiene presencia en ferias internacionales como MITT Moscú o Mondial du tourisme Paris. Somos miembros de la Asociación Promotores Inmobiliarios (API) y pertenecemos a la asociación de Apartamentos turísticos de la Costa Dorada. Asociación profesional integrada por las empresas legalizadas del sector de apartamentos turísticos, asociación que otorga a los clientes de sus asociados un sello de confianza y seguridad. Empresa de alquiler vacacional en Tarragona y Costa Dorada. Si lo que busca es una empresa y agencia de confianza para el alquiler de su apartamento, casa o piso vacacional, Planet Costa Dorada es la mejor elección como propietario o huésped. Para nosotros, lo importante son las personas, por ello disponemos de un equipo altamente cualificado para llevar a cabo una experiencia única para sus vacaciones o una empresa de confianza para el cuidado y mantenimiento de su vivienda de alquiler de vacaciones.",Spain,6.26883,,,
Costa Brava Fincas SL,294542.0,"Spain, Catalonia, Girona, 115 Playa De Aro, 17250",https://www.linkedin.com/company/costa-brava-fincas-sl,www.costabravafincas.com,"Empresa dedicada al sector inmobiliaria (venta y alquiler vacacional, ubicada en Playa de Aro (Girona)",Spain,0.294542,,,
TUHO Real Estate,1264684.0,"Spain, Madrid, Madrid, 27 Calle De Velázquez, 28001",https://www.linkedin.com/company/tuho,tuho.es,"We are an international real estate based in Madrid. Focused on the brokerage of luxury real estate, offering Premium Concierge Service to its clients for a personalized experience. Built under the commercial structure TUHO Ambassadors (The Ultimate House Ambassadors).",Spain,1.264684,,,
House & Country Real Estate,1880649.0,"Spain, Malaga, Benahavis, Ctra. De Ronda Km 42, 29679",https://www.linkedin.com/company/5042366,www.houseandcountry.com,"House & Country Real Estate Andalucia, office is located on the Ronda road, surrounded by the prestigious developments of La Zagaleta, El Madroñal , La Heredia and La Quinta just to name but a few.Although we specialize in the vast area of Benahavis, we provide discerning international clients with the finest luxury properties in Sotogrande and the greater Marbella area such as Marbella East: El Rosario and Los Monteros. Golden Mile: Sierra Blanca and Puente Romano , Guadalmina,area of Nueva Andalucia including Golf Valley. Inland country estates in Andalucía.Our multilingual team will advise and offer you a personalized service choosing the best property to adapt to your needs, marketing its sale or renting it short or long-term. Our Project Management service can look after your property and the VIP Concierge will help you find anything or anyone you may need. We can put you in touch with reputable professionals such as lawyers, Interior Designers or Architects.We hope to continue the solid work ethics of our company.",Spain,1.880649,,,
FINCAS ARENA,2455578.0,"Spain, Valencia, Benidorm",https://www.linkedin.com/company/fincas-arena,www.fincasarena.es,Agencia Inmobiliaria especializada en venta de inmuebles y alquiler vacacional en Benidorm,Spain,2.455578,,,
MálagaSimple,1264684.0,"Spain, Andalusia, Málaga, 4 Calle Litoral, 4º3",https://www.linkedin.com/company/málagasimple,malagasimple.com,Gestión de viviendas en alquiler vacacional. Apartamentos turísticos para obtener más ingresos con menos preocupaciones. Nos encargamos de todo.,Spain,1.264684,,,
Finques Cel Blau,3398010.0,"Spain, Catalonia, Sant Feliu De Guíxols, 1 Rambla Vidal, 17220",https://www.linkedin.com/company/finques-cel-blau,finquescelblau.com,"Somos un equipo de personas atípicamente enamoradas del sector inmobiliario, donde trabajamos cada tópico para romperlo y transformarlo en un valor añadido. Aportamos confianza, seguridad, conocimiento en el mercado de compraventa, alquileres anuales y alquiler vacacional en Sant Feliu de Guíxols, S'Agaró y, en general, en la Costa Brava. Somos conscientes de que cualquier acción que tenga que ver con tu casa es un cambio trascendental para tu vida. Y por eso estamos aquí, para ayudarte, hacerlo fácil, transparente y cómodo. Para confiar el uno en el otro, nos tendremos que conocer. Te esperamos con muchas ganas.",Spain,3.39801,,,
EXCLUSIVE HOMES,1880649.0,"Spain, Andalusia, Fuengirola, 1 Alfonso Xiii, 29620",https://www.linkedin.com/company/exclusivehomes,www.espacioexclusive.com,"En Exclusive Homes somos un equipo de trabajo dinámico y especializado en viviendas de la Costa del Sol y Melilla.  Ofrecemos una amplia selección de propiedades, tanto para la venta como el alquiler de larga y corta temporada.  o	Viviendas de segunda mano. o	Obra nueva. o	Alquiler de larga temporada. o	Alquiler vacacional. o	Locales comerciales. o	Fincas rústicas. o	Parcelas urbanas. Si entre nuestra cartera de inmuebles, no encuentra lo que necesita, nosotros se lo localizamos. Estamos aquí para ayudarles. Así mismo, le acompañamos en todo el proceso, poniendo a su disposición una amplia gama de servicios profesionales que le facilitarán y ahorrarán tiempo en solventar las gestiones que se le presenten.  o	Asesoría jurídica. o	Asesoría fiscal. o	Asesoría técnica/arquitectos. o	Financiación bancaria o	Traducción jurada.   Tenemos oficinas en el centro de Fuengirola y en el centro de Melilla, así como casetas de ventas en las distintas promociones de obra nueva en exclusiva de nuestra cartera, donde nuestro equipo podrá atenderle y asesorarle tanto para invertir como para buscarle su vivienda.",Spain,1.880649,,,
CasaRentable,626883.0,"Spain, Balearic Islands, Palma, 45a Calle Aragón, 07005",https://www.linkedin.com/company/casarentable,www.casarentable.com,En CasaRentable somos expertos en la gestión de viviendas para alquiler vacacional y de  Temporada en Mallorca. Obtenemos el máximo rendimiento por tu casa y gestionamos todo lo relacionado con su alquiler para que no tengas que preocuparte absolutamente de nada. Entre nuestros servicios se encuentra;  - Asesoramiento legal.  - Gestión de alquiler de corta estancia y vacacional. - Home Staging. - Venta de viviendas.,Spain,0.626883,,,
Dail Assist S. A.,1264684.0,"Spain, Andalusia, Marbella, 38 C/ Verdi, 29602",https://www.linkedin.com/company/dail-assist-s-a,www.dailassist.com,Luxury Concierge Services,Spain,1.264684,,,
Nolan Group,2455578.0,"Spain, Canary Islands, Adeje, Calle Jardín Botánico, 38670",https://www.linkedin.com/company/nolan-group-spain,www.nolansgroup.com,"Nolan Group: Luxury Real Estate & Holiday Rentals in Tenerife Nestled in the heart of the enchanting Canary Islands, Nolan Group is the epitome of luxury real estate and holiday rental experiences in Tenerife. With a prestigious reputation built on years of expertise and dedication, we pride ourselves on delivering unparalleled services that cater to the most discerning clientele. Our meticulously curated collection of high-end properties showcases the island's most breathtaking vistas, contemporary architecture, and top-of-the-line amenities. Ranging from opulent villas to lavish apartments and exclusive penthouses, each property exudes elegance and sophistication, ensuring the ultimate indulgence for your stay in Tenerife. At Nolan Group, we understand that a memorable holiday is more than just a luxurious property. That's why we provide a comprehensive suite of bespoke services to elevate your experience. Our dedicated team of professionals is available around the clock to cater to your every need, from personalized concierge services, private chefs, and housekeeping to exclusive yacht charters, golf course bookings, and guided tours. Immerse yourself in the island's captivating beauty as you explore its idyllic beaches, dramatic volcanic landscapes, and vibrant local culture. With its year-round warm climate, Tenerife offers the perfect blend of relaxation and adventure, making it an ideal destination for an unforgettable luxury getaway. Choose Nolan Group for an unrivaled holiday experience in Tenerife, where we transform your dreams into reality with our world-class real estate and bespoke services tailored to your unique desires. Discover the true essence of island living, as you bask in the lap of luxury and make memories that will last a lifetime.",Spain,2.455578,,,
Inmobiliaria Costa Sol,2507532.0,"Spain, Valencia, Santa Pola, 16 Calle Almirante Antequera, 03130",https://www.linkedin.com/company/inmobiliaria-costa-sol,www.inmocostasol.com,"Alquiler vacacional, alquiler residencial y venta de todo tipo de propiedades en Santa Pola y alrededores. Empresa consolidada con mas de 25 años de experiencia en el sector.  Trabajamos para ofrecerte un servicio cercano y adaptado a tus necesidades. Queremos que nuestros clientes queden satisfechos con nuestro trabajo y asi poder seguir creciendo.",Spain,2.507532,,,
Binimarina Real Estate,1880649.0,"Spain, Valencia, L'alcúdia, 21 Carrer De Canet Del Rosselló, 07400",https://www.linkedin.com/company/binimarina,www.binimarina.com,"Binimarina es una agencia inmobiliaria especializada en venta de propiedades de lujo y alquiler vacacional en Mallorca. Agencia fundada y dirigida por María Luisa Fuster y Rodrigo Sanz que juntos cuentan con más de 18 años de experiencia en el sector distinguiéndose por ofrecer un servicio exclusivo y personalizado. Mallorca ofrece un inigualable nivel de calidad de vida con la perfecta combinación de mar y montaña, excelentes comunicaciones, elevada oferta de colegios internacionales, espectaculares playas y una amplísima oferta cultural.",Spain,1.880649,,,
Nord Villas Pollensa,3134415.0,"Spain, Balearic Islands, Pollença",https://www.linkedin.com/company/nord-villas-pollensa,www.nordvillaspollensa.com,"Somos una empresa dedicada al alquiler vacacional de propiedades en toda Mallorca, especialmente en la zona norte. We are a company dedicated to holiday rental properties throughout Mallorca, especially in the north area.",Spain,3.134415,,,
Bahia Space,5900869.0,"Spain, Madrid, Madrid, Calle Bahía De Pollensa Nº5, 28042",https://www.linkedin.com/company/bahia-business-center,www.bahiaspace.com,"Bahía Space se encuentra ubicado en una estratégica localización. Situado en las proximidades del aeropuerto Adolfo Suarez Madrid-Barajas, la zona de negocios de Campo de las Naciones (junto a IFEMA) y las principales vías de circunvalación de Madrid, en una de las zonas más dinámicas y con más posibilidades para desarrollar una actividad empresarial. Le ofrece la posibilidad de disponer de un espacio de trabajo en un edificio de máximo confort, diseño y calidad. Si deseas más que un lugar para tu empresa o emprender un proyecto, en Bahía Business Center tendrás un espacio de trabajo sólo cuando lo necesites, sin inversión inicial, con máxima flexibilidad y total disponibilidad. Edificio con control de acceso, cámaras de seguridad, servicio de conserjería, parking en el propio edificio y directorio de empresas. Fachada muro cortina, que proporciona espacios con excelente luminosidad. Nuestros servicios están diseñados para ayudarle a proyectar la imagen que usted desea para su negocio o empresa. Contáctenos en el 915 991 492. Instagram:  https://www.instagram.com/bahiaspace/ Twitter: @bahiaspace Facebook: https://www.facebook.com/bahiaspace/",Spain,5.900869,,,
Sierra Conde International Brokers,1258668.0,"Spain, Madrid, Madrid",https://www.linkedin.com/company/soholivingmadrid,sierraconde.com,"Our Mission: To service clients who are looking for a better lifestyle in Madrid and offering them an American style 360º real estate service.  We aim to make finding apartments an enjoyable experience by using cutting-edge technology and our attentive concierge service. We also strive to have the highest amount of luxury pet-friendly apartments, to open an even more significant amount of possibilities. At Sierra Conde, you will find the “New York City style” of service and living, to enjoy the life you deserve.",Spain,1.258668,,,
GRUPO DVOS,3146670.0,"Spain, Andalusia, Marbella, 12 Calle La Dorada, 29018",https://www.linkedin.com/company/grupodvos,exclusives.grupodvos.com,"Started as a real estate agency, Grupo Dvos has grown from an agency selling properties, to a building developer providing people from all over the world with brand new homes.  Our units consist of Real Estate, Building construction, Renovations, After-Sales, Concierge services, Interior- and Landscape Architecture. Combined together, these create the structure and the organisation of the company and allow us to cater to all of your necessities for a property in Marbella. If you are looking for an Investment opportunity, holiday home or a permanent residency in Marbella, we are here to give you an extensive service that not just meets but exceeds all your needs and expectations.",Spain,3.14667,,,
Thurm Concept S.L.,3761298.0,"Spain, Balearic Islands, Andratx, 12 C./ Sa Fabrica",https://www.linkedin.com/company/thurm-concept-s-l,www.thurm-concept.com,"Die THURM CONCEPT S.L. auf Mallorca ist eine Tochtergesellschaft der international tätigen THURM-GRUPPE und setzt sich aus den Tätigkeitsbereichen ""Premium, Real Estate, Yachting, Luxury Cars, V.I.P Events, Concierge, Boatservice und Boatstorage"" zusammen. Die THURM-GRUPPE wurde 1968 in Berlin gegründet und wir feiern 2018 gemeinsam unser 50jähriges Firmenjubiläum.",Spain,3.761298,,,
3LIM2000,2242926.0,"Spain, Madrid, Madrid, 14 C/ Ebro, 28864",https://www.linkedin.com/company/3lim2000,3lim2000.es,"3LIM2000 FACILITY SERVICES: Empresa de servicios: conserjería. limpiezas, jardinería, piscinas y mantenimiento en general de edificios.",Spain,2.242926,,,
Real Estate Runner,626883.0,"Spain, Valencia, Elche",https://www.linkedin.com/company/real-estate-runner,www.rr.eu,"Real Estate Runner offers a concierge service focused on finding the right real estate product for you or the right buyer for your house. Our team is formed of professionals living their dream in Spain and combining it with their biggest passion - Real Estate. Thanks to our experience in this sector we have built a network of the best and most reliable realty brokers across Europe, which we use to find the property that matches you.",Spain,0.626883,,,
Edén Rentals,2455578.0,"Spain, Canary Islands, Santa Cruz De Tenerife",https://www.linkedin.com/company/edén-rentals,www.edenrentals.es,"EDÉN RENTALS nace de la mezcla de muchas pasiones. Somos un equipo de personas con años de experiencia en el sector y apasionados por viajar, conocer nuevas culturas, rincones de nuestro planeta y su gente. Es para sus clientes, para los que EDÉN RENTALS destina toda su energía ofreciéndoles convertir sus propiedades en una perfecta opción vacacional para ofrecer una gran experiencia al turismo que lo demanda. Ofrecemos toda nuestra experiencia y conocimiento del sector para asesorar a nuestros clientes en la toma de decisiones desde la inversión inicial, analizando rentabilidades potenciales y durante el proceso integral de la gestión de dicha inversión. Garantizamos un trato profesional y cercano tanto a nuestros clientes como a nuestros propietarios siendo importante para nosotros garantizarles que su vivienda será cuidada con mucha atención y cariño como si se tratara de nuestra propiedad. Edén Rentals pone a la disposición de sus clientes, los propietarios, una amplia experiencia en la gestión de propiedades de alquiler vacacional y de lujo, teniendo como premisa el obtener la mayor rentabilidad para sus propiedades garantizando el mejor cuidado de éstas. Dentro de los servicios que ofrecemos a nuestros clientes se encuentran: - Gestión integral de propiedades de alquiler vacacional. - Asesoramiento para el desarrollo de la actividad. - Asesoramiento de inversiones inmobiliarias. - Asesoramiento y/o ejecución de interiorismo para explotación vacacional. - Compra-Venta de propiedades Inmobiliarias (Edén Sales). ¿Nuestro secreto para lograrlo?: Proporcionar a nuestros huéspedes una experiencia que supere sus expectativas.",Spain,2.455578,,,
PLUG&PLAY - EXPATCONCIERGE,1743218.0,"Spain, Catalonia, Barcelona, 284 Calle De Córcega, 08008",https://www.linkedin.com/company/barcelona-plug&play,www.expatconcierge.net,"Plug&Play est la première conciergerie administrative et domestique en Espagne, destinée aux particuliers et aux entreprises.    Depuis sa fondation en 2014, à Barcelone, nous avons développé une véritable expertise pour offrir une aide à l’expatriation et un soutien opérationnel complet à l'installation en Espagne. Nous pensons également en termes de missions ponctuelles pour vous aider à gérer le quotidien.   Nos services, à la carte ou sous forme de packs Les Indispensables, répondent à toutes les problématiques essentielles liées à l’installation à Barcelone et à la vie quotidienne : - Obtenir son NIE - Résider en Espagne, seul ou en famille - Travailler en Catalogne - Conduire à Barcelone - Être soigné - Déménager et s’installer   Que vous soyez particulier, entrepreneur, entreprise, faites-nous confiance pour prendre en charge vos problèmes et vous accompagner.  Osez-vous faire aider !  Plus d'infos, plus d'actualités : https://linktr.ee/audreyml",Spain,1.743218,,,
Dampier International Luxury Real Estate,1755657.0,"Spain, Valencia, Benissa, Carrer Del Roser, 03730",https://www.linkedin.com/company/dampier-international-luxury-real-estate,www.dampierinternational.com,"Dampier International is a family-run agency with 25 years experience in the Spanish property market with expertise in Sales, Rentals, Construction and Property Management – expertise supported by reliability, honesty, professionalism and a well-established network of trusted local contacts. Dampier International is made possible by a family with wide-ranging knowledge and proficiency, each one of us sharing an enthusiasm for providing unparalleled service and a luxury experience for our clients who are hoping to find their own dream home. Covering all residential areas of Moraira, Benissa, Javea, Calpe, Altea, Denia, Marbella, Malaga, Estepona, Sotogrande, Mallorca, Ibiza and surrounds, as well as personally selected property in the most prestigious locations in both mainland Spain and its islands, we not only offer traditional buying and selling services but also investment projects. We have in depth knowledge of the local market trends and are best placed to assist our clientele find a new residence, holiday home or investment property. Thanks to our property search engine you can find your dream home or investment project in the Costa Blanca or select areas. We have more than 500 properties available, from villas for sale in Javea, New Build Villas for sale in Moraira, Luxury New Build Villas for sale in Denia, apartments for sale in Javea Port, New Build Villas for sale in Javea, plots for sale in Javea, Houses for sale in Altea, Properties for sale in Benissa, Fincas for sale in Denia, theres something for everyone. Head to our services  area to discover the extra concierge services we can also organise to make your experience incredible.",Spain,1.755657,,,
Casasol Holiday,6380807.0,"Spain, Andalusia, Nerja, 78 Calle Los Huertos, 29780",https://www.linkedin.com/company/casasolholiday,www.nerjaholidayrentals.com,"Casasol es una empresa de gestión de alquileres turísticos con más de 20 años de experiencia, y fue fundada con sede en la calle Los Huertos en 1998 para ofrecer una solución de gestión de alquileres y mantenimiento a extranjeros con segundas residencias, en su mayoría conocidos y amigos. Hoy en día la empresa es líder en Nerja con una cartera de 130 propiedades en gestión. Nuestra Misión: Apoyar al propietario a rentabilizar su propiedad y mantenerla en perfecto estado para que pueda despreocuparse, especialmente si vive la mayor parte de su tiempo en el extranjero. Nuestra Visión: Ser la empresa de gestión de alquileres vacacionales de mayor confianza y referencia en Nerja con una cartera de propiedades de alta calidad. Nuestros Valores: Centramos nuestros esfuerzos en la satisfacción del cliente, aportando soluciones únicas y de calidades basadas en nuestros 3 valores más importantes RESPETO, RESPONSABILIDAD Y TRANSPARENCIA.",Spain,6.380807,,,
Easy Brava By Keller Williams Girona,1880649.0,"Spain, Catalonia, Calonge, 22 Av. Puigcerver, 17251",https://www.linkedin.com/company/easy-brava,www.easybrava.com,"La agencia inmobiliaria Easy Brava, con oficinas en Calonge y Palamós, os ofrecen todos los servicios inmobiliarios que puedan necesitar. Con las soluciones desarrolladas por nuestros expertos inmobiliarios, podemos evaluar el valor de mercado de su vivienda. Nos encargamos de la venta y del alquiler vacacional de su casa o apartamento, gestionamos todo tipo de tramites administrativos, cédula de habitabilidad, certificado energético, registros HUT y incluso podemos ofrecerle la financiación o el seguro que le conviene.",Spain,1.880649,,,
DECASTEX,626883.0,"Spain, Madrid, Madrid, 66 Calle Maiquez, 28009",https://www.linkedin.com/company/decastex,www.decastex.com,"DECASTEX is offering Real Estate Investment expertise since 2010. At DECASTEX we advise our clients about real estate investment in Spain, taking advantage of the promising opportunities brought about by the strong price adjustment that the country has witnessed. We propose to our clients turnkey real estate investment projects looking for an economic profit that is much higher than the profit offered by bank deposits/books at the moment. We pursue profitability both in the traditional housing rental market and in other types of top-valued seasonal rentals: holiday rentals, short-term rentals, and medium-term rentals for managers or professionals needing temporary accommodation, etc. The choice about the type of rental is based in view of the investor’s needs. Apart from this profitability, the investor may obtain additional profits, depending on the fluctuations of the real estate market prices, since there is some consensus that prices in consolidated areas such as Madrid are now at a low or even are already rising. Our clients invest an amount of money to obtain a profitability without having to actively manage of the acquired asset. And with full access to all the information available at any time.",Spain,0.626883,,,
AlteaLife Real Estate,655811.0,"Spain, Valencia, Altea",https://www.linkedin.com/company/altealife,www.altealife.es,"Empresa especializada en servicios inmobiliarios, y servicios integrales para el alquiler vacacional y de larga temporada de propiedades de alta calidad.  Asesoramos y guiamos a nuestros clientes en cada uno de los procesos de compra y venta de la mano de experimentados profesionales del sector.  Nuestra amplia cartera de clientes y colaboradores son una herramienta imprescindible para la venta de sus inmuebles, y ofrecemos las mejores opciones para encontrar la propiedad ideal.  Nuestro trato personalizado y cercano hacen que cada cliente se sienta literamente en su propia casa, adaptándonos a sus exigencias según su país, leyes y procedimientos brindándoles la mayor tranquilidad con nuestro asesoramiento.  Contamos con una amplia oferta de inmuebles en la zona de Altea, Alicante, cuyas diferentes urbanizaciones y  sus particulares características hacen de este pueblo mediterráneo un sitio con un encanto especial.",Spain,0.655811,,,
Inmobiliaria BeNerja,48133.0,"Spain, Andalusia, Málaga",https://www.linkedin.com/company/inmobiliaria-benerja,www.benerja.com,"Be Nerja Holiday Rentals e Inmobiliaria/Real Estate Agency, somos una empresa de Nerja, dedicada a la compra venta de propiedades y al alquiler tanto vacacional como de larga temporada. Ofrecemos los mejores apartamentos, casas y villas con piscina privada de toda la costa oriental de Málaga. especialmente en Nerja, Torrox, Frigiliana, La Herradura y Torredelmar. Si quieres pasar unas maravillosas vacaciones o una temporada larga en invierno consulte nuestro listing y descubra que propiedad se adecua más a sus necesidades. Nuestras viviendas en alquiler Disponemos de una gran oferta de apartamentos, con vistas al mar, dúplex, áticos, adosados, casas con piscina privada y villas de alto standing, en Nerja, Torrox y Frigiliana, destinos de lujo en el alquiler vacacional en Andalucía. Somos expertos locales, ya que además poseemos el Hotal Tres osles, con más de 20 años de experiencia en lo que nos permite la valoración perfecta entre calidad y precio en nuestras viviendas. Cada vivienda es verificada y controlada por nuestro personal local, con lo que aseguramos a nuestros clientes que la calidad en nuestras viviendas es máxima y autentica. Nuestro servicio Disponemos de unos servicios que elevan la calidad de nuestras propiedades: -Atención al cliente: Disponibilidad 24 horas al día, 365 días al año, para resolver cualquier duda o incidencia antes y durante la estancia. -Limpieza: Nuestro servicio de limpieza deja los apartamentos preparados para que cada nuevo huésped se sienta como si lo estrenase. -Hablamos: Español, Inglés y Francés. Check in y Check out: Les recibimos el día de entrada para informarles acerca de todo lo referente a su estancia, entrega de llaves y el día de salida para hacer el check out. -Organizamos su recogida: servicio de transfer o alquiler de vehículos. Nuestro equipo Somos un equipo de profesionales con gran experiencia que además queremos transmitir a nuestros clientes la riqueza de nuestra cultura andaluza andaluza.  Nuestro compromiso se fundamenta en la atención personalizada y la efectividad en el trabajo desempeñado. Realizamos las gestiones necesarias para dar el máximo rendimiento a su propiedad, ofreciendo el mejor servicio a los huéspedes que confían en nosotros.",Spain,0.048133,,,
Inmobiliaria Leo,1755657.0,"Spain, Valencia, Alicante",https://www.linkedin.com/company/inmobiliaria-leo,www.inmobiliarialeo.com,"Empresa dedicada a la gestión y asesoría en todo tipo de transacción inmobiliaria. Nos especializamos en compra-venta y alquiler vacacional principalmente en la zona de la playa de San Juan de Alicante (Costa Blanca) y otras zonas de toda la ciudad de Alicante.  Además ofrecemos otros tipos de servicios como la gestión post-venta de sus viviendas para garantizar ganancias con objetivo de inversión. Servicios de reformas y lavado de ""cara"" de los inmuebles que lo requieran para sacar el máximo beneficio en una transacción.  Colaboramos con diferentes corporativos inmobiliarios para siempre poder ofrecer una solución a nuestros clientes aunque no la tengamos en nuestras manos. Haciendo sinergia con otras empresas siempre es una opción a tener en cuenta para no perder la confianza y el buen trato con las personas que requieren algún tipo de servicio. Tratamos tanto cartera de clientes nacional como de otros países tales como Russia, Ucrania, Holanda o Gran Bretaña.",Spain,1.755657,,,
Privilege Real Estate,626883.0,"Spain, Andalusia, Marbella, 29660",https://www.linkedin.com/company/privilege-real-estate,www.privilege-realestate.es,"Welcome to Privilege A team made up of all the people you need in one place Real estate agency, Home Renovation company, Builder, Lawyers,, Tax specialist, Accountant, Web Marketing, Concierge.",Spain,0.626883,,,
Chestertons Barcelona & Costa Brava,1258668.0,"Spain, Catalonia, Barcelona",https://www.linkedin.com/company/5010375,www.chestertons.cat,"Operating successfully as a residential property specialist since 1805, CHESTERTONS is one of the oldest and most solid names in the UK property market. With a strong global network of offices, we are in the 5 continents and 13 countries, offering to our clients exclusive international business advices and providing them access to thousands of premium buyers and sellers all over the world. Besides the world wide benefits of making business to Chestertons, our clients also take advantage of our local knowledge and expertise through our 15 years of experience in real estate in Catalunya. Originally established as Kolesny Realty, Chestertons Barcelona & Costa Brava count on a strong team of brokers who are passionate about Catalunya and know deeply about what is considered an outrageously cosmopolitan – but still with a huge dose of traditionalism – autonomous community of Spain. With our office located at the one of world most prestigious street Passeig de Gracia,we have a unique target of matching people with homes. The unrivalled client service provides a wide range of different services: residential & commercial sales, lettings, property management, law-assistance, refurbishment, concierge service, airport transfers, car and drive service, Barcelona city tour. We pride ourselves on providing an impressive portfolio of homes: from charming apartments in Old Town to luxury villas in Ibiza. In order to familiarize our clients with this impressive portfolio we commit to the utilisation of the latest technologies: Our goal is to connect with you and achieve a long term relationship that goes far beyond the sale or rents. We invest as much time and effort as necessary into getting a clear picture of your desires. There are no better recommendations for that than our satisfied and happy clients. Passeig de Gracia 6, 3-2 Barcelona",Spain,1.258668,,,
Guido Bauer S.L. Immobilien - Real Estate,1253766.0,"Spain, Andalusia, Torrox, 76 Avenida Del Faro Bloque, 29793",https://www.linkedin.com/company/guido-bauer-s-l-immobilien-real-estate,www.guidobauersl.com,Immobilien - Real Estate / Ferienvermietungen - Holiday Rentals,Spain,1.253766,,,
SPAINHOUSE,1880649.0,"Spain, Asturias, Soto, 8 Los Madroños, 33423",https://www.linkedin.com/company/fangdichan,www.fangdichan.es,"¿En que le ayudamos? Vender una propiedad a un comprador chino no es nada fácil. Los agentes y desarrolladores inmobiliarios de todo el mundo los convierten en uno de los grupos de propiedades internacionales más buscados. Casi todos los días escuchamos acerca de ellos adquiriendo propiedades en los periódicos. 1. El ciclo de compra es largo. Es bien sabido que el proceso de compra de propiedades transfronterizas generalmente toma más tiempo que la compra nacional, sin embargo, para los compradores chinos, la duración podría ser mucho más larga que la de todos los demás compradores internacionales de propiedades. La razón incluye la barrera del idioma, la restricción de información en China (no google y google maps), lo que dificulta a los compradores hacer una investigación independiente, transferir dinero fuera de China lleva tiempo, etc. Por lo tanto, es muy importante tener un plan estratégico a largo plazo dedicado al mercado chino. Por ejemplo, configurando una cuenta oficial de WeChat para asegurarse de que siempre puede cultivar estos compradores a través de WeChat. Trabaje con un equipo de conserjería chino para hacer correos electrónicos de mercadotecnia regulares y realizar llamadas de seguimiento. 2. El idioma es una barrera, pero no un problema de bloqueo. Sí, el chino es un idioma difícil, pero tenga en cuenta que no es un problema de bloqueo. Al final del día, si el comprador está realmente interesado en su propiedad y si no habla una sola palabra de inglés o su idioma, traerá a un amigo o familiar que pueda hablar el idioma o un traductor. 3. Los chinos viven en un mundo digital totalmente diferente.Ya no es noticia que Google, Facebook, etc. estén bloqueados en China. Por lo tanto, tenga en cuenta que es importante utilizar un medio que sea cómodo para los chinos. Comience a aprender sobre qué es WeChat, Weibo, QQ. Si no sabe cómo usarlos, ¡asegúrese de que alguien los configure y los administre por usted!",Spain,1.880649,,,
Butterfly Residential | Luxury Properties - Marbella & Barbados,1258668.0,"Spain, Andalusia, Marbella",https://www.linkedin.com/company/butterfly-residential,butterflyresidential.com,"Butterfly Residential is a boutique real estate company specialising in luxury property for sale and high end rentals in some of the world’s most exclusive locations. Our extensive portfolio of distinctive villas and apartments includes property for sale in Marbella, Barbados, St. Lucia, Andorra, Brazil, France, Gibraltar, Italy, Portugal, Switzerland, United Arab Emirates, United States and United Kingdom. From our offices located on Marbella’s prestigious Golden Mile, the expertise and experience of the directors in selling luxury properties in some of the finest locations across the world has propelled Butterfly Residential into one of the market leaders in the luxury real estate sector. Our discretion, expert advice and support throughout all stages of the buying process is what makes Butterfly Residential one of the most trusted and respected companies in the luxury real estate market, attracting affluent and elite clients seeking high quality and luxury properties. Butterfly Residential is built on a foundation of first-hand knowledge of the luxury property sector. We have an excellent network prominent professional contacts in several countries throughout the world enabling us to offer you the most relevant and up to date properties that are available on the market today. We have an in-depth understanding of what is required in order to offer a sophisticated and professional service where the client’s requirements and needs are at the forefront of the business; we fully understand that the quality of service must always match, and often exceed, the standard of the property presented to a client. As part of our commitment to delivering an expert and discrete luxury service to all of our clients, Butterfly Residential is also able to offer advice on finance, design and architecture services, concierge services, as well as luxury car sales and luxury yacht sales.",Spain,1.258668,,,
Rusticmar Ampolla S.L,3788.0,"Spain, Tarragona, L'ampolla, 43895",https://www.linkedin.com/company/rusticmar-ampolla-s-l,rusticmar.info,"Rusticmar Ampolla es una empresa familiar que opera en el mercado inmobiliario desde 1994.  Creada originalmente para la construcción y promoción de viviendas, durante los últimos años se ha especializado en la compraventa de fincas rústicas y la rehabilitación de casas y masías tradicionales, apostando por la revalorización del patrimonio regional y convirtiéndose en un referente en la zona.  También ha aumentado su campo de actividad hacia otros segmentos del mercado, incluyendo inmuebles residenciales y alquiler vacacional en la zona costera de las Tierras del Ebro.  Rusticmar Ampolla se caracteriza por ofrecer un alto nivel de seriedad y profesionalidad en la prestación de sus servicios, proporcionando así confianza y tranquilidad a todos sus clientes. Formada por un equipo joven y multidisciplinar, se encuentra en un proceso constante de innovación y superación, trabajando en nuevas ideas y proyectos cada día.",Spain,0.003788,,,
Alhambra Holdings S.L.,194150.0,"Spain, Andalusia, Almería",https://www.linkedin.com/company/alhambra-holdings-s-l-,www.alhambra-holdings.com,"Empresa dedicada al sector de servicios inmobiliarios, con mas de 20 años de experiencia en el sector. -Administracion de comunidades. -Mantenimiento de viviendas. -Alquileres vacacionales. -Gestiones inmobiliarias. -Control-Asesoramiento de proyectos urbanisticos. -Asesores de seguros(Operamos con las mejores compañias de este sector)",Spain,0.19415,,,
Centro Empresarial Europa,2507532.0,"Spain, Madrid, Madrid",https://www.linkedin.com/company/centro-empresarial-europa,www.empresarialeuropa.com,"Centro Empresarial Europa cuenta con una larga experiencia que, a lo largo de más de 25 años, nos avala como una sólida Empresa dedicada al alquiler de naves y locales industriales con espacios para oficinas para ejercer diferentes actividades. Disponemos de espacios de alquiler de diferentes superficies que pueden adaptarse a las distintas necesidades de tu empresa o negocio en el sureste de Madrid. Centro Empresarial Europa ha centrado toda su actividad en el alquiler de naves industriales en Vallecas, zona sureste, en el Polígono Industrial de Vallecas junto a Merca Madrid. Nuestro excelente emplazamiento ofrece a nuestros clientes una extraordinaria comunicación con el centro de la capital.     Centro Empresarial Europa cuenta con más de 40.000m2  destinados a naves, locales y oficinas. Espacios amplios en dimensión y en altura para facilitar el desarrollo de cualquier tipo de actividad.  Centro Empresarial Europa además de encontrarse en un emplazamiento ideal, dotado con infinidad de servicios logísticos, también ofrece servicio auxiliares que facilitarán tu actividad diaria:  conserjería 12 horas, vigilancia 24 horas, montacargas, aparcamiento exterior y subterráneo, restaurante y cafetería, ADSL…",Spain,2.507532,,,
Villa Rental Ibiza,2517336.0,"Spain, Balearic Islands, Ibiza",https://www.linkedin.com/company/villa-rental-ibiza,www.villarentalibiza.com,"Private luxury villas and beach houses to rent on the island of Ibiza, Spain. Concierge services such as car and yacht and private jet rental, VIP table bookings, private chauffeurs,  in-house services such as private chef on location, butlers, massage and beauty treatments, event catering, locations for photoshoots.",Spain,2.517336,,,
ImmoEixample Girona SL,54671.0,"Spain, Catalonia, Girona, Nº 4 C/ Sant Joan Baptista De La Salle, 17002",https://www.linkedin.com/company/immoeixample-sl,www.immoeixample.com,"EMPRESA FAMILIAR EN GIRONA DEDICADA AL SECTOR INMOBILIARIO. NOS DEDICAMOS A ALQUILAR Y VENDER PISOS, CASAS, PARQUINGS, TRASTEROS Y LOCALES. SI TIENE ALGÚN INMUEBLE PARA VENDER O ALQUILAR, QUIERE ALQUILAR O COMPRAR UN INMUEBLE O SABE DE ALGUIEN, ESTAMOS A SU SERVICIO. TAMBIÉN OFRECEMOS APARTAMENTOS DE ALQUILER VACACIONAL EN GIRONA. EMPRESA FAMILIAR GIRONINA DEDICADA AL SECTOR IMMOBILIARI. ENS DEDIQUEM A LLOGAR I VENDRE PISOS, CASES,PARQUINGS, TRASTERS I LOCALS. SI TENIU ALGUN IMMOBLE PER VENDRE O LLOGAR, VOLEU LLOGAR O COMPRAR UN IMMOBLE O SABEU D'ALGÚ,ESTEM AL VOSTRE SERVEI. TAMBÉ OFERIM APARTAMENTS DE LLOGUER PER VACANCES A GIRONA. A FAMILIAR REAL STATE COMPANY FROM GIRONA DEDICATED TO RENT AND SELL APARTMENTS, HOUSES, PARKINGS, STORAGE AND PREMISES. IF YOU HAVE A PROPERTY TO SELL OR RENT, WANT TO RENT OR BUY A PROPERTY OR KNOW OF SOMEONE WE'RE AT YOUR SERVICE. WE ALSO OFFER APARTMENTS FOR HOLYDAY RENTALS IN GIRONA.",Spain,0.054671,,,
Leeways,7522596.0,"Spain, Madrid, Madrid, 27 Calle Del Barco, 28004",https://www.linkedin.com/company/leeways,www.leeways.es,"Property Management en Madrid: Gestión integral de viviendas y edificios para su alquiler vacacional, de temporada o larga estancia.",Spain,7.522596,,,
Beferent,1888002.0,"Spain, Valencia, Alicante/alacant, Número 7 Plaza Del Alcalde Agatángelo Soler, 03015",https://www.linkedin.com/company/beferentinmobiliaria,www.beferent.com,"No somos una inmobiliaria convencional. Somos diferentes, porque TÚ, nuestro cliente, eres único. Vive tu experiencia con nuestras viviendas exclusivas y alquileres vacacionales en Alicante.",Spain,1.888002,,,
Ibiza Luxury Villas Land And Luxury Apartments For Sale,1253766.0,"Spain, Balearic Islands, Ibiza",https://www.linkedin.com/company/ibiza-luxury-villas-land-and-luxury-apartments-for-sale,www.ibizaroyale.com,Welcome to Ibiza Royale...... We have sourced the best Luxury Villas available for rent in Ibiza - Booking NOW for 2013 We have many Ibiza Luxury Villas for sale - many exclusive. Ibiza Land for sale - investment and development opportunities. We offer our rental clients high level Security and concierge services. Email - ibizaroyale@gmail.com or Tel: +34 620 184 099,Spain,1.253766,,,
DYGAV,2455578.0,"Spain, Valencia, Torrevieja, 7 7-29 Av. Dr. Gregorio Marañón, 01831",https://www.linkedin.com/company/dygav,dygav.es,"DYGAV es una empresa especializada en la gestión integral de apartamentos turísticos.  A través de la digitalización, proporcionamos a nuestros clientes una mayor agilidad en la gestión de sus propiedades. Esta dedicación en liderar las últimas tendencias tecnológicas en la gestión de apartamentos turísticos nos permite ofrecer a nuestros clientes una gestión ágil, rentable y segura. Estamos comprometidos en brindar soluciones innovadoras que optimicen su experiencia como propietarios y maximicen su retorno de inversión en el mercado de alquiler vacacional. Nos esforzamos por brindar un servicio personalizado y de calidad, superando las expectativas de nuestros huéspedes y adaptándonos a las necesidades de cada propietario, garantizando así una experiencia sin complicaciones para ambos.",Spain,2.455578,,,
Villa Iberia,518772.0,"Spain, Catalonia, Girona, 40 Av. De Castell D'aro, 17250",https://www.linkedin.com/company/villa-iberia,www.villaiberia.com,"Villa Iberia es una agencia inmobiliaria de referencia en la Costa Brava que ofrece una exclusiva selección de propiedades de alta calidad. Entre estas se encuentran Fincas, Masías, Chalets, Apartamentos y Villas de lujo. Proporcionamos asesoramiento profesional en Alquiler vacacional, Construcción, Mantenimiento,",Spain,0.518772,,,
Sitges Habitat International Properties.,626883.0,"Spain, Catalonia, Sitges, 23 Carrer Sant Josep, 08870",https://www.linkedin.com/company/sitges-habitat-international-properties.,www.sitgeshabitat.com,"Somos una empresa española con sede en Sitges. Nuestro objetivo es combinar nuestra fuerte presencia del mercado de alquiler vacacional con el negocio inmobiliaria tradicional de compra, venta y alquiler. Nuestra larga experiencia en alquileres vacacionales ha demostrado que cada vez más turistas leales deciden comprar una propiedad en Sitges.  Nos gustaría presentar estos potenciales compradores a los propietarios que les gustaría vender o alquilar sus propiedades a plazo.",Spain,0.626883,,,
Housingcoruna.com,1880649.0,"Spain, Galicia, A Coruña, Avda. De Oza Nº16 La, 15006",https://www.linkedin.com/company/housingcoruna,www.housingcoruna.com,"El objetivo es ayudar a todos los propietarios de viviendas turísticas que quieran mejorar el rendimiento de sus casas, pero que no dispongan del tiempo suficiente para su correcta gestión. ""EL MEJOR PRECIO. MÁXIMA CALIDAD EN TU ALQUILER VACACIONAL"" ¿POR QUÉ TRABAJAR CON NOSOTROS? Ofrecemos una ayuda personalizada a los propietarios de viviendas turísticas. Nuestros servicios abarcan todas las áreas fundamentales de la gestión completa de alquileres turísticos, lo que proporciona: LEGALIDAD Saber que tus viviendas turísticas cumplen con la regulación establecida por la Comunidad Autónoma de Galicia para este tipo de alojamientos. TRANQUILIDAD Nosotros nos encargamos de todo y tú podrás despreocuparte y disfrutar de tu tiempo libre. SEGURIDAD Nadie cuidará de tu casa como tú, salvo nosotros. Nos encargamos de mantener tu propiedad en perfecto estado; tu casa, tus normas. POSICIONAMIENTO Aumento del número de reservas gestionando los posicionamientos en las múltiples plataformas como Airnbnb, Rentalia, Homeaway, Booking...",Spain,1.880649,,,
The Home Go Group S.L.,54772.0,"Spain, Balearic Islands, Marratxinet Marratxi, 212 Camí De Ca Na Maiola Parcela, 07141",https://www.linkedin.com/company/homegogroup,www.thehomegogroup.com,"HomeGo es una empresa con sede en Mallorca dedicada a la custodia y mantenimiento de fincas rústicas. ¿Su cometido? Prestar un servicio de gestión e intermediación a clientes que demandan una atención personalizada, competente, transparente e inmediata. Para ello agrupa a diversos profesionales, muy bien formados y con probada y amplia experiencia en sus respectivos campos. Además ofrece toda una serie de servicios complementarios para cubrir continuas demandas de sus clientes y dar una cobertura más multidisciplinar.  -Servicio de mayordomía y atenciones especiales (Staff and Personal Concierge) -Asesoría legal, fiscal y tributaria (licencias administrativas, asesoría urbanística y valoraciones de inmuebles, estudios de mercado, asesoramiento en la compraventa de inmuebles, supervisión y tramitación de préstamos hipotecarios en las mejores condiciones…) -Gestión de Proyectos y Project Management: reformas, mantenimientos, decoración e interiorismo, paisajismo... -Apoyo operativo a propietarios: asesoramiento y supervisión, home staging, compra de equipamiento, acomodación y asistencia, servicio de limpieza, fotografía y vídeo profesional... -Celebraciones y eventos -Turismo médico -Comercialización y gestión de viviendas vacacionales",Spain,0.054772,,,
Marbella Del Mar,1253766.0,"Spain, Andalusia, Marbella, 29660",https://www.linkedin.com/company/marbelladelmar,marbelladelmar.com,"Your direct link to exceptional residential and commercial real estate throughout the Marbella area. We attract buyers from all over the world, and for good reason. Due to its beautiful beaches, breathtaking water views, and picturesque sunsets, Marbella has become one of the nationís hottest real estate markets. Our Marbella del Mar for sale page is your source for real estate sales listings in Marbellaís top developments. Marbella del Mar is a team consisting of realtors possessing the knowledge to guide you toward your real estate goals and dedicated to providing you with concierge-level service. They are full-time professionals focused on their clients and the ever-changing Costa del Sol real estate market. Marbella del Mar work to stay abreast of local trends so they can provide their clients with all the information they need to make sound financial decisions. All of our real estate agentsí efforts are focused on ensuring they are able to guide their clients to a smooth and successful real estate transaction.",Spain,1.253766,,,
ROY22,4388181.0,"Spain, Andalusia, Manilva, 8 5b Calle Isaac Peral, 29692",https://www.linkedin.com/company/roy22,www.roy22.es,"ROY22 est votre partenaire sur la Costa del Sol!   Notre agence immobilière francophone vous accompagne à chaque étape de votre achat immobilier: -	AVANT: Accompagnement en français  (visites, démarches administratives, NIE, notaire, avocat francophone,…) -	APRÈS:  Multi Services             o   Aide à l’installation (Internet, TV, assurance habitation,…)            o   Service de conciergerie / Key holding            o	Travaux             o   Suivi de projet de rénovation            o	Décoration & Ameublement            o	Travaux  Nous couvrons en particulier les villes suivantes: Estepona, Manilva, San Luis de Sabinillas, La Duquesa, Casares, Marbella, Sotogrande. Nous offrons un large choix de biens immobiliers selon vos attentes et votre budget : appartements, penthouses, duplexes, maisons, villas et fincas, terrains...",Spain,4.388181,,,
EC Villas,1678778.0,"Spain, Balearic Islands, Ibiza",https://www.linkedin.com/company/ec-villas-and-concierge,www.ecvillas.com,"Creating unforgettable experiences by offering the best luxury villas and personal concierge throughout Ibiza & Mallorca.  EC Villas offers a bespoke service matching clients to their perfect holiday home or investment. Offering an exceptional range of luxury rentals and sale properties. EC Villas provides personal and corporate concierge, boat charters, chauffeurs, personal chefs, nannies, PAs, trainers and much more. With unbeaten knowledge of the local areas, Miss EC is always on hand to recommend the best restaurants, night spots and secret locations to visit.",Spain,1.678778,,,
Ibiza Agents Real Estate,5015064.0,"Spain, Balearic Islands, Eivissa/ibiza, Carrer Ceramista Joan Daifa, 07800",https://www.linkedin.com/company/ibizaagentsrealestate,www.ibizaagents.com,"🏡 Discover with Ibiza Agents Real Estate the most sophisticated and exclusive villas for rent and sale in Ibiza and Formentera, designed to meet the needs of the most demanding. 👩💼 Our agents specialized in the high-end real estate market on the island of Ibiza will accompany you in the search for the ideal property. We offer a personalized service focused on integrity and efficiency. 🔑 Additionally, we offer personalized concierge services to ensure an exceptional experience in these paradisiacal islands. 🏖️ Contact us today to learn about our exclusive properties available for rent, vacation rental, and sale. Discover how we can help you find not only a dream home but also a profitable and secure investment in the real estate market of Ibiza and Formentera. 🌟",Spain,5.015064,,,
The Vintage Homestyling,655811.0,"Spain, Catalonia, Sant Cugat Del Vallès, 08197",https://www.linkedin.com/company/the-vintage-homestyling,www.thevintagehomestyling.com,"En THE VINTAGE HOME STYLING, el primer estudio de Home Staging sostenible, conseguimos rentabilizar viviendas creando hogares únicos sin grandes intervenciones. 	 Somos especialistas en alquiler vacacional / corporativo, home staging de alta gama y fotografía inmobiliaria y de interiores. 	 Revalorizamos inmuebles respetando y recuperando la esencia de cada vivienda y potenciando la experiencia de su entorno. 	 Utilizamos mobiliario sostenible, piezas recuperadas, accesorios de diseño y elementos vintage. Así, además, ayudamos a preservar el medio ambiente. Nuestros servicios: 	· HOME STAGING 	· RESTYLING / RELOOKING 	· FOTOGRAFÍA 	· RESTAURACIÓN / UPCYCLING",Spain,0.655811,,,
DAN AZIZ Luxury Property Management,1755657.0,"Spain, Madrid, Madrid",https://www.linkedin.com/company/dan-aziz-luxury-property-management,www.danaziz.es,"En DAN AZIZ, transformamos la gestión de propiedades en una experiencia de lujo sin preocupaciones. Nos especializamos en Property Management en Madrid, ofreciendo un servicio exclusivo y personalizado para propietarios que buscan excelencia, discreción y atención al detalle. Cada propiedad que gestionamos recibe un cuidado excepcional, asegurando que mantenga su valor y se adapte a las necesidades de sus propietarios. Desde la administración integral hasta servicios de conserjería de alta gama, nos ocupamos de cada detalle con el máximo nivel de profesionalismo. Nuestros servicios incluyen: ✔ Mantenimiento y gestión integral de propiedades de lujo. ✔ Asesoramiento en compra y reformas, garantizando que cada espacio refleje la sofisticación que buscas. ✔ Trámites administrativos y legales, para que disfrutes sin preocupaciones. ✔ Concierge de alta gama, con experiencias personalizadas, chofer privado, personal shopper, wellness, niñeras y más. ✔ Organización de eventos y experiencias exclusivas, desde reservas en los mejores restaurantes hasta acceso VIP a eventos. Nuestra misión es brindarte tranquilidad, comodidad y un servicio impecable. En DAN AZIZ, cada detalle cuenta y cada solicitud se convierte en una experiencia excepcional. 📍 Basados en Madrid | 🌍 Servicios personalizados para clientes internacionales.",Spain,1.755657,,,
HelloTime Vacacional,2507532.0,"Spain, Catalonia, Vilassar De Mar, 95 Local 1 Y 2 Avenida De Montevideo, 08340",https://www.linkedin.com/company/hellotime-vacacional,hellotime.es,"¿Quieres gestionar tu vivienda turística con la comodidad de no tener que salir de casa? Hello, ¡somos Hellotime! Una agencia de alquiler vacacional especializada en la zona de Barcelona - Maresme que nace con la idea de buscar siempre la máxima excelencia para tu vivienda.  Sabemos que el alquiler vacacional no es una tarea fácil y por eso nuestro objetivo es encontrarte los mejores huéspedes para tu casa o piso. La idea es que te despreocupes de todo, dejes tu vivienda en nuestras manos y nosotros nos encargamos de cuidar de ella como si fuera nuestra ;) Pero, eso sí, puedes tener el control de tu vivienda siempre que quieras y al instante.  Por otro lado, también hacemos todo lo posible para que los huéspedes tengan una estancia inmejorable y ofrecemos todo lo necesario para conseguir las mejores puntuaciones y comentarios. Ya sabes, que hablen bien de nosotros ayuda ¡y mucho!  En nuestra gestión total todos los servicios: Asesoramiento en lo referente a actividad turística Trámites con las mejores plataformas y portales turísticos Limpieza, lavandería y alquiler de sábanas Check-in y check-out Liquidación de impuestos y taxas Diseño de interiores  Gestión del mantenimiento y reparaciones Invertimos para encontrar los mejores huéspedes para tu casa :)",Spain,2.507532,,,
Impresol Media Solutions,4663.0,"Spain, Balearic Islands, Llubi, 07430",https://www.linkedin.com/company/impresol-media-solution,impresol.com,"Impresol Media Solutions offers local businesses in Mallorca, Ibiza and Menorca ad placement services in maps, guides, magazines, Radio, Digital Media and more distributed to tourists for free in the receptions of more than 800 hotels, 60 car rental offices and many holiday rental agencies throughout the island.  Our advertising media take you directly to your next-to-be clients. Your ads will be seen by 5 million tourists every year and will be also available online in digital format. As advertising specialists, we also offer a cross-media consultancy service, i.e. a portfolio of alternative advertising media that complements our product range perfectly. Be it print, radio, promotions, point of sale, digital or PR. We create your campaign at the best price and control, in situ, its production, management and implementation. Are you interested in promoting your product or business in a more exclusive way? Impresol Media Solutions ofrece a las empresas locales de Mallorca, Ibiza, Menorca servicios de colocación de anuncios en mapas, guías, revistas y otros materiales que se distribuyen gratuitamente a los turistas en las recepciones de más de 800 hoteles, 60 oficinas de alquiler de coches y muchas agencias y establecimientos de alquiler vacacional de toda la isla. Nuestros soportes publicitarios te llevan directamente a tus futuros clientes. Tus anuncios serán vistos por 5 millones de turistas cada año y también estarán disponibles online en formato digital.  Como especialistas en publicidad, ofrecemos un servicio de asesoramiento cross-media; es decir, un portafolio de medios de publicidad alternativas que complementa nuestra gama de productos. Sean medios impresos, radio, promociones, campañas promocionales en el punto de venta, digital o RRPP. Creamos tu campaña al mejor precio y controlamos, in situ, su producción, la gestión y la realización. ¿Te interesa? ¿Te has parado a pensar alguna vez en promocionar tu producto o negocio de forma más exclusiva?",Spain,0.004663,,,
Plan A Barcelona,1041979.0,Spain,https://www.linkedin.com/company/plan-a-bcn,aplanbcn.com,"Events’ planning and executing; Concierge Service, Real Estate Intermediation",Spain,1.041979,,,
Más Social - Limpiezas Y Servicios,6632743.0,"Spain, Andalusia, Málaga, 2 Calle Guadalquivirejo, 29196",https://www.linkedin.com/company/mas-social-servicios-de-limpieza,mas-social.es,"Más Social somos una empresa de limpieza y mantenimiento integral, fundada en 2010. Su creador y gerente Miguel A. del Pino fundó en 2006 Limpiezas Framilimza S.L como empresa ordinaria de servicios. Sería cuatro años después cuando funda MAS Social Servicios Globales de Limpieza S.L.  Más social es una empresa familiar, donde sus máximos responsables cuentan con una experiencia en empresas de limpieza de más de 20 años. Operamos en toda la provincia de Málaga. Con un considerable crecimiento desde su fundación, hoy en día contamos con más de 50 trabajadores. En 2010 Mas Social fue acreditado como Centro Especial de Empleo, comenzando la lucha por el cambio de concepción hacia las personas con discapacidad, fomentando la idea de que son tan capaces, como cualquier persona, de desempeñar un empleo, ofreciéndoles un determinado trabajo que puedan desarrollar.  A lo largo de nuestros años de experiencia hemos ido creciendo en los servicios que ofrecemos, incorporando nuevas actividades y evolucionando poco a poco como empresa multiservicio. SERVICIOS -	Limpieza y suministro de productos -	Limpieza de cristales, paredes y techos -	Limpieza de Eventos -	Fregados industriales -	Mantenimiento Integral (limpieza, reposición de fungibles, pintado, jardines…) -	Mantenimiento de piscinas -	Jardinería -	Conserjería-Mantenedor -	Control de accesos 24 horas -	Abrillantado de suelos",Spain,6.632743,,,
360o Asistencia,4591899.0,"Spain, Valencia, Valencia, Profesor Blanco 3 Bj",https://www.linkedin.com/company/vlc360,www.vlc360.es,"Empresa especializada en la externalización de servicios a terceros.   Centrada actualmente en el desarrollo de 3 líneas de negocio, complementarias entre sí, pero independientes, tanto en la gestión como en la ejecución:          ASISTENCIA DEL HOGAR PARA COMPAÑÍAS ASEGURADORAS:  Exito  basado en equipos  multitarea, entrenados y adaptados en los más altos standares de calidad, con un coste óptimo, y en tiempos mínimos.       MANTENIMIENTO DE COMUNIDADES Y EDIFICIOS: Servicio de mantenimiento integral de edificios, especialistas en la modernización de instalaciones  y adecuación a los nuevos requisitos de eficiencia energética.      FACILITY SERVICES: Proveedores de servicios de conserjería  y  vigilancia de colectividades, limpieza industrial y jardinería.",Spain,4.591899,,,
Emsal Servicios,1833743.0,"Spain, Madrid, Madrid, 10 Mahón, 28290",https://www.linkedin.com/company/emsal-servicios,www.emsal.es,"Servicios a empresas y comunidades de propietarios. Limpieza, jardinería, conserjería, mantenimiento básico de instalaciones.  Limpieza de oficinas, mantenimiento de edificios, servicios de conserjería, recepcionistas, jardinería, peones, mantenimiento básico de instalaciones, etc. Sistema de gestion de calidad, Iso 9001 Bureau Veritas.",Spain,1.833743,,,
Grupo ELOSA,89365428.0,"Spain, Madrid, Madrid, 9 Calle Del Estudio, 28023",https://www.linkedin.com/company/grupo-elosa,www.grupoelosa.com,"Grupo Elosa provides comprehensive outsourcing solutions that enable companies to focus on their core business and fully develop their potential. Committed to excellence, efficiency and trust, we build long-term partnerships based on quality and personalized attention. With over thirty years of experience, Grupo Elosa has become a leading company in Spain in the outsourcing of housekeeping services for the hospitality sector. Throughout our history, we have evolved into a comprehensive Facility Services provider, offering a wide range of solutions including: - Facility maintenance - Gardening services - Concierge services - Catering and event services - General and technical cleaning - Other auxiliary business services Today, Grupo Elosa operates throughout Spain and also develops its activity in Portugal, delivering flexible, sustainable and tailor-made solutions that enhance our clients’ efficiency and growth.",Spain,89.365428,,,
Capacita Servicios De Integración,1181647.0,Spain,https://www.linkedin.com/company/capacita-servicios-de-integración,capacitaintegracion.es,"Centro Especial de Empleo con servicios de: - Formación. - Consultoría, asesoramiento a empresas, externalización y outsourcing.  - Servicios auxiliares; mantenimiento informático, apoyo administrativo, recepción, control de accesos, conserjería, limpieza y desinfección, tratamientos anti-COVID. - Mensajería y reparto a domicilio.",Spain,1.181647,,,
GRUPOO CCS FACILITY MANAGEMENT,2551055.0,"Spain, Andalusia, Sevilla, Local 35 Calle Fernando Zóbel Edificio Progreso., 41020",https://www.linkedin.com/company/grupoo-ccs-facility-management,grupooccs.es,"GRUPOO CCS FACILITY MANAGEMENT S.L. es una empresa de facility services moderna, bien organizada y profesional, que opera a nivel nacional, y está especializada en la prestación de los servicios de mantenimiento y gestión  integral que requiera el cliente y que son susceptibles de externalización. Aportamos soluciones a las necesidades de nuestros clientes, simplificando los canales de comunicación con ellos, al conseguir integrar varios servicios en un mismo proveedor, pero maximizando la eficiencia y la calidad. Somos por tanto, un socio estratégico de nuestros clientes, al que ayudamos en todo aquello que necesite. Contamos para ello con un amplio y experimentado equipo de profesionales especialistas en cada materia técnica en la que se prestan los distintos servicios, orientando en la actualidad nuestra actividad en dos vertientes principales: 	Servicios auxiliares (limpieza comercial e industrial, conserjería, jardinería, etc)  	Servicios técnicos (mantenimiento integral,  obras y reformas, reparaciones de siniestros, empresa colaboradora de Seguros. Inscrita en el R.E.A.).",Spain,2.551055,,,
Metropolis Grupo,41536044.0,"Spain, Catalonia, Barcelona",https://www.linkedin.com/company/metropolis-grupo,www.metropolisgrupo.com,"METROPOLIS es un grupo de empresas líder en los sectores de seguridad, facility services, business process outsourcing y logística. Dentro de estas áreas, nuestros principales servicios son: •	Seguridad: vigilancia y protección de todo tipo de dependencias, así como instalación y mantenimiento de sistemas de seguridad. •	Facility services: limpieza, conserjería, atención al público, atención telefónica, mantenimiento, jardinería, etc. •	Business Process Outsourcing: externalización de procesos de negocio con exigencia de perfiles de media y alta cualificación profesional. •	Logística y procesos industriales: recepción y validación del producto, preparación y expedición de pedidos, logística inversa, manipulados, packaging, etc. METROPOLIS dispone de su propio Centro Especial de Empleo, a través del cual fomenta la integración sociolaboral de personas con discapacidad, permitiendo a nuestros clientes la sinergia de tres factores: •	Externalización de un servicio con resultado de óptima calidad. •	Cumplimiento de la legislación en materia de integración laboral de personas con discapacidad. •	Potenciación de su Responsabilidad Social. Actualmente METROPOLIS cuenta con más de 800 profesionales dedicados a la prestación de servicios integrados a nuestros clientes, atendiendo las necesidades específicas de cada uno de ellos. Prueba de ello es nuestra amplia cartera de clientes, tanto del sector privado como del público. METROPOLIS aporta como valores fundamentales su trabajo en equipo, la cultura del esfuerzo, la inversión en formación para potenciar la profesionalidad de sus trabajadores y la promoción de los mismos, reforzando la confianza de nuestros clientes.  METROPOLIS, con sus diferentes divisiones, ofrece a sus clientes las sinergias propias de la integración de servicios con un interlocutor único y una apuesta estratégica por la innovación, así como una gestión orientada al cliente.",Spain,41.536044,,,
Grupo DLR España,2920487.0,"Spain, Madrid, Madrid",https://www.linkedin.com/company/grupo-dlr-facility-services,www.grupo-dlr.es,"Grupo DLR Facility Services es una empresa de Servicios fundada por profesionales con una amplia trayectoria en el sector, que incorpora y   promueve  valores que se basen en la calidad, la gestión sostenible y la responsabilidad social  empresarial, a través de actuaciones que generen valor para sus clientes. Grupo DLR Facility Services,  ha sido una de la empresas pioneras en la gestión integral de servicios, ofreciendo la posibilidad  a sus clientes de no solo gestionar el servicio de limpieza de su negocio u oficinas sino la oportunidad de procurar otros servicios auxiliares como el suministro de material de oficina e informático, el suministro de material higiénico y sanitario y los servicios de reposición de luminarias, conserjería, jardinería y cerrajería",Spain,2.920487,,,
Grupo Gesman,14988573.0,"Spain, Catalonia, Vilanova I La Geltrú, 18 Rbla. Països Catalans, 08800",https://www.linkedin.com/company/grupogesman,www.grupogesman.com,"Grupo GESMAN se fundó en el año 2005 por profesionales emprendedores con amplia experiencia en el sector de los servicios y de la construcción.  Actualmente, posee delegaciones en las comarcas del Vallés, Garraf-Penedès y en Barcelona Capital y Área Metropolitana, ampliando su radio de acción a toda Cataluña. Desde su fundación como compañía de construcción y mantenimientos técnicos especializados Grupo GESMAN ha ampliado y diversificado sus actividades con la creación de nuevas áreas o divisiones que conforman un grupo muy competitivo en prestación de servicios integrales o FACILITY SERVICES. Esta modalidad de servicio integral hace de nuestro grupo una compañía muy versátil que está plenamente preparada y capacitada para proporcionar y asegurar a sus clientes la más alta calidad en los servicios, dando respuestas efectivas y prácticas a las actuales necesidades sociales y empresariales. Nuestro Grupo ofrece en términos generales cualquier tipo de mantenimiento integral como servicios de limpieza, conserjería y jardinería, mantenimientos preventivos y correctivos de edificios, servicios técnicos especializados, y cualquier tipo de construcción o reforma en general. La experiencia de las personas que gestionan Grupo GESMAN, junto a las técnicas y equipos más avanzados, nos permiten ofrecer las más adecuadas soluciones de mantenimiento, siempre según las necesidades que exigen las diferentes instalaciones de instituciones públicas y empresas privadas.",Spain,14.988573,,,
TCityConcierge,1596818.0,Spain,https://www.linkedin.com/company/t-city-concierge,www.thecityconcierge.es,"The City Concierge is a welcome and conciergerie service 24h and 365 days for your business and leisure trips in Barcelona and Catalonia. We offer you an exclusive selection of both professional and personal services, as well as useful information to make your stay more pleasant and confortable. Our offer is specially designed for both those people who think having a extended stay in our city and those who wish to spend a few days or hours for tourism or business trip. Therefore, we will both meet their most urgent needs whether business or personal, as their longer-term needs. We deal with both manage and provide cover during your workday and make it the best choice for your moments of leisure. All this with the utmost discretion and professionalism. Leisure activities. Food and beverage. Accommodation. Luxury car rental. Beauty and wellness. Purchase of products. Tickets. Tourist guides. Nightlife. Personal shopper. Relax. Restaurants. Business services. Legal services. Personal services. Transport and transfers. Economic, business, tourist and cultural information. Unloading of documentation. Organization of events and creation of sales and promotion new channels. Incentives and motivation activities. Be a member in: www.thecityconcierge.es Contact: info@thecityconcierge.es Twitter: @TCityConcierge Facebook: www.facebook.com/TCityConcierge",Spain,1.596818,,,
MD Cliniques,539743.0,"Spain, Catalonia, Barcelona, 48 Carrer De Brusi, 08006",https://www.linkedin.com/company/md-cliniques,mdcliniques.es,"MD Cliniques is a medical practice company based out of Barcelona, Spain. We own the registered brand “MD Cliniques” with a vision to become the benchmark for concierge aesthetic medicine in Europe.",Spain,0.539743,,,
The Costa Directory,1080029.0,Spain,https://www.linkedin.com/company/the-costa-directory,www.thecostadirectory.com,"The Costa Directory is the Costa Del Sol's freshest free magazine and is offering a unrivalled opportunity to get your message out there to residents and tourists like never before. Unique, relevant and distinctive The Costa Directory offers a comprehensive guide for all local businesses, people and tourists, backed by our interactive feel and energetic team, The Costa Directory is designed for YOU and YOUR business. Our aim is to provide every business with a highly efficient, cost effective means to promote themselves all year round! Most of all, The Costa Directory is designed to help you get your message directly to the people who count..... Customers! Printed monthly The Costa Directory is the only approved business directory and guide that is distributed personally in-hand to tourists and residents not just left on a bar to gather dust. Our PR and concierge team operate throughout the whole coast, including both Malaga and Gibraltar airports. As well as our targeted in-hand distribution we also distribute to bars and restaurants,banks, super markets, real estate, petrol stations, shops and places of public interest",Spain,1.080029,,,
Bemotu S.A.,629334.0,"Spain, Andalusia, Alcalá De Guadaira, Nº8 C/voluntad, 41500",https://www.linkedin.com/company/bemotu-s-a-,bemotu.es,"Bemotu S.A. es una empresa andaluza con más de una década de experiencia en el sector de la instalación de tuberías industriales. Para el desarrollo de nuestra actividad disponemos de un personal altamente cualificado y experimentado, y unas instalaciones, con maquinaria especializada, de unos 580 metros cuadrados situadas en la localidad sevillana de Alcalá de Guadaíra. Prestamos una amplia gama de servicios como el montaje de tubería, de acero al carbono, de acero inoxidable, de PE, PPR, PVC, cobre, soldadura con TIG, diseño e instalación de sala de máquinas, bombas y calderas, fabricación y montaje de estructuras. Además estamos habilitados por la Conserjería de Economía, Innovación y Ciencia (Industria) de la Junta de Andalucía como empresa instaladora/mantenedora de instalaciones térmicas en edificios (RITE) y de instalaciones contra incendios. Nuestro objetivo es conseguir la satisfacción y cubrir las necesidades de nuestros clientes.",Spain,0.629334,,,
Le Chariot LifeStyle,510211.0,"Spain, Madrid, Madrid, Calle Retamar, 28043",https://www.linkedin.com/company/le-chariot-concierge,www.lechariotconcierge.com,"Le Chariot LifeStyle is an international luxury LifeStyle & Concierge company and a bespoke event management. We offer corporate and personal services, bespoke travel packages and lifestyle solutions in any part of the world. Le Chariot LifeStyle is The Value of experience.",Spain,0.510211,,,
THE SPORT BUSINESS CONSULTANCY,1032847.0,"Spain, Madrid, Madrid, 1 Gavilanes, 28035",https://www.linkedin.com/company/the-sport-business-consultancy,thesportbusiness.org,"Extensive experience in the sports events market and the successful development of numerous projects for more than a hundred companies, the agency has full capacity to create, design, coordinate, market, organize, communicate and carry out Public Relations actions related to the events. In The Sport Business we thus fulfil our objective of offering an integral service, of completing the circle, thanks to an expertise that allows us to offer our own and other events to a brand in the current market. The agency offers services that range from concierge, to strategic consultancy, to communication, PR, sponsoring, event organisation, design and editorial services, thanks to a team that includes a consultancy board specialised in the areas of event organisation, PR and communication, graphic and web design, social media and publishing.",Spain,1.032847,,,
EVOLUTION Yacht Agents,7423400.0,"Spain, Balearic Islands, Palma",https://www.linkedin.com/company/evolution-yacht-agents,www.evolutionagents.com,"Welcome to Evolution Yacht Agents – One step ahead in yacht services Evolution Yacht Agents is a registered yacht agent offering a comprehensive and bespoke service to superyachts in all major Spanish ports. We provide an in-depth knowledge of the local superyacht market as well as the Spanish navigational and customs regulations.  The Evolution team offers you the optimum experience in the fields of: -	Yacht provisions -	Concierge services -	Interior support -	Deck and engineering spares -	Yacht customs and clearance -	TPA -	Logistics & Shipping -	Projects & Contractors -	Bunkering Our extensive network of contacts, great expertise and wide range in-house resources make us the number one yacht agent to choose when entering Spanish waters.    Navigate Spain with Evolution Yacht Agents.",Spain,7.4234,,,
Y LANTIMAR YACHTING,2568966.0,"Spain, Balearic Islands, Palma",https://www.linkedin.com/company/y-lantimar-yachting,www.lantimaryachting.com,"SUPERYACHT AGENTS - MALLORCA-MENORCA-IBIZA-FORMENTERA-BARCELONA Lantimar Yachting proudly represents the yachting arm of LANTIMAR Group and it’s HIGHLY EXPERIENCED YACHT AGENT providing visiting yachts and superyachts with a wide range of comprehensive services.  With a lifetime of boating know how and over twenty years in the yacht industry, we are dedicated to providing our clients with EXCELLENCE and PERSONAL TOUCH, added values which are unique in the yachting industry.  Looking after your YACHT looking after YOU: Our mission at Lantimar Yachting is to make the yachting world easier and deliver smart and transparent solutions to SuperYachts. We are on hand 24/7 for whatever may be required and here are just a few of the services we offer: •	Prior Berth Reservations   •	Fuel Bunkering & Oil Supply •	Fresh Provisions, Supplies & Catering •	Yacht Formalities & Immigration Procedures •	Customs & Logistics •	Banking Service & Cash To Master •	Car / Van / Motorbike / Bicycle Rental  •	Yacht Cleaning  - Interior  & Exterior •	Materials Supply •	Technical Service & Support •	Medi Care Service •	Freight Handling & Courier •	Internet & Telephone •	Crew Recruiting & Assistance •	Fresh Provisions and Supplies  •	Private Transfers •	Concierge Services  •	Private Jet & Helicopters •	Car / Motorbike / Bicycle Rental  •	Chauffeur & Limousine Service •	Exclusive Tours and Excursions  •	Entrance Fees  •	Hotel & Restaurant Bookings  •	On Board Entertainment •	Freight Handling and Courier •	Medi Care Service •	Spa, Fitness & Beauty  •	Personal Shopper •	Laundry Service •	Legal & Customs Advice •	Financial Management  •	Real-time Status Updates  •	Temporary Importation •	Repairs & Refits •	Logistics •	Bonded & Non-Bonded Warehouse •	RPA Inward Processing (VAT FREE Refit) •	Yacht Transportation  •	Charter Authorization Feel free to contact us AT ANY TIME! We will tend your every need!",Spain,2.568966,,,
Superyacht Ibiza - The Yacht Facilitators,1888002.0,"Spain, Balearic Islands, Ibiza",https://www.linkedin.com/company/the-yacht-facilitators,www.superyachtibiza.com,"WELCOME TO SUPERYACHT IBIZA – THE YACHT FACILITATORS For the last 19 years we have provided exclusive professional services to discerning visitors to Ibiza as well as bespoke projects worldwide. During this time we have built a  rst class reputation based upon the reliable, professional and discreet service that we offer. We work closely with Yacht Captains, Purser, Officers, Crew and Interior Teams to ensure exemplary handling of all logistics related to your arrival into Ibiza and Formentera. Working ‘beyond the concierge desk’ and ‘on the ground’ our team provides advanced precision planning, organisation and hospitality management for the support of Yacht Operations. We are the Island’s leading specialists in VIP handling and providing service that exceeds the demands of ultra-high-net-worth clients, VIP guests and entourage. Our professional team is always ready to meet arriving tenders and chaperone individuals and groups to waiting transport, and into busy beach clubs and restaurants. We always advance to venues to prepare for a VIP arrival, as well as act immediately upon absolutely any task request during which time we always keep Captain & Purser updated. All operations, movements and interactions are coordinated and supervised by our Ibiza office, which serves as the hub and command post for all operations including enquiries, consultancy, requests, task management and project planning. Our operations desk is staffed 7 days a week and 365 days a year.  We are your Ibiza Contact Joe Buckle Company Founder & Managing Director",Spain,1.888002,,,
Wilobby Development,1694593.0,"Spain, Valencia, Alicante",https://www.linkedin.com/company/wilobby-development,www.wilobby-development.com,"Welcome to Wilobby Developement, your trusted partner for comprehensive global solutions. Our diverse expertise encompasses the fields of Real estate, Luxury private concierge, Lobbying, Trading, Communication and Marketing, as well as Event management. Our Vision Our vision is to exceed expectations by providing 360-degree services that raise the bar of excellence. We believe in innovation, creativity, and a commitment to our clients to achieve remarkable outcomes. Our Services Real Estate:  From executing various real estate projects such as simple marketing, renovation, and property promotion, to acting as intermediaries on large-scale projects, we bring your real estate aspirations to life. Luxury concierge:  Crafting exceptional life experiences, we offer a comprehensive concierge service to address your personal and professional needs. Lobbying:  As a strategic link between businesses and decision-making bodies, we open doors to strategic commercial opportunities. Trading:  Our expertise in international trade ensures successful transactions for a variety of products worldwide. Communication and Marketing:  From impactful strategies to creative campaigns, we empower your brand with a powerful voice in an ever-evolving world. Events:  Creating memorable moments, we orchestrate unique and impactful events that leave a lasting impression. Our Team Proud of our team of seasoned professionals, Wilobby Developement leverages diverse expertise to deliver holistic solutions. Our team is passionate about innovation and dedicated to pushing boundaries for our clients. Don't hesitate to contact us if you need any further information!",Spain,1.694593,,,
RHSM Hospitality Group,1020183.0,"Spain, Valencia, Benidorm",https://www.linkedin.com/company/rhsm-hospitality-management,rhsmgroup.com,"Somos especialistas en gestionar activos hoteleros, propiedades en alquiler vacacional y/o media estancia, así como en servicios de consultoría, mentoría, coaching y formación turística. Igualmente, invertimos en proyectos turísticos que aporten valor al sector y a la sociedad, a la par que buscamos inversionistas que quieran compartir nuestro sueño de crear experiencias memorables y sostenibles.",Spain,1.020183,,,
MÓN 2 - Exclusive,1530633.0,"Spain, Catalonia, Barcelona",https://www.linkedin.com/company/m-n-2.0,www.premiumsenses.eu,"MÓN 2.0 se dedica a ofrecer soluciones hechas a medida para productos y servicios de lujo en Barcelona  MÓN 2.0 is dedicated to offering exclusive goods and services in Barcelona  Luxury Concierge,  Lifestyle Services ,  Luxury Products , Fine Art , Jewelry .",Spain,1.530633,,,
BedLoop · Plataforma De Gestión Integral Para Alquiler Vacacional,6405252.0,"Spain, Catalonia, Barcelona, 118 Passeig De Gràcia, 08008",https://www.linkedin.com/company/bedloop,www.bedloop.com,"Reinventamos la gestión del día a día: BedLoop. La única herramienta que le permite tener en una única plataforma el PMS, Channel Manager, CMS, CRM y ERP, para la mejor gestión de sus alquileres vacacionales. Después de probar la mayoría de softwares de gestión del mercado, nos dimos cuenta de las necesidades reales del sector y decidimos crear nuestra propia plataforma de gestión. Disfrutamos haciendo nuestro trabajo BedLoop cuenta con un equipo joven, alegre y implicados con el trabajo.",Spain,6.405252,,,
SILASTUR- Gestión De Alquiler Vacacional,1020422.0,"Spain, Asturias, Gijón",https://www.linkedin.com/company/silastur-sl,www.silastur.es,En Silastur gestionamos de forma integral su alquiler vacacional,Spain,1.020422,,,
The Ella Experience,1530633.0,"Spain, Balearic Islands, Palma, 07011",https://www.linkedin.com/company/ellaexperience,ellaexperience.com,Your Personal 24/7 Luxury Lifestyle Concierge Company. Exclusive Access to VIP Events and Top Tier Services Worldwide.,Spain,1.530633,,,
Exquisit-e Unlimited Luxe,2306457.0,"Spain, Catalonia, Barcelona",https://www.linkedin.com/company/exquisit-e-unlimited-luxe,www.exquisit-e.com,"What is exquisit-e? A private portal for a VIP-buyers Community, with an exclusive catalogue of Luxurious products (wines, gastronomy, clothing, accessories, jewelry, electronics, cars... and anything you can wish for) and VIP services (booking of exceptional places, events organization, recruitment of highly qualified staff, private jet, discreet protection, and more...). What makes exquisit-e different? * High quality client relation Services : Physical contact and sales, Guidance * Donation System : 10% of membership fees distributed on NGO’s. * Simplicity of usage : One click is enough to make a wish. * Community aspect : Become part of an exclusive VIP community. What can you expect? ...conciergerie, endorsements & sponsorships, space shuttles, golden champagne, islands, parties... We Make Your Wishes... Come True",Spain,2.306457,,,
The Natura Green Team S.l.,575484.0,"Spain, Catalonia, Barcelona",https://www.linkedin.com/company/the-natura-green-team-s.l.,www.rsc-greenteam.com,"Barcelona Vip Concierge, Lifestyle & Business services Division, with a team with more than 30 years experience in all sectors in tourism, of high quality deluxe Concierge services in Barcelona and Catalonia Region, Also supports Business travellers offering concierge Business services like high specialised and experienced consultants, public relations and networking-introduction to private and institutions of all type and sectors of Barcelona and the Catalan region, relocations support, etc. Activity covered by an Applus certification as Bussiness Coach on International Rule SGE-900:11, with register number SGE-0004/12, with global validity and with the maximum professional qualification level (8) in the EU.  Founder partners and proud members of the Catalonia Convention Bureau, head office based in -Barcelona. Our team is expert in planing and organising creative and innovative corporate Events like Meetings and Incentives or Product Presentations, always with sustainability criteria since the first planing steps. Pioneers in the Iberian to apply sustainability criteria in tourims services, we are certified as Sustainability Auditors, Consultants and Advisors.",Spain,0.575484,,,
Michl Marine S.L.,1478466.0,"Spain, Balearic Islands, Ibiza",https://www.linkedin.com/company/michl-marine-s-l-,www.michlmarine.com,"Michl Marine Ibiza S.L. was founded by Manfred Michl in 1989, and mainly specialised in the servicing of boats when it started. The company has developed continually since, and can nowadays offer you a comprehensive all-in-one package on a professional basis. Our services include repair and maintenance work, purchase and sale, mooring, concierge-services and many more. Due to our more than 20 years of professional experience on the island of Ibiza, we ensure our customers an impeccable service. The company’s headquarter is located in the new, modern yachting harbour Marina Ibiza, one of the hotspots of the island, and from this base, we operate as exklusive sales partner of Overmarine Mangusta for the Balearics. For further information about the Marina Ibiza, please consult the marina’s website directly at www.marinaibiza.com).",Spain,1.478466,,,
World Select Holidays,624672.0,"Spain, Valencia, Altea, 8 Calle Quilla, 03590",https://www.linkedin.com/company/worldselectholidays,worldselectholidays.com,"Fondée en 2015, World Select Holidays est une société spécialisée dans la location de belles demeures dans le monde, crée à l’initiative de Fabrice et Céline, professionnels dans la gestion des résidences secondaires, la conciergerie privée et la location en Espagne depuis 10 ans. Pendant toutes ces années ils ont privilégié avec leurs clients la relation de confiance et mis un point d’honneur à proposer des prestations de qualité. Leur vision de l’entreprise est basée sur la qualité et la satisfaction constante du client, cela constitue pour eux les principes fondateurs de leur Agence, de leur métier. C’est l’envie d’une évolution, dans la continuité de leurs parcours et de leurs expériences professionnelles qu’ils sont arrivés aujourd’hui vers le tourisme de luxe. C’est l’envie d’offrir plus de choix et le meilleur à leurs clients actuels mais aussi d’élargir leur clientèle. Ce nouveau concept de location offrira confort, charme, espace, convivialité, élégance. World Select Holidays partage comme vous, l’amour des belles maisons, toutes les propriétés sont soigneusement sélectionnées pour vous assurer un grand confort. L’objectif est d’offrir des lieux magiques, un service hors norme, un accueil personnalisé pour des séjours de rêves…  Afin que vous puissiez mieux connaitre L’agence World Select Holidays, nous vous invitons à visiter le site internet http://worldselectholidays.com/  Fabrice et Céline sont à votre entière disposition pour toutes informations complémentaires.  A bientôt,",Spain,0.624672,,,
Sense Sicily S.r.l.,591378.0,"Spain, Catalonia, Barcelona",https://www.linkedin.com/company/sense-sicily-s.r.l.,www.sensesicily.com,"SenseSicily, your luxury concierge service specialized in the island of Sicily, was created with the purpose to show and make our guests live the best of Sicily.  We curate the most sophisticated experiences according to your needs while providing all the outstanding services that this enchanting island can offer. SenseSicily journeys are designed around the demands and desires of our travelers, be they individuals coming for the first time, couples returning for the tenth time, or high-profile companies looking for a corporate retreat.  Our tailored recommendations are exclusive created around the needs of your trip .  What makes SenseSicily unique is the personal relationships with our local contacts and the connections in the specific territory that cannot be found elsewhere. SenseSicily provides a unique opportunity and exclusivity to discover a complex and fascinating land like Sicily, thanks to the dedication and professional knowledge of our dedicated team, which has more than 10 years of experience in the industry.",Spain,0.591378,,,
MAX IBIZA,779725.0,"Spain, Balearic Islands, Sant Josep, 4 Carrer Del Llobarro, 07817",https://www.linkedin.com/company/max-biza,www.maxibiza.com,"Welcome to Max Ibiza Luxury Agency, where we pride ourselves on providing the ultimate VIP experience for your stay in the beautiful island of Ibiza. Our agency is a one-stop-shop for all your concierge needs, offering a wide range of services to make your vacation unforgettable. Our team of experts has over 10 years of experience in the industry and is dedicated to personalizing each trip to meet the unique needs and desires of each and every client. When you choose Max Ibiza, you will be assigned a Personal Assistant who will work closely with you to understand your specific needs and preferences. They will then use our network of trusted contacts to plan and organize every aspect of your trip, from arranging the perfect rental villa or yacht, to selecting the most comfortable and secure transportation options. We understand that security is of the utmost importance, which is why we make it a top priority for all of our clients. You can rest easy knowing that we have everything taken care of, leaving you free to relax and enjoy your guests and your vacation. For more information and to start planning your dream vacation in Ibiza, Formentera or Mallorca, please do not hesitate to contact us via email.  We look forward to creating unforgettable memories for you and your loved ones.  Thank you for choosing Max Ibiza Luxury Agency. 🌴 www.maxibiza.com 📩 Booking: max@maxibiza.com 📲 Whatsapp: 0034 642906659",Spain,0.779725,,,
Rock Rentals Villas & Apartments,591378.0,"Spain, Valencia, Javea, 238 Avenida Del Mediterráneo, 03738",https://www.linkedin.com/company/rockrentalsvacation,www.rockrentalsvillas.com,"Rock Rentals es una empresa dedicada a la gestión de propiedades vacacionales que combina los últimos avances tecnológicos con el trato personal, manteniendo servicios locales de máxima confianza. Nos adaptamos a las necesidades de cada propietario, ofreciendo siempre la máxima atención y disponibilidad para asistirlos en todo lo que nos sea posible. Proporcionamos transparencia y seguridad, ya que nuestro objetivo es la despreocupación total y confianza de los propietarios en nuestros servicios. Nos ocupamos de todo, desde la gestión de la reservas hasta la entrega de llaves, limpieza y mantenimiento.   Nuestro equipo está formado por expertos en alquiler vacacional, especializados en optimizar y sacar la máxima rentabilidad de los alquileres turísticos. Para ello hacemos seguimiento continuo de nuestras viviendas utilizando las herramientas más avanzadas de análisis de precios y consiguiendo mejorar su posicionamiento. Además, colaboramos con las principales plataformas de alquiler vacacional siendo los primeros en enterarnos de las novedades y cambios en el sector. Con sede en la atractiva ciudad de Valencia, trabajamos en los destinos turísticos mas importantes cubriendo la costa mediterránea, las islas y las ciudades más destacadas.",Spain,0.591378,,,
Home Around - Luxury Homes Rentals & Concierge,832896.0,"Spain, Catalonia, Barcelona, 21 Calle Perelló, 08005",https://www.linkedin.com/company/home-around,www.homearound.com,"Home Around  - Luxury Homes Rentals & Concierge offers selected and quality granted luxury vacation rentals in key locations around the world. All the properties have been personally picked and controlled to grant the best experience to our guests.  In each destination we offer a dedicated Local Host which assist the guest during the stay. A team of selected property managers select the properties on your behalf.  A variety of Concierge Services such as: VIP Transfer, Personal Chef, Grocery Shopping, Guided Tours, Restaurant Selection, Welcome Pack and Experiences selection are available for our guests to convert each stay in an amazing experience.",Spain,0.832896,,,
Red Line First Class Concierge,832896.0,"Spain, Canary Islands, Tabaiba Baja, Calle Bélgica, 38190",https://www.linkedin.com/company/red-line-first-class-concierge,www.redline-firstclass-concierge.com,"Red Line First Class Concierge Travel & Event Agency for the Balearic Islands and the Canary Islands since 1997 Partner for individualists, private groups, companies and associations as well as travel agencies and tour-operators.",Spain,0.832896,,,
My Local Concierge,1888002.0,"Spain, Andalusia, Marbella, Av. Manolete Nueva Andalucía, 29660",https://www.linkedin.com/company/my-local-concierge,www.mylocalconcierge.com,"My Local Concierge www.mylocalconcierge.com is an exclusive membership service bringing Personal Luxury into the everyday life or travels of HNWI both at personal and corporate level. The Head Office is currently in Marbella, where the company was also launched, but with an expanding reach into other parts of the globe.  A full advance itinerary for a member can be prepared to include private transport, all lifestyle reservations, accommodation, excursions, yacht charter, private chefs, villa management services, personal assistance and more; nothing is too much for their intelligent and intuitive lifestyle managers who’s expert knowledge and locally sourced contacts coupled with an attention to detail that only vocational individuals possess, means that their members are always in safe hands.  A member can then also take advantage of their on-call membership option whilst in the ""in destination"" part of the travel phase. My Local Concierge also provides a seamless White Label approach to concierge and has partnered with businesses such as Sintillate UK Ltd and The Luxury Villa Collection that were looking to embrace the concierge sector of the market but without the knowledge or personnel on the ground to deliver.  The White Label sector of the business is an expanding concept. My Local Concierge not only offers a dedicated and truly personal service but also operates with ground breaking technology, software platform and soon to be launched Mobile App that has been custom designed for the concierge industry quite literally putting ""Personal Luxury at your Fingertips!""",Spain,1.888002,,,
Lightbooking,4771839.0,"Spain, Andalusia, El Puerto De Santa María, 26 Avenida De Cádiz, 11500",https://www.linkedin.com/company/lightbooking,lightbooking.net,"Lightbooking is offering its services since April 2016. Our goal is to provide professional service to those owners wanting to choose vacation rental businesses to make the most of their properties. We are pioneers in this market designing a dynamic pricing strategy for your property considering and adjusting to the market needs.We often perform revenue management studies for a better understanding plus; our powerful connection over 30 vacation rental channels, guarantees success in terms of sales and management. Our professional team, with over 10 years of experience in the hotel industry; manage and coordinate your property with our exquisite housekeeping, welcome and personalized concierge team. Follow online your: sales, invoices and get personalized legal advice about your property. Nowadays, Lightbooking manages around 100 vacation rental units. Book now your appointment in order to get to know your needs and propose an action plan.",Spain,4.771839,,,
Waally Tours,208224.0,"Spain, Madrid, Madrid, Calle Tulipan, 28933",https://www.linkedin.com/company/waally,www.waallytours.com,Waally Tours es una empresa que ofrece servicios turísticos además de dar asistencia a Hoteles en temas de Conserjería.,Spain,0.208224,,,
Casa El Canijo Doñana,629334.0,"Spain, Huelva, Hinojos, 71 B Urb. Entrepinos C/ Tejo, 21740",https://www.linkedin.com/company/casa-el-canijo-doñana,www.casaelcanijo.es,"Alquiler vacacional en Doñana. Casa el Canijo dispone de todas las comodidades para el huésped. En su interior los espacios y la decoración están en consonancia con el entorno para que la estancia sea agradable y placentera, la zona arbolada es continua alrededor de la casa en sus 2700 m2, álamos, pinos piñoneros, lentisco, olivos y árboles frutales personalizan el entorno y como consecuencia existen lugares sombríos y acogedores. Distribución: dos habitaciones con camas de matrimonio y buhardilla con dos camas individuales, cocina, baño completo, salón comedor. Calefacción: la casa dispone de chimenea en el salón y radiadores en las habitaciones. Climatización: aire acondicionado en el salón. Electrodomésticos: cafetera, frigorífico, lavadora, microondas, tostadora, batidora además de un completo menaje de cocina. Tecnología: WIFI y televisión Exteriores: piscina privada, mobiliario exterior, porche, amplio aparcamiento sombreado, 1000 m2 de césped, zona de barbacoa y horno.",Spain,0.629334,,,
The Fortysix,1888002.0,"Spain, Catalonia, Barcelona, Passeig De Gràcia",https://www.linkedin.com/company/thefortysix,www.thefortysix.com,"The Fortysix  is a new concept in luxury accomodation with the privacy of an apartment boutique and five stars concierge services.  With 223 sqm, it is in a historical family building by the Catalan architect Buenaventura Conill i Montobbio, friend and disciple of Antoni Gaudí.  Located in the heart of Passeig de Gràcia, the most exclusive boulevard in Barcelona, it offers spectacular views to Casa Batlló, the materpiece of Gaudí.",Spain,1.888002,,,
Marbella In Style,1041120.0,"Spain, Málaga, Benahavis, 29679",https://www.linkedin.com/company/marbella-in-style,marbellainstyle.com,"Marbella in Style ofrece servicios de Personal Concierge en Marbella y la Costa del Sol. Entre nuestros principales clientes se encuentran desde miembros prominentes de familias reales árabes a empresarios de Fortune 500 que quieren hacer de su estancia en Marbella una experiencia inolvidable. Nuestro servicio de Personal Concierge satisface los deseos más extravagantes y elitistas, con discreción y profesionalidad. También organizamos excursiones a medida para conocer los destinos más exclusivos del sur de España así como del norte de Marruecos, con actividades únicas y originales.",Spain,1.04112,,,
Vacare,1750629.0,"Spain, Cantabria, Santander, 22 Calle De San Fernando, 39010",https://www.linkedin.com/company/vacare,www.vacare.es,"Gestionamos tus alquileres vacacionales para que dispongas de todas las comodidades y sigas rentabilizando tu vivienda al máximo. Nos encargamos absolutamente de todo 24 horas al día 365 días al año. Un equipo de profesionales cuidará de tu vivienda. Gestión completamente transparente, controla tus ingresos directamente desde tu perfil, conoce las fechas de ocupación e identidad de los huéspedes en tiempo real. Además gestionamos tu licencia turística y seguros de alquiler de tus viviendas turísticas.",Spain,1.750629,,,
Sitito,416448.0,"Spain, Andalusia, Málaga, 2 Calle Santa Lucía, 29008",https://www.linkedin.com/company/sitito,www.sitito.com,"Sitito.com es una empresa turística joven dedicada a la gestión integral de apartamentos turísticos, alquileres vacacionales y viviendas turísticas. Fundada en Málaga en 2017, nuestro propósito es ofrecer a los clientes una experiencia única en lugares con encanto cuidados con un sello y unos servicios personalizados, buscando así la diferenciación del resto del sector. La calidad y la calidez es nuestra razón de ser. Nuestros Sititos se ubican en diferentes entornos, desde apartamentos con encanto en pleno centro de la ciudad, viviendas en primera línea de playa o casas rurales con todo lujo de detalles. Porque una experiencia Sitito puede vivirse en diferentes conceptos de alojamiento, todos movidos por la ilusión, el afán y la afabilidad de un equipo joven que está siempre al servicio del cliente. Y es que estamos encantados de que nuestros Sititos lleguen al alma de nuestros clientes.",Spain,0.416448,,,
Les Clefs D ́Or Spain - Las Llaves De Oro Españolas,15271327.0,"Spain, Madrid, Madrid, 33 Gran Via, 28032",https://www.linkedin.com/company/les-clef´s-d´or-spain---las-llaves-de-oro-españolas,www.llavesdeoro.org,"You can recognize Clefs d'Or concierges by the keys they display on the lapels of their uniforms. These crossed gold keys are more than just the symbol of the organization -- they are the symbol of guaranteed, quality service. Clefs d'Or concierges will accommodate every guest request so long as it is morally, legally, and humanly possible. Their services run the gamut from the mundane to the extraordinary, yet each request is fulfilled with vigor to the guest's full satisfaction. Clefs d'Or concierges handle all duties with zeal: mail and messages, recommendations and reservations, travel and meeting planning, personal shopping and professional communications. They are also supreme social advisors, business expediters, and personal confidantes. On those rare occasions when guests' requests cannot be fulfilled single-handedly, Les Clefs d'Or concierges have the necessary back-up: a never-ending network of acquaintances, friends, and colleagues from around the world to see to it that guests' demands are met. Les Clefs d'Or members have dedicated many years of hard work and training to the concierge profession. They are pleasant and welcoming in appearance, they remain calm in a hectic environment, and they always display integrity. Indeed, discretion is the hallmark of a Clefs d'Or concierge. Les Clefs d'Or concierges have their fingers on the pulses of their cities, able to advise guests on restaurants, night life, sporting and theater events, sightseeing tours, shopping, etc. They can direct guests to any location, to any product, at any time of day or nigh",Spain,15.271327,,,
PYR Select,208224.0,"Spain, Madrid, Madrid",https://www.linkedin.com/company/pyr-select,www.pyrselect.com,"QUIÉN SOMOS PYR Select  representa un nuevo concepto de alojamiento. Disponemos de una amplia cartera de propiedades de lujo en Madrid. El eje central de nuestro negocio está en el centro de Madrid y el Barrio de Salamanca. Nuestra máxima es el trato personalizado y exclusivo al cliente. Cada cliente es único y especial, y así debe sentirse.   Contamos con un equipo de profesionales  especializados, dedicados en cuerpo y alma a la satisfacción de nuestros huéspedes. QUÉ OFRECEMOS Alojamientos de lujo cuidados hasta el mas mínimo detalle. Apartamentos urbanos:  Apartamentos de uno, dos, tres y hasta cuatro dormitorios. Servicios complementarios previa petición del cliente.  SERVICIOS ADICIONALES: -	Mantenimiento -	Lavandería y limpieza -	Servicio de 'Concierge' -	Traslados Especialidades Gestión inmobiliaria, Servicios de lujo, Alquiler corta, media y larga estancia, reformas y decoración.",Spain,0.208224,,,
Madrid Aloja,416448.0,"Spain, Madrid, Madrid, 43 Calle De Montesa",https://www.linkedin.com/company/madrid-aloja,www.madridaloja.org,"Madrid Aloja es la Asociación de particulares, gestores y pequeños propietarios de alquiler vacacional de la Comunidad de Madrid. Actualmente está compuesta por más de 350 socios.   El objetivo principal de nuestra asociación es la defensa y promoción del alquiler vacacional.   Dentro de la asociación ayudamos a los socios en temas como inscripción en el registro, fiscalidad, derechos y obligaciones, seguros, ficha de policía, plano visado, cédula de habitabilidad, comunidad de vecinos, etc. Todo esto lo compartimos a nivel de asociado.",Spain,0.416448,,,
Deliciously Sorted Ibiza,3331584.0,"Spain, Balearic Islands, Ibiza, 25 Calle Venda De Llatzer, 07814",https://www.linkedin.com/company/1514886,www.deliciouslysortedibiza.com,"Here are just a few of the reasons why so many use us to make their Ibiza experience truly special: - With over a decade's experience our reputation ensures access where others can't. - Over 200 tried & tested suppliers and a multi-lingual team of 15, available 24/7. - We are uniquely placed to deliver on every different aspect of your holiday or event. - 150 stunning rental villas, standard concierge service included, absolutely free - Over 100 exquisite bespoke events organised on the island   - No request is too ordinary or too extraordinary “A hotel for Kanye, a dinner for Oprah…When the big stars  comes to Ibiza, one number is on speed dial: Deliciously Sorted.” Grazia Get in touch to unlock the island's best kept secrets.",Spain,3.331584,,,
Yacht Service Spain,4771839.0,"Spain, Balearic Islands, Palma, 16a Avenida De Gabriel Roca, 07014",https://www.linkedin.com/company/yacht-service-palma,www.yachtservicespain.com,"Yacht Service is where you can find the best berths on the Mallorca island, choose a 24 hours first class concierge service, get fast provisioning of any kind directly on board everywhere you are, or simply book your unforgettable charter in Mallorca or Menorca.  We are synonymous of Superior Service at All Times. Why should you settle for less? Yacht Service was in fact created with the objective of satisfying the most demanding clients by supporting yacht captains and their crews on handling any aspect of Large Yacht Operations. We are available 24/7 for Berth Bookings, Concierge Service, Provisioning, planning of your unforgettable Charters. We strive exceed the expectations of our clients so they can live the best experience of their life while relaxing as we take care of everything they need on the island of Mallorca.",Spain,4.771839,,,
CoolHotel,591378.0,"Spain, Madrid, Madrid",https://www.linkedin.com/company/coolhtel,coolhtel.es,"CoolHotel is the future of hotel digitization. We are a Startup specialized in the development of Software products for hotels. If you are a hotel, reduce your costs, streamline your processes, increase your productivity and improve the EXPERIENCE OF YOUR GUESTS with our WEB-APP. Our application accompanies the guest from Check-In to Check-Out, offering the possibility of having at hand all the hotel services, Delivery Room, Restaurant, Concierge, Expense Tracking and any other business line that your hotel has (Gym, Sauna ...). We are the only tool on the market that: -Centralizes all the information that the guest performs during their stay at the hotel in the PMS itself. -NO DOWNLOADS NEEDED. - Personalized to the taste and characteristics of your Hotel. More and more hotels trust us. Do not hesitate to contact us!",Spain,0.591378,,,
Mediterranean Lettings,591378.0,"Spain, Madrid, Madrid",https://www.linkedin.com/company/mediterranean-lettings-s.l.,www.mediterraneanlettings.com,"Mediterranean Lettings, Gestión Global de Alquileres Vacacionales. Mediterranean Lettings ofrece la oportunidad a propietarios de segundas viviendas y a inversores inmobiliarios de rentabilizar su compra a través del alquiler de corta y media estancia poniendo a su disposición un servicio global de gestión del alquiler: ADECUACIÓN de la vivienda para el alquiler vacacional Gestión de la PRESENCIA Online. Operativa de reservas. Servicios adicionales al inquilino que le aportan valor al alquiler. Asistencia  al inquilino durante la estancia. Mantenimiento de la propiedad Gestión de la REPUTACIÓN Online.",Spain,0.591378,,,
Luxury Villas Marbella,1319328.0,"Spain, Andalusia, Marbella",https://www.linkedin.com/company/luxuryvillasmarbellaholidays,luxuryvillasmarbella.eu,"We offer a personal service finding the perfect luxury villa solutions and exclusive hotel rental options in the Marbella area, Spain.  Particularly we are specialists in accommodation solutions for larger groups 20-90 people, working with UHNWI families, corporates and events companies.   We also offer concierge services and have a network of preferred partners for villa catering, airport transfers, activities, cultural trips, pampering, decoration, flowers and everything else our clients need.",Spain,1.319328,,,
BeCharter,1888002.0,"Spain, Catalonia, Barcelona, Local 14 Moll De La Marina, 08005",https://www.linkedin.com/company/becharter,www.becharter.com,"BeCharter is a company specialized in boat rentals designed to create unique experiences at sea. We offer a wide fleet of sailboats, motorboats, and yachts — with or without a skipper — for sailing, fishing, or simply enjoying the sea, tailored to both individuals and corporate clients. Our headquarters are located at Port Olímpic in Barcelona, with operational bases in Cambrils, L’Estartit, and Palma de Mallorca. Our fleet is 100% Beneteau, a world-renowned shipyard known for its quality, design, and reliability. We ensure a premium experience through continuous fleet renewal and rigorous maintenance, with a strong focus on safety and comfort. We also provide expert advice, technical support, and fast response in case of any issues. BeCharter is part of Guasch Group, a leading holding company with over 30 years of experience in the nautical sector. Our story began in 1995, offering seasonal rentals of small boats to holidaymakers. Since then, we’ve evolved into an innovative charter project, based primarily on a fleet from Beneteau Group brands, including Beneteau and Excess Catamarans. Discover more on our website and get ready to set sail.",Spain,1.888002,,,
WCS Bespoke,832896.0,"Spain, Andalusia, Cadiz, Locales 9-11 Avenida Paniagua, 11310",https://www.linkedin.com/company/wcsbespoke,www.wcsbespoke.com,"WCS Bespoke provides Property Management, Administration, Holiday Rentals, Destination and Concierge Services to Holiday Property Owners and their Guests, in and around Sotogrande in Southern Spain",Spain,0.832896,,,
Ibiza Inside,629334.0,"Spain, Balearic Islands, Ibiza, St Eulalia",https://www.linkedin.com/company/ibiza-inside,www.ibizainside.com,"Ibiza Inside offers Concierge and Personal Assistant services. Ibiza Inside will assist you with everything you need organised before and during your Ibiza holiday or stay. We guarantee you will be at the right place at the right time and you will feel like an absolute VIP. The Team Over the years the team of Ibiza Inside have built up a strong network of contacts, local partners and providers of luxury services. Our extensive knowledge of Ibiza, combined with this wide range of suppliers, enables us to sort you out with pretty much anything. Our whole team lives in Ibiza permanently, all year round, so we are always available and spot on. And yes, we are a lot of fun to work with!",Spain,0.629334,,,
LanzaLux,416448.0,"Spain, Canary Islands, Tías, 84 Local 1a Avenida Central, 35572",https://www.linkedin.com/company/lanzalux,www.lanzalux.com,"LANZALUX Conserjería Vacacional en Lanzarote.  Creamos un nuevo concepto de lujo ofreciendo un servicio exclusivo, con la mejor solucion para clientes VIP y experiencias exclusivas para turistas. Nuestra empresa se dedica a diseñar estancias con un trato personal adaptándonos a los necesidades de nuestros clientes. La pagina web www.lanzalux.com ofrece un servicio de conserjería vacacional online, donde se encuentra cualquier servicio adicional para completar vacaciones perfectas.  Nuestra pasión por el servicio excelente es nuestra fortaleza. BARCOS PRIVADOS | EXCURSIONES PRIVADAS | CATAS DE VINO EXCLUSIVO CON EXPERTOS DE PRIMERA | PAQUETES VACACIONALES | CATERING | WELLNESS  A DOMICILIO | CESTAS DE COMPRA | KIDS SELECT | Y MUCHO MAS",Spain,0.416448,,,
Apartamentos Tamarindos Peñíscola,1874016.0,"Spain, Castellon, Peñiscola, 168 Avda. Papa Luna, 12598",https://www.linkedin.com/company/apartamentos-tamarindos,www.tamarindos.net,"Apartamentos Tamarindos, el lugar perfecto para descansar y disfrutar de tus vacaciones en compañia de tu familia. Tamarindos, ubicada en Peñíscola, Castellón, en el corazón de la Costa del Azahar, es una opción perfecta si está pensando en “alquiler de apartamentos”. Hoy en día, reservar un apartamento puede ser una alternativa perfecta al alquiler vacacional en hotel o aparthotel, especialmente si desea pasar las vacaciones en familia.",Spain,1.874016,,,
Magnetic Travel,416448.0,"Spain, San Jose, 24 Calle Pere Escanellas, 07830",https://www.linkedin.com/company/dynamic-ibiza-sl,www.magnetic-travel.com,"Magnetic Travel is a leading luxury concierge specialist in Ibiza. We pride ourselves on working very closely with our clients and partners to plan and deliver personalised and exclusive experiences, tailored to suit the specific requirements of each guest and to ensure they get the most out of their holiday in Ibiza.",Spain,0.416448,,,
WonderStays,416448.0,"Spain, Andalusia, Málaga",https://www.linkedin.com/company/wonderstays,wonderstays.com,Apartamentos en alquiler vacacional. Stay homely. Tu casa en Málaga.,Spain,0.416448,,,
AUREA | Lifestyle Group,629334.0,"Spain, Madrid, Madrid, 31 Calle Narváez, 28009",https://www.linkedin.com/company/aurealifestyle,www.aurealifestyle.com,"AUREA | Lifestyle is a Luxury Spain Destination Management Company headquartered in Madrid. We offer our services in the capital of Spain, Balearic Islands and Marbella. Discretion, confidentiality, excellence and close treatment in all services for our clients. · Personal Concierge: Travel, day to day, accommodation, transfer, shopping, health and wellness, vip access to all events. · Corporate Concierge: Relocation, Incentive travels, Team Building activities. · Events: Weddings and celebrations, Corporate events (Product launches or premium brand event) · Experiences: Bespoke, exclusive and unique plans only for our clients.",Spain,0.629334,,,
The Urban Hosts,624672.0,Spain,https://www.linkedin.com/company/the-urban-hosts,www.theurbanhosts.es,"The Urban Hosts es una empresa de gestión y alquiler de apartamentos turísticos. Con sede en Bilbao y operando en la provincia de Vizcaya, te ayudamos a conseguir la satisfacción de los viajeros para que puedas obtener la máxima rentabilidad de tu vivienda. Contamos con la experiencia de conseguir el distintivo de Superhost en Airbnb y una nota media de 9,3 en Booking, por lo que podemos ayudarte a mejorar tu alquiler vacacional.",Spain,0.624672,,,
VillaOnline - Expertos En Alquiler Vacacional,1888002.0,"Spain, Balearic Islands, Palma, Nº 5 Local 3 C/ Industria, 07013",https://www.linkedin.com/company/villaonline,www.villaonline.es,"Villaonline es una empresa de gestión alquiler vacacional que nace en Mallorca  en 2008 con la intención de gestionar propiedades en toda Mallorca,     Gracias a la demanda por parte de los viajeros de este tipo de alquiler, y de las necesidades de muchos propietarios a nivel económico y de gestión, optamos por especializarnos en el sector y ser un referente para ellos a la hora de gestionar sus propiedades ofreciéndoles obtener óptimos rendimientos,   Actualmente gestionamos más de 250 propiedades gracias a nuestra constancia, seriedad y el buen saber hacer después de años de experiencia.  La empresa fusiona el negocio online con el trato personalizado y nuestra principal función es ser transparentes, ofrecer nuestros mejores recursos y recomendaciones al propietario para que deje en nuestras manos la gestión de su casa.  Ventajas de trabajar con Villa Online: Rentabilidad:  Con Villa Online dispondrá de la mejor comercialización de su propiedad. Flexibilidad: siempre que lo desee usted puede hacer un uso libre de su propiedad. Tranquilidad: confirmación inmediata de sus reservas (24 horas) para eliminar la posibilidad de overbooking. Gestión integral: nuestra filial  www.villamanagement.es  ofrece una gama completa de servicios de su propiedad, desde la limpieza,  lavandería, entrega de llaves,  hasta el jardín y piscina, podemos hacernos cargo de la gestión de la propiedad al 100% para que usted no se tenga que preocupar de nada. Venta: si su casa se encuentra en venta o desea venderla www.villainvest.es  se ocupará de promocionar su venta!       En definitiva, somos una empresa joven, moderna y con amplia experiencia en el sector, siempre trabajamos por estar al día de todos los cambios tecnológicos,  redes sociales y nuevos canales de promoción para aplicarlo a  nuestras propiedades y obtener así el máximo de ocupación posible.     Nuestra finalidad, es que los huéspedes hayan tenido una experiencia positiva durante su estancia.",Spain,1.888002,,,
Private Travel & Concierge,1258668.0,"Spain, Andalusia, Sevilla",https://www.linkedin.com/company/different-spain-private-travel-&-concierge-services,www.differentspain.com,"Private Travel and Concierge services worldwide, with special dedication to Spain Private portfolio of luxury villas, apartments and private homes for rental Private tailormade tours and exclusive events Luxury and boutique hotel specialist Access to worldwide top events, red carpet, vip tickets... Seamless personal attention and service Upon request 24h",Spain,1.258668,,,
Here&There Ibiza,10211655.0,"Spain, Madrid, Madrid, 1 Avenida 8 De Agosto, 07800",https://www.linkedin.com/company/here&there,www.hereandthereibiza.com,"Here&There is a 24/7 Concierge Service based in Ibiza and Madrid. Here & There can provide you with anything you can think of, whether it´s a table at a Michelin restaurant, tickets to a movie premiere, an amazing coastal villa in the Spanish islands with a private yacht, daily needs such as door to door shopping, trustworthy babysitting while you are off skydiving from a thousand feet.  Your imagination sets the limits. Services:  PREMIUM LIFESTYLE - Private flights - Yachts & sailing boats - Vintage & Sports cars. Chauffeur services ENTERTAINMENT & CULTURE - Nightlife & VIP club experiences - Exclusive tours - Activities - Restaurants TRAVELLING - Door to door - Holiday planning CORPORATE - Companies incentives  - Business networking - Business trips ACCOMMODATIONS - Hotels - Luxury Villas & Apartments - Property management info@hereandthere.eu www.hereandthere.eu",Spain,10.211655,,,
Ibimax,1258668.0,Spain,https://www.linkedin.com/company/ibimax,www.ibimax.com,"IBIMAX IBIZA AIRPORT PARKING THE FULL (CAR) SERVICE COMPANY! We believe in raising the standard of services on Ibiza. We maximize experience by minimizing your effort. Therefore we listen to your needs and live up to our promises. IBIMAX provides 360° services for all your demands. Defining ourself with secured car parking next to the airport for short & long stay, a valet service, a cleaning station, a wide range of car rentals and a full concierge availability. Why go for less if you can get the best service? Get in touch now!",Spain,1.258668,,,
Finest Holidays - Luxury Travel Worldwide,624672.0,"Spain, Balearic Islands, Calvià, 9 Ctra Calvia-santa Ponsa, 07184",https://www.linkedin.com/company/finest-holidays-s.l.,www.finest-holidays.com,"Luxury Travel Worldwide. Finest Holidays is specialised in exclusive luxury holiday villas, high class hotels, yachts, safari lodges and ski chalets for the discerning client. Our service is on demand and individually tailored to meet your every need. We offer an exclusive, discreet and personal service to our clients for luxury holidays in top destinations. Exclusive, luxurious and perfect for the extraordinary travel elite. A professional concierge service will always be at your disposal to make sure that your stay in our unique properties is enjoyable and stress-free",Spain,0.624672,,,
Spain Unspoilt,2357963.0,"Spain, Madrid, Madrid",https://www.linkedin.com/company/spain-unspoilt,www.spainunspoilt.com,"We design custom made travels and exclusive experiences in Spain for the world's most discerning clientele. At Spain Unspoilt we all share a common idea: the love for the beauty and culture of Spain. We craft and create tailor-made experiences inside Spain, providing you with exclusive access to the country's finest hotels, luxury villas and retreats. Our Travel Specialists are experts in sourcing and designing travel experiences for any occasion; charter private jets, relax in luxury villas, embark on an experiential trip, escape with all the family or celebrate corporate successes across Spain. Whatever you wish for we have it covered and more. We craft and create holidays which are tailor-made from start to finish just for you. We will take you on a journey to explore Spain's most glamorous, sought-after and remote destinations, all while treating you to VIP benefits and experiences along the way. From the ordinary to the extraordinary, the known to the unknown, we don't just create holidays; we create memories that last a lifetime. We also give you your own dedicated Travel Specialist who is on hand to offer you expert guidance and support throughout the entirety of your trip; highly competitive rates complete with VIP privileges and complimentary during your trip, providing 24 hour concierge services which is unique and bespoke to Spain Unspoilt.",Spain,2.357963,,,
TheKey Host,6897845.0,"Spain, Madrid, Madrid, 16 Carrera De San Jeronimo, 28014",https://www.linkedin.com/company/thekey-host,thekeyhost.es,"SERVICIO DE GESTIÓN INTEGRAL DE APARTAMENTOS Y VIVIENDAS TURÍSTICAS EN MADRID, MÁLAGA Y SEVILLA TheKey Host te ofrece la mejor solución del mercado para la gestión integral de tu vivienda como apartamento turístico en Madrid, Málaga y Sevilla. Tu vivienda estará posicionada en las principales plataformas de alquiler vacacional: Airbnb, Booking, Expedia, Homeaway, etc. Somos colaboradores oficiales de Airbnb a través del programa de gestor local:  Madrid: https://www.airbnb.com/hs/psdkt Málaga: https://www.airbnb.com/hs/mevqs ¿QUÉ INCLUYE EL SERVICIO DE GESTIÓN INTEGRAL EN THEKEY HOST? -Puesta a punto de tu apartamento -Creación de Anuncio -Captación de Reservas -Gestión de Tarifas -Recepción de Huéspedes -Gestión de Daños -Análisis de Huéspedes -Registro de Huéspedes -Atención 24/7 -Revisión del Apartamento -Personal Propio -Lavandería Profesional -Amenities de Bienvenida -Licencia de Actividad -Servicio de mantenimiento -Gestión Detallada",Spain,6.897845,,,
The Concierge Ibiza,1701942.0,"Spain, Balearic Islands, Ibiza",https://www.linkedin.com/company/the-concierge-ibiza,www.theconciergeibiza.com,"The Concierge Ibiza provide a smart support for holiday makers in Ibiza. We assist our clients arranging anything. Our Services include reall estate, yacht charter, chauffeur service, car rental, table bookings and concierge service. Our team is reliable, fast, precise and costumer service oriented. We know Ibiza and we are ready to make your life easy on the island.",Spain,1.701942,,,
Marbslifestyle.com,2059248.0,"Spain, Andalusia, Marbella, Local 1 N-340 Km 176 Centro Comercial Oasis, 29602",https://www.linkedin.com/company/marbslifestyle-com,www.marbslifestyle.com,"Marbslifestyle.com is the comprehensive inspiration and location guide for those who want to discover all that Marbella has to offer. 💙🗝️ Marbslifestyle.com offers a carefully curated selection of top accommodation, restaurants, beach clubs and (night) activities where we personally assess each stay and activity to ensure the highest quality.  Our event calendar keeps visitors informed about the most high-profile events, such as the famous Starlite Festival and exclusive parties at Nikki Beach and Ocean Club, so you always know where the best parties are happening.   In addition, we offer luxury holiday rentals with an extensive selection of more than 2,500 high-end accommodations such as villas, penthouses and beach flats, all with attention to comfort and luxury.   We also take the holiday experience to the next level with our concierge services: from booking tables at exclusive restaurants to arranging private transport and unique local activities, our team is ready to make every detail run smoothly.   With over 15 years of local knowledge and passion for the region, Marbslifestyle.com is the trusted partner to fully experience Marbella's luxury living and culture.✨",Spain,2.059248,,,
Bespoke Senses,624672.0,"Spain, Galicia, Pontevedra, 8 C/ Alcalde Garcia Filgueira, 36004",https://www.linkedin.com/company/bespoke-senses,www.bespokesenses.com,"BESPOKE SENSES, es una empresa especializada en ofrecer servicios exclusivos dentro del ámbito turístico y la gestión de eventos.  Le ofrecemos distinción elaborando programas totalmente a medida y adaptados a sus necesidades y expectativas:  Alojamientos, transfers, catering, guías privados, personal assistance, servicio de concierge, organización de eventos, etc.    Nuestra filosofía de trabajo y actuación  contempla los más altos estándares de calidad y eficiencia.  Nos orientamos a clientes que quieren lo mejor de cada servicio y para los que prevalecen elementos de gran valor añadido como la discreción, la seguridad y la confidencialidad. Ponemos a su disposición dos membresías, Premium Senses y Excellence Senses, con las que disfrutar de las ventajas de pertenecer a un club exclusivo. Visítenos:   www.bespokesenses.com Nodedad: ahora puede contratar sus reservas directamente a través de nuestra agencia online: www.bespokesenses.com/agenciaonline/ Descuentos especiales de un 5% en muchos servicios. BESPOKE SENSES is a wholesale company specializes in providing exclusive services in the field of tourism and event management. We offer distinction developing programs fully customized and tailored to your needs and expectations: accommodation, transfers, catering, private guides, personal assistance, concierge services, event management, etc. Our philosophy and action provide the highest standards of quality and efficiency. We focus on clients who want the best of each services and the prevailing high value-added items such as discretion, security and confidentiality. We offer two memberships, Premium Senses and Excellence Senses with which you can enjoy the advantages of belonging to an exclusive club. Visit us on: www.bespokesenses.com New: Now you can book  directly across our agency online: www.bespokesenses.com/agenciaonline/ Special discounts of 5 % in many services.",Spain,0.624672,,,
Lodgerstrip,591378.0,"Spain, Catalonia, Barcelona, 195 Avenida Gran Via De Lescort Catalanes, 08014",https://www.linkedin.com/company/lodgerstrip,lodgerstrip.com,"Lodgerstrip specializes in luxury villa rentals across Spain’s most sought-after destinations, including Marbella, Balearic Islands, and Canary Islands. We offer tailored experiences with concierge services, private chefs, and exclusive in-villa events. Discover your perfect vacation home today. #LuxuryVillas #SpainVacation #GroupTravel #ConciergeService #TailoredGetaway",Spain,0.591378,,,
Portic Villas,4771839.0,Spain,https://www.linkedin.com/company/portic-villas,www.porticvillas.es,Empresa familiar fundada en Mallorca dedicada al alquiler vacacional de villas y su correspondiente mantenimiento integral.,Spain,4.771839,,,
PAAL Team Import International S.A,21741.0,"Spain, Madrid, Madrid, 20 C/ Velázquez, 28001",https://www.linkedin.com/company/paalapartments,www.paalapartments.com,"PAAL Apartments es el nombre comercial de nuestra empresa. Nos dedicamos a la inversión hotelera, enfocados en el alquiler vacacional de pisos turísticos en la costa española. Nuestra estrategia empresarial está enfocada en crecer a la par que la satisfacción de nuestros clientes. Reinventándonos constantemente.",Spain,0.021741,,,
Pinea Club Ibiza,591378.0,"Spain, Balearic Islands, Ibiza, 07800",https://www.linkedin.com/company/pinea-club-ibiza,www.pineaclub.com,Our objective is to create seamless and meaningful Ibiza experiences for our clients. Our Custom Concierge services have the purpose of ensuring you spend your time & energy on enjoying & relaxing.  Elavate your Ibiza Experience with us this Summer!,Spain,0.591378,,,
Lifestyle Management And Concierge Services In Spain - Luxury Moments Group,629334.0,"Spain, Catalonia, Barcelona",https://www.linkedin.com/company/luxury-moments-group,luxurymomentsgroup.com,"Welcome to ""Luxury Moments Group"", lifestyle management and concierge services company in Spain. Discover the most luxurios experiences with our lifestyle managers and personal concierge. We don´t have limits and we offer 24/7 h, 365 days. No longer is lifestyle management a luxury, but a practical and convenient way to help you save time, money and increase efficiency. Our personal concierge program has been designed to enhance your lifestyle both at work and at home while providing you with any amenity you desire. We operate on a highly personalized level to exceed your expectations. Just some of the featured lifestyle management services that we offer include travel planning and booking, property management and absentee maintenance, jet charter, luxury yacht, entertainment, VIP experiences and the ability to secure rare luxury find. In every aspect of your life, we aim to under-promise and over deliver, so you enjoy a wonderful experience from all requests, large and small. Our international concierge services include itineraries, travel planning, villa rentals, lifestyle services, property sales and management, yacht chartering and much more at affordable rates. We understand the level of service required and can meet the needs and desires of the most discerning client.   ""Life stylists” are experts who turn wish lists into checklists and have all the right connections to get you past any pesky velvet ropes. Whether it’s planning the ultimate event with a celebrity guest list, a last minute meal at a Michelin star restaurant, or bottle service at a Ibiza nightclub, they can make even the most outrageous requests a reality.  It’s their pleasure to ensure that access is always granted, discretion is always promised, and exclusivity is always guaranteed.",Spain,0.629334,,,
REDO.,1068334.0,"Spain, Catalonia, Barcelona",https://www.linkedin.com/company/redoapp,redoapp.es,"This is REDO, founded by five engineers, born to revolutionize the way you plan your travels. Picture this: You, effortlessly orchestrating every aspect of your journey with just a few clicks. REDO isn't just a platform; it's your personal travel concierge, your cultural compass, and your ultimate guide to exploration. From checking the best flight deals to booking that hidden gem of a restaurant, we've got you covered. Oh, and forget about drowning in a sea of emails, group chats and calendars just to keep track of your plans. With REDO, consider your cluttered inbox and overstuffed wallet a thing of the past. Check our formulaire: https://forms.gle/6w4fLmkRtSfWq9Z3A - ""Unlock your journey, your adventure simplified"" -",Spain,1.068334,,,
Vacaciones Y Bienestar,1007944.0,"Spain, Valencia, Denia, 2 Plaza Jorge Juan, 03700",https://www.linkedin.com/company/vacaciones-y-bienestar,www.vacacionesybienestar.com,"Nuestra empresa se dedica a la gestión de alquileres vacacionales y servicios turísticos complementarios con mayoritaria presencia en Denia y Costa Blanca, no solo ofrecemos “sol y playa”. A parte de la oferta vacacional también somos expertos en la organización de jornadas de convivencia, stages deportivos y en organización de torneos de Golf.",Spain,1.007944,,,
Carefree Ibiza,591378.0,"Spain, Baleares, Sant Josep De Sa Talaia, 07830",https://www.linkedin.com/company/carefree-ibiza,www.carefreeibiza.com,"Carefree Ibiza is a specialist in taking care of you and your second home on Ibiza. From cleaning to maintenance, from opening the door for package deliveries or doing concierge services while you are on Ibiza. We want you to be able to fully enjoy your time when you are on the island, and when you're off the island, we are taking care of your apartment or villa with a our 5 star team. Be Carefree!",Spain,0.591378,,,
Madrid Vegan Tours,208224.0,"Spain, Madrid, Madrid",https://www.linkedin.com/company/madrid-vegan-tours,www.madridvegantravel.com,"Madrid Vegan Travel is the first and only vegan company in Madrid offering Vegan Experiences to conscious travelers.  Enjoy our Vegan Tapas Food Experience, Ethical Shopping Experience, Vegan Concierge, Plant-based Cooking Classes and the amazing seasonal, private and walking tours.  We'll help you plan your vegan event in Spain, your wedding or your vegan-friendly vacation in the countryside.  Here you will only treat with professional like-minded people willing to help you with your vegan spare time!",Spain,0.208224,,,
Ibiza24seven.com,591378.0,"Spain, Balearic Islands, Ibiza",https://www.linkedin.com/company/ibiza24seven-com,,"ibiza24seven.com is a unique, tailor made concierge service offering our clients a customised holiday experience on the island of Ibiza. Whatever your requirements, whether you need accommodation, car hire, vip entrance to the world famous clubs, or a table at the best restaurants, we are here to help using all our vast experience and local knowledge we can recommend  the best beaches to visit, local markets, boat trips, or even a chef or masseuse at your villa. We pride ourselves on delivering the highest quality of personal service to all our clients, so if you require any information or are thinking of booking, please do not hesitate to contact us here at ibiza24seven.com",Spain,0.591378,,,
Ibiza Selected - Holiday Rental,416448.0,Spain,https://www.linkedin.com/company/ibiza-selected-holiday-rental,www.ibiza-selected.com,"Our advantages if you book with Ibiza Selected: - We have all our holiday properties directly from the owner or the house manager and would be checked by us personally - check-in is done on-site by our staff or myself (no extra charge for late-check-in, as with other agencies in Ibiza) - 24 hours on-site accessibility and service - Private concierge service at no extra charge - German and English speaking contact person",Spain,0.416448,,,
Gabinos,271511.0,"Spain, Andalusia, Málaga",https://www.linkedin.com/company/gabinos,www.gabinos.com,"""Alquila y comparte, el mundo es tuyo"" Gabinos.com es una website de alquiler vacacional y hoteles, fácil, rápida, responsive design en un solo click  tienes resultado en 50 países y 15 idiomas. Queremos compartir esta website con todo los blogs de viajes y turismo del mundo para que puedan publicar su opiniones y reportajes en Gabinos.",Spain,0.271511,,,
ISproperties,1258668.0,Spain,https://www.linkedin.com/company/isproperties,www.isproperties.es,"ISPRORPETIES  ofrece a sus clientes viviendas seleccionadas de alto nivel donde poder disfrutar de una estancia cómoda y tranquila en múltiples destinos Actividad: Empresa comercializadora de viviendas ya sea esta para su venta, su alquiler anual o alquiler vacacional.  - gestionamos alquileres vacacionales  - gestionamos alquileres anuales  - vendemos viviendas Objetivo: obtener el máximo rendimiento para el propietario, y ofrecer las máximas garantías de calidad para el cliente o viajero. INVERSORES - buscamos activos - seleccionamos los más convenientes - gestionamos la compra-venta - administramos su propiedad - rentabilizamos su inversión ALQUILER VACACIONAL Y A LARGO PLAZO Es difícil para los propietarios encontrar al gestor adecuado para sus alquileres a largo plazo y vacacionales, y aún más difícil saber cuánto ganará cada mes en alquiler vacacional. Nosotros somos la solución. - precios de rentas óptimos - contratación - regulación - comercialización - gestión - seguros COMERCIALZIACIÓN Publicamos en más de 30 portales inmobiliarios y más de 50 portales de alquiler vacacional.  NUESTROS ESTÁNDARES DE CALIDAD Nuestros estándares están diseñados para lograr cuatro objetivos.  1. Para crear la mejor experiencia posible para nuestros invitados 2. Para maximizar el número de huéspedes que repiten y garantizar su seguridad y comodidad 3. Para ahorrar dinero de los propietarios a largo plazo 4. Dar al equipo de limpieza todas las oportunidades posibles para alcanzar los tres objetivos anteriores. COMUNIDAD Únete a nuestro equipo y empieza a obtener ingresos adicionales - Programa de afiliación - Apoyo y formación - Trabajo colaborativo - Ahorro e independencia - Estabilidad y garantía de ingresos - Crecimiento laboral - Asesoría administrativa y legal",Spain,1.258668,,,
3e Luxury Services Barcelona,1038482.0,"Spain, Catalonia, Barcelona, 12 Passeig De Gràcia, 08007",https://www.linkedin.com/company/3e-luxury-services,www.3els.com,"Welcome to 3els Barcelona. 3e Luxury Services is an incoming travel agency (DMC-Destination Management Company) based in Barcelona. We are specialists in tailor-made experiences and events and offer all kinds of incoming services -concierge- around Spain & Portugal. Excellence, exclusivity and expertise (the ""3e"") are our basic principles and we work continuously to ensure they are infused in all of our projects. However, at 3els, we offer much more than excellent service, we strongly believe that the real luxury is to offer experiences that give our clients goose bumps and, at the same time, respect and contribute to improve our environment. That’s why we are committed to Responsible Tourism collaborating with local NGO's and providing, as far as possible, an eco-sustainable service. 3els is composed of a team with a long experience in tourism and event planning. We design your tailor-made program with absolute professionalism and we offer 24/7 assistance in your destination. We take care of all the little details so the only thing you will have to worry about is enjoying your trip or event. As well as Barcelona and the rest of Catalonia, we also manage other destinations in Spain & Portugal such as Balearic Islands, Madrid, Andalusia, the Basque Country, Valencia and Lisbon, Porto or Algarve, among others. Tell us your wishes and we will work to make them come true. We hope to see you soon. Bon voyage. Rocío Gutiérrez Founder & CEO",Spain,1.038482,,,
Le Collectionist By Bonder & Co,4771839.0,"Spain, Island, 19 Avenida España, 07800",https://www.linkedin.com/company/bonder-&-co,www.bonderco.com,"Le Collectionist by Bonder & Co is a luxury villa rental and concierge business that offers luxury experiences to clients. Each of our villas has been carefully hand-picked, and every service offered has been previously examined and tested. Ibiza, Formentera and Barcelona: we are experts in the destinations we choose. We strive for tailor-made experiences, going beyond customers expectations. How? Bringing expertise, working with passion and doing things to perfection.  From July 2017 Bonder & Co is part of Le Collectionist the first luxury European vacation property rental with unique experiences where together we plan create a new way to travel. Le Collectionist offers short-term rental on more than 2,000 hand-picked properties, and creates remarkable travel experiences for its customers in over 100 destinations. ""Dream Makers, Life Perfectionists & Experience Creators""  Our Values Are Central To Our Mission and Culture...  1. Excellence 2. Passionate Driven 3. Honesty Matters  4. Team Players  5. More than Research 6. Multifaceted & Versatile  In 2009 Paloma Bonder founded Ibiza Solutions, the 1st luxury villa and concierge service in Ibiza. By 2012 her company was appointed the official supplier of American Express on the island, providing exclusive services to Platinum and Centurion members who were looking for exclusive luxury holidays.  In 2012 a major turning point occurred: Bonder & Co was born. Paloma Bonder and Mo Aljeda, former GM of L’Oreal Group and VP at Yves Saint Laurent, created a key partnership in transforming a boutique business into an ambitious luxury travel company.  In 2013 new HQ opened in the heart of Ibiza at the former official college of architects, a beautifully renovated and listed building. In expanding its horizons, Bonder & Co selected Formentera as a new luxury destination to offer clients, with its paradisiacal beaches and fine sand bliss.  In 2016 a new office opens in Barcelona in the golden mile surrounded by emblematic emails and luxury avenues. That same year Barcelona becomes a new exclusive destination with its cool lifestyle and modern vibe. In 2017 Bonder & Co unites with Le Collectionist the first luxury European vacation property rental with unique experiences where together we plan create a new way to travel. Le Collectionist offers short-term rental on more than 2,300 hand-picked properties, and creates remarkable travel experiences for its customers in over 100 destinations.",Spain,4.771839,,,
Niseus Group,591378.0,"Spain, Catalonia, Barcelona",https://www.linkedin.com/company/niseusgroup,www.niseusgroup.com,"Niseus Group offers personalized Concierge and Lifestyle services during your stay in Barcelona & Ibiza. Our team of professionals will manage everything you need, when you need it. With total discretion and confidentiality. We are an honest agency, specialized in watching over the well-being of our clients. No matter what you want, we take care of it. Please feel free to contact by email at contact@niseusgroup.com",Spain,0.591378,,,
Winahost,33273.0,"Spain, Catalonia, Barcelona, 95 Passeig De Gràcia, 08008",https://www.linkedin.com/company/winahost,winahost.com,"Winahost es una plataforma de servicios de alquiler a corto plazo para propietarios y sociedades. Basada en un modelo Data-Driven està especializada en alquiler vacacional, temporal y profesional.  Gracias a nuestra digitalización y al uso de tecnología Big Data el propietario puede alquilar de una forma mucho mas rentable y cómoda ganando en tiempo y tranquilidad.",Spain,0.033273,,,
Belcost Group,6807770.0,"Spain, Balearic Islands, Ibiza, 3 Carrer De Gregal, 07800",https://www.linkedin.com/company/belcost-group,belcost.com,"Belcost is an exclusive Luxury, Concierge and lifestyle services provider. We have been active since many years in this field, providing to our clients high level standard services related to the following areas: -Real estate: 360° properties management for top tier clients, which involves among the others house renting, sales management, etc; -Concierge: tailor made services (e.g. ad-hoc VIP events, travels, transport & security, Lifestyle management, luxury experiences, asset protection) related to the client management, based on its specific needs and peculiarities; -Yachting: crafts management, starting from the charter marketing, yachts administration up to the maintenance and refit services. Our vision is to offer a high quality, “quasi real time” and complete service to our clients, giving the utmost importance to their needs and attention to details, in order to design unique and unprecedented experiences. In this respect, we believe that the value added of our company resides in our integrated “end-to-end” offerings, which allow us to cover all of the potential requests and serve our clients in line with the highest Luxury market standards.",Spain,6.80777,,,
Dolce Vita Souls,591378.0,"Spain, Andalusia, Marbella, 29604",https://www.linkedin.com/company/dolce-vita-souls,dolcevitasouls.com,"We are the premier lifestyle management company for ultra-high-net-worth individuals, based in Marbella. Specializing in high-end lifestyle management and luxury real estate, we offer an extensive range of concierge services, including exclusive access to the finest villas in Southern Spain. Our expertise in hospitality ensures a seamless, luxurious experience tailored to the discerning tastes of our clients.",Spain,0.591378,,,
EXECUTIVE MADRID Concierge + Relocation,271511.0,"Spain, Madrid, Madrid",https://www.linkedin.com/company/executive-madrid,www.executivemadrid.com,Specialists in providing tailored concierge services an relocation in Madrid for distinguished clients and sophisticated travelers. We design quality based on the insider knowledge. www.executivemadrid.com www.executivemadridrelocation.com,Spain,0.271511,,,
Isser B. Travels,591378.0,"Spain, Catalonia, Barcelona",https://www.linkedin.com/company/isser-b-travels,www.isserbtravels.com,"Isser B. Travels is an online travel consultancy that works one-on-one with clients to create tailor-made experiences. Think of us as a concierge service. We take care of everything, whether that be VIP tours, yacht charters, villas, private islands, safaris, cruises, hotels, on-sites, transfers, visa & passport services, even restaurant reservations and personal shoppers. If you can conceive it, we can make it happen. As convenient as they can be, booking online will never create a VIP experience. As a member of Virtuoso, the invitation-only conglomerate of the best travel professionals worldwide, we have the connections--and the clout--to turn even the shortest trip into a once in a lifetime experience. Not only have we waded through the options - we've experienced what we're selling. We're discerning in our research, so you don't have to be. The key to being able to recommend a product comes with experience. It's ambitious, but it is our goal to test every Virtuoso product available. That means we sleep in every room, go on every tour, and sail on every ship. It's a work in progress, but we are constantly adding new reviews. Want a property vetted or looking for a review that's not yet posted? Let us know and we'll make it a priority.",Spain,0.591378,,,
Sunkey Rents,416448.0,"Spain, Canary Islands, Adeje, Bl 15 Calle La Tosca, 38678",https://www.linkedin.com/company/sunkey-rents,www.sunkeyrents.com,"Especialistas en gestión integral de alquiler vacacional en el sur de Tenerife.  Nuestra filosofía: satisfacción plena del turista y del propietario.  Trabajamos con total transparencia y cumplimos los objetivos marcados. Nuestros departamentos se encargan de hacer de las viviendas un espacio perfecto para las vacaciones de nuestros clientes: fotografía, homestaging, plataformas online, limpieza, asesoramiento fiscal, seguros, licencias. Nuestro entusiasmo hace de la experiencia de los propietarios y los viajeros una elección perfecta para gestionar  viviendas.",Spain,0.416448,,,
Ibiza My Villa,1531155.0,"Spain, Balearic Islands, Ibiza, 07800",https://www.linkedin.com/company/ibiza-my-villa,www.ibizamyvilla.com,"Your holiday rental agency for Villas and Concierge services While you enjoy your stay on the island, a team of professionals with strong experience in the luxury hospitality field, will take care of everything to make your holiday unforgettable.",Spain,1.531155,,,
Voluxu,416448.0,Spain,https://www.linkedin.com/company/voluxu,voluxu.com,"Voluxu is a concierge company that focuses on delivering custom tailored services, emphasizing bespoke customer relationships As a passion driven luxury concierge service provider, the company's key activities include Travel Management and Last minute booking for hassle free luxury services.",Spain,0.416448,,,
Dia Libre Viajes,12891139.0,"Spain, Madrid, Madrid, 67 Local 2 Y 3 Avenida De Menéndez Pelayo, 28009",https://www.linkedin.com/company/día-libre-viajes,www.dialibre.com,"Somos expertos en Viajes  de Lujo : Corporativos, MICE & Leisure , con más de dos décadas de experiencia.  Gracias a nuestras relaciones con selectos proveedores, nuestros clientes disfrutan de tarifas y beneficios de primer nivel, asegurándoles una experiencia inolvidable. Contamos con una sólida presencia global basada en una red de puntos concierge en Madrid, Miami , Lima y Milán.   Nuestro equipo, liderado por dos directoras con un profundo conocimiento del sector, está compuesto por colaboradores igualmente apasionados, dedicados a crear y proporcionar experiencias a la medida, sin contratiempos. Estamos comprometidos con la excelencia en cada viaje, ofreciendo asistencia las 24 horas todo el año. ¡Descubre una nueva dimensión en viajes de lujo junto a nosotros! E mail: contacto@dialibre.com Instagram: dialibreviajes",Spain,12.891139,,,
Madrid Concierge,1029624.0,"Spain, Madrid, Madrid",https://www.linkedin.com/company/madrid-concierge,madridconcierge.com,"Empresa de Servicios Concierge, Transporte privado, turismo de Lujo y peticiones a medida.",Spain,1.029624,,,
Satour Boutique DMC,624672.0,"Spain, Andalusia, Granada, 1 L4 Calle Torre De Los Abencerrajes, 18008",https://www.linkedin.com/company/satour-dmc,www.satour.es,"Satour Boutique DMC Spain & Portugal is a leading luxury Destination Management Company with offices in Madrid, Marbella, Granada, Mallorca and Dubai. Since 2012, we have specialized in designing bespoke travel and lifestyle experiences for high-end travellers, VIPs, and corporate clients from the Gulf region, the U.S., and beyond. Our expertise lies in curating unforgettable journeys and events across Spain and Portugal—whether it’s private cultural immersions, ultra-luxury vacations, high-profile MICE projects, or exclusive concierge services. Discretion, precision and excellence define our service. From five-star hotels, private aviation and luxury villas to insider access, Michelin-starred dining, and seamless logistics, Satour delivers nothing less than the best. We don’t just operate in Spain and Portugal. We reveal their finest secrets to the world’s most discerning travellers.",Spain,0.624672,,,
Dorsia Concierge,271511.0,"Spain, Balearic Islands, Ibiza",https://www.linkedin.com/company/dorsia-concierge,dorsiaconcierge.com,"As a provider of luxury concierge services in Ibiza, we're passionate about delivering exceptional experiences to our clients. Whether you're visiting the island for the first time or you're a seasoned traveller, we are here to help you make the most of your time in Ibiza. Our concierge services are designed to meet the unique needs and preferences of each of our clients. We specialise in providing personalised recommendations and insider access to the best that Ibiza has to offer, from luxury villas and exclusive nightclubs to top restaurants and private beaches. We pride ourselves on our attention to detail and our commitment to exceeding our clients' expectations. If you're looking for a trusted partner to help you navigate the vibrant and dynamic landscape of Ibiza, we invite you to explore our concierge services and connect with our team. Let us help you create unforgettable memories in one of the world's most beautiful destinations.",Spain,0.271511,,,
Lavish Concierge Services,591378.0,"Spain, Andalusia, Málaga",https://www.linkedin.com/company/lavishconciergeservices,www.lavishconciergeservices.com,"Imagine a life free of organization worries and concerns, in which your desires come true whenever and wherever. Lavish Concierge Services makes this dream come true. More than traditional travel, real estate, or event planning agencies, we create  custom-made experiences. With Lavish Concierge Services, all the details of your lifestyle management, including the smallest ones, are being taken care of. Our business activity is among the most appreciated worldwide, and our unmatched devotion offers a service that will meet all your needs. Well-informed and very discrete, we will provide you with personalized services and assistance. We know that in this busy world, every minute counts. We therefore take a proactive approach, trying to anticipate our clients’ needs. Our professionals go out of their way to ensure that your demands are not just met, but exceeded.",Spain,0.591378,,,
Vizu,1874016.0,"Spain, Madrid, Madrid, 112 Calle Del General Pardiñas",https://www.linkedin.com/company/vizu-app,www.vizu.app,"Work hard, play hard, right? Then why does ""play hard"" often seem to involve so much work? Because if you want to have a great experience, you have to work hard to curate that experience. Vizu strives to make ""work"" and ""play"" mutually exclusive, indefinitely. Put simply, we want to make your social life easier. Without the noise. Without frustration. With intelligence. So, how do you curate these great experiences? First, maybe, you ask your significant other what they want to do. Then your friend group. Then some co-workers or classmates. Next, you count the number of ""I'm down for whatever""-s and roll your eyes. Maybe you're ""down for whatever"" too, but what the f*ck does that even mean? Then, while you're getting that 3pm coffee to get you through the final work hours of the day, you faintly hear the words ""tiki bar"" from the back of the room and BOOM! Inception. It's going down.  But where is this so-called tiki bar? How is the music? Is there music at all? Can I roll through with all 8 of my friends? Do I need to reserve? Where should I go before? And what about after? Is there going to be a line out the door around the corner? The questions roll in. But who has the answers? Maria. How on earth did you forget to ask Maria? She knows all the hot spots. She knows my vibe. She knows what I like. She's always known best. She even goes the extra mile and make the reservation for you, puts you in contact with her friend who used to work the door. She's got the inside scoop. Here comes the zinger: Maria isn't a person. She's your artificially intelligent concierge for your social life on Vizu. Just ask, she'll do the hard work for you.",Spain,1.874016,,,
POU TRAVEL VIAJES,208224.0,"Spain, Catalonia, Barcelona, 40 4 2 Ronda General Mitre, 08017",https://www.linkedin.com/company/pou-travel,www.poutravel.com,"Pou Travel se destaca como una agencia de viajes exclusivos y a medida, donde cada detalle se adapta a las necesidades y deseos de nuestros clientes más selectos. Especializados en la planificación de viajes de lujo y experiencias únicas en destinos de ensueño alrededor del mundo, nos enorgullece ofrecer un servicio personalizado y de la más alta calidad. Desde lunas de miel románticas hasta emocionantes safaris privados, pasando por inolvidables viajes en familia y aventuras en grupos reducidos, en Pou Travel nos esforzamos por superar las expectativas de nuestros clientes más exigentes. Nuestra atención se centra en cada detalle, desde la selección de los mejores alojamientos y actividades exclusivas hasta la coordinación de servicios de conserjería VIP para garantizar una experiencia de viaje sin igual. Aunque nuestras oficinas principales se encuentran en la zona de Barcelona y Gerona, nuestro alcance se extiende mucho más allá de las fronteras geográficas. Atendemos a una clientela diversa y cosmopolita, tanto a nivel nacional como internacional, brindando nuestros servicios con profesionalismo y dedicación en cada paso del viaje. En Pou Travel, no solo creamos viajes extraordinarios, sino que también cultivamos relaciones duraderas con nuestros clientes, basadas en la confianza, la transparencia y la excelencia en el servicio.",Spain,0.208224,,,
Vanity Welcome,379361.0,"Spain, Balearic Islands, Palma, 29 Can Calafat",https://www.linkedin.com/company/vanity-welcome,www.vanitywelcome.com,"Vanity Welcome place clients  needs and wishes as priority. We want your vacation to be a genuine experience right from  the beginning and throughout your stay.  Therefore we offer you our concierge service. We attend to any request or need you may have, you will always get unique and preferential treatment Concierge Service Our Experienced Team will be at your disposal to help you in every detail of your stay in all our destinations. We will help you by attending to any request or need you may have. Direct customer support to you or to your personal assistant. We offer you our expertise and our exclusive network of suppliers and contacts. Our elite services allows you to carry out all your activities personal or professional by simply contacting us with your petition and we with our professional team will provide everything you need to fulfill your wishes. We have a huge selection of services tailored to your tastes and preferences.  One of our personal assistants will  help you make the best possible choice and offer you exactly what you are looking for. Turn your stay into a truly lasting memory. Don´t let this opportunity slip away, let Vanity Welcome guide you in making your stay a success. Airport Service At Palma De Mallorca airport we offer you exclusive service and assistance, so that you, or your guests, get specialized treatment from the very beginning • Standard airport welcome: Conveyor belt welcome with name on an Ipad; luggage collection;  delivery of our welcome pack; escort to the agreed vehicle and assistance at the airport in case of any eventuality. • Premium airport welcome: Welcome right at the airplane exit door and escort to the agreed vehicle. • Standard airport farewell: Welcome at the departures area; luggage collection; escort to check-in; VIP escort and security access control; VIP lounge available. • Premium airport farewell: standard airport farewell + VIP lounge + escort to the door of the airplane and boarding.",Spain,0.379361,,,
CoastalVillas,591378.0,"Spain, Catalonia, Lloret De Mar, 129 Avinguda Vila De Blanes, 17310",https://www.linkedin.com/company/coastalvillas,www.coastalvillas.com,"Estamos especializados en el alquiler vacacional de propiedades de “alto standing”. Nuestras casas de vacaciones se encuentran en la Costa Brava entre Blanes y Tossa de Mar, y en la Costa Barcelona Maresme.  Nuestras villas y apartamentos son la mezcla perfecta entre ambiente, lugares exclusivos, decoración, piscina privada, impresionantes vistas al Mediterráneo, o situadas a poca distancia de la playa. Somos una empresa pequeña enfocada en ofrecer un servicio personalizado tanto para nuestros clientes como para nuestros propietarios. Nuestra filosofía se basa en poco producto pero de calidad.",Spain,0.591378,,,
Love Me Experience,416448.0,"Spain, Balearic Islands, Ibiza",https://www.linkedin.com/company/love-me-experience,lovemexperience.com,"LoveMe is a Real Estate & luxury concierge & Entertainment Company.  Our luxury real estate company has many strategic alliances and offers luxury properties and lands.  We are proud of our passion for luxury real estate and rental properties, business ethics, high concierge service standards, national and international client liaison and professional investment advice.  Our success is always to spoil the client with a trusted service and a dedicated team of passionate experts. An exclusive, personal and finely tailored concierge service boutique and Real Estate company. The words “no” and “impossible” are not part of our vocabulary because LoveMe’s goal is to exceed clients’ needs and expectations. No matter how unreachable your wishes are: we will realize them.  Contact us: love@lovemexperience.com",Spain,0.416448,,,
RENTHOUSING,591378.0,"Spain, Balearic Islands, Pollença, Carrer Punta Dels Ferrers, 07469",https://www.linkedin.com/company/renthousing,www.renthousing.es,"RENTHOUSING Mallorca es una agencia de alquiler vacacional que ofrece servicios a propietarios que deseen obtener alta rentabilidad de su propiedad, ya sea un apartamento, villa, casa o finca. Hemos creado un servicio integral de gestión de casas y apartamentos turísticos que ofrece los mejores resultados obteniendo valoraciones 5 estrellas de cada huésped.",Spain,0.591378,,,
Red Carpet Bcn - Not Your Average Destination Management Company,591378.0,Spain,https://www.linkedin.com/company/red-carpet-bcn---not-your-average-destination-management-company-,www.redcarpetbcn.com,"Red Carpet Barcelona is an international tailor made destination design/management company and concierge service based in Barcelona. Catering for anything and everything for international clients coming to Spain and the Balearics for either ""work or play"" related matters.",Spain,0.591378,,,
Easy Rent Málaga,779725.0,"Spain, Andalusia, Málaga",https://www.linkedin.com/company/easy-rent-málaga,www.easyrentmalaga.com,Somos expertos en la gestión de alquiler vacacional y nos preocupamos por ofrecerte siempre la mejor calidad. Te acompañamos de principio a fin en todo lo que necesitas para que no tengas que preocuparte por nada. Desde la legalización de tu vivienda hasta los últimos detalles.,Spain,0.779725,,,
Santanyi Rentals. Gestión De Villas Y Alquiler Vacacional Y Turístico De Casas Y Villas En Mallorca,1249344.0,"Spain, Balearic Islands, Ses, 60 Avenida Francesc De Borja Moll, 07640",https://www.linkedin.com/company/santanyi-rentals,www.santanyirentals.com,"Santanyi Rentals es una agencia de alquiler vacacional ubicada en Santanyí, una localidad del Sur de Mallorca. Santanyí Rentals esta especializada en la gestión de alquiler vacacional. Casas, Villas, Chalets, Fincas y Alojamientos Vacacionales. Santanyí rentals ofrece un servicio integral que incluye la atención al huésped, la limpieza de la propiedad, la gestión de las ventas y reservas y el mantenimiento de la propiedad.",Spain,1.249344,,,
Domiroom.com,629334.0,"Spain, Andalusia, Cadiz, 4 Avda Reyes Católicos, 11130",https://www.linkedin.com/company/domiroom-com,www.domiroom.com,Plataforma de alquileres vacacionales,Spain,0.629334,,,
WHITE ISLAND CONCIERGE LIMITED,591378.0,"Spain, Balearic Islands, Ibiza, 07800",https://www.linkedin.com/company/white-island-concierge-limited,www.whiteislandconcierge.com,Boutique Luxury Lifestyle Concierge Agency,Spain,0.591378,,,
Grupo NUBA,18721368.0,"Spain, Madrid, Madrid",https://www.linkedin.com/company/grupo-nuba,gruponuba.net,"Tras más de dos décadas siendo la firma referente en el diseño artesanal de grandes viajes a medida, NUBA amplía sus miras y se embarca en nuevos retos y proyectos para añadir nuevas capacidades a su propuesta de valor en el segmento de lujo. Nace así el Grupo NUBA: NUBA Expediciones: Grandes viajes, diseñados a medida y en privado por los 5 continentes, para viajeros que buscan experiencias exclusivas y diferentes. NUBA Everywhere: Amplia horizontes con una gama variada de propuestas de viaje, para viajeros con necesidades diferentes: cruceros, viajes de esquí, viajes en grupo, viajes de aventura, etc. NUBA Empresas: Viajes de incentivos originales y convenciones diferentes creados a medida, con mucho valor añadido y contando historias diferentes. NUBA Premium Services: Premium business travel y servicio concierge personalizado con oficina en el aeropuerto: implant, outplant, trenes, vuelos, hoteles, 24h, etc. España Incoming & Incentives: DMC especialistas en organización original y creativa de convenciones, congresos, reuniones, viajes de incentivos y todo tipo de eventos corporativos en España. NUBA Comunicación y Eventos: Especialistas en la la organización y planificación de todo tipo de eventos para empresas. Ejecución de eventos personalizados, altamente creativos,  y acciones de comunicación de gran envergadura .",Spain,18.721368,,,
Rentapartmentscostabrava,271511.0,"Spain, Catalonia, Barcelona",https://www.linkedin.com/company/rentapartmentscostabrava,www.rentapartmentscostabrava.com,"Somos una  empresa familiar , que nos dedicamos al alquiler  vacacional de casas y apartamentos turisticos en Barcelona ciudad y en las costas de Barcelona, Tarragona y Girona. Buscamos el equilibrio perfecto para cubrir las necesidades tanto de turistas como de propietarios , con un buen producto a precios muy competitivos , dando una atencion personalizada a la llegada de los inquilinos .  Preocupados sobre todo por su satisfacción ,con un trato muy diferenciado del resto , flexible , amable y personalizado.  Respecto a los propietarios les ofrecemos una gestión adecuada , cercana y de confianza , que le permita sacar todo el rendimiento posible, a sus inmuebles , buscando el mejor turismo internacional , especialmente familias .  Nuestra misión es ofrecer , viviendas de calidad , en las mejores localidades a precios muy competitivos, combinado con un alto nivel de servicio en todos los destinos Le esperamos en uno de los lugares más bellos y agradables del sur de Europa , Cataluña.",Spain,0.271511,,,
The Islandeur | Ibiza,591378.0,"Spain, Balearic Islands, Ibiza, 07840",https://www.linkedin.com/company/the-islandeur-ibiza,www.theislandeuribiza.com,"Welcome to our world of luxury tailor-made travel. Our dedicated Ibiza based travel specialists unearth the most amazing villas and curate bespoke travel experiences. From luxury properties to weddings or yoga retreats, we plan and curate one-of-a-kind holidays, tailored to personal desires. Whether the desire is to rent, sell or buy a first-class Villa, our specialists and concierge home services will find the perfect property to suit every lifestyle and investment objective. Let us know how we can help you.",Spain,0.591378,,,
VIP MARTIN,416448.0,"Spain, Balearic Islands, Ibiza, 23 Passeig Joan Carles I, 07800",https://www.linkedin.com/company/vip-martin-group-s.l,www.vipmartin.com,"Es una empresa de Concierge de lujo internacional con sede en España ofrecemos servicios exclusivos y personalizados de asistencia y consultoría para clientes de alto poder adquisitivo. El objetivo principal de esta empresa es proporcionar a sus clientes una experiencia única y excepcional en todas sus necesidades y deseos, tanto en su país de origen como en cualquier parte del mundo. Esta empresa se especializa en brindar servicios de conserjería y asistencia personalizada en áreas como viajes de lujo, reservas en hoteles y restaurantes de alto nivel, organización de eventos exclusivos, compras personalizadas, gestión de entradas para eventos o espectáculos a nivel global, servicios de transporte privado, gestión de yates, alquiler de coches de lujo, membresía para socios, asistencia en aspectos legales y financieros, entre otros. Además, esta empresa cuenta con una red global de contactos y proveedores de servicios de primer nivel, lo que le permite ofrecer a sus clientes acceso privilegiado a experiencias únicas y difíciles de conseguir para el público en general. En resumen, una empresa de concierge de lujo internacional con sede en España se dedica a brindar servicios de asistencia y consultoría exclusivos y personalizados para satisfacer las necesidades y deseos de una clientela selecta y exigente, tanto en su país de origen como en cualquier parte del mundo.",Spain,0.416448,,,
Be Real Ibiza,1888002.0,Spain,https://www.linkedin.com/company/be-real-ibiza,www.berealibiza.com,"Be Real Ibiza is your premier luxury service agency for all your needs when visiting the island of Ibiza. Founded in 2007 by owner Natalia Zeltzer and built on a passion for ""making people happy"" Be Real Ibiza is now well established & trusted service provider located on the island of Ibiza. Here are some examples of their services: Real Estate - Villa & Hotel Vacation Rentals, Annual rentals, Property Sales;  Residential & Commercial, General Business Operations regarding Real Estate as a whole. Property management, Villa management, Checkin, Consultancy, Legal and Contract assessment. Yacht Hire – Yacht rental, day charters, weekly charters, large scale boat events and private catamaran parties, onboard catering & bar service and Logistics. Event Management -  Weddings, Birthdays. Corporate and private clients, marketing and promotional campaigns, brand representation, brand management, corporate hospitality, event planning, music and video production, bachelor/ette parties, anniversaries, private catering & cocktail masters, mixologist, equipment hire. Transport - All means of transport, including private jets, chauffeurs, large transport bookings, airport pick ups, hire cars, concierge-personal assistance and shoppers & private guides. Services - Restaurant bookings, club tickets, VIP tables, private function room bookings, set menu and bar service packages, beach venues, beach bed reservations, spa services, private therapists, excursions, private waitresses, hosts, dancers and top - tier entertainment and performing arts.",Spain,1.888002,,,
Keys & Concierge,4771839.0,"Spain, Balearic Islands, Palma, Paseo De Mallorca",https://www.linkedin.com/company/keys-and-concierge,keysandconcierge.com,"Keys & Concierge is a premier luxury travel and concierge company, offering unparalleled services in some of the most beautiful and exclusive destinations in the world. With a focus on providing personalized and seamless experiences, our team is dedicated to making the impossible possible for our clients. From arranging luxury accommodations and transportation to organizing unique and unforgettable experiences, we are here to cater to every aspect of our clients’ travel needs. Whether it’s a relaxing beach getaway or an adventurous winter escape, Keys & Concierge is here to make your dream vacation a reality. Let us take care of all the details while you sit back and enjoy a stress-free and unforgettable trip. Keys & Concierge takes pride in exceeding our clients’ expectations. Our team is made up of experienced and knowledgeable professionals who have a deep understanding of the luxury travel industry. We offer a wide range of services, including personalized lifestyle management, to cater to our clients’ unique preferences and needs. With access to exclusive experiences and events, as well as top-of-the-line accommodations and transportation, we ensure that our clients’ travel experience is nothing short of extraordinary. Our brand message, “Making the impossible, Possible,” highlights our commitment to going above and beyond to create unforgettable and seamless travel experiences for our clients. We would be honored to assist you in your next luxury travel or concierge needs.",Spain,4.771839,,,
The Spark Lab,591378.0,Spain,https://www.linkedin.com/company/the-spark-lab,www.thesparklab.es,"Based in Barcelona, we create extraordinary experiences in town and around the world. We conceive and execute corporate events, incentive travels and private concierge services.   Having an extensive involvement in communication and hospitality, we have mastered a unique know-how.   Efficiency and professionalism lie at the core of our work. We do not let anyone down.   Welcome to The Spark Lab —you choose the occasion; we bring the spark.",Spain,0.591378,,,
DSV Villa Collection,591378.0,"Spain, Andalusia, Marbella",https://www.linkedin.com/company/dsv-villa-collection,www.dsvcollection.com,"Located in beautiful Marbella, our 3 villas offer the ultimate in luxury accommodation for up to 50 discerning guests. Landscaped gardens, sumptuous designer interiors, heated swimming pools, private tennis court and putting green, stunning mountain and sea views, with concierge services available. The perfect getaway all year round.  Villa el Cid Every inch of this stunning property has been designed with the guest in mind, providing the ultimate in luxury. Popular with groups wanting to enjoy the sunshine and golf or just relax by the pool with a backdrop of breathtaking coastal and mountain views. Villa el Cano An impressively huge, architecturally stunning luxury villa for up to 20 guests. With indoor and outdoor heated pools, jacuzzis & sauna, super king-size bedrooms, rain shower wet rooms, dressing areas and entertainment facilities all set in private landscaped gardens with incredible views. Villa Casa Flamingos The newest addition to our collection, this wonderful villa has 5 bedrooms and 7 bathrooms. It is designed to a high specification and has considerable charm, elegance and sophistication throughout. Beautiful Marbella Located in stunning Andalusia, surrounded by La Concha mountain and the Mediterranean Sea, Marbella and the iconic port of Puerto Banus provide a beautiful backdrop for the perfect holiday at our villas. http://www.dsvcollection.com/wp-content/uploads/2012/01/DSV_Brochure.pdf",Spain,0.591378,,,
Hanaley,11417628.0,"Spain, Catalonia, Barcelona",https://www.linkedin.com/company/hanaley,hanaleytravel.com,"At Hanaley, we design unique travel experiences for travelers worldwide, delivering convenience and peace of mind through personalized itineraries and a 24/7 concierge service. Our carefully curated product portfolio is seamlessly integrated into an all-in-one travel management platform, ensuring we offer the best products and services to our customers. We are a company created by and for the traveller, with a clear focus on sustainability.",Spain,11.417628,,,
Epicure Life,591378.0,"Spain, Catalonia, Barcelona",https://www.linkedin.com/company/epicure-life,epicurelife.com,"Epicure Life is on the way to connect travelers within the end-to-end journey to become the 1st Lifestyle Travel Marketplace.  We have designed an holistic ecosystem powered by amazing venues where guests can live unforgettable moments and connect with open-minded people. --- PLEASURES & EXPERIENCES --- #AugmentedHospitality --- Epicure Cloud-based SaaS, first of its kind Property Experiences Management Software (PXMS) helps nightclubs/beachclubs, restaurants/lounges/bars, hotels, wellness and fitness operators, to manage and promote their offers. Allowing access and management to: availability, pricing, rooms and rates, events & experiences settings, POS Services, channel manager, concierge services, CRM, Big-data and real time analytics. We match the data to give you a full control of your business and have a 360° view of your customers, empowering loyalty & engagement across all touchpoints of the customer journey.  Create seamless booking moments & enhance your customer experience. ---",Spain,0.591378,,,
Trip4U,208224.0,"Spain, Andalusia, Málaga",https://www.linkedin.com/company/trip4ume,www.trip4u.me,"With our services, we provide a full itinerary of your vacations, where to go/stay/eat, what to do and book activities as well as restaurants. Planning a trip takes about 30 hours, and it's always has a concern about if the chosen route is the best. Your private concierge will arrange and book all details, in the meantime, you can relax reading a good book or watching a TV series.",Spain,0.208224,,,
Revisa Serveis,105007496.0,"Spain, Catalonia, Barcelona",https://www.linkedin.com/company/revisaserveis,www.revisa.cat,"Somos la empresa de servicios de La Salle formada por un equipo de 570 profesionales que dedican cada día su trabajo a la puesta a punto de los diferentes centros educativos y asistenciales de La Salle en Catalunya. Nuestra especialidad es la de ofrecer soluciones en limpieza, restauración, cantinas, comunidades, monitoraje comedor, mantenimiento, conserjería, administración, monitoraje extraescolar y vigilancia. Nos sentimos comprometidos en innovar, organizar y ejecutar con excelencia los servicios solicitados por nuestros clientes, asegurándoles una buena experiencia para ellos y sus usuarios. #Revisa #LaSalleBCN",Spain,105.007496,,,
OFF MARKET PLATFORM,628942.0,"Spain, Valencia, Valencia, 1 Calle Muelle, 03130",https://www.linkedin.com/company/xactbase-group,www.xactbase.com,"XCLUSIVE BUSINESS TO BUSINESS Partnership with partners  of different business sectors, with direct principals, mandated attorney or presentative. Xclusive VIP-Concierge Desk (Off Market Specialist) We are a big family & business is one of our hobbie! * Off market assets * Discounted Real Estate * URGENT DAILY TRADING GRID.*SPECIAL PARTNER PROJECT (XB-Group)  *  Closing Procedures, principals attorney to attorney closing. If you have assets and would like to us to present it to our off market platform, lets us know. Our email: Legal<bizcenter@xactbase.com>",Spain,0.628942,,,
Unicorn Sports & Trade Spain SL,2918337.0,"Spain, Madrid, Madrid, 9 Calle De Montalbán, 28014",https://www.linkedin.com/company/unicorn-sports-trade-spain-sl,unicorn-capitalpartners.com,"We create, broker and execute deals with entities- Individuals or Companies working in Sports and Trade sectors. Our strong global network empowers us to bridge the entities in the most fruitful manner.  We offer the following services: A) Sports     1)	Training and Exposure Camps     2)	Intermediation of players & managers      3)	Sports Progression Programs for pro-players (Short term to long term)     4)	Organizing pro-tournaments (U-12 to U-18 categories)     5)	Partnerships & Tie-ups B) Trade     1)	Import- Export of Rice, Spices, Sea-food, Home-Bath Linen, Fresh Tropical          Fruits, Vine, Olive Oil C) Hospitality     1)	Football & Leisure experiences     2)	Concierge Services D) Consulting      1)	Activations & Endorsement Deals     2)	Market entry     3)	Events",Spain,2.918337,,,
PROASSISTANT,628942.0,"Spain, Madrid, Madrid",https://www.linkedin.com/company/proassistant,www.proassistantcompany.com,"ProAssistant - is a modern universal company that offers a wide range of services in Spain for foreign (espetial russians) tourists and investors. The company provides services in two directions providing business and concierge service. PROAssistant компания предлагает клиентам профессиональные консультации, поддержку и исполнение для всего рода инвестиционных и бизнес-проектов, мероприятий и поездок. Компания специализируется на предоставлении высококачественные советы и поддержку для самых разнообразных проектов - от покупки недвижимости, организации рекламных кампаний, до начала вашего собственного бизнеса или покупки франшизы, управление маркетинговой деятельности, запоминающимся и стильными путешествиями, громких корпоративных конференций и важных событий. PROAssistant компания может заботиться о каждом этапе создания, планирования и управления, с участием клиента или без, обеспечить рентабельность вложений, соотношние «цены - качества» и любые дополнительные услуги. Каждый элемент организации путешествий и событий исполняется индивидуально для каждого клиента и их гостей, добивясь удовлетворения всех потребностей, все аспекты путешествий на самом высоком уровне и в соответствии с требованиями наших клиентов",Spain,0.628942,,,
Briguest,946343.0,"Spain, Balearic Islands, Palma, 2 Avenida Comte De Sallent, 2ªa",https://www.linkedin.com/company/virtual-concierge-hospitality,www.briguest.com,"Nuestras soluciones tecnológicas ayudan a aumentar los ingresos, impulsar la eficiencia y elevar la experiencia de los huéspedes, buscando crear la próxima generación de hoteles inteligentes y sostenibles.  It has been designed to help hotels simplify operations, optimize processes, increase revenue, and improve their guest satisfaction.  The Virtual Concierge is a smart, multi-lingual assistant that offers personalized content to guests and answers all their common questions, covering the full cycle of the guest journey from booking, check-in, and check-out.  Guests can use their own devices to interact with the Virtual Concierge and access the hotel's information and services using text or voice 24/7.",Spain,0.946343,,,
Ges4t,510211.0,"Spain, Catalonia, Girona, Carretera Barcelona, 17002",https://www.linkedin.com/company/ges4t,www.ges4t.eu,En GES4T entregamos un sistema de gestión para el Turismo exclusivo para huéspedes y gestores del alquiler vacacional. Servicio web que agiliza y unifica la gestión de alojamientos turísticos [...],Spain,0.510211,,,
James & Rita,1332648.0,"Spain, Catalonia, Barcelona, 4 Diagonal 605 7, 08028",https://www.linkedin.com/company/jamesandrita,www.jamesandrita.com,"James & Rita is a leading technology company specialized in the development of software products for hotels. We offer an all-in-one platform that streamlines hotel operations and communication, boosts productivity, and elevates guest experience. The cloud-based platform comprises tailor-made software for each service area of the hotel: eGuestManager (Guest Relations), eHouseKeep (Housekeeping), eTechAssist (Maintenance), eTableBook (Restaurant) and eBellCaptain (Concierge). James & Rita also is the only solution on the market that seamlessly connects guests with all service areas of a hotel through one information system. The James & Rita Guest App now allows guests to easily check-in and check-out, open their room door, order room service, book a table at one of the restaurants or pay for any services. With James & Rita our clients observe significantly lower operating costs and higher revenues thanks to enhanced cross-selling opportunities and guest satisfaction. Major hotel chains worldwide already trust our solutions.",Spain,1.332648,,,
APARTELIUS,1530633.0,"Spain, Andalusia, Chiclana De La Frontera, 88 Avenida De La Industria, 11130",https://www.linkedin.com/company/apartelius,www.apartelius.com,"En Apartelius facilitamos la gestión de tus alquileres vacacionales. El sector del alquiler vacacional cuenta cada vez con más canales de venta y estrategias. Saber cómo actuar en cada uno de ellos y hacerlo de forma manual es difícil y sobre todo consume mucho tiempo. Las soluciones de software que ofrece Apartelius como Channel Manager, PMS, Revenue Managemente, Herramienta de Control y Comunicación de limpiezas, Software para Check-ins, te permiten gestionar todo desde un único sitio. Puedes controlar y organizar tus reservas, modificar el contenido de tus anuncios, así como actualizar y aplicar estrategias de precios y de disponibilidad. Adicionalmente ofrecemos nuestro servicio de Call Center y Gestión de Reservas, que te permite ahorrar tiempo en la gestión de llamadas continuas de peticiones y dudas, y evitar gestionar incidencias conflictivas como los posibles Overbookings. Con experiencia desde 2002 y con presencia en los eventos y reuniones de las plataformas de alquiler vacacional más importantes del mundo, sabemos como proteger, fomentar y apoyar tus alquileres vacacionales.",Spain,1.530633,,,
Espaciodeco,1914201.0,"Spain, Madrid, Madrid, 5 Nuñez De Morgado, 28036",https://www.linkedin.com/company/espaciodeco,www.espaciodeco.com,"Espaciodeco es el portal líder en decoración y home staging virtual a nivel nacional. Nuestra plataforma experta en decoración e innovación ofrece herramientas punteras que aceleran las ventas de bienes inmobiliarios. Espaciodeco es el punto de encuentro entre interioristas, aficionados y consultoras inmobiliarias. El equipo de Espaciodeco proviene de Niumba, la web de alquiler vacacional adquirida por Tripadvisor en 2013. Es una startup de Intercom, lanzadera de portales como Infojobs, Niumba, En Alquiler, Bodas.net",Spain,1.914201,,,
Cloud Hospitality,2517336.0,"Spain, Catalonia, Barcelona",https://www.linkedin.com/company/cloudhospitality,www.cloudhospitality.com,"Somos una empresa especializada en el desarrollo de soluciones de mobilidad para la industria turística. Nuestra visión es convertir la tecnología en un valor diferenciador en la estrategia de negocio de nuestros clientes. Para ello hemos diseñado 'Platform', una plataforma de conectividad altamente escalable donde se recoge toda la funcionalidad de los distintos departamentos de tu hotel, digitalizando cada puesto de trabajo y obteniendo de forma instantánea información valiosa para la toma de decisiones. Puedes desarrollar tus propias aplicaciones utilizando los servicios de Platform, usar nuestras apps diseñadas especificamente para cada departamento o una combinación de ambos. Ya están disponibles las apps para el control del servicio técnico, la gobernanta, recepción y conserjería, reserva de mesas en el restaurante y 'guest experience', una app diseñada específicamente para que el cliente de tu hotel disfrute de todos los servicios que le ofreces con un solo click.",Spain,2.517336,,,
Wayard,1005693.0,Spain,https://www.linkedin.com/company/wayard,wayard.es,"Wayard es una startup, compuesta por un equipo de 6 miembros, ganadora del Segundo premio del III Startup Weekend Tenerife y del premio adicional del público. Ofrecemos servicios para aquellos particulares que ofertan sus apartamentos en modalidad de alquiler vacacional con el objetivo de ahorrarles tiempo y hacer más cómoda la gestión de sus alquileres y reservas. Ahora mismo damos la posibilidad de publicar un anuncio en las principales webs en tan solo 30 segundos, así como una modalidad premium de publicación experta, además, planteamos diversos servicios adicionales que creemos cumplen con nuestro objetivo: mayor comodidad y tiempo para nuestros clientes. En esta página, iremos publicando las novedades y el desarrollo de nuevos servicios. Además, esperamos que sea un vínculo adicional para recibir opiniones sobre nuestra actividad. Te animamos a ver nuestra web para más información.",Spain,1.005693,,,
BookNex Solutions,1066759.0,"Spain, Madrid, Madrid",https://www.linkedin.com/company/qualified-romania,booknexsolutions.com,"🚀 Transform Your Business with Next-Gen Booking Intelligence Did you know? 67% of your potential customers are trying to book when you're offline. Don't let those opportunities slip away! Our clients are seeing game-changing results: 📈 120% Revenue Growth ❌ 60% Drop in No-shows ⏰ 5-10 Hours Saved Weekly Meet BookNex - Your Powerful Booking Companion We're not just another scheduling tool. BookNex is your 24/7 digital concierge, seamlessly blending cutting-edge automation with human-centric design. Our platform adapts to your business rhythm, turning missed opportunities into confirmed bookings. ✨ What sets us apart: • Smart Scheduling that learns your preferences • Frictionless payments with one-click processing • Real-time analytics dashboard for data-driven decisions • Hyper-personalized customer journeys • Powerful resource optimization Transform your booking experience with features like: 🔄 Omnichannel integration 📱 Social media booking widgets 💡 Predictive analytics 🎯 Dynamic pricing optimization Trusted by industry leaders in: • Luxury Hospitality • Wellness & Spa • Professional Services • Adventure Tourism • Educational Services Ready to revolutionize your booking experience? Let's talk about how BookNex can transform your business for the digital age. Drop us a message. Book a Demo → Experience the Future of Scheduling",Spain,1.066759,,,
Rentalia,1161729.0,"Spain, Madrid, Madrid, C/plaza De Las Cortes, 28014",https://www.linkedin.com/company/rentalia,es.rentalia.com,"La plataforma de alquiler vacacional del grupo idealista.  Se lo ponemos fácil a los viajeros que buscan su alojamiento ideal. Apartamentos, villas y casas rurales en la ciudad, la montaña y la playa Los viajeros pueden reservar al mejor precio y sin gastos de comisión.",Spain,1.161729,,,
720casa,1005693.0,"Spain, Madrid, Madrid, 28013",https://www.linkedin.com/company/720casa,www.720casa.com,"720casa es un portal inmobiliario que ofrece servicios de Tours Virtuales basados en la tecnología inmersiva RV (Realidad Virtual) de desarrollo propio  y aplicado al sector inmobiliario. Nuestra plataforma ofrece servicios de publicación, promoción, publicidad de inmuebles para la compraventa, alquiler, alquiler vacacional...al mismo tiempo que proporcionamos un fácil acceso a los servicios tecnológicos para todos los usuarios.  720casa se compone de un equipo joven que tiene como objetivo dinamizar el proceso de venta de un inmueble poniendo las nuevas tecnologías al alcance de todos a precios muy asequibles. Nacemos en 2020 a raíz de la situación sanitaria, con la que surge la urgencia a nivel mundial de buscar alternativas a la forma convencional de enseñar pisos para su venta, alquiler etc.  La experiencia adquirida en este tiempo nos demuestra la efectividad del uso de la tecnología a la hora de gestionar la comercialización de inmuebles, junto a un trato personalizado donde queremos crecer junto con nuestros clientes.",Spain,1.005693,,,
Vendoyo.es,457518.0,"Spain, Valencia, Valencia, C/ Padilla, 46001",https://www.linkedin.com/company/vendoyo,wwww.vendoyo.es,"Vendoyo es un portal web inmobiliario, exclusivamente especializado en la Comunidad Valenciana, creado y pensado para ayudarte a cubrir  tus necesidades en oferta y demanda de cualquier tipo de inmueble, tanto para los usuarios particulares como los profesionales inmobiliarios, promotores, entidades bancarias, empresas fabricantes de casas de madera o prefabricadas. Descubrirás que es un magnífico escaparate virtual en oferta y demanda de inmuebles en general, donde podrás publicar ofrecer y ofertar todos los tipos de inmuebles, sean pisos, casas, apartamentos, garajes, locales, oficinas… absolutamente todos, desde una habitación compartida hasta un edificio u hotel de lujo. Lo importante para ti, es que todos estos tipos de inmuebles los puedes comercializar en venta, alquiler , alquiler con opción a compra, alquiler vacacional y temporal, traspaso, permuta, piso compartido e incluso  puedes combinar todas estas comercializaciones si tú lo necesitas. Una vez te registres, nuestra web te guiará fácilmente y te permitirá sacar todo el máximo partido necesario a tus inmuebles seas particular o profesional, tanto si vas a ofrecer como  localizar y encontrar el inmueble que tú  necesitas y estas buscando. El equipo de Vendoyo te desea un largo y feliz viaje a partir del 22 de Octubre. Gracias por descubrir y confiar en Vendoyo.",Spain,0.457518,,,
Paradise A La Carte,9150360.0,"Spain, Andalusia, Miami-malaga, Calle Almirante Carranza, 29780",https://www.linkedin.com/company/paradise-a-la-carte,www.paradisealacarte.com,"Paradise a La Carte is a tech company and premiere lifestyle concierge. From inspirational digital moments to limitless experiences, re-define how you travel.",Spain,9.15036,,,
Bespoke Experience - Concierge Services,510211.0,"Spain, Catalonia, Barcelona",https://www.linkedin.com/company/bespoke-experience---concierge-services,www.bespokexperience.com,"Bespoke Experience es una empresa dedicada a servicios de conserjería que se encarga de organizar integralmente su estancia en una ciudad determinada. Escuchando en todo momento las apetencias de cada cliente desde la más absoluta confianza y confidencialidad, estamos para ofrecerle un servicio de calidad completamente personalizado. Cuidamos el detalle y lo adaptamos a sus necesidades para que pueda vivir una experiencia completamente HECHA A MEDIDA. Cada una de nuestras oficinas atiende tantas peticiones como nuestros clientes soliciten, pero el número de socios está restringido a un máximo de 100. La diferencia entre clientes y socios es que los primeros nos requieren para servicios concretos tantas veces como precisen, mientras que los segundos necesitan, por su ritmo de vida, un lifestyle assistant a su entera disposición. Ser socio le da derecho a atención telefónica gratuita 24 horas al día 365 días al año. Para ser socio deberá pagar una cuota anual y se beneficiará, entre otras cosas, de regalos, invitaciones y un 10% de descuento en el precio de los servicios contratados de Bespoke Experience.",Spain,0.510211,,,
Liz The List - Problem Solver Extraordinaire,457518.0,"Spain, Murcia, Murcia, 18 Carril, 30590",https://www.linkedin.com/company/liz-the-list,www.lizthelist.com,"We solve problems.  Offering Virtual Assistant, Project Management and Luxury Concierge services to large and small companies on a global basis.   We operate out of Europe and offer worldwide services in English.    We handle social media management,  admin tasks, large and small projects,  and if you want to buy a plane, mansion or supercar - you only have to ask!   We solve problems of any size from adding the details from a briefcase full of business cards into your customer relationship management system,  to running multi million pound IT projects and sourcing the Ferrari that everyone wants and no-one can find.    Our team operates in the UK, Spain and France with contacts with service providers in every country you can think of.",Spain,0.457518,,,
AMC Servicios,2745108.0,"Spain, Valencia, Valencia, 20 1 C/ Artes Gráficas",https://www.linkedin.com/company/amc-servicios,www.amcservicios.com,"AMC Servicios lleva más de 15 años proporcionando servicios de conserjería, limpieza y mantenimiento integral en Valencia. Nuestro objetivo es optimizar el presupuesto de mantenimineto de nuestros clientes, para ofrecerle los mejores resultados, por lo que garantizamos una excelente relación calidad-precio. Desde que comenzamos nuestra andadura en 1998 hemos procurado siempre realizar un análisis detallado y objetivo de las necesidades de nuestros clientes para ofrecerle un servicio integral con el máximo ahorro posible.",Spain,2.745108,,,
Expertsjustforyou,248718.0,"Spain, Andalusia, Casares, 4b08 Urbanizacion Marina De Casares, 29690",https://www.linkedin.com/company/expertsjustforyou,www.expertsjustforyou.com,"Expertsjustforyou est un service de conciergerie à la portée de toutes les bourses. Pendant des décennies, nous avons pris en charge tous les besoins de nos clients, en leur offrant une expérience inoubliable. Nos services vont bien au-delà de l'organisation de voyages ou de la planification d’événements glamour.  Maintenance 7j/7 pour votre maison, services de réservation (sports, restaurants, location de voiture, ....). Recommandation d'une agence immobilière, d'un avocat, d'un entrepreneur. Nous répondons à toute vos demandes. De Bruxelles à la Costa del Sol, ou que vous soyez, nous sommes à vos côtés. Vous souhaitez en savoir plus sur nos services ? Appelez-nous.",Spain,0.248718,,,
Kamilia Lahbabi Luxury Services,566633.0,"Spain, Andalusia, Marbella, 29603",https://www.linkedin.com/company/kamilia-lahbabi-concierge-marbella,k-lahbabiconciergemarbella.com,Kamilia Lahbabi Concierge and  Luxury Services in Marbella. Personalized services in Costa del Sol,Spain,0.566633,,,
Golden Gate Property Management,497436.0,"Spain, Andalusia, Marbella, 29670",https://www.linkedin.com/company/golden-gate-property-management,www.goldengatemarbella.com,"Golden Gate Property Management provides property and concierge services to both private and corporate clients. We offer a unique service of excellence on the golden mile of the Costa del Sol. A family run business with a customer service experience of over 20 years solely dedicated in managing luxury property. With our combined experience we are ideally placed to undertake the necessary services to keep your property in optimum condition. A complete, fast & efficient service. ""Our business foundation is based on trust, consistency and transparency.""  Our packages include essential home observation and maintenance. Our prime focus is the property, making sure all practicalities are taken care of whether our clients are residing in the property or abroad. Any personalized plan our clients demand will be studied so as to adjust to their needs.   The packages are available as a monthly membership. Additional services are priced individually.  ""We offer discrete and personalized service that focuses on all aspects of managing your property.” SECURE KEY HOLDING: Property checks: Security, locks, doors and windows. Gardening Gas, water and electricity supply, turn these off on departure and back on for arrival if required. Check property as a whole and report any damages such as leaks, humidity etc. Regular airing by opening doors and windows for general ventilation.  And any other details of your concern and at your request in regards to your property maintenance. Other.. OTHER SERVICES: Attending properties for deliveries. Babysitting Housekeeping Laundry Air conditioning maintenance/installation/inspection. Carpentry work. Electricians. Plumbers. Painting work. Construction and renovation services. Car mechanic. Other..",Spain,0.497436,,,
Podium Lifestyle,497436.0,Spain,https://www.linkedin.com/company/podium-lifestyle,www.podiumlifestyle.com,"""Offering you the perfect stay with the best luxury villas in Ibiza and ski chalets in Switzerland is our priority. Our services offer the highest quality and comfort and have a focus on treating customer in a personal, professional and honest manner. Therefore we assure  a perfect stay. Due to our passion for exquisite service, we want to redefine the concept of concierge, widening it and making it more personal. This is lifestyle management."" We have a thorough knowledge of Ibiza and Verbier.   Over the years we have built up a good portfolio of the best local partner companies. Thanks to this and the constant search for new experiences in the luxury sector we can offer our clients the best lifestyle during their holidays or retreats in Ibiza and Switzerland. Our main value is the attention to detail in everything we do.  For Podium Lifestyle, the trust placed by its customers is the greatest asset, and thanks to this we can continue to grow. Both privately and for companies, our services are adapted to the special needs of each client.  Our credo is to offer to the customer the highest standards of quality in personal relationship and the ability to provide authentic luxury holidays.",Spain,0.497436,,,
AUXICOSTA S.C.A.,566633.0,"Spain, Andalusia, Ayamonte, 10 C/ Lope De Vega, 21400",https://www.linkedin.com/company/auxicosta-s.c.a.,www.auxicosta.com,"AUXICOSTA es una Cooperativa de Servicios Auxiliares destinado principalmente a Hoteles, Comunidades y Urbanizaciones. Entre otros los servicios que ofrece AUXICOSTA son: Para hoteles: • Servicio de Botones • Auxiliar de Montaje • Servicio Transfer (vehículo por parte del establecimiento) • Auxiliar de Parking • Conserjería Para Comunidades y Urbanizaciones: • Conserjería • Limpiadoras En breve ofreceremos más servicios como: • Camareros • Camareras de Pisos  • Socorristas Si está interesado en alguno de nuestros servicios mándenos un mail a auxicostacoop@gmail.com y le realizaremos un presupuesto detallado a sus necesidades.",Spain,0.566633,,,
Bugabuggy,289590.0,"Spain, Andalusia, Puerto Real",https://www.linkedin.com/company/bugabuggy-rentals,www.bugabuggy.com,"Alquilamos artículos de bebé y niño. Tenemos varios servicios de alquiler, por un lado el de corta duración para familias que vienen a Cádiz de vacaciones y no quieren venir muy cargados. Proporcionamos equipamiento de bebé como carritos de bebé, cunas, sillas de coche, etc. para que puedan disfrutar de las vacaciones como si estuvieras en casa.  También proporcionamos un alquiler de larga duración, desde tres meses en adelante, para ofrecer una alternativa a la compra de artículos de bebé más exclusivos, como los de la marca Bugaboo, que son caros y útiles durante poco tiempo, que en la mayoría de los casos acaban en un trastero. Nuestra filosofía es proporcionar artículos de calidad, cuidando mucho la higiene de los mismos y ofrecer un servicio de atencion al cliente rápido, efectivo y excelente. Podemos colaborar prestando nuestros servicios a empresas de alquiler vacacional en Cádiz, hoteles, alojamientos rurales,  etc, para que lo añadan a sus servicios como un valor añadido.",Spain,0.28959,,,
Time&Glam - Providing Luxury Concierge & Personal Assistant Services,248718.0,"Spain, Catalonia, Barcelona, 468 Av. Diagonal, 08006",https://www.linkedin.com/company/timeandglam.com,www.timeandglam.com,Time&Glam offers Personal Assistant & Concierge Services. We deliver a complete spectrum of distinguished tailor-made solutions with the most exclusive services and experiences. Our confidential and personalized services include a team of Personal Assistants to respond to our client’s every need. Visit our website www.timeandglam.com Contact: info@timeandglam.com Twitter: @timeandglam Instagram: @timeandglam Facebook: @Timeandglam,Spain,0.248718,,,
NORTE MADRID SERVICIOS AUXILIARES S.L.,84963.0,"Spain, Madrid, Madrid, Nº 9 Calle De La Fuente, 28864",https://www.linkedin.com/company/norte-madrid-servicios-auxiliares-s-l,www.normaserv.es,"Normaserv es una de las empresas pertenecientes al Grupo Internox, somos especialistas en todo tipo de servicios de limpieza en empresas y domicilios, así como servicios de conserjería, jardinería, y mantenimiento de piscinas. La experiencia de nuestros profesionales es nuestro mayor aval y  posiblemente una de las razones que nos permiten ser líderes en el  sector de la limpieza en el Corredor del Henares. Nuestro objetivo es ofrecer a los clientes la solución adecuada a sus necesidades con la máxima profesionalidad.  Contamos con una oferta comercial muy amplia tanto a empresas como a particulares:  Comunidades de propietarios, despachos profesionales, locales  comerciales, viviendas, etc.  Ofrecemos servicios regulares así como esporádicos.  También realizamos limpiezas especiales de primera ocupación de  viviendas, oficinas y empresas, limpiezas a fondo, etc. Tenemos una gran variedad de clientes: oficinas, comunidades de  vecinos, centros clínicos, centros de estudio, locales comerciales ...  La calidad del trabajo no está reñida con el buen precio. Descubra los servicios de Normaserv. Solicite más información o un presupuesto sin compromiso.  Indíquenos su número y le llamamos gratuitamente.  También puede escribirnos a nuestro e-mail: info@normaserv.es  O llamarnos al Tlf: 91 884 37 17",Spain,0.084963,,,
Grupo Servicon Madrid,274394.0,"Spain, Madrid, Madrid, 19 Plaza San Juan De Covas, 28925",https://www.linkedin.com/company/grupo-servicon-madrid,servicon.es,"Servicios de Personal de Limpieza, Servicios de Conserjería y personal auxiliar para empresas y comunidades de vecinos",Spain,0.274394,,,
Townhouse Retreats S.L. Marbella,575484.0,"Spain, Malaga, Benahavis, 29679",https://www.linkedin.com/company/townhouse-retreats-s-l-marbella,www.townhouseretreats.com,"Townhouse Retreats is a stunning house restoration, 15 minutes from the centre of Marbella and 7 minutes from Puerto Banus. We offer people who choose to travel to the Costa del Sol for surgery, a safe and discreet place to stay while they recuperate, before they travel home.  The exclusive nature of our accommodation means that there are never more than two guests staying at any one time, with the option to be the only guest for an additional surcharge. A 5 star concierge service is offered, along wth private transfers to and from clinic appointments and the airport. Holistic therapies, hair and beauty appointments can be arranged in the comfort of your private room. Townhouse Retreats offer a peaceful and tranquil environment in luxuriously appointed rooms, with stunning sea and mountain views, large private terraces and a small garden to sit in. The perfect place to relax, recuperate and recover post surgery.",Spain,0.575484,,,
Costa Brava For Rent,1888002.0,"Spain, Girona, Albons, 8 Calle Migdía, 17136",https://www.linkedin.com/company/costa-brava-for-rent,www.costabravaforrent.com,"Costa Brava. Girona.  Alquiler vacaciones Costa Brava. Alquiler vacacional Costa Brava. Alquiler turístico Costa Brava. Alquiler viviendas de uso turístico Costa Brava. Alquiler temporal Costa Brava. Alquiler verano Costa Brava. Encontraréis nuestro catálogo y las novedades de los apartamentos y casas que alquilamos en la Costa Brava bajo el nombre comercial de Costa Brava For Rent. Alquiler Turístico: Albons, Bellcaire, Casavells, Foixà, L'Escala Alquiler Temporal: Albons, Les Olives-Garrigoles Contactarnos en info@costabravaforrent.com",Spain,1.888002,,,
Casa Cebadillas And Spain-Vacation-Holiday.com,1258668.0,Spain,https://www.linkedin.com/company/casa-cebadillas-and-spain-vacation-holiday.com,www.spain-vacation-holiday.com,"Experience a true Spain holiday vacation in your own private villa, penthouse, beach bungalow or apartment. We offer a range of properties that provide our clients a “Resort Experience”. Our Concierge service offers amenities that make a difference from personally meeting and greeting you, assuring a welcome pack with provisions is available, bathrobes, sun beds, beach towels, to the chocolate on your pillow or complimentary Spanish Cava! Dine at a unique Spain restaurant when visiting Spain. Casa Cebadillas offers a private dining experience in a pueblo setting. Your guests can enjoy a “themed” evening with a custom designed menu served on a private terrace overlooking the countryside, village and sea. Casa Cebadillas: Imagine you and your guests, wandering along the Moorish streets of Torrox Pueblo to enter a typical Andalucian village house and make your way up the candle lit stairs to the top terrace for a memorable evening of camaraderie and consumption.  Culinary Vacation: Casa Cebadillas invites you to experience a culinary vacation holiday in Andalucia Spain’s historic white village of Torrox Pueblo. Attending culinary class and tasting Spanish wines with our cooking school team gives you the opportunity to savor ""True Spain"".",Spain,1.258668,,,
Otium Lifestyle Management,5277871.0,"Spain, Andalusia, Marbella, 29660",https://www.linkedin.com/company/otium-lifestyle-management,www.otiumspain.com,"Otium Lifestyle Management is Spain's premier Lifestyle Management and Concierge Services company. Headquartered in Marbella, Andalucía, Spain, the company caters to the discerned individual leisure and business traveler in entire Spain, as well as to corporate groups, i.e. MICE.",Spain,5.277871,,,
Visenso,629334.0,"Spain, Madrid, Madrid, 22 Calle De Augusto Figueroa, 28004",https://www.linkedin.com/company/visenso,www.vsenso.com,"Vsenso is a luxury hospitality representation company focused on clients who live and breathe the essence of luxury. The partners we represent are hand-picked to ignite all five senses of even the most demanding travellers. Like us, our partners believe that luxury hospitality is all about exceeding expectations and creating vivid experiences.   We are ambassadors for our clients, in the Spanish and Portuguese markets whereby we establish relationships with key potential partners, such as tour operators, concierge services and boutique agencies focused on luxury travel.",Spain,0.629334,,,
Duquesa De Cardona Barcelona,11957346.0,"Spain, Catalonia, Barcelona, 12 Passeig Colom, 08002",https://www.linkedin.com/company/232375,www.hduquesadecardona.com,"Located in the heart of Barcelona, close to the Rambles, in a historic building of the mid19th century, home of nobility and refuge of kings, the hotel has been remodelled to adapt the advanced technology to the flavour, tradition and hospitality which make it an example of the personalised service every customer deserves. In the centre of culture and history of a cosmopolitan city, and open to the light and colour of the Mediterranean, the hotel is a haven of peace and tranquillity for the visitor. Located in front of Port Nautical the hotel has the benefit of Mediterranean light. From the rooms and the extensive solarium terrace one can enjoy a magnificent, panoramic view of the harbour from cruces terminals, the Barceloneta to the Olympic harbour. Services: 64 double rooms La Terrassa del Duquesa sky bar & restaurant terrace, banqueting service, events, room service, buffet breakfast, and more.  Two confortable and open rooms with daylight for social or business meetings, equipped with all the latest audio-visual technology, WI-FI. Outdoor swimming pool and solarium. Public car park nearby the hotel. Wireless internet connection in all the areas. Concierge services.",Spain,11.957346,,,
En Ville Apartments Barcelona,3933913.0,"Spain, Catalonia, Barcelona, 128 Carrer De Floridablanca, 08011",https://www.linkedin.com/company/en-ville-apartments-barcelona,envilleapartments.com,"At En Ville Apartments we manage and invest in real estate and commercial deals in Barcelona. We have 20 years experience, working from scratch, buying, refurbishing and managing fully serviced short term rental buildings. We have a hands-on approach to the full value chain; property search, project, licences, construction, interior design, sale or property management.  Today we ensure the full management of four buildings in the center of Barcelona. We offer these apartments for short term rental. To provide the best experience to our customers, we offer them hotel services such as daily cleaning, amenities, concierge and personalized check-in.",Spain,3.933913,,,
Utopia Villas,3555206.0,"Spain, Catalonia, Sitges, 16 Carrer Jardi, 08870",https://www.linkedin.com/company/utopia-villas-sl,utopia-villas.com,"Utopia Villas have an extraordinary selection of luxury villas, mostly around Sitges, just 30 minutes from the centre of Barcelona. We choose our villas for their unique character and style. We have grand colonial mansions on the seafront, quiet countryside retreats to large wedding venues. We also have a large selection of smaller villas that are perfect for an unforgettable holiday with your family or friends.   Our villas meet specific standards: they must have a swimming pool, BBQ, music systems, and high-speed Wi-Fi. And they all offer plenty of space, both indoors and outdoors. Our professionals maintain the manicured gardens and interiors to the highest standards. We will ensure you have everything you need in the villas to make your stay perfect.   When you stay at a Utopia Villa, you will also get access to our concierge. We can arrange anything that you need to make your holiday just perfect. We can arrange car services, shopping, personal trainers, private chefs, and fantastic day trips, to mention a few. And if you need a restaurant recommendation, ask – the team is always delighted to help. Our reservations team is waiting to help you plan the perfect holiday in English, Spanish or French.",Spain,3.555206,,,
BeHosty S.L,1888002.0,"Spain, Canary Islands, Las Palmas De Gran Canaria, 181 Calle La Naval, 35008",https://www.linkedin.com/company/behosty-s-l,www.behosty.com,"Empresa dedicada la gestión integral del alquiler vacacional. Damos soporte tanto a propietarios que quieran explotar sus viviendas, encargándonos de toda la gestión así como atención de los huéspedes de principio a fin, con la máxima excelencia y con el objetivo de superar las expectativas.",Spain,1.888002,,,
Grupo Nordeste,13118112.0,"Spain, Catalonia, Barcelona",https://www.linkedin.com/company/grupo-nordeste,www.grupo-nordeste.com,"Dedicated to Security & Safety in events since 2003. We have an extensive experience in working in events with great public affluence, such as festivals, concerts, fairs, MICE or major parties as well as private events, VIP meetings, or continuous concierge services. We offer comprehensive planning of security, self-protection and emergency plans, access control personnel and service assistants among others, security coordination at the event with the police, civil protection and ambulances.  Our experience is a guarantee of professionalism and competence to provide safety and security.",Spain,13.118112,,,
Apartamentos El Carmen,5277871.0,"Spain, Valencia, Alicante",https://www.linkedin.com/company/apartamentos-el-carmen,bealicante.com,"En APARTAMENTOS EL CARMEN gestionamos apartamentos totalmente equipados, en regimen de alquiler vacacional. Puede alquilar desde 2 noches hasta 1 año, con una conversion de calidad precio muy alta y brindandole al cliente un servicio completo donde no sentira que le falta nada. Nuestra empresa tiene mas de 50 años de experiencia en el sector turistico, brindando al cliente hospitalidad cercana, resolucion, compromiso y experiencia.",Spain,5.277871,,,
Roomservices Holiday Homes,1314495.0,"Spain, Andalusia, Málaga",https://www.linkedin.com/company/roomserviceinternational,www.roomservices.one,"Roomseevices holiday homes is a luxury vacation home accommodation business.  We offer our guests the quality of a hotel, but with more space, more privacy & more value for money.  All our guests receive our welcome pack delivered directly in their smart phone.  All properties are prepared with our Hotel quality bed linen, towels & amenities before your arrival.  Digital nomads If you combine business with pleasure, all our properties has high speed Internet,  and several of them also comes with work spaces. Find long stay deals between October & April.  Concierge  Our concierge service is available to all our guests to make your stay extra special. Let us know if you need a baby cot, bicycle, or beach towels. Are you looking for private chefs, rental cars or even private jet. We are here for you.  Selected vacation homes  All Roomservices holiday homes are hand picked to meet our high standard to be included to our growing portfolio. We have welcome more than 9000 guests from all over the world and looking forward to soon welcome you too.  Best regards Fredrik Gebauer",Spain,1.314495,,,
Coliving My Space Barcelona S.U.,1482748.0,"Spain, Catalonia, Barcelona, 14 Calle Prats De Mollo, 08021",https://www.linkedin.com/company/coliving-my-space-barcelona-s-u,www.myspacebarcelona.com,"Apoyo a inversores de todos los tamaños a sacar provecho de sus propiedades inmobiliarias. Como emprendedor,  estoy apasionada por la transformación digital. Especializado en alquileres vacacionales y Airbnb. 🏠 #InversionesInmobiliarias #TransformaciónDigital #Airbnb",Spain,1.482748,,,
AY! Ibiza,1482748.0,"Spain, Balearic Islands, Ibiza, 07800",https://www.linkedin.com/company/ay-ibiza,www.ayibiza.com,"AY! Ibiza is a premier vacation rental company specializing in providing exceptional experiences for travelers visiting the stunning island of Ibiza. From luxurious villas to stylish boats, we offer a diverse range of rental options to cater to the unique preferences of our clientele. Our mission is to ensure that every guest enjoys an unforgettable stay, immersed in the beauty and culture of Ibiza. Services: AY! Ibiza offers a wide range of rental services, including: • Luxury Villas: We provide a curated selection of luxurious villas equipped with top-notch amenities, stunning views, and personalized services to ensure a comfortable and indulgent stay. • Stylish Boats: Our fleet of stylish boats allows guests to explore the crystal-clear waters surrounding Ibiza in style. Whether it's a sleek yacht for a day of leisure or a luxurious catamaran for a sunset cruise, we offer options to suit every preference. • Exclusive Concierge Services: In addition to our rental offerings, we provide personalized concierge services to enhance the overall experience for our guests. From arranging private chef services to organizing bespoke excursions and experiences, we go above and beyond to fulfill our guests' needs and desires.",Spain,1.482748,,,
Macaronesian Rent,1743469.0,"Spain, Canary Islands, Santa Cruz De Tenerife",https://www.linkedin.com/company/macaronesian-rent,macaronesianrent.es,"Macaronesian Rent es una empresa de gestión de alquiler vacacional que cuenta con una amplia trayectoria en el mercado canario. Ofreciendo un servicio integral de gestión, diferenciándose en el mercado por su asesoramiento legal y sus políticas de protección al propietario.",Spain,1.743469,,,
Las Ibiza,629334.0,"Spain, Balearic Islands, Ibiza, Carretera Sa Caleta, 07818",https://www.linkedin.com/company/las-ibiza,www.lasibiza.com,"Las Ibiza provides exclusive villa rental properties & reliable concierge services. A few of our most popular services are yacht rentals, top-range cars, transfers, professional private chefs, yoga and personal training, beauty treatments & massages and event planning. One of our other specialised services are check in services and villa management. Las Ibiza knows how to maintain and manage properties like no other due to a strong wide team of experts and many years of efficient hospitality management, for luxurious holiday rentals amongst other things. Las IBIZA can assist in reservations, holiday and long term rentals & sales, the marketing of your unique property, styling, and many more.  Las Ibiza’s passion is to exceed the current service levels provided on the island by being professional and personal in the services provided to both business and client. While your VIP guests enjoy the island relaxing at their beautiful holiday villa, LAS IBIZA takes care of everything.",Spain,0.629334,,,
KEYWii Home,629334.0,"Spain, Andalusia, Sevilla, 12 Calle Federico Sánchez Bedoya, 41001",https://www.linkedin.com/company/keywii-home,www.keywii.com,"“El anfitrión perfecto piensa en todo” En 2017 Beatriz Pino y Diana Núñez deciden aventurarse en el fascinante mundo del alquiler vacacional.  Amigas desde la universidad, y después de haber viajado y vivido en numerosos países y haber trabajado en sectores como la comunicación y las finanzas, deciden dejar sus trabajos y emprender  para dedicarse a su pasión… Gracias a nuestra trayectoria y experiencia profesional, vimos una oportunidad de poder desarrollar nuestros conocimientos en un sector en pleno auge en España y con pocos profesionales que pudieran llevar a cabo la actividad.  Por esta razón nació KEYWii Home , porque no todo el mundo sabe cómo optimizar una propiedad enfocada en el alquiler  a corto plazo, sabe establecer la estrategia de precios óptima con la última tecnología en revenue management, la estrategia de marketing, comunicación y distribución necesaria para conseguir más reservas. Porque no todo el mundo tiene acceso al mejor personal de limpieza de tal manera que asegure las mejores valoraciones y estancias de los huéspedes, ni al mejor personal que realice la comunicación con el huésped 24/7 .  A medida que pasan los años, los propietarios cada vez son más conscientes de que a la hora de rentabilizar sus activos inmobiliarios a través del alquiler vacacional, la competencia es mayor y las ventajas competitivas cada vez menos existente, siendo muy complicado conseguir la diferenciación en el mercado sin ayuda profesional.  Sabemos que “el mejor alquiler es aquel que se siente como un hogar y se gestiona como un hotel”. KEYWii Home nace del deseo de satisfacer  esta necesidad y de un don personal para destacar en logística y hospitalidad.",Spain,0.629334,,,
Bou Ros,39131.0,"Spain, Balearic Islands, Felanitx",https://www.linkedin.com/company/bou-ros,www.bouros.es,"En Bou Ros, somos un grupo familiar dedicado a la gestión turística.  En todos los servicios que ofrecemos en nuestra empresa, nuestra prioridad es ofrecer una experiencia completa para nuestros clientes en destino, promoviendo los valores, la cultura y tradiciones mallorquines. En nuestra cartera de empresas, contamos a día de hoy con: ·Bou Ros Hotel, Sa Bassa Rotja Ecoturisme, hotel rural ubicado en Porreres, en pleno corazón de Mallorca. ·Bou Ros Villas, fincas para alquiler vacacional en Mallorca. ·Bou Ros Bus, flota propia de autocares para grupos, traslados, excursiones y eventos. ·Bou Ros Boat, nuestro barco ""Bon Viure"", siempre a disposición de nuestros clientes para organizar excursiones privadas a Cabrera o alrededor de la isla. ·Bou Ros Shop, N&M Concept Store, ubicada en el hotel se encuentra nuestra tienda con productos de marcas especiales, artesanales, hechos a mano y de alta calidad; desde ropa y complementos a productos gastronómicos delicatessen e ideas originales para regalar o recordar tu estancia en Mallorca.",Spain,0.039131,,,
Estrella Projects,1229759.0,"Spain, Balearic Islands, Palma, 9 Travesía Gran Vía Asima 2 Torre Asima Planta, 07009",https://www.linkedin.com/company/estrella-projects,www.estrellahouses.com,"Servicios de gestión hotelera, de alquiler vacacional y restauración en Palma de Mallorca. 𝗘𝘀𝘁𝗿𝗲𝗹𝗹𝗮 𝗣𝗿𝗼𝗷𝗲𝗰𝘁𝘀 se encarga de recoger proyectos ambiciosos de restauración, gestión hotelera o alquiler vacacional y añadirlos a su cartera de hoteles y propiedades de 𝗘𝘀𝘁𝗿𝗲𝗹𝗹𝗮 𝗛𝗼𝘂𝘀𝗲𝘀. ¿Dispone de un hotel y necesita de servicios? Ofrecemos: ◆ Limpieza hotelera ◆ Gestión de licencias vacacionales ◆ Contratación o selección de personal",Spain,1.229759,,,
Alterkeys,1258668.0,"Spain, Madrid, Madrid",https://www.linkedin.com/company/wearealterkeys,www.alterkeys.com,Plataforma de alquiler vacacional,Spain,1.258668,,,
ALOHA Bilbao,11348.0,"Spain, Basque Country, Bilbao",https://www.linkedin.com/company/aloha-bilbao,www.alohabilbao.com,* Gestión de ALQUILERES VACACIONALES en BILBAO * Home Staging,Spain,0.011348,,,
ByCisco,1229759.0,"Spain, Balearic Islands, Ibiza",https://www.linkedin.com/company/bycisco,www.bycisco.co.uk,"With over 15 years of experience in the Hospitality and Concierge industry, ByCisco was created. We are here to give you access to world-class villas, yachts and the most exclusive experiences in Ibiza. At ByCisco we curate every aspect of your holiday so you don't have to. Sit back, relax, party and enjoy.",Spain,1.229759,,,
Concierge And VIP Service In Mallorca,1258668.0,"Spain, Balearic Islands, Palma",https://www.linkedin.com/company/mallorca-label---luxury-&-private-concierge,,"Mallorca Label will give you unrivalled access to Mallorca’s hidden treasures. That doesn’t just mean  recommending the best restaurants, clubs and shops – it means booking you the most exotic tables, opening the red rope into coveted VIP rooms and granting your every wish and whim. You will be offered a selection of the island’s most outstanding hotels, whether you need a chic city boudoir, a rural retreat, a stunning sea view or an architectural gem. A butler service and private chef will complement your hotel’s lavish amenities and the beauty of the landscape around you. Mallorca Label sets the highest standards when judging accommodation and each hotel must meet three strict criteria: a unique setting, exquisite gastronomy and impeccable service.  For pure indulgence, delight your body and mind with new sensations at Mallorca’s divine spas. If it’s shopping you have in mind, you will be guided to the finest boutiques with personal shopping services to rival those of Milan or New York. And when the sun sets on Palma Bay, Mallorca Label will open your eyes to the capital’s hottest nightspots. Bringing you the very best the island has to offer, this bespoke private concierge service offers the elite traveler ‘members’ only’ privileges, letting you make the most of a Mediterranean paradise. Dealing directly with the owners and managers of the Balearics’ most prized establishments, Mallorca Label is on call 24/7 to make your trip one to remember.",Spain,1.258668,,,
Wellhomes Tenerife,1229759.0,"Spain, Canary Islands, La Orotava, 66 Calle Cruz De Los Martillos, 38312",https://www.linkedin.com/company/wellhomestenerife,wellhomestenerife.com,"Wellhomes es una empresa dedicada a la explotación de alquiler vacacional, así como de turismo rural de viviendas exclusivas y con historia en Tenerife.",Spain,1.229759,,,
HotelAider,1229759.0,"Spain, Madrid, Madrid",https://www.linkedin.com/company/hotelaider,www.hotelaider.com,"HotelAider's mission is fundamentally anchored in the vision of digitalizing the guest experience, aiming to significantly enhance the way hoteliers connect with their guests through cutting-edge technology. Central to this mission is the commitment to empower the emotional loyalty towards hotel brands by leveraging an AI-powered concierge service, accessible via WhatsApp The essence of HotelAider's initiative is to transform the guest experience into something more than a transactional relationship; it's about creating a bond that guests feel deeply connected to, encouraging repeat visits and fostering a sense of belonging with the brand. By focusing on emotional loyalty, HotelAider seeks to unlock a profound level of engagement and satisfaction among guests, ensuring that hotels not only meet but exceed expectations in a personalized and meaningful manner.",Spain,1.229759,,,
GRUPO AMHIN CALPE,521531.0,"Spain, Valencia, Calp, Canuta I, 03710",https://www.linkedin.com/company/grupo-amhin-calpe,www.grupoamhin.com,"Nuestra empresa  Está formada por un equipo profesional Joven y Dinámico con un objetivo común: Satisfacer las demandas de nuestros Clientes. La sociedad tiene por objeto: la Promocion, Compra, Venta y Construcción de toda clase de Bienes Inmuebles Urbanos y Rústicos. Y también tenemos varios servicios, limpieza, reforma en general, técnicos,...  Una agencia joven con profesionales expertos y dinámicos. Inmobiliaria Disponemos de una amplia oferta inmobiliaria de Viviendas Nuevas y 2ª Mano, Chalets, Fincas, naves, y viviendas de bancos por todas las provincias, Alquileres y Traspasos, todo ello con las mejores garantias económicas del mercado hasta el 100% de un Crédito e Hipoteca para que usted pueda adquirirlos. Tenemos gran cartera de viviendas de bancos sin cobrar la comisiones al cliente tramitamos todas las ofertas sin honorarios de Agencia. Incluso con posibilidad de financiación. Alquileres Vacacionales Alquilamos pisos, casas, Apartamentos, bungalows, hoteles, Habitaciones, para familiares o individuales, para vacacional o todo el año. Reformas En General.  Bajo Coste. Construcción, Reformas completas de Chalets, Pisos y locales, Tejados, Fachadas, Cocinas, baños, pladur, cambio de plato de ducha, etc... Precios muy bajos con garantía. Pide Presupuesto gratis sin compromiso, te vas a sorprender, Nos adaptamos al cliente tanto en calidad como en precio. Servicio de limpieza y mantenimiento  Disponemos de varios servicios de limpieza En general para Particulares y Empresas tanto de vacaciona o para siempre, de pisos, apartamentos, urbanizaciones, chalets, portales, cristales, preparó apartamentos turísticos,  Garantizamos y con mejor servicio y precio, puede solicitar presupuesto sin compromiso. Servicios técnicos Disponemos de una amplia y varias servicios técnicos, como certificados energéticas, las cédulas, proyectos, licencias de locales, planos de vivienda, diseño interiores y decoración, ext. Tenemos profesionales del sector y con buen precio,",Spain,0.521531,,,
Alcom Inmobiliaria,1051459.0,"Spain, Pontevedra, Vilagarcia De Arousa, 12 Rua Baldosa, 36600",https://www.linkedin.com/company/alcom-inmobiliaria,alcominmobiliaria.com,"Tu agencia inmobiliaria. Disponemos de pisos, casas, locales, terrenos en venta y en alquiler (opción a compra) y alquiler vacacional.",Spain,1.051459,,,
TropiPay,23270854.0,"Spain, Catalonia, Barcelona, 71 Carrer De Bailèn, 08009",https://www.linkedin.com/company/tropipay,www.tropipay.com,"La plataforma de pagos global de TropiPay permite a las empresas, los anfitriones de alquileres vacacionales, los vendedores en línea y los autónomos pagar y recibir pagos a nivel mundial con la misma facilidad que lo hacen a nivel local. Nuestra tecnología líder en el sector protege tu dinero y garantiza que llegue a su destino sin complicaciones.",Spain,23.270854,,,
MadIntegra Facility Services,2532182.0,"Spain, Madrid, San Fernando De Henares, 28830",https://www.linkedin.com/company/madintegra-facility-services,www.madintegra.es,"𝗦𝗽𝗲𝗰𝗶𝗮𝗹 𝗘𝗺𝗽𝗹𝗼𝘆𝗺𝗲𝗻𝘁 𝗖𝗲𝗻𝘁𝗲𝗿 𝗰𝗼𝗺𝗺𝗶𝘁𝘁𝗲𝗱 𝘁𝗼 𝗶𝗻𝗰𝗹𝘂𝘀𝗶𝘃𝗲 𝗵𝗶𝗿𝗶𝗻𝗴 Somos Madintegra, un Centro Especial de Empleo que impulsa la integración laboral de personas con discapacidad.  Ayudamos a las empresas a cumplir con la 𝗟𝗲𝘆 𝗚𝗲𝗻𝗲𝗿𝗮𝗹 𝗱𝗲 𝗗𝗶𝘀𝗰𝗮𝗽𝗮𝗰𝗶𝗱𝗮𝗱 (𝗟𝗚𝗗), reforzar su 𝗥𝗦𝗖 y avanzar en los 𝗢𝗯𝗷𝗲𝘁𝗶𝘃𝗼𝘀 𝗱𝗲 𝗗𝗲𝘀𝗮𝗿𝗿𝗼𝗹𝗹𝗼 𝗦𝗼𝘀𝘁𝗲𝗻𝗶𝗯𝗹𝗲 (𝗢𝗗𝗦) mediante soluciones personalizadas. 💼 Servicios / Services 📞 Telemarketing y teleoperadores  📦 Logística y almacén / Logistics & Warehouse ✏️ Apoyo administrativo / Admin Support 🛎️ Recepción y atención / Reception & Front Desk 🚗 Conductores, conserjes / Drivers, Facility & Concierge Staff ⏳ Limpieza / Cleaning ✔️ Más de 14 años de experiencia y certificaciones: 𝗜𝗦𝗢 𝟵𝟬𝟬𝟭, 𝟭𝟰𝟬𝟬𝟭, 𝟮𝟳𝟬𝟬𝟭 𝘆 𝟰𝟱𝟬𝟬𝟭 🌱 Nuestro compromiso va más allá del empleo: es con las personas, la igualdad y la sostenibilidad. 🤝¿𝗧𝘂 𝗲𝗺𝗽𝗿𝗲𝘀𝗮 𝗯𝘂𝘀𝗰𝗮 𝗰𝘂𝗺𝗽𝗹𝗶𝗿 𝗰𝗼𝗻 𝗹𝗼𝘀 𝗢𝗗𝗦 𝘆 𝗹𝗮 𝗟𝗚𝗗?Agenda una reunión o solicita una demo. #Madintegra #FacilityServices #ODS8 #Agenda2030 #RSC #Discapacidad  #CEE #ESG #CSR #LGD",Spain,2.532182,,,
Limpiezas Herencia S.L,650293.0,"Spain, Madrid, Alcalá De Henares, 40 Avda. Reyes Católicos, 28802",https://www.linkedin.com/company/limpiezas-herencia-s-l,www.limpiezasherencia.com,"Limpiezas herencia es una compañía perteneciente a Herencia Grupo, que tiene como objetivo ser el proveedor global de servicios generales para la empresa. Nuestra historia empieza en el año 1976, con una empresa de servicios de limpieza de oficinas y locales en Madrid. A partir de este momento, y en principio de forma local, siendo el mercado de actuación el Corredor del Henares, comienza a desarrollar su actividad de limpieza de oficinas desde una vertiente empresarial, basada en criterios de calidad y de servicio para el cliente. Posteriormente, la compañía evoluciona en su mercado, prestando servicios de limpieza a oficinas, edificios y locales en toda la Comunidad de Madrid, y trabajando con empresas de rango alto, que requieren una gestión completa de sus servicios, no solo de limpieza de sus oficinas o despachos, si no también de conserjería, jardinería, electricidad, reformas, etc. En la actualidad nuestro grupo esta formado por más de 80 personas, que constituyen el verdadero activo de la empresa, siendo uno de sus principales pilares. La política de Recursos Humanos ha sido el eje fundamental para el desarrollo de nuestro Grupo. Otro de los elementos importantes es la utilización de tecnología puntera en todos nuestros servicios ya se trate de limpieza de oficinas, mantenimiento de jardines o reformas de edificios y locales en Madrid, entre otros, lo que unido a nuestra experiencia, forman los cimientos que hacen de nuestro Grupo, una empresa sólida en su sector. Nuestra estrategia de futuro, se basa en convertir al Grupo Herencia, en el proveedor global de servicios generales para sus clientes, asumiendo la externalización de estas actividades por parte de las empresas, con el objetivo de conseguir un menor coste, mayor calidad y profesionalidad en su ejecución.",Spain,0.650293,,,
CEE LABORSORD,1281970.0,"Spain, Canary Islands, Tegueste, Km 8,1 Crta. Gral. La Laguna-punta Del Hidalgo, 38280",https://www.linkedin.com/company/laborsord,www.laborsord.org,"Somos un Centro Especial de Empleo Fundado en 1998 por FUNCASOR (Fundación Canaria para las personas con sordera y sus familias). Actualmente prestamos varios servicios entre los que hay que destacar: ACCESIBILIDAD: - Consultoría de accesibilidad. -Ayudas técnicas (Bucles magnéticos). - Subtitulado en directo y video. SERVICIOS - Jardinería. - Limpieza. - Mantenimiento de edificios e instalaciones. - Conserjería y control de accesos. - Agricultura ecológica. - Gestión admisnitrativa. - Desarrollo de aplicaciones informáticas. - Atención telefónica. - Mensajería y reparto. - Gestión de almacén y logística. - Mantenimiento de equipos informáticos. - Limpieza viaria. - Lavandería. - Manipulados de papel y cartón. - Manipulado, envasado y etiquetado. - Recogida de residuos urbanos. Nuestra misión: Aumentar las posibilidades de inclusión social mediante el empleo de las personas con discapacidad, preferentemente auditiva, en el mercado de trabajo ordinario, ofreciendo servicios adaptados a las necesidades del mercado, velando por unas condiciones dignas de trabajo y que cumplan con la legislación, con la mejora continua y la innovación como principios de actuación. Además, fomentamos la eliminación de barreras y prejuicios sociales hacia las personas sordas en nuestro ámbito de actuación.",Spain,1.28197,,,
PROLIMPIA INTEGRA-T,8716093.0,"Spain, Madrid, Madrid",https://www.linkedin.com/company/prolimpia-integra-t,prolimpiaintegra-t.es,"Prolimpia Integra-T presta servicios integrales de limpieza y facility a empresas, oficinas, comunidades de vecinos e inversores en apartamentos turísticos.  Hacemos un trabajo serio y de calidad, al tiempo que ayudamos a la integración de personas con discapacidad, como Centro Especial de Empleo. Desde 2015, Prolimpia Integra-T se ha convertido en una empresa de servicios de referencia en su sector. Prestamos los servicios más completos de limpieza, mantenimiento, atención telefónica 24 horas y conserjería a medida en los más variados sectores de actividad, sea lo compleja que sea la tarea que nos encomienden nuestros clientes.  Cumplimos además la MISIÓN DE INTEGRAR a las personas con discapacidad que forman parte de nuestra plantilla. Nuestro compromiso con el cliente es total, ofreciéndole un trato cercano y serio a la vez. Nuestra flexibilidad, en este sentido, es total: NOS ADAPTAMOS A LAS NECESIDADES DEL CLIENTE, implementando los cambios operativos necesarios de forma ágil.  Somos el APOYO que necesita tu empresa para gestionar servicios que te quitan tiempo para desarrollar tu negocio.  Además, ayudamos a que tu empresa cumpla, mediante nuestros SERVICIOS INTEGRALES, su Responsabilidad Social Corporativa en materia de empleo y discapacidad.  Estamos orgullos de estar cumpliendo nuestro trabajo de forma profesional y de contar con la confianza de decenas de clientes en nuestros equipos. 👉 http://prolimpiaintegra-t.es/ 📌 Prestamos ✅servicios integrales allí donde otros no llegan. 👇 ➨ Limpieza de espacios ➨ Mantenimiento de piscinas y jardines. ➨Servicio de mantenimiento y reparaciones 24/7 ➨Conserje tradicional y servicios de conserjería 24 h POR QUÉ ELEGIRNOS:  ✅ Confianza y fiabilidad ✅ Experiencia y coordinación ✅ Sensibilidad y valores con nuestro trabajadores ✅ Gestión y resolución de problemas inmediata ✅ Satisfacción de nuestros clientes",Spain,8.716093,,,
American Clean S.L.,624672.0,"Spain, Madrid, Madrid, 20 Avda. Fuentemar, 28823",https://www.linkedin.com/company/american-clean-s.l.,www.american-clean.com,"American Clean, S.L. is a Madrid based facility services company, founded in 1996. The company is a regional cleaning company, starting its services from window cleaning and reaching to full service building maintenance company Ameircan Clean, S.L. offers a variety of auxiliar services, like gardening, pool maintance, carpet cleaning. The building maintance services includes ""concierge"", cleaning personal. provision of higienic material, repairing, etc.",Spain,0.624672,,,
ALABAU Servicios Y Mantenimientos,1041120.0,"Spain, Valencia, Valencia, 86 Jerónimo De Monsoriu, 46022",https://www.linkedin.com/company/alabau-servicios-y-mantenimientos,www.alabau.es,"Empresa de servicios de limpieza, conserjería y mantenimientos de instalaciones, con 20 años de experiencia, parque propio de maquinaria, sólida estructura organizativa y solvencia económica le garantiza un buen servicio a precio competitivo. ALABAU = ""MANTENER SU CONFIANZA ES NUESTRO COMPROMISO"" - Trabajamos para: oficinas y locales comerciales, industrias, centros de ocio, centros de salud, centros educativos, hoteles y restaurantes, ferias de muestras, concesionarios de vehículos, comunidades de propietarios, parkings y garajes...",Spain,1.04112,,,
Avance Servicios,1249344.0,"Spain, Madrid, Madrid, 16 Calle Concejal Francisco José Jiménez Martín, 28047",https://www.linkedin.com/company/avance-servicios,www.avanceservicios.es,"Avance Servicios es una empresa de referencia en Madrid en los servicios de Conserjería y Control de Acceso. Estos servicios son cada vez más necesarios en Comunidades y Centros Empresariales garantiza todas las tareas que habitualmente se desempeñan y adicionalmente aportan mayor seguridad frente a posibles intrusos.  Nuestros operarios cuentan con la experiencia necesaria para cumplir la misión fundamental de dar soporte a la recepción e información en el acceso a oficinas, edificios de viviendas, hoteles, fabricas y edificios industriales.  El trato amable y la atención al cliente en general es el sello que caracteriza a nuestros conserjes. Operativos 24 horas en turnos diurnos y nocturnos, días laborales, fines de semana y festivos. Cada uno de nuestros clientes es exclusivo, por lo cual velamos por sus instalaciones de manera exclusiva. Basando toda nuestra experiencia en la confección de Manuales de Operativa únicos para cada uno de nuestros servicios, de esta forma buscamos el perfecto dominio del control de sus instalaciones. Experiencia y equipo de trabajo, al servicio de nuestros clientes. - Servicios exclusivos de Conserjería - Control de acceso al recinto - Inspección de instalaciones - Supervisión de los sistemas y dispositivos de los edificios - Comunicación de incidencias - Gestión de residuos  Nuestro objetivo: conseguir la excelencia en el control de sus instalaciones Proporcionamos servicios profesionales de control de accesos, conserjería con auxiliares selectos, estrictamente formados y cualificados para brindar siempre el mejor de los servicios. Nuestros supervisores expertos en servicios de control, brindan apoyo constante a nuestros operarios garantizando la correcta presencia y función del personal asignado a cada servicio, controla la puntualidad del ingreso, uniformidad, control de partes de trabajo, control de infraestructuras, generación de incidencias.",Spain,1.249344,,,
Grupo Marprus,3486437.0,"Spain, Madrid, Alcorcón, Calle De Sahagún Local D, 28925",https://www.linkedin.com/company/grupo-marprus,grupomarprus.es,"Dentro de nuestra amplia gama de servicios podrás encontrar todo lo que una comunidad de vecinos necesita para tener un correcto mantenimiento: limpieza, jardinería, cuidados de piscina, fontanería y conserjería",Spain,3.486437,,,
Villa Concierge Property Management,208224.0,"Spain, Balearic Islands, Santa Ponsa, 1 Avda. Rei Jaume, 07180",https://www.linkedin.com/company/villaconciergemanagement,www.villa-concierge.com,"With a total of 9 years of experience in professional property management and VIP Care in Mallorca, Germany, Switzerland and overseas, we love to be your concierge service for your property and you personally. What services do you always take for yourself and your property, we are available 24 hours a day, 7 days a week to assist you.  We speak English, German, Spanish and Italian",Spain,0.208224,,,
SeproAsistencia CEE,624672.0,"Spain, Madrid, Madrid, 4 C/ Gabriel García Márquez, 28232",https://www.linkedin.com/company/seproasistencia,www.seproasistencia.com,"SeproAsistencia Centro Especial de Empleo, es la compañía de Grupo Sepro que trabaja para la integración socio-laboral de personas con discapacidad, ya sean psíquicas, físicas o sensoriales. Promovemos la inclusión de personas con discapacidad al mercado de trabajo, mediante la prestación de servicios administrativos, de recepción, atención al público presencial o por teléfono, conserjería y servicios de limpieza en general. Seremos el nexo entre su empresa y nuestra plantilla, con el fin de que la incorporación se haga con total fluidez y comodidad.  Contamos con una plantilla con una amplia experiencia trabajando con personas con discapacidad, nos enorgullece tener un equipo que cree en la plena inclusión.  Nuestra motivación, romper prejuicios sociales y poner el valor las verdaderas capacidades laborales de nuestro personal.",Spain,0.624672,,,
Grupo TESCO - Facility Management & Services,11691151.0,"Spain, Catalonia, Barcelona",https://www.linkedin.com/company/grupo-tesco,www.grupotesco.com,"En Grupo TESCO - Facility Management & Services, satisfacemos las necesidades de nuestros clientes desde hace más de 40 años. Estamos considerados como gran empresa por volumen de facturación y somos una de las compañías más estables y reputadas del sector.  Contamos con una plantilla compuesta por más de 1.500 profesionales capacitados que trabajan a lo largo de toda la península ibérica (España, Andorra y Portugal), en nuestras distintas  delegaciones. Ya han confiado en nosotros más de 5.000 clientes. Comunidades de propietarios, administraciones públicas, empresas de todo tipo y sector (desde PYMES hasta multinacionales e incluyendo los sectores agroalimentario, sanitario y educativo), delegan en Grupo TESCO la gestión de los servicios de control de plagas (DDD), conserjería, jardinería, seguridad y auxiliares, mantenimiento o limpieza de sus instalaciones. Son numerosas las certificaciones, clasificaciones y registros que avalan nuestros procesos, siendo los más significativos, la ISO 9001:2008 y 14001:2004, la OSHAS 18001:2007, la inscripción en el Registro Oficial de Empresas Clasificadas (grupo U, subgrupo 01, categoría D), la inscripción en el Registro de Empresas Acreditadas para trabajar en el sector de la construcción (Nº inscripción REA: 09000001015) y el Registro Oficial de Establecimientos y Servicios Plaguicidas (Nº de registro 0288CAT – SB) que nos autoriza a llevar a cabo la actividad de control de plagas en el ámbito ambiental y la industria alimentaria.",Spain,11.691151,,,
Grupo Ocean,55093460.0,"Spain, Madrid, Madrid",https://www.linkedin.com/company/grupocean,www.grupocean.com,"Creamos entornos seguros y saludables para hacer más fácil la vida de nuestros clientes. Con más de 20 años de trayectoria, en Grupo Ocean ofrecemos soluciones integrales de servicios con cobertura nacional. Nuestro compromiso es claro: mejorar la vida de las personas a través del cuidado, la eficiencia y la excelencia en la gestión de los espacios que habitan, trabajan o disfrutan. 👉 Nuestros principales servicios: 🧼 Limpieza técnica para comunidades, oficinas, industrias y espacios públicos, con especialización en sectores como el agroalimentario, farmacéutico, deportivo, educativo, sanitario y de grandes eventos. 👮 Conserjería y servicios auxiliares, con personal cualificado, trato profesional y enfoque en la seguridad, el control de accesos y la atención al cliente en entornos residenciales y corporativos. 🛠️ Mantenimiento técnico de instalaciones, preventivo y correctivo, adaptado a edificios de oficinas, comunidades, centros comerciales e instalaciones industriales. 🌱 Jardinería y paisajismo, con servicios de mantenimiento, diseño de zonas verdes, obras de jardinería, podas, control de plagas y asesoramiento técnico especializado. 🏊 Mantenimiento integral de piscinas y servicios de socorrismo y salvamento acuático, con personal formado, cumplimiento normativo y respuesta ante incidencias. 📦 Outsourcing logístico e industrial, ofreciendo personal y soluciones operativas para mejorar la productividad y la eficiencia en almacenes, plataformas logísticas e industrias de diferentes sectores. Con más de 2.500 clientes activos y presencia en toda España —operando en la zona norte como Clyma y en Aragón como Salgado Zaragoza— apostamos por la cercanía, la calidad, la sostenibilidad y el empleo estable. Nuestro equipo, formado por más de 2.000 profesionales de más de 30 nacionalidades, es nuestro mayor valor. ✅ Calidad, eficacia y cercanía ✅ Innovación y tecnología ✅ Compromiso con el empleo de calidad y la sostenibilidad",Spain,55.09346,,,
TEAM SERVICE FACILITY,16511263.0,"Spain, Madrid, Madrid",https://www.linkedin.com/company/team-service-facility,www.team-service.es,"Team Service Facility is a leading provider of maintenance and cleaning services, dedicated to delivering high-quality, professional, and personalized solutions across various sectors. With extensive experience in the industry, the company has successfully partnered with clients in public administration, education, healthcare, commercial centers, offices, and hotels, adapting to the unique requirements of each sector. Team Service's mission is to ensure total client satisfaction by creating clean and well-maintained environments that promote comfort and well-being. The company utilizes advanced technology for hotel cleaning, ensuring precision and real-time monitoring of service delivery. Committed to excellence, Team Service prides itself on its highly trained staff and a comprehensive service offering that includes cleaning, maintenance, concierge, gardening, and security.",Spain,16.511263,,,
SIRSA - Servicios Industriales Reunidos SA,34613370.0,"Spain, Catalonia, Granollers",https://www.linkedin.com/company/sirsa-servicios-industriales-reunidos-sa,sirsa.com,"SIRSA es una compañía española constituida en 1970. SIRSA es líder en la gestión integral de servicios de limpieza profesional y servicios auxiliares como: Conserjería y recepción, personal de servicios generales, transporte de archivos y mobiliario, gestión de salas, auditorios y bibliotecas, gestión integral de aparcamientos, jardinería interior y exterior. La planificación, el control y la supervisión en todas nuestras actividades configuran el ADN de una empresa comprometida con sus clientes y con una gran capacidad de adaptación multisectorial: industrias, instituciones sanitarias, asistenciales y docentes, centros comerciales, equipamientos de ocio y grandes corporaciones. SIRSA se mantiene a la vanguardia gracias a sus políticas de calidad, avaladas por las Certificaciones ISO 9001:2008, ISO 14001:2004 y OSHAS 18001:2007 y SGE21.",Spain,34.61337,,,
Grupo GP Facility Services,2532182.0,"Spain, Galicia, Vilanova De Arousa, 9 Calle Maestro Albeniz, 28691",https://www.linkedin.com/company/grupo-gp-facility-services,gpmantenimiento.com,"ofrecemos nuestros servicios de limpieza, conserjería, mantenimiento, auxiliares de control, mantenimiento de jardines, piscinas, etc. Trabajamos principalmente para empresas y comunidades de vecinos pero también prestamos servicios a particulares.",Spain,2.532182,,,
INTEGRA FACILITY SERVICES,1044302.0,"Spain, Andalusia, Sevilla",https://www.linkedin.com/company/integra-facility-services,www.grupoifs.com,"Integra Facility Services es una empresa dedicada a la prestación de servicios de mantenimiento, limpieza y conserjería, para los sectores residencial, empresas y organismos en general. Dedicamos nuestros esfuerzos en analizar las necesidades de nuestros clientes considerando sus posibilidades para así poder garantizar la calidad de todos los servicios que prestamos. Nuestro objetivo principal es ayudar a nuestros clientes a lograr mediante una actividad personal, comercial e industrial, la profesionalidad, confianza, seguridad y metas que le son indispensables para cubrir sus necesidades, ofreciéndole unos servicios que seguro le resultarán satisfactorios y rentables.",Spain,1.044302,,,
ALANA CENTRO ESPECIAL DE EMPLEO,573366.0,"Spain, Madrid, Madrid, 46 Calle Donoso Cortés, 28015",https://www.linkedin.com/company/alana-centro-especial-de-empleo,www.alana-cee.com,"ALANA es un Centro Especial de Empleo calificado por la Comunidad de Madrid, posicionado en favor del colectivo de personas con discapacidad. Nuestro objetivo principal es la integración al mundo laboral de estas personas y de su adecuado desarrollo profesional y humano, mediante diferentes procesos de formación y de capacitación. Realizamos servicios de Limpieza, Mantenimiento, Jardinería y Conserjería dentro de lo que se conoce como Servicios Integrales o Facility Services.  Destacamos por tener una gran flexibilidad y adaptación, para poder ofrecer un trato directo y personalizado en función de cada cliente, comprometiéndonos con la sostenibilidad económica, laboral y medioambiental.",Spain,0.573366,,,
Euro Plus Compañia Europea De Servicios Generales S.L.,2528569.0,"Spain, Madrid, Madrid",https://www.linkedin.com/company/euro-plus-compañia-europea-de-servicios-generales-s-l-,www.europlusservicios.com,"Euro Plus es una empresa que ofrece servicios generales en la ciudad de Madrid de gran calidad, profesionalidad y con los mejores precios del mercado. Todo lo referente a reformas generales, fontanería, reparaciones eléctricas, albañilería, jardinería, pintura y decoración, carpintería. Además contamos con el servicio a comunidades de Conserjería y limpieza.",Spain,2.528569,,,
Limpiezas Gredos,6127174.0,"Spain, Madrid, Madrid",https://www.linkedin.com/company/limpiezas-gredos,limpiezasgredos.es,"Somos LIMPIEZAS GREDOS iniciamos nuestra actividad en 1972, con la prestación de servicios de limpieza, posteriormente extendimos nuestras actividades a otros servicios ligados al mantenimiento y conservación de edificios, y su entorno, así como servicios en general a entidades, tanto públicas como privadas. - Prestación de servicios de limpieza, mantenimiento, abrillantado de suelos, lavado de moquetas, lavado de tapicerías y limpieza de cristales. - Jardinería y mantenimiento. - Servicio de portería. - Conserjería. - Comedores colectivos. - Desinfección, desratización y desinsectación. - Telefonistas. - Camareros/as y ayudantes de cocina. - Lavandería. - Servicio de contenedores higiénicos.",Spain,6.127174,,,
Crespo Mantenimientos,5229655.0,"Spain, Madrid, Madrid, 34 Calle Del General Palanca, 28045",https://www.linkedin.com/company/crespo-mantenimientos-sa,crespomantenimientos.com,"🌟 Limpieza: Garantizamos un entorno limpio y saludable para empresas y organizaciones en todo el país. 🔑 Conserjería y Control de Accesos: Creamos experiencias sin preocupaciones a través de servicios de conserjería personalizados. 🚀 Servicios Auxiliares: Complementamos nuestras soluciones con actividades como azafatas, mozos y mantenimiento. Nuestro compromiso con la innovación, la formación continua y la satisfacción del cliente sigue siendo la base de nuestros valores tradicionales.",Spain,5.229655,,,
GRUPO ALABAU,2528569.0,"Spain, Valencia, Valencia/valència, 5 Calle Francisco Palanca Roca, 46022",https://www.linkedin.com/company/grupoalabausolucionespersonalizadas,grupoalabau.es,"Tras 25 años prestando servicios profesionales de limpieza y de conserjería en comunidades de propietarios, negocios y hogares, en 2020 nace Grupo Alabau, un proyecto empresarial que pretende aumentar considerablemente el valor de servicio entregado al cliente y sin incrementar su coste. La experiencia y conocimientos acumulados, unidos a nuestro modelo de gestión basado en una visión empresarial para la prestación de ""un servicio de 10"", hace muy diferente nuestra propuesta de valor dentro del sector. En Grupo Alabau cuidamos especialmente a nuestras personas y ellas están en el centro de todo. Ellas son las protagonistas de que el usuario del servicio esté satisfecho. Fomentamos un clima muy familiar y de trabajo en equipo con autoexigencia individual. Nuestro marcado espíritu innovador, unido a la permanente escucha activa del cliente, nos lleva a una actualización constante del porfolio de servicios. Nuestra contribución a la sociedad es clara: generar empleo en condiciones dignas y comprometer nuestro conocimiento y buenas prácticas en el desarrollo de nuestra actividad.",Spain,2.528569,,,
SIMASPORT,17490816.0,"Spain, Madrid, Navalcarnero",https://www.linkedin.com/company/simasport,www.simasport.es,"Somos una empresa de servicios y mantenimiento integral con una amplia experiencia en el sector. Centramos nuestra actividad en el mantenimiento de piscinas y jardines, y en	los servicios de conserjería y limpieza de todo tipo de instalaciones. Nuestro principal objetivo es prestar un servicio de elevada calidad, altamente profesionalizado, y con un trato personal y próximo al cliente, ofreciendo soluciones técnicas avanzadas y especializadas en cualquiera de las posibles necesidades de nuestros clientes, teniendo siempre en cuenta la obligación de llevar a cabo nuestros procesos evitando dañar el medio ambiente previniendo de esta forma la contaminación en nuestro entorno. Actualmente contamos con una amplia plantilla de trabajadores especializados en cada uno de los servicios a cubrir, preocupándonos de su formación y adecuación en función de su categoría profesional. La combinación de las últimas tecnologías con la especialización de nuestro personal, redunda en una mayor eficiencia de nuestros servicios que nos permite ofrecer siempre los mejores precios y la mayor calidad, siempre con el asesoramiento técnico más cualificado.",Spain,17.490816,,,
Alzimad,6972874.0,"Spain, Madrid, Torrejón De Ardoz, 72 Calle De La Circunvalación, 28850",https://www.linkedin.com/company/alzimad,www.alzimad.es,"Alzimad es una empresa de servicios que lleva desde el año 2009 ofreciendo a sus clientes las mejores soluciones profesionales en mantenimiento de comunidades, conserjería, jardinería y limpieza.",Spain,6.972874,,,
Trifón Servicios,624672.0,"Spain, Madrid, Pozuelo De Alarcón, 4 Plaza De La Coronación, 28223",https://www.linkedin.com/company/trifon-servicios,trifonservicios.com,"Empresa de conserjería, servicios de limpieza, jardinería, mantenimiento de comunidades y oficinas. Nuestro concepto gira en torno a nuevas técnicas y estrictos sistemas de supervisión, óptima atención al cliente adecuando cada servicio a sus demandas y necesidades, realizando formación continua de todo nuestro personal, lo que nos permite hacer de nuestros servicios los más eficaces y competentes; y lo mas importante, nuestra excelente relación calidad/precio, que no tiene competencia en el mercado. Ofrecemos rápidas actuaciones con un inmejorable nivel de calidad. Así, el completo servicio que ofrecemos junto con el esfuerzo diario por la mejora continua hace que Trifón Servicios disfrute de un reconocido prestigio dentro del sector.",Spain,0.624672,,,
Damiso Projects,440319.0,"Spain, Madrid, Villanueva De La Cañada, 162 Calle De Las Piedras Vivas, 28692",https://www.linkedin.com/company/damiso-projects,damisoprojects.com,"Servicios de limpieza, conserjería, jardinería y mantenimiento en comunidades de propietarios, empresas y casas particulares.",Spain,0.440319,,,
Servi Sent,6972874.0,"Spain, Catalonia, Barcelona",https://www.linkedin.com/company/servi-sent,soldene.es,"SERVISENT fue fundada en 1994 y pertenece a GRUPO SOLDENE desde 2016. Se encuentra en Barcelona y presta servicio de limpieza en toda Cataluña.   Su cartera de clientes está formada por pequeñas empresas de oficinas y comunidades de propietarios, principalmente. Además, SERVISENT presta adicionalmente servicios de conserjería para varios de sus clientes.",Spain,6.972874,,,
Servicia Solutions,2531797.0,"Spain, Málaga Málaga, Benamargosa, C/ Rio, 29651",https://www.linkedin.com/company/servicia-solutions,serviciasolutions.com,"Prestamos servicios de limpieza, jardinería, conserjería y mantenimiento de piscinas proporcionando a nuestros clientes una atención personalizada y detallada para que su entorno esté siempre impecable. Con más de 15 años especializados en el sector de la gestión integral de comunidades, Servicia Solutions es la respuesta a cualquier necesidad que toda empresa y comunidad necesitan.",Spain,2.531797,,,
Avant Facility Services,3123360.0,"Spain, Madrid, Alcobendas, 10 Segura, 28108",https://www.linkedin.com/company/avant-facility-services,www.avantservicios.com,"En Avant, te liberamos de toda la gestión diaria con un servicio 360º personalizado. Llevamos desde 2013 ofreciendo soluciones integrales para la gestión de inmuebles y como parte del Grupo Fiteni, tenemos más de 70 años de experiencia en el sector inmobiliario. Nuestra propuesta incluye servicios de recepción, control de accesos, conserjería, limpieza, jardinería, mantenimiento de piscinas y mantenimiento integral, adaptados a empresas y comunidades de propietarios. Nos respalda desde 1957 una dilatada trayectoria, la innovación constante y una supervisión rigurosa que garantizan la calidad en cada servicio.",Spain,3.12336,,,
U-Time Concierge,228855.0,"Spain, Andalusia, Marbella",https://www.linkedin.com/company/u-time-concierge,utimeconcierge.com,"U- Time Concierge was founded in 2016 and is a leading Scandinavian Concierge Company headquartered in Marbella, Spain. We provide a variety of VIP Services, Customized travel experiences, Events, Cosmetic surgery consultancy, and Local services for those located in Marbella, Spain. As well as our Worldwide U-Time VIP Membership Club, which give you as a member unique privileges.  Our clients are mainly Scandinavians based in or visiting Marbella, but we also provide worldwide services for our international clients in, Oslo – Norway, Haugesund - Norway and Stockholm - Sweden. With U-Time Concierge anything is possible as we aim to serve all our clients needs. Our services are tailored especially to match our client requirements with quality, pride and flexibility.  Time is precious, Time is money, Time is freedom, - as your concierge we aim to help you get the most out of your precious time, remove stress, allowing you to focus on your main priorities in life.",Spain,0.228855,,,
Bespoke23,861695.0,"Spain, Madrid, Madrid",https://www.linkedin.com/company/bespoke23,www.bespoke23.com,"En Bespoke23 creamos realidades a partir de las necesidades, ilusiones, deseos y sueños de nuestros clientes. Creamos momentos inolvidables, sofisticados, y sobre todo, auténticos, combinando la personalización del lujo con la discrección propia de Bespoke23.  Nuestro equipo es especialista en servicios de guest experience 360º. Imagina qué podemos hacer por tí, por tu empresa, por tu familia, y lo haremos con nuestro concierge premium, nuestra creadora de experiencias, nuestros fotógrafos exclusivos, junto con un equipo de profesionales de alto nivel que disfrutan de la excelencia del trabajo bien hecho.  Desde grandes eventos internacionales hasta pequeñas experiencias personalizadas, cada proyecto refleja nuestra pasión por la exclusividad y el detalle. Conecta con un estilo de vida diseñado para ti. Con Bespoke23, lo exclusivo se vive, no se sueña.",Spain,0.861695,,,
CYRCA EXPERIENCES,208224.0,"Spain, Madrid, Madrid, 14 Antonio Maura, 28014",https://www.linkedin.com/company/cyrca,www.cyrca.es,"CYRCA es un club privado donde sus socios acceden a un mundo de experiencias únicas en un entorno de comunicaciones seguras. Los socios de CYRCA a través de su App corporativa acceden a un mundo exclusivo de sensaciones y emociones. Una vez le hayan apadrinado y entre a formar parte del Club recibirá el smartphone que haya elegido junto con la Sim CYRCA que garantiza la privacidad en sus comunicaciones y por tanto la no interceptación de sus llamadas telefónicas. Con sus claves de socio se descargará la App CYRCA para adentrarse en el mundo que creamos para usted.  Experiencias totalmente personalizadas y a medida de cada socio que hacen único a cada uno de ellos. Servicio Concierge disponible las 24 horas del día, contactos y eventos exclusivos para miembros del club, un mundo privilegiado accesible únicamente para los socios de CYRCA.  CYRCA  CREANDO TU MUNDO",Spain,0.208224,,,
Tailor Made Concierge,624672.0,"Spain, Andalusia, Marbella, 72 Avenida De Ricardo Soriano, 29601",https://www.linkedin.com/company/tailor-made-concierge,www.conciergetailormade.com,"Tailor Made Concierge is a luxury and lifestyle services company operating in Marbella, Sotogrande and Madrid. We specialize in delivering exclusive, fully personalized luxury services that guarantee unique experiences, seamless one-call problem solving, significant time savings, and 24/7 support for your daily needs. Thanks to our experience and extensive network of suppliers, our Concierge service department meets the highest standards of quality, offering exclusive villa rentals, private transfers during the stay, private chefs and catering services, massages, wellness & spa, bookings at the most exclusive restaurants, VIP tickets & private guides to wine cellars events, museums, etc, organization of private events & experiences, butlers, waiters, and housekeepers. Venturing beyond, our Corporate Events sector crafts unforgettable experiences tailored specifically for businesses seeking distinction and exclusivity. Every event is an intricately designed project, aimed at surpassing client expectations through a relentless pursuit of excellence, customization, and exceptional quality. We transform ordinary corporate gatherings into spectacular showcases of professional prowess and elegance. Travel with Tailor Made transcends ordinary journeys. Each trip is designed as a custom-tailored venture, where personalization and meticulous attention are the hallmarks. Our commitment to redefining what it means to travel in luxury sees every itinerary filled with unique and memorable experiences that resonate on a personal level. As a national leader in luxury lifestyle management, Tailor Made Concierge continuously sets new benchmarks in the industry. Our unmatched commitment and dedication are what set us apart fundamentally. Join us to discover how we can elevate your daily experiences into something truly spectacular.",Spain,0.624672,,,
AISILAN XXI S.L.,2560059.0,"Spain, Basque Country, Amorebieta, 8 Calle San Miguel, 48340",https://www.linkedin.com/company/aisilan,aisilan.com,"En Aisilan nos ocupamos del diseño, producción, implementación, seguimiento y evaluación de los servicios necesarios en instituciones y entidades culturales, así como en empresas privadas, bajo una gestión e interlocución únicas. Ofrecemos soluciones integrales que comprenden la gestión de personas, la planificación de actividades, los procesos, recursos y equipamientos necesarios, administración, gestión documental, etc. para garantizar el cumplimiento óptimo del objeto de cada contrato. La externalización de servicios, posibilita dirigir los esfuerzos internos de cada organización cliente a las actividades que le son propias, generando mayor valor. Nuestro propósito es desarrollar servicios a través de su integración en cualquier fase de la cadena de valor del sector cultural, social, educativo, turismo, etc. El equipo de gestión de cada servicio dispone de una “visión de conjunto” del mismo, lo que garantiza un resultado de calidad, así como una optimización de costes. De los servicios que ofrecemos se encuentran, entre otros, los siguientes:  Conceptualización y diseño de contenidos.  Asistencia técnica y labores de apoyo.  Producción técnica.  Servicios técnicos escénicos.  Gestión de servicios socio-culturales.  Mantenimiento de equipamientos culturales.  Conserjería y recepción.  Servicios de información y atención al público.  Taquilla y venta de entradas.  Carga y descarga.  Servicios de selección para interinidades.  Organización de actividades temáticas.  Eventos.",Spain,2.560059,,,
SHOW PALMA,416448.0,"Spain, Balearic Islands, Palma",https://www.linkedin.com/company/show-palma,www.showpalma.com,"Bienvenido a Show Palma, grupo empresarial multiservicios en Mallorca que te ofrece la posibilidad de una organización de eventos, servicios turísticos o de ocio absolutamente integral y altamente profesional gracias a la experiencia de más de 15 años en marketing y organización de su fundador. Show Palma te ofrece su amplio elenco de profesionales, artistas, vehículos y barcos para unificar en un sólo interlocutor todas tus necesidades en un servicio exclusivo en Mallorca. Bodas, eventos corporativos, eventos privados, concierge service, alquiler de limusinas, coches de lujo y barcos son los principales servicios de nuestro grupo a través de las marcas Show Palma, LimoMallorca y Show Palma Charter. Nuestro mayor éxito es lograr tu mayor satisfacción y un recuerdo inolvidable.",Spain,0.416448,,,
ONELUXE,208224.0,Spain,https://www.linkedin.com/company/oneibiza,oneibiza.com,"One Deluxe Group is a company dedicated to deliver concierge services, providing everything the customer might need to make his stay in Ibiza a unique experience.  Our success is based on exceeding all the expectations of our customers, by offering an honest, efficient and attentive complete service, to the minimal detail. The words ""no"" and ""impossible"" are not part of our vocabulary. Our staff personally takes care of any reservations and management services.",Spain,0.208224,,,
Unium Servicios Auxiliares,35606304.0,"Spain, Madrid, Madrid",https://www.linkedin.com/company/unium-servicios-auxiliares,www.unium.es,"Unium lleva desde 2.013 especializándose en la externalización de servicios generales a empresas. Siendo pioneros en la implantación de sistemas de control de masas, garantizando el buen desarrollo de eventos culturales, deportivos, musicales, espectáculos en general, etc... Nuestra cultura se basa en el compromiso humano, con la creación de un entorno de trabajo adecuado y profesional. La selección de cada puesto está formada por un equipo experto, que adecua las competencias individuales a los diferentes cargos, para así garantizar un mejor rendimiento de todo nuestro personal. Servicios que ofrecemos: - Control de Acceso. - Control de Aforo. - Gestión de Colas. - Guías en salas de exposiciones y museos. - Taquilleros. - Acomodadores. - Atención al cliente. - Conserjería. - Acomodación. - Recepcionistas. - Celaduría en obras. - Controladores y cajeros de parking. - Axuliares para grandes eventos y espectáculos deportivos y musicales.",Spain,35.606304,,,
TOMAS GOMEZ EVENTS S.L.U,474166.0,"Spain, Madrid, Madrid",https://www.linkedin.com/company/tomas-gomez-events-s-l-u,www.tomasgomezevents.com,"Nos dedicamos a planificar planes de lujo en algunas de las mejores ciudades del mundo (Madrid, Barcelona, Marbella, Ibiza, Valencia, Sevilla, Londres, Milán, Mykonos, Cannes y Dubai). PR & Concierge : - Gestión de reservas con atención personalizada en discotecas, beachclubs, restaurantes y festivales. - Alquileres profesionales de coches de alta gama, VAN, barcos y villas. - Servicios de chofer, seguridad privada, etc. - Organización y seguimiento de fiestas de empresa, graduaciones, fiestas universitarias, despedidas de solter@, cumpleaños y fiestas privadas.",Spain,0.474166,,,
The Treasures Barcelona,832896.0,"Spain, Catalonia, Barcelona, 33 Carrer De Bailen, 08013",https://www.linkedin.com/company/the-treasures-barcelona,thetreasures.es,"The Treasures Barcelona Boutique Travel Agency, organizing events & luxury travel & concierge services. Delivering unique experiences through our specialist, exclusive & creative knowledge, for individuals & companies.",Spain,0.832896,,,
Concierge Services Marbella - Prêt À Porter,474166.0,"Spain, Andalusia, Marbella",https://www.linkedin.com/company/prêt-à-porter-concierge-services,www.pretaporter-events.com,"Empresa dedicada a CONCIERGE SERVICES, LIFESTYLE MANAGEMENT, EVENTOS en MARBELLA y sus alrededores. Damos también ASESORAMIENTO INMOBILIARIO a nuestros clientes. Todos nuestros servicios son personalizados. ""El único límite a nuestros servicios es su propio sueño""",Spain,0.474166,,,
Bdestination.com,208224.0,"Spain, Catalonia, Barcelona, 32 Carrer Tusset, 08006",https://www.linkedin.com/company/bdestination-com,www.bdestination.com,"Bdestination is a Tailor Made incoming travel company based in Barcelona that creates luxury itineraries to exceed the expectations of the most seasoned travellers.  Providing: -Concierge Services; We provide one-call problem solving, time saving, organisational and life management services. From the simple to the extraordinary, as long as the request is legal, ethical, and well-intentioned, we will make it happen, either by performing the service directly, or quickly and efficiently sourcing the best resource for the job. -Corporate Services ; Planning and overseeing every little detail of corporate trips,  from transfers to translators, secretaries, restaurants or hotels. -M.I.C.E. Offering specialist MICE services that create a lasting impression for every meeting, incentive, conference or other event. We’ll apply our experience and creative thinking to help your business host an amazing forum that achieves your desired outcomes. Through our exceptional relationships with airlines, hotels, transport companies and regional authorities, we can provide logistics, travel and entertainment at leading rates. -Tailor Made experiences; We curate experiences to help you make travel memories that will stay with you for a lifetime. Complete customisation, anywhere in Eurpoe and the middle east; is our expertise. We believe in building every vacation plan keeping the guests’ personal interests and likings as the core. No two experiences are ever the same as they are tailor made and underscored with a signature of  luxury.",Spain,0.208224,,,
DRAW BRIDGE CS,208224.0,"Spain, Madrid, Madrid, 141 Paseo De La Castellana, 28046",https://www.linkedin.com/company/draw-bridge-cs,,"Draw Bridge CS brings years of experience in concierge and premium events to deliver the best wishes imaginable to our customers. From Ferrari 1968 engines, blessings from the biggest celebrities in the world, unique EOL technology systems to a house full of roses for valentines.  We are continuously innovating our concierge services, and always searching for the best and newest technology. We enthusiastically strive to deliver the best possible experience and to achieve our client's audacious goals. At Draw Bridge CS, we operate within a widely connected network ranging through a broad spectrum of industries. We provide the highest quality events, places, locations and goods, bringing the best to our customers. Our commitment is to one profession only: service.  This has been our mission and passion since the establishment of the Draw Bridge CS company. Our clients live full and busy lives and our team brings the highest level personalized service for each and every customer.",Spain,0.208224,,,
BelleDay Events,416448.0,"Spain, Catalonia, Barcelona, 61 Passeig De Gràcia",https://www.linkedin.com/company/belle-day-eventos,www.belleday.com,"Corporate and Social events planning: Comprehensive Management · Design and Settings · Coordination during the day Venue and vendors research, budget negotiations, communications, arrangements, design, manage all logistics, coordination during the day of the event, feedback and analysis of results.  Concierge Service and hospitality management: Accommodation · Transportation · Activities · Gastronomy & Nightlife · Everydaylife solutions Belle Day is Barcelona's leading luxury concierge service and lifestyle management company. Whether it's for business or pleasure, let our Concierge Department take care of you. We offer a highly personalized service with your own concierge and providing what we know is best and unique around the country. Belle Day provides luxury travel and lifestyle services, including exclusive events and hospitality management.",Spain,0.416448,,,
AURUM EXPERIENCE,208224.0,"Spain, Madrid, Madrid, 28005",https://www.linkedin.com/company/aurum-experience,www.aurumexperience.com,"Aurum Experience is Private Transportation &  Lifestyle Management & Bespoke Concierge Services Company providing services in Madrid, Barcelona, Ibiza & Marbella. We specialize in providing personalized services to individual and corporate clients  and have over a decade of experience in the management of corporate and business events, VIP transport and private chauffeur services, personal assistant services, and organizing tailored experiences.",Spain,0.208224,,,
ACUAMAR LIMPIEZAS S.L.,205488.0,"Spain, Valencia, Alicante, 50 Sor Josefa Alcorta, 03204",https://www.linkedin.com/company/acuamar-limpiezas-s-l-,www.acuamar.es,Empresa de servicios:                                                - Limpieza industrial y particular.                                                - Mantenimiento de jardines.                                                 - Cristalizado de suelos.                                                - Mantenimiento de piscinas.                                                - Conserjería.                                                - Control de plagas.                                                - Tratamiento con ozono.,Spain,0.205488,,,
GRUPO SERVICUM,600078.0,"Spain, Andalusia, Sevilla",https://www.linkedin.com/company/grupo-servicum,www.gruposervicum.es,"Servicios Profesionales de Limpieza. Le ofrecemos una amplia gama de servicios de limpieza a empresas. Nuestro objetivo es proporcilonarle CALIDAD y BIENESTAR.  Servicios de Mantenimiento Nuestro compromiso con la calidad,profesionalidad y seguridad, lo aplicacmos a cada uno de nuestros servicios de mantenimiento. Ahora podrás contar con nuestro servicio de mantenimiento, se trata de una solución personalizada según lo requiere cada cliente. Entre nuestros servicios de mantenimiento se incluyen: Controladores de acceso, Servicios de conserjería, Mantenimiento preventivo y correctivo, Mantenimiento de piscinas, Servicios de socorrismo, Servicios de asesoramiento. Vigilancia Tu tranquilidad es nuestro compromiso. Ofrecemos un servicio profesional de seguridad privada. Establecemos sistemas de protección y vigilancia para establecimientos, viviendas o bienes. Entre nuestros servicios se encuentran los siguientes: Sistemas de videovigilancia, Control remoto de las instalaciones, Patrullas organizadas de vigilancia, Alarmas de seguridad, Equipos de seguridad, Revisión sistemas de protección, Agentes de seguridad.",Spain,0.600078,,,
Greenthia Servicios Integrales,4591899.0,"Spain, Andalusia, Estepona",https://www.linkedin.com/company/greenthia-servicios-integrales,greenthia.com,"Greenthia nace con la vocación de cubrir todas las necesidades técnicas y paisajísticas de su jardín. Una prolongación del hogar con todos los requisitos para disfrutar de lo mejor que nos da la Naturaleza en cualquiera de sus ámbitos. Greenthia ha nacido con el firme propósito de cubrir las necesidades que puedan surgirle a sus clientes en su finca, es por ello que ofrecemos servicios de limpieza dirigidos y realizados por profesionales en el sector con los últimos avances técnicos en cuanto a productos se refiere, así como servicios de conserjería y mantenedores, seleccionados todos por nuestro personal de recursos humanos.",Spain,4.591899,,,
Cristian Servicios,6122532.0,"Spain, Valencia, Elche, 34 C/ Mariano Soler Olmos, 03203",https://www.linkedin.com/company/cristian-servicios,www.cristianservicios.es,"Empresa de servicios de Limpieza, Limpieza industrial Alimentaria, Control de Plagas, Servicios Auxiliares, Gestión de Parking y Conserjería. Nuestra filosofía se basa en la atención personalizada a cada uno de nuestros clientes. Nuestro objetivo principal es satisfacer las necesidades de nuestros clientes y ofrecerles el mejor servicio de calidad. Nuestros servicios están sometidos a procesos de calidad bajo la certificación ISO 9001. En Cristian Servicio Integral contamos con un amplio equipo de profesionales, formado para cada una de sus áreas, y con una gran infraestructura desplegada por toda la provincia de Alicante, Murcia, Valencia y Albacete. En Cristian Servicio Integral estamos concienciados con el reciclaje de conocimientos y la formación continua, apostando por el mayor activo que poseemos, que son nuestros equipos de profesionales. Gracias a los más de 20 años de experiencia contamos con un gran número de clientes para los que, día a día, trabajamos con la firme intención de mejorar la prestación de nuestros servicios y adaptarnos, siempre a ellos.",Spain,6.122532,,,
Mantenimientos Vangar,1020422.0,"Spain, Madrid, Alcobendas, 10 3d Segura, 28108",https://www.linkedin.com/company/mantenimientos-vangar,www.mantenimientosvangar.com,"Los profesionales de MANTENIMIENTOS VANGAR, S. L., nos dedicamos a servicios integrales de limpieza, conserjería, mantenimiento y jardinería. Nuestros clientes son parques empresariales, oficinas y despachos, comunidades de vecinos, locales, urbanizaciones, etc. Poseemos la maquinaria adecuada y el material preciso para la realización óptima de cada trabajo, siempre hecho con la más alta calidad y la atención necesaria en todos los detalles para que nuestros clientes queden plenamente satisfechos de los servicios realizados, ya sean periódicos o puntuales. En materia de productos de limpieza y jardinería siempre intentamos utilizar en la medida de lo posible productos ecológicos y de calidad en todos nuestros trabajos, cuidamos cada uno de los detalles en la prestación de los servicios, factores como son la seriedad, la puntualidad y la garantía de saber que somos una empresa que ""responde"" son cosas que nuestros clientes buscan a la hora de contratar una empresa de servicios.",Spain,1.020422,,,
BIZNAGARDEN Jardinería En Málaga. Mantenimiento De Jardines Y Comunidades.,240762.0,"Spain, Andalusia, Málaga, 3 Avda.dolores Rodriguez Aragón, 29010",https://www.linkedin.com/company/biznagarden-jardinería,www.biznagarden.com,"Biznagarden empresa de jardinería en Málaga, que te ofrece una amplia variedad de servicios de jardinería y mantenimientos de jardines adaptados a sus necesidades. Profesionales expertos en jardinería y los mejores especialistas para el mantenimiento de comunidades de vecinos y jardines en Málaga capital y Costa del Sol. Ofrecemos los siguientes servicios: * Mantenimiento de jardines (conservación del césped, reposición de plantas, podas de arboles y palmeras, fertilización, control de plagas, tratamientos,...). * Mantenimiento de comunidades de vecinos (Conservación y limpieza de piscinas, conserjería, mantenimiento en general, limpieza de zonas comunes,...). * Diseños y construcción de jardines. * Instalación y proyectos de riegos. * Asesoramiento técnico. * Mantenimiento e instalación de césped artificial. Realizamos labores de mejora donde se encontraban otras empresas, consiguiendo en poco tiempo resultados sorprendentes Estamos especializados en los trabajos de mantenimiento integral de comunidades de vecinos, urbanizaciones, hoteles, empresas, jardines privados y públicos,... La calidad, claridad, eficacia, profesionalidad y sinceridad son las máximas de nuestros jardineros. Nuestros clientes principalmente son de la provincia de Málaga, en especial en la capital y Costa del Sol (Torremolinos, Benalmádena, Mijas, Marbella,...). Nos encantaría que contactara con nosotros para que le realicemos un presupuesto tanto si ya tiene servicio de mantenimiento de jardines en Málaga como si está buscándolo. Más información en: [www.biznagarden.com]",Spain,0.240762,,,
Ambar Remasur,11417628.0,"Spain, Andalusia, Málaga, 48 C/benadalid, 29006",https://www.linkedin.com/company/ambarremasur,www.ambarplus.com,"Ambar Remasur pertenece al grupo empresarial Ambar que ayuda y asesora a las empresas a reducir su impacto medioambiental en la zona de Andalucía Oriental. En Ambar estamos especializados en servicios de gestión integral de residuos industriales peligrosos y no peligrosos. Disponemos de una flota de vehículos compuesta por vehículos cisternas y vehículos caja, camiones gancho ,y furgonetas para los residuos líquidos y los residuos sólido; para traslados largos y para calles estrechas.  Como empresa dedicada al sector de residuos, poseemos autorización expedida por la Conserjería de Medioambiente de la Junta de Andalucía, la cual nos designo con el número de gestor autorizado AN-0036.",Spain,11.417628,,,
VIP IBIZA VIP Lifestyle Management And Concierge Services Since 1997,3804368.0,"Spain, Balearic Islands, Sant Antoni De Portmany, 07820",https://www.linkedin.com/company/vip-ibiza-vip-luxury-lifestyle-management-and-concierge,www.vipibizavip.com,"VIP IBIZA VIP Luxury Lifestyle Management and Concierge Services (★★★★★) © Since 1997 VIP IBIZA VIP consists of a select group of professionals that aims to make your stay unforgettable in IBIZA and also in BRAZIL (Rio de Janeiro, Buzios,Salvador de Bahia and Fortaleza) within selected environments, with maximum safety and comfort. OUR CUSTOMERS  ★ Billionaires, business leaders, boards of directors and executive boards of the world's largest corporations.  ★ Celebrities, Movie Stars, Music Stars, Sport Stars and top models.  ★ Members of Royal Families and international political leaders.",Spain,3.804368,,,
Yes We Do,8084282.0,"Spain, Catalonia, Barcelona",https://www.linkedin.com/company/yeswedocool,www.yeswedo.cool,"Yes We Do was born out of the friendship amongst three women who have extensive experience in event planning, strategy and marketing. We are constantly looking for places created with love, dedication and attention to detail, and Barcelona is full of them.  EVENT ORGANIZATION, WEDDING, CORPORATE EVENTS, INFLUENCERS, MARKETING We organize all kinds of events, from intimate celebrations to large corporate meetings. We love each one equally and can accomodate to any specific budget. VIP CONCIERGE, TRANSFER, HOTEL BOOKING, CLUB AND RESTAURANT RESERVATIONS Straight from your arrival in town directly at one of the city's most exclusive restaurants and clubs VIP tables. CONCEPT CREATION, MENU DESIGN, EVENT COORDINATION Everything from creating the concept, interior design, menu, advertising and marketing strategies for your club or restaurant. Yes We Do Public Relations Today's influencers have a big impact on bringing notoriety and buzz to your event. We have a huge database of bloggers and lifestyle journalists that will engage audiences with relevant branded content.",Spain,8.084282,,,
Alterschool,3778543.0,"Spain, Madrid, Madrid",https://www.linkedin.com/school/wearealterschool,alterschool.travel,"Hemos encontrado la fórmula para que cualquier persona interesada en emprender con alquileres vacacionales pueda aprender de los mejores, con un método práctico, entretenido y probado. Aprende haciendo y viendo hacer a los fundadores y directivos de las mejores empresas del sector (Melía, Booking, airbnb, Hilton...), sin comprometer tu tiempo (15 min al día) ni tu bolsillo. - 100% Online. Hazlo cuando y donde quieras - Aprenderás desde el minuto 1, de forma sencilla y a tu ritmo - Bonificación 100% con Fundae",Spain,3.778543,,,
Tattoo Stylist,1559013.0,"Spain, Valencia, Valencia",https://www.linkedin.com/company/tattoo-stylist,tattoostylist.com,"Tattoo Stylist is an online custom tattoo design business, created with love as a premium concierge tattoo service for all the amazing humans that want to express themselves in a unique way.",Spain,1.559013,,,
GRUPO EMPRESARIAL TEI,765468.0,"Spain, Madrid, Paracuellos De Jarama, Nº 18 Camino De Camposanto, 28860",https://www.linkedin.com/company/grupo-empresarial-tei,www.teisl.com,"Grupo de empresarial con las siguientes Divisiones. DIVISION DE MANTENIMIENTO, Limpieza, conserjería, reparaciones de instalaciones, mantenimiento integral de edificios , jardineria, facilities en edificios de oficinas y singulares. DIVISION DE PAVIMENTOS. Distribuidora e instaladora de pavimentos y revestimientos ligeros, moqueta, tarima, pavimento pvc, caucho, linoleo, pavimentos deportivos. DIVISION DE OBRAS Y CONSTRUCCION, Obras de construccion de todo tipo, reformas, construcion y reformas de naves industriales, rehabilitacion en general. DIVISION DE CARPINTERIA, trabajos de carpinteria de todo tipo con fabricacion propia a medida. DIVISION DE REPARACIONES, reparaciones de averias, siniestros de seguros y servicios de asistencia a empresas y comunidades de propietarios. DIVISION DE VENTA DE PRODUCTOS QUIMICOS: Limpieza, Tartamiento de suelos, Higiene, Construcción, Automoción, Lavandería, Agroalimentación, Celulosa, Industria...",Spain,0.765468,,,
Todo En One,3606283.0,"Spain, Andalusia, Málaga, 13 Paseo Cerrado De Calderon, 29018",https://www.linkedin.com/company/todoenonegs,www.todoenone.com,"Planning a dream vacation can actually be loads of fun! Especially with Todo En One. As indicated in our name, we are a Spanish based company that speaks the global language of the world. Todo En One gives our clients everything they ever dreamed of in a vacation in one simple convenient revolutionary spot: Todo En One. In order to do this, we have solicited the expertise of the world’s greatest seven star hospitality masters, three Michelin star restaurants, award-winning airlines and world-renowned butlers and concierge to come up with the concept of Todo En One. Therefore, whether our client is looking for a dinner date aboard of a private jet to Paris or wanting a hideaway on a deserted island NO request would be too extravagant for us. We also have a team of dedicated real estate experts willing to anticipate our clients’ needs and checking all the boxes of their imagination by securing them the perfect property. With Todo En One, the trip of a lifetime is always just a click or a phone call away!",Spain,3.606283,,,
Louis Concierge,1012384.0,"Spain, Andalusia, Marbella",https://www.linkedin.com/company/louis-concierge,louisconcierge.com,"Introducing Louis Concierge, a new luxury lifestyle concierge service launching in Marbella soon. Louis is an expert. A knowledgeable local and fixer. A character familiar with the local owners, doormen, hotel concierge, sommeliers, chefs and maître’d, drivers, skippers, florists, party planners, DJs and boutique owners.",Spain,1.012384,,,
Olisan Limpieza,5462450.0,"Spain, Andalusia, Granada, Calle De José, 18006",https://www.linkedin.com/company/olisan-limpieza,www.olisanlimpieza.com,"Servicios de limpieza, mantenimiento y conserjería, en Olisan ponemos a tu servicio todo lo necesario para el mantenimiento y limpieza de tu recinto, oficina, comunidad, restaurante, fábrica, alojamiento ... con más de 25 años en el sector.",Spain,5.46245,,,
TailorMade Property Management Mallorca,780350.0,"Spain, Balearic Islands, Calvià",https://www.linkedin.com/company/tailormade-property-management-mallorca,www.tailormade2u.com,"Tailormade Property Management services currently maintain over 100 million euros worth of properties in Mallorca. Services include Gardening and Landscaping, Pool Cleaning and Maintenance, Concierge, Admin and total Property care. We can supply quality tradesmen for all necessities., from plumbing to electrical, computer repairs to satellite setup.",Spain,0.78035,,,
Kakdoma Barcelona,4213881.0,"Spain, Catalonia, Barcelona, 384 Gran Via De Les Corts Catalanes, 08015",https://www.linkedin.com/company/kakdoma-bcn,www.kakdomabcn.com,"“KakDoma Barcelona” offers professional concierge and personal assistant services. We create more time for you and relieve you from the stress: we plan your holidays, organise the whole relocation to Barcelona process, manage your property and your daily life in Barcelona.",Spain,4.213881,,,
BerPra Servicios De Limpieza,12357501.0,"Spain, Madrid, Madrid",https://www.linkedin.com/company/berpra-servicios-de-limpieza,berpra.es,"Bienvenidos a servicios y limpiezas BerPra. Nuestro principal objetivo es ofrecer soluciones rápidas y adecuadas a las necesidades de nuestros clientes y siempre garantizando la máxima calidad de los servicios. BerPra engloba toda una plataforma de multiservicios donde nuestros clientes encontrarán todo lo que necesiten para sus comunidades (limpiezas de espacios interiores y exteriores –como grandes superficies o garajes-, conserjería, jardinería, desatrancos, pintura, cerrajería, electricidad, fontanería, mantenimiento, desinfección y desratización). BerPra se adapta a las necesidades de cada cliente para conseguir una calidad y satisfacción óptimas. Así lo avalan nuestros 16 años de experiencia, naciendo en Madrid en 1998 para, seis años después, expandirnos en Ponferrada (León). Pídanos presupuesto totalmente sin compromiso. Gracias por visitar nuestra web y bienvenidos.",Spain,12.357501,,,
Novacivitas Facility Services,1715422.0,"Spain, Madrid, Madrid",https://www.linkedin.com/company/novacivitas,www.novacivitas.es,"Novacivitas Multiservicios, empresa con 5 años en el sector servicios donde nos avalan más de 100 clientes satisfechos. Ofrecemos una completa red de servicios profesionales, especializándonos en asistencia en LIMPIEZA, CONSERJERIA, PISCINAS Y SERVICIOS AUXILIARES. • Limpieza, donde contamos con productos de alta calidad y la maquinaria más adecuada a cada servicio como fregadoras-aspiradoras y rotativas, ejecutando limpiezas básicas y también Servicios Especiales, tales como, limpiezas fin de obra, garajes, cristales, pulido, abrillantado de suelos… .Conserjería, personal debidamente uniformado que de forma puntual y eficaz cumplen con las funciones propias de Conserjería tradicional, Conserjería de Garajes, Suplencias para conserjes habituales, adaptando los horarios a las necesidades del cliente. • Mantenimiento de piscinas, Mantenimiento y conservación integral de instalaciones acuáticas. Nuestra empresa ofrece un servicio de sostenimiento del agua de sus piscinas, tanto en verano como en invierno, así como todas las tareas necesarias para que su piscina este en perfectas condiciones de operatibilidad. Atendiendo las necesidades de aquellas comunidades de propietarios, edificios de oficinas y particulares que  buscan que se cumpla minuciosamente con el trabajo encargado, descargando a nuestros clientes de las preocupaciones propias de estos servicios.",Spain,1.715422,,,
Grupo DYH Multiservicios,1950875.0,"Spain, Madrid, San Martín De La Vega, 9 C/acero, 28330",https://www.linkedin.com/company/grupo-dyh-multiservicios,www.dyhmultiservicios.com,"Somos un grupo de empresas y emprendedores, especialistas en brindar apoyo integral a sus clientes en todos nuestros servicios. DYH comienza hace unos años con la idea de ofrecer servicios de calidad para pequeños clientes y grandes empresas. Agrupamos diferentes tipos de profesionales para cada especialidad y tenemos nuestras puertas abiertas para todos los que nos necesiten, incluso para ofrecer una carrera profesional. -Traslados, Mudanzas, Obras y Reformas, Trabajos de Carpintería, Alquiler de Vehículos, Conserjería, Reparación y venta de ordenadores, Guardamuebles y mucho más-. ¡Contacta con nosotros! WEB OFICIAL: http://www.dyhmultiservicios.com/ EMAIL: info@dyhmultiservicios.com",Spain,1.950875,,,
SANFER Mantenimientos,305083.0,"Spain, Madrid, Madrid, 1 Pío Baroja, 28660",https://www.linkedin.com/company/sanfer-mantenimientos,www.sanfer-mantenimientos.es,"SANFER Mantenimientos nace con clara vocación de servicio. Ofrecemos una amplia gama de servicios desde la limpieza de oficinas en empresas hasta los servicios de Conserjería, Mantenimiento y Gestión de Piscinas para Comunidades de Vecinos y Particulares. La eficacia y eficiencia de nuestras actividades permite una disminución de costes en nuestros clientes. Ofrecemos flexibilidad y adaptación a través de planes individualizados a precios competitivos. Utilizamos sistemas de maquinaria industrial con productos de alta cualidad. El compromiso, la responsabilidad y calidad  de nuestro servicio junto con la alta cualificación de nuestro equipo, nuestro principal aval.",Spain,0.305083,,,
Fauna Drink Wine,806700.0,"Spain, Balearic Islands, Ibiza",https://www.linkedin.com/company/faunadrinkswine,drinkhomeibiza.com,"We've a Membership concierge for #ibiza lovers where you enjoy luxury and lifetime benefits. By @robizawine & @drinkhomeibiza.  Take advantage of our +10 years experience in the island.  Luxury Concierge service: Everything you need for your stay. Villa rentals, yachts, private jets, catering, chef, treatments, personal trainers, yoga classes, VIP access in clubs, restaurant reservations, and anything else you may need booking.  and much more services and surprises! Visit our website to find out.",Spain,0.8067,,,
MY CONCIERGE MARBELLA,1170525.0,"Spain, Andalusia, Marbella, Urbanizacion La Alzambra S/n, 29600",https://www.linkedin.com/company/my-concierge-marbella,www.myconciergemarbella.com,"MCM - My Concierge Marbella is Marbella’s first lifestyle concierge service that allows you to enjoy all the benefits of having a personal assistant without the compromise of a full-time employee. We are proud to serve clients and offers a wide variety of personal concierge and corporate services in Marbella: - Concierge Service - Property Management Service - Real Estate - Setting up your Business MCM - My Concierge Marbella has a wealth of experience with concierge & lifestyle management services in Marbella. We maintain numerous relationships with Costa del Sol based solution providers and regularly handle concierge services and requests in Marbella and surrounding towns. We provide a dedicated personal attention from the start of your program until its conclusion, developing close relationships with our clients and working within a budget to custom design a plan perfectly tailored to your needs MCM - My Concierge Marbella is able to recommend you the best places on the Costa del Sol and give you the opportunity to live a extraordinary and unique experience, always bearing in mind exactly what you are looking for.  Our spec",Spain,1.170525,,,
Ideal Servicios,4682100.0,"Spain, Madrid, Coslada, 7 Plaza De Los Comuneros, 28821",https://www.linkedin.com/company/ideal-servicios,www.idealservicios.com,"Ideal Servicios somos una empresa de servicios de mantenimiento integral para el ámbito laboral y comunitario, cubriendo tanto limpiezas de oficinas, así como de comunidades y complejos. www.idealservicios.com Estamos especializados en los siguientes sectores, limpieza, control de plagas, mantenimiento de piscinas, placas solares y jardines. Contamos además con otros servicios bien destacados, como la vigilancia y la conserjería, así como multiservicios los cuales están orientados a las reformas.",Spain,4.6821,,,
Grupo Aba,3587159.0,"Spain, Madrid, Madrid, 15 Calle De Alar Del Rey, 28042",https://www.linkedin.com/company/grupoaba,grupoaba.es,"Grupo Aba, es un grupo de empresas formado por 5 empresas. 1-Delta Servicios de Control y Mantenimiento S.L.  Empresa de Conserjería y Controladores y mantenimiento de Comunidades y oficinas. 2-Limex S.L.  Empresa de Limpieza y mantenimiento de interiores. 3- Abapool mantenimiento de Piscinas.  Empresa de limpieza, mantenimiento de piscinas y socorristas. 4-Smart City S.L.  Inmobiliaria es pecializada en la gestión integral de alquileres. 5-Aba Espacios Deportivos. Empresa especializada en la gestión de centros deportivos, desde gimnasios a clubes de pádel",Spain,3.587159,,,
Quilter Projects Solutions,390175.0,"Spain, Catalonia, Barcelona, 6-8 Avenida De La Catedral, 08002",https://www.linkedin.com/company/quilter-life-solutions,www.quilter.es,"YOUR TIME. FOR YOU. Hoy es muy fácil que el tiempo se pierda entre todas las cosas que tenemos que hacer cada día. Es hora de recuperarlo! Quilter es una empresa de Personal Concierge & Lifestyle Management de Barcelona que te hace la vida más sencilla y gratificante. Nuestro servicio es discreto y personalizado y se hace cargo de aquellas tareas que te distraen de tu trabajo, tu familia o cualquier cosa que sea importante de verdad. Quilter pone a tu disposición la ayuda necesaria para devolverte el control sobre tu tiempo y tu vida. Nowadays it is easy to lose time among all the things we have to solve during our day. It is time to take it back! Quilter is a Personal Concierge & Lifestyle Management firm settled in Barcelona that makes your life easier and more pleasant. Our personalized and discreet service takes over tasks that distracts you from your work, your family or from anything that is really important to you. Quilter provides you the necessary help to get back the control over your time and life.",Spain,0.390175,,,
Vip Ibiza Solutions,1144631.0,"Spain, Balearic Islands, Ibiza",https://www.linkedin.com/company/vip-ibiza-solutions,www.vipibizasolutions.com,We are a VIP service company that covers a wide range of concierge services to make your stay in IBIZA a memorable one.,Spain,1.144631,,,
SERVICIOS INTEGRALES MADRILEÑOS S.A.,3121400.0,"Spain, Madrid, Madrid, 10 C/ Chile, 28290",https://www.linkedin.com/company/simsa-servicios,www.simsaservicios.com,"-  Fundada en 1.990, somos una empresa de servicios auxiliares de conserjería, limpieza, mantenimiento y jardinería. Nuestros conserjes son multifuncionales (en turnos de 8,12 y 24 horas). - Nuestras tarifas son las más económicas del mercado, y consideramos máxima prioridad la calidad y profesionalidad del servicio, la cercanía con el cliente y formación de nuestros trabajadores. - Estamos presentes en toda la Comunidad de Madrid, y trabajamos en cualquier tipo de instalación: 1. Comunidades de vecinos y urbanizaciones 2. Edificios de oficinas 3. Empresas 4. Centros comerciales 5. Polígonos industriales 6. Eventos 7. Otros - 28 años de experiencia y referencias de nuestros clientes nos avalan",Spain,3.1214,,,
Limpieza Y Jardinería Prieto S.L.,1803141.0,"Spain, Madrid, Madrid",https://www.linkedin.com/company/limpieza-y-jardinería-prieto-s-l,www.limpiezayjardineriaprieto.com,"Limpieza y jardinería Prieto es una empresa familiar 100% de capital español, con más de 20 años en el mercado. Dedicada desde su origen a dar servicios a comunidades: mantenimiento de jardines, trabajos de limpieza, trabajo de limpieza de mantenimiento y servicio de conserjería. Nuestra especialidad nos sitúa entre las mejores empresas de jardinería en Madrid. La casi totalidad de nuestros clientes lo son desde nuestros comienzos. Nuestra experiencia hasta el día de hoy ha hecho posible que podamos ofrecer servicios de valor añadido dentro de nuestro sector, como el servicio de conserjería, vigilancia, y en general, todos aquellos que en mayor o menor medida son demandados por nuestros clientes. Nuestras prestaciones, basadas en el continuo trato personalizado con el cliente, garantizan unos resultados excelentes totalmente satisfactorios. No lo dude, si desea contratar alguno de nuestros servicios, póngase en contacto con nosotros sin ningún compromiso. Puede comprobar la eficacia y la calidad que nos ha distinguido durante más de 20 años como empresa consolidada y orientada 100% al servicio y calidad al cliente.",Spain,1.803141,,,
High-End Barcelona,390175.0,Spain,https://www.linkedin.com/company/high-end-barcelona,highendbarcelona.com,"High-End Barcelona provides exclusive and luxurious concierge and personal assistant services.  Our clients ‘are people of simple tastes, satisfied with the best’.  With our network of contacts throughout the city and surrounding cities we can provide an array of unique services that will ensure a one-of-a-kind experience.   Our philosophy goes beyond comfort; we can personally manage all aspects of your stay, allowing you the ease and confidence of experiencing the city as if you were a local.  What differentiates us from other concierge services is the authenticity of the experiences we offer, our customized solutions to meet our client’s needs, and our complete discretion in our commands.  High-End will work tirelessly to make your stay in Barcelona worth to repeat, with our focused and immediate solutions in anticipation of our clients’ needs, we will be there anywhere and anytime, saving you time and finding exactly what you are looking for",Spain,0.390175,,,
Diverse Levante,390175.0,"Spain, Valencia, Castelló De La Plana, 12001",https://www.linkedin.com/company/diverse-levante,www.diverselevante.com,"Como Centro Especial de Empleo, nuestro objetivo es conseguir la plena integración laboral de las personas con discapacidad. Del mismo modo, ayudamos a cumplir con la Ley General de Discapacidad a las empresas con más de 50 trabajadores, mediante diferentes servicios (limpieza, conserjería, jardinería...).",Spain,0.390175,,,
Consultoría IpYdo,504559.0,"Spain, Valencia, Alicante, 22 C/ Italia, 03003",https://www.linkedin.com/company/consultoria-ipydo,www.ipydo.es,"Consultoría ipYdo, tal y como sus iniciales indican, es una consultoría dedicada a la Ingeniería de Proyectos y a la Dirección de Obras. Proveemos soluciones a nuestros clientes en multitud de áreas así como la redacción de proyectos de alta calidad de diversas instalaciones tal y como se puede apreciar en el menú derecho. Estamos altamente especializados en instalaciones de climatización, eléctricas, comunicación, aerotermia, agua caliente sanitaria, ventilación, protección contra incendios etc  Tanto en reformas integrales de locales, despachos, pasándo por construcción de vivienda de alquiler vacacional e industrias hasta instalaciones públicas como los proyectos de alumbrado de Todo el Puerto de Palma de Mallorca.",Spain,0.504559,,,
SMSQUALITY SL.,6263480.0,"Spain, Madrid, Fuenlabrada, 28947",https://www.linkedin.com/company/smsquality-sl,qualitysms.es,OBRAS Rehabilitación Reformas Construcción Complementos de obras Pintura Impermeabilizaciones Cubiertas y tejados Fachadas INSTALACIONES Gas Sala de calderas Contraincendios Fontanería Saneamiento Tratamiento de aguas y de aire Climatización Calefacción Aereotermia Electricidad Iluminación Voz y datos MANTENIMIENTOS Integrales   Preventivos   Correctivos  Edificios Sala de calderas Placas solares Electricidad Climatización Saneamientos Fontanería Jardinería INSPECCIONES/ INFORMES TÉCNICOS  ITE (Inspecciones Técnicas de Edificios) Sistema de saneamiento y poceria Shunt y chimeneas Tejado y aislamiento Instalaciones Drones con cámara térmica SERVICIO DE LIMPIEZA Y DESINFECCIÓN  Covid 19 Instalación de desinfección automática Comunidades Edificios Empresas Hoteles Centros comerciales Hostelería Obras Jardines Domestica CONTROL DE ACCESOS Vigilancia Conserjería Instalaciones AVISOS Averías Urgencias Fuga de gas Inundaciones,Spain,6.26348,,,
XEDICON.ES,7451337.0,"Spain, Madrid, Navalcarnero, 12 Calle Cebada, 28600",https://www.linkedin.com/company/xedicon-es,www.xedicon.es,"Somos una empresa líder en nuestro sector, con más de 15 años de experiencia en la construcción y el mantenimiento de piscinas y jardines, así como en la prestación de servicios de limpieza, conserjería y vigilancia en comunidades de propietarios, instalaciones industriales, locales y oficinas. Nuestro objetivo es conseguir un alto grado de satisfacción de nuestros clientes, ofreciendo un servicio de calidad, empleando metodologías de trabajo bajo estrictos criterios de planificación, ejecución y organización.    La base de nuestro éxito es mantener todos y cada uno de nuestros clientes, buscando siempre alcanzar la excelencia en el trabajo y el compromiso a largo plazo.",Spain,7.451337,,,
GRUPO INNOVASET SERVINTEGRAL S.L.,1328582.0,"Spain, Madrid, Madrid, 1 Calle De Los Carboneros, 28048",https://www.linkedin.com/company/grupo-innovaset-servintegral-s-l,gruposet.es,"Nuestra empresa se dedica a la principalmente a la reforma de viviendas y locales, con servicio de mantenimiento personalizado a cada necesidad, tanto a comunidades de propietarios cómo a empresas y particulares, con un amplio abanico de soluciones adaptadas a cada caso.  Realizamos instalaciones de : - Electricidad - Fontanería  - Aire acondicionado y calefacción - Redes de voz y datos - Carpintería Metálica - Carpintería y ebanistería - Porteros automáticos, CCTV - Etc.  Servicios auxiliares: - Limpieza de edificios, oficinas - Limpiezas fin de obra - Servicio de conserjería. - Jardinería - Piscinas Mantenimiento: - Edificios (Comunidades) - Empresas - Piscinas Distribución de productos para: - Menaje para Hostelería y Restauración - Productos limpieza y desinfección industrial  - Productos limpieza y desinfección especial COVID -",Spain,1.328582,,,
CR Nogara,654248.0,"Spain, Aragon, Zaragoza, 22 C/ Lugo",https://www.linkedin.com/company/cr-nogara,www.crnogara.com,"Nogara instala, mantiene, corrige, adecúa o rehabilita en todo tipo de vivientas, locales, edificios... particulares o comunidades de propietarios, privados o públicos Nogara aporta todas las soluciones: iniciales (instala y construye), preventivas (mantiene), correctivas (repara y rehabilita), de servicios (en limpieza, jardinería, conserjería,...)",Spain,0.654248,,,
IGM Management,506313.0,"Spain, Canary Islands, Las Palmas De Gran Canaria, 35300",https://www.linkedin.com/company/igm-management,www.igmmanagement.com,"IGM Management has developed an enterprise resource planning software (ERP)  for outsourced service providers in large facilities (cleaning, security, concierge, gardening services, etc.). This must-have program combines all the tools for the daily activities of companies in these areas.",Spain,0.506313,,,
Check-in Scan,10522914.0,"Spain, Andalusia, Mijas, 28b Paseo Bulevar De La Cala, 29649",https://www.linkedin.com/company/check-in-scan,www.checkinscan.com,"Check-in Scan: La Solución Definitiva para la Gestión de Registros de Huéspedes ✅ Check-in Scan es la herramienta definitiva para la gestión de registros de huéspedes, diseñada para hoteles, hostales, campings, alojamientos rurales, caravanas, albergues y alquileres vacacionales que buscan cumplir con la normativa legal de forma rápida, segura y eficiente. Con Check-in Scan, podrás: 📲 Escanear pasaportes y DNI directamente desde tu móvil o tablet. 📝 Rellenar automáticamente los partes de viajeros en segundos. 📤 Enviar los datos de forma segura a las autoridades en España, Italia y Portugal, incluyendo compatibilidad total con SES HOSPEDAJES para el registro de huéspedes en España. Ofrecemos múltiples opciones de registro para adaptarnos a tus necesidades: 🔑 Check-in presencial mediante la app. 📱 Self check-in con códigos QR. 🌐 Web check-in y enlaces directos para mayor comodidad. ✍️ Firma digital de los partes de viajeros. 📊 Exportación de datos a Excel para una gestión más ágil. 🔗 Integración con PMS y cerraduras inteligentes para una experiencia 100% automatizada. Además, contamos con un soporte técnico multicanal (chat, email, teléfono y WhatsApp) en español, inglés, italiano y portugués, para que nunca estés solo en el proceso. Optimiza tu gestión con Check-in Scan, la solución más eficiente y legal para tu negocio. 🚀 🎯 Regístrate ahora y disfruta de una prueba gratuita de 14 días. ¡Empieza a ahorrar tiempo y evita sanciones!",Spain,10.522914,,,
Scavata,5926605.0,"Spain, Camburi, 960 Av. Ranulpho Barbosa Dos Santos, 29090120",https://www.linkedin.com/company/stonebuy,www.facebook.com,"A Scavata é uma empresa de pedras naturais e sintéticas de alto padrão, especializada em curadoria de pedras exclusivas e no desenvolvimento de projetos de marmoraria sob medida para a arquitetura de luxo. Nossa essência está em valorizar a riqueza das rochas brasileiras, oferecendo ao mercado soluções que unem sofisticação, durabilidade e autenticidade. Com um portfólio que vai de chapas de padrão exportação a peças de design em pedra e esculturas personalizadas, entregamos um serviço completo, no estilo concierge: cuidamos desde a escolha das pedras raras até a instalação final, garantindo um processo fluido e impecável. Nosso compromisso é transformar cada projeto em uma experiência única, oferecendo aos arquitetos, designers de interiores e clientes finais acesso a materiais nobres que elevam qualquer ambiente. Trabalhamos com transparência, atenção aos detalhes e um atendimento premium, características que fazem da Scavata referência em marmoraria de luxo em São Paulo. Mais do que fornecer pedras, entregamos exclusividade, sofisticação e a possibilidade de tornar qualquer ideia realidade, sempre com respeito ao meio ambiente, à diversidade e com foco em criar projetos atemporais que traduzem a essência do luxo.",Spain,5.926605,,,
Aloha Flats,510211.0,"Spain, Madrid, Madrid, 26 Calle Iriarte, 28028",https://www.linkedin.com/company/alohaflats,www.alohaflats.com,"Aloha Flats te ofrece la oportunidad de renovar tu propiedad y rentabilizar la inversión en un tiempo récord gracias al los beneficios generados por nuestra gestión integral en plataformas web de alquiler vacacional como Airbnb,  Booking o Homeaway. Nosotros nos encargamos de todo. Menos preocupaciones, mayores ingresos.",Spain,0.510211,,,
