Name,Revenue,HQ Location,LinkedIn URL,Website,Company description,Country,Revenue_M,Main Broker,Main Insurer,Hubspot
DAS GERICHT,2783111.0,"Germany, Hesse, Frankfurt Am Main, 15 Konrad-adenauer Straße, 60313",https://www.linkedin.com/company/das-gericht,www.dasgericht.com,"– EN – DAS GERICHT is an offspace established in April 2022, consisting of two showcases in the arcades of an 80s postmodern parking garage at Konrad-Adenauer-Strasse 15 in Frankfurt, Germany. In the direct vicinity of a dim sum restaurant, militaria store and bodybuilding store, monthly changing exhibitions of contemporary positions take place close to the city center. Particularly distinguished by the low-threshold character of the project space – available to viewers around the clock without an entrance ticket and opening hours. – DE – DAS GERICHT ist ein seit April 2022 existierender Offspace bestehend aus zwei Vitrinen in den Arkaden eines 80er-Jahre-postmodernen-Parkhauses in der Konrad-Adenauer-Strasse 15 in Frankfurt am Main. In direktem Umfeld zu einem Dim Sum Lokal, Militaria-Shop und Bodybuilding-Geschäft finden in Innenstadtnähe monatlich wechselnde Ausstellungen zeitgenössischer Positionen statt. Besonders ausgezeichnet durch den niederschwelligen Charakter des Projektraumes, der ohne Eintrittskarte, ohne Öffnungszeiten, ohne Schwellenangst rund um die Uhr den Betrachter:innen zur Verfügung steht.",Germany,2.783111,,,
Black Flamingo,951092.0,"Germany, Berlin, Berlin, 40-43 Herzbergstr., 10365",https://www.linkedin.com/company/black-flamingo-agency,blackflamingo.eu,"black flamingo is dedicated to the realization of commercial and non-commercial art ventures for artists, galleries and brands. Our goal is to couple artists with appropriate funds from sponsors, foundations or companies supporting the realization of projects across commercial and non-commercial ventures. Our office is located at Fahrbereitschaft where we showcase artists during Gallery Weekend and art berlin contemporary when the Haubrok foundation and art collection as well as the 30 artists residing in the compound open their spaces to the public. balck flamingo supported artists during the pandemic, we helped collecting 60.000,-€: On July 24, 2020, an enormous festival has taken place in Berlin where a stunning amount of artists, ensembles and culture makers working in all fields took part - by not showing up.  Over 1.800 tickets were sold for Berlin’s (non) festival of the year and nobody showed up! Our donations provided real support  to many artists and culture makers. Check out www.niemandkommt.de for more information. In November 2014 black flamingo launched the website berlin-artist.info, a rich platform dedicated to supply information for visual artists and art production in Berlin. To date our Newsletter has almost 2.000 subscribers.",Germany,0.951092,,,
Smart-TEC GmbH & Co. KG,5743532.0,"Germany, Bavaria, Oberhaching, 3 Kolpingring, 82041",https://www.linkedin.com/company/smart-tec-rfid,www.smart-tec.com,"We, the smart-TEC GmbH & Co. KG, are a company of the RATHGEBER Group in Oberhaching near Munich. Our goal is to make objects identifiable and connect them to the digital world. We develop and produce customized RFID/NFC solutions and have been supporting our customers on the path to Industry 4.0 and digitalization for more than 25 years.  In close cooperation with our certified system partners, we offer comprehensive project planning, support and implementation.    We make your world identifiable and connect it - precisely, digitally and sustainably.  Our Core Expertise: * Specializes in robust, durable and weather-resistant industrial tags and RFID/NFC labels - printed, blank and with a wide range of security features   * Materials, design, shape, printing, chip technology, chip programming, format and adhesive properties are specially tailored to the project requirements   * Comprehensive project support, from customized consulting, technical feasibility studies, project design, selection of suitable RFID hardware and software components to project implementation and support  Our products: * RFID/NFC labels  * RFID/NFC industrial tags  * RFID/NFC digital name plates  * RFID/NFC cards & tickets  * EX protection tags * Software solutions for DPP, digital twin and digital customer loyalty Imprint: https://www.smart-tec.com/en/legal-information The smart-TEC imprint shows responsibilities, the address, the disclaimer, the analytics disclaimer and data protection information.",Germany,5.743532,,,
Workationclub,2461692.0,"Germany, Hamburg, Hamburg",https://www.linkedin.com/company/workationclub,workationclub.com,"Bringe dein Unternehmen auf das nächste Level …indem du mehrere Tage in Masterminds und Workshops mit starken Online-Unternehmern zusammenarbeitest. Dabei erweiterst du dein Netzwerk in einer Umgebung, die sich anfühlt, wie Urlaub. Werde jetzt Club-Mitglied, um Einladungen zu unseren Workations zu erhalten. Mindestvoraussetzung: Du bist Vollzeit-Unternehmer. 10 Vorteile des Workationclubs in Kürze: 1. 100 % Unternehmer, die schon ein etabliertes Business haben. 2. Anfängerfreie Zone. 3. 30 angenehme Teilnehmer, die sorgfältig ausgewählt werden. 4. Steuerlich absetzbarer Urlaub. 5. Tiefere Gespräche als bei jeder Konferenz. 6. Workshops und Masterminds als Impulse – aber kein vollgepacktes Programm. 7. Freundschaftlicher Rahmen. 8. Kein Konkurrenzdenken. 9. Viele Branchen, ein Ziel: Online-Business. 10. Horizont und Netzwerk erweitern. Bist du bereit, dein Unternehmerleben für immer zu verändern? Dann werde Mitglied im Workation-Club. Die jährliche Mitgliedschaft im Club kostet dich monatlich nur 49,75 Euro. Als Mitglied bekommst du: 1. Mindestens eine Einladung zu einer unserer exklusiven Workations innerhalb der 12 Monate. 2. Zugriff auf Frühbucherrabatte in Höhe von 500 Euro pro Workation. 3. Du bekommst ein Ticket für unsere jährliche Sommer-Konferenz (Wert: 250 Euro) Bewirb dich jetzt als Club-Mitglied, um dir einen exklusiven Platz bei unseren Workations zu sichern!",Germany,2.461692,,,
AERTiCKET Conso GmbH,10519505.0,"Germany, Berlin, Berlin, 10 Boppstr., 10967",https://www.linkedin.com/company/aerticket-conso-gmbh,www.aerticket.de,"Der größte Consolidator der AERTiCKET Firmengruppe ist die AERTiCKET Conso GmbH mit Hauptsitz in Berlin und Büros in Hamburg, Hannover, Frankfurt und Saarlouis. Hier arbeiten rund 105 erfahrene Airlinespezialist:innen im Service Center, kümmern sich um Flugbuchungen, Umbuchungen, Ticketing, ADMs und Refundanträge, betreuen Gruppenbuchungen und bieten einen 24/7 Service an 365 Tagen im Jahr. Die AERTiCKET Conso GmbH ist ein außergewöhnlicher Consolidator: Sie vertreibt Tickets und Tarife aus  über 100 Ländern, arbeitet mit allen großen GDS-Systemen und bietet  exklusive Airline-Tarife, u.a. über 40 Direktanbindungen (inkl. NDC) - z.B. von Lufthansa, Air France/KLM, British Airways/Iberia, Oman Air, Eurowings, Singapore Airlines - und durch die Anbindung lokaler GDS-Systeme wie Travelsky (China) und Troya (Türkei).",Germany,10.519505,,,
CORACO GmbH,5214241.0,"Germany, Baden-württemberg, Karlsruhe, 5c Wachhausstraße, 76227",https://www.linkedin.com/company/coraco-solutions,www.coraco.solutions,"CORACO GmbH is a trading company engaged in marketing and supplying mainly commodities like billets and slabs and raw materials such as HBI and DRI. Furthermore, we trade steel and provide trade finance as well as shipping and warehouse solutions to our customers. We generate our ongoing success from our many years of experience and knowledge of markets as well as profound technical know-how and competence in marketing, sales, finance and logistics. Constantly we are driven by the will to adjust, develop and improve our sense of business to make our mutual business a success.",Germany,5.214241,,,
Eurocoin Group,18210052.0,"Germany, Bavaria, Haar",https://www.linkedin.com/company/eurocoin,www.eurocoincomponents.com,"Eurocoin Group is a leading provider of components and solutions for cash handling and payment systems, specializing in products such as currency validation, ticketing, and display technologies. Founded in 1973, the company has established a strong presence across Europe, with headquarters in Munich and regional offices in several countries, including Hungary, Spain, and the Czech Republic. Eurocoin is committed to corporate social responsibility, emphasizing ethical business practices, diversity, and sustainability throughout its operations and supply chain. The company serves a diverse clientele, including manufacturers and operators in sectors such as retail, gaming, and industrial automation, and partners with top producers to deliver high-quality solutions. Eurocoin's mission is to foster a transparent and inclusive environment while providing exceptional technical support and innovative products to meet the evolving needs of its customers.",Germany,18.210052,,,
Tante Enso,12492160.0,"Germany, Bremen, Bremen, 40 Auf Der Muggenburg, 28217",https://www.linkedin.com/company/tanteenso,tanteenso.de,"Tante Enso ist dein 24/7-Versorger vor Ort oder online im Netz. Wir gehen dorthin, wo die anderen verschwinden, um deutschlandweit eine sichere Nahversorgung auf dem Land zu garantieren. Zusammen mit unserem Online-Shop bilden unsere Tante Enso-Filialen ein unschlagbares Doppel zur Versorgung von Lebensmitteln, Getränken und Alltagsprodukten. Wir sind genossenschaftlich organisiert und setzen auf eine gemeinsame Idee, geteilte Werte und eine starke Gemeinschaft. Unsere Kunden dürfen aktiv an der Weiterentwicklung unseres Sortiments und Unternehmens mitgestalten: Der Mensch steht bei uns im Mittelpunkt. Ob zu personalbesetzten Zeiten, 24/7-Zugang durch Tante Enso-Karte oder Bestellung im Online-Shop – bei uns kann unabhängig von Feier- und Sonntagen rund um die Uhr eingekauft werden. Online oder über unsere Wünsch-dir-was-Tafeln in den Filialen können sich Kunden jederzeit neue Produkte in unser Sortiment wünschen. Wir geben kleinen Herstellern, Start-ups und Manufakturen eine echte Chance auf dem Markt, als Produktalternative zu herkömmlichen Produkten. Dabei setzen wir auf Nachhaltigkeit, Umweltbewusstsein und Gesundheit. Vom bekannten Preiseinstiegsprodukt bis hin zu Besonderheit von regionalen Herstellern bieten wir ein umfassendes Produktsortiment an – 15.000 Artikel sind in unserem Online-Shop zu finden.",Germany,12.49216,,,
Qualitätsstahl GmbH,3734469.0,"Germany, North Rhine-westphalia, Hagen, 195 Eckeseyer Str., 58089",https://www.linkedin.com/company/qualit-tsstahl-gmbh,www.qualitaetsstahl.com,"Roundbars, hot rolled, acc. EN Standard Roundbars, hot rolled, tested Roundbars, hot rolled, rough turned Roundbars, hot rolled, rough turned, tested drawn roundbars Billets ( rcs) hot rolled, us tested, surface tested Wirerod, hot rolled Flatbars, hot rolled",Germany,3.734469,,,
Simyo,2589102.0,Germany,https://www.linkedin.com/company/simyo,www.simyo.de,"simyo macht das mobile Leben einfach. Als Mobilfunkmarke für die Smart Digitals bietet simyo alles Wesentliche, was man für die mobile Kommunikation benötigt und ist dabei immer fair und günstig.  Als erster, reiner Onliner-Player im deutschen Mobilfunkmarkt setzt simyo bereits seit 2005 erfolgreich immer wieder neue Impulse, um mobile Kommunikation für Jedermann erlebbar zu machen. simyo bietet auch nach zehn Jahren innovative Mobilfunkleistungen für Kunden mit einer klaren Zielsetzung: günstiger Mobilfunk ohne komplizierte Tarifstrukturen, dafür mit einfachen und transparenten Preisen. Heute gehört die Marke zu Telefónica Deutschland. Dadurch profitieren Kunden mit simyo Tarifen auch vom „National Roaming“ und können mit einer simyo Karte sowohl das UMTS/3G Netz von E-Plus als auch das Netz von o2 nutzen. simyo. Weil einfach einfach einfach ist.",Germany,2.589102,,,
InternetQ GmbH,10835385.0,"Germany, Schleswig-holstein, Norderstedt, 67b Gutenbergring, 22848",https://www.linkedin.com/company/internetq-gmbh,www.kanzaroo.com,"InternetQ is one of the world's most successful Mobile, Social & APP-based service providers. Our disruptive mobile marketing, rich media and advertising platforms enable clients to profitably engage with the emerging social entertainment ecosystem. By combining technical innovation and consumer insight, our mobile expertise offers clients, consumers and communities the chance to promote, buy and share what they want, when they want it. InternetQ employs more than 160 people across four continents in several countries. ------------------------------------------------------------------------ OUR PRODUCT PORTFOLIO Micro Payment  Kanzaroo™ is an all-in one payment system that enables users to pay via their cell or fixed line phones for digital content in a unique, frictionless and immediate way – even without having to register or disclose personal data. With localized payment solutions in over 50 countries and connections to approx. 300 operators worldwide, the platform is ideal for app developers, game and music publishers, VOD portals and digital content providers. Kanzaroo™ can also be used for ticketing applications.  visit: kanzaroo.com App Engagement Maximize the success of your app. Build a communication strategy that will bring people back to your app extending its life and value. visit: minimob.com Career  At InternetQ we are on a growing journey offering exciting career opportunities that reflect the needs of our business and provide opportunities that are aligned with individual needs and aspirations. Here you will find an environment where top performance is recognized and the more you hone your skills and knowledge, the more you will be recognized as an expert within your area. InternetQ people are unique - passionate, flexible and strong team players. imprint at www.kanzaroo.com/disclaimer.html",Germany,10.835385,,,
Satellite DE,5191349.0,"Germany, North Rhine-westphalia, Düsseldorf, Gladbacher Str., 40219",https://www.linkedin.com/company/satellite–app,landing.satellite.me,"Mit satellite telefonierst du wie gewohnt – nur ganz anders. Ohne Minuten-Tarife, ohne SIM-Karte. Unsere App ist die komplette Telefonie. Das ist nicht nur anders, sondern auch besser – probier es einfach mal aus.",Germany,5.191349,,,
TDT AG,9150360.0,"Germany, Bavaria, Essenbach, 18 Siemensstraße, 84051",https://www.linkedin.com/company/tdt-ag,www.tdt.de,"TDT AG is a German technology company that has been developing state-of-the-art technology for telecommunication being a pioneer in innovative solutions for its partners and clients for nearly five decades. The product portfolio includes: High End VPN Gateways for the host environment to connect several thousand remote offices, Industry Class VPN access routers with modular hardware and software architecture, Mobile Routers for the 4/5G wireless networks and Loadbalancers.  TDT develops customized communication modules for use in various systems such as POS terminals, lottery terminals, ATMs, hazard detection systems, ticket vending machines, measurement data acquisition. TDT Expert Support creates complex network concepts and operates a worldwide network management.  The entrepreneurial self-understanding of TDT AG is defined by for our customers: with individual product innovations, a pronounced service mindset, and lived proximity. In product development, one aspect always takes center stage: to provide the safety and quality that our customers expect from us. The decision to have the entire company certified by the Federal Office for Information Security (BSI) according to ISO 27001 based on IT baseline protection shows that we always want to offer the highest level of quality and safety ""Made in Germany"": for us, safety is not a feature, but the essence of our philosophy. Further information at www.tdt.de",Germany,9.15036,,,
Scalivo,5826938.0,"Germany, Berlin, Berlin",https://www.linkedin.com/company/scalivo,www.scalivo.co,"DRAMATICALLY CUT CUSTOMER SERVICE COSTS WITHOUT COMPROMISING QUALITY SCALIVO specialises in multilingual, 24/7 written customer service for Europe’s leading ecommerce brands. With SCALIVO, your customers receive fast, friendly support at a fraction of the cost. Our model scales effortlessly while maintaining the high-quality customer experience your brand is known for. AFFORDABLE, TRANSPARENT, AND HIGH-QUALITY SERVICE At SCALIVO, you only pay for resolved tickets—no hidden fees, no surprises. Our transparent per-closed-ticket pricing maximises value while delivering consistent, high-quality service. Our remote-first approach ensures fast response times, high CSAT scores, and flexibility to handle 5,000 to 50,000 tickets per month, all aligned with your brand voice. A HUMAN-FIRST APPROACH TO CUSTOMER SERVICE We combine advanced tools with a motivated team, primarily based in Ukraine, to deliver accurate and empathetic solutions. Our well-compensated agents are committed to enhancing your brand’s reputation and building loyalty through exceptional service. At SCALIVO, customer service goes beyond resolving issues—it’s about creating meaningful interactions that enhance your brand. HOW SCALIVO WORKS With no long-term contracts and a 30-day free trial, we make it easy to experience the SCALIVO difference. Schedule an introductory call, start your trial, and review the results to see how we deliver superior service at a fraction of the cost. READY TO ELEVATE YOUR CUSTOMER EXPERIENCE? Visit scalivo.co or email us at hello@scalivo.co to get started now.",Germany,5.826938,,,
Ticket Online Sales & Service Center GmbH,10356410.0,"Germany, Mecklenburg-vorpommern, Parchim",https://www.linkedin.com/company/ticket-online-sales-&-service-center-gmbh,cc-toss.de,"Ticket Online Sales & Service Center GmbH is a company based out of Parchim, Mecklenburgwest Pomerania, Germany.",Germany,10.35641,,,
HebUP GmbH,1665792.0,"Germany, Bavaria, Munich, 13 Tal, 80331",https://www.linkedin.com/company/hebup-gmbh,hebup.de,"Die hebUP GmbH - Heberger Unternehmensgruppe für Personaldienstleistungen - ist ihr verlässlicher Partner im Bereich der Vermittlung von Fach- und Führungskräften. Unsere überdurchschnittliche hohe Übernahmequote im Bereich der Arbeitnehmerüberlassung von über 80 %, sowie unsere erfolgreiche Personalvermittlung resultiert aus strukturierter Projektarbeit, langjährigen Kontakten und einer engen sowie langfristigen Kundenbindung. Die hebUP GmbH verfügt über 20-jährige Branchenerfahrung sowie ein umfassendes Leistungsspektrum, um Sie als Kandidat bzw. Klient kompetent und lösungsorientiert zu vermitteln bzw. zu beraten. Die hebUP GmbH wird durch einen starken Partner unterstützt, der mit seiner über 30-jährigen Erfahrung im Bereich des Personalmanagements, folgende Aufgaben kompetent und zuverlässig begleitet: •	Lohnbuchhaltung, sowie Lohn- und Gehaltsabrechnung •	Faktura/Rechnungserstellung •	rechtliche und betriebswirtschaftliche Beratung •	Überwachung der gesetzlichen Bestimmungen •	Qualitätsmanagement und branchenspezifischer Arbeitsschutz Wir bieten im Rahmen der Arbeitnehmerüberlassung: •	Festes regelmäßiges Bruttogehalt zuzüglich Zulagen •	unbefristeter Arbeitsvertrag •	attraktive Sonderleistungen im Rahmen des Gehaltpakets (ÖPNV-Karte, Tankzuschuss, oder Firmenauto auch zur privaten Nutzung) •	Kostenfreie Bereitstellung von hochwertiger Firmenkleidung mit Reinigungsservice  •	30 Tage Urlaub ab dem ersten Jahr •	Urlaub während der Probezeit •	Urlaubs- und Weihnachtsgeld bis zum 13. Gehalt  •	eigener Betriebsarzt und Arbeitssicherheitsfachkraft •	Einzigartiges Betriebsklima •	Mitarbeiter-Events, z.B. Feiern mit Familie und Arbeitskollegen •	Tätigkeitsbezogene Weiterbildungsangebote (Elektronikkurse, SPS - Schulungen, CNC-Weiterbildungen, Sprachkurse, Staplerscheine...) •	eine von Vertrauen, Respekt und Wertschätzung geprägte Unternehmenskultur",Germany,1.665792,,,
PERCONEX GmbH,3539808.0,"Germany, Hesse, Frankfurt Am Main",https://www.linkedin.com/company/perconex-gmbh,www.perconex.de,"Wir sind PERCONEX, Personaldienstleister für Projektjuristen. Als Erster haben wir 2005 das amerikanische Lawyer-on-Demand-Konzept nach Deutschland geholt. Unsere Projektjuristen verstärken Teams ganz nach den Wünschen unserer Kunden – für kurze Zeit oder im Rahmen längerfristiger Projekte.  Für Juristen: Sie sind Jurist und aktuell auf der Suche nach dem passenden Berufseinstieg? Oder Sie verfügen bereits über Berufserfahrung und suchen nach neuen Herausforderungen oder befinden sich in einem Outplacementprozess? PERCONEX bietet Ihnen attraktive Perspektiven!  Für Kunden: Sie suchen kurzfristige juristische Unterstützung, ob als Kanzlei oder als Unternehmen? Sie brauchen einen Experten, der Ihr Team bei einem speziellen Projekt mit seinem Spezialwissen unterstützt? Sie benötigen einen Juristen, der einen Ihrer Mitarbeiter kurzfristig vertritt? Wir haben den Projektjuristen, der zu Ihren Anforderungen passt. Warum PERCONEX? • wir verfügen über einen direkten Zugang zum Markt und kennen die für Sie  interessanten Vakanzen https://www.perconex.de/jobangebote-fuer-juristen-projektjuristen.html • wir bieten ein digitales Mitarbeiterempfehlungsprogramm mit attraktiven Geldprämien für erfolgreiche Empfehlungen von neuen Kandidaten https://perconex.talentry.com •unsere Mitarbeiter erhalten eine EC-Karte mit monatlicher Grundaufladung und nehmen an Rabattprogrammen teil https://perconex.mitarbeitervorteile.de SMARTCONEX- EINE MARKE VON PERCONEX Vertragsmanagement Unsere Dienstleistung SMARTCONEX digitalisiert und verwaltet aktiv Ihren Vertragsbestand, geprüft durch Projektjuristen. Optimieren Sie Ihre Entscheidungen: Mit unserer Dienstleistung haben Sie Ihre Verträge, Daten und Dokumenten jederzeit im Blick. Immer, überall und zu 100 Prozent zuverlässig. Nutzen Sie unseren Service basierend auf der marktführenden Softwarelösung und dem Know-how unserer Experten! Weitere Informationen unter: https://sway.office.com/tD58j4em00W9XMnr?ref=Link",Germany,3.539808,,,
Frankfurt Galaxy,5819083.0,"Germany, Hesse, Frankfurt Am Main, 1 Richard-herrmann-platz, 60388",https://www.linkedin.com/company/frankfurt-galaxy,www.frankfurt-galaxy.eu,"American Football boomt in Deutschland und ist ein Sport voller Emotionen: eine spektakuläre Mischung aus hochklassigen Sport und familienfreundlichem Entertainment. Besuchen Sie mit Ihren Geschäftspartnern, Kunden, Mitarbeitern, Freunden oder Ihrer Familie den Business-Bereich in der PSD Bank Arena und erleben Sie Football auf dem höchsten europäischen Niveau. 10 Logen und 600 Business-Seats laden dazu ein, einen Spieltag in der Purple Hell zu genießen. Tickets zu unseren Heimspiel sind über Ticketmaster erhältlich:  https://shops.ticketmasterpartners.com/frankfurt-galaxy Für Sponsoring-Anfragen melden Sie sich gerne bei lucas.frenkel@frankfurt-galaxy.eu.",Germany,5.819083,,,
Argo Athletics GmbH,1902184.0,"Germany, Berlin, Berlin",https://www.linkedin.com/company/argo-athletics-gmbh,www.argo-athletics.de,"ARGO ist Symbol. ARGO ist Ziel. ARGO ist eure Reise. Die Argo ist das Schiff der griechischen Mythologie, welches Jason und seine 50 Helden zu neuen Abenteuern trug. Doch viel wichtiger als seine heldenhafte Besatzung ist eine Tatsache: Es wurde immer besser. Während der Überfahrt wurden Teile des Schiffes ausgetauscht und erneuert, sodass die Argo, die in den Heimathafen einlief nicht mehr das Schiff war, welches diesen damals verlassen hatte. Die Argo steht für diese Reise, auf die du dich mit uns begibst. Einen neuen Weg, auf dem das Ziel du und dein Fortschritt ist. Gesundheit und Sportlichkeit sind eine Reise ohne Ende, doch mit immer neuen Herausforderungen, Glücksmomenten, Erfolg, Stolz und Zufriedenheit! Wir sind Karte und Kompass. Wir bieten Crossfit Kurse in Berlin - Pankow an. Wir stehen für einen ganzheitlichen Ansatz. Neben dem Training für den Körper geht es auch um eine mental Fitness. Dies erreichen wir durch ein starkes Gemeinschaftsgefühl in dem alle - ob jung oder im reifen Alter - ob trainierter Athlet oder ein Kämpfer gegen den eigenen Schweinehund - ob Single Gruppen oder Firmen-  willkommen sind. Sevices rund um Crossfit wie Physiotherapie und Ernährungsberatung runden das Angebot ab. http://www.argo-athletics.de/impressum-datenschutz/",Germany,1.902184,,,
Vereinsticket,7608736.0,"Germany, Rheinland-pfalz, Saarburg, 6 Graf-siegfried Straße, 54439",https://www.linkedin.com/company/total-fansports-gmbh,www.vereinsticket.de,"Ob kleiner Dorfverein, traditionsreicher Kulturverein oder großer Profisportclub – in Deutschlands Vereinswelt wird Woche für Woche Beeindruckendes geleistet. Unzählige Veranstaltungen entstehen durch das Engagement von Haupt- und Ehrenamtlichen, die mit Herzblut für ihre Gemeinschaft aktiv sind. 💪 Mit Vereinsticket schaffen wir eine Plattform, die Vereine aller Größen miteinander verbindet, Abläufe vereinfacht und neue Möglichkeiten eröffnet – für mehr Sichtbarkeit, Effizienz und Zusammenhalt. ✅ 360-Grad-Unterstützung: Ganzjährige Begleitung über alle Kanäle – digital, vor Ort & bei Events. ✅ Einfaches Ticketing: Kostenfreie Shops, einfache Verwaltung und mehr Komfort für Vereinsmitglieder. ✅ Kommunikation & Social Media: Werkzeuge, um die eigene Community gezielt zu erreichen und zu begeistern. Unser Ziel: Vereine stärken, Engagement sichtbar machen und die Vereinswelt gemeinsam weiterentwickeln. 🌍 👉 Werdet Teil von Vereinsticket – der Plattform, die Vereine verbindet und unterstützt! 🚀",Germany,7.608736,,,
ABSOLUT Sport,33288220.0,"Germany, Hesse, Darmstadt",https://www.linkedin.com/company/absolut-sport,www.absolut-sport.com,"With extensive expertise in managing and delivering unforgettable sports travel experiences at the world’s biggest sporting events, ABSOLUT Sport is a leading full-service agency providing hospitality and tourism services with more than 15 years of experience. Based in Frankfurt/Darmstadt, Rio de Janeiro, and Los Angeles, ABSOLUT Sport is made of different talented professionals sharing an unstoppable power to create unique sports travel experiences to suit the needs and requirements of sponsors, their agencies, corporate clients, tour operators, federations, media clients, as well as individual guests and passionate fans worldwide. Some of our Highlights! - Official Travel Package Partner for CONMEBOL Copa America 2024™ - Official Travel Package Partner for CONMEBOL Libertadores™ and CONMEBOL Sudamericana™ Finals - Official Tour Operator for FIFA 2010 World Cup in South Africa - Official Distributor of Tickets & Travel Packages for FIFA Women's World Cup Germany 2011 - Largest Transfer Solution Provider during EURO 2012 in Poland & Ukraine - Exclusive Partner for Sponsors, Media, and International Tour Operators during EURO 2012 - Exclusive Supervision of Logistics for Media and Fan Groups from Various Countries during FIFA Confederations Cup 2013 - Accommodation Brokerage for FIFA World Cup 2014 in Brazil for High-End VIP Clients, including Leading 5-star Hotels in Host Cities - Conception and implementation of Transfer Logistics Solutions for International Media Clients, Sponsors, and Tour Operators during FIFA World Cup 2014 & Rio Olympic Games 2016 - Authorized German Agent of On Location Experiences, Official NFL Hospitality for Super Bowl Connect with us to explore how we can elevate your sports event experiences to unparalleled heights. Let ABSOLUT Sport be your trusted partner in all international sports events.",Germany,33.28822,,,
Sixdays Weekend,8181342.0,"Germany, Berlin, Berlin",https://www.linkedin.com/company/madison-sports-group-limited,www.sixdayweekend.com,"On 30.01-31.01.2026 all of Berlin will come together for this legendary Bikes, Beats & Beer 🚴♂️🎸🍺  Come join us! Regular & VIP tickets are available on sixdayweekend.com",Germany,8.181342,,,
Stuttgart Surge,5868099.0,"Germany, Baden-württemberg, Stuttgart, 4 Vor Dem Lauch, 70567",https://www.linkedin.com/company/stuttgartsurge,www.stuttgartsurge.com,"Besuchen Sie mit Ihren Geschäftspartnern, Kunden, Mitarbeitern, Freunden oder Ihrer Familie den Business-Bereich bei unseren Heimspielen und erleben Sie Football auf europäischem Top-Niveau: Die Stuttgart Surge ist Gründungs-Franchise der 2021 entstandenen European League of Football (ELF), in der 17 Teams aus 9 europäischen Nationen vertreten sind. Als einziges ELF-Team in Baden-Württemberg vertritt die Surge nicht nur Stuttgart und die Region, sondern das ganze Bundesland mit ganzem Stolz auf dieser europäischen Bühne! 🏈⚡️ Bei Sponsoring-Anfragen, besuchen Sie bitte unsere Website: https://www.stuttgartsurge.com/become-a-partner/ oder melden Sie sich direkt per Mail bei partnerships@stuttgartsurge.com 📧 Dauerkarten und Single Tickets sind über Ticketmaster erhältlich: https://shops.ticketmasterpartners.com/stuttgart-surge 🎟️",Germany,5.868099,,,
WK Sportmanagement GmbH,2642180.0,"Germany, Baden-württemberg, Leinzell, 2 Mühlwiesenweg, 73575",https://www.linkedin.com/company/wk-sportmanagement,www.wksportmanagement.de,"WK Sportmanagement GmbH SERVICE AUS LEIDENSCHAFT - ENJOY THE SKILLS - Seit über 30 Jahren steht die Leidenschaft zum Projekt im Mittelpunkt unserer Arbeit. Für Kleinunternehmen bis zum Weltverband sind wir bestrebt Emotionen zu schaffen, welche die besonderen Momente einmalig werden lassen. Als Full-Service Agentur bieten wir Ihnen Dienstleistungen rund um Ihr Event aus einer Hand, mit einem Ansprechpartner an.  Konzeption | Organisation | Abwicklung Event-Promotion | Ticket-Promotion  Catering Veranstaltungstechnik  Grafik und Design Roadshows | Maßnahmen zur Vertriebsunterstützung  Montage | Event-Branding Jedes Projekt wird von unserem Fachpersonal individuell ausgearbeitet.  Hierbei präsentieren wir Ihnen ein erstes Grobkonzept unverbindlich und kostenfrei.  Wir freuen uns auch Ihnen, Ihr persönliches Konzept vorstellen zu dürfen.",Germany,2.64218,,,
VfB Stuttgart 1893,65525997.0,"Germany, Baden-württemberg, Stuttgart",https://www.linkedin.com/company/vfb-stuttgart-1893-ag,www.vfb.de,"VfB Stuttgart is a prominent German football club based in Stuttgart, known for its rich history and passionate fan base. The club's mission is to provide an inclusive and family-friendly environment for all fans, exemplified by initiatives like the REWE Family Block, which offers affordable tickets for families to enjoy live matches together. VfB Stuttgart is committed to accessibility, providing dedicated seating and support for individuals with disabilities, ensuring that everyone can participate in the excitement of home games at the MHP Arena. The club also engages with its community through various social initiatives, including partnerships with organizations like SanLucar and Viva con Agua to support educational projects in South Africa. With a focus on fostering a strong connection with its supporters, VfB Stuttgart aims to create memorable experiences for fans of all ages while promoting the values of sportsmanship and inclusivity.",Germany,65.525997,,,
Borussia Dortmund GmbH & Co. KGaA,616494268.0,"Germany, North Rhine-westphalia, Dortmund, 207-209 Rheinlanddamm, 44137",https://www.linkedin.com/company/borussia-dortmund,www.bvb.de,"Borussia Dortmund is Germany's most intense footballing experience. Our club colours of black and yellow are a visual expression of that. This intensity really comes to life at the Signal Iduna Park, the biggest and loudest football stadium in Germany. Due to its unique atmosphere, it was voted the best football stadium in the world by the London Times newspaper in 2009. However, it's the fans that are the most important factor. On average, over 80,500 pack the ground at every home game – over 54,000 of them as season ticket holders. Even at away games, hordes of fans clad in black and yellow dominate the face of the respective city. This incredible cohesion proves that BVB is more than a hobby for many of our fans: BVB is a spiritual home and an extended family. For over 100 years, the fans have supported us with unconditional loyalty through moments of triumph and, especially, through lean and critical times.  BVB is deeply rooted in the values and culture of its home city of Dortmund and the region of Westfalia. We are distinguished by our sincerity, candour, respectable demeanour and unwavering resolve. We give everything and always get back up after falling. We are determined to achieve greatness and cement our reputation as an illustrious German football club of international renown.",Germany,616.494268,,,
CTS EVENTIM Sports GmbH,2393179400.0,"Germany, Hamburg, Hamburg",https://www.linkedin.com/company/cts-eventim-sports,www.eventim-tixx.com,"CTS EVENTIM Sports GmbH is a leading provider of ticketing and event management solutions, specializing in sports events across Germany, Austria, and Spain. The company partners with prominent sports organizations, including e|motion sports GmbH, to facilitate high-profile tennis tournaments such as the BOSS OPEN and bett1open, as well as collaborations with teams like the Telekom Baskets Bonn. CTS EVENTIM Sports aims to enhance fan engagement through innovative digital solutions, including a comprehensive ticketing platform that integrates CRM, merchandising, and campaign management. With a focus on maximizing ticket sales and improving the overall fan experience, the company has successfully increased online ticket purchases significantly over the years. Their mission is to streamline event operations and provide exceptional service to both event organizers and attendees, ensuring memorable experiences at every event.",Germany,2393.1794,,,
FastFWD-Sports,978442.0,Germany,https://www.linkedin.com/company/fastfwd-sports,,"We are a German based sports tickets & hospitality company and European sports consultancy, with a focus on high profile sporting events that have a worldwide audience. While FastFWD-Sports focus on European sporting events, our team is also very experienced at delivering highly customized and client-centric programs as part of a larger event, or as a completely separate occasion.",Germany,0.978442,,,
Gepps Food GmbH,13028593.0,"Germany, Bavaria, Puchheim, 16 Boschstraße, 82178",https://www.linkedin.com/company/gepps-food-gmbh,www.gepps.de,"Haben Sie schon mal „lecker“ verschenkt? Mit unseren Feinkostgeschenken wird Ihre Wertschätzung schmeckbar. Wir bieten Ihnen individuelle und hochwertige Geschenke für Ihre Mitarbeiter oder Firmenkunden. Mit unserem Rundum-Sorglos-Service begleiten wir Sie von der Beratung über die Auswahl der Geschenke, bis hin zur Verpackung und Versand. Bei uns erhalten Sie: • hochwertige Geschenkboxen mit Schleife und          individualisierbarer Karte • Handvernähte Geschenktüten mit Anhänger,     auf Wunsch mit eigenem Spruch / Logo  • Präsentkörbe, Gutscheine und individuell     zusammengestellte Sets Wir freuen uns auf Ihre Nachricht.",Germany,13.028593,,,
Aral SuperCard,3078915.0,"Germany, North Rhine-westphalia, Bochum, 45 Wittener Straße, 44789",https://www.linkedin.com/company/aral-supercard,aral-supercard.de,"Die Aral SuperCard ist die Geschenkkarte von Aral. Egal ob als Aufmerksamkeit für einen Geschäftspartner, treuen Kunden oder Mitarbeiter. Mit der Aral SuperCard schenkt es sich überraschend einfach. Mit Firmenlogo gebrandet auch als ideales Give-Away für Marketingaktionen. Ob als reiner Tankgutschein, als Gutschein zum Einkaufen und Tanken oder für die Autowäsche – mit der Aral SuperCard deutschlandweit bargeldlos bezahlen. Das Guthaben kann frei gewählt werden und ist so Geschenkidee für jeden Anlass. Das Besondere: Die Aral SuperCard gibt es in verschiedenen Designs - von Fußball, über Motorsport bis hin zum klassischen Weihnachtsgruß. Mit dem Co-Brand Generator lässt sich darüber hinaus die SuperCard mit einem individuellen Logo versehen. Sie lassen Ihren Mitarbeitern bereits ein steuerfreies Extra zukommen? Dann ist die Aral SuperCard Reloadable genau die richtige Lösung. Die Karte wird individuell mit den Namen des Mitarbeiters bedruckt und muss nur ein Mal verschickt werden. Über das Administrationsportal lassen sich flexibel der jeweilige Ladebetrag und Aufladezeitpunkt steuern. Dies spart Zeit und Kosten. Die Aral SuperCard Reloadable ist unsere nachhaltige Lösung für Gutschein- und Tankkarten. Und das Beste? Durch das praktische Scheckkarten-Format passen alle Aral SuperCards in jede Brieftasche. Handlicher geht’s nicht. Netiquette: www.aral.de/socialmedia",Germany,3.078915,,,
DERTICKETSERVICE.DE,6059449.0,"Germany, North Rhine-westphalia, Köln, Große Neugasse, 50667",https://www.linkedin.com/company/derticketservice-de,www.derticketservice.de,"kölnticket, westticket und bonnticket – wir bei DERTICKETSERVICE .DE sind der größte regionale Ticketanbieter in Deutschland und ein Tochterunternehmen von CTS Eventim, dem europäischen Marktführer für Ticketing und Live-Entertainment. Wir machen Freizeit erlebbar - mit über 100 Mitarbeitenden in unseren Büros mit Domblick im Herzen von Köln. Mit unseren regionalen Marken kölnticket, westticket und bonnticket sind wir der größte regionale Ticketanbieter in Deutschland und vertreiben mit unserer multi-device-Ticketing-Plattform im Hintergrund Tickets aller Genres – von der Stadtführung über klassische Kulturangebote bis hin zum aufmerksamkeitsstarken Rock-/Pop-Konzert.  Wir verfügen wir über jahrzehntelange Erfahrung und Know-how im Veranstaltungssektor und betreuen Veranstalter aller Genres. Mit spezialisierten Softwareprodukten bieten wir passgenau zugeschnittene White-Label-Lösungen für Veranstalter an und bieten darüber hinaus – wenn gewünscht – das Rundum-Sorglos-Paket im Fullservice von der Beratung über die Vermarktung, die Shopbereitstellung und -steuerung bis hin zur Veranstalterhotline.",Germany,6.059449,,,
Phantásia BuchHandlung & Spielwaren,887467.0,"Germany, Bavaria, Planegg, bahnhofstr.42",https://www.linkedin.com/company/phantásia-buchhandlung-&-spielwaren,phantasia-welt.de,"Lesen, Hören, Spielen Beschreibung Die BuchHandlung Phantásia ist spezialisiert auf den Bereich Kinder – und Jugendbücher. Zu unserem weitläufigen Sortiment gehören aber auch Spielwaren, Hörbücher, Hörspiele, Musik-CDs und alles was das Kinderherz begehrt.  Die Firmen Spiegelburg und HABA gehören zu unseren bevorzugten Lieferanten und bieten ein breites Sortiment für Geschenke. Auch für die ganz Kleinen haben wir geprüfte Ware mit Qualitäts- und Gütesiegel. Geschenk-Boxen: Ob zum Geburtstag, zur Kommunion/Konfirmation oder zur Taufe, mit der Geschenkbox bekommen Sie/ ihr Kind immer das passende Geschenk. Einfach in der Buchhandlung nach einer Box fragen und dann selbst die gewünschten Sachen aussuchen. Auch die Geschenksuchenden werden sich freuen – endlich kein Stress mehr und garantiert keine doppelten Geschenke! Gerne stellen wir Ihnen auch einen Geschenk-Gutschein aus. Bei uns bekommen Sie auch jedes lieferbare Buch der Erwachsenen-Literatur. Schauen Sie doch einfach mal in unseren Online-Shop. Bestellungen bis 17.00 Uhr (Montag-Freitag) liegen am darauffolgenden Werktag schon ab 10:00 Uhr für Sie bereit. Offizielle Vorverkaufsstelle von München Ticket! Reservieren und buchen Sie ihre Konzert-, Theater-, Kabarett- und andere Eintrittskarten zu allen München Ticket Veranstaltungen direkt bei der Vorkaufsstelle in der BuchHandlung. Für freuen uns über Ihr Interesse und hoffen Sie bald in unserer BuchHandlung begrüßen zu dürfen. Inhaber: Andreas Trenkle Bahnhofstraße 42 | Tel 089 - 899 30 250 | Fax 089 - 899 30 251 phantasia1@hotmail.de Homepage: www.phantasia-planegg.de VAT Nr. 814 433 641",Germany,0.887467,,,
Winter Automobilpartner GmbH & Co. KG,9707676.0,"Germany, Saxony, Großröhrsdorf, 3 Gewerbering Süd, 01900",https://www.linkedin.com/company/winter-automobilpartner-gmbh-&-co.-kg,www.winter-lausitz.de,"Die Winter Automobilpartner sind seit 1925 im Familienbesitz und bringen daher eine von Generation zu Generation übertragene Erfahrung mit sich. Diese Erfahrung wird genutzt um im täglichen Geschäft, Sie als unseren Kunden, besser zu verstehen und auf Ihre Bedürfnisse präziser einzugehen. Wir sind bestrebt die richtigen Antworten auf Ihre Fragen zu finden sowie ein Fahrzeug was zu Ihnen und Ihren täglichen Herausforderungen passt. Unterstützen wollen wir dies mit den richtigen Angeboten, wie die Winter Card, welche speziell für Kunden der Winter Automobilpartner gültig ist. Mit dieser Karte erhalten Sie exklusive Vorteile in unseren Häusern, wie eine verlängerte Garantie auf 5 Jahre beim Neuwagenkauf. Mitarbeiter sind das wichtigste Gut im Unternehmen. Demzufolge haben wir das bereits lange Bestehen unseres Hauses im hohen Maße ihnen zu verdanken. In unserem Familienunternehmen wird KOMMUNIKATION groß geschrieben, sowohl mit dem Kunden, als auch dem Mitarbeiter. Ein motiviertes Team ist die Voraussetzung für das Größte unserer Ziele – zufriedene Kunden.",Germany,9.707676,,,
Max Wendrich GmbH & Co.KG,1759380.0,"Germany, North Rhine-westphalia, Soest, 36 Grandweg, 59494",https://www.linkedin.com/company/max-wendrich,www.maxwendrich.de,"Bereits in der dritten Generation ist die Firma Wendrich für alle Belange rund um die Küche und um Elektrogeräte im Haushalt ihr kompetenter Partner. Im April 1946 gründete Max Wendrich das Geschäft im Grandweg. Ständige Erweiterungen schlossen sich an, bevor Ende der 70 Jahre am Boleweg 10 eine neue Lagerhalle mit 1200 m² Kapazität errichtet wurde. Ein Neubau auf der gegenüberliegenden Straßenseite dokumentiert die Entwicklung der Firma. Inzwischen ist auch das Gründerhaus wieder im Firmenbesitz. Es dient als Ausstellungsfläche und Lager. 1998 wurde eine neue Halle am Doyenweg mit 1000m² Kapazität erstellt. In ihr befinden sich die Elektrokundendienstwerkstatt sowie die Schreinerwerkstatt. Das Lager am Boleweg 10 wurde zu einem Mitnahmemarkt umgebaut und erweitert. Über 30 Mitarbeiterinnen und Mitarbeiter beraten Sie freundlich und kompetent beim Kauf. Unser Auslieferungsteam bringt die gewünschten Waren in kürzester Zeit und schließt die Geräte gebrauchsfertig an. Gleichzeitig garantieren wir über unsere Kundendiensttechniker einen schnellen und günstigen Reparaturservice. Selbstverständlich für unser modernes und trotzdem traditionelles Unternehmen sind die bequemen Zahlungsmöglichkeiten für Sie. Begleichen sie ihre Rechnung mit der EC Karte oder nutzen Sie unsere problemlose Finanzierungsmöglichkeit.",Germany,1.75938,,,
Tante Thea,1617023.0,"Germany, Schleswig-holstein, Pinneberg",https://www.linkedin.com/company/tantethea,tantethea.de,"Tante Thea – Einfach näher. Der moderne Dorfladen für die Selbstbedienung rund um die Uhr! Tante Thea bringt ein Stück Nahversorgung zurück in ländliche Gemeinden und bietet flexible Einkaufsoptionen für den täglichen Bedarf. Mit einem modernen Automatenkonzept ermöglichen wir rund um die Uhr den Zugang zu Produkten in übersichtlichen, benutzerfreundlichen Verkaufsautomaten. Unsere Automaten bieten eine breite Auswahl, von Getränken und Snacks bis zu Milchprodukten und Hygieneartikeln, alles auf einer Fläche von nur 15 Quadratmetern! 💳 Flexible Zahlungsmöglichkeiten: Kontaktlos per Karte, Handy oder klassisch mit Bargeld – bei uns kannst Du bequem und einfach bezahlen. 🌍 Anpassbares Sortiment: Wir hören auf unsere Gemeinde! Unsere Produktpalette wird monatlich an die Deine Bedürfnisse und Wünsche angepasst, unterstützt durch Umfragen und direktes Feedback. ♻️ Nachhaltig und energieeffizient: Unsere Automaten sind nicht nur benutzerfreundlich, sondern auch energieeffizient und somit eine umweltschonende Lösung für die lokale Versorgung. 🚀 Unser Ziel: Wir möchten ländliche Regionen stärken, in denen die Nahversorgung oft schwierig ist, und dabei gleichzeitig ein unkompliziertes, modernes Einkaufserlebnis schaffen. 📲 Hast Du Fragen oder Anregungen? Kontaktiere uns jederzeit über unsere Webseite, per Direktnachricht auf Social Media oder über unsere Kundenhotline. Tante Thea – Einfach näher. Für ein einfaches, schnelles und bequemes Einkaufserlebnis direkt vor Deiner Tür!",Germany,1.617023,,,
Musikhaus Schlaile GmbH,162304.0,"Germany, Baden-württemberg, Karlsruhe, 175 Kaiserstraße, 76133",https://www.linkedin.com/company/schlaile,www.schlaile.de,"Das Musikhaus Schlaile wurde 1905 in Karlsruhe gegründet und ist eines der größten Musikhäuser im Südwesten von Deutschland. Wir verkaufen Musikinstrumente aller Art, Noten & Bücher, Tonträger, Konzertkarten und Tickets. Ausserdem betreiben wir mehrere Meisterwerkstätten (Blasinstrumente, Klavier, ...) für Reparaturen, Instandsetzungen und individuelle Anpassungen von Musikinstrumenten. Dadurch haben wir ein sehr breites Sortiment von aktuellen und hochwertigen Musikinstrumenten gebraucht und neu zu günstigen Preisen und mit erstklassigem Service.",Germany,0.162304,,,
Stephan's Restaurant & Brasserie,1484872.0,"Germany, Baden-württemberg, Leinfelden-echterdingen, 37 Bahnhofstr., 70771",https://www.linkedin.com/company/stephans-restaurant,das-stephans.de,"Bei uns im Stephans genießen Sie gut bürgerlich schwäbische Küche, bis regional gehobene Spezialitäten. Dabei Erfahren Sie eine Symbiose aus Tradition und Moderne, welche die 2 Generationen unseres Hauses wiederspiegeln. Unsere Karte bietet Ihnen eine breite Auswahl frisch zubereiteter, lokaler Köstlichkeiten für jung und alt. Geteilt in Stephan’s Moderne und Stephan’s Klassiker ist für jeden etwas dabei. Genießen Sie zur Mittagszeit unser Business-Lunch sowie täglich wechselnde Empfehlungen oder treffen Sie ihre Auswahl aus unserer breiten Speisekarte. Wir legen sehr großen Wert auf Regionalität und Nachhaltigkeit. So stammen bereits 70% unserer Zutaten aus lokalem Direktbezug wie der Fischzucht Kröschtal-Forellen, dem Bauern Stäbler aus Musberg oder der Metzgerei Glasstetter aus Malsch. Ob für Geschäftsessen, Familienfeiern oder einen gemütlichen Abend zu zweit, wir finden das Richtige für Sie. Rufen Sie uns einfach an oder stellen Sie Ihre Reservierungsanfrage direkt online.",Germany,1.484872,,,
Edel & Scharf,1484872.0,"Germany, Mecklenburg-vorpommern, Kühlungsborn, 5 Hafenstraße, 18225",https://www.linkedin.com/company/edel-&-scharf,www.edel-und-scharf.com,"Edel&Scharf ist keine gewöhnliche „Frittenbude“, sondern ein Ort, der alle Sinne anspricht und den man eigentlich gar nicht mehr verlassen möchte. Hier gibt es nicht nur Currywurst vom Feinsten, sondern auch coole Drinks, die schönste Aussicht, bestes Ambiente und vor allem nette Gesellschaft. Von Gästen und Besatzung. Wir glauben an Fast-Food und lieben Currywurst. Und setzen dabei in erster Linie auf den gesunden Menschen-Geschmack. Frisch. Lecker. Schön. Genau diese Kombination macht Edel&Scharf zu etwas Besonderem. Die kleine aber feine Karte erleichtert die Auswahl und verrät direkt: Hier ist die Wurst der Star. Und da Stars und Sternchen bekanntermaßen gerne Schampus trinken, reichen wir am liebsten ein Gläschen von Perrier Jouët dazu. So ganz ohne edel geht’s im Leben schließlich auch nicht. Und auch sonst setzen wir gerne auf die Trends der modernen Neuzeit. Zeit sparen um Zeit zu verbringen, lautet die Devise. Bestellt, bezahlt und zubereitet wird an der Theke. Geschnackt, gechillt und genossen auf großen Terrassen mit natürlichen Materialien und ganz viel Wohlfühlambiente. In mehr als 10 Jahren hat sich Edel & Scharf als bewährtes Businessmodell etabliert und sichert nicht einfach nur das täglich Brot unserer Familie und das unserer 20 Mitarbeiter. Wir lieben und leben unser Produkt, haben Spaß daran andere zu begeistern und wollen Menschen fördern. Das gilt für unsere Mitarbeiter genauso wie für unsere Lieferanten, Partner und die lokale Community.",Germany,1.484872,,,
Joujou GmbH,6194093.0,"Germany, Rheinland-pfalz, Bad Dürkheim, 34 Hauptstr., 67098",https://www.linkedin.com/company/joujou-gmbh,www.joujou-pfalz.de,"Mit unserem Dreiklang aus Bistro, Backstube und Bazar möchten wir unseren Besuchern auf verspielte Weise vollmundigen Genuss bieten. Dabei steht für uns der achtsame Umgang in allem, was wir tun und bieten, an oberster Stelle. Joujou spricht man ""SchuSchu"". Es ist französischer Jargon und bedeutet Spielzeug, ""Faire joujou"" bedeutet ""Vergnügen an etwas empfinden"", und genau das möchten wir unseren Gästen ermöglichen. Achtsamkeit - undogmatisch Das Joujou hat sich zum Ziel gesetzt, in allen uns möglichen Belangen maximale Achtsamkeit zu leben. Dabei folgen wir keinem festen Konzept, außer jenem, dass wir überall unser Bestes geben. Für unsere Umwelt, das Tierwohl, unsere Mitarbeiter und natürlich unsere Kunden! Konzept Unseren Wunsch nach Achtsamkeit leben wir in allem, was uns möglich ist. Tierische Produkte versuchen wir zu 90% komplett zu vermeiden, und bei Fisch und Fleisch haben wir die für uns aktuell nachhaltigsten Lösungen gefunden. Fast alle Einrichtungsgegenstände sind auf die eine oder andere Art nachhaltig. Unsere Stühle bestehen aus recyceltem Plastik, unser Geschirr aus anderen recycelten Materialien. Viele dieser nachhaltigen Produkte könnt Ihr in unserem Bazar erwerben und Euch so ein Stück Joujou auf den Balkon oder ins Wohnzimmer holen. Weine Unsere Weine sind größtenteils bio-dynamisch, und wenn nicht, stehen sie nur auf der Karte, weil sie schlichtweg zu gut sind, um sie Euch vorzuenthalten. Unsere Zutaten und Produkte - BIO! VEGETARISCH! VEGAN! GLUTEN-FREI! INDUSTRIEZUCKER-FREI! Nahezu all unsere Zutaten sind BIO-zertifiziert. Die Produkte aus unserer Backstube sind glutenfrei, vegan,  industriezuckerfrei, laktosefrei und low-carb. Für unsere Backwaren streben wir die BIO-Zertifizierung an. Unser täglicher hoher Anspruch ist es, unter diesen Voraussetzungen ein vollmundiges Essens- und Trinkerlebnis zu zaubern.",Germany,6.194093,,,
FCUK YOGA BAR,1173202.0,"Germany, North Rhine-westphalia, Essen, 13a Emmastraße, 45130",https://www.linkedin.com/company/fcuk-yoga-bar-2013,www.bar-event.ruhr,"Flackerndes Kerzenlicht, gemütliches Ambiente, eine gut abgestimmte Karte mit handwerklich und liebevoll gemachten Drinks und Cocktails, hochwertige Spirituosen, viele selbst hergestellte Zutaten bis hin zum selbst bearbeiteten Eisblock. Natürlich könnt Ihr bei uns auch neben der normalen Karte viele Klassiker aussuchen. Regelmäßig besuchen uns DJ's am Wochenenden und untermalen die Atmosphäre, mit ihren Beats.",Germany,1.173202,,,
Alter Gasthof Seiling,629334.0,"Germany, North Rhine-westphalia, Telgte, 1a Markt, 48291",https://www.linkedin.com/company/gasthof-seiling,alter-gasthof-seiling.de,"Unsere Karte ist der perfekte Mix aus den alten Traditionen des Hauses und den neuen modernen Köstlichkeiten. Wir haben die Möglichkeit, separat Gruppen bis zu 40 Personen unterzubringen. Wenn Sie etwas größer feiern wollen, dann sind Sie bei uns genau richtig! Bis zu 120 Personen können Sie problemlos bei uns unterbringen und wir bieten Ihnen ein köstliches Buffet mit einem Mix aus kalter Antipasti und leckeren warmen Gerichten. Zudem haben wir bei schönem Wetter einen gemütlichen separaten Biergarten, den Sie mit größeren Gruppen oder bei Ihrer Feier gerne nutzen können. Desweiteren sitzen Sie im Sommer lauschig unter den Kastanien mitten auf dem historischen Marktplatz, dem Herzen von Telgte.",Germany,0.629334,,,
Cafe Luitpold La Gâterie GmbH & Co.KG,9484562.0,"Germany, Bavaria, Munich, 11 Brienner Straße, 80333",https://www.linkedin.com/company/cafe-luitpold-la-gaterie,www.cafe-luitpold.de,"Cafe Luitpold ist eine Münchener Institution und liegt im prachtvollen Brienner Quartier. Ein urbanes Kaffeehaus, das Charme, Stil und Weltoffenheit mit Tradition und Leidenschaft für gutes Essen verbindet. Helle, sanfte Töne prägen das stilvolle Ambiente, in dem nicht nur köstliche Kaffeespezialitäten und die berühmten Pralinen und Kuchen serviert werden. Das Küchenteam überrascht mit einer abwechslungsreichen Karte, auf der traditionelle, aber auch raffiniert zubereitete Gerichte, zu finden sind. Dabei wird großer Wert auf die Regionalität und Qualität der Produkte gelegt. Das atmosphärische Restaurant oder der Palmengarten mit seiner 12 Meter hohen Glaskuppel sind der ideale Ort für einen leichten Business Lunch oder ein gepflegtes abendliches Diner. Unsere Auszeichnungen: 2013 Deutscher Designpreis | 2014 Feinschmecker Beste Cafés | 2015 - 2020 Guide Michelin | Gusto | Varta Führer",Germany,9.484562,,,
Bar Symposium Cologne,1484872.0,"Germany, North Rhine-westphalia, Köln, Engelbertstraße, 50674",https://www.linkedin.com/company/bar-symposium-cologne,barsymposium.cologne,"EDUCATION, INSPIRATION & NETWORKING The key to success in the hospitality industry lies in continuous education and networking. The two-day BAR SYMPOSIUM CGN is the networking event for the entire gastronomy sector.  An indispensable opportunity for everyone active in the industry and looking to succeed. With more than 30 lectures and seminars in the areas of ""Business,"" ""Concept,"" and ""Workshop,"" as well as an extensive community area and a three-day fringe program throughout Cologne, the symposium is the perfect platform to advance your career in hospitality.  Do you want to learn from the best, discover the latest trends and developments in the industry, and make valuable contacts? Then you can't miss the most innovative meeting of the hospitality industry.  Take the first step on your path to success and secure your ticket now!",Germany,1.484872,,,
Woods Cocktail GmbH,1645745.0,"Germany, North Rhine-westphalia, Köln, 49 Friesenstraße, 50670",https://www.linkedin.com/company/woods-cocktail-gmbh,www.woods-cologne.de,"Mit viel Liebe zum Detail holen wir mit lebendiger und moderner Einrichtung den Wald in unsere Cocktailbar. Wir sind ein Ort zum Genießen und Bezaubern. Schon beim Eintreten in die Cocktailbar wird jeder Gast von der stimmigen, gemütlichen Atmosphäre abgeholt. Der Schwerpunkt der Bar liegt dabei auf den außergewöhnlichen Cocktails. Es gibt 21 Eigenkreationen auf der Karte, aber auch Klassiker können gerne bestellt werden. Bei uns nimmt man sich Zeit, hat Ruhe zur Auswahl, lässt sich beraten und genießt die Drinks. Das Woods lebt von seiner Liebe zum Detail. Das stimmige Interior Design soll unsere Gäste zum Verweilen einladen. Wir sind ein Ort zum Genießen und Bezaubern und damit perfekt geeignet für kleine, aber sehr persönliche Firmenveranstaltungen. Egal ob es sich um ein exklusives Kundenevent oder die jährliche Weihnachtsfeier handelt, die Unterstützung unseres Teams und unserer Location kann sehr flexibel an die Agenda eines Events angepasst werden. Neben verschiedensten Tastings zu Whisky, Gin, Rum, Tequila oder Mezcal können wir natürlich auch unterschiedliche Cocktailkurse für Kunden oder Mitarbeiter anbieten. Der Ablauf kann sehr variabel gestaltet werden und ist unter anderem abhängig von der finalen Gruppengröße. Neben der Veranstaltung von Kursen ist natürlich auch die exklusive Anmietung unserer Bar möglich. Auch für das leibliche Wohl können wir, in gewissem Ausmaß, sorgen. Je nach Veranstaltungsformat können in unseren Räumlichkeiten bis zu 40 Personen Platz finden. Seit über zwei Jahren bieten wir für Firmen exklusive Cocktailkurse und Tastings über alle gängigen digitalen Konferenzsysteme an. Unser Team wahrt dabei stets einen professionellen und zuverlässigen Ablauf, sodass einem erfolgreichen Firmenevent nichts im Wege steht. Von der Veranstaltungsanfrage bis zum finalen Kurs kümmert sich unser Team um alle Aspekte. Digitale Cocktailkurse bieten, besonders im Hinblick auf die Anzahl der Teilnehmer eine große Flexibilität und können somit die p",Germany,1.645745,,,
Piccola Essen & Trinken,4405338.0,"Germany, North Rhine-westphalia, Köln, 50825",https://www.linkedin.com/company/piccolaessentrinken,piccola.de,"Unser Rezept? Ganz einfach: Wir lieben was wir tun und das schmeckt man! Im Piccola Essen & Trinken genießt man neben unserer vielgelobten Pizza & hausgemachten Pasta viele weitere Klassiker der echten italienischen Küche – Antipasti, Salate, leckere Dolci sowie saisonale Köstlichkeiten und wechselnde Kreationen aus unserer Special-Karte. Da ist für jeden Geschmack etwas dabei. Unsere Zutaten kommen zum größten Teil aus Italien, sind von bester Qualität und alle Gerichte werden frisch für euch zubereitet. Und falls du mal zu Hause genießen möchtest, liefern wir ausgesuchte Leckereien gerne mit unserem Piccola TO GO Service. Also dann … Buon Appetito!",Germany,4.405338,,,
Elunic AG,68180101.0,"Germany, Bavaria, Munich, 23 Erika-mann-str., 80636",https://www.linkedin.com/company/elunic-gmbh,www.elunic.com,"elunic bringt KI-Automatisierung in die industrielle Realität. Sicher, methodisch und partnerschaftlich: als Technologie-Partner mit Sitz in München verbinden wir strategische Beratung, erprobte Implementierungsmethodik und unsere Open Source KI-Plattform ShopfloorGPT. Mit über 15 Jahren Erfahrung in industrieller Digitalisierung begleitet unser Team aus KI- und Industriespezialisten Sie von der Potenzialanalyse über sichere Pilotprojekte bis zur skalierbaren Automation. Unsere KI-Plattform automatisiert Wissensarbeit vom Service-Ticket bis zur technischen Dokumentation. Flexibel einsetzbar von SaaS bis On-Premises, mit vollständiger Kontrolle über Ihre Daten. Die Open Source Plattform sichert Ihnen langfristige Unabhängigkeit und Wettbewerbsfähigkeit.",Germany,68.180101,,,
Hacon,245765481.0,"Germany, Lower Saxony, Hannover",https://www.linkedin.com/company/hacon,www.hacon.de,"Privacy Policy and Imprint: https://www.hacon.de/en/socialmedia Hacon, headquartered in Hanover/Germany, is a leading provider of software solutions for transport operators and passengers. With the aim of making tomorrow's mobility more sustainable, more convenient and accessible to everyone, the company, which was founded in 1984 and has nearly 500 highly qualified employees, is constantly developing its product portfolio. The focus is on Mobility as a Service solutions, travel information and ticketing, operator business products, and timetable design and scheduling.  Each day, Hacon´s apps and web-based solutions receive over 100 million requests from passengers who rely on HAFAS to empower their mobility choices; the software is considered the highest industry standard for trip planning throughout the world. Hacon´s mobile ticketing solutions can be incorporated to create an efficient and simple user experience for passengers, while the backend fleet management solutions add a new dimension of efficiency for both small and large operators. Since 2017, Hacon has been part of Siemens Mobility, where it forms the Software business unit with the companies eos.uptrade, Bytemark, Padam Mobility and Sqills.",Germany,245.765481,,,
Appmatics GmbH,47449623.0,"Germany, North Rhine-westphalia, Köln",https://www.linkedin.com/company/10246848,www.appmatics.de,"Appmatics GmbH is a premier quality assurance (QA) service provider that specializes in the testing of mobile applications and websites. Established in 2014, the company is dedicated to enhancing the quality and reliability of digital products through a wide array of testing services, including manual testing, test automation, user experience (UX) services, and QA consulting. Appmatics integrates seamlessly into the development processes of its clients, ensuring that quality assurance is prioritized at every stage of software development. The company serves over 200 partners across various industries, including notable brands such as Deutsche Bahn, TUI, and Heise Medien, helping them deliver exceptional user experiences and maintain high standards of digital excellence. With a strong commitment to agile methodologies and continuous improvement, Appmatics empowers its clients to achieve their digital goals efficiently and effectively. The company's mission is to enhance user experience by providing high-quality software testing services that cater to the diverse needs of its clients, particularly in sectors such as mobility, public transport, and airlines. Appmatics is also focused on ensuring digital accessibility and compliance with legal standards for websites and applications, fostering inclusivity in the digital space. The company collaborates closely with development teams to optimize processes and enhance communication, offering tailored testing solutions that improve software quality and user satisfaction. Their experienced testers conduct both structured and exploratory testing across multiple devices and versions, ensuring consistent functionality and performance. Appmatics' comprehensive end-to-end monitoring services guarantee that critical functionalities, such as ticket purchasing and user logins, operate seamlessly, thereby maintaining high customer satisfaction levels. With a commitment to delivering quick results and maintaining transparency throughout the testing phases, Appmatics aims to support clients in achieving successful product launches and ongoing quality assurance.",Germany,47.449623,,,
Fraunhofer-Allianz Verkehr,2598285.0,"Germany, North Rhine-westphalia, Dortmund, 2-4 Joseph-von-fraunhofer Str., 44227",https://www.linkedin.com/company/fraunhofer-allianz-verkehr,www.verkehr.fraunhofer.de,"Die Mobilität verändert sich. Doch wie wird der Verkehr der Zukunft aussehen? Welche Trends und Innovationen werden die aktuellen Herausforderungen lösen? Diesen Fragen stellt sich die Fraunhofer-Allianz Verkehr mit ihrem verkehrsrelevanten Know-How. Um ganzheitliche Mobilitäts-Lösungen anbieten zu können, arbeiten die Wissenschaftlerinnen und Wissenschaftler von Fraunhofer in den verkehrsträgerspezifischen, untereinander vernetzten Arbeitsgruppen - Automotive, Commercial Transport, People Mobility, Rail und Waterborne.   Unsere Arbeitsgruppen Die Forschungsschwerpunkte Interieur, Fahrzeugkonzepte, Elektronik & Embedded Systems sowie Modellierung & Simulation stehen auf der Agenda der AG Automotive. Im Bereich der Fahrzeugkonzepte arbeiten unsere Kolleginnen und Kollegen u.a. in Projekten zum automatisierten & vernetzten Fahren.  Die AG Commercial Transport stellt sich Fragen aus den Bereichen Automatisierung des Güterverkehrs sowie der Ver- und Entsorgung periurbaner Räume, entwickelt Transportkonzepte für den Güterverkehr und begleitet Unternehmen bei der Elektrifizierung ihrer Nutzfahrzeug-Flotten. Die AG Rail erarbeitet für und mit Bahnunternehmen, Infrastrukturbetreibern, Herstellern von Schienenfahrzeugen und Logistikdienstleistern Forschungsthemen aus den Bereichen Digitalisierung, Automatisierung, Safety & Security, Umwelt & Energie sowie Lebenszyklusmanagement. Themen der Automatisierung im Rail-Sektor sind das automatisierte Fahren, der Umschlag von Gütern sowie die Vernetzung. Im Bereich der People Mobility werden z.B. Lösungen für den Ausbau des ÖPNV, die Anbindung des ländlichen Raums, die Gestaltung urbaner Räume und die Sicherheit des Verkehrs erarbeitet sowie intelligente Verkehrssteuerungssysteme und Ticketing-Systeme entwickelt. Das Forschungsspektrum der AG Waterborne reicht von der Entwicklung von Assistenzsystemen auf Basis von Augmented Reality bis hin zur Hafen- und Terminalplanung, der betriebswirtschaftlichen Analyse maritimer Industrie und",Germany,2.598285,,,
Maintastic,2770250.0,"Germany, North Rhine-westphalia, Aachen, 259 Vaalser Straße",https://www.linkedin.com/company/oculavis-gmbh,maintastic.com,"Maintastic is the AI-driven CMMS (Computerized Maintenance Management System) designed for collaborative asset care. The system is the go-to choice for mobile-first teams and transforms how maintenance work is organized, executed, and documented. It puts everything maintenance professionals need right at their fingertips. With its intuitive mobile app for day-to-day operations, Maintastic enables teams to ensure machine availability and stay productive. Whether capturing issues, managing assets and tickets, creating work orders, providing checklists and instructions for standard operating procedures (SOPs), or collaborating with machine suppliers via video and chat – Maintastic brings clarity, consistency, and efficiency to every task. The CMMS unlocks the full potential of both reactive and preventive maintenance. Technicians can report and resolve problems quickly thanks to AI-powered ticketing, while teams gain visibility into recurring activities and inspection routines to ensure nothing falls through the cracks. This dual approach helps organizations maintain control, reduce costly downtime, and keep operations running smoothly. By combining artificial intelligence with human expertise, Maintastic empowers maintenance teams to work smarter, collaborate better, and stay ready for the challenges of tomorrow.",Germany,2.77025,,,
BERLIN CHURCH,5740325.0,"Germany, Berlin, Potsdamer Platz",https://www.linkedin.com/company/berlin-church,berlin.church,"Berlin Church stands out as a local phenomenon attracting crowds of worshippers from over 90 nationalities. With its lively and spirited interpretation of historical Protestantism, the church holds a special appeal for young individuals seeking to connect with the Christian faith in an urban environment. Located in the CinemaxX Berlin for more than 14 years, Berlin Church is a staple event on Sundays at Potsdamer Platz. Free entry without ticket at Voxstrasse - look for the church signage. Service times on Sunday: 11am, 1pm and 3pm Kids Programs at 11am and 1pm",Germany,5.740325,,,
GetYourGuide,822479295.0,"Germany, Berlin, Berlin",https://www.linkedin.com/company/getyourguide-ag,getyourguide.careers,"GetYourGuide is a leading online platform that connects travelers with a diverse array of activities and experiences worldwide. The company is dedicated to making travel more accessible and enjoyable by offering curated tours, tickets, and unique experiences that cater to a wide range of interests, from cultural walking tours to thrilling adventure activities. With a mission to empower travelers to discover and book unforgettable experiences, GetYourGuide collaborates with local tour operators and attractions to provide high-quality offerings that enhance the overall travel experience. The platform targets both leisure travelers eager to explore new destinations and locals seeking unique activities in their own cities. By utilizing customer ratings, popularity, and availability, GetYourGuide ranks activities to help users make informed choices, ensuring a seamless booking experience. The company boasts a diverse team of over 800 employees from more than 75 nationalities, fostering a culture of collaboration and innovation that enhances customer service. GetYourGuide serves a global audience of travelers in search of authentic experiences, partnering with local suppliers and activity providers to offer a comprehensive selection of options. By leveraging advanced data models and analytics, the company continuously improves its offerings and user experience, positioning itself as the go-to resource for travelers looking to explore new destinations. Through its commitment to quality and customer satisfaction, GetYourGuide aims to transform the way people experience the world.",Germany,822.479295,,,
Panik City - Udo Lindenberg Touren Und Eventlocation,2853276.0,"Germany, Hamburg, Hamburg, 21-22 Spielbudenplatz, 20359",https://www.linkedin.com/company/panikcity,www.panikcity.de,"Erlebe es selbst auf Hamburgs Reeperbahn: Udo Lindenbergs Leben in 90 Minuten. Tickets unter der Woche bereits ab 24,50€ PANIK CITY – UDO LINDENBERGS MULTIMEDIA ERLEBNIS im Klubhaus St. Pauli   Auf einer Fläche von etwa 700 m² ist die PANIK CITY – UDO LINDENBERGS MULTIMEDIA ERLEBNIS auf Hamburgs Reeperbahn im Klubhaus St. Pauli zu Hause. Das innovative Technik-, Kunst- und Kultur-Projekt zeichnet das musikalische, künstlerische und gesellschaftspolitische Wirken des Ausnahmekünstlers Udo Lindenberg nach und macht es mittels technischer Innovationen erlebbar.  In Gruppen von bis zu 20 Personen führen unsere kompetenten und gut gelaunten Guides in 90 Minuten durch die verschiedenen Lebensstationen von Udo Lindenberg.  Udo Lindenbergs Leben in 90 Minuten: * 7 Stationen auf 700m² * innovative Multimedia-Technik * Absturz und Comeback * Jugend in Gronau * Engagement für den Mauerfall * Besuch in Udos Tonstudio * Virtual Reality * Live Konzert-Erlebnis * interaktiver Besuch in Udos Atelier * sein Leben im Hotel Atlantic   Eine geniale Ausstellung und Erlebniswelt für Touristen, Fans und alle, die Fans werden wollen. Hier gibt’s Erkenntnisgewinn mit dem berühmten Lämpchen, das einem aufgeht. Zum Staunen. Zum Mitmachen. Zum Anfassen. Panik City: das ist Infotainment mit Musik, Technik und viel, viel Spaß.  Multimediale Erlebnislocation mit Likörelle Bar auf der Hamburger Reeperbahn Deine Events in spannender Atmosphäre. Über den gläsernen Panoramafahrstuhl im Klubhaus St. Pauli geht es in die außergewöhnliche Location mit Rock’n’Roll Flair. Auf insgesamt 700 m² Fläche befinden sich sechs detailliert gestaltete Räume, jeder mit ganz individueller Atmosphäre. Zentrale und exklusive Location im Herzen der Reeperbahn. Flexibler Platz für 20 bis 100 Gäste. Catering, Drinks, Arrangements und Zusatzangebote buchbar. Infotainment mit Musik, Technik und jeder Menge Party-Spaß.",Germany,2.853276,,,
TeamEscape Köln,5717617.0,"Germany, North Rhine-westphalia, Köln, 5 Im Zollhafen, 50678",https://www.linkedin.com/company/teamescape,www.teamescape.com,"Die alternative Freizeitaktivität: Ein Raum, ein Team, eine Aufgabe! Nur ihr und euer Scharfsinn gegen die Zeit. Hinweise finden, Rätsel lösen, Gegenstände miteinander kombinieren – mit einem einzigen Ziel: Entkommen! Erkennt die Zusammenhänge, entdeckt die Verstecke. Benutzt euren Verstand und eure Phantasie, um dem Geheimnis der Räume auf die Spur zu kommen. Der neueste Trend für Jung und Alt jetzt auch in deiner Nähe. Suche den nächsten Standort unter www.teamescape.com und sichere dir ein Ticket für ein einmaliges Erlebnis. _____________________________________ Break the routine: One room, one team, one challange. Only you and your teammates’ minds in a race against time. Find hidden objects and hints, combine them, and solve mysteries and puzzles. All of this with only one goal in mind – to escape the room! Recognize connections and discover secret hiding places. Use your mind, teamwork, and ingenuity to uncover the mystery of the room. Book your unique and extraordinary activity here: www.teamescape.com",Germany,5.717617,,,
HAGENBAD GmbH,2853276.0,"Germany, North Rhine-westphalia, Hagen, 5 Am Pfannenofen, 58097",https://www.linkedin.com/company/hagenbad-gmbh,www.hagenbad.de,"Wir, die Hagenbad GmbH, gestalten die Bäderlandschaft in Hagen und sind Teil der HVG-Gruppe. Rund 80 Mitarbeitende sowie ca. jedes Jahr drei bis sechs Auszubildende sorgen seitdem dafür, dass sich die zahlreichen Badegäste (ca. 700.000 Besucher*innen pro Jahr) in den Freizeitanlagen wohl fühlen. Neben dem Freibad Südufer Hengstey und Erlebnisbad Hestert sowie dem Hallenbad Richard-Römer-Lennebad betreibt die Hagenbad GmbH die Freizeit- und Wellnessoase Westfalenbad – eines der größten Multifunktionsbäder mit Premium-Saunalandschaft und großzügigem Sportbereich in NRW, das Besucher*innen weit über die Grenzen Hagens hinaus anlockt. Um diese Freizeitgestaltung zu ermöglichen suchen wir stets tatkräftige Teammitglieder! Wir bieten: • ein interessantes und abwechslungsreiches Aufgabengebiet inkl. einer qualifizierten Einarbeitung • aufgeschlossenes, dynamisches und fachlich kompetentes Team • attraktive Vergütung nach dem TVöD (VKA) inkl. Jahressonderzahlung • leistungsgerechtes Ziel- und Beurteilungssystem • tarifvertragliche Altersversorgung • individuelle Fort- und Weiterbildungsmaßnahmen • betriebliches Gesundheitsmanagement z. B. kostenloses Obst und Wasser • JOB-Rad und Corporate-Benefits • Mitarbeitendenevents  • attraktive Sozialleistungen und Vergünstigungen innerhalb des HVG-Konzerns, z B. Deutschland-Ticket Impressum: https://www.hagenbad.de/impressum Datenschutz: https://www.hagenbad.de/datenschutz",Germany,2.853276,,,
Attractix GmbH,2858808.0,"Germany, Berlin, Berlin, 146 Torstr.",https://www.linkedin.com/company/the-nats,www.attractix.de,"attractix ist ein wegweisendes Besuchermanagement-System für Museen und Attraktionen, das durch innovative Lösungen wie automatisiertes Dynamic Pricing und eine cloudbasierte Ticketkasse den Weg für eine effiziente und zukunftsorientierte Besucherführung ebnet. Diese revolutionäre Software optimiert nicht nur den Umsatz, sondern bietet auch ein unvergessliches Buchungserlebnis. Mit einer maßgeschneiderten Lösung für das Besuchermanagement bringt attractix die Zukunft des Ticketverkaufs auf eine neue Ebene. Das automatisierte Dynamic Pricing ermöglicht eine Echtzeit-Anpassung der Eintrittspreise auf Basis von Faktoren wie Auslastung, Buchungsvolumen, Zeitraum und sogar Wetterbedingungen. Diese intelligente Preisgestaltung sorgt für eine optimierte Verteilung der Besucherströme über den Tag hinweg, minimiert Warteschlangen und steigert gleichzeitig die Einnahmen für Museen und Attraktionen. Die cloudbasierte Ticketlösung von Attractix bietet eine nahtlose Integration in bestehende digitale Infrastrukturen. Von der komfortablen Online-Ticketbuchung bis hin zur reibungslosen Zutrittskontrolle vor Ort deckt das System alle Aspekte der Besucherverwaltung ab. Zudem erlaubt es eine Kommunikation mit Besuchern, um nach ihrem Erlebnis Feedback zu erhalten und somit das Besuchererlebnis kontinuierlich zu verbessern. attractix ist nicht nur ein Ticketsystem, sondern ein ganzheitlicher Partner für Museen und Attraktionen. Es bietet nicht nur innovative Lösungen für einen effizienten Ticketverkauf und eine angenehme Besucherführung, sondern stellt auch die Weichen für eine sozialverträgliche und nachhaltige Besuchergewinnung. Diese zukunftsweisende Software verspricht nicht nur Umsatzwachstum, sondern auch eine gesteigerte Besucherzufriedenheit und eine optimale Auslastung – alles in einem System, maßgeschneidert für die Anforderungen der modernen Besuchermanagement-Landschaft. attractix – für Museen und Attraktionen, die mehr als nur ein Ticketsystem suchen.",Germany,2.858808,,,
P5 THE PROPERTY KONGRESS,12204653.0,"Germany, Hesse, Wiesbaden, Adolfsallee, 65185",https://www.linkedin.com/company/p5-property-kongress,www.p5.immo,"Vom 20. - 21. Mai 2026 öffnen wir erneut in der Finanzmetropole Frankfurt am Main die PSD Bank Arena. P5 meets Festival Ein Kongress zu den wichtigsten Themen der Immobilien-Wirtschaft: - Bestand: Kommt die Zwangssanierung? Wie damit umgehen als Bestandshalter? - Bau: Wie sieht die Zukunft von Projektierern aus? - ESG: Worauf setzen die Profis bei Nachhaltigkeit? - Finanzierung: Wie man auch in Krisenzeiten klug finanziert! - Prop-Tech: Die heißesten Prop-Techs und was machen sie genau? Über 5000 Teilnehmer werden an zahlreichen Masterclasses und Keynote-Speaches teilnehmen! Eine begleitende Ausstellung bietet unzählige Gelegenheiten zum Networken mit anderen Teilnehmern sowie für interessante Fachgespräche mit Experten aus den unterschiedlichsten Bereichen. Weitere Informationen zum Programm, den Speakern und auch den Tickets folgen in Kürze.",Germany,12.204653,,,
Aiden,1219868.0,"Germany, Berlin, Berlin",https://www.linkedin.com/company/hireaiden,getaiden.com,"Aiden (Aiden Immo GmbH) is an advanced AI-Assistant for residential real estate, designed to automate tenant communication and streamline issue resolution.  Key features include: •	Automated Communication: Aiden handles tenant interactions via WhatsApp, email, and soon phone, providing seamless multilingual support. •	Intelligent Ticketing: Aiden automatically creates, organizes, and prioritizes tickets, centralizing all communications and documentation. •	Smart Recommendations: Aiden suggests optimal content for tasks like quotations and insurance claims, allowing one-click task execution. By blending AI-powered automation with deep real estate expertise, Aiden helps residential real estate companies and property managers boost efficiency and tenant satisfaction, requiring hardly any upfront setup or time investment.",Germany,1.219868,,,
Scoperty,626883.0,"Germany, Bavaria, Munich, 14 Luise-ullrich Straße, 80636",https://www.linkedin.com/company/scoperty,scoperty.de,"Scoperty ist ein digitaler Marktplatz, der den Immobilienmarkt in Deutschland transparenter und agiler machen möchte. Wir haben über 35 Millionen Immobilien mit einem aktuellen Schätzwert auf unserer Scoperty-Karte hinterlegt. Durch diese schaffen wir einen Vormarkt, der es ermöglicht, Gebote auf Immobilien abzugeben, die noch nicht offiziell auf dem Markt sind und als Eigentümer diese noch vor dem Verkaufsstart zu erhalten. Im Fokus unserer Arbeit stehen dabei Transparenz, Kontrolle und Unterstützung in den komplexen Prozessen während des Immobilien(ver-)kaufs. Ab jetzt heißt es: Immobilien beginnen mit Scoperty.",Germany,0.626883,,,
Glocken-Apotheke,558258.0,"Germany, North Rhine-westphalia, Bochum, 2 Bessemerstraße, 44793",https://www.linkedin.com/company/glocken-apotheke-bochum,www.glocken-apotheke-bochum-app.de,"Unsere Apotheke wurde 1908 in Bochum gegründet und über mehrere Generationen weitergeführt. Seit November 2019 wird Sie von mir, Herrn Apotheker George Daye, geführt. Unsere Schwerpunktbereiche sind : Tests (Blutdruckmessung), BMI (Body-Mass-Index), Krankenpflege (Inkontinenzversorgung, Kompressionsstrümpfe), Haut (Bepanthol, CeraVe, Daylong, Ducray, Eubos, Eucerin, Excipial, Freiöl, La Roche-Posay, Linola, Wala, Weleda), Ernährung (Akne, Cholesterin, Diabetes, Gicht, Neurodermitis, Schwangerschaft, Senioren, Stillzeit, Übergewicht), Überprüfung (Erste-Hilfe-Schrank, Hausapotheke, Kfz-Verbandkasten, Reiseapotheke). Online Bestellung, E-Rezept und Lieferservice sind möglich. Vor Ort Bezahlung mit: EC-Karte, G-Pay, Apple Pay, Kreditkarte uvm.",Germany,0.558258,,,
Van Almsick & Team GmbH & Co KG,2040844.0,"Germany, Bavaria, Grünwald, 24 Südliche Münchner Str., 82031",https://www.linkedin.com/company/van-almsick-team-gmbh-co-kg,www.vanalmsick.com,"Inspiration ist unser Motor. Vor 30 Jahren entstanden aus der Leidenschaft für Musik und Menschen, seitdem Hand in Hand mit den größten Künstlern unserer Zeit. Mit steter Anerkennung für die besonderen Leistungen, den Mix der Kulturen und die damit verbundenen Lebensentwürfe. Unsere Künstler stehen für diese besonderen Lebensentwürfe. PUBLICITY Wir stehen Vorne bei der Kommunikation für Musiker und Genies, Festivals und Events. Unser Team bildet die freundliche und schnelle Full-Service-Agentur, die Medienmanagement, PR & Marketing national wie international, professionell wie erfahren umfasst. Wir plakatieren von Sydney über Singapore bis Hamburg-Altona, schalten TV Spots, Radiotrailer und Anzeigen von New York über Warschau bis Buenos Aires und platzieren unsere Künstler im TV in über 40 Ländern. STRATEGIE Wir sind das geheimnisvolle Extra Ihrer Kampagne. Ihre Storyteller mit der Sie Ihre Werbe- & Marketingergebnisse maximieren.  Wir setzen Ihre Kampagne optimal für die Medien und Ihr Publikum um. Mit uns bekommen Sie Aufmerksamkeit, Anerkennung und eine unverwechselbare Identität. In der Folge erreichen Sie mehr Menschen über mehr Tickets, mehr Tonträger, mehr Bücher, mehr Downloads.  MANAGEMENT Wir verstehen Management. Aber wir verstehen es nicht als Berufung, sondern das Wissen darum hilft uns einander besser zu verstehen. Unser Ziel ist es, gemeinsam mit unseren Künstlern, dem Management, den Tonträgerfirmen, den Veranstaltern und allen verbunden Menschen ein großes Publikum zu erreichen und es zu Freunden zu machen. Dafür arbeiten und beraten wir. Mit unserem Netzwerk, unsere Erfahrung, unserer Leidenschaft.",Germany,2.040844,,,
Haldern Pop Festival,2885569.0,Germany,https://www.linkedin.com/company/haldern-pop-festival,www.haldern-pop.de,"anual festival of contemporary music (mostly dutch, canadian, britsih, us, scandinavian) in a small village on the eastern bank of river rhine, close to the dutch border. only max 6000 tickets sold, very much focused, dedicated audience from all over the world. very well equipped main stage + historic mirrortent 800 capacity. haldern pop festival also runs a label (haldern pop recs.), a bar/ pub (haldern pop bar), haldern-pop.tv. 2010 ca. 200 media people were accredited. broad and friendly media coverage.",Germany,2.885569,,,
Martin Limbeck Training Group,8012423.0,"Germany, North Rhine-westphalia, Dinslaken, 12 Rubbertskath, 46539",https://www.linkedin.com/company/martin-limbeck-trainings-team,www.limbeckgroup.com,"Are you looking to maximally boost your performance, motivation, efficacy, and sales figures? Sales training programs that really make a difference? In that case, the Limbeck Group is your golden ticket.   ✔️ Quality of Our Trainers You are benefiting from genuine practitioners who provide you with knowledge gained in the field to be used in the field. ✔️ Specialization in Sales Security through experience—since 1992 we’ve committed ourselves to the areas of in-house sales, field sales, and sales management. Ours isn’t a “hawker’s tray”—we have resolved to focus exclusively on sales in order to be a genuine partner in your ventures.  ✔️ Content & Structure of Seminars Our seminars are tailored to our clients in such a way that our participants remain inspired by them.  ✔️ Customization of Seminars According to Your Needs Genuine learning instead of seminar tourism: We place great importance on providing you with real solutions for your imminent challenges.  ✔️ Strong Customer Loyalty and Support The sustained dialog between our clients and our company before, during, and after the training process is of great importance for a successful training program.  ✔️ Practical Relevance and Implementation of the Seminars Our seminars are characterized by the fact that our participants receive concrete guidelines and recommendations regarding the proper approach to the sales process.  ✔️ A Closing-Oriented Approach You will close your deals—guaranteed! Our reasoning and course of action is success- and performance-oriented, and in our training sessions we systematically and meticulously work out the individual steps within the sales process. ✔️ Measurable Success You will measure us by the measurability of our performance. Get to know us: live in the seminar hall, virtually through the online academy, or intensively through your customized LOOP process. Our work is not done until your team is ready to go. You can count on it. https://www.limbeck-training.com",Germany,8.012423,,,
Scalentry,885586.0,"Germany, Hamburg, Hamburg",https://www.linkedin.com/company/scalentry,,"• Expert Sales Team Interventions: Boost your sales performance with our skilled sales professionals who specialize in closing high-ticket deals. • Strategic Operational Improvements: Streamline your operations for maximum efficiency and scalability. • Customized Sales Systems: Develop tailored sales systems designed to convert leads effectively and consistently. • Revenue Operations Optimization: Enhance your revenue streams through strategic analysis and implementation of best practices. •Holistic Business Consulting: Receive comprehensive advice covering finance, operations, and sales to support sustainable business growth. • Lead Generation Strategies: Implement proven systems to generate a steady flow of high-quality leads. • Operational Automation: Reduce manual tasks and increase efficiency with cutting-edge automation solutions. • Performance Metrics and Analysis: Track and analyze key performance indicators to ensure continuous improvement and growth. • Personalized Growth Plans: Develop and execute customized plans to scale your coaching and achieve your goals.",Germany,0.885586,,,
ProLEADERSHIP Community,5193000.0,"Germany, Bavaria, Munich, 17 Schönfeldstraße, 80539",https://www.linkedin.com/company/proleadership-community,www.hitschmann.info,"Werdet auch ihr ein Teil einer starken Community von Führungskräften, aus Projektleiter:innen, Teamleiter:innen, Agile Coaches, Product-Owner, Scrum-Master und Workshop-Moderator:innen, die sich regelmäßig treffen, austauschen und sich neue Impulse und Inputs für ihren beruflichen Erfolg holen: 𝗞𝗢𝗟𝗟𝗔𝗕𝗢𝗥𝗔𝗧𝗜𝗩: Werde Teil einer großen Community, in der sich geteiltes Wissen exponentiell vermehrt. 𝗭𝗨𝗞𝗨𝗡𝗙𝗧𝗦𝗙𝗜𝗧: Soziale Kompetenzen sind Dein Ausweg aus der VUCA- und KI-Falle! 𝗦𝗘𝗟𝗕𝗦𝗧𝗕𝗘𝗦𝗧𝗜𝗠𝗠𝗧: Entscheide selbst wann und zu welchen Themen Du Dich als Führungskraft weiterentwickeln möchtest. 𝗜𝗡𝗡𝗢𝗩𝗔𝗧𝗜𝗩: Sei bei etwas ganz Neuem dabei – neue Themen, neue Settings, neue Leute! 👉 Sei vom Start weg mit dabei! ✅ sichere Dir ein 𝗘𝗔𝗥𝗟𝗬-𝗕𝗜𝗥𝗗 Ticket ✅ 𝟳 𝗧𝗮𝗴𝗲 𝗙𝗿𝗲𝗲 𝗧𝗿𝗮𝗶𝗹 ✅ jede Woche ein 𝗻𝗲𝘂𝗲𝘀 𝗧𝗵𝗲𝗺𝗮! ⬇️ ⬇️ ⬇️ Registriere Dich jetzt bei unserer proLEADERSHIP Community",Germany,5.193,,,
X-coaching,237174.0,"Germany, Grafschaft, 3 An Der Hudelslinde, 53501",https://www.linkedin.com/company/x-coaching,www.x-coaching.eu,"XCoaching  Reservierungssysteme: XCoaching bietet Ihnen Schulungen für…  Galileo, Flugreservierung und Ticketing Amadeus, Flugreservierung und Ticketing sowie BSP und IATA allgemein Buchen Sie noch heute Ihre individuelle Schulung, die ganz auf die Bedürfnisse Ihres Unternehmens zugeschnitten ist. Ich freue mich auf Ihre Anfrage: info@x-coaching.eu",Germany,0.237174,,,
Human Design Club,2337095.0,"Germany, Berlin, Berlin, 139 Kantstr., 10623",https://www.linkedin.com/company/humandesignclub,humandesignclub.com,Starte durch mit dem Human Design Club: Dein Ticket in die Welt der Selbstentdeckung und persönlichen Transformation! Erstelle Dein Chart unter: https://humandesignwork.com/,Germany,2.337095,,,
Ablefy,1108100.0,"Germany, Bern, Berlin, 125 Potsdamer Straße, 10783",https://www.linkedin.com/company/6601019,ablefy.io,"ablefy is the SaaS-Tool made for entrepreneurs to setup, manage and scale their digital businesses around digital products, online courses, memberships, tickets and digital services!   Join us on our journey, work for one of Germany's most progressive ventures and take over highly impactful tasks from day one.",Germany,1.1081,,,
Digikett Etiketten-Formulardruck- Und Laminiertechnik GmbH,6544808.0,"Germany, San Luis, Glücksburg, 5 Gildestrasse, 24960",https://www.linkedin.com/company/digikett-etiketten-formulardruck--und-laminiertechnik-gmbh,www.digikett.de,"Digikett ist auf innovative und hochwertige Druckprodukte spezialisiert, die Ihr Unternehmen aus dem üblichen Papier-Einerlei herausheben. Wir produzieren Druckerzeugnisse mit integrierten, laminierten Karten oder Etiketten, die nahtlos in das Papier eingebettet sind und sich kinderleicht herauslösen lassen. Ebenso sind wir Spezialisten für Endlosformulare und personalisierte Werbesendungen. Unsere integrierten Karten nennen wir DiCard. Sie können diese Karten mit jedem Ihrer Standard-Laserdrucker beschriften. Die benutzten Folien sind speziell für diese Anwendung vorbehandelt. Die integrierte Karte wird stegfrei angestanzt und von einer dünnen Trägerbahn gehalten. Integrierte Etiketten, manchmal auch Sesam- oder Laseretiketten genannt, nennen wir Digiketten. Dieses sind in einem Formular (Blatt Papier) eingebettete Etiketten, die mit einer Hinterklebung versehen sind. Integrierte Etiketten können auf allen herkömmlichen Druckern beschriftet werden.",Germany,6.544808,,,
PPS GmbH,1308961.0,"Germany, Bavaria, Bergen, 172 Bahnhofstraße, 83346",https://www.linkedin.com/company/pps-gmbh-bergen,www.pps-print.de,"🌟 Willkommen bei PPS GmbH – Ihrem Partner für innovative Kartenlösungen seit über drei Jahrzehnten! 🌟 💼 Über uns: Seit mehr als 30 Jahren bietet die PPS GmbH führende Kartenlösungen für eine Vielzahl von Branchen an. Unser Ziel ist es, Produkte und Dienstleistungen von höchster Qualität zu liefern, die die Erwartungen unserer Kunden übertreffen. 💳 Unser Angebot: Wir bieten eine breite Palette von hochwertigen und individuellen Kartenlösungen an, darunter Kunden-, Geschenk-, Zutritts- und Ausweiskarten. Mit der Einführung des PPS-Wallets haben wir die nächste Generation der Kartentechnologie eingeleitet, indem wir die klassische Karte durch digitale Lösungen für Apple & Google Wallet ersetzt haben. Die PPS Hybrid Karte ermöglicht einen sanften Übergang von der physischen zur digitalen Karte und vereint das Beste aus beiden Welten. 🌱 Nachhaltigkeit im Fokus: PPS verpflichtet sich zur Nachhaltigkeit mit umweltfreundlichen Materialien und CO2-neutraler Produktion. Durch eine Partnerschaft mit ClimatePartner gleichen wir Emissionen aus Produktion, Transport und Entsorgung aus und unterstützen globale Klimaschutzprojekte. Unsere Kunden können individuelle Klimaschutzprojekte wählen, die durch einen QR-Code auf jeder Karte sichtbar gemacht werden. 🤝 Unsere Werte: Wir sind bestrebt, die Erwartungen unserer Kunden zu übertreffen und langfristige Partnerschaften aufzubauen. Unsere Werte umfassen Qualität, Innovation, Kundenzufriedenheit und Nachhaltigkeit. 🔍 Erfahren Sie mehr: Besuchen Sie unsere Website, um die Vielfalt unserer hochqualitativen und individuellen Kartenoptionen zu entdecken und sich von der Zukunft der Karteninnovationen inspirieren zu lassen.",Germany,1.308961,,,
Online Print Summit,1308961.0,"Germany, Bavaria, Garching Bei München, 10 Walther-von-dyck Straße, 85748",https://www.linkedin.com/company/online-print-symposium,online-print-summit.com,"After 12 events, more than 100 speakers, and around 3,000 visitors, it’s time for the next chapter. In 2026, the Online Print Symposium will become the Online Print Summit. And it’s not just the name that’s becoming more international – the concept itself is reaching a new level. Alongside the conference, 2026 will debut Executive Briefings, C-Level Classrooms, and other interactive program formats. Don’t miss this opportunity to be part of it and secure your ticket now!",Germany,1.308961,,,
Hagmaier Etiketten GmbH,3650717.0,"Germany, Baden-württemberg, Münsingen, 61 Dottingerstraße, 72525",https://www.linkedin.com/company/hagmaier-etiketten,www.hagmaier-etiketten.de,"KOMPETENZ trifft LEIDENSCHAFT Die Begeisterung für die Produkte, die wir herstellen, ob Tausend oder Hunderttausende, ob einfaches Blanko-Etikett, beidseitig bedruckte Tickets mit Sonderstanzung, individuelle Codierung, mehrfarbig bedruckte Haftetiketten auf Rolle, Leporello oder Bogen oder das berührungslose Drucken und Stanzen mit UV-Digital-Inkjet und Laserstanze. Doch keine Technologie liefert Ihre Etiketten und Tickets komplett eigenständig. Es sind Menschen die dahinter stehen, mit vollem Einsatz, teilweise im Schichtbetrieb. Die Erfahrung der Jahre, die Freude an der Technik, die Lust an der Herausforderung, die Verbindung  zu nationalen und internationalen Verbänden, der gute Umgang mit Kollegen, Kunden und Lieferanten in der Branche, motiviert uns für die tägliche Herausforderung.",Germany,3.650717,,,
Diagramm Halbach GmbH & Co. KG,27641143.0,"Germany, North Rhine-westphalia, Schwerte, 14 Am Winkelstück, 58239",https://www.linkedin.com/company/diagramm-halbach-gmbh-&-co-kg,www.halbach.com,"Willkommen bei Diagramm Halbach! Als familiengeführtes Traditionsunternehmen zählen wir zu den führenden Herstellern von Spezialpapier- und Printprodukten sowie Zubehör in den Bereichen Healthcare, Ticketing und Etikettierung. Mit rund 200 engagierten Mitarbeiterinnen und Mitarbeitern und Kunden in über 70 Ländern stehen wir für Präzision, Sicherheit und Verlässlichkeit im Druck. Unsere Wurzeln liegen im klassischen Druckhandwerk – unser Anspruch ist es, diese Erfahrung mit moderner Technologie zu verbinden und damit hochwertige Lösungen für unsere Partner weltweit zu schaffen. Nachhaltigkeit ist dabei fester Bestandteil unserer Unternehmens-DNA. Wir denken langfristig – in der Verantwortung gegenüber Umwelt, Gesellschaft und den kommenden Generationen. Ressourcenschonende Prozesse, umweltfreundliche Materialien und ein kontinuierlicher Verbesserungsanspruch prägen unser tägliches Handeln.",Germany,27.641143,,,
HAUBOLD + SPERLING GMBH,9131316.0,"Germany, Hesse, Eschwege, 16 Leuchtbergstraße, 37269",https://www.linkedin.com/company/haubold-sperling-gmbh,www.haubold.com,"HAUBOLD – PRINTED SECURITY. TRADITION SINCE 1893. Wir sind ein Familienunternehmen in fünfter Generation und blicken auf mehr als 130 Jahre Erfahrung im Bereich Fahrschein-, Ticket- und Sicherheitsdruck zurück. Unser Portfolio umfasst die Gestaltung und Produktion von Eintrittskarten, Fahrscheinen, Gutscheinen, PVC-Karten, Sicherheitsdrucken und staatlichen Dokumenten wie Schecks, Steuerbanderolen oder Visa-Stickern. Als eine der wenigen Sicherheitsdruckereien Europas sind wir nach dem neuesten Intergraf-Sicherheitsdruckstandard ISO 14298 zertifiziert. Qualität, Kontinuität und Innovation prägen seit jeher unsere Arbeit. Mit innovativem Sicherheitsdesign, engagierten Mitarbeitern und langjährigen Partnerschaften bieten wir Ihnen ein Produktportfolio, das höchste Sicherheits- und Qualitätsstandards erfüllt.",Germany,9.131316,,,
Beckerbillett GmbH,6472658.0,"Germany, Hamburg, Hamburg, 61 Fangdieckstraße, 22547",https://www.linkedin.com/company/beckerbillett-gmbh,beckerbillett.de,Beckerbillett GmbH is a ticketing and printing company based out of Germany.,Germany,6.472658,,,
CreateYourCard UG,2617923.0,Germany,https://www.linkedin.com/company/createyourcard,www.createyourcard.de,"Bei CreateYourCard kannst due eure Hochzeitskarte so gestalten, wie sie euch gefällt. In einfachen Schritten gelangst du von eurem individuellen Hochzeitslogo zu eurer fertigen Karte. Wir arbeiten mit einer regionalen Druckerei zusammen, um hochwertige Drucke sicherstellen zu können. Auch die Papierauswahl im Shop wurde mit großer Liebe für euch ausgesucht und ist ein Premiumpapier, dass ihr an der Haptik spüren könnt.",Germany,2.617923,,,
HEIDENREICH GROUP,6517621.0,"Germany, North Rhine-westphalia, Bünde, 11 Theodor-rosenbaum-straße, 32257",https://www.linkedin.com/company/heidenreich-print-gmbh,heidenreich-print.de,"Das ist die HEIDENREICH GROUP:  HEIDENREICH CARD, flowcorr und ORO Promotion bilden gemeinsam eine einzigartige Firmengruppe. Durch die Bündelung unserer Kompetenzen, den Wissensaustausch und die Verknüpfung unserer Schnittstellen bieten wir Ihnen seit über 30 Jahren den entscheidenden Mehrwert. HEIDENREICH CARD GmbH & Co. KG  Spezialisiert auf die Produktion von Trägerkarten mit aufgespendeter Gutschein-Karte für den Onlinehandel, entstehen Druckprodukte mit Mehrwert. flowcorr GmbH Der Spezialist der Wellpappenindustrie: flowcorr produziert Kleinserien in Komplettfertigung. ORO Promotion Von Adventskalender über Brieflose bis hin zu codierten Rubbelkarten. Für jede Marketingbotschaft das richtige Produkt im ORO Promotion Portfolio.",Germany,6.517621,,,
Erasmus By Train,1215320.0,"Germany, Berlin, Berlin",https://www.linkedin.com/company/erasmus-by-train,www.erasmusbytrain.eu,"We aim to link the Erasmus+ programme with sustainable travel for a greener and more united Europe. We find it contradictory that the EU, which sees itself as a sustainable player, indirectly promotes air travel, because there is no sufficient support for sustainable means of travel for Erasmus+ participants. The European Green Deal is only worthwhile if the European programmes themselves become more sustainable. We believe that an extension of the Erasmus+ scholarship in the form of an Erasmus+ ticket which would cover travel to and from the Erasmus destination will lead to a significant decrease in air travel. In the meantime, we hope that this change in scholarships also sensibilizes students for sustainability issues and sustainable travel. This could further impact inter-European train connections and cooperation. In addition, we expect Erasmus by Train to provide a more wide-ranging and exciting experience of Europe. Europe and its open borders would no longer be ""flown over"" but rather truly experienced.",Germany,1.21532,,,
Kulturvolk / Freie Volksbühne E.V.,2461692.0,"Germany, Bern, Berlin, 6 Ruhrstraße, 10709",https://www.linkedin.com/company/kulturvolk-freie-volksbühne-e-v,www.kulturvolk.de,"WAS IST KULTURVOLK Kulturvolk steht für kulturelle Teilhabe! Als Mitglied unseres Vereins Kulturvolk | Freie Volksbühne Berlin e.V. erhalten Sie den Zugang zur Bühnenkultur in Berlin & Brandenburg.  Ob Theater, Konzert oder Oper - bei uns können Sie aus 11 000 Veranstaltungen auswählen und erhalten Ihre Tickets bis zu 40 Prozent günstiger.  UNSERE MISSION Unsere Mission ist es, kulturelle Teilhabe zu fördern und allen Menschen der Gesellschaft den Besuch des Theaters, der Oper oder eines Konzertes zu ermöglichen. Mit einer Mitgliedschaft bei uns (48 Euro / Jahr) erhalten sie ihre Tickets zu besonders vergünstigten Preisen. Sie erhalten monatlich außerdem eine Übersicht über aktuelle Veranstaltungen und besonders günstige Angebote.  GEMEINNÜTZIGKEIT Bei Kulturvolk | Freie Volksbühne Berlin e.V. handelt es sich um einen gemeinnützigen Verein. Unser Kernanliegen ist es daher, Kultur zu fördern und die Teilhabe an Kultur für alle Menschen unserer Gesellschaft möglich zu machen.",Germany,2.461692,,,
The Wall Comedy Club GmbH,990228.0,"Germany, Berlin, Berlin, 84 Grunsberger Strasse, 10245",https://www.linkedin.com/company/the-wall-comedy-club-gmbh,www.thewallcomedy.com,"The Wall Comedy Club, Berlin was ironically based on a world with no more walls and is a tribute to the fall of the Berlin Wall in 1989. It is a place where anyone can come visit to share in our common sense of laughter and fun with some of the best comedians and artists from all over the world! On top of experiencing a great show, feel free to enjoy a beer, wine, soft drink, or cocktail from one of our lovely bartenders, and we welcome you to stick around to meet our comedians after the show or even take pictures of yourself on our famous stage! Of course, in these times of coronavirus, have no fear. We follow all the measures and have preemptively contacted the responsible health organizations who have both seen and approved of our hygiene plan. Rest assured that you can come in and relax in a safe, friendly, and welcoming environment!  Having started as Berlin’s first full-time English Stand-Up Comedy Club, the Wall has since expanded to include comedy in German, Arabic, and Spanish with more languages still to follow! You can find all of our shows on our Facebook page and book tickets directly there.",Germany,0.990228,,,
Das Stuttgarter Ballett,5231006.0,"Germany, Baden-württemberg, Stuttgart, 6 Oberer Schloßgarten, 70173",https://www.linkedin.com/company/stuttgarter-ballett,www.stuttgart-ballet.de,"Ticket hotline & informaton via +49 (0)711.20 20 90 The Stuttgart Ballet is one of the world's most renowned dance  companies, hosted in the Opera House in Stuttgart, and has been at the  forefront of international dance for more than 50 years. The high level of technical skill and the stylistically broad  repertoire of the Stuttgart Ballet not only attracts audiences, but also  dance talent from all over the world: more than 23 nationalities are  represented amongst the 65 apprentices, Corps dancers, Soloists and  Principal Dancers.",Germany,5.231006,,,
Freilicht Festspiel Helmbrecht 2025,1478604.0,"Germany, Bavaria, Burghausen",https://www.linkedin.com/company/freilichtfestspiel-helmbrecht-2025,www.helmbrecht2025.de,"2025 feiert die Stadt Burghausen das 1000jährige Jubiläum ihrer ersten urkundlichen Erwähnung. Das soll unter anderem mit einem Freilichttheater für ca. 1500 Zuschauer pro Vorstellung gefeiert werden. Und wer bietet sich dafür mehr an, als der fast 800 Jahre alte Text des Helmbrecht? Gestemmt wird das ganze Projekt von Menschen aus Burghausen und der Umgebung. Von der Regie, zur Organisation, der schauspielerischen Darbietung, bis hin zur Musik, dem Licht oder dem Marketing. In diesem Projekt finden sich Laien und Profis auf Ehrenamtlicher Basis zusammen und schaffen gemeinsam ein Theaterprojekt, das Geschichte schreiben wird.  Diese Seite hier soll den vielen Helfenden die Möglichkeit bieten, ihr bei diesem Projekt gesammeltes oder ausgebautes Wissen für ihren weiteren beruflichen Werdegang zu nutzen.  --- Wichtige Informationen --- Aufführungstermine: Die Aufführungen finden vom 08. August 2025 bis 24. August 2025 am Gelände des Bergerhofes auf einer modernen Bühne im Herzen von Burghausen statt. Sichern Sie sich schon jetzt Ihre Tickets für dieses einzigartige kulturelle Ereignis Freitag 8. August 2025 - Premiere Samstag 9. August 2025 - Vorstellung 2 Sonntag 10. August 2025 - Vorstellung 3 Donnerstag 14. August 2025 - Vorstellung 4 Freitag 15. August 2025 - Vorstellung 5 Samstag 16. August 2025 - Vorstellung 6 Sonntag 17. August 2025 - Vorstellung 7 Donnerstag 21. August 2025 - Vorstellung 8 Freitag 22. August 2025 - Vorstellung 9 Samstag 23. August 2025 - Vorstellung 10 Sonntag 24. August 2025 - Vorstellung 11 Beteiligungsmöglichkeiten:  Möchten Sie Teil dieses besonderen Projekts werden? Wir bieten vielfältige Möglichkeiten zur Mitwirkung und freuen uns über jede Form der Unterstützung. Sponsoren:  Wir freuen uns auch über Sponsorenanfragen und Partnerschaften, die dazu beitragen, dieses Projekt zu verwirklichen.",Germany,1.478604,,,
Webvitamin GmbH,1258668.0,"Germany, Berlin, Berlin",https://www.linkedin.com/company/webvitamin,www.webvitamin.de,"webvitamin Social Media Solutions Mit Facebook-Marketing können Sie Neukunden gewinnen, Kunden binden und vor allem Umsätze generieren. Auf Facebook können Sie Nachrichten zu Ihrem Angebot schnell unter die Leute bringen, wenn Sie täglich Neuigkeiten mitteilen. Auch Sie können auf Facebook erfolgreiche Kampagnen führen und Umsätze generieren, wenn Sie beim Facebook-Marketing einige Grundregeln beachten. webvitamin erarbeitet zusammen mit Ihren Mitarbeitern eine Facebook Strategie. Dabei kommt Ihnen unsere Erfahrung mit großen Kampagnen sowie das KnowHow unseres Entwicklungs-Teams zu gute – täglich auf dem neuesten Stand. webvitamin entwirft Facebook-Marketingkampagnen wie Gewinnspiele und Verlosungen. Spezialisiert sind wir auf  individuelle Facebook Apps Anwendungen, wie zum Beispiel Facebook-Ticket-Apps oder Facebook-Rückwärtsauktion für den ECommerce.",Germany,1.258668,,,
Sustainable Economy Summit,2638578.0,"Germany, Berlin, Berlin, 4 Unterbaumstraße, 10117",https://www.linkedin.com/company/sustainable-economy-summit,sustainable-economy-summit.org,"OUR VISION Unser Ziel ist es, eine Plattform für Dialog und Zusammenarbeit zu schaffen, um eine nachhaltige Zukunft für alle zu gestalten. Der Sustainable Economy Summit richtet sich an Entscheidungsträger:innen aus Wirtschaft, Politik, Wissenschaft und Zivilgesellschaft. Der Summit ist ein Ort für Lösungen, die zeigen wie Unternehmen im Einklang mit den planetaren Grenzen wirtschaften können. Der nächste Sustainable Economy Summit findet am 21.-22. April 2026 in der AXICA in Berlin statt.  Der Ticketverkauf startet im Herbst 2025.  HOW WE DO IT Heute sind die Unternehmen, die jahrzehntelange Nachhaltigkeits-Expertise aufgebaut haben, wichtige Umsetzungspartner für die Modernisierung der Wirtschaft. Gemeinsam mit innovativen Start-ups und Corporates bringen sie das Wissen aus der unternehmerischen Praxis direkt ins politische Berlin. Der Summit als Ort für nachhaltige Lösungen, ökologische Innovationen und soziale Leuchtturm-Ansätze findet alle zwei Jahre statt. WHO WE ARE Der Summit 2023, veranstaltet durch die Sustainable Economy gGmbH, wurde sektorübergreifend von einem breiten Bündnis von transformativen Wirtschaftsverbänden getragen. Wir setzen auch in 2026 auf die Kraft der Kooperation und haben bereits mit der Bildung eines Trägerkreises begonnen, um mit diesem branchenübergreifenden Event einen ganzheitlichen Blick auf die Transformation zu ermöglichen. #sesberlin #sustainableeconomysummit",Germany,2.638578,,,
Football Supporters Europe,4196469.0,"Germany, Hamburg, Hamburg",https://www.linkedin.com/company/football-supporters-europe,www.fanseurope.org,"Football Supporters Europe (FSE) is the democratic voice of European football fans: Founded in 2008 at the first European Football Fans Congress; registered in Germany; and active in 55 UEFA nations. We are an independent, non-profit association of fans recognised as a representative body on fan issues by institutions such as UEFA and the Council of Europe. We recognise that fans are the heart and soul of football. We believe fans are entitled to watch their team in a safe environment, whatever their background, enjoy the same freedoms as the general public, and have a bigger say on how the game is run. And we envisage a more equal, competitive, and sustainable football—one that works for everybody, not just a select few. To this end, we are committed to lobbying UEFA and other governing bodies on everything from maintaining sporting merit in European competitions and protecting domestic football to defending fans’ rights and lower ticket prices. We know the best way to achieve our vision and objectives is through collective action, solidarity, and democracy. Our core principles emphasise all three: - Opposition to any form of discrimination (including discrimination based on ethnic origin, ability, religion and belief, gender, sexual orientation, and age). - Rejection of violence, both verbal and physical. - Empowerment of grassroots football supporters. - Promotion of a positive football and supporters’ culture, including values such as fair play and good governance.",Germany,4.196469,,,
Big & Growing New Work Festival Stuttgart,1319289.0,"Germany, Baden-württemberg, Stuttgart",https://www.linkedin.com/company/big-growing-new-work-festival-stuttgart,bigandgrowing.com,"BIG & GROWING - Das New Work Festival findet in mehreren Städten statt.   In Stuttgart gestaltet ein ehrenamtliches Team BIG & GROWING Stuttgart für euch.  Die Arbeitswelt verändert sich. Die neue Arbeitskultur fordert neue Orte, neue Kommunikation, neue Zusammenarbeit, neue (Selbst-)Führung, neue Ziele. ""Purpose"" wird zum zentralen Anker einer jeden Organisation. Aber wie können wir die Arbeitswelt von Morgen gestalten?  Wir haben BIG & GROWING in Stuttgart ins Leben gerufen, um Antworten auf diese Frage zu finden. In einzigartigen Formaten bringen wir alle relevanten Stakeholder zusammen, um eine positive Vision von der Zukunft der Arbeit zu zeichnen – eine Zukunft, in welcher Menschen und Organisationen gemeinsam wachsen. SAVE THE DATE: 23. & 24.10.2025 TICKETVERKAUF:  https://www.eventim-light.com/de/a/66b3af2e6dd8461927298a78 PROGRAMM 2025: https://drive.google.com/file/d/1_EOeOf3fRYcRqcVi5SsNe6NW-_pKU035/view?usp=sharing",Germany,1.319289,,,
Wirtschaftsjunioren Hanseraum,5277157.0,"Germany, Hamburg, Hamburg, 1 Adolphsplatz, 20475",https://www.linkedin.com/company/wirtschaftsjunioren-hanseraum,hanseraum.de,"Der Hanseraum besteht aus 39 Kreisen in den Bundesländern Bremen, Hamburg, Niedersachsen, Mecklenburg-Vorpommern und Schleswig-Holstein. Zusätzliche gibt es noch mit den WJ Shanghai einen Auslandskreis. Auch in Deiner Nähe befindet sich bestimmt ein Wirtschaftsjunioren-Kreis, schau einfach mal in der Karte nach!",Germany,5.277157,,,
OSPT Alliance,2517336.0,"Germany, Bavaria, Munich, 279a Fürstenrieder Str., 81377",https://www.linkedin.com/company/ospt-alliance,www.osptalliance.org,"OSPT Alliance is a lean, member-driven association shaping the future of secure, open, and interoperable transit systems. Our mission is simple: support the global mobility ecosystem with open standards that power scalable, secure, and future-ready fare collection solutions. At the core of this mission is CIPURSE™ — a proven, open technology standard built for secure ticketing, access control, and micropayments. Backed by ISO/IEC 7816-4, ISO/IEC 14443, and AES encryption, CIPURSE™ delivers trusted, flexible solutions for real-world transit deployments. We provide members with: 	•	Practical tools to develop and deploy CIPURSE-based systems 	•	Collaborative working groups to drive innovation 	•	Market education and peer exchange across regions 	•	A robust CIPURSE™ Certification Program ensuring product conformance and interoperability Why Open Standards Matter 	•	Interoperability: Connect systems, actors, and services with ease 	•	Security: Rely on battle-tested encryption and transparent specifications 	•	Flexibility: Evolve with market demands and future technologies 	•	Scalability: Operate across borders, systems, and transit modes 	•	Integration: Work seamlessly with existing infrastructure 	•	Innovation & Competition: Lower costs, more choices, faster progress Whether you’re a solution provider, integrator, public authority, or transit operator, OSPT Alliance invites you to join our global community. Together, we’re shaping a smarter, more secure future for public transport. Learn more at osptalliance.org",Germany,2.517336,,,
TEDx Mauerpark,390175.0,"Germany, Berlin, Berlin, 10249",https://www.linkedin.com/company/tedx-mauerpark,www.tedxmauerpark.de,"TED is a global community, welcoming people from every discipline and culture who seek a deeper understanding of the world. TEDx Conferences take place in english language, around the world, all year long. At these conferences, the world's most inspired thinkers from all disciplines, share progressive Ideas, mind blowing discoveries, and heart warming stories that engage, inspire, encourage and empower the attendees and online audience -  a community of curious souls, our current and future leaders and world changers. We believe passionately in the power of ideas to change attitudes, lives and, ultimately, the world. TED is owned by a nonprofit, nonpartisan foundation.  TEDx Mauerpark 2018 will host 100 people from diverse fields, from design, tech and entertainment as well as business, politics, science and the nonprofit world. TEDx Mauerpark 2018 will host 100 people from diverse fields, from design, tech and entertainment as well as business, politics, science and the nonprofit world. Also we make much effort ensure to diversify our speakers and audience in ethnicity, age and sex. Our goal is to have about 10% of attendees each year be first-timers. The TEDx audience have understand the impact and see great value in our speakers, events, and work, therefore willingly pay the ticket rate to attend and support TED's free global work. The 2018 TEDx MauerPark Conference in Berlin is facilitated thru and supports the works of the local nonprofit “VJDA”.  Our agenda is to make great ideas accessible and spark conversation.",Germany,0.390175,,,
Handiclapped - Culture Barrier-Free E.V.,1426638.0,"Germany, Berlin, Berlin",https://www.linkedin.com/company/handiclapped,www.handiclapped-berlin.de,"Inclusion rocks! Music for All. Berlin based charity Handiclapped organizes and promotes barrier-free live music along this motto.  Over the past 11 years more than 250 concerts have been organized by Handiclapped in total. Always artists with and without handicap share the stage and make music together for a likewise inclusive audience. We are always looking for new bands who want to perform with us.  Additionally over 50 band and dance workshops could be organized.  The “Handiclapped Band” was founded ten years ago and today rocks at around 20 gigs each year.  2 congresses for “Live music and inclusion” have been organized in Berlin in 2017 and 2019.  Main goal is, to make barrier-free live music happen as often and for as many people as possible, to create occasions to experience music as a common language that brings people with different backgrounds together at eye and ear level.   To make access to live music as easy as possible for all, Handiclapped concerts start at around 6 pm (starting times often being critical, to prevent having to negotiate night shift conditions with caretaking services) and always in barrier-free locations. Tickets cost only 5 Euro, assistants get in for free. Because of the high cost involved with organizing concerts there is always a financial gap that needs to be filled by donations.  So far concerts took place in Berlin and Brandenburg. Handiclapped now wants to spread the idea throughout Germany and Europe.  Because: Inclusion rocks! Music for all.",Germany,1.426638,,,
Peter Maffay,7608736.0,"Germany, Bavaria, Tutzing, 1 Klenzestraße, 82327",https://www.linkedin.com/company/peter-maffay,www.maffay.de,"Seit 50 Jahren steht Peter Maffay für besten deutschsprachigen Rock 'n’ Roll und für eine einzigartige Erfolgsgeschichte. Seine Karriere als Musiker begann 1970. Seitdem hat er über 50 Alben veröffentlicht.  Zuletzt veröffentlichte er Ende August 2019 das Jubiläums-Album „JETZT!“, das Album ist das 19., mit dem er die Spitze der deutschen Charts eroberte. Damit führt er das weltweite Album-Ranking an. Kein Künstler hat in irgendeinem Land der Welt mehr Nummer-eins-Alben veröffentlicht als Peter Maffay in Deutschland.  Anfang 2020 ging Maffay mit seiner Band auf 50 Jahre Peter Maffay - LIVE 2020 Tour. Mit über 200.000 verkauften Tickets waren die Arenen in 22 deutschen Städten ausverkauft.  Peter Maffay erhielt für mehr als 50 Millionen verkaufte Tonträger zahlreiche Gold- Platinauszeichnungen. Neben sechs Echos, darunter zwei Mal „Künstler des Jahres“, wurden ihm viele andere Musikawards verliehen.",Germany,7.608736,,,
Classictic,3804368.0,"Germany, Bern, Berlin, 1 Pappelallee, 10437",https://www.linkedin.com/company/classictic-com,www.classictic.com,"More than one million people use Classictic.com to find tickets to classical music performances on stages worldwide. Whether you are a dedicated classical music fan, an opera expert, or a newcomer looking for a musical experience at home or abroad, Classictic makes it easy. Established in 2002 by Eivind Jåsund, Classictic is a Berlin-­‐based internet portal specialized in the sale of tickets for classical concerts and opera worldwide. Classictic is proud to cooperate directly with over 400 venues and arts organizations to offer easy and secure booking in eight languages, with 24 hour call centre customer service and support.  The Classictic team On a typical day at our office in Berlin, you might hear French, Chinese, Czech, or Spanish. There are 10 nationalities represented in our team, and although we don’t all support the same soccer team, we all share an interest in classical music, and a passion for providing excellent service.",Germany,3.804368,,,
RBK Fusion GmbH,1943830.0,"Germany, Berlin, Berlin",https://www.linkedin.com/company/rbk-fusion-gmbh,rbk-fusion.de,"RBK Fusion GmbH ist eine Berliner Konzert- und Bookingagentur für KünstlerInnen, wie u.a. 50 Cent, Lenny Kravitz, The Black Crowes, John Legend, The Hollywood Vampires, Imany, Kim Wilde, The Gipsy Kings, Klee, Bonnie Tyler, SCHWARZ, Neromun, Joe Hisaishi, Dream Theater, Ava Vegas, Matija, Mulay uvm. Mit Reservix besteht eine Ticketing Partnerschaft, um gemeinsam eine Vielzahl von Dienstleistungen im Live-Bereich anbieten zu können. Hier liegt der Schwerpunkt auf der individuellen Entwicklung unserer Künstler. Wir sind überzeugt, dass jede/r KünstlerIn einen individuellen Ansatz braucht, um sein/ihr volles Potenzial zu erreichen.",Germany,1.94383,,,
San Hejmo,6332834.0,"Germany, North Rhine-westphalia, Weeze, 47652",https://www.linkedin.com/company/sanhejmo,sanhejmo.com,"🌈 Das bunteste und schönste Wohlfühlfestival in NRW 🎶 Clueso, Nina Chuba, K.I.Z, Natasha Bedingfield, Sido und viele mehr 🎨 Streetart & DIY  🌮 Streetfood   📆15. + 16. August 2025 📍 Airport Weeze (NRW) 🎫 TICKETS⤵️ tickets.sanhejmo.com",Germany,6.332834,,,
DIGITALSTAGE.IO,33000.0,"Germany, Berlin, Berlin, 34-35 Rosenthaler Straße., 10178",https://www.linkedin.com/company/digitalstageio,www.digitalstage.io,"Digitalstage.io offers an array of bespoke digital tools for artists, venues and record labels to connect with their fans. As a fan-first live-streaming platform we do more than just provide video streams, but work to connect all of your digital fan engagements in one place including online merch sales, ticketing, physical sales promotions and NFT drops.",Germany,0.033,,,
Konzertdirektion Prof. Victor Hohenfels,1437301.0,"Germany, Berlin, Berlin, 1 Herbert-von-karajan-str., 10785",https://www.linkedin.com/company/konzertdirektion-prof-victor-hohenfels,www.konzertdirektion-hohenfels.de,"""Sit back and enjoy a few hours of assured relaxation and harmony listening to the ever popular masterpieces of famous composers in the splendidly festive atmosphere of a packed house."" This has always been the motto informing „Popular Concerts“, created by Prof. Victor Hohenfels and his wife Eva-Maria more than 50 years ago.  Since the beginning and for more than 5 decades these concerts have been capable of attracting such a large audience, that their staging could take place independent of state subsidies. Held in Berlin Philharmonic Hall, today these concerts remarkably contribute to making the German capital the world’s major centre for performing arts. During the last 50 years more than three million concertgoers from around the world have attended these „Popular Concerts“. The most famous and popular works existing in music literature are presented to the audience, thematically grouped around series such as „World Symphonism"", „Composer Portraits"" or „Classic and Romantic Masterpieces"". The traditional concerts held during the Christmas and Easter seasons include beloved evergreens, such as Schubert's „Unfinished Symphony“, Beethoven's „Eroica“ and Maurice Ravel's „Boléro“, while New Year's Day is reserved for Beethoven's Ninth Symphony with its „Ode to Joy“ final movement. The „Sinfonie Orchester Berlin“, with its Principal Conductor Stanley Dodds and many other famous conductors and solists, have performed since the very beginning in the stupendous auditorium of the Berlin Philharmonic Hall, one of the world's most beautiful concert halls, with unrivalled acoustics. We welcome you all to experience the sheer magic of our ""Popular Concerts""! TEL.: +49 | 30 | 8 82 76 22 / 23 Mon. – Fr. 10 am to 4 pm Tickets: tickets@konzertdirektion-hohenfels.de General Information | Contact: info@konzertdirektion-hohenfels.de",Germany,1.437301,,,
Kanoon Records GmbH,2517336.0,"Germany, Bavaria, Munich",https://www.linkedin.com/company/kanoon-records-gmbh,www.kanoon-music.com,"kanoon records GmbH is a record company based in Munich, Germany founded in June 2010. We represent international acts like Soft Bullets(UK), IAMDYNAMITE (USA) orLike Swimming (SWE) for GSA. kanoon is the idea of community and record label. The user decides which artists shall be selected, discussed, supported and promoted and gets rewarded with shop credits by ""guerilla promoting"" his favourite artists/sharing a band video from kanoon to e.g. facebook. Users can participate actively in this guerrilla marketing and follow the growing success of their favourite band and its influence. The core element of this community is an internet platform (www.kanoon-music.com) on which registered users receive information about bands, releases, backstage stories and many more. On kanoon's webshop songs, albums, tour tickets and merchandise can be purchased at special rates. We are working with brands closely.  This could mean: brand’s social media vs. banners, logo placement,… on kanoon. More promotion tools will be developed, very soon. Watch out our upcoming bandcontest MUSIKLIGA! Managing Director is Max Rüdel.",Germany,2.517336,,,
Festivals United,1426638.0,"Germany, Berlin, Berlin, 65 Lohmühlenstraße, 12435",https://www.linkedin.com/company/festivalsunited,www.festivalsunited.com,"Festivals United helps festival-goers to discover, talk about and book tickets, travel and accommodation for their next festival trip. With 5.5 million visits every year, Festivals United reaches every 4th millenial in Germany. Everyone loves Festivals. They are one of the most exciting environments to reach a whole generation. Fans often travel hundreds of miles for their passion. Going to a festival is for many one of the highlights of their year. Daily anticipation increases. That's the power of music. Festivals United already is the ultimate community for festival and music fans all over the DACH region. Since foundation in 2001 (fka ringrocker.com) Festivals United has become a fast-growing platform fueling the passion of millions of people who already use the platform to discuss and book the best festivals in the world. Now we want to take it to the next level and redefine the way people discover, connect to and and book their next festival experience. We are currently looking for co-founders and business angels to help us develop and grow our business.",Germany,1.426638,,,
Golden Ticket,1426638.0,"Germany, Saxony, Leipzig, 44 Naumburger Straße, 04229",https://www.linkedin.com/company/goldenticketmusic,golden-ticket.de,"Musikbusiness neu denken. Künstler, Hörer, Veranstalter, Medienpartner und Nutzer auf echter Augenhöhe zusammenführen. Fair, transparent, vertrauensvoll und open minded arbeiten, die eigene Arbeit lieben. Innovative Lösungen und Strukturen für immer komplexere Problemstellungen entwickeln. Golden sein. Golden Ticket, gegründet 2016, versteht sich als Partner auf Augenhöhe in den Bereichen Booking, Management, Publishing und Digital Vertrieb für Projekte, deren Protagonisten und Ideen wir über alles schätzen. Im Verbund mit einem starken Netzwerk realisieren wir Touren, Kampagnen, Releases, druckvolles Publishing, PR und Marketing, sind Manager und Ratgeber. Selbst aus einem Künstlerbackground kommend, sind transparente Deals und faire Shares unsere DNA. Mit Golden Ticket Sessions und Golden Ticket Tapes kuratieren und entwickeln wir selbst Releaseformate und Plattformen, mit Listen To Leipzig weisen wir auf Gutes in unserer Heimat hin, mit Low Budget High Spirit versuchen wir Musikbusiness ein Stück weit besser und transparenter zu machen.",Germany,1.426638,,,
Pocket.art,946505.0,"Germany, North Rhine-westphalia, Köln, 62-70 Brüsseler Str.",https://www.linkedin.com/company/pocket-art,www.pocket.art,"Pocket.art is an everyday Curator's Tool that assists you in all tasks, from devising ideas, to planning, creating and organizing your exhibition in reality. Set up your digital museum & audio-guide! No App Stores, just Web App: the future of Art is here. 🕹 Curator's Tool Your tool to manage ideas and content. Import data from MuseumPlus or FilemakerPro to manage your collection, check loan feasibility, monitor deadlines and much more. All in a drag and drop environment. Text creation and editing of artwork information made easy. 🕹 Full Digital Guide The Curator’s Tool helps organize all the work in one place, e.g. contents, ideas, time-lines, collaborating parties and copyrights - meaning you have everything you need in one location to launch your museum's multilingual Digital Guide. Bring audio guides, images, videos, texts, location-maps and much more directly to your visitors pocket’s 🕹 Full Digital Tour Make your exhibition or collection globally accessible. Apply the latest technologies to create content that both new as well as experienced visitors can appreciate. Enlarge physical shows with value added content, in-depth explanation and use gamification aspects. We also offer an optional ticket module (paywall or donations). 🕹 Longtime Digital Archive Make your exhibitions permanently accessible. We provide the platform of data-containment and security. Furthermore we will transfer the data to all future displaying-technology-standard. We will ensure that everything is mirrored on multiple servers in order to reach real redundancy.",Germany,0.946505,,,
Lokschuppen Rosenheim,951092.0,"Germany, Bavaria, Rosenheim, 24 Rathausstraße, 83022",https://www.linkedin.com/company/lokschuppen-rosenheim,www.lokschuppen.de,"The cultural heart of Rosenheim! Changing themed exhibitions in the unique setting of a former locomotive shed, which was converted in 1988. 🚂 Come and visit us! Current exhibition: HEROINNES & HEROES   ➡️More information and tickets at www.lokschuppen.de",Germany,0.951092,,,
Archaeology Travel,1041120.0,"Germany, Schleswig-holstein, Niebüll",https://www.linkedin.com/company/archaeology-travel,archaeology-travel.com,"Archaeology Travel is an award wining travel website that aims to encourage and help everyone explore our world’s pasts in more sustainable and engaging ways.  Whatever your preferred style of travel, budget or luxury, backpacker or hand luggage only, slow or adventure, if you are interested in archaeology, history and art Archaeology Travel is an online travel guide just for you. One the website you will find ideas for where to go, what sites, monuments, museums and art galleries to see, as well as information and tips on how to get there and what tickets to buy. Our destination and thematic guides are designed to assist you to find and/or create adventures in archaeology and history that suit you, be it a bucket list trip or visiting a hidden gem nearby.",Germany,1.04112,,,
Internationales Filmfest Braunschweig E. V.,3307444.0,"Germany, Lower Saxony, Braunschweig, 8 Neue Straße, 38100",https://www.linkedin.com/company/internationales-filmfest-braunschweig,www.filmfest-braunschweig.de,"Das 39. Braunschweig International Film Festival findet vom 10. bis zum 16. November 2025 statt – merken Sie sich diesen Termin jetzt schon vor! Eröffnet wird das diesjährige Filmfest mit dem Horror-Klassiker PSYCHO – LIVE IN CONCERT am 10.11. in der Volkswagen Halle Braunschweig. Tickets gibt es bereits im VVK.🔪 Was gibt's zu sehen? Das BIFF lädt einmal im Jahr zu hochkarätigem, internationalem Filmgenuss in die Löwenstadt Braunschweig ein. Mit dabei sind herausragende internationale Produktionen, das Beste aus heimischer Produktion sowie ein umfangreiches Kurzfilmprogramm.💛",Germany,3.307444,,,
ATG Entertainment DE,273692000.0,"Germany, North Rhine-westphalia, Köln, 2 Hans Imhoff Straße, 50679",https://www.linkedin.com/company/mehr-bb-entertainment,www.atgentertainment.de,"ATG Entertainment GmbH Hans‑Imhoff‑Straße 2 50679 Köln E-Mail: kontakt@atgentertainment.de Tel.: +49 (0) 221 / 569395 -0 Geschäftsführer: Joachim Hilke Registergericht: Amtsgericht Köln Registernummer: HRB 119099 Umsatzsteuer-Identifikationsnummer gemäß §27 a Umsatzsteuergesetz: DE 270 779 849 Wir sind Produzenten: Harry Potter und das verwunschene Kind, Moulin Rouge! Das Musical, Starlight Express. Wir sind Theaterbetreiber: Admiralspalast Berlin, Musical Dome Köln, Theater am Großmarkt Hamburg.  Wir sind Touringveranstalter: Cats, Abenteuerland – Das Musical mit den Hits von PUR, Ballet Revolución.  Wir sind Live Entertainment!   Bei ATG Entertainment sind 1.600 Mitarbeitende in Deutschland damit beschäftigt, jährlich über 2.000 Veranstaltungen auf die Bühne zu bringen und 1,7 Millionen Gästen einen unvergesslichen Abend zu bescheren. Weltweit gehören wir an die Spitze der Entertainmentbranche.  Wir besitzen und betreiben 72 Theater, darunter Häuser am New Yorker Broadway und dem Londoner West End. Über 18 Millionen Zuschauer heißen wir jährlich willkommen, diese und noch viel mehr haben ihre Tickets über unsere Plattformen gekauft, was uns zum Weltmarktführer im Ticketingbereich macht.",Germany,273.692,,,
CHAMPIONS-IMPLANTS,17550825.0,"Germany, Rheinland-pfalz, Flonheim, 1 Champions Platz, 55237",https://www.linkedin.com/company/champions-implants-gmbh,champions-implants.com,"—> CHAMPIONS-IMPLANTS is the largest owner-managed dental company in Germany. —> Champions is a uniquely innovative company with its 'software' MIMI and its ‚hardware', the CHAMPIONS products, which has led experts to refer to it as a 'game changer' in the field of implantology.  —> CHAMPIONS has been the leader in the field of minimally invasive implantation techniques since its establishment in 2006, contributing to making the implantological future a reality today.  —> With the already legendary WS-Condenser, you can transform a 'soft' bone into an ideal D2 bone in just a few minutes, as well as perform the internal direct sinus lift (IDS) and the distraction of narrow jawbone gently and essentially 'bloodlessly', allowing for immediate implantation right afterward! —> The one- and two-piece premium implants made of Grade 4 titanium, along with the (r)evolutionary minimally invasive insertion protocol MIMI® and CNIP navigation, form an unbeatable combination.  —> With the two-piece Champions (R)Evolution implants, all dentists and clinics have the opportunity to offer their patients premium implants. Quality, precision, innovation –  ‚Made in Germany‘.  —> Also noteworthy are the unique training programs offered worldwide, where dentists themselves prepare the cavities and insert the implants! Just do it! 🥰  —> Implantology has been ‚de-mystified’ by CHAMPIONS and is successfully applicable in every practice clinic, even without CBCT.  —> Unbeatable CHAMPIONS workflow: For a single tooth implant with the MIMI protocol using a Champion (R)Evolution, one benefits from approximately 800 euros in time savings and up to 600 euros in material costs! —> If you have any further requests to get a ‚Golden Ticket’ or need adjustments, feel free to ask!  —> WELCOME TO THE FUTURE! 🥰",Germany,17.550825,,,
Mr. Köln,1917267.0,"Germany, North Rhine-westphalia, Köln, 8 Am Klostergarten, 50858",https://www.linkedin.com/company/mr-koeln,www.mrkoeln.de,"Mr. Köln und sein Team verstehen sich als Inspiratoren in Köln für die Bereiche Essen & Trinken, Ausgehen, Lifestyle, Freizeit & Kultur, Beauty und Shopping – facettenreich und pulsierend wie Köln. Von den besten Restaurants der Stadt, über stylische Reels auf Instagram, bis hin zu außergewöhnlichen Veranstaltungen zeige ich euch die Domstadt mit meinen Augen. Unsere Community besteht auf Lifestyle Afficionados, die zusammen mit uns die Domstadt erleben möchten. Für alle, die ein bisschen mehr vom Leben erwarten, haben wir „Die Karte“ entwickelt. Karteninhaber genießen Privilegien in diversen Bereichen und gehören zum exklusivsten Netzwerk der Stadt.",Germany,1.917267,,,
Nerdstar GmbH,6862770.0,"Germany, North Rhine-westphalia, Bielefeld, 12 Niehausweg, 33739",https://www.linkedin.com/company/nerdstar-ug,www.nerdstar.de,"Wir haben mit unserer 1st Edition Glurak-Karte noch ohne Schützhülle gespielt, LAN-Partys unsicher gemacht und die Motive unserer Star Wars-Tattoos sind schon längst nicht mehr Kanon. Seit über 10 Jahren produzieren wir Content für Gaming- und digital-affine Zielgruppen. Ob Twitch, YouTube oder TikTok, wir parken auch euren DeLorean ins Streaming-Zeitalter um!",Germany,6.86277,,,
FAMEONME CASTING GMBH,3202626.0,"Germany, North Rhine-westphalia, Köln, 24 Im Zollhafen, 50678",https://www.linkedin.com/company/fameonme-casting-donat-&-gennaro,www.fameonme.de,"Casting und Booking in Deutschland, Österreich und der Schweiz • Kooperationsbereitschaft im Rahmen der Casting-Plattform www.fameonme.de seit 01/2011 geschaltet • Casting für Werbe- und Imagefilme • Staffelbesetzung für TV-Serien • Vorteile des Portals: positiver Marketingeffekt, Social-Media-Kampagnen, Marken-Fans finden • Live-Casting-Events • Ticketing und Publikumsbetreuung • Vermarktung von Castingaufrufen •",Germany,3.202626,,,
Wovie,1415710.0,"Germany, Bern, Berlin, 77 Alt-moabit, 10555",https://www.linkedin.com/company/wovie,www.wovie.de,"Wovie is a next-generation music label and film production company. In addition to over 500 popular songs, the company has produced notable productions such as Turkey's first fantasy children's film, ""Masal Satosu: Sihirli Davet,"" the first fantasy children's series, ""Masal Satosu: Peri Hırsızı,"" and the first Turkish rap movie, ""Kovala."" The cinema film released in 2023, ""İllegal Hayatlar,"" has reached a total of over 700,000 ticket sales. Wovie will continue its work on numerous new film projects in the upcoming period, and the company's first film in 2024 will feature one of Turkey's most famous comedians, Doğu Demirkol, in the lead role, titled ""Yaşam Koçu."" Wovie is still producing new films and TV series and frequently releasing new singles and albums that reach millions of listeners on digital music stores.",Germany,1.41571,,,
RISE PICTURES,629334.0,"Germany, Berlin, Berlin, 28 Schlesische Straße, 10997",https://www.linkedin.com/company/rise-pictures,www.risepx.com,"A subsidiary of RISE | Visual Effects Studios, RISE PICTURES is the film and television production arm under the RISE banner and co-produces, finances and produces in-house a wide-ranging slate of films with storytelling and visual effects demands, creating exciting and immersive new worlds for global audiences. RISE PICTURES stands for a wide spectrum of commercial cinema and primetime television. We produce German- and English-language feature films and television programs in various genres ranging from elaborate screen adaptations of novels and bestsellers, comedies for every target audience, and engaging family entertainment, to animated feature films and productions by next-generation filmmakers – with one unifying element across our portfolio: a distinctive look & feel with leading state-of-the-art visual appeal implemented by RISE | Visual Effects Studios. The RISE group of companies offers clients a 360-degree service from concept to screen. As a fully integrated company, we are able to guide a project from script development to concept art, from pitch to financing, from storyboard to animatic, from shoot to post-production. RISE’s main business acumen and value is based on our international expertise, either through RISE PICTURES’ international producing expertise or by RISE | Visual Effects Studios’ state-of-the-art digital effects work on global box-office hits. Our message is simple, but distinct: RISE creates worlds.",Germany,0.629334,,,
Mr. Pink Group,6440802.0,"Germany, North Rhine-westphalia, Düsseldorf, 27 Breite Str., 40213",https://www.linkedin.com/company/mr-pink-group,mrpink.group,"LOCAL CONTENT, SOCIAL MEDIA UND (INFLUENCER-)MARKETING EXPERTEN Vor 10 Jahren in Düsseldorf entstanden aus der Leidenschaft zu Genuss und schönen Dingen, sind wir auf dem Weg zum größten Produzenten von lokalem Lifestyle-Content sowie der exklusivsten Membership Karte Deutschlands. Aktuell findest du uns in Düsseldorf, Köln und München. Hamburg, Frankfurt und Berlin folgen in Kürze. Die lokalen Teams der Mr. Pink Group versorgen die Genießer, Lifestyle-Enthusiasten, Shopaholics und Partypeople der Stadt mit Tipps aus erster Hand auf einer Vielzahl von Kanälen. Mr. Pink ist eine Symbiose aus professioneller Redaktion am jeweiligen Standort, persönlichen Empfehlungen eines Meinungsmachers und dem hochwertigen Netzwerk der Membercard Inhaber. Wir setzen dein Unternehmen oder dein Produkt auf unseren Kanälen aufmerksamkeitsstark und authentisch in Szene, mit dem Ziel, deine Bekanntheit zu erhöhen oder Conversions zu generieren. Wir passen die Maßnahmen auf deine Zielsetzung an – maßgeschneiderte Kooperationen und deine absolute Zufriedenheit sind unser Erfolg!",Germany,6.440802,,,
Greenlight Media GmbH,1830072.0,"Germany, Berlin, Berlin, 161 Uhlandstraße, 10719",https://www.linkedin.com/company/greenlight-media-gmbh,greenlightmedia.com,"Greenlight Media develops, produces, distributes and markets high-quality film and television productions for an international audience.  Our portfolio includes a broad spectrum of widely acclaimed documentaries, family entertainment films, and TV brands. Our projects include the animated series SimsalaGrimm, Germany’s number one exported TV show for children to date, and Deep Blue and Earth, two co-productions with the BBC which became the most successful feature-length documentaries worldwide with combined total movie box office receipts of US$180 million.",Germany,1.830072,,,
Popup Autokino München,1262779.0,"Germany, Bavaria, Munich, 29 Lilienthalallee, 80939",https://www.linkedin.com/company/popup-autokino-münchen,,"Gegründet in der Krise und aus Liebe zum Film. Wir sind das Popup Autokino München. Wir haben viel Zeit, Energie und Mühe in das Programm gesteckt und hoffen, es ist für jeden was dabei! Unser Projekt PopUp Autokino München ist eine Initiative von Alumni und Studierenden der Hochschule für Fernsehen und Film München. Mit privaten Geldern wurde das Autokino hier in München aus dem Boden gestampft, um unserer Leidenschaft – dem Kino – wieder eine Plattform zu bieten. Wir wollen der Kunst und Kultur Gehör verschaffen und ein gemeinschaftliches Erlebnis bieten. Im Autokino werden Tickets regulär gekauft, die Erlöse gehen anteilig an die Rechteinhaber, deren kreative Arbeit so wieder gewertschätzt wird. Außerdem verkaufen wir im PopUp Autokino München nun auch endlich Pop(Up)Corn und Getränke! Nach Deckung der Unkosten werden wir pro Pop(Up)Corn-Tüte 1€ an alle Kinos und Kulturstätten der Stadt München spenden.",Germany,1.262779,,,
WSA Electronic GmbH & Co. KG,5191349.0,"Germany, Thuringia, Altendambach, Am Wildengrund, 98553",https://www.linkedin.com/company/wsa-electronic-germany,www.wsa-electronic.de,"Your professional partner for Parking Management Solutions Since 1992, we develop and produce innovative pay&display ticket machines in Thuringia/Germany.",Germany,5.191349,,,
GOTSCHLICH DEUTSCHLAND GmbH,1258668.0,"Germany, North Rhine-westphalia, Unna, 1 Heinrich-hertz-straße, 59423",https://www.linkedin.com/company/gotschlich-gmbh,www.gotschlich-gmbh.de,"Wir sind Ihr zuverlässiger Partner wenn es um Personenvereinzelung, Drehsperren, Drehkreuze, Schwenktüren, Personenschleusen, Zutrittskontrolle, Ticketing- und Kassensystemen geht. Mit unseren Produkten realisieren und steuern Sie den Personenfluss und Zutritt zu Ihren Einrichtungen. In der Ausstellung am Standort Unna können Sie unsere Produkte besichtigen und nach belieben testen. Vereinbaren Sie einen Termin, wir freuen uns auf Ihren Besuch.",Germany,1.258668,,,
Höft & Wessel AG,22385926.0,Germany,https://www.linkedin.com/company/h-ft-&-wessel-ag,www.hoeft-wessel.com,"The Hoeft & Wessel Group is the technologically leading German IT and engineering group for mobile data, ticketing and parking solutions. Established in 1978 by the entrepreneurs of the same name, the Group today generates sales revenues of around EUR 100 million with a workforce of 500 employees. It has been listed on the stock market since 1998. In addition to its headquarters in Hanover, Germany, another large division of the Group is located in Swindon, west of London.",Germany,22.385926,,,
DESKO GmbH,26598081.0,"Germany, Bavaria, Bayreuth, 56 Gottlieb-keim-straße, 95448",https://www.linkedin.com/company/desko-gmbh,desko.com,"For more than 30 years, we have been developing solutions for data capture from documents such as ID cards, barcode tickets, magnetic stripe and chip cards. From pure data and image capture to a full document authentication - there are numerous fields of applications for DESKO hardware and software. The wide product portfolio ranges from simple document readers to complete standalone self-service solutions, tailored to the varying needs of the customers. DESKO solutions involve the knowledge of 30 years of experience and usage in the field. The hardware and software products are internal developments manufactured in cooperation with regional partners. “Made in Germany” is a seal of approval standing for quality and reliability. DESKO sticks to this standard and focuses on the locational advantage of Germany.",Germany,26.598081,,,
Merisier GmbH,1564747.0,"Germany, Berlin, Berlin, 141 Brunnenstraße, 10115",https://www.linkedin.com/company/merisier-gmbh,www.merisier.de,"MERISIER ist ein Premium Geschenkelabel für (kuratierte) Geschenke, in dem ausgewählte (Marken)Produkte thematisch zu Geschenksets zusammen gestellt werden.   Zu jedem Geschenk kann eine Karte ausgewählt und geschrieben werden.  Jedes Geschenk kann direkt an den Versender verschickt werden.",Germany,1.564747,,,
Ddm Hopt+schuler GmbH Co. KG,23468895.0,"Germany, Baden-württemberg, Rottweil, 12 Königsberger Straße, 78628",https://www.linkedin.com/company/ddm-hopt-schuler-gmbh-co-kg,www.hopt-schuler.com,"ddm hopt+schuler is a German family owned company, existing for now almost 50 years. At ddm hopt+schuler we focus on our core competences -> switches -> card readers -> ticketing systems At ddm h+s we believe, to control the whole life-cycle of products i.e. design, development and manufacturing, helps to create sustainable products and improve the entire product life cycle. As a result, this increases efficiency as well as flexibility and helps to establish a perfect one-stop-shop for our partners and customers. Experience the ddm hopt+schuler feel-good-package, reflecting your needs into technology and products. Through our many years of experience, our great partners and the amazing people working at ddm hopt+schuler, we have developed into an innovation leader. We are not only innovation leader in terms of products, but also set new benchmarks in regards to our working environment. We provide an open office culture inside our company, a great spectrum of health & fitness programs and an excellent environment for doers. Welcome at ddm hopt+schuler.",Germany,23.468895,,,
Business Club Cologne Centurions,1036300.0,"Germany, North Rhine-westphalia, Düsseldorf",https://www.linkedin.com/company/business-club-cologne-centurions,www.bc-centurions.com,"Das effektivste B2B-Netzwerk im Business Kontakte im Business werden hier geknüpft! Tritt in Kontakt mit Entscheider:innen von Mittelstand, Experten und Agenturen Erlebe besondere Networking-Events in exklusiven Locations Sichere dir lucrative Rabatte auf alle Cologne Centurions VIP Ticket und alle Merchandise Artikel",Germany,1.0363,,,
Presight4,1036300.0,"Germany, Bavaria, Munich",https://www.linkedin.com/company/presight4,www.presight4.com,"Presight4 is a venture builder, focusing on the whole value chain of systematically creating and scaling ventures. It requires a lot of expertise and resources to set up a Venture.  Our approach minimizes entrepreneurial risk, maximizes venture’s success, and thereby empowers our corporate partners to efficiently execute and operate. We are your partner in search of stability for scaling. Building Finance Operation:    •	Controlling & Budgeting •	Liquidity Management •	Payment Management  •	Business Modelling •	Financial Business Intelligence  •	Payment Solutions & Receivables Management  •	Finance Automation •	Project Work •	Vendor Selection •	Interim Management   Building Service Operation:   •	Back-Office & PMO Processes •	Vendor Selection •	CRM-Process & Automation •	Service Management & Ticket Systems •	Project Management & Milestones •	OKRs & Objective Tracking •	Process Automation •	Interim Management (CxO)   Building Ventures:   •	Efficient Growth Strategies & Venture Scaling •	Opportunity Identification •	Opportunity Mapping  •	Product Concept & Mock-ups •	Customer, Product & Market Validation •	Market Sizing & Go-to-market Plan •	Business Case & Investment Case •	Entrepreneur in Residence Roles",Germany,1.0363,,,
Leadership Festival,2040844.0,"Germany, Berlin, Berlin",https://www.linkedin.com/company/leadership-festival,leadershipfestival.com,"Leadership Festival 8.-10.6.2020 | virtually everywhere Leadership Festival is a space to explore awareness-based, impact-oriented leadership. We gather as transdisciplinary social innovators - global citizens, crafts people, explorers, performers, makers of change. In 2020, we are zooming in on the transformative nature of collective action, through the lenses of dignity, friendship, and co-creation. Join the journey from the new now into the unknown future. Get your ticket here: https://www.eventbrite.co.uk/e/leadership-festival-2020-tickets-105511339256",Germany,2.040844,,,
HEIMATBOOST GmbH,1893259.0,"Germany, North Rhine-westphalia, Steinfurt, 8 Tecklenburger Straße, 48565",https://www.linkedin.com/company/heimatboost,www.heimatboost.de,"Wir sind eine Investment Community aus dem Kreis Steinfurt. Über 20 Unternehmer*innen, Business Angels und Startup-Expert*innen kommen mit ihrer Finanzkraft, Netzwerk und Know-How zusammen um dein Startup auf das nächste Level zu heben. Wir investieren in dein Startup und unterstützen dich auf deiner Startup Reise mit unseren Kontakten und unserem Know-How. Unsere Tickets bewegen sich zwischen 50.000 und 500.000 EUR. Als Investment Community bekommst du bei uns nicht nur von einigen Angels aus dem HEIMATBOOST Netzwerk Geld, sondern direkt über 20 Freund*innen und potentielle Geschäftspartner*innen, die dir in verschiedenste Branchen Türen öffnen können. Unsere Investments fokussieren sich auf Startups, die zu den 17 UN-Zielen für nachhaltige Entwicklung beitragen. Mit unserem Kapital wollen wir insbesondere Unternehmen unterstützen, die für eine lebenswertere Zukunft sorgen und mutig die ökologischen, sozialen und gesellschaftlichen Herausforderungen unserer Zeit meistern. Die HEIMATBOOST GmbH wird finanziert durch die Gesellschafter*innen und gefördert vom Kreis Steinfurt und der Kreissparkasse Steinfurt.",Germany,1.893259,,,
BEREIT! Zur Nachfolge,1400230.0,"Germany, Bavaria, Munich",https://www.linkedin.com/company/bereit-zur-nachfolge,bereit-zur-nachfolge.de,"UNTERNEHMENSNACHFOLGE: GEWUSST WIE! Insiderwissen von Unternehmern, Käufern und Nachfolge-Experten.  Für die Zeit vor, während und nach der Nachfolge. BEREIT! zur Nachfolge und die BEREIT! Nachfolge Akademie bieten echtes Insiderwissen rund um die Unternehmensnachfolge. Nachfolge-Experten geben wertvolles Wissen aus erster Hand in praxisorientierten Fachbeiträgen und -vorträgen weiter. Profitieren Sie von den Erfahrungen derer, die den Weg bereits gegangen sind.  Unser Ziel: Sie sollen selbst bestimmen, wer und zu welchen Konditionen Ihre Nachfolge antritt.  Insiderwissen über drei Wege: BEREIT! zur Nachfolge Wissensplattform|  bereit-zur-nachfolge.de Hier finden Sie als Unternehmer:in Unterstützung durch Fachbeiträge erfolgreicher Nachfolgebegleiter, direkt einsetzbare Checklisten und praxiserprobte Konzepte für Ihren Nachfolgeprozess.  + Downloaden Sie jetzt Ihre persönliche Checkliste für Ihre Nachfolge + P.S.: Auch für Nachfolgebegleitern bietet BEREIT! Insiderwissen und Werkzeuge, um MandantInnen gezielt weitere Impulse für die Nachfolge zu geben.  BEREIT! Workbook  |  bereit-zur-nachfolge.de/do-it-yourself/das-bereit-workbook Finden Sie heraus, wie es um Ihre Nachfolge steht und ob Ihr Unternehmen verkaufsbereit ist. Kennen Sie den Verkaufswert Ihres Unternehmens? Wie finden Sie Ihren Wunschkäufer? + Checklisten und Arbeitsmaterialien jetzt direkt downloaden! + BEREIT! Nachfolge Akademie | bereit-nachfolge-akademie.de In einem Zyklus von vier Abendveranstaltungen bietet die Initiative Unternehmensnachfolge hautnah. Mit praxisorientierten Fachvorträgen, Podiumsdiskussionen und echten Nachfolge-Erfahrungen von Unternehmern. Kernelement ist dabei der aktive Austausch und die Vernetzung zwischen erfahrenen Unternehmern, Nachfolgern, Investoren und fachlich exzellenten Dienstleistern rund um die Nachfolge.  + Sichern Sie sich Ihr Ticket! +",Germany,1.40023,,,
Inprodi GmbH & Co. KG,1400230.0,"Germany, Baden-württemberg, Eberbach, 5 Hauptstr., 69412",https://www.linkedin.com/company/inprodi-gmbh-co-kg,www.inprodi.net,"inprodi steht für innovative Produkte und Dienstleistungen und ist ein Familienunternehmen. Für unsere Kunden unternehmen wir alles und agieren wie eine Familie; absolut loyal. Wir denken strategisch und handeln innovativ. Im Bereich Mobilität und Ticketing setzen wir schon lange auf Batterie-und Brennstoffzellen-Technologie und auf ein professionelles, kosten- und aufwandminimierendes Ticketing. Ihre Projekte begleiten wir mit unserem individuellen Projektmanagement von der Initiierung bis zum Abschluss Ihres Projektes. Wir vertreten Ihre Interessen zielführend über den gesamten Projektverlauf und auf Wunsch reaktiv. Wir scheuen keine schwierigen, kritischen Situationen, denn wir arbeiten präventiv. Unser Notfallmanagement kann Schaden von Ihrem Unternehmen abwehren und begrenzen.",Germany,1.40023,,,
Puls On Point GmbH | Your Project. In Time. On Point.,1418375.0,"Germany, Bavaria, Erlangen, 1 Thalermühle, 91054",https://www.linkedin.com/company/puls-on-point,puls-digital-group.com,"your project. in time. on point. Puls on Point ist Ihr spezialisierter Partner für die digitale Transformation im Möbelhandel und der Haushaltsgerätebranche. 30 Jahre ausschließliche Fokussierung auf Ihre Branche – wir kennen Ihre Herausforderungen aus der Praxis, nicht aus Lehrbüchern. ZWEI KOMPETENZBEREICHE 🎯 Lead Transformation Partner für FURNSPHERE Als Mitentwickler der Möbelhandelsplattform FURNSPHERE haben wir exklusiv die Fokus-Routen entwickelt – vordefinierte Implementierungspfade basierend auf dokumentierten Branchenstandards. Wir begleiten Sie von der Planung bis zum Go-Live und befähigen Ihr Team zur eigenständigen Weiterführung. 🎯 ON POINT MODULE – Fokussierte Einzelleistungen Eigenständige Beratungsbausteine – mit oder ohne FURNSPHERE: - Kundenmanagement on Point – CRM, Service, Customer Journeys - Produktmanagement on Point – PIM/MDM für variantenreiche Sortimente - Verkauf on Point – Multichannel-Sales, CPQ, Angebotslogiken - Service on Point – Ticketing, Garantie, Self-Service-Portale - Reports on Point – KPI-Frameworks, Dashboards, Data Governance - Solution & Partner Management – Tool- und Dienstleisterauswahl Auch als Festpreis-Pakete verfügbar. UNSERE STÄRKEN ✓ 30 Jahre Branchenspezialisierung ✓ Herstellerunabhängig mit Partner-Ökosystem (Microsoft, SAP, PIMCORE) ✓ Erprobte Fokus-Routen statt Experimentieren ✓ Cashflow-first: Schnelle Ergebnisse mit hohem ROI ✓ Langfristige Partnerschaften – 13 Jahre bei JURA REFERENZEN JURA, BWT, Möbelhof, LUQEL und weitere führende Unternehmen vertrauen auf uns. Projektvolumen: 0,5 bis 10 Millionen Euro, angelegt auf langfristige Partnerschaft. Partner: PULS Gruppe (FURNSPHERE) | Adesso (Microsoft, SAP) | Objektkultur (Dynamics 365) | FindYour.Service (PIMCORE) Ob FURNSPHERE-Transformation, fokussierte Optimierung oder strategische Beratung – wir freuen uns auf das Gespräch mit Ihnen. your project. in time. on point.",Germany,1.418375,,,
TechFounders,9549099.0,"Germany, Bavaria, Munich, 5 Freddie-mercury-straße, 80797",https://www.linkedin.com/company/techfounders,www.techfounders.com,"As part of UnternehmerTUM, Europe’s leading center for innovation and business creation, TechFounders specializes in connecting established companies with pioneering start-ups worldwide.  We help businesses boost their operational efficiencies, cut expenses, find new product lines, or just become more innovative from the core through various venture clienting, targeted start-up scouting and acceleration services.  Simultaneously, we support start-ups to achieve scalable growth and success through strategic partnerships with established companies, while leveraging various coaching, mentoring, and networking possibilities. Since 2015, we have fostered over 200 pilot projects between international start-ups and established companies such as SAP.iO, HP Tech Ventures, Festo, Miele, WACKER, BMW Foundation Herbert Quandt and Siemens.  The Reveal - Start-up Demo Day tickets are out now: https://www.unternehmertum.de/en/landingpages/the-reveal",Germany,9.549099,,,
Footsteps-Nachfolge,529746.0,"Germany, Hesse, Kassel",https://www.linkedin.com/company/footsteps-nachfolge,www.footsteps-nachfolge.de,"Footsteps ist das erste Nachfolge-Festival Deutschlands: Wir wissen, dass der Prozess zur Nachfolge etliche Fragen aufwirft und eine Herausforderung sein kann. Wir wissen aber auch, dass er unglaublich viel Freude macht. Umso wichtiger ist es, sich mit Gleichgesinnten und Profis auszutauschen, sich gegenseitig zu motivieren und zu inspirieren. Wir wollen Nachfolger:innen, Vorgeher:innen, Nachfolgeinteressierte und Nachfolgebegleiter:innen zusammen bringen. Gemeinsam widmen wir uns 2 Tage der Zukunft der Nachfolge. Tickets gibt es hier: https://www.eventbrite.de/e/footsteps-das-nachfolge-festival-tickets-331935266317",Germany,0.529746,,,
4U Management,1400230.0,"Germany, Bavaria, Munich, 15 Josephspitalstr., 80331",https://www.linkedin.com/company/4u-management,,"4U Management is a sports marketing and consulting company that provides management services to professional athletes, sporting events, musicians, coaches, and companies worldwide. The following list is just a glimpse into the impressive resume they put to work for their Profile on a daily basis. • Negotiated numerous endorsement agreements with professional athletes. • Negotiated numerous event and appearance agreements for professional athletes. • Negotiated numerous national television production agreements. • Negotiated numerous licensing agreements. • Negotiated national broadcasting agreements. • Managed national advertising/promotional campaigns for PGA TOUR golfers. • Marketed a charity pro-am golf event that raised over $175,000 for a charitable foundation. • Managed and monitored professional athletes relationships and activities in the field of public relations and media. • Coordinated programs to enhance the relationship between professional athletes and their corporate business sponsors. • Negotiated major NCAA contracts for radio and television football and basketball packages as well as contracts between universities and major post-season collegiate bowl games. • Developed and implemented the most successful football ticket marketing program in NCAA history as well as strategic plans for external affairs. • Manage and monitor professional athlete activities between corporate sponsors and media entities. • Developed marketing, advertising and promotional campaigns with various companies. • Developed and managed national, public, and media relations campaigns. What can 4U Management do for YOU?",Germany,1.40023,,,
COACHINGRAUM Ferdinand Schank,529746.0,"Germany, Saarland, Saarbrücken, 28 Franz-schubert-straße, 66132",https://www.linkedin.com/company/coachingraum-ferdinand-schank,www.ferdinand-schank.de,"Als Berater für Entrepreneurs weiß ich, dass du deine Vision leben willst. Um das zu erreichen, brauchst du persönliches Wachstum. Das Problem ist, dass deine Vision im Tagesgeschäft untergeht, wodurch du dich frustriert fühlst. Ich glaube, dass du eine lebendige Vision verdient hast.  Ich war auch Unternehmer und ich befand mich in der gleichen Lage. Deshalb habe ich die Kompetenz-Karte SAM entwickelt. So gehen wir vor: 1. Entdecke mit dem Test Path Finder deine wichtigste Kompetenz 2. Wir erarbeiten Deine Kompetenz-Karte damit du DEINEN Weg gehen kannst.  3. Genieße das neue Wachstum deiner Vision   Also mache den Test, damit deine Vision nicht untergeht, sondern du ins Wachstum kommst.",Germany,0.529746,,,
Lean Knowledge Base,1893259.0,"Germany, Baden-württemberg, Heddesheim",https://www.linkedin.com/company/lean-knowledge-base,leanbase.de,"Die LeanBase ist Deine Suchmaschine und Community-Plattform für Alles, was sich mit Geschäftsprozessen in Unternehmen und Organisationen beschäftigt. Von A wie Agile bis Z wie Zielableitung findest Du hier fundiertes und praxiserprobtes Fach-Knowhow von Expert:innen in Text, Bild und Video. Auf der LeanBase begegnest Du der größten deutschsprachigen Lean-Community mit rund 30.000 Nutzer:innen. Unter LeanEvents findest Du für Dich passende Veranstaltungen – online und offline. Stöbere durch unsere verschiedenen LeanGames und entdecke im LeanLexicon Wissen von A-Z. Wenn Du Dich für Nachhaltigkeit in Unternehmen interessierst, dann ist unser LeanGreen Event Dein Place-to-be – sichere Dir Dein Ticket noch heute. Bei unserem jährlichem Event, dem LeanAroundTheClock (kurz: LATC) vernetzt Du Dich vor Ort in Mannheim mit Gleichgesinnten und triffst Fachexpert:innen. Neben den frei verfügbaren Bereichen stehen Dir als registriertem Mitglied weitere Inhalte zur Verfügung und Du kannst Dich im LeanNetwork aktiv an der LeanCommunity beteiligen. Für Deine Weiterbildung ist unsere LeanOnlineAcademy der richtige Ort.",Germany,1.893259,,,
NET INTEGRATION Informationsmanagement GmbH,1036300.0,"Germany, Bavaria, Munich, 3 Potsdamer Str., 80802",https://www.linkedin.com/company/netintegration,www.netintegration.de,"Net Integration ist Ihr Partner für die Zukunft von Vertrieb und Service. Wir spezialisieren uns auf die nahtlose Integration von Digitalisierung, Automatisierung und künstlicher Intelligenz (KI) in Ihre Geschäftsprozesse. Unsere Mission ist es, mittelständischen Unternehmen dabei zu helfen, ihre Effizienz zu steigern, ihre Kundenzufriedenheit zu maximieren und ihre Wettbewerbsfähigkeit durch modernste Technologien zu sichern. Produkte und Leistungen: •	CRM-Systeme: Implementierung und Anpassung          leistungsstarker CRM-Systeme zur Verwaltung und          Analyse Ihrer Kundenbeziehungen. •	Automatisierungslösungen: Automatisierung von         Geschäftsprozessen um repetitive Aufgaben zu         reduzieren und Ressourcen effizienter zu nutzen. •	KI-gestützte Chatbots: Entwicklung und Implementierung         von KI-gestützten Chatbots, die rund um die Uhr          Unterstützung bieten und Verkaufschancen identifizieren. •	Lead-Generierung und Qualifizierung: Automatisierte          Systeme zur effizienten Generierung und Qualifizierung          von Leads, um den Vertrieb zu optimieren. •	Content Management und Distribution: Effiziente          Verwaltung und Verteilung von Inhalten über          verschiedene Marketingkanäle. •	Social Media Management: Effiziente Verwaltung und          Optimierung Ihrer Social Media Aktivitäten. •	Kundenservice-Automatisierung: Einsatz von Tools          für Echtzeit-Support und effiziente Verwaltung von         Support-Tickets mit intensiver Unterstützung von KI. Kontakt: Besuchen Sie unsere Website www.netintegration.de oder www.erfolg.business für weitere Informationen oder vereinbaren Sie einen individuellen Beratungstermin unter www.netintegration.de/Termin.",Germany,1.0363,,,
Stolz & Laufenberg Projektmanagement,6472658.0,"Germany, North Rhine-westphalia, Düsseldorf, 100 Kalkumer Schloßallee, 40489",https://www.linkedin.com/company/stolz-&-laufenberg-gmbh,www.stolzundlaufenberg.de,"Die Projektmanager von Stolz & Laufenberg unterstützen Ihre Projektvorhaben in den Bereichen IT-Projekte und digitale Transformation durch ein auf mehr als 20-jähriger Erfahrung basierendes Leistungsportfolio.  Ein Schwerpunkt liegt auf Projekten zur Einführung von (KI-gestützten) Kommunikationslösungen (Collaboration-Tools, Contact-Center-Lösungen u.a.), v.a. auch in Bereichen, die erhöhten Regulierungsstandards unterliegen (VAIT, BAIT, KRITIS, ISO 27001, DORA). Im Zusammenhang damit steht auch eine bewährte Expertise in allen Fragen der rechtssicheren Medienaufzeichnung / Mediarecording. Ein weiterer Schwerpunkt liegt im Bereich von Mobilitätsprojekten. Wenn es um Digitalisierung und Automatisierung im ÖPNV/SPNV geht, wissen unsere Projektmanager vom Requirement bis zum Rollout was zu tun ist (Ticketing-Systeme, Fieldservices, FIS u.a.). Die Projektmanager von Stolz & Laufenberg verstehen branchenspezifische Besonderheiten und Herausforderungen und bewegen sich sicher auf allen Hierarchie-Ebenen als angenehme und kompetente Ansprechpartner. Mit verbindlicher Kommunikation, effektiven Entscheidungen und effizienter Umsetzung verschaffen Sie Ihnen und Ihren Projektteams spürbare Entlastung und damit mehr Freiräume, Ihr Fachwissen zielorientiert einzusetzen. Die Berater und Projektmanager der Stolz & Laufenberg GmbH übernehmen sämtliche Projektmanagement-Aufgaben Ihrer IT- und Digitalisierungsprojekte. Sie profitieren neben fundierter Planung und Strukturierung von einer optimalen Projektorganisation mit produktiven Projektprozessen, klaren Schnittstellen sowie einer aktiven und verbindlichen Kommunikation mit allen Projektbeteiligten.",Germany,6.472658,,,
Empowering GmbH,529746.0,"Germany, Baden-württemberg, Bönnigheim, 1 Sonnengässle, 74357",https://www.linkedin.com/company/empowering-gmbh,www.empowering-gmbh.com,"empowering GmbH is a private, early stage startup investor and mentorship program. We invest business angel tickets in a handful of precisely selected founders and personalities with seed capital, knowledge and network in the area of Insurance, Mobility, Automotive and Sustainability.",Germany,0.529746,,,
Newfruits,1036300.0,"Germany, Baden-württemberg, Stuttgart",https://www.linkedin.com/company/newfruits-gbr,www.wearenewfruits.de,"Wie können wir unsere Teamarbeit auch außerhalb von Workshops kontinuierlich verbessern❓ 🔥 Hier ist die Antwort: Mit dem newfruits Kartenset! Wir haben für euch die einfachsten New Work Methoden zusammengestellt – easy, direkt anwendbar und nachhaltig wirksam. 42 Methoden in 8 Kategorien, die euer Team wirklich voranbringen: ✅ Feedback ✅ New Leadership ✅ Meetings ✅ Zusammenarbeit ✅ Konfliktlösung ✅ Empowerment ✅ Selbstführung ✅ Lernkultur Jede Karte mit einer klaren Step-by-Step-Anleitung: ✔ Ziel der Methode ✔ So geht’s – kurze & knackige Anleitung ✔ Vorteile & typische Stolperfallen ✔ Tipps für die Umsetzung ✔ Wer ist beteiligt, wie lange dauert’s & was braucht ihr? Perfekt für alle, die Teamarbeit auf das nächste Level heben wollen! 🚀",Germany,1.0363,,,
VentureLink DTS UG,585664.0,"Germany, Berlin, Berlin, 82 Bessemerstraße, 12103",https://www.linkedin.com/company/venturelink-dts,venturelink.de,"VentureLink DTS is a registered company under the commercial court of Berlin, Germany. For many years, our company has organized and managed a number of short/ long-term training, study-tours, conference visits, trade show-visits, exposure know-how visits, short-term certificate programs in Germany, France, Italy, The Netherlands, Belgium, Switzerland, Austria, Spain, Portugal, Croatia, Denmark, Sweden, Norway, Poland, Czech-Republic, United-Kingdom and some other Outer-EU countries. Our services are done in collaboration with EU ministries, EU government organizations, EU national institutes, renowned universities, training institutes and private organizations. We have provided our services to many government ministries, NGOs and corporate companies from the countries like Bangladesh, India, Nepal, ASEAN and AFRICAN regions and successfully worked as a bridge between many successful Public-Private Partnerships. Alongside, our service area as well includes a 360 solution to European Logistics, Travel and Destination Management which includes Issuing Official Invitation Letter (LOI), Travel Visa Processing, Travel Insurance, Hotel Booking, Tour Guide in Various Languages, Vehicle/ Ticketing Support- Land, Air, Train, Sea, Detailed Travel Itinerary Management and Managing Guided Sightseeing Programs etc. This is being done in collaboration with major EU hotel chains, transport companies, airlines, registered tour operators and many other solution providers from all European countries.",Germany,0.585664,,,
Del Medio Verlag,832896.0,"Germany, Berlin, Berlin, 4-5 Uhlandstraße, 10623",https://www.linkedin.com/company/del-medio-verlag,www.delmedio-verlag.de,"Wir bieten Städtetickets für Tourist:innen in München, Wien und Berlin. Ein Ticket für öffentliche Verkehrsmittel und gleichzeitig Rabatte bei unzähligen touristischen Partnern aus den Bereichen Kultur & Museen, Gastronomie, Shopping, Spaß & Action und Nachtleben erhalten. Der ideale Begleiter für deine Städtereise mit Freunden, Familie oder allein. Easy, bequem und nachhaltig. - Freie Fahrt mit öffentlichen Verkehrsmitteln (U-Bahn, S-Bahn, Tram, Bus & Fähre) - bis zu 50% bei Kooperationspartnern sparen - Gültig für 24 Stunden bis 1 Woche",Germany,0.832896,,,
TUI 4U,1258668.0,Germany,https://www.linkedin.com/company/tui-4u,www.tui4u.de,"Die TUI 4U GmbH ist ein Unternehmen der World of TUI und beschäftigt sich mit dem Auf- und Ausbau verschiedener Vertriebs- und Serviceleistungen für Konzerngesellschaften und Fremdunternehmen.  Mit unseren Marken TUI Ticket Shop, Sparflug und airtours Ticket Factory sind wir einer der erfolgreichsten Consolidator Deutschlands. Unser Angebot umfasst die Beratung, Abwicklung und Buchbarkeit des gesamten Linienflug-Produktes für Reisebüros und Endkunden. Darüber hinaus bieten wir ein Online-Reisebüro und touristische Call Center Dienstleistungen mit Hotline Services, Helpdesk-Betreuung und ein umfangreiches Flugdatenbankmanagement.",Germany,1.258668,,,
Oberammergau 2020 - Vered Travel & Tours Europe,4751442.0,"Germany, Bavaria, Unterammergau, 41a Dorfstrasse, 82497",https://www.linkedin.com/company/passion-play-oberammergau-2020-vered-travel-tours-europe,2020-oberammergau.com,"Oberammergau 2020, the next Passion Play that takes place once every 10 years will take place from May  - October 2020 in the small Bavarian Village. Not to be missed. This page and our website is part of the Vered Hasharon Travel & Tours Group with an office in Unterammergau (only 4 km from Oberammergau). We work with groups and individuals, arranging tours including other countries in Europe as well as spending a few days in Oberammergau exploring the area and experiencing the Passion Play, or we can offer just accommodation and tickets to the Passion Play 2020.",Germany,4.751442,,,
Aeroplan Flugbüro GmbH,585664.0,"Germany, North Rhine-westphalia, Düsseldorf, 5 Homberger Straße",https://www.linkedin.com/company/aeroplan-flugbüro-gmbh,www.apd24.de,Aeroplan Flugbüro GmbH ist ein Reisebüro und ein weiterhin unabhängiger Ticket-Großhändler mit Sitz in Düsseldorf. Das Unternehmen wurde im Jahr 1988 von den Brüdern Alireza und Bahram Khatibi gegründet. Die beiden Herren und Geschäftsführer sind bereits seit 1980 im Reisebüro-Bereich tätig. Zusammen mit ihren Mitarbeiterinnen und Mitarbeitern unterstützen sie Sie mit ihrer langjährigen Erfahrung bei Ihrer Reiseplanung.,Germany,0.585664,,,
AGULOGLU TRAVEL,208224.0,Germany,https://www.linkedin.com/company/aguloglu-travel,aguloglutravel.de,"Our tourism agency offers you affordable vacations, airline tickets and many other travel offers.",Germany,0.208224,,,
LOLOMA Finest Travel By Ticket&Touristik,585664.0,"Germany, Bavaria, Traunreut, 23a Anning, 83368",https://www.linkedin.com/company/flugbörse-ticket-&-touristik,www.lolomatravel.de,Loloma Finest Travel by Ticket & Touristik ehemaliger Name Flugbörse Ticket und Touristik  Reisebüro in Trostberg Schulstr.1 / 83308 Trostberg jetzt Neue Adresse in  Anning 23A zwischen Trostberg und Traunreut 83368 St. Georgen / Traunreut 0862150990 info@lolomatravel.de www.lolomatravel.de,Germany,0.585664,,,
TrekZ Travel Solutions GmbH,585664.0,"Germany, Bavaria, Schöngeising, 2a Bahnhofstraße, 82296",https://www.linkedin.com/company/trekz-travel-solutions,www.trekz.io,"Experience the Future of Creator Commerce with TREKZ TREKZ empowers creators, artists, and influencers to design and monetize unforgettable experiences for their communities. Go far beyond ticket sales — offer all-inclusive packages with hotels, backstage access, meet & greets, and more. With TREKZ, your creativity sets the boundaries. Whether it's a sports trip, a concert weekend, or a behind-the-scenes experience — you imagine it, we make it real. The result? Stronger bonds with your audience. New revenue streams. And zero operational hassle. We take care of everything — planning, booking, customer support, and payments — while you stay focused on what matters: your content and your fans. Our smart tech and shareable deep links make promoting and selling your experiences seamless and scalable. TREKZ is your backstage pass to real-world fan engagement — and real growth.",Germany,0.585664,,,
Agent CS GmbH,2040844.0,"Germany, Hesse, Oberursel, 27 Zimmermühlenweg, 61140",https://www.linkedin.com/company/agent-cs,www.agent-cs.de,"Agent CS ist ein Unternehmen für Concierge- und FeelGood-Services. Es wurde 2004 mit der Vision gegründet, einen individuellen und maßgeschneiderten Service zu bieten, der Menschen dabei unterstützt, eine größere Zeitautonomie zu erlangen und stressige Lebenssituationen zu minimieren.  Nahezu zwei Jahrzehnte haben wir dazu genutzt, um ein unvergleichliches nationales und internationales Netzwerk aufzubauen, welches für unsere Klienten Zugang zu Erlebnissen verschafft, die sonst so nicht oder nur schwer möglich wären. Zudem verbindet dieses Netzwerk Menschen auf Wunsch miteinander. Unser Team stellt sich stets in den Dienst von Menschen, um das wertvollste Gut - die persönliche Zeit - zu erwirtschaften und nachhaltig zu gestalten. Agent CS ist ein auf das höchste Maß individualisierter und personalisierter Service, der die Zeitfresser des privaten und beruflichen Alltags übernimmt und es somit seinen Klienten erlaubt, sich auf die für sie wichtigsten Dinge fokussieren zu können. // Privat- und Geschäftsreisen // Eintrittskarten / Tickets // Recherchen // Besorgungen / Erledigungen // Relocation Services // Medical Services // Meetings & Events // Luxus & Lifestyle // Marketing Services Zur privaten Unterstützung. Als Mitarbeiter-Benefit. (wertschätzende Unternehmenskultur). Für Ihre Kunden (emotionale Kundenbindung).",Germany,2.040844,,,
Mood2Travel - A UNIFIFI Brand,1427765.0,"Germany, North Rhine-westphalia, Düsseldorf, 3 Peter-mueller Str., 40468",https://www.linkedin.com/company/mood2travel,business.unififi.com,"Mood2Travel Solutions GmbH, a Unififi Company.  (IATA Agent Certified & NDC/ARM Seller Certified) Started as a destination management company(DMC) based in  Düsseldorf, Germany, since 2013, Mood2Travel (previously known as Hao-You Consulting und Service GmbH) has been developed into one of the largest China/Asia-related European B2B suppliers over the years. After joining the Unififi Group in January 2019, Mood2Travel has started to focus on flight ticket consolidation services.  The new company name, Mood2Travel is officially taken effectiveness in January 2022, which will allow us to present ourselves as the most innovative and trusted tech-driven flight ticket consolidation service agency. Our commitment will remain our highest priority for our customers and partners.",Germany,1.427765,,,
Companion2Go,208224.0,"Germany, Hesse, Marburg An Der Lahn, 20 Uferstraße, 35037",https://www.linkedin.com/company/companion2go,www.companion2go.de,"Companion 2 Go bietet eine Plattform, auf welcher sich Gleichgesinnte mit und ohne Behinderung kostenlos registrieren sowie Angebote suchen und erstellen können, um gemeinsam Aktivitäten und Reisen zu planen.  Companions profitieren als Team von vergünstigten oder kostenlosen Tickets für die besten Plätze - bei Veranstaltungen und auf Reisen.",Germany,0.208224,,,
GQ Travel & Hotels,1249344.0,"Germany, Saarland, Saarbrücken, 145 Hochstraße, 66115",https://www.linkedin.com/company/gq-travel-and-hotels,gqtravel-hotels.com,"GQ Travel & Hotels is a leisure, Business travel & Accommodation, tourism company. Air Shuttle in Saarland, Organizing Ghana Visa on Arrival, Domestic flight in Ghana, Rent car,  Travel Insurance, Air ticket on credit.",Germany,1.249344,,,
Sky Travel Agent GmbH,1531155.0,"Germany, Bavaria, Garching Bei München, 29 Parkring, 85748",https://www.linkedin.com/company/sky-travel-agent-gmbh,www.skytravelagent.de,"Sky Travel Agent is a travel agency specializing in flights as well as individual long-haul travel, offering clients comprehensive know-how regarding air tickets in all classes of service (including first and business class), business travel and the optimal use of travel loyalty programs. Services offered: - Air tickets in all classes of service - Hotel bookings - Car rental bookings - Award booking service (research of available award seats all the way to getting awards ticketed on behalf of our customers) - Mileage run consulting service (research and ticketing of trips designed to maximize mileage earnings with frequent flier programs)",Germany,1.531155,,,
Heliflieger.com,1888002.0,"Germany, Bavaria, Munich, Packenreiterstraße, 81247",https://www.linkedin.com/company/heliflieger.com,www.heliflieger.com,"We are offering Helicopter tours in the greater Munich area. Flights over the 5 lakes, over Munich or to Castle Neuschwanstein and through the alps are part of our repertoire. We are operating from an airfield west of Munich near a town called Jesenwang. Airport designator ias EDMJ. Visit our website for booking of tickets and further information. (website is German only at the moment, pls email us your questions)",Germany,1.888002,,,
Let's Yalla,1888002.0,"Germany, Bavaria, Munich",https://www.linkedin.com/company/let's-yalla,,Let's Yalla offers real last minute.  We enable spontaneous travelers to find amazing flight deals on their mobile device by publishing unsold tickets for reduced prices on the evening before departure. Airlines and tour operators are increasing their load factor in a flexible and adaptive way by uploading leftover tickets to the Let's Yalla platform.,Germany,1.888002,,,
Tickwell Travel,1029624.0,"Germany, Bavaria, Schlüsselfeld",https://www.linkedin.com/company/tickwell,www.tickwell-travel.de,"Dein exklusiver Reiseveranstalter für außergewöhnliche Erlebnisse: Wir öffnen dir die Türen zu den größten Sport-, Musik- und Kulturevents weltweit. Bei Tickwell Travel bekommst du alles aus einer Hand – von offiziellen Tickets und handverlesenen Hotels über durchdachte Reiseplanung bis hin zu Flug und persönlichem Chauffeur-Service.",Germany,1.029624,,,
Rail.cc,1427765.0,"Germany, Berlin, Berlin",https://www.linkedin.com/company/railcc,rail.cc,"railcc ® explains how to travel by train. Information about train tickets for Europe, Russia and Asia. Extend help for rail pass (Interrail + Eurail) travellers. The railcc website is available in 30 languages with about 50.000 visitors daily.",Germany,1.427765,,,
Campcruisers,343344.0,"Germany, Brandenburg, Falkensee, 21 B Berliner Str., 14612",https://www.linkedin.com/company/campcruisers,www.campcruisers.com,"Campcruisers is the platform for hiring and renting motorhomes, caravans, houseboats and pitches Campcruisers offers camping fans the whole world of mobile leisure - from the right motorhome, caravan or houseboat to the most beautiful pitches and tickets for tourist attractions along the route. Together with innovative rental companies, we want to offer travellers more than just the next booking platform for rental vehicles. Our vision is a platform that creates a real booking experience for camping fans and ensures that the stressful booking process, especially for longer camping trips, is a thing of the past. To this end, we are developing an AI-supported tour planner that takes into account the individual interests of all travellers and offers them a one-stop shop: the perfect itinerary, the right vehicle at the departure point, the most beautiful pitches along the route, as well as tickets for guided tours, sights or other leisure activities at the holiday destination. In order to provide this comprehensive service, Campcruisers works with all campsite operators and commercial hire companies of leisure vehicles and houseboats who want to increase the utilisation of their business and increase their booking turnover with new tenants. We also offer property owners who have a large garden, forest property, their own lake, farm, winery or similar the opportunity to market pitches for motorhomes and caravans on their property to build up a little extra income and make campers happy at the same time. Campcruisers was founded in May 2024 by Daniel Bosch and Philipp Marschall in Berlin. Since December 2024, the company has been a limited liability company based in Falkensee (Brandenburg).",Germany,0.343344,,,
Kartenhaus By Tix & Travel,779725.0,"Germany, Hamburg, Hamburg, 4 Gertigstraße, 22303",https://www.linkedin.com/company/kartenhaus-by-tix-travel,tix-and-travel.com,"Seit mehr als 35 Jahren bietet das Kartenhaus ein innovatives Konzept kombiniert mit vertrautem Service: Wir kombinieren das Konzept einer traditionellen Vorverkaufsstelle mit dem Premium-Service eines Event-Reisebüros für internationale Großveranstaltungen. Wir beraten unsere Kunden in unserem Geschäft in Hamburg, telefonisch oder auch per E-Mail. Neben den herkömmlichen Tickets aus den gängigen Vorverkaufssystemen bringen wir unsere Kunden dank jahrzehntelanger Erfahrung auch an Orte, die bislang unerreicht schienen. Bei uns erwartet Dich ein wertschätzendes Arbeitsklima in dem du dich sofort wohl fühlst. Unser Team zeichnet sich durch Dynamik, Professionalität, Organisation und Hands-on-Mentalität aus.  Also worauf wartest du noch? Wir freuen uns auf Deine Bewerbung!",Germany,0.779725,,,
Travelario.com Travel Guides,416448.0,"Germany, Berlin, Berlin",https://www.linkedin.com/company/travelario,www.travelario.com,"travelario.com is your new interactive travel guide, combining the best offers for travelers around the world from a huge range of providers. We develop interactive travel guides for more than 1.000 cities worldwide. Find all relevant information, hotels, sights, clubs, shopping spots, tours & activities and much more on just one map.  Save time and money exploring and booking your travel destinations, flights, tickets and more on travelario.com. For partnership inquiries please contact: partner@travelario.com",Germany,0.416448,,,
Mehrkur Reisen GmbH,832896.0,"Germany, North Rhine-westphalia, Paderborn, 25 Kaukenberg, 33100",https://www.linkedin.com/company/mehrkur-gmbh-&-co.-kg,www.mehrkur.de,"Seit 1997 steht das Reisebüro Mehrkur Reisen am Kaukenberg 25 in Paderborn für seine Kunden bereit. Anfangs haben wir für unsere Kunden alleinig Tickets in die russische Region gebucht und Visa organisiert. Ab dem Jahr 2000 begannen wir auf Anfrage der Kunden auch verschiedene Urlaubsreisen anzubieten. Vom klassischen Strandurlaub bis hin zum Skiurlaub können bei uns viele unterschiedliche Urlaubsarten gebucht werden. Da die Menschen immer länger leben und Jeder möglichst lange gesund bleiben möchte, starteten wir im Jahr 2005 mit unserem umfassenden Kurreiseangebot vor allem in osteuropäische Kurgebiete. Heute stehen wir unseren Kunden als Spezialist für Kur- und Urlaubsreisen zur Seite und haben über 20 Jahre Erfahrung auf diesem Gebiet.",Germany,0.832896,,,
Ticket B - Architektur Erleben,1750629.0,"Germany, Berlin, Berlin, 113 Dresdener Strase, 10179",https://www.linkedin.com/company/ticket-b---architektur-erleben,ticket-b.de,Ticket B - Architektur erleben Architekturführungen in Berlin & internationale Architekturreisen,Germany,1.750629,,,
KaiYuan Information & Business GmbH,9370080.0,"Germany, Bavaria, Munich, 6 Hackerbrücke, 80335",https://www.linkedin.com/company/kaiyuan-information-&-business-gmbh,www.kaytrip.com,"Kaytrip is a company focused on overseas destination online travel services and is one of Europe’s largest Chinese travel agencies. Since it’s foundation in 2002 in Munich, Germany, Kaytrip has been deeply rooted in European tourism markets and established further offices in China, Australia and European countries. The company now has a great many of rich tourism products, covering a variety of forms including bus tours, FIT tours, special groups on individual request, theme tours, business exhibitions, as well as the official reception and so on. Kaytrip has been granted IATA qualification as the most professional Chinese incoming institution in Europe. Our professional Call Center covers ticketing sales in Europe and China and by its technological advantages can provide professional and also efficient travel and ticketing services. For an online company such as Kaytrip, the focus is based on technological innovations. Over the years, it  always kept up with the latest trends of the Internet, the accurate grasp of customer needs, based on the continued integration of its increasingly powerful tourism resources and improve the various sales channels and service system. Currently Kaytrip not only has its own travel service department, it has also developed very popular Social Media channels and further Media tools to target the Chinese customers in Europe and China. Kaytrip repeatedly won the tourism industry- and media award.",Germany,9.37008,,,
DMC EUROPE,1427765.0,"Germany, Berlin, Berlin, 35 Brandenburgische Str, 10707",https://www.linkedin.com/company/dmceurope,dmceuropa.com,"Destination Management Europa GmbH – Ihr Partner für individuelle Planung, Organisation und Durchführung von Gruppenreisen(Leisure), Businessreisen, Betriebsausflügen, Messereisen, Busreisen und Einzelreisen – Ihr Reiseveranstalter für Deutschland und Europa.  Starke Partner Kooperationen mit ausgewählten Partnern aus Hotellerie, Gastronomie, Shuttle-Services sowie zahlreichen, attraktiven Aktiv- und Erlebnisunterbringungen in der Bundeshauptstadt, im Umland, weiteren Metropolen und natürlich in ganz Deutschland, geben uns die Möglichkeit, Ihre individuelle Reise nach Ihren Wünschen zusammen zu stellen. Wir bieten Unterkünfte in allen Hotelkategorien, kulinarischen Verpflegungshighlights mit deutscher und internationaler Küche, Organisation von Transfers, Anmietung von Bussen für Ausflüge, Reservierung von Tickets für Theater- und Konzertkarten, Museen, Sehenswürdigkeiten, Events, Shows und Varieté und Organisation Stadtbesichtigungen (Busrundfahrt, Schiffsfahrt oder Stadtrundgang) an.",Germany,1.427765,,,
FTI GROUP,880931005.0,"Germany, Bavaria, Munich",https://www.linkedin.com/company/fti-group,www.fti-group.com,"With its brands, the FTI GROUP is the fourth largest travel operator in Europe. FTI Touristik, as well as the last minute operator 5vorFlug, the rental car broker driveFTI, the online portal fly.de, the largest German language tour operator LAL Sprachreisen, the Destination Management Company Meeting Point International, which is active in over 40 destinations worldwide, and the operator for promotional products BigXtra, belong to the FTI GROUP. Under the umbrella of the hospitality company Meeting Point Hotels the hotel brands LABRANDA Hotels & Resorts, Design Plus Hotels, Kairaba Hotels & Resorts, Club Sei and Lemon & Soul are bundled. The consolidator FTI Ticketshop is responsible for scheduled flight ticket sales while FTI Cruises bundles the cruise business.  Around 10,000 travel agencies sell FTI products throughout Germany. The FTI GROUP has consolidated its franchise systems in its subsidiary Touristik Vertriebsgesellschaft mbH (TVG). Under the TVG the Group brings together its franchise systems with the brands sonnenklar.TV Reisebüro, 5vorFlug and Flugbörse. Other important distribution channels are the travel shopping channel sonnenklar.TV and the British online B2B provider for hotel bookings, Youtravel.  In Austria FTI is represented by a subsidiary in Linz, while FTI Touristik AG is located in Basel, Switzerland. The French tour operator FTI Voyages has been part of the FTI Group since 2012. With FTI Reizen the Group is also active in the Netherlands since 2016. The service center erf24 and travianet and touristic24handle bookings from the FTI GROUP and external customers.  Headquartered in Munich, the FTI GROUP employs 10,000 staff worldwide and achieved sales volumes of 3,6 billion euros in the fiscal year 2017/18",Germany,880.931005,,,
Elumbus GmbH,1457568.0,"Germany, Berlin, Berlin",https://www.linkedin.com/company/elumbus-reisen,www.elumbus-reisen.de,"Elumbus Reisen bietet Ihnen eine individuelle und kompetente Beratung zu Ihren Reisen und Flügen. Neben allen aktuellen Flugpreisen, Ticketarten wie Round-the-World als auch Airpässen, organisieren wir gern Ihre Pauschalreise, Individualreise oder Rundreise und buchen Ihnen einen Mietwagen oder Transfer für Ihr Urlaubsziel dazu – ganz nach Ihrem Wunsch. Dabei profitieren Sie von unserem langjähriges Fachwissen und umfangreichen eigenen Reiseerfahrungen. Wir arbeiten sowohl mit den großen deutschen Reiseveranstaltern zusammen, als auch mit kleineren Spezialreiseveranstaltern, um Ihre Reise ganz nach Ihren Vorstellungen gestalten zu können. Wir reservieren gern ihre Sitzplätze an Bord, melden Babybassinets an, bestellen vegetarisches Essen, registrieren Übergepäck, Musikinstrumente oder den Rollstuhl und kümmern uns -auf Anfrage – um Ihr Visum. Wir stehen Ihnen für alle Fragen zu Ihrer Reisebuchung zur Seite. Die Vermittlung von Versicherungen, Informationen zum Zielgebiet und individuellen Reisemöglichkeiten sowie Stop-Over-Pakete, Touren und Hotels. Wir geben Ihnen Tipps aus erster Hand für einen entspannten Urlaub ganz nach Ihren Vorstellungen. Durch die Zusammenarbeit mit den größten Ticketgroßhändlern Deutschlands – AER Ticket, STA und Ticketshop – verkaufen wir Flugtickets zu besten Preisen in die ganze Welt.",Germany,1.457568,,,
Landmark GmbH,779725.0,"Germany, North Rhine-westphalia, Köln, 382 Aachener Straße, 50933",https://www.linkedin.com/company/landmark-gmbh,www.landmark-fine-travel.de,"Als individueller Reiseveranstalter ist Landmark seit 1991 auf die Vermietung von Luxusvillen und die Direktvermittlung von Luxushotels weltweit an einen anspruchsvollen Kundenkreis spezialisiert. Die persönliche Kennerschaft unseres Portfolios, der Hotels und Villen, sowie der stete Kontakt zu Partnern und Hauseigentümerm sind die Grundsätze unserer Arbeit. Daneben gehören auch die Organisation von Geschäftsreisen und Incentives, die Buchung von Privatjets und Yachten sowie die Vermittlung von Tickets für große Sport-Events wie z. B. Fußballweltmeisterschaften zu unseren Kernkompetenzen. Unsere Dienstleistung umfasst die komplette Reiseorganisation inklusive der Buchung von Flügen, Mietwagen und Transfers.",Germany,0.779725,,,
Plekhanov Travel,343344.0,"Germany, Berlin, Berlin, 8a Mühlenstraße, 14167",https://www.linkedin.com/company/plekhanov-travel,plekhanov-travel.com,"Plekhanov Travel - online travel agency. We specialise in health resort travelling,  With pleasure we support you with the search for your health resort travelling. With us you receive a professional consultation to your travel wishes. What we can offer you: health resort travelling, flight tickets. Plekhanov Travel - imprint: https://plekhanov-travel.com/impressum/",Germany,0.343344,,,
Terra Lu Travel - Germany4groups.com,585664.0,"Germany, Hesse, Homberg, 20 Pfarrstraße, 34576",https://www.linkedin.com/company/terra-lu-travel-&-consult-gmbh,www.germany4groups.com,"Located in the heart of Germany, we at Terra Lu Travel are close to everything your clients want to see in Germany and the neighboring countries. Why work with a company somewhere in the world when you can use the expertise and contacts of local specialists? Experienced since 1990, Terra Lu Travel is a full service inbound supplier for all your travel needs in central Europe. Busses or trains, hotels and any other accommodations, tour directors, local guides, and event tickets – we do all the arrangements to make your tour a success. We are not limited to pre-arranged tours from a catalogue, nor are bound to hotel chains or PAX limits. Each and every of our tours is hand crafted just for you. And if your group needs a bit more attention while travelling abroad: We are always close by.",Germany,0.585664,,,
Laux Reisestudio GmbH,1427765.0,"Germany, Hesse, Wiesbaden, 1 Fondetter Straße, 65207",https://www.linkedin.com/company/lauxreisestudio,994499.de,"Als Ihr kompetenter Partner zum Thema Privat- und Geschäftsreisen  stellen wir Ihnen hier unseren Betrieb und unsere Tätigkeiten vor. Als kleines, inhabergeführtes Unternehmen können wir flexibel und individuell auf Ihre Spezialwünsche eingehen.  Gute Beratung, Qualität und Pünktlichkeit in der Ausführung ist unser Prinzip, mit dem wir schon seit über 25 Jahren Erfolge und zufriedene Kunden vorweisen können. Am 25.Januar 1997 eröffneten wir unser Reisestudio. Wir bieten Ihnen alle führenden Reiseveranstalter und Fluggesellschaften, Hotels, Mietwagen und Eintrittskarten weltweit sowie Reiseversicherungen, Fahrkarten der Deutschen Bahn und weiterer Bahngesellschaften an. Gerne erledigen wir für Sie auch Visa-Formalitäten.",Germany,1.427765,,,
SPORTKULTOUR GmbH,624672.0,"Germany, North Rhine-westphalia, Dinslaken, 1c Albrecht-dürer-straße, 46539",https://www.linkedin.com/company/6135294,www.sportkultour.de,"Wir sind SPORTKULTOUR. Als exzellent im Sport vernetzte Eventagentur dreht sich bei uns seit 2007 alles um diese magischen Momente. Mit überzeugenden Konzepten, außergewöhnlichen Ideen und exklusiven Events stoßen wir Ihnen Türen und Tore zu Möglichkeiten auf, von denen andere nur träumen können. DFB-Pokalfinale, Bundesliga, Champions League, Europa League, Premier League, La Liga, Formel 1, Tennis, Handball oder das Hahnenkamm-Rennen – mit uns sind Sie hautnah dabei. Damit aber noch lange nicht genug, auch im Lifestyle-Bereich gibt es diese magischen Momente, die wir Ihnen nicht vorenthalten möchten. Ob für die Elbphilharmonie, bei Preis-Verleihungen, dem Wiener Opernball, auf Konzerten, Festivals oder im Karneval – wir sind auch hier perfekt aufgestellt. Unsere Spezial-Disziplinen: ""Ausverkauft"" gibt es nicht: Wir organisieren limitierte VIP-Tickets wie auch alle anderen Karten-Kategorien zu nationalen und internationalen Veranstaltungen. Reise von A bis Z: Lehnen Sie sich zurück! Wir bringen Sie nicht nur an die schönsten Orte und zu den Top-Events der Welt, dank unseres ausgereiften Eventmanagements planen und organisieren wir Ihr ganz persönliches Highlight auf Wunsch auch komplett. Schließlich sollen Sie Ihren Moment genießen. Träume erfüllen: Wir verschaffen Ihnen Zugang zu exklusiven Locations sowie Partnern. Zudem helfen wir bei der Verwirklichung individueller Event-Vorstellungen. Gemeinsam sind wir stark: Gruppenreisen sind extrem beliebt. Unsere Geschäftskunden greifen gerne auf unsere bewährten All-In-Incentives zurück, während die Vereine aus unserem breitgefächerten Angebot der ""Mannschaftsfahrten"" den Teamgeist stärken. Sie wollen sich Ihre ganz persönlichen Wünsche erfüllen, suchen aber noch nach der richtigen Verwirklichungsstrategie? Kein Problem! Sprechen Sie uns einfach an. Gemeinsam kreieren wir Ihre eigenen magischen Momente. Fordern Sie uns heraus!",Germany,0.624672,,,
Venovas Travel,1427765.0,"Germany, Oedheim, 23 Breitenweg, 74229",https://www.linkedin.com/company/tourwix,www.tourwix.de,"Venovas Travel has been represented in Turkey and abroad with its experienced staff since 2013. We operate in the fields of tourism, transfer, airline ticket sales, tours, hotel accommodation and health tourism. Customer satisfaction and innovation are among our strategic priorities. The 24/7 service is provided especially in professional teamwork with employees who speak Turkish, German, English and Russian.   Venovas Travel is an uninterrupted 24/7 contact point for its guests and is well equipped with its network of service providers for airport and hotel tour transfer services. With our international partners, it offers the quality of service that is offered in international standards, i.e. under the same conditions in all countries.   With our unique design, it is very easy for you to find the perfect tour with us. The doubt always remains, no matter how much you trust a travel agent. Still unsure of where to go and how to find the best prices on tours? We have 24/7 telephone support for you. We are happy to help you with changes to your reservations and bookings.",Germany,1.427765,,,
Videoguide Düsseldorf,1427765.0,"Germany, Nidwalden, Düsseldorf, Seydlitzstraße, 40476",https://www.linkedin.com/company/videoguide-düsseldorf,www.videoguide-duesseldorf.de,"Entdecke Düsseldorf mit den Locals. Videos (dt./engl.) von Sehenswürdigkeiten und wiederkehrenden Events. Filterbar nach Interessen, Aufenthaltsmonat und verfügbarer Zeit. Mit Infos zu ÖPNV, Öffnungszeiten und Kosten. Mit wertvollen Tipps von Düsseldorfern. Mit interaktiver Karte. Für Touristen, Expats, Neu-Düsseldorfer, neugierige Düsseldorfer und Düsseldorfer, die ihren Besuch vorab entscheiden lassen wollen, wo es hingehen soll. Und für die Düsseldorfer, die anderen zeigen wollen, was die Landeshauptstadt alles zu bieten hat. Haben Sie Mitarbeiter in Düsseldorf? Zeigen Sie ihnen, was den Standort attraktiv macht!",Germany,1.427765,,,
Wilhelmshaven Touristik & Freizeit GmbH,3748032.0,"Germany, Lower Saxony, Wilhelmshaven, 2 Banter Deich, 26382",https://www.linkedin.com/company/wilhelmshaven-touristik-&-freizeit-gmbh,wilhelmshaven-touristik.de,"Wilhelmshaven Touristik & Freizeit GmbH Wilhelmshaven steht für Sonne, Strand und Urlaubsstimmung! Um das zu genießen, sind keine Langstreckenflüge notwendig. Hauptaufgabe der Wilhelmshaven Touristik & Freizeit GmbH ist über unsere maritime Metropole an der Nordsee zu informieren. Das primäre Ziel ist es, den Gästen Wilhelmshaven in den Bereichen Fremdenverkehr, Tourismus, Kultur und Stadtmarketing die Vorzüge Wilhelmshavens und unserer Nachbargemeinden darzustellen. Dazu gehören zahlreiche kleine und größere Sehenswürdigkeiten und Angebote für Jung und Alt in der Hafenstadt. Rundum-Sorglos-Paket für Wilhelmshaven Die Wilhelmshaven Touristik GmbH steht für alle relevanten Informationen für die Region. Besondere Aufmerksamkeit gilt der erholsamen und „freien"" Zeit aller Besucherinnen und Besucher Wilhelmshavens. Das Unternehmen versteht sich als Dienstleister für Zimmervermittlung, Pauschalreisen, Stadtführungen und vieles mehr. Hier erhalten die Gäste Wilhelmshaven ein organisiertes Rundum-Sorglos-Paket für Wilhelmshaven. Veranstaltung und mehr Sämtliche Tickets für alle Veranstaltungen deutschlandweit und für die Konzerte in der Region, im Pumpwerk oder in der Stadthalle sind bei der Wilhelmshaven Touristik & Freizeit GmbH erhältlich. Zusätzlich konzipiert und organisiert die WTF alle Formen von Veranstaltungen in Wilhelmshaven Investitionen in die Zukunft Langfristig möchte die Wilhelmshaven Touristik & Freizeit GmbH durch ihre Arbeit dazu beitragen, Wilhelmshaven zum Oberzentrum für Tourismus zu machen und die Standortqualität für Einheimische und Gäste zu verbessern. Dies beinhaltet durch Gestaltung einer weiten Angebotspalette im Dienstleistungsbereich, die Grundlagen für die Ansiedlung von Unternehmen und Bürgern zu schaffen. https://www.wilhelmshaven-touristik.de/impressum/",Germany,3.748032,,,
Marco Polo Reisen GmbH,1874016.0,"Germany, Bavaria, Munich, 25 Riesstraße, 80992",https://www.linkedin.com/company/marco-polo-reisen-gmbh,www.marco-polo-reisen.com,"Marco Polo ist Spezialist für preiswerte Erlebnis- und Entdeckerreisen in Europa und weltweit. Der günstige Basispreis umfasst alle wichtigen Leistungen: Anreise, Unterkunft und Rundreise inklusive Führung und Betreuung durch einen landeskundigen Marco Polo Scout. Ebenfalls immer dabei: ""Marco Polo Live"" - das Entdecker-Highlight auf jeder Reise. Viele zusätzliche Extras können dazugebucht werden: Ausflüge, das Rail & Fly-Ticket zum Abflugsort, die Visabesorgung. Eintritte werden direkt vor Ort beglichen. So kann sich jeder Marco Polo Gast sein individuelles Reisepaket genau so zusammenstellen, wie er es haben möchte und zahlt nur das, was er auch in Anspruch nehmen will. Marco Polo ist ein Reiseveranstalter mit langer Tradition. Seit Mitte der fünfziger Jahre bereist Marco Polo die Welt und hat dabei jede Menge Erfahrung im Umgang mit anderen Kulturen und neuen Situationen gesammelt.",Germany,1.874016,,,
ABC Travel Service,11437555.0,"Germany, Baden-württemberg, Mannheim, 9 Gorxheimerstr., 68309",https://www.linkedin.com/company/abc-travel-service,www.abctravel.de,"Established in 1987, ABC Travel Service is a full service agency specialized in the american military travel market. We have four offices in Mannheim, Kaiserslautern, Ramstein, and Vilseck. We work with individuals and tour groups. In addition to booking flights, hotels, rail tickets and car rentals, ABC Travel organizes all kind of trips from self-drive holiday to safaris and diving. We are qualified, experienced professionals that are here to offer you a fast, friendly service.",Germany,11.437555,,,
VPR Internationaler Verband Der Paketer E.V.,1068334.0,"Germany, Berlin, Berlin, 163 Plauener Straße, 13053",https://www.linkedin.com/company/vpr-internationaler-verband-der-paketer-e-v,www.vpr.de,"Der ""VPR Internationaler Verband der Paketer e. V."", kurz VPR e.V., ist ein Zusammenschluss namhafter Paketer und touristischer Dienstleister im Bus- und Gruppentourismus.  Paketer (auch „Paketreiseveranstalter“ genannt) sind im B2B-Geschäft (Wiederverkäufer-Segment) tätige Großhändler, die aus touristischen Leistungen und Einzelbausteinen (z.B. Hotelübernachtungen, Tickets, Besichtigungen, Ausflüge, Schiffspassagen,...) attraktive Reise-Arrangements bündeln. Die Arrangements werden zu Nettopreisen Busreiseveranstaltern, selbstveranstaltenden Reisebüros und Gruppenreiseveranstaltern angeboten. Endverbraucher bedienen Paketer grundsätzlich nicht.",Germany,1.068334,,,
Fussball Experience,208224.0,"Germany, North Rhine-westphalia, Düsseldorf",https://www.linkedin.com/company/fussballexperience,fussball-experience.com,"Fussball Experience - Behind the scenes of German football We are the first full-service tour operator for all football fans who want to get a true taste of German football and culture! With more and more football fans turning to German football, this is your chance to get up close and personal to an exciting, fun and exclusive behind the scenes look at the roaring success of German football. Matchday tickets, stadium tours, media conferences, training sessions, accommodation, transportation or cultural sights, we offer individual all-in-one solutions.",Germany,0.208224,,,
VIP-Hospitality Sportainment GmbH,832896.0,"Germany, North Rhine-westphalia, Monheim Am Rhein, 10 Rheinpromenade, 40789",https://www.linkedin.com/company/vip-hospitality-sportainment-gmbh,www.vip-hospitality.de,"VIP-HOSPITALITY is a German sport and events agency that was set up to provide corporate and individual access to the biggest matches during the 2006 World Cup Football in Germany. Today VIP-HOSPITALITY provides tickets, VIP places and incentive travel to all major sport and entertainment events worldwide, so whether it is a private box at the World Cup Final in London 2024 for key clients, an incentive trip for distributors to the EURO 2024 or 60 people for a staff incentive to the Oktoberfest, VIP-HOSPITALITY will cover it.  The company has been built on trust, individualism and professionalism, and has the experience and dedication to deliver the very best products and service. Our success over the last years has provided the opportunity to open new offices in the UK, and soon to be Spain, Brazil and Singapore to better serve our growing number of national and international clients. If you have any requirements around Germany, UK or International events, or want to discuss your current hospitality program, then please contact us on +49 2173 999 40 81 (GER)  or visit us in Monheim Germany and say hello!  Intensify your event experience with VIP-Hospitality www.vip-hospitality.de",Germany,0.832896,,,
MYFLYRIGHT GmbH,3571477.0,"Germany, Hamburg, Hamburg, 61 Schauenburgerstraße, 20095",https://www.linkedin.com/company/myflyright-gmbh,www.myflyright.de,"We are MYFLYRIGHT, experts for passenger rights. We help customers enforce their passenger rights and get a compensation of up to 600 € per person for their flight delay, flight cancellation or denied boarding (minus our compensation). We also help passengers with their ticket refund and luggage issues. We only charge a service fee of the claimed compensation in successful cases. Submitting a claim for compensation takes 5 minutes and saves our customers a tremendous amount of time and effort. From the very beginning our customers are in safe hands, as we enforce their claims armed with the necessary skills, determination and legislative competence against the airline.  Do you want to receive a compensation for your flight irregularities? Visit our website and file your claim! Data privacy ➡️ https://myflyright.com/data-protection-statement/",Germany,3.571477,,,
Ersatz-Pilot GmbH,3069378.0,"Germany, Schleswig-holstein, Pinneberg, 39 Bahnhofstraße, 25421",https://www.linkedin.com/company/ersatz-pilot-gmbh-co-kg,www.ersatz-pilot.de,"Ersatz-Pilot wurde 2017 gegründet und zählt inzwischen zu den führenden deutschen Portalen, wenn es um die Durchsetzung von Fluggastrechten geht. Unser Alleinstellungsmerkmal: Direktentschädigungen innerhalb von 1-3 Tagen zu Top-Konditionen. Während Wettbewerber Kunden oft monatelang auf ihr Geld warten lassen, erhalten Sie bei uns Ihre Entschädigung sofort – unabhängig davon, wie lange die Durchsetzung gegen die Unternehmen dauert. Ausgezeichnete Kundenzufriedenheit Über tausende Kunden vertrauen uns bereits: ⭐ 4,9 von 5 Sternen bei Trustpilot ⭐ 5,0 von 5 Sternen bei Google Reviews 🏆 Testsieger bei Finanztip Unser Geschäftsmodell: Transparent & kundenfreundlich Wir zahlen direkt bares Geld für Ihre Ansprüche und tragen das komplette Risiko der Durchsetzung. Alle Anwalts- und Gerichtskosten übernehmen wir. Sie erhalten garantiert Ihre Auszahlung – schnell, sicher und ohne Wenn und Aber. Unsere Services im Detail: ✈️ Flugentschädigungen bei Verspätungen & Annullierungen - 250-600€ gemäß EU-Fluggastrechte-Verordnung - Provision: nur 25-29% inklusive Mehrwertsteuer (Sie erhalten 71-75%) - Bearbeitungsgebiet: Flüge mit Start oder Landung in Deutschland 💰 Ticketerstattungen bei Stornierung/Nichtantritt - Rückerstattung der Steuern und Gebühren - auch bei ""nicht erstattbaren"" Tickets - Provision: nur 17-20% (Sie erhalten 80-83%) 🎫 Abo-Fallen-Service - Soforthilfe bei ungewollten Abonnements - Übernahme der Kündigung inklusive - Provision: nur 17-20% (Sie erhalten 80% der Abogebühren zurück) Unsere Stärken: ✓ Schnelle Auszahlung (in 1-3 Tagen) ✓ Höhere Auszahlungsquoten als Mitbewerber ✓ Kostenlose, unverbindliche Anspruchsprüfung ✓ Persönlicher deutscher Kundenservice ✓ Keine versteckten Gebühren oder Kosten Warum Kunden Ersatz-Pilot wählen: Wir verbinden digitale Effizienz mit persönlichem Service. Unser Online-Rechner prüft in Minuten Ihre Ansprüche, unser Expertenteam kümmert sich um den Rest. Kein Papierkram, kein Ärger mit Airlines, keine Wartezeiten.",Germany,3.069378,,,
Von Ferber | Langer | Rosowski Rechtsanwälte,1749432.0,"Germany, Hamburg, Hamburg, 61 Neuer Wall, 20354",https://www.linkedin.com/company/von-ferber-langer-rechtsanwälte,www.vonferber-langer.de,"Unsere Kanzlei ist auf das Bank- und Kapitalmarktrecht sowie auf das Versicherungsrecht spezialisiert.  Wir beraten Verbraucher bei Rechtsfragen und Problemen rund um die Themen Kapitalanlagen, Altersvorsorge, Konto & Karte, Schufa, Darlehen und Versicherungen. Unternehmen bieten wir eine kompetente Beratung auf dem Gebiet des Kapitalmarktrechts. Wir unterstützen bei der Realisierung von Geschäftsideen und Projekten. Hierzu gehört die umfassende rechtliche Begleitung z. B. bei der Kapitalbeschaffung, bei der Erfüllung aufsichtsrechtlicher Vorgaben der BaFin, sowie beim digitalen Vertrieb von Finanzprodukten.",Germany,1.749432,,,
BREYER RECHTSANWÄLTE,9137273.0,"Germany, Baden-württemberg, Stuttgart, 32 Level 7 Flughafenstraße, 70629",https://www.linkedin.com/company/breyer-rechtsanwaelte,breyer-rechtsanwaelte.de,"Breyer Rechtsanwälte's (BR) solid reputation as a leading German and International Construction Law firm is certainly not a coincidence, but rather a testimony of its understanding and excellence in successfully advising clients with all their national and international construction law matters. Founded by Dr. Wolfgang Breyer in 2003, Breyer is one of Germany’s top construction law boutiques. BR has a team of approximately 30 lawyers located across Europe in Frankfurt, Stuttgart, Munich, Berlin, and Bucharest (Romania). Our teams are wholly dedicated to Construction and Engineering matters (including Major Projects and Infrastructure and Renewable Energy Deals). BR attorneys are qualified in Europe, as well as the UK, and Australia.   Dr. Breyer is among world's leading experts in both contentious and non-contentious matters surrounding standard contract forms (FIDIC, NEC, PPC 2000, VOB, etc.). His team routinely advises on “big ticket” construction projects, ranging from hotel developments to hydropower plants, wind farms, tunnels and roads. Additionally, we represent clients in all litigation and dispute resolution forums, this includes, national courts, international arbitration and ADR settings.   Because our team has experienced lawyers qualified in both common and civil law jurisdictions, we are uniquely suited to assist our clients with complex comparative law matters by bridging the two systems.   We are both practitioners and scholars: BR lawyers regularly publish in a wide variety of industry publications and law journals. Dr. Breyer is also the Founder and Director of the post-graduate Masters program entitled “International Construction: Practice and Law” at the University of Stuttgart. He also lectures regularly for the International Construction Law MSc program at King’s College in London. Breyer Rechstanwaelte has been recognized as a top law firm in Best Lawyers (Germany), JUVE, Chambers & Partners, as well as The Legal 500.",Germany,9.137273,,,
Bahn Buddy Business,5191349.0,"Germany, North Rhine-westphalia, Düsseldorf",https://www.linkedin.com/company/bahn-buddy-business,business.bahn-buddy.de,"Sitzen Ihre Mitarbeiter immer wieder anstatt am Arbeitsplatz unverschuldet in einem Zug oder an einem Bahnhof fest? Und dachten Sie bisher, dass sich der Aufwand für das Ausfüllen des Entschädigungsformulars ""für die paar Euro nicht lohnt""? Wir helfen Ihnen rechtssicher und kostenlos!  Sie können bei uns all Ihre Tickets einreichen. Unabhängig davon, ob online, in der Bahn-App, am Schalter oder beim Schaffner gekauft. Auch das Format spielt für uns bei der Einreichung keine Rolle. Sie können uns die Tickets als PDF, Scan oder Foto zukommen lassen – allerdings sollten diese gut lesbar sein. Der komplette Prozess – von der Registrierung über die Prüfung bis zur Einreichung – ist für Sie komplett kosten- und somit risikolos. Es gibt weder setup- noch laufende Kosten. Wir behalten uns lediglich im Erfolgsfall eine Erfolgsprovision in Höhe von 30% des Auszahlungsbetrags ein. Das heißt, Sie erhalten von uns immer 70% der Entschädigungszahlung direkt auf Ihr Konto.",Germany,5.191349,,,
ADDACT GmbH,921287.0,"Germany, Lower Saxony, Lüneburg, 1 Salzstraße",https://www.linkedin.com/company/addact,www.addact.de,"ADDACT is a live music startup that re-invents the way concerts are being planned. ADDACT empowers music fans to decide where their favorite artists tour. Fans pledge for tickets of their favorite artists in their city. If a city gets enough pledges the concert will happen. „Fanpowered Concerts“ is what we call this mixture of ticketing and crowdfunding. We make money by charging a ticketing fee. ADDACT is on of the most awarded startups in Germany, including prizes of the federal government, the city of Hamburg and the German federal ministry of economy.",Germany,0.921287,,,
FXW GmbH - Flexwork.io,3685149.0,"Germany, North Rhine-westphalia, Dortmund",https://www.linkedin.com/company/fxwio,flexwork.io,"flexwork - plug to painless development - start in 1h your it project - fair deal policy - estimation based tickets - standardized workflow - real time reports - connect with slack and jira, pay as you go",Germany,3.685149,,,
Travelcircus,9822078.0,"Germany, Berlin, Berlin, 76 Aroser Allee, 13407",https://www.linkedin.com/company/travelcircus,www.travelcircus.de,"Travelcircus (www.travelcircus.de) is an online booking platform for travel packages and was founded in Berlin by Bastian Böckenhüser in 2014. Despite its recent founding, Travelcircus has rapidly grown into an internationally active firm of over 115 employees from over 22 countries. Travelcircus creates unique holiday packages at attractive rates by combining tickets for internationally sought-after events (e.g. theme parks, musicals, exhibitions and concerts) with quality-checked, premium hotels. Since its founding, over 1 million customers have booked getaways with Travelcircus. At the start of 2022, Travelcircus expanded its horizons from Germany, Austria and Switzerland and moved into other European markets. Now, travel fans in the Netherlands, France, Italy, Spain, Denmark and the UK can book exceptional holiday deals with Travelcircus. In September 2022, Travelcircus acquired the Travelking brand, resulting in an expansion into Czech, Hungarian and Slovakian markets. Steered by the motto “by travellers, for travellers”, the Travelcircus team shares a passion for giving travel enthusiasts access to the most popular events and the most in-demand weekend getaway destinations online with the best value for money.",Germany,9.822078,,,
GROWTH EUROPE,629334.0,Germany,https://www.linkedin.com/company/growth-hacking-academy-eu,www.growtheurope.com,"Kickstart your Growth Engine 2020! The Growth Hacking ONLINE event of the year, you´ve been waiting for...  LIMITED FREE TICKETS AVAILABLE - REGISTER NOW!   Get your FREE ticket for 18-19th June 2020",Germany,0.629334,,,
CINEPASS,457518.0,"Germany, Berlin, Berlin, charlottenstr.2",https://www.linkedin.com/company/projector35,www.cinepass.de,"CINEPASS - we are building the ""kayak"" for movie theaters and advertisers (studios, distributors). Currently active in Germany, Austria and Swizzerland we are expanding globally into movie theater showtimes and ticketing within 2015.",Germany,0.457518,,,
Choo Refund UG,629334.0,Germany,https://www.linkedin.com/company/choo-refund-ug-haftungsbeschränkt-,www.chooapp.com,"Choo - Die einfache Erstattung bei Zugverspätung Ihr Zug hatte Verspätung? Schon ab 30 Min gibt´s Geld zurück. Machen Sie einfach online oder per App Ihren Anspruch geltend. Sparen Sie sich Papier, Postweg und zeitraubendes Anstehen am Bahnschalter, denn so einfach geht’s:  * Reisedaten über unsere intuitive Abfrage eingeben * Ticket mit der Handykamera fotografieren * Antrag schnell und einfach übermitteln Wir kümmern uns um den Rest. Wir generieren Ihren Antrag, überprüfen Ihn noch einmal auf Vollständigkeit und leiten ihn im korrekten Format an die Deutsche Bahn weiter. Die Erstattung erhalten Sie nach erfolgreicher Prüfung durch die Deutsche Bahn umgehend auf Ihr Konto gutgeschrieben. Hinweise zum Impressum & Datenschutz können sie unter: http://www.chooapp.com/impressum/ einsehen",Germany,0.629334,,,
Cinema Mobile GmbH,5191349.0,Germany,https://www.linkedin.com/company/cinema-mobile-gmbh,www.cineapp.de,"Die Cinema Mobile GmbH ist ein Start-Up mit Sitz in Frankfurt am Main und wurde im April 2013 von Tino Schößner gegründet. Zum Unternehmen gehört die Marke CineApp. CineApp ist eine mobile App, die Kinobetreibern die Möglichkeit bietet, mobile Endgeräte erfolgreicher in Kommunikation und Vertrieb einzubeziehen.  Die Cinema Mobile GmbH bietet als Dienstleister mit der CineApp eine kostentransparente Alternative zum traditionellen Eigenvertrieb. Mit CineApp macht die Cinema Mobile GmbH Tickets verschiedener Kinos auf einer Plattform für Käufer verfügbar. Papiertickets werden dabei durch e-Tickets ersetzt, welche direkt auf dem Smartphone gespeichert werden. Mit der Möglichkeit digitale Kinotickets mit dem Smartphone zu kaufen, wird ein zentraler Marktplatz für alle Kinobesucher und Kinobetreiber geschaffen. Eine Anlaufstelle mit einer klar strukturierten Benutzeröberfläche und einheitlichen Standards. Mit einer Mobile First Strategie setzt die Cinema Mobile GmbH dabei auf das enorme Wachstum der Mobil-Branche. Die App schöpft dabei für lokale und nationale Partner die Potenziale und Möglichkeiten der aktiven Kundengewinnung im Mobile Segment aus. So erzielen die Kinobetreiber zusätzliche Umsätze, ohne Arbeit und Zeit investieren zu müssen. Impressum: Cinema Mobile GmbH Berger Straße 175 60385 Frankfurt am Main Deutschland Fax.: 069 - 348 771 544 E-Mail: info@cineapp.de Geschäftsführer: Tino Schößner Handelsregister: Amtsgericht Frankfurt am Main, HRB 105 301",Germany,5.191349,,,
FromAtoB,9680258.0,"Germany, Berlin, Berlin",https://www.linkedin.com/company/fromatob-gmbh,www.fromatob.com,"We are committed to building the ultimate experience in long-distance travel. Our multimodal search and booking platform integrates the largest mobility providers for railway, planes, buses and shared cars in Europe. Thanks to our deep understanding of Europe’s traffic networks, we are developing unique and intelligent routing algorithms that calculate the best path between two places. Visit www.fromatob.de or download the app to search, compare fares and times, pay seamlessly and access your tickets on the go.  In our offices, Berlin & Aachen, we bring together an enthusiastic and passionate team of more than 15 nationalities, that operate in Squads with an entrepreneurial spirit. We empower collaboration, discovery, prototyping, iterations and data-driven decisions.  We are always in search of talented people in product, data science, engineering, business development or marketing, so feel free to reach out and say Hi at hello@fromatob.com or visit https://fromatob.workable.com/. ___ > Proud host for the Vue.js & GoLang meetups in Berlin > https://www.meetup.com/Vue-js-Berlin/  > Engineering on Twitter > https://twitter.com/fromatob_eng",Germany,9.680258,,,
Grid GmbH,4606437.0,"Germany, North Rhine-westphalia, Düsseldorf, 67 Bremer Straße, 40221",https://www.linkedin.com/company/grid-gmbh,grid.app,"Grid offers a fully digitalized, seamless, safe and more efficient nightlife experience for clubs, bars, festivals and restaurants. Say goodbye to carrying cash and cards, printed tickets, plastic tokens and coat check stubs. Grid keeps everything online in one place, so the only thing you need to worry about is having a good time. Party with friends, order online and automatically build loyalty and earn benefits.  Grid gives host venues the virtual tools they need to compete in the real world. This includes: • in-app ticket sales • in-app contactless ordering • in-app contactless, cashless payment options • valuable data to help optimize your events • digital COVID-19 sign-ins",Germany,4.606437,,,
NetHotels Deutschland GmbH,1888002.0,"Germany, Berlin, Berlin",https://www.linkedin.com/company/nethotels-deutschland-gmbh,www.nethotels.com,"NetHotels wurde 1995 gegründet und ist heute einer der führenden Buchungsplattform-Spezialisten. Mittlerweile vertrauen 80 Tourismusverbände in Deutschland, Österreich und der Schweiz auf NetHotels. Mit seiner breiten Palette an ReServer-Modulen für touristische Leistungen wie Guides, Tickets, Events, Kongress u.v.m. macht NetHotels Ihre Destination zum professionellen Full-Service Anbieter.",Germany,1.888002,,,
Brandgilde Versicherungskontor GmbH,1886826.0,"Germany, Schleswig-holstein, Itzehoe, 1 Itzehoer Platz, 25524",https://www.linkedin.com/company/brandgilde-versicherungskontor-gmbh-versicherungsmakler,www.brandgilde-versicherungskontor.de,"Brandgilde Versicherungskontor GmbH - DER Pool von Mensch zu Mensch! Mit zwei starken Müttern - der Itzehoer und der Apella - haben wir das Beste aus zwei Welten im Itzehoer BVK vereint: Wir bieten unseren Vertriebspartnern als echter Vollsortimenter exklusive Anbindungen an zahlreiche Gesellschaften sowie eine moderne technische Infrastruktur. Zudem gibt es bei uns an Stelle von Tickets und Callcenter die beliebte 1:1-Betreuung mit Ihren persönlichen und festen Ansprechpartnern, wie Sie es auch von der Itzehoer kennen! Suchen Sie sich den für Sie passenden Service aus unserem vollumfänglichen Portfolio heraus und bleiben Sie als Versicherungsmakler besser unabhängig! Wir sind gerne DER Partner an Ihrer Seite! Sprechen Sie uns einfach an!",Germany,1.886826,,,
Mondial Kundenservice GmbH,9512625.0,"Germany, Bavaria, Nürnberg, 14-16 Hochstraße, 90429",https://www.linkedin.com/company/mondial-kundenservice-gmbh,wonderl.ink,"Wer wir sind: Die Mondial Kundenservice GmbH (MKS) ist ein Tochterunternehmen der Allianz Partners Deutschland GmbH in Nürnberg. Als Dienstleister erbringen wir für Versicherungsunternehmen qualifizierte Kundenbetreuung in der Vertrags- und Schadenbearbeitung. Wir, das sind über 500 Kolleg:innen, unterstützen Versicherungskundinnen und -kunden bei Ihren alltäglichen Anliegen – egal ob am Telefon oder schriftlich.  Unsere Tätigkeitsfelder: In der Abteilung Schaden bearbeiten wir Themen von „A bis Z“ – A wie Auto abschleppen und Z wie Zahlung freigeben. Unser vielfältiges Team hilft unseren Kundinnen und Kunden bei der kompletten Schadenabwicklung, von der Aufnahme bis hin zur Reparatur oder die Auszahlung.  Rund um Vertragsangelegenheiten aller Art kümmert sich unsere Abteilung Betrieb. Wir stellen die Aktualität von Verträgen sicher. Und stehen den Versicherungskunden und -kundinnen bei allgemeinen Rückfragen zum Vertrag zur Seite.  Werde Teil unseres Teams: Der Kundenkontakt ist „genau dein Ding“, du hast ein gutes Gespür für die Bedürfnisse deiner Gesprächspartner:innen und lässt dich auch in kritischen Situationen nicht aus der Ruhe bringen? Beste Voraussetzungen für eine kompetente und individuelle Betreuung unserer Kundinnen und Kunden. Auch als Quereinsteiger:in und Studierende:r bist du bei uns herzliche willkommen, denn nicht der perfekte Abschluss ist bei uns das Entscheidende, sondern dein Engagement!  Noch nicht überzeugt? Hier unsere top Benefits: # Mobiles Arbeiten # Verschiedene Arbeitszeitmodelle: Schichtwunschsystem, Arbeitszeitkonto, Voll- oder Teilzeit # Attraktive Mitarbeiterkonditionen auf Allianz-Produkte & Vermögenswirksame Leistungen # Wellpass, Zuschuss zum Deutschland-Ticket & JobRad",Germany,9.512625,,,
Berlin Buzzwords,2335367.0,"Germany, Berlin, Berlin",https://www.linkedin.com/showcase/berlin-buzzwords,berlinbuzzwords.de,"Berlin Buzzwords is Germany's most exciting conference on storing, processing, streaming and searching large amounts of digital data. It focuses on open-source software projects. Berlin Buzzwords will return June 7th - 9th, 2026.  All tickets are valid for the full three days and include free WiFi as well as food, snacks, and drinks throughout the two conference days on Monday and Tuesday. You can also join the barcamp and meetups & hackathons taking place all over Berlin, hosted by Berlin Buzzwords and local companies. Berlin Buzzwords is a conference focused on open-source software projects in the fields of big data analysis, scalability, storage, and searchability. It provides a platform for developers, engineers, IT architects, analysts and data scientists who are interested in information retrieval, the searchability of large amounts of data, NoSQL and big data processing. Previous Berlin Buzzwords' presentations focused on Apache Spark, Flink, Kylin, Cassandra, Lucene, HBase, Kafka, Solr, Hadoop, Samza, Mahout, Elasticsearch, MongoDB and many more. The conference was founded by Isabel Drost-Fromm (Member of the Apache Software Foundation, PMC member, Apache community development and co-founder of Apache Mahout), Jan Lehnardt (PMC member, Apache CouchDB) and Simon Willnauer (PMC member, Apache Lucene).",Germany,2.335367,,,
Peter Park,99891776.0,"Germany, Bavaria, Munich",https://www.linkedin.com/company/peterpark,www.peter-park.de,"Peter Park is a pioneering company dedicated to transforming the parking industry through innovative digital solutions. With a mission to create a world without barriers, Peter Park aims to automate parking processes and services, turning ordinary parking spaces into smart mobility hubs that enhance user experience and efficiency. The company leverages cutting-edge cloud and IoT technology to provide seamless parking management, eliminating the need for traditional barriers, paper tickets, and parking disks. Serving a diverse clientele that includes municipalities, healthcare facilities, and retail businesses, Peter Park partners with organizations to optimize their parking operations while promoting sustainable mobility solutions. With a team of over 100 members from 11 different nationalities, Peter Park fosters a collaborative and inclusive work environment, driving forward its vision of shaping the future of mobility.",Germany,99.891776,,,
AGIMERO GmbH,5191349.0,"Germany, Baden-württemberg, Karlsruhe, 19 Greschbachstraße, 76229",https://www.linkedin.com/company/agimero,www.quwiki.com,"𝗤𝘂𝗪𝗶𝗸𝗶 – 𝘿𝙞𝙜𝙞𝙩𝙖𝙡𝗶𝘀𝗶𝗲𝗿𝘂𝗻𝗴 𝗺𝗶𝘁 𝗠𝗘𝗧𝗛𝗢𝗗𝗘 Willkommen bei AGIMERO, Ihrem Partner für innovative, digitale Lösungen für Ihr Unternehmen. Als strategischer Wertschöpfungspartner bieten wir maßgeschneiderte Lösungen für Ihr Unternehmen 𝙒𝙖𝙧𝙪𝙢 𝗤𝘂𝗪𝗶𝗸𝗶: 𝗤𝘂𝗪𝗶𝗸𝗶 ist eine innovative Methode für die Digitalisierung in Unternehmen. 𝗤𝘂𝗪𝗶𝗸𝗶 ist der Begriff für Schnelligkeit, Einfachheit und Digitalisierung. 𝗤𝘂𝗪𝗶𝗸𝗶 nutzt hochleistungsfähige, maschinenlernfähige Systeme und Datenbanken, um Unternehmens-Prozesse, Daten, Informationen und Kommunikationsabläufe intelligent miteinander zu verbinden. 𝗤𝘂𝗪𝗶𝗸𝗶 verfügt darüber hinaus noch eigene Produkte, mit denen der Start in die Digitalisierung einfach und visualisiert ermöglicht wird. Alles ist miteinander kombinierbar und somit sukzessive erweiterbar. 𝙐𝙣𝙨𝙚𝙧𝙚 𝙇ö𝙨𝙪𝙣𝙜𝙚𝙣: - 𝗤𝘂𝗪𝗶𝗸𝗶𝙋𝙊𝙄𝙉𝙏: Die Schaltzentrale für ihr Unternehmen, inklusive Lieferanten-, Vertrags-, Projekt-, Ticket-, und Aufgabenmanagement sowie Erfüllung des LkSGs. - 𝙋𝙧𝙤𝙘𝙪𝙧𝙚𝙢𝙚𝙣𝙩 𝙎𝙪𝙞𝙩𝙚: Eigene Lieferanten, Kataloge und Stammdaten werden nahtlos integriert und nach eigenen Vorgaben gestaltet. Bei Bedarf kann zusätzlicher Content aus smartPRO ergänzt werden. - 𝗤𝘂𝗪𝗶𝗸𝗶𝘽𝙊𝘼𝙍𝘿 dispositive Beschaffung (Kanban, Dienstleistungen, Bestellungen, uvm. ) 𝙄𝙝𝙧𝙚 𝙑𝙤𝙧𝙩𝙚𝙞𝙡𝙚: - 𝙀𝙛𝙛𝙞𝙯𝙞𝙚𝙣𝙯𝙨𝙩𝙚𝙞𝙜𝙚𝙧𝙪𝙣𝙜: Optimierte Prozesse für mehr Effizienz - 𝙄𝙣𝙣𝙤𝙫𝙖𝙩𝙞𝙫𝙚 𝙏𝙚𝙘𝙝𝙣𝙤𝙡𝙤𝙜𝙞𝙚𝙣: Moderne Lösungen für ein fortschrittliches Unternehmen - 𝙄𝙣𝙙𝙪𝙨𝙩𝙧𝙞𝙚 4.0: Bereit für die Digitalisierung der Zukunft - Self-Customizing dank 𝙉𝙤-𝘾𝙤𝙙𝙚 / 𝙇𝙤𝙬-𝘾𝙤𝙙𝙚 QuWiki verbindet sich mit nahezu allen Wirtschaftssystemen wie SAP, Microsoft, Oracle, Sage oder Myfactory und bildet Ihre Anforderungen ab. #Digitalisierung #Procurement #QuWiki #Industrie4.0",Germany,5.191349,,,
BIT.Group GmbH,8673587.0,"Germany, Saxony, Bautzen, 20 Preuschwitzer Straße",https://www.linkedin.com/company/bit.group-gmbh,,"The BIT.Group GmbH (BIT) consists of more than 350 IT specialists with extensive expertise in SAP. We serve and support our customers both remotely from our offices in Bautzen, Dresden, Hanover and Shanghai as well as on-site. The BIT in numbers (annual figures): 3,000 assessment and performance optimization service tickets  Infrastructure support for 80,000+ virtual servers  2,000 SAP application management service tickets  20,000 SAP customer support calls 240 ALM consultancy projects ________________________________________________ BIT stands for focussed SAP competence worldwide; the company has been certified as an SAP partner on repeated occasion. Core capabilities include consulting, development, IT infrastructure management and support services. As of June 2016, BIT is officially part of itelligence AG, one of the world’s leading full service IT providers for SAP. Behold. Understand. Solve. EXCELLENT SAP TECHNOLOGY EXPERTISE WORLDWIDE. http://www.bitgroup.de/impressum/",Germany,8.673587,,,
ProNetwork Deutschland GmbH,1041722.0,"Germany, North Rhine-westphalia, Köln, 8 Hermann-löns-strasse, 51145",https://www.linkedin.com/company/pronetwork-deutschland-gmbh,www.pronetwork.de,"Die Software ProGBIM, ein Geografisches Informationssystem, das verschiedene Schnittstellen zu Datenbanken und Reporting Tools beinhaltet. Das System gehört in den Bereich der Business Intelligence Tools und ermöglicht Ihnen, relevante Daten auf einer Karte sichtbar zu machen. ProGBIM wurde in Zusammenarbeit mit dem größten internationalen Mischkonzern (General Electric) entwickelt und wird im Bereich Fuhrpark-Management zur Schwachstellenanalyse eingesetzt.  Daten sind Informationen und eine optimale Interpretation dieser Informationen bildet die Basis für den Erfolg.  In jedem Unternehmen entsteht täglich eine Flut verschiedenster Daten, die analysiert, ausgewertet und verarbeitet werden müssen. Vielfach erfolgt diese Auswertung und Verarbeitung in Datenbanken und Tabellen, die aufgrund Ihrer Struktur nur eine begrenzte Übersicht über alle Daten erlaubt. Der Einsatz unserer neuen - zusammen mit Anwendern entwickelten - Software ProGBIM ermöglicht Ihnen, Ihre Daten, die in Form von Tabellen und Zahlen vorliegen, auf einer Karte abzubilden. So erhalten Sie einen optimalen Überblick über alle Geschäftsvorgänge. Geografische Informationen oder Zusammenhänge werden berücksichtigt und sind schneller erkennbar.",Germany,1.041722,,,
Bit Summit,1935604.0,"Germany, Hamburg, Hamburg",https://www.linkedin.com/company/bit-summit,www.bit-summit.com,"Bit, bytes, and breakthrough. A tech conference in Hamburg, built by a community hyper-fixated on value. For our biggest edition yet, we’re keeping the formula: no noise, no filler; full focus on tech, big-name speakers, and ideas you won’t find elsewhere. Tech conferences started to bore us. Talks said little and panels sold products. So, we built bit summit: a focused one-day event with an active community behind it. We bring together tech engineers behind the companies that define our time, walking you through personal solutions behind real products. Join our next event on September 4, 2025 at Factory Hammerbrooklyn, Hamburg. Get your ticket: https://bitsummitapp.eventify.io/t2/tickets --  Privacy Policy (EN): https://adjoe.io/privacy/ Privacy Policy (DE): https://adjoe.io/de/datenschutz/",Germany,1.935604,,,
Mio42 GmbH,11519108.0,"Germany, Berlin, Berlin, 2 Herbert-lewin-platz, 10623",https://www.linkedin.com/company/mio42,mio42.de,"Die mio42 GmbH entwickelt medizinische Informationsobjekte (MIOs) im Auftrag der Kassenärztlichen Bundesvereinigung (KBV) und revolutioniert damit die Interoperabilität der medizinischen Daten im Gesundheitswesen. Bei der Entstehung unserer MIOs ist uns Transparenz und das Mitwirken der MIO-Community stets ein großes Anliegen. Daher freue wir uns immer über Austausch. Aus analog wird digital, aus unstrukturiert wird strukturiert – das ist unsere Mission. Egal, ob Impfpass, Mutterpass, Zahnbonusheft oder U-Heft – wir definieren die Grundlagen für Inhalte der elektronischen Patientenakte. Für diese spannende Aufgabe suchen wir Talente aus den Bereichen Medizin, Codierung, Projektmanagement und FHIR®. Obstkorb, Wasser und richtig guter Kaffee gehören selbstverständlich zu unserem Alltag. Ein paar wichtige Punkte unterscheiden uns aber von den typischen Berliner Startups: - Wir wollen, dass deine Arbeit bei uns zu deinem Leben passt. Vollzeit, Teilzeit, Gleitzeit. Und Überstundenausgleich, selbstverständlich. - Arbeit ist wichtig, Urlaub aber auch. Wer fünf Tage pro Woche arbeitet, bekommt bei uns 30 Tage Urlaub im Jahr. - Vermögenswirksame Leistungen, Zuschuss zum BVG-Ticket (ÖPNV in Berlin), Weiterbildungsangebote, Sport und vieles mehr. Die komplette Liste, aktuelle Stellenanzeigen und deinen direkten Weg zur Bewerbung findest du hier: https://mio42.de/karriere/ Datenschutzerklärung: https://mio42.de/datenschutz/ Impressum: https://mio42.de/impressum/",Germany,11.519108,,,
Flipdesk GmbH,1476308.0,"Germany, Baden-württemberg, Karlsruhe, 33 Alter Schlachthof, 76131",https://www.linkedin.com/company/flipdesk-gmbh,www.flipdesk.de,"Wir bei Flipdesk entwickeln ein digitales All-In-One Buchungssystem für Städte und Gemeinden und setzen mit den neuesten Technologien Maßstäbe bei der Digitalisierung von Kommunen. Unsere Kunden verkaufen über unsere Plattformen jährlich mehrere Millionen Tickets für Freibäder, Zoos, uvm. Dadurch optimieren Sie Ihre Prozesse und erhöhen die Kundenzufriedenheit. Als junges, wachsendes Startup arbeiten wir dynamisch und agil, um unseren Kunden die besten Software- und Hardware- Lösungen zu bieten.",Germany,1.476308,,,
OOVAL,1157301.0,"Germany, Bavaria, Munich",https://www.linkedin.com/company/viventum,ooval.io,"Build unique experiences, manage the ticket inventory & have unlimited flexibility by using OOVAL's APIs with fully digital tickets. Sell tickets, operate your event, control your distribution, handle your access control and more - all from one place.",Germany,1.157301,,,
TAF Mobile GmbH,9694009.0,"Germany, Thuringia, Jena, 2 Leutragraben, 07743",https://www.linkedin.com/company/tafmobilegmbh,www.tafmobile.de,"Die TAF mobile GmbH mit Sitz in Jena gehört zu den führenden Softwaredienstleistern für den öffentlichen Personennahverkehr. Seit 20 Jahren entwickelt das internationale Team von TAF mobile App- und Onlinevertriebssysteme für digitales Ticketing sowie multimodale Mobilitätsplattformen. Verkehrsbetriebe aus Bonn, Cuxhaven, Halle (Saale), Leipzig, Lübeck und Magdeburg gehören u.a. zu den Kunden, für die Lösungen wie LeipzigMOVE, movemix, TAFpayU, SWB easy.GO, Muttis Laden, SeTi u.a.m. entwickelt wurden. TAF mobile ist ein mehrfach öffentlich ausgezeichnetes Innovationsunternehmen und Mitglied in den Branchennetzwerken Kontiki e. V. und JenaDigital e. V.. Gesellschafter ist die HopOn Ltd.. Mit den Produkten von TAF mobile wird nicht nur der Zugang zum ÖPNV vereinfacht, sondern gleichzeitig auch die Nutzung von Shared Mobility Angeboten über lediglich einen einzigen Account komfortabel ermöglicht. So gelingt der Umstieg vom Auto auf klimagerechte Verkehrsmittel.",Germany,9.694009,,,
Simpli Citycard,5736376.0,"Germany, Baden-württemberg, Karlsruhe",https://www.linkedin.com/company/trolleymaker-gmbh,simpli-city.info,"Life’s simpli! Mit Simpli bringen Sie ganz einfach neues Leben in Ihre Stadt. Kulturstadt? Industriestadt? Pendlerstadt? Touristenstadt? Simpli ist so individuell wie Ihr Stadtprofil – ein digitales Kartensystem, das Sie exakt anpassen können: als Bonuskarte, Arbeitgeberkarte, Gäste- und Tourismuskarte, Gutscheinkarte, Bezahlkarte, Eintrittskarte, Parkschein und vieles mehr. Eines, manches oder alles davon. Super easy einsetzbar. Als Karte und App für jede Hosentasche.  #Stadtmarketing #Wirtschaftsförderung #SmartCity",Germany,5.736376,,,
HubFactory,46977464.0,"Germany, Saxony, Meissen",https://www.linkedin.com/company/hubfactory-nextlevel-gmbh,hubfactory.de,"You ping a problem, we pong a solution. When you share your problem with us, we can find a precise solution for that, prototype it and then build it for you. Sounds good? Wait to see how our 03 Products are already changing the way business problems are solved:  1. ORDER HUB A Solution with Modular Services that moves physical and digital articles from A to B. 2. GUEST MANAGEMENT A Solution with Modular Services that organizes Events, Guests, Tickets and much more. 3. YOURS We have a process designed to create solutions for your specific Business Problem. Get in touch and let us build a solution for you 😎 Thanks for visiting! hubFactory The Software Solution Company made by people.",Germany,46.977464,,,
Go.Control GmbH,4081688.0,"Germany, Hesse, Karben, 34 Max-planck-straße, 61184",https://www.linkedin.com/company/go-control-gmbh,www.go-control.de,"ALL-IN-ONE-EVENTPLATTFORM und Service für Teilnehmenden-Management und Events von Eventmanager*innen entwickelt. Live, hybrid oder virtuell mit Go.Control hast du eine All-in-One Solution. Von der Landingpage, über die Einladung bis zum Einlass mit Ticketing – alles auf einer Plattform.",Germany,4.081688,,,
CityScanner,2378375.0,"Germany, Berlin, Berlin, 11 Karl-heinrich-ulrichs Straße, 10787",https://www.linkedin.com/company/city-scanner,cityscanner.com,"About DCX Innovations A leading provider of comprehensive information and communication technologies as well as software solutions in Smart City. We provide advanced community data management systems. Thanks to 30 years of experience as a part of MCX Group, industry knowledge, leading products, and one of the most modern Software Houses to exist, we are able to recognize and meet the technological and business needs of our partners. We create flexible solutions, paying special attention to the quality of products and services. We are ready and we build modern information and communication technologies to collect and analyze data for leaders to make knowledge driven decisions. The concept of smart cities should relate to the actual data proven needs of a given agglomeration and bring measurable effects, for example: - savings (of time, of money, of workload, of waste) - faster economic growth - improving the quality of life of the residents CityScanner is a mobile all-in-one automated parking enforcement system Our mobile ANPR sensors scan registration plates and issue parking tickets for unpaid stops. Successful implementation  confirmes the high efficiency of the solution: one vehicle is as good as 10 walking patrols (two inspectors each) that may be utilized in other less attended parking zones.  Most importantly the city returned its investment (two electric vehicles equipped with the system) in less than a month (parking fines, increased parking fees). In the public tender procedure, the solution competed with four alternative technologies and proved to be more efficient and at least 50% cheaper. Our mobile multi-sensor consists of a camera, LIDAR, precise GPS and a cloud-backend. Collected data is anonymized instantaneously and does not extract any identifying information about the individuals in the video. This happens on the hardware level to make sure that data sent to the cloud is already fully GDPR compliant.",Germany,2.378375,,,
Cunz IT GmbH,1935604.0,"Germany, Bavaria, Haibach",https://www.linkedin.com/company/cunz-it,cunz-it.de,"Wir machen IT-Abteilungen wieder handlungsfähig – schnell, flexibel und verlässlich. Wenn es brennt, liefern wir innerhalb von 48 Stunden geprüfte IT-Expert:innen, die sofort einsatzbereit sind.   Unsere Services: • Everyday Experts – für Engpässe im Tagesgeschäft • Project Powerhouse – für intensive Projektphasen • Skill Source – für punktgenaues Spezialwissen • Service Squad – für komplette Managed Services   Sie rufen, wir kommen! – mit Bits statt Blaulicht.   Unsere Kernkompetenzen: • IT-Support & Rollout • Systemadministration • Netzwerkadministration • Projektmanagement • Programmierung & Entwicklung • SAP Unsere Konditionen: • Sicherheit: In den ersten vier Wochen bieten wir eine 1-tägige Kündigungsfrist. • Schnelligkeit: Ihr IT-Experte kann meist innerhalb von 8-72h starten. • Top Preise: Wir bieten Ihnen Traumkonditionen, die an die wirtschaftlich anspruchsvolle Situation angepasst sind.  Wem können wir helfen? • IT-Abteilungen mit Personalmangel:  Sie haben Ihren neuen festangestellten Superstar noch nicht gefunden und geben sich nicht mit zweitklassigem Personal zufrieden? Wir unterstützen bei täglichen Tickets und halten die Zufriedenheit Ihrer IT-Abteilung im Unternehmen hoch, damit Sie mit Ihrem Festangestellten nichts überstürzen müssen. • IT-Abteilungen mit Projektstress:  Sie wollen im Rollout lästige Arbeit abgeben, oder Spezialwissen bei einer SW-Neueinführung? Wir übernehmen die Projekte inkl. Doku und den anschließenden Wissenstransfer gerne. • IT-Dienstleister:  Sie benötigen zusätzliche Power für Ihre Kunden? Wir stellen Ihnen die passenden IT-Experten zur Verfügung und unterstützen Sie in Ihrem Wachstum – schnell, unkompliziert und auf Augenhöhe. Lassen Sie uns sprechen, wie wir Ihre IT-Abteilung nachhaltig stärken können – mit Menschen, die wirklich liefern.",Germany,1.935604,,,
Artiquare,1585583.0,"Germany, Bavaria, Ingolstadt, 6 Marie-curie Straße, 85055",https://www.linkedin.com/company/artiquare,www.artiquare.com,"We help industrial companies turn expertise into a competitive edge. Most answers already exist inside Jira, Confluence, & scattered systems—but locked as “dark data.” Our 8-week Diagnostic Pilot transforms that chaos into a clean knowledge asset & roadmap for high-ROI automation. Clarity first, then automation. ---------------------------------------------------------- Arti — Turning Trapped Expertise Into Your Competitive Edge Industrial companies already hold the answers to most of their problems—buried in Jira tickets, Confluence pages, and chaotic systems. This “Operational Knowledge Decay” drains productivity: experts overwhelmed, projects delayed, teams re-inventing the wheel. Search bars and copilots don’t fix it. You can’t automate what you don’t understand. Our Approach: Clarity First. We start with an 8-week Diagnostic Pilot: Map your process bottlenecks. Refine messy data into a single, structured knowledge asset. Deliver a roadmap for high-ROI automation, built on verified ground truth. With this foundation, agentic AI can finally act with confidence—routing tickets, generating documentation, and scaling expertise beyond individual employees. ➡️ Ready for clarity? Schedule a diagnostic call.",Germany,1.585583,,,
Frankfurt Ticket RheinMain GmbH,4117662.0,"Germany, Hesse, Frankfurt Am Main, 417 Hanauer Landstr., 60314",https://www.linkedin.com/company/frankfurt-ticket-rheinmain-gmbh,www.frankfurt-ticket.de,"We connect people and culture. As a trusted ticketing partner, we help cities, event organizers, and cultural institutions promote their events successfully and ensure a seamless experience for every visitor.",Germany,4.117662,,,
HitchHiker GmbH,9150360.0,"Germany, Hesse, Frankfurt Am Main, 81 Berner Strasse, 60437",https://www.linkedin.com/company/hitchhiker-gmbh,www.hitchhiker.net,"Working as an independent travel software Company and content aggregator since 1992, HitchHiker has been successfully developing software solutions for airlines, consolidators, online portals (OTAs), travel agencies, tour operators and travel management companies. Imprint: https://www.hitchhiker.net/index.php/imprint/ Privacy Policy: https://www.hitchhiker.net/index.php/privacy-policy/ With over 20 years of experience in the tourism industry and numerous international projects, we have developed solutions for the entire chain of the airfare management and ticketing process as well as powerful internet booking solutions (IBEs) for all types of flights and touristic services. The basis for our successful solutions are decidedly our long-term national and international customers which contribute with their expertise and specific needs in their everyday business to the continuous expansion of our solutions. In addition, it is our staff who possesses the appropriate know-how in the area of tourism and IT, and who takes on every challenge with a spirit of innovation, flexibility, skill and the necessary composure. We will gladly assist you in implementing your own, individual projects. Imprint: https://www.hitchhiker.net/index.php/imprint/ Privacy Policy: https://www.hitchhiker.net/index.php/privacy-policy/",Germany,9.15036,,,
Testup.io,3963959.0,"Germany, Bavaria, Munich, 244 Leopoldstraße, 80807",https://www.linkedin.com/company/testup-io,testup.io,"We are a Munich based TaaS/SaaS startup, that revolutionises test automation. Use testup.io as a SaaS solution and integrate it easily into your development process.  Or get TAAS, the all-round carefree testing package. We create and supervise your end-to-end tests. We take care of everything for you and document all defects found into your ticketing tool. With testup.io we created a test automation solution where we show the robot how to interact and the robot shows you what it did. Everything is visual: No code and no cryptic error messages. Navigating a test procedure and a test report is like watching images or videos.",Germany,3.963959,,,
Snec GmbH,5612321.0,"Germany, North Rhine-westphalia, Dortmund, Lissaboner Allee, 44269",https://www.linkedin.com/company/snec-gmbh,www.snec.de,"Ihr Digitalisierungspartner für Sport & Event Club-Management x Ticketing x Kasse x CRM x Software x Support Wir lieben was wir tun und sind glücklich unsere Leidenschaft für Sport & Events jeden Tag in der Praxis mit den Herausforderungen der IT-Welt neu zu erleben. Wir setzen auf ein Team aus jungen Enthusiasten und erfahrenen SAP-Beratern mit einem klaren Fokus auf digitalen Entwicklungen, das in der klassisch IT-Landschaft auffällt. Excellence in SAP und Beratung mit Leidenschaft. Unsere Ziele. Emotional. Digital.",Germany,5.612321,,,
SchultzCode Technologies,5191349.0,"Germany, Bavaria, Nürnberg",https://www.linkedin.com/company/schultzcode,schultzcode.com,"SchultzCode is an innovative technology partner, delivering web development, mobile application development, and IT consulting services of any complexity to clients worldwide. SchultzCode has a strong team of highly skilled IT experts who help our clients to create innovative products & empower existing businesses with the digitalization of their core processes to much customer centric economy needs. SchultzCode leverages IoT, Machine Learning, Augmented Reality, Virtual Reality & other cutting-edge technologies to develop highly intriguing, intuitive software applications that cater to the diverse needs of modern-day businesses. Our R&D experts apply our background and world best practices to in-depth study the market, business objectives and deliver a comprehensive vision of each project. We provide full cycle custom software development with apparent business goals, maintained deadlines, strong management and senior tech unit. This approach gives us the possibility to deliver success to our clients and build long-term relationships. We believe in the Agile approach and result-driven methodology and leverage the latest tools, techniques, methodologies, and strategies to deliver robust solutions that generate revenue for our clients. Client trust is the utmost essential for us. To ensure the confidentiality of the project, we sign the Non-Disclosure Agreement (NDA) with our clients and build Built as a part of our corporate philosophy, our ‘ValueShore’ model lays high emphasis on creating enhanced value for our customers. Our Services ☞ Mobile App Development ☞ Web Development ☞ Futuristic Services ☞ I0T Development ☞ Blockchain Development ☞ UI/UX & App Prototype Services ☞ E-Commerce Development ☞ Salesforce Services ☞ Cloud Computing Services ☞ Startup Services  Our Solutions ☞ Social Networking Solutions ☞ Travel Solutions ☞ Education Solutions ☞ Real Estate Solutions ☞ Event & Tickets Solutions ☞ Advertising/Publishing Solutions ☞ Healthcare Services",Germany,5.191349,,,
MusicTech Germany,1372554.0,"Germany, Berlin, Berlin, 8 Knaackstraße, 10405",https://www.linkedin.com/company/musictech-germany,music-tech.de,"MusicTech Germany is the world’s first Federal Association for #MusicTechnology. At the core of its mission: Promoting collaboration and bridging the communication and knowledge gap between the traditional music industry and music tech pioneers. MusicTech Germany represents the common interests of hardware, software, and service providers in the field of music-technology from Germany. The members of MusicTech Germany are as diverse as the industry itself. Our members are startups and corporates, artists and makers, organizers and curators, developers and designers, manufacturers and service providers, as well as business, science, and research experts. The association seeks to promote the joint interests of its members and to support innovators in fulfilling their mission by initiating interactive multi-disciplinary events and by communicating with and counseling of inter/national policymakers, industry executives, media representatives, as well as artists, music enthusiasts, and the general public. As an independent organization, MusicTech Germany is the main point of contact for music technology in Germany. It connects the dots for its member who address the challenges of the music industry value chain in the digital age: Ranging from notation and production software to musical instruments and interfaces, from streaming platforms to Blockchain services and Artificial Intelligence applications to new live-experiences and ticketing solutions. Furthermore, the association fosters the knowledge transfer between visionaries from all intersections of the creative industries. It serves as a mediator and independent catalyst to help accelerate avant-garde approaches, determined to further the innovative potential and future success of artists and pioneers by improving the creative environment and underlying economic infrastructure.",Germany,1.372554,,,
BFN Informationstechnik GmbH,5664006.0,"Germany, North Rhine-westphalia, Krefeld, 420 Uerdinger Str., 47800",https://www.linkedin.com/company/bfn-informationstechnik-gmbh,www.bfn-it.de,"Wir kümmern uns darum, dass Sie mit der richtigen Software alle Besucherservices einfach und reibungslos anbieten können.  Software, die für Sie einfach zu bedienen ist und Ihren Besuchern den besten Service bietet: •	BFN Sport für große und kleine Vereine •	BFN Event für Freizeit- und Kultureinrichtungen Wir sind mit Herzblut dabei und konzentrieren uns voll und ganz auf unsere Kunden, die Veranstaltungen anbieten, Tickets verkaufen und Mitglieder und Sponsoren verwalten wollen.  Bei uns sind Sie die Hauptattraktion Wir sind spezialisiert auf die Vermarktung von Veranstaltungen und Tickets. Mehr als 30 Jahre Erfahrung in diesem Bereich sowie unsere sehr gute Expertise im Bereich der Onlineshops machen es uns leicht, Ihnen die Softwarelösung zu bieten, die Sie brauchen.  Sie haben unsere volle Unterstützung Von Anfang an sorgen wir dafür, dass Sie sich wohl fühlen. Wir unterstützen Sie bei der Einrichtung der Software, beim Einpflegen der ersten Daten und nach der Einführung mit deutschsprachigem Support. In Schulungen zeigen wir Ihnen, wieviel Freude der Umgang mit der neuen Software macht.  Erleben Sie eine neue Form des Arbeitens BFN-Ansatz basiert auf den Standards Microsoft Dynamics NAV (Warenwirtschaft) und Shopware (Onlineshop), die wir für den Eventbereich veredeln und stetig weiterentwickeln. Für Ihr Team bedeutet das: eine aktive, dynamische Arbeitsweise, die Freude bereitet. Sie haben die Datenhoheit  Uns ist wichtig, dass Sie als Kunde in jeglicher Hinsicht autark bleiben. Das gilt auch für die Daten. Sie behalten die volle Datenhoheit, weil alle Prozesse auf Ihren eigenen Servern laufen: Ob im Hause oder in der Cloud. Das sind nur einige der Vorteile, die Ihnen die Zusammenarbeit mit den Experten von BFN bietet. Gern stellen wir Ihnen unser Team und unsere BFN Lösungen in einem Termin vor. Wir wissen, worauf es ankommt - damit Sie, Ihre Besucher und Sponsoren Freude haben! Impressum: https://www.bfn-it.de/impressum",Germany,5.664006,,,
Askallo GmbH,457518.0,"Germany, Baden-württemberg, Karlsruhe, 12 Brauerstraße, 76135",https://www.linkedin.com/company/askallo-gmbh,www.askallo.de,"Die askallo GmbH hat mit Ihrem gleichnamigen Online-Befragungssystem askallo seit dem Jahr 2005 eine umfangreiche und komplexe Anwendung zur Durchführung und Auswertung verschiedenster Umfragen über das Internet geschaffen. Neben der Nutzung des Umfragensystems als reine SaaS-Lösung sind seit 2010 Anbindungen z.B. zu CRM-, Warenwirtschafts-, Ticket- und anderen Drittsystemen entstanden. askallo wird in unzähligen Unternehmen direkt in die Prozesse des Customer Care, Qualitätsmanagements, Controlling, Auditing... integriert. Grundlage dafür ist, dass das askallo-System eine Eigenentwicklung der askallo GmbH ist und für die Realisierung von Spezialprojekten jederzeit um Custom-Module ergänzt werden kann.",Germany,0.457518,,,
Meco IT GmbH,10726833.0,"Germany, Baden-württemberg, Weingarten, 8 Liebfrauenstraße, 88250",https://www.linkedin.com/company/meco-it-gmbh,www.meco-it.com,"Die meco IT GmbH ist seit über 25 Jahren ein international erfolgreiches Systemhaus mit Sitz in Weingarten. Als IT-Infrastrukturdienstleister betreuen wir namhafte Kunden aus den vielfältigsten Branchen und Unternehmensgrößen. Zu unseren Kernkompetenzen zählen u.a. IT-Security, Standortvernetzungen, cloudbasierte Lösungen, Virtualisierung und E-Commerce.  Eine Besonderheit der meco ist der qualitativ hochwertige Service Desk, der alle IT-relevanten Fragen und Probleme der Mitarbeiter:innen aus den Kundenstandorten aufnimmt, bearbeitet und final löst. Die Kolleg:innen des Service Desk sind ausschließlich ausgebildete IT-Fachkräfte, wodurch eine Lösungsquote von über 70% aller Tickets direkt im 1st Level-Support erreicht wird. Das unterscheidet den Service Desk der meco von einem üblichen Call Center. Ein weiterer Schwerpunkt liegt in der Beratung und Optimierung der IT-Sicherheit der meco-Kunden. Basierend auf der Analyse der Ist-Situation und der bedarfsgerechten Entwicklung eines IT-Sicherheitskonzeptes implementiert meco die bestmöglichen Sicherheitsstandards bei ihren Kunden. Die meco IT steht als IT-Allrounder seit nunmehr 25 Jahren für Qualität, Verlässlichkeit, Beständigkeit und Flexibilität in vielen Wirtschaftsbereichen.",Germany,10.726833,,,
Fizzy,1585583.0,"Germany, Hesse, Frankfurt Am Main, 1-3 Brüsseler Str., 60327",https://www.linkedin.com/company/fizzyfesta,www.fizzyfesta.com,"Events, perfectly matching strangers. “The go-to brand for real-life social experiences with your closest matches”. 📍 Tickets in the bio. 👇 www.fizzyfesta.com",Germany,1.585583,,,
Softline Services GmbH,6523242.0,"Germany, Bavaria, Aschheim",https://www.linkedin.com/company/softline-services-gmbh,www.softline-services.de,"Als Softline Services GmbH unterstützen wir Endkunden, Systemhäuser sowie Hard- und Softwarehersteller mit unseren »Managed Remote und Onsite Services« dabei, den reibungslosen Betrieb ihrer IT-Infrastrukturen sicher zu stellen.  Mit monatlich über 3.000 Tickets (1st und 2nd Level Support) in unserem Service Desk koordinieren wir im Fehlerfall die Störungsbehebungen zuverlässig. Für Onsite-Einsätze greifen wir auf ein 350 Techniker starkes Field-Team zurück, das die heterogenen PC- und Druckerlandschaften unserer Kunden absichert.  Gemeinsam mit unserer Schwestergesellschaft Softline Solutions GmbH, die Know-how aus dem Client Design, Paketierung und Softwareverteilung beisteuert, bieten wir ein abgestimmtes und durchgängiges »Managed Workplace« Angebot an − von der Konzeption des »Digital Workplace« bis hin zum Rollout & Betrieb inkl. Field Services.  Darüber hinaus stellen wir lang- und kurzfristig qualifizierte Freelancer und festangestellten IT-Mitarbeiter zu Verfügung und agieren im Rahmen der unbefristeten Genehmigung zur Arbeitnehmerüberlassung. Die Softline Services steuert geschultes und zertifiziertes IT-Personal von mehr als 10.000 Freelancern. Im Regelfall besetzen wir die gewünschten IT-Positionen innerhalb von zwei Tagen. Unser Grundverständnis in allen Geschäftsfeldern ist eine hohe Qualität, Flexibilität und Zuverlässigkeit bei der Erbringung übernommener Leistungen. Mit unseren Services begleiten wir unsere Kunden vom strategischen Design bis zur Umsetzung und dem sorglosen Betrieb von Technologien und Prozessen. Alles mit dem Ziel, durch integrierte Lösungen Compliance, Kontrolle und Kosteneinsparungen für unsere Kunden zu schaffen. Impressum: https://www.softline-services.de/impressum/ Datenschutzerklärung: https://www.softline-services.de/disclaimer-datenschutzerklaerung/",Germany,6.523242,,,
Natalie Söll Vertrieb GmbH,6523242.0,"Germany, Bavaria, Marktredwitz, 1c Damaschkestraße, 95615",https://www.linkedin.com/company/nataliesöllvertriebgmbh,www.soell-vertrieb.de,"Wir sind stolz darauf, der einzige in Deutschland ansässige ZOHO Premium Partner zu sein, der für alle Module zertifiziert ist. Als führender Anbieter von ZOHO-Lösungen bieten wir Ihnen umfassende Dienstleistungen, um Ihr Unternehmen erfolgreich zu machen. Unser Team steht Ihnen zur Verfügung, um Ihnen bei allen Fragen und Anliegen zu den ZOHO-Modulen behilflich zu sein. Mit unserem kostenfreien Ticket-Support sind wir immer für Sie da, um Ihnen eine schnelle und effiziente Lösung zu bieten. Darüber hinaus bieten wir Ihnen Online- und Präsenzschulungen an, damit Sie das Beste aus den ZOHO-Tools herausholen können. Unser erfahrenes Team kann Sie auch vor Ort oder online bei der Einrichtung der ZOHO-Lösungen unterstützen. Wir sind bestrebt, Ihnen den größtmöglichen Mehrwert zu bieten, daher bieten wir regelmäßig kostenfreie Webinare an, in denen wir Ihnen Tipps und Best Practices für die Nutzung von ZOHO vermitteln. Unsere professionelle Beratung steht Ihnen zur Verfügung, wenn es um den Kauf von ZOHO-Lizenzen geht. Wir helfen Ihnen, die richtige Lizenzoption für Ihre Anforderungen zu finden und bieten Ihnen flexible Zahlungsmöglichkeiten wie Rechnungskauf und SEPA-Lastschriftverfahren. Darüber hinaus bieten wir Consulting-Services und maßgeschneiderte Branchenlösungen an, um Ihre Geschäftsprozesse zu optimieren und Ihren individuellen Anforderungen gerecht zu werden. Unsere Experten stehen Ihnen zur Verfügung, um Ihre ZOHO-Implementierung auf Ihre spezifischen Bedürfnisse anzupassen. Wenn Sie zusätzliche Entwicklungen oder Integrationen benötigen, sind wir auch dafür da. Unsere Entwickler können individuelle Lösungen und APIs entwickeln, um Ihre ZOHO-Plattform nahtlos in Ihre bestehende Infrastruktur zu integrieren. Wir sind leidenschaftlich daran interessiert, Ihnen dabei zu helfen, das volle Potenzial von ZOHO auszuschöpfen und Ihr Unternehmen erfolgreich voranzubringen. Kontaktieren Sie uns noch heute!",Germany,6.523242,,,
Book A Wizard,1888002.0,"Germany, Berlin, Berlin",https://www.linkedin.com/company/book-a-wizard,bookawizard.com,"Book a Wizard is an independent IT boutique that helps organisations with technology. We take pride in high quality service and friendly approach. Nothing is too big or small. You can hire us for an ongoing support or just a one-time project. Highlights - We build and maintain your IT infrastructure - Remote & on-site support - JIRA ticketing - Charged per minute - Full stack IT management - Fast response support team - Knowledge base - Dedicated account management - Proactive systems monitoring - Unlimited users - Support for fast growing companies Services we provide: - IT Consulting - Network Support - Cloud Management - Backup & Recovery Systems - Cybersecurity - Web Dev - Systems Audits - Unlimited Remote and On-site Support Options - Management of Networks and Endpoints - Threat detection, response and compliance - Hardware & Software Reports - Data Privacy and Compliance - and everything in between",Germany,1.888002,,,
Pagisto GmbH,1041722.0,"Germany, North Rhine-westphalia, Iserlohn, 3 Eichenhohl, 58644",https://www.linkedin.com/company/pagisto-gmbh,pagisto.com,"We are Pagisto, a team of five from Iserlohn, Germany. We program, design and work on solutions for your challenges. Currently we offer cost effective solutions in ticketing and event organization for small and large events. Our products are ideal for clubs, event agencies, sports events, but also private parties can be planned efficiently with our software tool. Our vision is to make your work easier with our event tool, to take your event to the next level and to give you freedom of design with the versatility of the software. Translated with www.DeepL.com/Translator (free version)",Germany,1.041722,,,
Arygon Technologies AG,1020422.0,"Germany, Rheinland-pfalz, Mainz, 1 Erthalstrasse, 55118",https://www.linkedin.com/company/arygon-technologies-ag,,"ARYGON Technologies AG, a Bluehill ID AG company, is a developer and manufacturer of advanced RFID reader modules for personal identification and payment. Our early commitment to Near Field Communications (NFC) made us a first mover in NFC RFID reader technology and application support. We focus on applications where security and customer benefit is key: Physical / Logical Access, Transit & Event Ticketing, Contactless Payment, Government ID and NFC, as well as selected projects in medical and industrial applications.",Germany,1.020422,,,
Eos.uptrade,51531471.0,"Germany, Hamburg, Hamburg",https://www.linkedin.com/company/eos-uptrade,www.eos-uptrade.com,"We develop smart mobility solutions to create sustainability - For more than 20 years, software specialist eos.uptrade has been known for driving innovation in the travel and transport sector with a focus on online sales systems and ticketing solutions for public transport. That’s why we are the market leader in Germany and Austria. With integrated concepts and solutions, eos.uptrade makes a difference: We accompany the passenger from obtaining timetable information to purchasing tickets to quick ticket inspection, and the transport company from developing new sales channels to protecting against ticket counterfeiting to evaluating sales data.  With a dedicated team of over 130 employees at in Hamburg, Dresden, Bremen, Lübeck & remote, eos.uptrade is shaping the future of sustainable mobility & mobile ticketing.",Germany,51.531471,,,
Die-Weingut-Website.de,551762.0,"Germany, North Rhine-westphalia, Düsseldorf, 9 Herchenbachstraße, 40470",https://www.linkedin.com/company/die-weingut-website-de,www.die-weingut-website.de,"Webshop, Website, E-Labels für dein Weingut - alles in einem! Die Komplettlösung mit erprobtem System - für deinen Erfolg. Die-Weingut-Website.de ist die einfach zu bedienende, innovative Website-, Webshop- und E-Labels-Software für Weingüter und Winzer, die Zeit und Nerven sparen und automatisiert mehr Kunden und Umsatz erzielen wollen! Du erhältst eine Website mit einem voll-integrierten Online-Shop, mit dem du deine Weine noch besser verkaufen kannst. Außerdem werden alle deine Geschäftsfelder wie Weinproben, Ferienunterkünfte, Gastronomie, Veranstaltungsservice sowie eigene Veranstaltungen mit speziellen Online-Lösungen und -Tools (Online-Buchungsanfrage, -Tischreservierung, Gutscheine und -Tickets uvm.) unterstützt, damit du mehr Anfragen und Buchungen erhältst und mehr Einnahmen generierst! Registriere dich kostenlos, konfigurier deine Website und fülle sie mit deinen Daten - auf Knopfdruck steht dir deine neue pflegeleichte Website zur Verfügung! Anpassbar in allen Bereichen. Die-Weingut-Website.de wurde mit viel Liebe zur Weinkultur und großer Begeisterung für die Möglichkeiten des Internets entwickelt, um Winzer und Weingüter dabei zu unterstützen, sich mehr auf ihr Kerngeschäft konzentrieren zu können und dabei ihren Erfolg mit den Möglichkeiten des Internets zu steigern. Dabei begleitet und berät Stefan Hollmann seine Kunden als Experte; er kümmert sich persönlich und lässt sie nicht mit Ihrer Website allein! Agenturen und Webdesigner können Die-Weingut-Website.de für ihre eigenen Weingut-Kunden verwenden. Sie bieten ihnen damit all die zahlreichen Vorteile, die die Software mit sich bringt. Webdesigner können als Umsetzungspartner die optische Gestaltung von Weingut-Webseiten in der Software durchführen und können sich so auf Ihre Kreativarbeit konzentrieren. Einfach anfragen!",Germany,0.551762,,,
OpenCelium GmbH,1585583.0,"Germany, Bavaria, Unterhaching, 8b Hauptstraße, 82008",https://www.linkedin.com/company/opencelium-gmbh,www.opencelium.io,"⚙🔵 Automatisierung mit der API Integration Platform OpenCelium 🌐 www.opencelium.io Hier ein Monitoring System, dort eine Ticketing-Lösung und überall zerstreute IT Dokumentationen. OpenCelium schafft Schnittstellen zwischen diesen Systemen, um Ihre Service Prozesse zu automatisieren.  🤝 Zahlreiche verfügbare Schnittstellen für einfachen Datenaustausch und nahtlose Kommunikation Ihrer Applikationen. 💻 Management aller unternehmensweiten APIs in einem übersichtlichen Frontend. 🌟 Digitalisierung Ihrer Geschäftsprozesse. ✅ Open Source. Wir lieben Open Source Software. 💙 OpenCelium ist frei verfügbar und unter der AGPLv3 lizenziert. Einfach herunterladen, kopieren, benutzen oder verändern. Wenn Sie Hilfe benötigen, bieten wir Schulungen, Beratung, kundenspezifische Entwicklung und Supportverträge mit einer fairen Preispolitik. Zögern Sie nicht, uns zu kontaktieren. 😊 ➡ www.opencelium.io Impressum: www.opencelium.io/impressum/",Germany,1.585583,,,
Yourgix.com gmbh,5191349.0,"Germany, Berlin, Berlin, 5 Lichterfelder Weg, 14167",https://www.linkedin.com/company/yourgix,www.yourgix.com,"Business model I:  Live streaming with ticket payment - global, secure and fast. In real time without limitation of duration and number of participants, independent of location.  Online or hybrid events in best quality from SD to 4K and HD audio. For organizers of music, fitness. Gaming, culture, health and nutrition. For users: fans, athletes, gamers, culture enthusiast Business Model II: DSGVO compliant communication platform, easy management of meetings, trainings and workshops. Simultaneous file editing, legally compliant decision-making and two-factor authentication for meetings.  White label - preservation of corporate identity. For public authorities such as administration, education, economy, health, traffic, banks and justice. For companies, associations, cooperatives and trade.",Germany,5.191349,,,
Qrush,4867736.0,"Germany, Saxony, Dresden",https://www.linkedin.com/company/qrushgermany,www.qrushapp.de,"Qrush ist die Plattform für alle, die das Nachtleben lieben und neu erleben wollen. Ob spontane Barabende, große Clubnächte oder entspannte Afterworks - mit Qrush findest du die besten Events deiner Stadt, siehst, wo gerade am meisten los ist, und kannst dich direkt mit anderen Partybesucher*innen vernetzen. Wir bringen das Nachtleben in die Zukunft - digital, interaktiv und gemeinschaftlich. Unsere App zeigt dir nicht nur Veranstaltungen in deiner Nähe, sondern auch Live-Stimmungen, Teilnehmerzahlen und exklusive Angebote wie Getränkedeals und Gästelistenplätze. Und das Beste: Du kannst direkt mit anderen Gästen chatten, dich vor Ort matchen oder neue Freund*innen finden - ganz ohne Swipen im Stillen, sondern mittendrin im echten Leben. Unsere Mission: Qrush steht für ein modernes, zugängliches und lebendiges Nachtleben. In enger Zusammenarbeit mit Clubs, Bars und Veranstaltenden wollen wir kulturelle Orte stärken, Gemeinschaft fördern und dafür sorgen, dass echte Begegnungen wieder leichter werden - ob in deiner Stadt, im Urlaub oder wenn du neu in der Gegend bist. Gleichzeitig wollen wir ein Bewusstsein für den Wert des Nachtlebens schaffen: als Ort der Begegnung, der Vielfalt, des Ausdrucks und als wichtiger Bestandteil unserer urbanen Kultur. Was Qrush besonders macht: 📍 Eventfinder mit Live-Daten 📲 Matching & Chat direkt auf Events – ganz ohne Ghosting & Catfishing 🎟️ Exklusive Promos & Deals direkt aufs Handy 🤝 Community-Features für Gruppen, Freundinnen & neue Bekanntschaften* 📊 Insights & Tools für Veranstaltende - von Ticketing bis Promotions Unsere Vision: Eine Nacht, in der niemand alleine bleibt. Ein Event, das du nie verpasst. Ein Nachtleben, das verbindet - digital und real. Mehr erfahren: 🌐 www.qrushapp.de 📱 www.instagram.com/qrushgermany 📍 www.qrushapp.de/impressum",Germany,4.867736,,,
Litebyte,1476308.0,"Germany, Hesse, Fulda, 107 Frankfurter Straße, 36043",https://www.linkedin.com/company/litebyte-fulda,www.litebyte.de,"Since our company was founded in 2003, we have been working in partnership with our customers. The success of our customers is the measure of our work. Our ""team"", consisting of employees with a know-how of up to 30 years in the IT area, as well as the software from Microsoft, Lexware and DATEV, can be seen as a holistic IT company and service provider. Our corporate structure guarantees you seamless all-round support from small networks to complex IT solutions including cross-location IT systems. Our range of products and services is characterized by efficient and individual solutions. It extends from the development and sale of EDP hardware and software products, advice in the EDP and IT area, through to the provision of services in the areas of EDP, IT, logistics and software development.  In our data center, we can also put your systems in the cloud or offer you the complete package as an ASP. According to your wishes.  Everything speaks of cloud and ASP systems, but you don't want to give your data out and still benefit from fixed costs? No problem, we offer complete systems ""in-house"", including all the advantages of a cloud or an ASP system. With our support ticket system, we efficiently process every support case in a very short time and thus enable smooth operation of your IT. We have piqued your interest? Just get in touch. It is best to use our contact options on the right side of our homepage or here on Facebook. Try us! Every new customer gets a 40% discount on all services in the first year. Your team from LITEBYTE GmbH",Germany,1.476308,,,
Scale IT GmbH,5191349.0,"Germany, Baden-württemberg, Stockach, 7 Espasinger Straße, 78333",https://www.linkedin.com/company/scaleitgmbh,www.scale-it.com,"At Scale IT GmbH, we specialize in IT projects and digital products that are critical to the success of your business. From concept to deployment, we help you build and scale smart, reliable technology solutions tailored to your unique goals. Whether you're launching a custom loyalty platform, developing a new digital product, or optimizing your DevOps workflows, our experienced team supports you across the entire project lifecycle. We work closely with you to create the right conditions for success, manage complex implementation efforts, and scale your IT systems as your business grows. With over 10 years of experience, we’ve delivered solutions across a range of industries—retail, fashion, ticketing, and hospitality—earning a reputation for technical excellence, dependability, and cost-effective delivery. We combine in-house expertise with a trusted nearshore network to deliver scalable performance and the right specialists for every phase of your project. From initial strategy to QA and go-live, we provide the right mix of talent, methods, and tools to get your product to market faster—with fewer surprises. Our key service areas include: Loyalty Platforms: Custom-built systems to increase engagement, retention, and customer value Software & Product Development: From MVP to full-scale systems, tailored to your users DevOps & Automation: CI/CD, infrastructure, and operational support to ship faster and safer Quality Assurance: Comprehensive QA to ensure reliability and a flawless user experience We help you choose the right technology, assemble the ideal implementation team, and deliver tangible results. As a customer, you benefit from our deep expertise in IT strategies and real-world execution. We are international in reach, yet proudly ""Made in Germany""—with a hands-on, reliable, and highly skilled team dedicated to helping your business grow through better tech. Let’s scale your business—together.",Germany,5.191349,,,
ESolve AG,5612321.0,Germany,https://www.linkedin.com/company/esolve-ag,www.esolve.de,"Von der Beratung über die Konzeption bis zur Umsetzung:  Bei eSolve planen, entwickeln und betreiben wir innovative und zukunftsfähige Business-Lösungen mit sicheren und performanten IT-Infrastrukturen.  Für unsere Kunden sind wir aktiv im Automotive-Sektor und der Finanzwirtschaft. Ob DAX-Unternehmen, Mittelständer oder einzelner Händler – wir haben langjährige Erfahrung in der Entwicklung systemkritischer Anwendungen. Dafür verfügen unsere Berater, Entwickler und Service-Spezialisten über ein breites und zertifiziertes Fachwissen in unterschiedlichsten Technologien, Standards und Methoden von ITIL bis SCRUM. Wir bedienen im Mobile Device Management Plattformen wie Android, iOS und Windows Phone und bieten web-basierte JAVA / ASP.NET (Cloud-) Lösungen an. Bei eSolve hast Du garantiert fun@work: # Flexible Arbeitszeiten auf Vertrauensbasis & Home Office  # monatliche Apéros mit Büffet # Experten-Stammtische # Getränkeflatrate # Sportliche Aktivitäten: Fitness, Yoga, Sport-Events, Fußball- und Basketball-Tickets # private Krankenzusatzversicherung # Events: Theaterbesuche, Sommerfest, Mitarbeiter-Wies‘n, Weihnachtsfeier und vieles mehr",Germany,5.612321,,,
Vamos!,1041722.0,"Germany, North Rhine-westphalia, Köln, 5 Im Mediapark, 50670",https://www.linkedin.com/company/getvamos,getvamos.app,"Jodel acquired vamos! in May 2023. Bye Fomo. Hello Good Times. Mit vamos! (zuvor: SipTogether) könnt ihr das Studentenleben endlich gemeinsam genießen. Ihr wollt wissen, wo die beste Party steigt, ein spontanes Volleyballspiel ist oder euch einfach nur zum Lernen treffen? Geht auf vamos! Die interaktive Karte zeigt euch, was in eurer Stadt geht. Kein passendes Event dabei? Dann könnt ihr einfach selbst eins erstellen – denn alles kann, aber nichts muss.",Germany,1.041722,,,
Egocentric Systems,16362684.0,"Germany, Saxony, Dresden, 4 Herweghstraße, 01157",https://www.linkedin.com/company/egocentric-systems,www.egocentric-systems.de,"egocentric Systems - Sell tickets your way! Wir bieten Dir mit unserem Eventmanager eine innovative und einfach bedienbare Softwarelösung, damit Du Dich noch besser auf die Organisation Deiner Veranstaltung fokussieren kannst. Sei unabhängig im Ticketverkauf und behalte die Hoheit über die Daten Deiner Kunden. Headquarter. Als Teil der egocentric Firmengruppe mit über 75 Mitarbeitern greifen wir zurück auf mehr als 13 Jahre Erfahrung in den Bereichen Corporate Fashion, Entertainment, Sport und Brands. Erkenntnisse die wir mit Dir für Deinen Erfolg teilen. Team. Mit gebündelter Erfahrung aus zusammen 23 Jahren im Ticketing Business, Kundenservice und der Softwareentwicklung steht das Team der egocentric Systems für innovative, flexible und kundenorientierte Lösungen. Software. Mit unserer SaaS-Lösung bieten wir Dir die Grundlage eines individuellen, unabhängigen und erfolgreichen Ticketverkaufs. Gepaart mit unserem langjährigen Know-how sind wir Dein Erfolgsgarant.",Germany,16.362684,,,
NT-ware Systemprogrammierungs-GmbH,42074700.0,"Germany, Lower Saxony, Bad Iburg",https://www.linkedin.com/company/nt-ware,www.nt-ware.com,"NT-ware, headquartered in Bad Iburg, Germany, provides a full range of soft- and hardware solutions, based on the latest technologies, to manage & control all printing & copying processes. We not only deliver printer management functionalities like printer accounting, copy accounting, and secure printing, but also production printing features like print room management, job ticketing, web submission and production management. It is our goal to help our customers increase their productivity, reduce costs, and optimize their workflow. Read more: www.uniflowonline.com www.uniflow.global www.syshub.global",Germany,42.0747,,,
Zammad GmbH,8797146.0,"Germany, Berlin, Berlin",https://www.linkedin.com/company/zammad,zammad.com,Award-winning helpdesk/ticketing solution. Open-source: free to run on your own servers or available as SaaS.,Germany,8.797146,,,
CHEF.ONE,1888002.0,"Germany, Hamburg, Hamburg",https://www.linkedin.com/company/chef.one,www.chef.one,"CHEF.ONE ist die Plattform für einzigartige gastronomische Events in seinen eigenen vier Wänden oder in den Wohnungen von Fremden. Die Plattform basiert auf der Interaktion von Hosts (Profi- und Hobbyköche) und Gästen. Wenn du genug von deinem Restaurant um die Ecke hast, mal wieder was neues, authentisches probieren willst, wenn du neue Leute kennenlernen möchtest, die deine Leidenschaft für gutes Essen teilen, bist du bei CHEF.ONE genau richtig. Du liebst es zu kochen und dein Essen mit anderen zu teilen, warum dabei nicht auch noch Geld verdienen? Werde bei uns Host und teile deine Leidenschaft. Derzeit arbeiten und koordinieren wir alles von Hamburg aus. Auf unserer Webseite kannst du nach Events in deiner Stadt suchen oder dich über eine Karte nach Events in deiner Nähe umschauen. Ebenso suchen wir jederzeit nach Support auf Marketing- und Entwicklerseite. Bei Interesse schreib uns über info@chef.one The CHEF.ONE community is based on the interaction between hosts (chefs of any level) and guests (food lovers). If you are tired of local restaurant food, want to try something new, something authentic, if you want to meet new people who share the same passion for food diversity, CHEF.ONE gives you all of this. If you love to cook and share, why not make money doing what you love? Why not practice and hone your skills, become known for what you do? Being a chef is all about cooking for others. CHEF.ONE can be a hobby for life or a start of your dream job. If you are interested in marketing or developer jobs please contact us: info@chef.one",Germany,1.888002,,,
COMPESO GmbH,10204220.0,"Germany, Bavaria, Ismaning, 9 Carl-zeiss Ring, 85737",https://www.linkedin.com/company/compesogmbh,www.compeso.com,"At COMPESO, we have been specializing in the development and provision of innovative POS systems for cinemas since 1984. Our mission is to offer cinema operators tailored solutions that efficiently and user-friendly organize the entire operation – from ticket sales and concessions to online bookings and customer management. COMPESO stands for digital excellence and the complete integration of all relevant processes into one central platform. Our software solutions are designed to meet the specific needs of cinemas, allowing operators to manage all workflows conveniently and clearly. Our unique selling proposition (USP) lies in our strong focus on the cinema industry. We provide a comprehensive, integrated solution that saves cinema operators the need to use different systems for various areas. With our software, everything – from ticketing and concessions to audience analytics – can be managed through a single platform. In addition, regular software updates and our professional support ensure that our solutions are always up to date and meet the growing demands of the market. The flexibility of our systems is another key to our success: our solutions are scalable and can be seamlessly implemented in both small cinemas and large multiplexes. This makes us a reliable and versatile partner for cinema operators of all sizes.",Germany,10.20422,,,
FINYOS,1041722.0,Germany,https://www.linkedin.com/company/finyos,,"FINYOS verbindet KMUs, Marketingpartner und lokale Nutzer mit digitalen Tickets, die sich mühelos in bereits bestehende Social Media Kanäle integrieren lassen. Wir unterstützen unsere Partner mit Empfehlungen, Auswertungen und einem starken Team vor Ort.",Germany,1.041722,,,
Decentro,1020422.0,"Germany, Bavaria, Munich",https://www.linkedin.com/company/decentro-gmbh,decentro.de,"We are engineers at heart. Years of experience in web application delivery combined with decades of experience in sports sponsoring and marketing for large DAX companies, we deliver high quality, secure and reliable ticketing software-as-a-service solutions for corporate sponsoring engagements.",Germany,1.020422,,,
Da Vinci Strategy Lab,644576.0,"Germany, Hesse, Frankfurt Am Main",https://www.linkedin.com/company/da-vinci-strategy-lab,davincistrategylab.com,"Da Vinci Startegy Lab is an Internet laboratory and consultancy designed on a modern concept. We can do the work for you or if you prefer controlling your web activity, our approach is to support you doing it bringing your company’s presence on the web at the top level. We can provide you a turn-key solution off the box or train your staff to bring your internal know-how to include the web in your marketing and communication mix with you in control of you activities. When you realy on a company providing you the traditional web consultancy you will be charged for every change (images, photos, content). We can help you to update your content when it is needed and to make other big changes. When new technologies and strategies are on the world...we are there to talk to you about and implement to your solution so that you will always be up to date. We offer internal training within your company if you want to manage your solution or we do the work for you: create your web site(s), create your Facebook fan pages, twitter account, youtube accounts and videos, do your email marketing campaigns, etc. We can also agree together project e.g. ticketing systems, customer management, customer support upon request.",Germany,0.644576,,,
FireXale,457518.0,"Germany, Hamburg, Hamburg, 27 Am Sandtorkai, 20457",https://www.linkedin.com/company/firexale,www.firexale.com,"Mit fireXale haben Sie die Möglichkeiten die Stärken des E-Commerce zu nutzen - ohne aufwändige Website oder teuren eigenen Online-Store. Für Tickets, Termine, verderbliche Waren oder alle anderen Angebote, die schnell verkauft werden müssen, ist fireXale die richtige Plattform. Einfach Waren- und Dienstleistungsangebote mit unserer fireXale Cloud anlegen. Schnell und in Echtzeit zum gewünschten Zeitpunkt online stellen. Verkaufen mit Hilfe unserer KI-gestützten Preisermittlung realisieren wir für Sie immer den besten Preis.",Germany,0.457518,,,
BSV Software,5191349.0,"Germany, Lower Saxony, Göttingen, 15 Zollstock, 37081",https://www.linkedin.com/company/bsv-software,www.bsv.net,"SMARTSuite - innovative Business-Lösungen für Ihr Unternehmen Die BSV wurde 1978 als Büromaschinen Service– und Vertriebsgesellschaft mbH gegründet. Bereits drei Jahre später wurden erstmals individuell konfigurierte Softwaresysteme erstellt. Zunehmend verlagerte sich der Fokus vom Hardwareverkauf auf die Entwicklung leistungsfähiger und kundenorientierter Softwarelösungen. Darin liegt heute unser Kerngeschäft. Die SMARTSuite ist ein innovatives Unternehmensführungssystem und bietet ein umfassendes Spektrum effizienter und komfortabler Instrumentarien zur Führung von Unternehmen in Handel, Dienstleistung und Industrie. Auf der Basis von 40 Jahren Erfahrung im Bereich der Büro- und Informationstechnologien ist SMARTSuite als integriertes Softwaresystem entstanden. Mit der Entwicklung von Business-Lösungen wie der Einsatzplanung mit Google, eines innovativen Kundenportals und der mobilen Technikersteuerung per Offline-App, haben wir neue Meilensteine gesetzt.  Profitieren auch Sie von unserer langjährigen Erfahrung! Highlights · Workflowbasierte Prozesse vom Vertrieb bis zum Auftrag, von der Bestellung bis zum Wareneingang, vom Lager bis zur Inventur · Seriennummernverwaltung · Beliebige Zählerstände · Vertragsverwaltung (Pool, Click, PPP, Wartung etc.) mit Historie · VBM Farbkontrolle · Fleet Management via FMAudit/docuFORM/KFS mit workflowbasierten Prozessen · Papierloser Technikerservice über App und mit Einsatzplanung über Google · Ticket-System mit SLA-Zeiten · Variantenkonfigurator mit Angebotserstellung und Auftragsbearbeitung · Produktionsverwaltung mit CAD und BDE Anbindung · Vollautomatische Webshop-Integration",Germany,5.191349,,,
Bbv Software Services GmbH,13775697.0,"Germany, Bavaria, Munich, 9 Elsenheimerstraße, 80687",https://www.linkedin.com/company/bbv-software-service-gmbh,bbv-software.de,"bbv Software Services GmbH mit Sitz in München ist ein Tochterunternehmen der Schweizer bbv Software Services AG. Das Software- und Beratungsunternehmen umfasst insgesamt rund 300 Expertinnen und Experten, die alle nur ein Ziel verfolgen: Gemeinsam die Visionen unserer Kunden verwirklichen. Uns verbindet die Begeisterung für technologische Innovationen für neue Lösungen und Geschäftsmodelle, aus denen unsere Kunden schnell Wert schöpfen. Mit unserer Expertise in führenden Technologien und unserem Commitment zu erstklassiger Qualität begleiten wir unsere Kunden mit IT-Strategie- und Innovationsberatung. Seit 1995 sind wir in der Schweiz, Deutschland, Griechenland und Vietnam tätig und stärken unsere Kunden in der digitalen Transformation von der Ideenfindung bis zum Markterfolg. Ob beim Kunden direkt vor Ort oder in einem unserer Büros. Unsere Expertisen am Münchner Standort: - Individualsoftware - Software Engineering - Software-Architektur - Software-Modernisierung - DevOps & ALM - Agile Software Development - Cloud Computing Unsere Mitarbeiter-Benefits: - insgesamt 14 Fortbildungstage und 4.500 Euro Ausbildungsbudget pro Jahr, darunter Teilnahme an Fachmessen, Konferenzen, Meetups sowie Teamevents für Austausch und Weiterbildung, z.B. Gathering (mehrtägig), Focus Days, Hackathons - aktives Mitgestalten in selbstorganisierten bbv-Communities - Mitbestimmung bei der Projektauswahl - Mentoring-Programm  - Speaker-Förderung - private Zusatzversicherung - fixes Gehalt sowie betriebliche Altersvorsorge - 30 Tage Urlaub und vollständige Kompensation von Überzeiten - freie Wahl von Laptop und Betriebssystem - Diensthandy, Job-Ticket und Job-Fahrrad - freie Getränke im Münchner Büro",Germany,13.775697,,,
StayToEnjoy,457518.0,"Germany, Lower Saxony, Oldenburg",https://www.linkedin.com/company/staytoenjoy,www.staytoenjoy.com,"Our vision We believe in people, in their passion and that they enjoy infinitely much joy in sharing their lives and experiences with others. We also believe that it can make people's lives easier because you have endless options for booking services or buying goods on StayToEnjoy. A network for everything. Everything simple. This is StayToEnjoy.  Das Leben des Einzelnen einfacher und leichter zu gestalten ist unsere Vision und Leidenschaft. Deshalb haben wir StayToEnjoy als Social Media Booking Plattform entwickelt. Durch die von uns entwickelten Dienste bietet StayToEnjoy jedem User die Möglichkeit, Beiträge oder Stories zu posten, oder zu teilen.  Für kleine, mittlere oder große Unternehmen haben wir den Salesplace mit Technologien entwickelt, die dich dabei unterstützen sollen, das Online-Geschäft und auch das Geschäft vor Ort erfolgreicher zu gestalten und zu stärken. Somit verschmelzen wir das Geschäft vor Ort mit unseren digitalen Diensten und geben jedem Unternehmen und / oder Dienstleister vielfältige neue und herausragende Möglichkeiten. Das unterscheidet uns von allen anderen Plattformen.  In deinem Newsfeed findest du immer aktuelle Inhalte deiner Freunde oder Neuigkeiten von Menschen, Unternehmen und Organisationen, mit denen du verbunden bist und die du abonniert hast. Du kannst dann alle Artikel und / oder Dienstleistungen, die auf StayToEnjoy im Salesplace von den gewerblichen Nutzern angeboten werden, direkt auf der Plattform erwerben oder z.B. einen Termin oder ein Hotelzimmer buchen, Essen bestellen und liefern lassen, Tickets kaufen und vieles mehr. Möchtest Deine Waren auf einer wachsenden Plattform anbieten und viele Menschen erreichen? Dann ist StayToEnjoy genau die richtige Lösung für Dein Unternehmen. Wir gehen im Januar 2022 online und freuen uns auf euch.""",Germany,0.457518,,,
EventKingdom,915036.0,"Germany, Berlin, Berlin",https://www.linkedin.com/company/eventkingdom,www.eventkingdom.com,"Event & Marketing management including personal and animated online invitations, cards, save the dates and announcements. Upload your own designs or choose your favorite out of 5000 templates and send them online or order paper cards.   Organize Events and Cards sendings with multiple accounts and users. Create templates and let employee accounts use them. Benefit from helpful recipient & guest tracking and management features in addition to Checkin tools for your event. Be green with style with the world's first and finest online and paper post! We've created a platform that makes it easy to send out everything from Conference Invitations, Wedding Save the Dates, Wedding Invitations to Christmas Cards - as ""online post"" with animated envelope and cards or on fine printed paper envelopes and cards.  Our users can monitor online sendings, track RSVPs, Checkin their guests and sell tickets with our partner Eventbrite, upload their own designs or choose one of our favorites.   Want to join the EventKingdom team?  Check out our current postings at http://www.eventkingdom.com/jobs.ek",Germany,0.915036,,,
SoftConEx GmbH,14285908.0,"Germany, Berlin, Berlin, 81 Charlottenstraße, 10969",https://www.linkedin.com/company/softconex,softconex.de,"Welcome to SoftConEx, the Software Consulting Experts We see ourselves as a system house in the tourism industry with a focus on flight and can draw on more than 20 years of experience. We use the latest interfaces from Amadeus, Sabre, Travelport, Farelogix, Apollo and Abacus and various Direct Connects. In addition to fully developed products, we offer you individual solutions as Software as a Service (SaaS). The company and its founders look back on more than 20 years of experience in the development of software with a focus on the tourism industry. The constant use of current technology and the latest development tools as well as consistent quality assurance are our central principles. Our self-developed tools enable a highly effective implementation of complex software systems in any industry. Parallel consistent quality assurance ensures that a consistently high level of quality is achieved at a high development speed. Since the end of 2005, the company’s own products Travice API and flightConex IBE have been developed, whereby great importance was attached to the principles of quality assurance and evaluation of the latest technologies. This resulted in a solid and high-performance platform, from which products such as the online assistant for ordering airline tickets for AERTiCKET AG and Conso.de, the B2B IBE Amadeus Farewizard, the BPAConex Fullfilment Automation for TUI Cruises, and the Faremaster Webquery for FTI Ticketshop, AERTiCKET, Conso.de emerged. In 2010, AERTiCKET introduced Matrix Ticketstrasse, a system for fully automated fulfillment of scheduled flights that is still being continuously adapted to current requirements and put into operation at other major customers.",Germany,14.285908,,,
Output.Rocks,1585583.0,"Germany, Baden-württemberg, Achern, 1 Johannesstraße, 77855",https://www.linkedin.com/company/output-rocks,www.output.rocks,"Schlankes, schnelles und flexibles Output Management aus der Cloud. Generieren Sie Dokumente wie Rechnungen, Benachrichtigungen, Kundenanschreiben, Tickets, Gutscheine etc. im Handumdrehen. In Output.Rocks lassen sich Templates ganz einfach erstellen - in Word. Dokument designen, Platzhalter festlegen und schon kann es los gehen. Die Möglichkeiten sind fast unbegrenzt: Bilder, Charts und Tabellen lassen sich ganz einfach verlinken und mit ausgeklügelten Tools lassen sich die Ergebnisse im Vorfeld umfangreich testen. Auch Emails kann Output.Rocks für Sie dynamisch generieren und an Ihre Kunden verschicken. Auf Wunsch mit Anhängen. Und sollte eine Email mal nicht ankommen, bekommen Sie das sofort über das Bouncing-Feedback mit. Sie wollen Ihre Dokumente archivieren, sie auf SFTP, OneDrive oder DropBox hochladen? Kein Problem. Sollen die Dokumente über eine technische Schnittstelle an Ihren Druckdienstleister oder in ein anders System wie powercloud übertragen werden? Auch das geht dank unserem flexiblen Webhook-System.",Germany,1.585583,,,
A&M GuestCompany GmbH,2551055.0,"Germany, Brandenburg, Kleinmachnow, 7 Zehlendorfer Damm, 14532",https://www.linkedin.com/company/guestcompany,www.guest-company.com,"GuestCompany bietet mit dem EventManager ein flexibles Tool an, um Veranstaltungen professionell zu verwalten – von der Online-Akkreditierung der Gewerke über die Einladung von Gästen, Ticket-Erstellung, Check-In vor Ort bis zur Analyse.",Germany,2.551055,,,
Pretix,5032698.0,"Germany, Baden-württemberg, Heidelberg, 1 Berthold-mogel Straße, 69126",https://www.linkedin.com/company/pretix,pretix.eu,"pretix is your modern event ticketing system of choice. We provide efficient services at every step of your event's journey, starting with creating an online ticket shop, helping you with marketing and payment processing, and continuing all the way until your event finally happens. During your event, we'll assisst with easy-to-use attendee check-in tools and once it's over, you'll have all our statistical and reporting features at your disposael. pretix supports multi-channel ticket sales, multi-language ticket shops and adjusts to the very special needs of your event.",Germany,5.032698,,,
Smart Pricer,8163376.0,"Germany, Berlin, Berlin, 7d Brunnenstraße, 10119",https://www.linkedin.com/company/smartpricer,www.smart-pricer.com,"Smart Pricer’s team of pricing experts provides ski resorts, sports clubs and entertainment venues the necessary tools to increase ticketing revenues by +5-15%, grow online share, and attract more visitors. With over 10 years of airline pricing experience and millions of pricing optimizations, Smart Pricer is the go-to-partner for Zermatt Ski, Sölden, FC Bayern and 100+ other resorts, Clubs and venues  For more information, please visit www.smart-pricer.com.",Germany,8.163376,,,
Chaanz,1830072.0,"Germany, Hesse, Frankfurt Am Main, 133 Bockenheimer Landstraße, 60325",https://www.linkedin.com/company/chaanz,chaanz.com,"🦁 Featured on ""Die Höhle der Löwen"" Our apps are more than just event tools – they transform into year-round value and sales channels. Visitors have a real incentive to engage with the app not only during the event but throughout the entire year, thanks to valuable features and continuous engagement. This high level of user interaction turns the app into an effective sales channel that operates independently of external advertising budgets. Unlike traditional marketing methods that rely on costly social media ads, our app connects directly with visitors on their smartphones. This keeps your target audience consistently engaged, allowing you to sell tickets and services through the platform all year round. Value for visitors, high engagement, and an independent sales channel in one: with our app, you stay closely connected to your users without relying on unpredictable ad spending. It's your direct path to sustainable success, 24/7, 365 days a year.",Germany,1.830072,,,
White Label ECommerce GmbH,12245064.0,"Germany, Hamburg, Hamburg, 12 Stadthausbrücke, 20355",https://www.linkedin.com/company/white-label-ecommerce-gmbh,www.the-white-label.com,"🚀white label eCommerce steht für unabhängiges Ticketing und erfolgreiche Online Shops. Unsere Software hilft Veranstaltern, Künstlern und Sportclubs, mitreißende Live-Erlebnisse selbst an ihre Fans zu verkaufen.  🚀Während wir im Hintergrund agieren, rocken unsere Partner wie das Wacken Open Air, der THW Kiel oder Die Fantastischen Vier die Show.  ⁉️Innovationen und operative Exzellenz entstehen nur durch geballte Teamwork-Power. Deshalb suchen wir kluge Köpfe, denen Zusammenhalt wichtig ist und die nicht vor der Verwirklichung ihrer Ideen zurückschrecken. Zu unseren Socials: https://linktr.ee/wlec",Germany,12.245064,,,
Oneticketing,510211.0,"Germany, Baden-württemberg, Wernau, 26 Borsigstraße, 73249",https://www.linkedin.com/company/oneticketing,www.one-ticketing.de,"Tickets.Verfügbarkeit.Datenschutz. Ungewöhnliche Zeiten erfordern neue Lösungen - mit oneticketing erhalten Sie ein sofort einsetzbares und flexibles Ticket- und Besuchermanagement-System,  mit dem Sie sorgenfrei Eintrittskarten verkaufen und die Kontaktdaten Ihrer Besucher erfassen können.",Germany,0.510211,,,
OpenKM Deutschland,629334.0,"Germany, Bavaria, Oberhaching, 32 Grünwalder Weg, 82041",https://www.linkedin.com/company/openkm-dms-dokumentenmanagementsystem,openkm.de,"Mit OpenKM DMS sind alle Dokumente Ihres Unternehmens an einem Ort. Die Cloud-Lösung macht das Finden, Teilen und Verwalten Ihrer Dokumente einfacher denn je. Speichern Sie Dateien sicher in der Cloud und teilen Sie Dokumente mit Kollegen, Kunden und Partnern. Strukturieren Sie Ihre Daten mit Schlagwörtern, Kategorien und individuellen Metadaten-Gruppen. Jedes Dokument wird danach per Volltextsuche blitzschnell wieder gefunden. Bei der On-Premise-Lösung erhält man die Server-Software zur Installation im eigenen Rechenzentrum und hat die volle Kontrolle über das System, muss jedoch auch selbst für die Produktivität sorgen. Dies ist besonders dann sinnvoll, wenn eigene IT-Ressourcen bereits vorliegen. Für spezifische Aufgabenstellungen sollte zudem ein angepasster Software-Service und Wartungsvertrag vereinbart und einkalkuliert werden. Neue OpenKM-Versionen und schnelle Hilfe per Ticket-System sind dann auch garantiert. Bei der Cloud-Lösung bzw. Software as a Service (SaaS) greift man auf die IT-Infrastruktur von OpenKM zu. Das Hosting liegt dabei in einem Rechenzentrum in Deutschland (Frankfurt) und kann daher als „hosted in germany“ bezeichnet werden. Aus Datenschutzgründen kann dies für viele Unternehmen wichtig und von Vorteil sein. Eigene IT-Expertise ist im Cloud-Betrieb nicht nötig, dies wird vom Anbieter der Software für den Kunden gemanagt.",Germany,0.629334,,,
TechBridge & Advisory Partners GmbH,4145574.0,"Germany, Hamburg, Hamburg, 40 / Jungfernstieg 7 Baakenallee, 20457",https://www.linkedin.com/company/techbridge-advisory-partners-gmbh,www.techbridge.partners,"Techbridge & Advisory Partners is a strategy-driven consulting firm that helps B2B companies accelerate growth by bridging the gap between technology and sales execution. We specialize in combining cutting-edge AI tools with custom sales automation strategies to consistently attract, engage, and convert high-value clients. Our approach is pragmatic and performance-focused. From building qualified lead pipelines to deploying hyper-personalized outreach campaigns, we empower commercial teams with the systems, data, and insights they need to scale efficiently... without losing the human touch. Through tailored consulting, intelligent automation, and hands-on implementation, we help our clients unlock new growth opportunities, shorten sales cycles, and future-proof their go-to-market engine. Whether you're entering a new market, optimizing your sales process, or launching a product to high-ticket buyers. Techbridge & Advisory Partners brings the structure, strategy, and smart technology to make it happen.",Germany,4.145574,,,
Gymscanner.com,5490216.0,"Germany, Delaware, 256 Chapman Road, 19702",https://www.linkedin.com/company/gymscanner,links.gymscanner.com,"First global platform to sell gym memberships at exclusive prices, gym tourist passes, empower gyms to create + promote and sell their own events tickets, provide free software for gyms to manage  memberships online, publish international electronic fitness magazine (Muscle by Gymscanner) and organize global sports exhibitions (FITEX).",Germany,5.490216,,,
BINARYTEC GmbH,5549543.0,"Germany, Lower Saxony, Moormerland, 78 Rorichmoorer Straße, 26802",https://www.linkedin.com/company/binarytec-gmbh,www.binarytec.de,"Kassensystem CASSABOX | Zutrittssteuerung INTELLIX | Onlinebuchungs- und Gutscheinsystem voutify | Self-Service-Lösungen | Wakeparkmanager | Personalverwaltungssoftware humanify Als einziger Anbieter im deutschsprachigen Raum bieten wir die Möglichkeit, innovative Produkte als echte integrierte Lösung in deinem Unternehmen einzusetzen:  -	Von der Onlinebuchung eines Tickets, hin zur Einlösung am POS bis zur Freigabe der Drehsperre  -	Von der Zutrittsverwaltung zu Deinen Geschäftsräumen, über die Zeiterfassung bis hin zur Kasse in Deiner Kantine mit nur einem RIFD-Träger -	Vom Onlinegutscheinverkauf, über die Einlösung am Self-Service-Terminal bis hin zur bis zur Freigabe der Zutrittssteuerung Mit unseren innovativen Softwarelösungen steuerst du deine interdisziplinären Prozesse mit nur einem System! Denn wir integrieren unsere Lösungen so in Dein Geschäftsumfeld, dass sich diese nahtlos in Deine bestehende Infrastruktur einfügen und Deine Prozesse effizient sowie nachhaltig unterstützen. Wir sind Integrations-Marktführer!",Germany,5.549543,,,
OMQ,4591899.0,"Germany, Berlin, Berlin, 1 Stefan-heym-platz, 10367",https://www.linkedin.com/company/omq,www.omq.ai,"Mit KI im Kundenservice richtig durchstarten. 🚀 Über 100 Unternehmen setzen bereits auf die smarten Tools von OMQ, um ihren Serviceaufwand zu reduzieren und den Kundenservice effizienter zu gestalten. Von Generative AI in Form von AI Agents und Chatbots bis hin zu Self-Service-Lösungen wie intelligenten FAQs oder automatisch antwortenden Kontaktformularen – OMQ bringt moderne Kundenservice-Automatisierung in jeden Bereich. Seit über 10 Jahren entwickelt die OMQ GmbH erfolgreich Technologien zur Prozessoptimierung im Kundenservice. Die KI-basierten Tools lassen sich nahtlos in bestehende Systeme integrieren und bieten sofortigen, mehrsprachigen Support – unabhängig vom genutzten Kanal. Durch die zentrale Verwaltung wird die Steuerung aller Touchpoints erleichtert, was nicht nur die Arbeit von Servicemitarbeiter:innen effizienter macht, sondern auch die Kundenzufriedenheit nachhaltig erhöht: Endkund:innen erhalten rund um die Uhr verlässliche Unterstützung. Dank schneller und unkomplizierter Anbindung ist OMQ in zahlreichen Drittsystemen wie Ticket- oder Chatsystemen direkt einsetzbar.",Germany,4.591899,,,
YouCard Kartensysteme GmbH,5191349.0,"Germany, Hesse, Wetzlar, 18 Friedenstraße, 35578",https://www.linkedin.com/company/youcard-kartensysteme-gmbh,www.youcard.de,"YouCard Kartensysteme GmbH develops professional system solutions all over Europe for the identification of persons and objects. Our 15 years of cross industry experience combined with partnerships with the industry’s leading manufacturers enables us to plan and execute complex personalization and identification projects. In addition to the ID card, all key chip carriers (tags, labels, etc.) are the focus of our activities. We specialize in the creation, printing, personalization and encoding of cards and other RFID carriers. Our groundbreaking software products in the areas of identification technology, ticketing and visitor management underline our claim as a full-service provider for authorities, the professional sport, as well as for industry and commerce.",Germany,5.191349,,,
QONECT GmbH,1020422.0,"Germany, North Rhine-westphalia, Vreden, 2 Kämpenweg, 48691",https://www.linkedin.com/company/qonectde,qonect.de,"QONECT ist Ihr Partner, wenn es um einen erstklassigen Internetauftritt und die Digitalisierung von Gastronomie Objekten oder Events geht.  Vom Aufbau der Web-Präsenz über die Einbindung von Tools, wie einem online-Shop oder dem digitalen Ticketverkauf, bis hin zur Betreuung Ihrer Social Media Auftritte sind wir an Ihrer Seite und langfristiger Partner!",Germany,1.020422,,,
Ecostag GmbH,12256192.0,"Germany, North Rhine-westphalia, Dortmund, 1 Hafenpromenade, 44263",https://www.linkedin.com/company/ecostag-gmbh,www.stagedates.com,"✨Unser Team? Besteht aus 100% Motivation und jungen Talenten, die vor allem eines lieben: Unvergessliche Events. Wir wollen die Branche verändern. Mehr noch: Wir wollen Events und Ticketing wieder demokratisieren – because events are for everyone!  Unser Produkt? Lieben wir! Wir sind begeistert von dem, was uns in Kombination mit KI möglich ist und genau das wollen wir jetzt endlich auch der ganzen Welt zeigen. 🌍 Dafür haben bereits eine einzigartige Marke aufleben lassen. Auf diesem Account erzählen wir jedoch mehr über unsere interne Küche 🍳, unsere Emotionen 💖, unsere Events 🎉 und noch ganz viel mehr! Wir wachsen stark. Wächst du mit uns?  Let's talk!",Germany,12.256192,,,
DGBRT - DIY Ticket-Toolkit,1585583.0,"Germany, Baden-württemberg, Karlsruhe, 76131",https://www.linkedin.com/company/dgbrt-diy-ticket-toolkit,www.dgbrt.de,"DGBRT - Alles Ohne Extrakosten Die Firma DGBRT UG wurde vom Kernteam des Happiness Festival gegründet, um die ausgeklügelte Software günstig zu teilen und ein Gegenangebot zu überteuerten Konzernen zu bieten. Denn durch die zunehmende Monopolisierung des Marktes, die dreiste Bereicherung von Ticketing-Unternehmen und die unfairen Bedingungen für Veranstalter sowie Gäste gleichermaßen, haben wir uns entschlossen mit einer einfachen, fairen und auf den Veranstalter zugeschnittenen Lösung den Ticketmarkt zu revolutionieren. Darum bieten wir unser DIY-Ticketing-Toolkit zu einem Festbetrag pro Ticket (0,60€) und ohne jegliche Zusatzkosten an.  Zusatzgebühren können vom Veranstalter selbst definiert und einbehalten werden. Das Geld landet sofort auf dem Konto des Veranstalters. Die Kundendaten gehören dem Veranstalter allein. Alle zusätzlichen Features wie Scanner-App, Online-Shop, Affiliation-Marketing, Newsletter- und Targeted-Marketing-Tools sind und bleiben absolut kostenfrei. Print@Home-Tickets, Hardtickets, Freikarten, Gästeliste, VVK-Stellen, Merch, DIY-Versand oder Mixed-Service - alles kein Problem mit DGBRT! Kostenstruktur: 0,60 Euro pro verkauftem und bezahltem Artikel (Tickets oder Merch) 0,60 Euro pro vom Kunden versendetem Hardticket 1,20 Euro pro über Mixed-Service verkauftes Ticket (+3,00€ Versandgebühr) Rechenbeispiel (1000 Print@Home-Tickets | Preis: 100€ | Gebühren: 1 € Systemgebühr, 1,50 Versandgebühr, 1€ VVK-Gebühr) Variante DGBRT (0,60€/Ticket): Umsatz: 103500€ (100€/Ticket x 1000 Tickets + 1000 x 3,50€) Kosten: 600€ (1000 Tickets x 0,60€) Gewinn: 102900€  Variante Abzieher-Tix (1,50€ +10% Ticketpreis, Einbehaltung Gebühren): Umsatz: 100000€ Kosten: 11500€ Gewinn: 88500€ Mit DGBRT macht ihr also 14400€ mehr Gewinn (und schmeißt einem Konzern nicht noch das Geld eurer Kunden in den Rachen)!  Zwei gute Argumente für einen Wechsel!  Denn die Frage ist doch: Werdet ihr noch abgezockt oder verdient ihr schon mit DGBRT?",Germany,1.585583,,,
FRS Systems,9738918.0,"Germany, Schleswig-holstein, Flensburg, 19-20 Norderhofenden",https://www.linkedin.com/company/frs-systems,www.frs-systems.de,FRS Systems: bringing you highly flexible software solutions for ticketing and transportation infotainment,Germany,9.738918,,,
Sasse Solutions GmbH,792791.0,"Germany, Hesse, Frankfurt Am Main, 10 Schwarzburgstraße, 60318",https://www.linkedin.com/company/ssln,sasse-solutions.de,"Mit Fokus auf die Bereiche Tarifdaten und eTicketing schafft die Sasse Solutions GmbH zielführende digitale Lösungen für Tarifgeber und Verkehrsunternehmen.  Wir bieten Lösungen für die Erzeugung, Pflege und Verarbeitung von Tarifdaten für den ÖPNV sowie für die Analyse und Kontrolle von elektronischen Tickets nach den Standards von UIC und eTicket Deutschland (VDV-Kernapplikation). Der geschäftsführende Gesellschafter Heiko Sasse arbeitet seit fast zehn Jahren als Berater im öffentlichen Verkehr. Seine Softwarelösungen für die Tarifdatenaufbereitung, den elektronischen Vertrieb und die Fahrgeldsicherung sind bei verschiedenen deutschen Verkehrsunternehmen und -verbünden erfolgreich im Einsatz.",Germany,0.792791,,,
10er Karte,510211.0,"Germany, Baden-württemberg, Karlsruhe",https://www.linkedin.com/company/34950216,10erkarte.de,"10er Karte is an online marketplace for services, entry, products, and online-offers. Where existing solutions fail to meet the standards of the digital age, 10er Karte connects vendors and clients through a state-of-the-art marketplace and shopping experience. Local businesses get robust digital toolset for their customer acquisition and loyalty programs. Customers can now shop their online at their local favorites and then redeem their purchases through their mobile phone.",Germany,0.510211,,,
ICA Traffic GmbH,25000339.0,"Germany, North Rhine-westphalia, Dortmund, 27 Walter-welp Straße, 44149",https://www.linkedin.com/company/ica-traffic,www.ica.de,"Die ICA Traffic GmbH wurde 2000 gegründet und ist ein inhabergeführtes, technologieorientiertes Unternehmen mit Sitz in Dortmund und zählt zu den führenden Anbietern von Ticketinglösungen für Mobilitätsanbieter in Deutschland. Ziel der ICA ist es, Ticketing für Fahrgäste und Verkehrsunternehmen so einfach und effizient wie möglich zu gestalten. Das Leistungsspektrum umfasst u.a. leistungsfähige Ticketingsysteme, individuelle Softwarelösungen und hochwertige Vertriebsterminals. Ein besonderer Fokus liegt auf digitalen Vertriebskonzepten, darunter ID-Based Ticketing, benutzerfreundliche Apps, Managementportale sowie umfassende Hintergrund- und Monitoring-Systeme. Mit skalierbaren IT-Dienstleistungen unterstützt ICA ihre Kunden dabei, zukunftsfähige und nachhaltige Investitionen zu tätigen, passgenau und bedarfsgerecht.",Germany,25.000339,,,
Talque,5102110.0,"Germany, Berlin, Berlin, 3 Choriner Straße, 10119",https://www.linkedin.com/company/talqueeventapp,web.talque.com,"Transforming Events for Everyone At talque, we revolutionize event planning and execution—whether virtual, hybrid, or in-person. With over a decade of experience, our platform offers: Interactive Event Management: Streamline event logistics with a collaborative content management system and real-time data collection. Customizable & Scalable Solutions: Tailor features and workflows to meet the unique needs of your event, supported by seamless API and website integrations. Secure & Reliable Options: Prioritize data protection and compliance to ensure a trustworthy experience for all participants. Creative & Efficient Engagement: Enhance audience interaction with innovative tools designed to foster meaningful connections. Our comprehensive, all-in-one solution includes participant management, ticketing, and a fully branded app... and much more feautres empowering event organizers to create memorable experiences. With a dedicated team experienced in 18 countries, we support you every step of the way, from personalized training to project management. Join hundreds of successful events that have leveraged talque's innovative solutions to elevate their experiences. Discover how we can bring your vision to life, ensuring your events are not only successful but truly exceptional.",Germany,5.10211,,,
Scangine - We Are #2. We Try Harder You Pay Less!,1258668.0,"Germany, Baden-württemberg, Heilbronn, 74076",https://www.linkedin.com/company/scangine,www.scangine.com,"Scangine is an innovative startup company, specializing in barcode scanning solutions, which aspire to transform the traditional barcode scanners into an accurate and fast barcode-scanning mobile app, affordable for any business. The company is headquartered in Heilbronn, Germany, and is also represented in Sofia, Bulgaria.  Scangine’s  solutions portfolio includes a Barcode Scanner SDK, based on unique technology, which is robust enough for the most demanding, enterprise-grade applications  and customizable, rapidly deployable enterprise mobile app (for e.g. ticketing, track and trace, or inventory management) As passionate entrepreneurs our goal is to replicate a laser scanner-like scanning experience and to provide great and timely support for our customers. Ultimately, seeing is believing though. We thus encourage you to download and test our free SDKs here (www.scangine.com)",Germany,1.258668,,,
QT Mobilitätsservice GmbH,915036.0,"Germany, Berlin, Berlin, 60 Hallesches Ufer, 10963",https://www.linkedin.com/company/qixxit,www.qixxit.com,"Qixxit is a travel planner that combines long-distance bus, train and flight options into one route and creates a custom itinerary that you can actually book. For the first time, travellers can find it all in one place: smart connections, advantageous, exact fares as well as tickets. Here at Qixxit, we come from a wide range of cultural and professional backgrounds. We work hard to foster an environment in which people can grow both personally and professionally. We believe that diverse groups of people make better teams. We’re committed to increasing diversity in our workplace and providing equal opportunity throughout our recruitment process. Qixxit is an investment of Deutsche Bahn Digital Ventures GmbH.",Germany,0.915036,,,
Gurado,5612321.0,"Germany, North Rhine-westphalia, Dortmund, 32 Wittbräucker Str",https://www.linkedin.com/company/gurado-gmbh,www.gurado.de,"gurado : making online gift voucher sales easy and secure. Sell your companies gift vouchers and tickets online 24/7. Simply choose a layout, easily customize your online store, add vouchers or tickets, and you're pretty much ready to accept payments. Our system will then send the vouchers per email and the invoice. You can then validate the vouchers in store with the gurado smartphone app. Gone are the days of expensive upgrades of your electronic cash register or EPOS.",Germany,5.612321,,,
Wergehthin Ltd.,5191349.0,"Germany, North Rhine-westphalia, Köln, 11 Hohenstaufenring, 50674",https://www.linkedin.com/company/wergehthin-ltd-,www.wergehthin.de,WerGehtHin is an advanced city magazine in Germany.  We help local merchants to market their services in their city to an enterprising audience with rebate deals.  Partners also get a free listing & a curated profile page with always up-to-date business information. A professional photoshooting & editorial text are included. Besides deals users can find the best events in town & can win free tickets to partnering events.,Germany,5.191349,,,
In.bounz | Inbound Email Automation.,2335367.0,Germany,https://www.linkedin.com/company/inbounz,www.inbounz.com,"in.bounz is your Go To tool when it comes to automated email integration for Salesforce. With in.bounz you monitor all of your incoming emails. And automatically integrate the most important ones into Salesforce. For maximum automated processes. And more time for the important things. The app is Salesforce native and perfectly customizable with your Salesforce data structure. With in.bounz you can quickly and easily automate and simplify application, sales or billing processes. And even more! 𝗝𝘂𝘀𝘁 𝗶𝗺𝗮𝗴𝗶𝗻𝗲: An email that arrives in your support inbox automatically opens a service ticket in your Salesforce system.  Or an application that arrives in your inbox with a specific reference in the subject line is automatically mapped to the right records, a new contact is created, and attachments like a resume are uploaded to the right application record without your intervention. 𝗪𝗮𝗻𝘁 𝘁𝗼 𝘀𝗲𝗲 𝘁𝗵𝗲 𝗮𝗽𝗽 𝗶𝗻 𝗮𝗰𝘁𝗶𝗼𝗻 𝗮𝗻𝗱 𝗵𝗼𝘄 𝗶𝘁 𝗰𝗮𝗻 𝗵𝗲𝗹𝗽 𝘆𝗼𝘂 𝘁𝗼 𝗮𝘂𝘁𝗼𝗺𝗮𝘁𝗲 𝘆𝗼𝘂𝗿 𝗯𝘂𝘀𝗶𝗻𝗲𝘀𝘀 𝗽𝗿𝗼𝗰𝗲𝘀𝘀𝗲𝘀 𝗶𝗻 𝘁𝗵𝗲 𝗳𝗮𝘀𝘁𝗲𝘀𝘁 𝘄𝗮𝘆 𝗽𝗼𝘀𝘀𝗶𝗯𝗹𝗲?  Then scheduling a short live demo will be the easiest and best way for you. Just send an email to info@inbounz.com saying ""DEMO"" in the subject line. (You can be sure: Your email will be mapped to the right contact person in our system by in.bounz and we will get in touch with you just a minute later 😉) Want to find out more about in.bounz and its features first?  Then visit 👉 𝗵𝘁𝘁𝗽𝘀://𝘄𝘄𝘄.𝗶𝗻𝗯𝗼𝘂𝗻𝘇.𝗰𝗼𝗺/ 👈 right now.",Germany,2.335367,,,
Vitroconnect Systems GmbH,1585583.0,Germany,https://www.linkedin.com/company/infinity-gmbh,www.vitroconnect-systems.de,"Impressum: www.vitroconnect-systems.de/de/service/imprint.html Die vitroconnect systems GmbH (http://www.vitroconnect-systems.de/) ist seit 2004 als leistungsstarker Anbieter innovativer IT-Lösungen und Dienstleistungen am Markt aktiv. Unsere Kunden kommen aus verschiedensten Branchen, überwiegend jedoch aus den Märkten der Informations-, Medien- und Kommunikationstechnologie.   Namhafte Unternehmen wie Telefónica o2 Germany, Unternehmen der arvato Gruppe, die EASY SOFTWARE AG, die jpc-schallplatten Versandhandelsgesellschaft mbH oder die ecotel communication ag setzen auf vitroconnect systems.   Neben der Entwicklung individueller Konzepte und Softwarelösungen haben wir in den letzten Jahren unsere Vision einer innovativen, hoch-automatisierten Kommunikationsplattform in die Tat umgesetzt.   Kernstück dieser Plattform ist eine stabile und extrem flexible Workflow-Engine, die dafür sorgt, dass nahezu beliebige Geschäftsprozesse mit Hilfe unserer Plattform umgesetzt und gesteuert werden können. Die Workflow-Engine wird ergänzt durch eine große Anzahl verschiedenster Module für die unterschiedlichsten Aufgaben: Indizierung & (selbstlernende) Volltextsuche, Inventarisierung, Accounting & Billing, Ticketing, Monitoring & Reporting - um nur einige zu nennen.   Der theoretische Hintergrund unserer Plattform fusst dabei auf gängigen Konzepten wie Serviceorientierte Architektur (SOA) bzw. Software as a Service (SaaS).",Germany,1.585583,,,
ExtensionExperts,1530633.0,"Germany, North Rhine-westphalia, Essen, 1 Hollestraße, 45127",https://www.linkedin.com/company/extensionexperts,www.extensionexperts.com,"Kompakte Expertenpower für Microsoft Dynamics 365 Business Central / NAV Was erwartet Sie? Die volle Expertenpower von Microsoft Dynamics Partnern, die Ihnen intelligente und flexible Erweiterungen und Apps für Microsoft Dynamics NAV und Microsoft Dynamics 365 Business Central (ehemals Navision) bieten. Die Extension Experts! 15. September 2022 · Essen, Haus der Technik Treten Sie mit unseren Experten aus ganz Deutschland in Kontakt. Wir präsentieren Ihnen am 15. September 2022 neueste Lösungen und Entwicklungen aus dem Microsoft Dynamics Umfeld. Seien Sie Teil der Community und sichern Sie sich jetzt Ihr Ticket.",Germany,1.530633,,,
Visitate GmbH & Co. KG,4405338.0,"Germany, Bern, Berlin, 48 Prausestraße, 12203",https://www.linkedin.com/company/visitate-gmbh-&-co-kg,www.visitate.de,"Visitate is a services and IT company that enables museums and cultural institutions to manage ticketing, guided tours and shop systems. We focus on modular cloud solutions from mobile ticketing to cash desk systems.",Germany,4.405338,,,
Reveneo,457518.0,"Germany, Berlin, Berlin, 32 Rosenthaler Straße, 10178",https://www.linkedin.com/company/reveneo,swiss-flightpass.ch,"Reveneo is a software solution that enables airline revenue managers to select from a wide range of pricing options and thereby generate new revenue streams. The service grants the revenue management full flexibility and autonomy to quickly test and launch new pricing modules. Revenue management selects the pricing module that best fits the airlines strategy and customizes the business rules according to its needs, e.g. through a 10 ride ticket, discount card or many more. Reveneo then creates the landing page in the native design of the airline and provides the revenue management with a dashboard to analyse and control the performance of the new pricing strategy. Reveneo was co-created together with revenue managers from different airlines and is tailored to solve their specific needs. Pricing in the airline industry has remained unchanged over the past decades. As a result, fierce price competition leaves revenue management with diminishing margins. Reveneo aims to give more pricing flexibility to revenue management whilst increasing customer loyalty and satisfaction.",Germany,0.457518,,,
Kinoheld GmbH,5736376.0,"Germany, Bavaria, Munich, 12 Von-der-tann Straße, 80539",https://www.linkedin.com/company/kinoheld,www.kinoheld.de,"KINOTICKETS ONLINE KAUFEN MIT KINOHELD! Bei kinoheld buchst Du in nur einer Minute Kinotickets für Deinen Lieblingsfilm. Schnell, sicher, einfach und ohne Anstehen an der Kinokasse. Egal ob Du nach Action, Thriller, Romantik, Komödie oder Arthouse Filmen suchst – bei kinoheld wählst Du aus dem aktuellen Kinoprogramm Deinen Film, buchst Dein Ticket online/mobil und erhältst es einfach & bequem als E-Ticket auf Dein Smartphone und an Deine E-Mail-Adresse. ONLINE KAUFEN Bei kinoheld kaufst Du Deine Kinotickets in Zukunft online & mobil. Und zwar in 3 einfachen Schritten: Erst Deine Stadt und Dein Kino oder den Film Deiner Wahl auswählen. Dann suchst Du Dir die besten Sitzplätze aus, ganz bequem von zu Hause oder über Dein Smartphone. Am Schluss zahlst Du Deine Tickets bequem & sicher mit Kreditkarte, PayPal oder per Sofortüberweisung. Am Einlass zeigst Du dann Dein E-Ticket auf Deinem Smartphone vor, wo es überprüft und entwertet wird. Kein Ausdrucken, kein Anstehen. FÜR KINOBETREIBER kinoheld gibt Ihnen die Möglichkeit Tickets in Zukunft effizient Online & Mobil zu verkaufen. Und zwar völlig kostenlos. Die ideale Ergänzung zum Eigenvertrieb. Egal ob München, Berlin oder Hamburg: Auf kinoheld.de sprechen Sie Ihre Kunden gezielt an und ermöglichen Ihnen Ticketbuchungen in unter einer Minute. Mit kinoheld gestalten Sie einen Kinobesuch schon im Vorfeld so angenehm wie möglich und senken die Eintrittsschwelle für Ihre Kunden. Technische Entwicklung, Design, Online-Marketing, Mobile-Marketing, Zahlungsabwicklung und Kundenansprache - nutzen Sie die langjährige Erfahrung des kinoheld Teams. Bereits heute arbeiten wir mit allen namhaften Kassensystemanbietern zusammen. Gerne erklären wir Ihnen persönlich wie Sie in Zukunft mit kinoheld mehr Kinotickets verkaufen. So einfach ist Kino heute!",Germany,5.736376,,,
ServusPhone,510211.0,"Germany, Bavaria, Munich, 29 Atelierstr.",https://www.linkedin.com/company/servusphone,servusphone.de,"Als App auf deinem Handy, jederzeit, überall. Ohne SIM-Karte. Ohne Verpflichtung. Einrichtung in Sekunden.",Germany,0.510211,,,
Evorizon,1585583.0,Germany,https://www.linkedin.com/company/evorizon,www.evorizon.de,"Evorizon, der Vertrieb mit den besten zukunftsorientierten Produkten und entsprechenden High Ticket Provisionen !",Germany,1.585583,,,
Map Of Architecture - Die Onlinekarte Für Architektur,1041722.0,"Germany, Hamburg, Oberstraße",https://www.linkedin.com/company/map-of-architecture,www.mapofarchitecture.com,"Die Plattform „Map of Architecture“ bietet die Möglichkeit, Bauprojekte auf Basis standortbasierter Daten in einer interaktiven Karte zu erfassen – direkt vor Ort. Nicht über einen QR-Code oder Schild am Bauwerk, sondern auf Basis von Geo-Daten.  Diese digitale Technik vernetzt das Gebäude mit dem Architekturbüro und anderen am Bau beteiligten Unternehmen. So können kleine wie auch große Büros ihre Projekte effizient und nachhaltig digital kommunizieren, was die Vermittlung der eigenen Arbeiten bezüglich Presse, Politik, Verwaltung und der Tourismusbranche vereinfacht.  Ein Projekteintrag ist dabei wie ein „digitales Bauschild“ angelegt mit über 50 verschiedenen möglichen Angaben zu einem Bauwerk. Dazu gehören beispielsweise der Büro-Name, die Nutzungskategorien, das Fertigstellungsjahr, BGF, Leistungsphasen und ein Text, in dem das Projekt genauer beschrieben werden kann. Welche dieser Angaben dort eingetragen werden, ist nicht vorgegeben.  Im jedem Projekteintrag befindet sich beim Büro-Namen ein Link, der zur Website des Unternehmens führt. Dadurch wird eine direkte und digitale Verbindung zu ihrer Website hergestellt. Dieser sogenannte „Backlink“ verbessert gleichzeitig ihr Suchmaschinen-Ranking.  Mitgliedern von „Map of Architecture“ steht ein individualisierter Kartenausschnitt mit allen ihren Projekten zu Verfügung – eine einmalige digitale Werkschau. Diese Karte kann sowohl auf der eigenen Website eingebunden, als Link versendet oder anderweitig für die Vermarktung eingesetzt werden.",Germany,1.041722,,,
ParkForte Smart Parking Solutions For Smart Cities,1372554.0,"Germany, North Rhine-westphalia, Köln, Venloer Straße",https://www.linkedin.com/company/parkforte-carpark-management-&-parking-guidance-systems,www.parkforte.com,"PARKFORTE Parking Technology is a leading specialist in parking solutions: integrated, value added solutions for a lot of industry segments.  Our business thrives through providing better parking solutions. No matter if departing from a large&nbsp;international airport, or a smaller regional one For many companies, parking management means making sure the ticket machines are full and taking... Throughout the globe, HUB Parking Technology is supporting municipalities with parking management solutions that meet... PARKFORTE offers a complete solution for parking operators consisting of marketing channels, access systems, add-on integration, monitoring and reporting. Pay-on-foot system for large complex parking applications Pay and display parking meter Pay-on-foot 'thermal printer Automatic parking with transponder token Automatic parking with barcode ticket Simplified automatic parking Cloud-based solution Vehicle guidance system Range of accessories including bollards, turnstiles and signs The 'Tempo Enterprise' web software for the management of pay & display machines in a multi-city, multi-user environment on a client-server architecture value-added smart parking solutions Cloud ready, Web based Parking Management System, easy and user-friendly which allows you to manage multiple parking locations and different types of equipment",Germany,1.372554,,,
Product At Heart,1589731.0,"Germany, Hamburg, Hamburg, 8 Ritterstrasse, 22089",https://www.linkedin.com/company/productatheart,www.productatheart.com,A conference for curious product people. Next event: 24-26 June 2026 in Hamburg. Tickets on sale in October.,Germany,1.589731,,,
Restaurantfinder.de,5191349.0,"Germany, Saxony, Dresden, 34-38 Löbtauer Strasse, 01159",https://www.linkedin.com/company/restaurantfinder.de,www.restaurantfinder.de,"restaurantfinder.de - Die neue Suchmaschine für Bars, Cafes, Restaurants und mehr. Finde einfach und schnell dein Lieblingsrestaurant! Ganz einfach, grenze dein Gebiet mittels Stadt/PLZ und Umkreis ein. Nun bist du nur noch wenige Schritte von deinem Lieblingsrestaurant entfernt! Grenze weiter ein ob du eine Bar, in ein Brauhaus, Cafe, Eiscafe, Restaurant, Szene, Weinkeller oder doch lieber einen Biergarten angezeigt haben möchtest. Falls dir die Auswahl immernoch zu groß ist, wähle einfach die von dir gewünschte Kategorie, z.B.:Italienische Küche und schon bekommst du deine Favoriten angezeigt! Wenn dir dieser Weg nicht gefällt und du eher der etwas spezielles suchst, so zum Beispiel ein bestimmtets Gericht, dann nutze ganz einfach unsere Volltextsuche. Diese durchsucht für dich alle Speisekarten, Beschreibungen, Einträge, etc. und in sekundenschnelle kommst du an dein Ziel, dein Lieblingsrestaurant! In der Ergebnisübersicht erhälst du dann alle relevanten Details der Gastronomien (Name, Adresse, Bewertung,Bild, etc.) Diese Ergebnisliste kannst du natürlich nach deinen Wünschen sortieren (z.B. nach Name, Nach Bewertung etc.), einfacher geht es kaum. In der Detailansicht findest du dann alle Informationen zu dem Restaurant. Mehrere Bilder, eine ausführliche Beschreibung der Lokalität zu den Bereichen Küche, Ambiente, Events und mehr. Außerdem erhälst du noch einen Auszug aus der Speisekarte und natürlich eine Karte mit der Möglichkeit der Routenberechnung, um schnell zu diesem Restaurant zu gelangen. Diese Detailansicht wird ständig erweitert und neue Features warten auf euch! Reinschauen lohnt sich also jederzeit... Haben wir dich neugierig gemacht? Dann schau einfach auf www.restaurantfinder.de rein und reserviere deinen Tisch direkt in Echtzeit! Wir wünschen dir viel Spaß dabei und natürlich guten Appetit! Dein restaurantfinder.de Team!",Germany,5.191349,,,
Eventpage.ai,2378375.0,"Germany, Bavaria, Munich, 1 Franz-joseph Straße, 80801",https://www.linkedin.com/company/eventpage-ai,eventpage.ai,"eventpage.ai revolutionizes event organization with an AI-driven platform, allowing rapid creation of personalized event pages and automated marketing tools for seamless and effective event planning. Filling the gap left by Meta's & TikToks missing event features, eventpage.ai offers both B2C services for birthday parties or wedding pages, and B2B solutions for event and congress participant management.  Our comprehensive suite of features includes AI-generated event links and promotional materials, AI-based workflow organization, and enhanced community features to build and grow your community via WhatsApp integration. Additionally, our platform supports AI-driven campaign management, empowering national creative community activation campaigns with major brands like Allianz. #1 AI-Driven Community Engagement Platform Official Launch of App & Software: 🚀 Thursday, 04.07.2024, 19:00 Uhr  Hot: See our campaign module in action!🔥  The WG-Party Challenge SoSe24, in collaboration with Allianz, leverages eventpage.ai to engage Gen Z students through creative and diverse WG-Parties. This AI-driven platform simplifies event planning and community connection, allowing participants to create personalized party pages and integrate with WhatsApp. Compete in categories like Most Participants, Most Creative Concept, or Most Convincing Application for a chance to win all-inclusive party packages and festival tickets. This initiative fosters community engagement and showcases innovative AI tools to connect and inspire young people. www.partypage.ai/wg-party-challenge",Germany,2.378375,,,
Vystem,1935604.0,"Germany, Bavaria, Karlsfeld, 2 Dr-johann-heitzer Str., 85757",https://www.linkedin.com/company/isardigital-gmbh,isardigital.de,"Host your events, sessions, streams, guests & tickets with vystem and benefit from a GDPR & CI compliant environment & implementation for all your formats. Elevate your community experiences!",Germany,1.935604,,,
Value Rebels,3571477.0,"Germany, Bavaria, Munich",https://www.linkedin.com/company/valuerebels,www.valuerebels.com,"We’re here to shake up the European digital product world. At Value Rebels, we believe product management should be more than roadmaps and ticket grooming. We help product teams and leaders move beyond feature factories — toward clarity, alignment, and real business impact. Our mission is simple: equip organizations to create value faster — and build modern product orgs that last. We guide digital leaders through the messy middle: reorganizing teams, modernizing product ops, scaling leadership, and coaching PMs into outcome owners. From fast-growing scale-ups to corporate innovation teams, we bring structure, clarity, and energy to every stage of transformation. We’re boutique for a reason: no fluff. No layers. Just high-impact product expertise, shaped by real-life experience and battle-tested results. → Here’s how we help: ❓Struggling with capacity or expertise to move initiatives forward? We embed senior interim product leaders who roll up their sleeves and help your teams ship real value — fast. ❓Drowning in delivery but missing outcomes? We coach product teams and equip your leaders with modern ways of working — turning chaos into clarity. ❓Can’t find the right talent to lead your product org? We help you recruit your future Rebel — and make ourselves obsolete in the process. Curious if your org is set up to deliver real product value? 💡 Let’s talk — reach us at hello@valuerebels.com",Germany,3.571477,,,
RIDE Ticketing,1258668.0,"Germany, North Rhine-westphalia, Düsseldorf, 55 Oststraße, 40211",https://www.linkedin.com/company/ride-ticketing,ride-ticketing.de,"With RIDE, we are redefining ticketing in public transport. Our modular platform offers flexibility, scalability, and solutions that can overcome any challenge in public transport.",Germany,1.258668,,,
BotBrains,2378375.0,"Germany, North Rhine-westphalia, Königswinter, 62a Hartenbergstraße, 53639",https://www.linkedin.com/company/botbrains-io,www.botbrains.io,"botBrains builds AI capabilities for customer service. Deeply integrated into your systems, our customer facing AI chatbots are reputable stewards of your brand, awake around the clock to guide global customer bases.    We focus on service, that is support and sales. How can we help with sales / advisor? https://www.botbrains.io/ai-chatbot-sales How do we reduce ticket volume by 90%? https://www.botbrains.io/ai-chatbot-support Read more about recent developments and strategy in our blog https://www.botbrains.io/blog   Imprint: https://www.botbrains.io/imprint Privacy Policy: https://www.botbrains.io/privacy-policy",Germany,2.378375,,,
EVIDENTA GmbH,1041722.0,"Germany, North Rhine-westphalia, Odenthal, 16 Am Sonnenberg, 51519",https://www.linkedin.com/company/evidenta-gmbh,www.evidenta.de,"Innovative IT system house with three special advantages: > Perfected early warning system prevents 80% of all incidents > Data protection requirements & certifications manage smoothly > Immediate support - 24/7  No tickets, no misunderstandings EVIDENTA is the experienced and reliable partner  on the dynamic race track of digital transformation.",Germany,1.041722,,,
Eventbuddy,1476308.0,"Germany, North Rhine-westphalia, Witten, 67 Parkweg, 58453",https://www.linkedin.com/company/eventbuddy,eventbuddy.de,"Eventbuddy ist Ihr Partner für innovatives Ticketing- und Besuchermanagement. Unsere 360°-Lösung kombiniert leistungsstarke Software mit moderner Hardware wie Drehkreuzen, Self-Service-Kiosken und mobilen Scannern. Ergänzend bieten wir die Tageskasse 2.0: das beliebte Boxoffice als Eventbuddy-Kassensystem, TSE-konform und nach KassenSichV. Damit ermöglichen wir nahtlose Integration von Online- und Vor-Ort-Verkäufen, effiziente Prozesse und ein erstklassiges Erlebnis für Besucher. Eventbuddy – entwickelt in Deutschland, DSGVO-konform und umweltfreundlich betrieben - Einfach Tickets verkaufen.",Germany,1.476308,,,
LMS Sport GmbH,8673587.0,"Germany, North Rhine-westphalia, Duisburg, 4 König-friedrich-wilhelm-str., 47119",https://www.linkedin.com/company/lms-sport-gmbh,www.lms-sport.de,"Das Duisburger Unternehmen LMS Sport berät Sie in allen relevanten Bereichen der Organisationsleitung und -durchführung. Mit unserer eigenen, individuellen Softwarelösung, die zusammen mit unseren Partnern entwickelt wurde, sind wir Innovationsführer in den Bereichen webbasierter Mitgliedersysteme für Banken, Versicherungen und Verbände sowie im Bereich von webbasierten ERP-Systemen inkl. E-Commerce-Plattformen für den Profisport, Freizeiteinrichtungen und Veranstaltungsunternehmen. Grundsätzlich liefert LMS Sport Ihnen immer eine individuelle, strategische Lösungen für die Bereiche CRM, Ticketing, Merchandising/Warenwirtschaft, E-Commerce, Mitgliedermanagement, Sales, Access, Point of Sale und Finanzbuchhaltung. Jahrelange Erfahrung mit Sport-Organisation aller Ligen und vieler Disziplinen ermöglichen eine strikt erfolgsorientierte Beratung. Operative und strategische Herausforderungen werden in enger Kooperation gemeistert. LMS Sport ist in jeder Teamkonstellation ein verlässlicher Partner. Flexibel, agil und strikt erfolgsorientiert, umfasst das Leistungsspektrum mehr als klassischen Service und zuverlässige Produkte.",Germany,8.673587,,,
Netlands Edv Consulting GmbH,1041722.0,"Germany, Bavaria, Schweinfurt, 15 Londonstraße, 97424",https://www.linkedin.com/company/netlands-edv-consulting-gmbh,netlands.de,"Die netlands edv consulting GmbH ist Software- und Systemhaus mit Sitz im unterfränkischen Schweinfurt, Bayern. Wir sind Partner für den Mittelstand im Bereich IT-Services, Softwareentwicklung und Web.  Netzwerktechnik: Unser Geschäftsbereich Netzwerk ist externe IT Abteilung für kleine und mittlere Unternehmen. Neben Beschaffung von IKT-Equipment, schaffen und betreuen wir IT-Systeme bei unseren Kunden. Ein Auszug unserer Leistungen: Server- und Clientbetreuung, Hard- und Softwarebeschaffung, Netzwerktechnik, Firewall und Security, Telefonanlagen, ERP-System und POS Softwareentwicklung: Wir entwickeln Software und Apps nach Kundenwunsch. Neben Indivisualsoftware haben wir ein eigenes Produktportfolio als Hersteller: * regy.me: E-Ticketing Software, Buchungssystem, Eventmanagementsystem * e:con eCommerce Connector: Schnittstellensystem und PIM vom ERP zu Online und Marktplätzen * nl:projekt: Projektzeitdokumentation, Zeiterfasssung & mehr * Bewerbermanager: leistungsfähiges OnPrem Bewerbermanagementsystem Web: Wir erstellen anspruchsvolle Websites und Onlineshops für den Mittelstand. Immer dann wenn es auch teschnisch etwas aufwändiger wird sind wir besonders gefragt. netlands edv consulting GmbH is an information technology and services company based in Schweinfurt, Bavaria, Germany",Germany,1.041722,,,
OMCap,4117662.0,"Germany, Berlin, Berlin, 39-40 Paul-lincke-ufer, 10999",https://www.linkedin.com/company/omcap,www.omcap.de,"Do not miss the 8th OMCap in Berlin on 18th & 19th October 2017!  Hurry and get your hands on our Early Bird Tickets.  “What is coming, what remains and how to implement the latest trends and developments in online marketing”; this is the motto for this year’s OMCap. Having started in 2010 as a networking party, after joining the famous SES Conference & Expo, the OMCap is now one of the best online marketing conferences.  More than just a conference - with its wide range of sessions and topics this conference is just as diverse as our capital city Berlin. With its large amount of captivating sessions and specialist discussions, participation at OMCap serves the purpose of providing new insights as well as questioning already existing knowledge. Experts in their respective fields share the latest best practices and tricks in online marketing.  All this and more is on offer at the Berlin conference OMCap 2017. Across two different venues there will be fascinating lectures, stimulating podium discussions, as well as of course top class speakers from Germany and abroad. Alongside this, the OMCap also offers a fantastic seminar selection.  18.10.2017 - Online marketing seminars 19.10.2017 - Online marketing conference & Get Together The day conference is also accompanied by interesting fringe events and entertainment. This is then followed in the evening by the official OMCap 2017 Get Together with drinks and networking.  Information on the conference programme of events can be found here: http://www.omcap.de/de/omcap-2017/konferenz/  Anyone wishing to attend the four intensive seminars on the previous day can find more information here: http://www.omcap.de/de/omcap-2017/seminar/  Want to guarantee that you’ll be at the OMCap2017? Reserve your ticket right away! ---------------------------------------- Vorhang auf für die 8. OMCap am 18. und 19. Oktober 2017!  Aktuelles Know-how, Wissensaustausch und weitreichende Vernetzung bilden die Basis dafür, die neuen Herausforderungen der schnelllebigen Online-Marketing-Branche erfolgreich zu meistern. All dies bieten wir dir auf der OMCap-Konferenz 2017 in Berlin. In zwei parallelen Tracks warten spannende Fachvorträge, anregende Podiumsdiskussionen und auch englische Beiträge von und mit hochkarätigen Speakern aus dem In- und Ausland auf dich. Ergänzend dazu bietet dir die OMCap ein fantastisches Seminarangebot. 18.10.2017 – Online-Marketing-Seminare 19.10.2017 – Online-Marketing-Konferenz & Get-together Die Tageskonferenz wird von einem attraktiven Rahmenprogramm und Unterhaltungsspecials begleitet. Am Abend folgt das offizielle Get-together – das bedeutet: Drinks und Networking auf der OMCap 2017. Infos zu unserem Konferenzprogramm findest du hier:  http://www.omcap.de/de/omcap-2017/konferenz/ Wer bereits am Vortag eines unserer 4 Intensivseminare besuchen möchte, erhält hier weitere Informationen zu unserem Seminarangebot:  http://www.omcap.de/de/omcap-2017/seminar/ Du willst die OMCap 2017 auf gar keinen Fall verpassen? Dann sichere dir jetzt schnell ein Ticket!",Germany,4.117662,,,
Profundus Solutions GmbH,1585583.0,"Germany, Hamburg, Hamburg",https://www.linkedin.com/company/profundus-solutions-gmbh,profundus-solutions.de,"Die Profundus Solutions GmbH realisiert seit mehr als 10 Jahren Entwicklungs-, Consulting- und Schulungsleistungen für Kunden aus unterschiedlichen Branchen in Deutschland, Europa, Asien und den USA. Im Mittelpunkt steht dabei immer unsere Kernkompetenz: das fundierte Wissen über die automatisierte Verarbeitung von Daten in Publishing- und Druckprozessen. Wenn Sie Software mehrerer Hersteller in einen durchgängigen automatischen Arbeitsablauf integrieren wollen, dann sind wir der richtige Partner für Sie. Zu den zahlreichen erfolgreich umgesetzten Lösungen gehören dabei u. a. Veranstalter-Apps für Ticketing-Plattform, webgestützte Datenerfassungsplattformen (Fin-Tech) und Content-Marktplätze für Verlage und Unternehmen, Prozessautomatisierung zwischen Webshop und Druckmaschine (Online-Druckerei USA).",Germany,1.585583,,,
KAPRION Technologies GmbH,6632743.0,"Germany, Saxony, Dresden, 65 Gostritzer Straße, 01217",https://www.linkedin.com/company/kaprion-technologies,www.kaprion.de,"KAPRION is a specialist in the automation of cooperative business processes. With our KAPRIS platform, we connect business processes of cooperating companies in the processing of electronic tickets. KAPRIS has its own process engine with which business processes can be graphically modelled and executed. It is supported by a message routing system that transports, adapts and temporarily stores messages between the connected third-party systems and the process engine. As a ""software-as-a-service"" provider, we take care of the provision and operation of servers, the backup of data, the monitoring of operations and the maintenance of the software. The development and integration of customer-specific adapter services, process services and application services are naturally also part of our services. KAPRIS has already been used for many years by the transport associations Berlin-Brandenburg (VBB), Greater Nuremberg (VGN), Upper Elbe (VVO) and Upper Lusatia-Lower Silesia (ZVON). KAPRION conducts research. Together with our partners at the Dresden University of Applied Sciences (HTWD), the Mittweida University of Applied Sciences (HSMW) and many other partners, we are working on the development of secure digital identities based on Verifiable Credentials and secure hardware modules. (https://www.digitale-technologien.de/DT/Navigation/DE/ProgrammeProjekte/AktuelleTechnologieprogramme/Sichere_Digitale_Identitaeten/Projekte_Umsetzungsphase/IDideal/IDideal.html) Interested? Get in touch with us: www.kaprion.de",Germany,6.632743,,,
Giant Monkey GmbH,11328012.0,"Germany, Berlin, Berlin, 39 Brunnenstraße, 10115",https://www.linkedin.com/company/giant-monkey-gmbh,www.giantmonkey.de,Wir entwicklen Software für Unternehmen.  Unser Zugpferd go~mus ist in über 150 Museen in Deutschland im Einsatz und wird für den Verkauf von über 4 Mio. Tickets jährlich eingesetzt.,Germany,11.328012,,,
DIGITAL FUTUREcongress,1830072.0,"Germany, Hesse, Darmstadt, 19 Otto-hesse Straße, 64293",https://www.linkedin.com/company/digital-futurecongress,www.digital-futurecongress.de,"🚀 DIGITAL FUTUREcongress virtual (DFC) – Die Online-Kongressmesse für Business-Digitalisierung! 🌐 Unsere Veranstaltung richtet sich an CEOs sowie die 1. und 2. Führungsebene mittelständischer Unternehmen. #KMU Als interaktive, 100 % DSGVO-konforme Austausch- und Informationsplattform bietet der DFC ein vielfältiges Webkonferenz-Programm mit inspirierenden Keynotes, praxisorientierten Vorträgen und Workshops zu den folgenden Themenschwerpunkten: - Digitalisierung & Transformation 💡 - Online-Marketing & Sales 📈 - Prozessoptimierung & Kommunikation 🔄 - New Work / Recruiting 👥 - Cyber Security & Datensicherheit / IT-Recht 🔐 Unsere Live-Beiträge zeigen die Potenziale und Möglichkeiten digitaler Trends wie KI, Cloud, IoT, Robotik u.v.m. auf, um Unternehmen bei ihren Arbeitsabläufen, im Management und in der Personalorganisation automatisiert und effektiv zu unterstützen. Die Veranstaltung ist für alle Besucher komplett kostenfrei! Parallel zu den Keynotes, Vorträgen und Workshops können sich unsere Besucher auf den virtuellen Messeständen umsehen und sich durch Dokumente, Videos, Podcasts und Links über verschiedene Unternehmen und Themenbereiche im Detail informieren. 🗣Zusätzlich können Besucher per Live-Video-Chat mit den Unternehmen in Kontakt treten und sich beraten lassen. Natürlich ist auch aktives Networking auf unserer Plattform möglich. 📅 Nächste Termine: - Digital FutureCongress virtual🚀:   19. & 20. März 2025   Kostenfreie Tickets unter:  https://portal.silicon-valley-europe.com/#Task61Place::::147:::/  - Digital FutureCongres Special “Cyber Security, Datenschutz und     NIS2”Summit:    09. Oktober 2025    Kostenfreie Tickets und Programm unter:  https://portal.silicon-valley-europe.com/#Task61Place::::215:::/  - Digital FutureCongress Special  “KI - Künstliche Intelligenz”:    26. Februar 2025    Kostenfreie Tickets unter: https://portal.silicon-valley-europe.com/#Task61Place::::125:::/",Germany,1.830072,,,
Blubito,5498804.0,"Germany, Hamburg, Hamburg",https://www.linkedin.com/company/blubito-ag,www.blubito.com,"Nearshore software teams that take responsibility for delivery, not just add extra hands. We operate our own delivery center with more than 120 German-speaking software specialists who work as an extension of your in-house team. They structure projects clearly, take ownership of outcomes, and follow work through to completion. Our model brings together German-speaking developers, proven delivery expertise, and leadership with deep enterprise experience. It is built on a simple belief: teams must be led by architecture, not staffing decisions; work must be owned end-to-end, not executed as isolated tickets; and communication must be clear and frictionless in order to deliver predictable results. The outcome is in-house quality and full delivery accountability – with the efficiency of Nearshore and up to 60% cost savings.",Germany,5.498804,,,
Agile Testing Days Open Air,792791.0,"Germany, Bern, Berlin, 35 Kleiststraße, 10787",https://www.linkedin.com/company/agiletd-open-air,openair.agiletestingdays.com,"The Agile Testing Days Open Air Conference is a brand new format that combines the cozy feeling of a warm summer festival with the highest value of knowledge for people involved in the QA and testing of business IT systems, as well as embedded systems focusing on the exchange of experiences, new trends, and methods. We cannot wait to welcome you to our beautiful event location, the Blackfoot Beach in Cologne. All sessions and Workshops will take place under sheltered tents, so you don't need to fear a sunburn while you participate.  You can expect 3 keynotes, 16 talks and 8 workshops as well as the usual AgileTD carefree package. This includes snacks, lunch, dinner, beverages, drinks and bonus sessions, like running, yoga, open spaces and an entertaining evening program. On top there is a morning, afternoon and night shuttle to bring you home to your hotel safe and sound. Your 2-day AgileTD Open Air ticket also includes the Kick-off evening on May 17, 2022.",Germany,0.792791,,,
ZEALTECH GmbH,3061266.0,"Germany, Bavaria, Munich",https://www.linkedin.com/company/zealtech,www.zealtech.de,"ZEALTECH builds secure, automated, and scalable Microsoft 365 and Intune environments that eliminate the constant firefighting so many IT teams are stuck in. Instead of ticket-driven operations, we deliver a modern IT architecture - stable, standardized, and governed - so organizations can focus on their actual business, not IT chaos. With our framework for Security, Intune, Governance, and Automation, we turn Microsoft 365 into a true business enabler: predictable, resilient, and built to scale.",Germany,3.061266,,,
PAPAGENA Projects GmbH,1020422.0,"Germany, Hamburg, Hamburg, 28 2nd Floor Normannenweg, 20537",https://www.linkedin.com/company/papagena-projects-gmbh,www.papagena-projects.de,"PAPAGENA Projects GmbH is your specialist for innovations and solutions in cashless electronic payments. Since 1995, we have been developing needs-based IT products and services for our customers in the areas of payment, prepaid and ticketing.",Germany,1.020422,,,
Amepheas AG,2785438.0,"Germany, Berlin, Berlin, 179/180 Uhlandstraße, 10623",https://www.linkedin.com/company/amepheas-ag,www.amepheas.com,"Unsere Mission ist es, eine Komplettlösung für Kultureinrichtungen anzubieten, die Vertriebs- und Marketingwege für den gesamten Bereich der Besucherservices zeitgemäß umsetzt. Die Digitalisierung ist in unserem Alltag und jedem Lebensbereich angekommen:   Wir recherchieren nach Angeboten, bestellen Lebensmittel, buchen unsere Reisen online und unterwegs. Wir sind hohe Standards gewöhnt, da sich die Technologien rasant weiterentwickeln. Diese Standards erwarten wir auch, wenn wir Tickets für die nächste Ausstellung buchen oder den neusten Ausstellungskatalog kaufen. Die gängigen Softwarelösungen für das Besuchermanagement bleiben jedoch viel zu oft hinter diesen Erwartungen zurück. Mit amepheas haben wir deswegen unsere bewährte Besuchermanagement-Software rund um das Thema E-Commerce für  kulturelle Institutionen neu aufgestellt.  Entlang der Anforderungen von Kultureinrichtungen ermöglichen wir zeitgemäße individualisierbare Multichannel-Buchungs- und Kaufprozesse für alle Besucher*innen: Flexibel, leistungsstark und 360° benutzerorientiert.  Wir bündeln in amepheas nicht nur technologische Expertise, sondern auch jahrelange Erfahrung im operativen Betrieb von hochfrequentierten Kultureinrichtungen. Wir kennen Betriebsabläufe und Geschäftsprozesse in jeder Verästelung und bringen deshalb den nötigen Respekt vor der Verschiedenartigkeit von Kultureinrichtungen in die Software-Entwicklung ein.  Deshalb ist ab sofort Schluss mit Workarounds und Kompromissen, amepheas unterstützt Sie maßgeschneidert genau da wo und genau wie Sie es benötigen.",Germany,2.785438,,,
Vivenu,64510038.0,"Germany, North Rhine-westphalia, Düsseldorf",https://www.linkedin.com/company/vivenu-gmbh,vivenu.com,"Vivenu is a leading technology provider in the global event ticketing industry, dedicated to transforming outdated ticketing systems through its innovative platform. The company offers a flexible and user-centric, API-driven solution that adapts to the branding, sales strategies, and business needs of event organizers. Founded with the mission to revolutionize ticketing, Vivenu empowers over 750 clients across more than 40 countries, including prestigious names such as the Grammy Awards and Stanford Athletics. Its vision is to redefine the ticketing experience by enhancing customer engagement and operational efficiency. Vivenu's robust platform supports a diverse range of events, from concerts and sports to festivals and cultural exhibitions, allowing clients to maintain full control over their ticketing processes and customer data. This capability ensures that event organizers can optimize their marketing efforts while preserving brand integrity. The company specializes in providing modular, scalable, and customizable ticketing solutions, catering to a wide array of clients in the entertainment and cultural sectors, including renowned organizations like Schalke 04 and the Digital Art Museum. With a commitment to simplicity, flexibility, and high standards, Vivenu aims to create seamless ticketing experiences that drive sustainable growth in the live event industry. By leveraging its cutting-edge technology, Vivenu helps organizers deliver exceptional experiences to their audiences, positioning itself as a vital partner in the evolving landscape of live events.",Germany,64.510038,,,
KIX Service Software,15167404.0,"Germany, Saxony, Chemnitz, 8 Schönherrstraße, 09113",https://www.linkedin.com/company/kix-service-software,www.kixdesk.com,"KIX Service Software develops and markets KIX, the leading open source service management solution. More than 400 customers from various industries already use KIX for their IT service management or technical customer service.   KIX is available flexibly as an on-premise or cloud solution. In addition to extensive and customisable basic functions (ticket system, asset management, self-service portal, knowledge and FAQ database, reporting, dashboards, etc.), KIX offers a wide range of extension options. Thus, professional field service management, automated device inventory, 15 ITIL® 4 practices, time recording and much more can also be implemented with KIX. As a full service provider, we support our customers in analysing their processes, in software implementation and with individual extensions. Comprehensive support services and a qualified training programme round off our offer. We are also involved in key industry associations such as the Open Source Business Alliance, BITKOM and itSMF. You can find more information at kixdesk.com.",Germany,15.167404,,,
CashDro Deutschland GmbH,510211.0,"Germany, Baden-württemberg, Mannheim, 27 Seilerstr., 68159",https://www.linkedin.com/company/cashdro-deutschland-gmbh,cash-dro.de,"CashDro ist ein professionelles Geldverarbeitungs-Terminal. Bequem und unkompliziert zahlt der Kunde hier seine Ware bar oder per Karte. Das Terminal kann in der Gastronomie und in vielen Ein-zelhandels- und Dienstleistungsunternehmen problemlos in bestehende Kassensysteme integriert werden. In Hotels, Restaurants oder Metzgereien muss eine Kasse hohen Hygiene-Anforderungen entspre-chen. Mit CashDro kommt der Verkäufer mit Bargeld nicht in Berührung, es bleibt stets hygienisch. Zudem ist das Kassensystem GoBD-konform, es erfüllt die Kriterien, die das Finanzamt an den Um-gang mit Unterlagen stellt. Hier stimmt die Kasse! CashDro sorgt dafür, dass keine Kassendiﬀerenzen mehr entstehen und die Produktivität gesteigert wird, da der Bezahlvorgang schneller und eigenständig abläuft. Es bleibt wertvolle Zeit, in der man sich persönlich um den Kunden kümmern kann. Das Geld ist immer sicher verschlossen und kann bei Bedarf über eine App gesteuert werden. Unsere Besonderheit: Den CashDro gibt es in vier verschiedenen Varianten für jeden Bedarf und er ist in allen Farben lieferbar.",Germany,0.510211,,,
Ypsilon.net ag,9764880.0,"Germany, Hesse, Frankfurt Am Main",https://www.linkedin.com/company/ypsilon-net-ag,payments.ypsilon.net,"Ypsilon.net ist seit 1994  ein führender Anbieter von Technologien und Inhalten für die Reisebranche. Die angebotenen Lösungen werden von Tausenden von Kunden weltweit genutzt und umfassen Low-Cost-Carrier, GDS- und NDC-Content-Distribution, B2C- und B2B-Internet-Booking-Engines, Kundenprofil-Anwendungen, Ticketing und Mid-Office-Software. Als PSC (Payment Service Connector) ist Ypsilon.net PCI DSS Level 1 und ISO 27001 zertifiziert und PSD2 konform. Ypsilon bietet PCI DSS/Kreditkartenverschlüsselungsdienste, PSD2/SCA-Dienste (starke Kundenauthentifizierung) sowie Betrugsprävention, die von Fluggesellschaften, OTAs und Reiseveranstaltern genutzt wird.",Germany,9.76488,,,
Oply GmbH,792791.0,"Germany, Berlin, Berlin, 9 Alexanderstraße, 10178",https://www.linkedin.com/company/oply,,"-- Am 27. Februar 2020 hat Oply seinen Betrieb eingestellt -- Über Oply Carsharing Oply ist dein Nachbar auf Rädern. Egal, ob man spontan ein Fahrzeug braucht oder es für eine längere Fahrt buchen möchte, ob für den Einkauf im Möbelhaus oder den Wochenendtrip: Mit aßgeschneiderten und transparenten Preismodellen sowie vier verschiedenen Fahrzeugkategorien steht in jeder Situation das Auto bereit, das man gerade benötigt – vom Kompaktwagen über das Familienauto bis zum Transporter. Oply sorgt dafür, dass Städter stets ein passendes Auto in ihrer Nachbarschaft zur Verfügung haben – ohne es selbst besitzen zu müssen. Oply ist eine Marke des Mobilitätsanbieters ExaMotive S.A. Vorteile auf einen Blick - Einfach: Die Registrierung erfolgt in nur 5 Minuten über die Oply-App. Wer mit Oply fährt, braucht weder eine Karte noch einen Autoschlüssel. Alle wesentlichen Funktionen werden über die App gesteuert - sogar das Öffnen und Starten funktioniert direkt mit einer Wischbewegung - ganz ohne zusätzliche Codes. - Flexibel: Oply bietet das passende Auto für jeden Anlass. Egal, ob Stadtauto, Familienwagen, Transporter oder Cabrio das geeignete Fahrzeug steht startbereit in der Nachbarschaft. - Zuverlässig: Spontan entschlossen oder lange im Voraus geplant - beides ist mit Oply möglich. Mit “PLAN”-Buchungen können Fahrzeuge bis zu sechs Monate im Voraus reserviert und bis zu 27 Tage angemietet werden. Für die spontanen Fahrten steht die Option “FLEX” zur Verfügung - einfach ein Auto 30 Minuten reservieren und losfahren, ohne einen Endzeitpunkt zu bestimmen. - Günstig: Der Preis für ein Oply beginnt bei 6 Euro pro Stunde oder 45 Euro pro Tag. Dabei ist alles inklusive, sogar Benzin (bis zu 150 km).",Germany,0.792791,,,
Vesputi GmbH,3660144.0,"Germany, Saxony, Leipzig, 7 Spinnereistraße, 04179",https://www.linkedin.com/company/vesputi,vesputi.com,"Mit der Mobilitybox hat Vesputi ein standardisiertes Portal entwickelt, das Verkehrsbetriebe mit national und international agierenden Unternehmen verbindet. Dieser Ansatz ermöglicht es Kund:innen von Hotels, Airlines, Eventveranstaltern u.v.m., ÖPNV-Tickets direkt und vollständig integriert in deren Apps zu erwerben. Verkehrsunternehmen profitieren davon, Nutzer:innen dort zu erreichen, wo sie digital unterwegs sind, und den passenden Use Case für nachhaltige Mobilität zu erschließen. Das klare Ziel: den ÖPNV stärken und ein nahtloses, nachhaltiges Mobilitätsökosystem vorantreiben. Interesse an den aktuellsten News aus der Mobilitätswelt? Whitepaper: https://www.vesputi.com/whitepaper/ Blog: https://www.vesputi.com/blog-2/ Podcast: https://mobilitaetsfunk.de/ Developer Portal: https://themobilitybox.com/",Germany,3.660144,,,
Zug-Erstattung.de,792791.0,Germany,https://www.linkedin.com/company/zug-erstattung-de,www.zug-erstattung.de,"The online solution: Get a refund for your train tickets if you have suffered a delay in Germany.  The current process demands a paper based request, and we'll take care of that. Users simply upload their tickets or a picture of the ticket with their smartphone, and we'll handle the rest. Eine einfache Lösung, um online eine Erstattung von Bahntickets zu erhalten. Der Nutzer macht ein Foto des Tickets mit seinem Smartphone oder lädt die Buchungsbestätigung hoch und füllt dann die Details ein, wir machen den Rest. Viel besser als die bisherige Lösung.",Germany,0.792791,,,
Smart Country Convention,4591899.0,"Germany, Berlin, Berlin, 2 Jafféstraße, 14055",https://www.linkedin.com/company/smartcountryconvention,smartcountry.berlin,"Mit mehr als 23.000 Teilnehmerinnen und Teilnehmern ist die Smart Country Convention (SCCON) das führende Event für den digitalen Staat und öffentliche Dienste. Als Impulsgeberin für die Zukunft der digitalen Verwaltung und intelligenter Städte ist die SCCON ein Muss für alle, die den digitalen Wandel aktiv vorantreiben. UNSER ZIEL Bei der SCCON dreht sich alles um die erfolgreiche Digitalisierung von Bund, Ländern und Kommunen. Spitzenvertretende aus Verwaltung, Politik und Wissenschaft, Pioniere und Pionierinnen der Digitalwirtschaft, Hidden Champions und lokale Branchenköpfe zeigen, wie sie die Herausforderungen der Digitalisierung bewältigen und geben nachhaltige Strategien direkt an die Hand. SCCON AUF EINEN BLICK Auf 7 Bühnen geben mehr als 800 nationale und internationale Speaker Expertise und Know-How zur digitalen Transformation im öffentlichen Raum weiter. Die kuratierte Expo mit jährlich mehr als 500 Partnern macht digitale Lösungen und Anwendungen für die Besucher und Besucherinnen erfahrbar – Digitalisierung zum Anfassen. In interaktiven Workshops und Seminaren tauchen Teilnehmende in zukunftsweisende Themen ein und bekommen digitales Fachwissen aus erster Hand. Networking-Areas und Satellite-Events bieten zahlreiche Touchpoints, um mit spannenden Persönlichkeiten aus Politik und Wirtschaft in den Austausch zu gehen.  Alle Infos und Tickets unter: https://www.smartcountry.berlin/ Datenschutz-Hinweise: www.bitkom-live.de/sites/default/files/DSE%20SCCON%20Social%20Media.pdf",Germany,4.591899,,,
Commumee - Simplifying Events,921287.0,"Germany, Bavaria, Munich, 15 Kaufingerstr., 80331",https://www.linkedin.com/company/commumee---simplifying-events,commumee.de,"Bringen Sie ihr Eventmanagement mit commumee auf das nächste Level. Als innovatives Münchner Start-Up bieten wir Ihnen mit unserer Cloudanwendung eine Eventmanagementsoftware mit herausragendem Funktionsumfang. Unter dem Motto „simplifying events“ unterstützt commumee Sie über den gesamten Prozess Ihres Events. Egal ob Ticketing und Marketing, die Verwaltung komplexer Inhalte wie Workshops und Konferenzen oder die komplette Eventlogistik und ein umfangreiches Reporting zur Evaluation ihres Events – commumee ist Ihre Eventzentrale.",Germany,0.921287,,,
VOffice GmbH,20408440.0,"Germany, Schleswig-holstein, Neustadt In Holstein",https://www.linkedin.com/company/vofficegmbh,www.v-office.com,"Wir digitalisieren Ferienvermietungen.  Mehr als 50 Experten aus allen Bereichen der Ferienvermietung arbeiten täglich für den Erfolg von mehr als 400 professionellen Agenturen und Vermietern aus Deutschland, Österreich und der Schweiz.  vOffice ist die sichere, flexible und unkomplizierte Lösung, mit der bereits über 50.000 Ferienunterkünfte erfolgreich verwaltet und vermietet werden. Entdecke die digitale Vielfalt der Ferienvermietung von morgen, wir unterstützen dich u.a. bei:  ・mehr Zeitersparnis durch die intelligente Buchungslösung, ・höherer Auslastung durch den Premium-Channelmanager, ・individuellen und buchungsstarken Websites, ・durch die smarte Eigentümer-/Gäste-App, ・bei der effizienten Team-/Personalplanung, inkl. Ticket-Management. Lasst euch von den Automatisierungsmöglichkeiten in vOffice begeistern, wie bereits über 2.500 User täglich. Spannende Jobs findest du unter: www.v-office.com/karriere/",Germany,20.40844,,,
Connfair GmbH,2142861.0,"Germany, Hesse, Weiterstadt, 15 Brunnenweg, 64331",https://www.linkedin.com/company/connfair-gmbh,www.connfair.com,"With a young and motivated team, the start-up Connfair is working on smart solutions for the digital management of fairs and conferences with the Connfair event platform. Ticketing and admission management can be elegantly managed with our software solution since 2018. At the beginning of 2019, we also applied for a patent for a compatible hardware solution, the access gate. With this, efficiency and flexibility of admission control are greatly increased. In the corona crisis we reacted quickly and developed solutions for automatic people counting and admission control. Our entry light as well as our counter app help event managers, administrations and supermarkets to survive the time of contact restrictions as successfully and healthy as possible. Our long-term vision is to develop an algorithm based on artificial intelligence. This is supposed to analyze large amounts of data in order to automatically identify successful event management strategies and transfer them to other events - from the choice of the location to the sending of invitations to the successful approach to visitors on site.  With the development of such an intelligent algorithm, the Connfair founders are ready to revolutionize the event industry, take on the competition with large tech companies and respond quickly and flexibly to challenges during and beyond the corona crisis.",Germany,2.142861,,,
Promotives GmbH,1830072.0,"Germany, Berlin, Berlin, 158 Storkower Straße, 10407",https://www.linkedin.com/company/promotives-gmbh,www.promotives.de,"Promotives will establish itself as the first service provider for autonomous valet parking (AVP). Key product is the AVP Control Hub. Additional key technologies are highly accurate 3D maps, occupancy prediction, and surveillance for safe AV operations. Autonomous Valet Parking (AVP) is a feature which will be provided by automakers and infrastructure operators soon. It gives the end customer the ability to maximize their convenience while parking their autonomous vehicles. The driver will just need to get off the vehicle at the entrance of the parking area, close the doors, and press a button. The virtual Valet will provide any other information needed to guide the vehicle through the parking area to its parking spot. In order to call the vehicle back the driver just needs a smart device, cell phone, ticket machine, or another mean. The future is with Promotives! So just connect up with us to be part of the future!",Germany,1.830072,,,
Regiothek,1830072.0,"Germany, Bavaria, Passau, 2 Ludwigstraße, 94032",https://www.linkedin.com/company/regiothek,www.regiothek.de,"Regionale Lebensmittelwirtschaft braucht mehr als Ideale. Sie braucht Systeme. Und diese entwickeln wir. Wir bei der Regiothek GmbH bauen digitale Werkzeuge für eine moderne, regionale Lebensmittelwirtschaft. Einfach nutzbar, zeitsparend, skalierbar. Unser Angebot: 🔍 Sichtbarkeit für regionale Wertschöpfung Mehr als 1500 Betriebe nutzen die Regiothek-Plattform. Mit interaktiver Karte, automatischer Datenverknüpfung, verlässlicher Reichweite und der Möglichkeit, Lieferketten offen darzustellen. Nutzerfreundlich, KI-gestützt und für alle Beteiligten verständlich. 🛒 Integrierter B2B-Marktplatz In mehreren Regionen aktiv: Gastro, Kantinen und Einzelhandel bestellen mit wenigen Klicks bei regionalen Betrieben. Die Ware wird gebündelt geliefert, auf Wunsch mit einer einzigen Monatsrechnung. Weitere Regionen sind im Aufbau. 🛠️ IT-Dienstleistungen und Projektpartnerschaften Als interdisziplinäres Team mit Erfahrung in Plattformentwicklung, Nahversorgung, datenbasierter Logistik und KI stehen wir auch als Dienstleister und Forschungspartner zur Verfügung. Unsere Vision: Ein digitales Netzwerk, das die Verfügbarkeit regionaler Lebensmittel so einfach wie möglich macht. Effizient und praxisnah für alle Beteiligten.",Germany,1.830072,,,
Curricul,636071.0,"Germany, Bavaria, Nürnberg, 35 Hahnenbalz, 90411",https://www.linkedin.com/company/curricul,curricul.de,"Durch das neue Fachkräfteeinwanderungsgesetz können Fachkräfte mit Berufsausbildung und Personen mit berufspraktischen Kenntnissen leichter nach Deutschland einwandern. Das am 7. Juli 2023 im Bundestag beschlossene Gesetz zur Weiterentwicklung der Fachkräfteeinwanderung wird ab 18. November 2023 schrittweise in Kraft treten. Es gibt neue Möglichkeiten mit der neu gestalteten Blauen Karte EU. Zudem gibt es neue Regelungen für die Aufenthaltserlaubnisse für Fachkräfte mit Berufsausbildung und Fachkräfte mit akademischer Ausbildung.  Falls Sie einen neuen Anfang in Deutschland suchen, kontaktieren Sie uns oder werfen Sie ein Blick in unserem Datenbank für offene Stellen auf unserer Webseite.",Germany,0.636071,,,
TalentOrange GmbH,31633082.0,"Germany, Hesse, Frankfurt Am Main",https://www.linkedin.com/company/capitalent-medical,www.capitalent-medical.com,"TalentOrange GmbH is a Frankfurt-based recruitment and educational provider specializing in connecting skilled nursing professionals from Chile with job opportunities in Germany. The company aims to address the significant shortage of healthcare workers in Germany by facilitating a comprehensive support process for these professionals, which includes covering language course fees, visa expenses, and flight tickets, as well as providing a scholarship during their training. TalentOrange collaborates with various healthcare institutions, such as the University Hospital of Cologne, to ensure that candidates are well-informed about the job market and the working conditions in Germany. The mission of TalentOrange is to empower international nursing professionals by offering them a pathway to successful careers in Germany, while also contributing to the improvement of healthcare services in the country. Through its initiatives, TalentOrange not only enhances the prospects of individual candidates but also strengthens the healthcare workforce in Germany.",Germany,31.633082,,,
Recardy - Smarte MA-Benefits,2069553.0,"Germany, Berlin, Berlin, 13 Französische Straße, 10117",https://www.linkedin.com/company/recardy,www.recardy.com,"2 Benefits auf 1 Karte!  Essenszuschuss + regionaler Sachbezug Überall einlösbar, wo Mastercard akzeptiert wird.  jährlich 2.000 € mehr Nettokaufkraft pro MA,  reduzieren Sie SV-Abgaben und Lohnsteuer + Rechtskonform & unbürokratisch: die einfachste Lösung, um alle rechtlichen Anforderungen an den Verpflegungszuschuss zu erfüllen + Einfach: keine unnötigen Tätigkeiten wie Beleg-Fotografien, Beleg-Kontrollen etc. ... und papiersparend! + Nachhaltig: mit Recardy-Gutschein stärken Sie die regionale Wirtschaft und die Gesundheit Ihrer Mitarbeiter + Kostengünstig: bereits für monatlich 3 € pro MA",Germany,2.069553,,,
Local Benefits GmbH,924434.0,"Germany, North Rhine-westphalia, Münster",https://www.linkedin.com/company/local-benefits-gmbh,www.local-benefits.de,"LOCALBENEFITS ist ein einzigartiges Angebot zur Mitarbeitermotivation und Standortförderung. Auf die LOCALBENEFITS Sachbezugskarte zahlen lokale Arbeitgeber ihren Mitarbeiter/innen monatlich bis zu 50€ komplett steuerfrei und ohne Aufwand aus. Mit der Karte kann in praktisch allen Geschäften, Tankstellen, Supermärkten, Restaurants, Cafés, Bäckereien,  Drogerien etc. in der Stadt/Region bezahlt werden.  So können Arbeitgeber ihren Angestellten Wertschätzung mit sehr hohem Wirkungsgrad zukommen lassen und zugleich den eigenen Standort aktiv fördern.",Germany,0.924434,,,
Retime GmbH,1108589.0,Germany,https://www.linkedin.com/company/retime-gmbh,www.retime.eu,"retime™ - managing the mobile workforce and teams. Vision: creating the digital paperless real time company. Features: time, place and project tracking, location tracking, order management, ticketing, payroll data, reports, instant messages and digital ID. Industries: Maintenance, construction, personnel leasing, facility management,  eventmanagement, and home care,  You have real time information on all employees at any given moment. With retime you create the digital paperless real time company retime™ is part of Axel Springer Plug and Play Berlin.Die retime GmbH ist ein international tätiges Unternehmen das Kompetenzen aus Informationstechnik und Personalwesen vereint. Mit Hilfe der retime - Anwendung lassen sich mobile Mitarbeiter verwalten. Mit retime planen, erfassen und rechnen Sie Arbeitszeit ab  - genau so wie die Projektzeiten und Arbeitsorte Ihrer Mitarbeiter. Mit einem digitalen Ausweis, Sofort-Nachrichten und einer Performance-Analyse decken Sie alle Prozesse im Personalmanagement ab. Zielgruppen: Wartung EE, Bau, Montage, Transport, Logistik, Facility Management, Pflege , Sicherheit, Ausbildung & Schulen, Touristik, Event Management, Lieferservices",Germany,1.108589,,,
Recruitingticket.de,1108589.0,"Germany, Brandenburg, Potsdam",https://www.linkedin.com/company/recruitingticket,www.recruitingticket.de,"Sie legen sowohl Wert auf starken Content, der von vielen Bewerbern gezielt gesucht, gefunden und auf den Plattformen möglichst effizient platziert wird, als auch auf die professionelle Darstellung Ihrer Marke❓ Sie möchten sich nicht mit mehr als 100 Portalen und Dienstleistungen sowie deren Funktionen und Preis-/ Leistungspaketen beschäftigen, trotzdem einen reichweitenstarken Auftritt haben❓ Auch wenn Sie nicht jedem Bewerber ein Angebot machen können, möchten Sie sich ein positives Image aufbauen und auch beibehalten❓ Sie wollen Bewerber auf Knopfdruck suchen und einen effektiven Prozess im Rücken haben, der Ihnen und Ihren neuen Bewerbern Zeit und Arbeit abnimmt ❓ Von der Erstellung performancestarker Stellenanzeigen über die Definition der stärksten Recruitingkanäle bis hin zu Employer Branding und Feel Good Komponenten begleiten wir Unternehmen auf dem Weg zu attraktiven Arbeitgebermarken - per Knopfdruck👌  ▬▬▬▬▬▬▬▬▬▬▬▬▬▬▬▬▬▬▬▬▬▬▬▬▬▬▬▬▬▬▬▬▬▬ So funktionierts: Budget bestimmen, Ticket wählen und maßgeschneiderte Recruitinglösungen erhalten: TICKET 1: Klassische Direktsuche ab 20% Vermittlungshonorar ✔Diskrete Personalsuche ✔Screening + Interviewführung ✔Erfolgsbasiertes Modell TICKET 2: Bausteinsystem KOSTENFREI im ersten Monat 🔥 ✔Gespiegelte Karriereseite ✔Zusatzservices für mehr Performance ✔Unbegrenzt viele Bewerber TICKET 3: Interimsmanagement ab 120€ pro Stunde ✔Beratung Inhouse/ Remote ✔Operativ + Strategisch ✔Individuelle Projektgestaltung Sie haben noch Fragen? Wir sehen uns als Ihren Sparringspartner. Deshalb ist es uns wichtig, dass wir zusammen im Austausch bleiben und alle aufkommenden Fragen klären - auch zu Beginn. Nutzen Sie noch heute den Kontakt zu uns und lassen Sie sich unverbindlich beraten. Wir freuen uns über Ihre Anfrage! ➡️ www.recruitingticket.de",Germany,1.108589,,,
Steffens Herrnmühle,1236155.0,"Germany, Bavaria, Alzenau In Unterfranken, 4 Herrnmühle, 63755",https://www.linkedin.com/company/steffens-herrnmühle,www.steffens-herrnmuehle.de,Online-Reservierungen nur bis 10 Personen möglich. Ab 10 Personen bieten wir Ihnen eine kleine Karte an oder sprechen ein Menü mit Ihnen ab.,Germany,1.236155,,,
Suitehotel Kavaliershaus Am Finckener See,629334.0,"Germany, Mecklenburg-vorpommern, Fincken, 12 Hofstr., 17209",https://www.linkedin.com/company/suitehotel-kavaliershaus-am-finckener-see,www.kavaliershaus-finckenersee.de,"Das Kavaliershaus - Suitehotel am Finckener See - ehemals Teil der Schlossanlage der Grafenfamilie von Blücher- liegt in einem paradiesischen Schlosspark mit  Naturdenkmälern inmitten der Mecklenburger Seenplatte. Das liebevoll restaurierte, historische Gutshaus aus dem 18. Jahrhundert verfügt über 12 modern eingerichtete  Zimmer/Suiten für 2 bis 6 Personen (25-120 m²) teilweise mit Schlafgalerien und Küchenzeilen. Zum eigenen Badestrand mit Bootsanleger sind es 100 m durch den großen Hotelpark, in dem sich auch ein Hundertjähriger Kletterbaum und eine Feuerstelle  befinden. Es gibt einen kleinen Wellnessbereich mit Sauna, ein Kinderspielhaus, eine Spielwiese mit Sandkasten, Tischtennis, eine Scheune mit offenem Kamin und  vorgelagerter Terrasse für Festessen und Veranstaltungen. Fahrradverleih, Parkplätze und WLAN sind kostenfrei, ein Ruderboot kann gemietet  und Angelkarten an der Reception erworben werden. In der nahegelegenen Schlosskapelle veranstalten die Festspiele Mecklenburg-Vorpommern  alljährlich ein Konzert in der Reihe "" Junge Elite"". Sie kann auch in Absprache mit dem Hotel und dem Bürgermeister für kirchliche Trauungen genutzt werden. Das Kavaliershaus - Suitehotel ist direkt am Finckener See gelegen.  Es ist 90 Autominuten von  Berlin, 60 von Rostock und 120 von Hamburg entfernt.  In der Umgebung befinden sich viele Rad- und Wanderwege und - besonders für Familien als Ausflugsziel geeignet - auch der Bärenwald Müritz bei Stuer:  Golfinteressierte erreichen  in 20 Minuten Entfernung den Golfclub Fleesensee. Im hauseigenen Restaurant ""Klassenzimmer"", auf der Aussenterrasse oder auf der Wiese können Sie täglich bis 11:00 Uhr ein reichhaltiges Frühstücksbuffet mit frischen Landprodukten einnehmen.  Von 12:00 bis 21:00 Uhr wird eine Karte mit ausgewählten Speisen und Getränken, Kaffee- und Teespezialitäten sowie hausgemachten Kuchen angeboten. http://www.kavaliershaus-finckenersee.de/impressum.htm",Germany,0.629334,,,
Postboutique Hotel Wuppertal,3146670.0,"Germany, North Rhine-westphalia, Wuppertal, 3 Platz Am Kolk, 42103",https://www.linkedin.com/company/postboutique-hotel-wuppertal,www.postboutiquehotel-wuppertal.de,"Die Frage, was unser Hotel in Wuppertal zu einem besonderen Ort macht, ist eigentlich ganz einfach zu beantworten: Das Postboutique Hotel Wuppertal liegt mitten im Zentrum der Stadt, ist persönlich und nah am Gast, hat den unvergleichlichen Stil der 20er Jahre und findet den perfekten Einklang aus Tradition und Moderne. Übernachten in Wuppertal war noch nie so schön – bis jetzt. Unsere Zimmer und Studios stehen Ihnen nicht nur mit eindrucksvollem Design und modernster Ausstattung, sondern auch mit jeder Menge Platz, teils 9 m2 großen Tageslichtbädern und Gemütlichkeit zum Entspannen, Träumen, Arbeiten, Schlafen und Leben zur Verfügung. Und damit Sie entspannt durch die Stadt kommen, gibt's bei uns ein kostenloses ÖPNV-Ticket inklusive Schwebebahn für die Dauer Ihres Aufenthalts oben drauf. Das Postboutique Hotel Wuppertal gehört zu den schönsten Art Deco Hotels der Stadt: Die Eleganz und der Glanz der 20er und 30er Jahre entfaltet seine Wirkung im Hotel durch das Interior Design auf besondere Weise: Dank einer einzigartigen, offenen Architektur und geschickt platzierten Einrichtungselementen wird der Gast in den Bann der goldenen Zeiten gezogen. Mit großer Aufmerksamkeit für das Detail und hochwertigen Rohmaterialien wie Holz und Metall wurde das „Look & Feel“ des Art Deco Hotels auf charakteristische Art und Weise vom Zeitgeist der Epoche mitbestimmt.",Germany,3.14667,,,
Gastronomia Cornelia Poletto,3776004.0,"Germany, Hamburg, Hamburg, 80 Eppendorfer Landstrasse, 20249",https://www.linkedin.com/company/gastronomia-cornelia-poletto,www.cornelia-poletto.de,"Benvenuti Liebe Gäste, liebe Freunde, ich begrüße Sie ganz herzlich auf meiner Webseite. Das CORNELIA POLETTO ist seit dem 1. Juni 2011 geöffnet und steht Ihnen von nun an auch online zur Verfügung. Seien Sie auch hier mein Gast und entdecken neben Bewährtem immer wieder Neues aus meinem kulinarischen Kosmos. Leben ist Veränderung. Mit meiner „Gastronomia“ habe ich mir einen lang gehegten Traum erfüllt: einen Feinkostladen mit angeschlossenem Restaurant. Familiär. Unkompliziert. Mit viel Kontakt zu den Gästen.  20 Jahre Sterneküche haben mich geprägt. Nach Schließung meines alten Restaurants, des POLETTO, verpflichte ich mich auch in Zukunft dem Kochen auf hohem Niveau mit erstklassigen Produkten. Mein Küchenteam aus Sternezeiten, meine „Sterntaler“, wie ich sie nenne, habe ich in mein neues Restaurant mitgenommen. Wir haben den Anspruch, den Besuch jeden Gastes zu einem ganz besonderen zu machen – ob er ein Menü genießt, das er sich aus der wechselnden Karte selbst zusammenstellen kann, einen Feierabendwein trinkt oder frische Zutaten für sein ganz privates Kocherlebnis einkauft. Fernab von Öffnungszeiten können Sie hier in den virtuellen Regalen meines Online-Shops stöbern.   Ihre Cornelia Poletto  301.338 qkm Italien passen tatsächlich auf 100 qm Eppendorf! Das CORNELIA POLETTO orientiert sich an der Idee der traditionellen, italienischen Gastronomia, einem Delikatessengeschäft mit der Möglichkeit zum Verweilen. Im Mittelpunkt steht die mediterrane italienische Küche – sowohl auf dem Herd als auch in den Regalen. Schmecken und schnuppern Sie sich durch unser Sortiment und die täglich wechselnde Karte. Die Speisen werden nach Cornelia Polettos persönlichem Küchen-Credo zubereitet: ""Wirklich gutes Essen kann nur aus wirklich guten Produkten entstehen"". Neben Klassikern werden Sie bei uns immer wieder Neues, Außergewöhnliches entdecken. Alles, was Sie sehen, können Sie auch mit nach Hause nehmen. Dazu gibt es Zubereitungstipps alla Poletto. Und falls Sie doch keine Lust haben, selber zu kochen, dann bleiben Sie einfach spontan da und lassen sich mit Pasta, Fisch oder dem besten halben Hühnchen der Stadt verwöhnen.  Cucina Cornelia Poletto Nur einen Messerwurf von meiner Eppendorfer Gastronomia entfernt finden Sie die „Cucina Cornelia Poletto“ – meine eigene Kochschule. Hier gebe ich regelmäßig Kochkurse zu den unterschiedlichsten kulinarischen Themengebieten. Sie haben keine Lust, selbst zu kochen? Kein Problem - beim „Chef’s Table“ bereiten mein Team und ich für Sie ein Vier-Gänge-Menü zu, während Sie den Abend in schöner Atmosphäre genießen. Natürlich dürfen Sie mir beim Kochen über die Schulter und in die Töpfe gucken. Dabei erkläre ich Ihnen gerne jeden Handgriff. Ich würde mich freuen, Sie bald in meiner Cucina begrüßen zu dürfen! Herzlichst, Ihre Cornelia Poletto",Germany,3.776004,,,
Les Clefs D'Or GERMANY,9512625.0,"Germany, Bavaria, Munich, 21/ug 14 Hochstraße, 81669",https://www.linkedin.com/company/lesclefsdorgermany,www.lcdg.org,"Welcome to “Die Goldenen Schlüssel” (The Golden Keys) – Germany’s only professional association of hotel concierges in the luxury hotel business. Numbering 180 active and 70 passive members, we live and work throughout the whole of Germany, pursuing our vocation: providing a cordial and, above all, very personal and competent service to national and international travellers. We see ourselves as hosts who are always in tune with the times. Whatever happens in our city – new bars and restaurants opening, the private grand opening of a store, the latest club events, exhibitions and concerts – we are always the first to hear about it. Meaning that we can provide exact information about the event and also get first choice when it comes to obtaining tickets. But that’s by far not everything we have to offer. It goes without saying that we can also charter a private aircraft in the space of a few hours, arrange for a luxury department store to open late in the evening, have letters delivered in person to the other end of the world or get hold of a really special handbag with that favourite label, despite actually no longer being available. Which almost sounds like a cross between James Bond and David Copperfield, don’t you think? No wonder we are constantly asked how we manage to do it – namely, make the impossible happen.  The answer is obvious: our network is our key to success. After all, “Die Goldenen Schlüssel” concierges are engaged in continuous exchange, providing advice and support to one another. Thanks to state-of-the-art communications, this can be done quickly and effectively. At the same time, we are committed to maintaining traditional virtues, always serving our guests and partners with sincerity, respect and honesty, which we consider the only way to establish long-term relations. In addition, we leverage the knowledge of each individual member, enabling us to improve our skills as a group and to identify new talents in our industry.   In a nutshell: “Die Goldenen Schlüssel” is a professional association of people who pursue the same aim, working hand in hand together. Namely, “In Service through Friendship”.",Germany,9.512625,,,
Weidenkantine,1643617.0,"Germany, Hamburg, Hamburg, Weidenallee, 20357",https://www.linkedin.com/company/weidenkantine,www.weidenkantine.de,"Wir sind die weidenkantine und versüßen dir liebend gerne deine Zeit in Hamburg.  Bei uns kannst du nicht nur leckeren Kaffee und selbstgebackenen Kuchen schnabulieren, sondern bekommst zum Mittag auch ehrliche, hausgemachte Speisen und am Wochenende ein Frühstück von dem du sonst nur träumst.  Wir lieben unsere nordische Ecke und alles was sie so zu bieten hat und beziehen deswegen unsere Produkte direkt aus der Region und achten dabei auf Nachhaltigkeit, Saisonalität und faire Preise für unsere Lieferanten. Aus diesen feinsten Zutaten kreiert Zora dann unsere Karte, jede Woche neu aber immer gesund und am liebsten vegetarisch oder vegan.  Wenn du uns mal besuchen möchtest, findest du uns in der Weidenallee, die wunderschöne Verbindungsstraße zwischen den Stadtteilen Sternschanze und Eimsbüttel.",Germany,1.643617,,,
Stadt-gut-Hotel Und Gasthof Goldener Adler,629334.0,"Germany, Baden-württemberg, Schwäbisch Hall, 11 Am Markt, 74523",https://www.linkedin.com/company/stadt-gut-hotel-und-gasthof-goldener-adler,www.hotelgoldeneradler.de,"Herzlich willkommen und grüß Gott im Gasthof Hotel Goldener Adler in Schwäbisch Hall! Ob Feiern, Hochzeiten oder Tagungen, ob Sie Ihren Urlaub oder Ferien bei uns verbringen oder die Freilichtspiele Schwäbisch Hall besuchen oder einfach nur Ihre Übernachtungen bei uns buchen, Sie können ganz bequem die Stadt erkunden, dass Hotel liegt sehr verkehrsgünstig in zentraler Lage, direkt am verkehrsberuhigten Marktplatz. Das 3-Sterne superior Stadt-gut- Hotel und Gasthof verfügt über 23 Gästezimmer. Auch als Grupppenhotel und Bushotel haben wir uns einen exzellenten Namen erarbeitet Der Goldene Adler garantiert Ihnen immer den besten Zimmer- Preis! Wenn Sie direkt über uns buchen (nicht über Fremdanbieter- oder Mittler).  Sie finden unsere Zimmerpreise irgendwo günstiger? Wir geben Ihnen diesen Preis!  Selbstverständlich sind W-Lan, Mineralwasser und frisches Obst auf Ihrem Zimmern für Sie kostenlos. Nach dem Frühstück bedienen Sie sich Gratis an unserer Coffee to Go Station und nehmen sich den frischen Kaffee mit auf die Hand. Gerne können Sie den Business Corner im öffentlichen Bereich des Hotels kostenfrei nutzen. Haustiere sind herzlichst willkommen. Das kompetente Hotel -Team bietet Ihnen gerne Room -Service und Weckdienst. Radio, Kabelanschluss und ein Tresor gehören zum Zimmerstandard. Ein Fön ist im Badezimmer selbstverständlich verfügbar. Zum hoteleigenen Restaurant gehört  eine Sommer- Terrasse die direkt zum Marktplatz gelegen ist.  Lassen Sie sich das Frühstück im ""Stadt-gut Hotel und Gasthof Goldener Adler"" schmecken! Die Bezahlung Ihrer Hotelrechnung erledigen Sie bequem und einfach per Visa, Diners Club, American Express, MasterCard/EuroCard!  Auch die EC-Karte wird im ""Stadt-gut- Hotel und Gasthof Goldener Adler"" akzeptiert. Wir freuen uns, Sie in unserem Haus willkommen zu heißen!",Germany,0.629334,,,
POLKA Bar & Restaurant,2517336.0,"Germany, Bavaria, Munich",https://www.linkedin.com/company/polka-bar-&-restaurant,www.polka-polka.de,"Bar & Restaurant am Pariser Platz Zwei Räume bieten bis zu 40 Sitzplätze und im Sommer eine ebenso große Freischankfläche direkt am Pariser Platz in Haidhausen. Stilvoll und doch unprätentiös, klar und doch gemütlich. Bayerische Wirtshaustische treffen auf Mid-Century Stühle treffen auf italienisches Flair der 60er Jahre. Die Polka Küche tanzt mit Ihren Zutaten. Sie stammen fast ausschließlich aus der Region, kommen von Produzenten, die wir persönlich kennen, denen wir vertrauen. Daher ist unsere Küche natürlich stark saisonal geprägt. Die Karte verändert sich ständig, wir legen Wert auf ein ausgeglichenes Verhältnis von Fleischgerichten und vegetarischen Speisen. Küchenchef Jacob Ebnet erfindet aus unseren hochqualitativen Produkten stets frische, unerhörte Speisen. Auch unsere Weinauswahl folgt unausgetretenen Pfaden und verhilft beispielsweise fränkischem Boxbeutel zu neuem Ruhm. Als Bier fließt bei uns frisches Augustiner Hell vom Fass.",Germany,2.517336,,,
Kurklinik Miramar,2867181.0,"Germany, Schleswig-holstein, Großenbrode, 5 Südstrand, 23775",https://www.linkedin.com/company/kurklinik-miramar,www.kurklinikmiramar.de,"Nur 50 Meter vom Ostseestrand in Großenbrode liegt die Kurklinik Miramar. Hier ermöglichen die Familien Jäcker und Effe mit ihrem Team von mehr als 90 Mitarbeiter*innen eine Wohlfühloase für die großen und kleinen Kurgäste als Vorsorgeklinik für Mutter/Vater-Kind-Kuren.  1970 fing die gemeinsame Reise mit der Familie Jäcker und dem damaligen Appart-Hotel-Miramar an. Kuren für Mütter oder Väter mit Kindern werden seit Juni 1990 durchgeführt. Die Geschäftsführung von heute steckte zwar noch in den Kinderschuhen, war aber trotz alledem bereits voll im Miramar-Geschehen involviert.   Nach über 30 Jahren hieß die Kurklinik im Sommer 2024 die 500. Kurgang willkommen. Grob geschätzt haben bis dahin über 20.000 Erwachsene und über 35.000 Kinder das Miramar besucht und neue Kraft für den Alltag getankt. „Ich persönlich bin mit dem Miramar aufgewachsen. Vom Kind zum Geschäftsführer einer Klinik mit über 90 Mitarbeitenden. Dass meine Eltern, Paul und Doris, damals den Mut hatten, auf die Karte Gesundheit zu setzen, war ein gewagter Entschluss, der sich aber, wie man heute sieht, ausgezahlt hat. Inzwischen ist die dritte Generation der Familie in die Führungsetage eingestiegen. Für all das die Verantwortung zu tragen und gemeinsam mit einem super Team dafür zu sorgen, dass das Miramar sicher in die Zukunft blicken kann, ist ein unbeschreiblich tolles Gefühl und erfüllt mich mit Stolz,“ ergänzt Peter Jäcker.",Germany,2.867181,,,
CareQR,529338.0,"Germany, Bavaria, Munich, 71 A Balanstraße, 81541",https://www.linkedin.com/company/care-qr,sqanit.com,"careQR – Die smarte Lösung für die stationäre Pflege Die Herausforderungen in der stationären Pflege sind enorm: Zeitdruck, Personalmangel und ineffiziente Prozesse führen dazu, dass Pflegekräfte oft nicht die nötige Zeit für die direkte Patientenversorgung haben. Genau hier setzt careQR an – mit einer innovativen, digitalen Lösung, die Pflegeprozesse revolutioniert. Was ist careQR? careQR ist eine intelligente Plattform, die mithilfe von QR-Codes, KI und einem smarten Ticketing-System die Kommunikation zwischen Patienten und Pflegepersonal optimiert. Patienten können Anfragen oder Bedürfnisse direkt über QR-Codes in ihrem Zimmer an das Pflegepersonal übermitteln. Dabei wird jede Anfrage als Ticket generiert, das automatisch an die passende Pflegekraft weitergeleitet wird – effizient, gezielt und ohne Umwege. Was macht careQR einzigartig? 	•	Echtzeit-Kommunikation: Pflegekräfte erhalten Anfragen direkt auf ihr mobiles Endgerät und können priorisieren, ohne jedes Mal vor Ort sein zu müssen. 	•	KI-Unterstützung: Häufige Fragen oder Anliegen der Patienten werden automatisch durch die KI beantwortet, wodurch Pflegekräfte entlastet werden. 	•	Intelligentes Ticketing-System: Aufgaben werden automatisch kategorisiert und direkt an die zuständige Pflegekraft weitergeleitet, wodurch Doppelarbeit und Missverständnisse vermieden werden. 	•	Effizientes Aufgabenmanagement: Pflegeprozesse werden smarter, schneller und effektiver gestaltet. Die Vorteile für Krankenhäuser: 	•	Zeitersparnis 	•	Kosteneffizienz 	•	Gezielte Ressourcenverteilung 	•	Höhere Patientenzufriedenheit Warum careQR? Im Vergleich zu herkömmlichen Lösungen, die oft nur die digitalen “Call Buttons” ersetzen, geht careQR einen Schritt weiter. Unsere Plattform kombiniert intelligente Kommunikation, KI und ein effektives Ticketing-System, um messbare Entlastung für Pflegekräfte und eine bessere Versorgung für Patienten zu schaffen. Lassen Sie uns gemeinsam die Pflege revolutionieren – mit careQR.",Germany,0.529338,,,
Dskrpt,928708.0,"Germany, Hamburg, Hamburg, 6 Jungiusstraße, 20355",https://www.linkedin.com/company/dskrpt,www.dskrpt.de,"Dskrpt macht innovative Lehre für Jura-Fakultäten und Lehrende mühelos.  Schon über 50 Professor:innen verfassen interaktive Lehrmaterialien in unserem intuitiven Editor. Primärquellen erkennt und verlinkt unsere KI automatisch, Quizzes und Videos lassen sich mit einem Klick einbetten und veröffentlichen und Versionierung erfolgt im Handumdrehen. Für Autor:innen ist dskrpt für immer kostenfrei. An über 10 Hochschulen wird dskrpt genutzt. Sie beschleunigen so die Innovationskraft ihrer Lehrenden und bieten diesen mit minimalem Personalaufwand eine zukunftsfähige Lehr- und Lernplattform – tailor made für juristische Inhalte. An der Bucerius Law School nutzen über 80 % der Kernlehrveranstaltungen dskrpt. Hochschulen können dskrpt für ihre Studierenden Lizensieren und so ihren Fokus auf Lehre im Wettbewerb um die besten Studierenden betonen. Dabei profitieren sie von einem attraktiven Rabattmodell für Campuslizenzen.  Studierenden bietet dskrpt die all in one-Lösung für das Jurastudium. Skripte und andere Lehrtexte ihrer Professor:innen, Fallbücher, Karteikarten, Note-Taking, Norm- und Urteilsdatenbank, Social Learning, KI-Unterstützung … wofür man sonst gleich 4 oder 5 Apps bräuchte, bietet dskrpt aus einer Hand. Und das beste: Alles ist miteinander vernetzt. So erstellen Studierende z.B. bei der Lektüre eines Skripts eine Karteikarte. Möchten sie später beim Lernen etwas nachlesen, führt sie ein Klick zurück zu der Stelle, an der die Karte erstellt wurde. So lässt sich die Entwicklung von Systemverständnis einfach fördern. Zum Launch kostet dskrpt für Studierende 4,99 € / Monat im Semester-Abo und für alle Interessierten gibt es einen vierwöchigen kostenfreien Testzeitraum.",Germany,0.928708,,,
Add Conference,237174.0,"Germany, Baden-württemberg, Stuttgart, 10 Nobelstraße, 70569",https://www.linkedin.com/company/add-conference,add-conference.de,"Die “add Conference” ist DAS FESTIVAL für kreative Köpfe. Sie findet jedes Jahr an der Hochschule der Medien in Stuttgart statt und wird von Studierenden der Studiengänge Werbung & Marktkommunikation (B.A.), Unternehmenskommunikation (M.A.) und Medienmanagement (M.A.) mit tatkräftiger Unterstützung aus dem Studiengang Audiovisuelle Medien (B.A. / M.A.) organisiert.  Mit brandaktuellen Themen der Werbe- und Kommunikationsbranche, inspirierenden Speakern und vielversprechenden Workshops geht die “add” in die 9. Runde.  Dieses Jahr steht alles unter dem Motto “addRENALINE”. In einer einzigartigen Atmosphäre habt ihr die Möglichkeit, frische Medienluft zu schnuppern und neue Kontakte zu knüpfen.  Für Verpflegung haben wir selbstverständlich gesorgt! 🍟  Ein add-Together voller Inspiration, Kreativität und Karrieremöglichkeiten erwartet euch. 👥  Wir sind “REaddY”! Ihr auch? Dann sichert euch ein Ticket und besucht die “add Conference” an der Hochschule der Medien, bei der junge Talente und Professionals zusammenfinden, um den Arbeitsmarkt neu zu gestalten! 🗓️ Wann? Freitag, 06.06.2024, ab 11 Uhr 📍Wo? An der Hochschule der Medien 🎟️Hier geht es zu den Tickets: https://add-conference.de/",Germany,0.237174,,,
MySports GmbH,3534115.0,"Germany, Hamburg, Hamburg, 6 Raboisen, 20095",https://www.linkedin.com/company/mysports-gmbh,www.mysports.com,"With MySports we provide sports enthusiasts and fitness facilities a digital booking portal as well as a workplace health promotion solution. More than 4.200 studios are currently listed on the booking portal. Within the MySports network day tickets, trainings, memberships and much more can be booked without a subscription. Furthermore, MySports offers efficient, transparent and successful corporate health promotion for companies. Rewards are activity based and allow for cost control for the company as well as additional motivation for employees.",Germany,3.534115,,,
Berlin Yoga Conference,951092.0,"Germany, Berlin, Berlin",https://www.linkedin.com/company/berlin-yoga-conference,berlinyogaconference.org,"Berlin Yoga Conference is an international yoga and mindfulness conference that brings together top quality experts for in-depth workshops, masterclasses, and discussions, with a goal to share knowledge, means and techniques to live a healthier and more enlightened life. Berlin Yoga Conference July 9-11 2021 is planned as a Hybrid event: with both physical event and digital event tickets available! For the physical event, our huge venue would allow us to host comfortably up to 500 people taking into the account all the social distancing and hygiene regulations. For the online stream, we’re engaging a professional streaming company to ensure top quality of the experience!",Germany,0.951092,,,
Scayan,4755460.0,"Germany, North Rhine-westphalia, Essen, 2 Markuspfad, 45133",https://www.linkedin.com/company/scayan,www.scayan.com,"Scayan macht Next Level BGM as-a-Service.  Mit Fokus auf Orientierung, Motivation, Wirkung. Stellen Sie sich vor: Als Unternehmen geben Sie allen  in Ihrem Team ein Ticket, um eine bessere eigene Gesundheits-Kompetenz aufzubauen – die lebenslänglich bleibt. Eine Kompetenz, die für immer bleibt.  Um damit jeden Tag mehr Entscheidungen pro Gesundheit zu treffen, als dagegen. Ganz einfach. Passend zum persönlichen Alltag. Ohne Fitness-Abos, Maßnahmenkatalog und Verbotsliste. Mit persönlichen Ansprechpartnern als kontinuierliche Begleiter, die ich immer alles fragen kann. Mit der „Happy Cells Plattform“ voller Infos, News & Fun. Und dem „5-Sterne-Check up“ mit den essentiellen Vital-Parametern zur Messung der Wirkung. 1x Startpunkt. Alle 12 Monate, was ich erreicht habe. Und für den Unternehmer: mit kumulierten KPIs zu Fehlzeiten, Produktivität und dem Gesundheitslevel des Teams. Alles DSGVO konform. Und das alles als ""Next Level BGM"" as-a-Service durch Scayan.",Germany,4.75546,,,
Fitfox GmbH,3804368.0,"Germany, Hamburg, Hamburg, 50 Am Sandtorkai",https://www.linkedin.com/company/www-fitfox-de,,"Fitfox is a marketplace for booking sport tickets, granting access to over 10.000 activities in Germany. Since launching its service in Hamburg, Fitfox offers pay-as-you-go passes for sport activities such as gyms, yoga classes, leisure centres and marathons in over 100 cities in Germany, including Berlin, Hamburg, Munich, Cologne, Stuttgart and Frankfurt. In 2018, SportScheck - Germany's largest sports retail company acquired Fitfox after investing in 2017.",Germany,3.804368,,,
Soma Personal Training & Regeneration Studio,1258668.0,"Germany, Hamburg, Hamburg, Ulmenstraße, 22299",https://www.linkedin.com/company/soma-personal-training-regeneration,www.soma-studio.de,"Herzlich willkommen bei Soma, Ihrem exklusiven Personal Training & Regeneration Studio im Herzen von Winterhude! Bei Soma erwartet Sie ein exklusives und privatsphäre-geschütztes Personal Training in persönlicher Atmosphäre mit einem speziell auf Sie abgestimmten Trainingskonzept. Durch unsere 30-Minuten Trainingseinheiten lässt sich das Training optimal in Ihren Alltag integrieren und ist dabei höchst effizient. Das Konzept wird durch ein gezieltes Ernährungscoaching und ergänzende Alltagstipps abgerundet. Ihre Vorteile im Überlick: Zeitsparend – Ihr  Training dauert 30 Minuten und ist so gut in den Alltag integrierbar.  Ob vor der Arbeit oder danach, in der Mittagspause oder zwischen zwei Meetings. Persönlich – Ihr  Training ist auf Ihre Ziele und Bedürfnisse ausgerichtet. Soma holt Sie auf dem Level ab, auf dem Sie sich gerade befinden und begleitet Sie auf dem Weg zu Ihrem Ziel. Effizient – Wir holen aus jeder Trainingseinheit das Maximale heraus. Ihr Training somit nicht nur effektiv, sondern Sie erreichen auch schneller ihr Ziel. Ganzheitlich - Durch die gezielte Begleitung und Motivation unterstütze ich Sie dabei, Ihre Balance zwischen Training, Ernährung und Regeneration zu schaffen. Privatsphäre geschützt – Ihr Training findet im Personal Training Studio immer in 1:1 Situation statt. So sind Sie vor Blicken und Ablenkung geschützt. Flexibel – Sie buchen sich eine für Sie passende Karte. Sie sind so flexibel, da Sie keine Mitgliedschaft eingehen und zahlen effektiv nur das was Sie auch nutzen. Motivierend - Durch eine gezielte Begleitung durch ein Online Coaching und praktische Alltagstipps begleite ich Sie über das Training hinaus. Buchen Sie sich gleich hier einen kostenlosen und unverbindlichen Termin: https://www.soma-studio.de/ Impressum: https://www.soma-studio.de/impressum/",Germany,1.258668,,,
AStA FH Aachen,2068776.0,"Germany, North Rhine-westphalia, Aachen, 58-62 Stephanstraße, 52064",https://www.linkedin.com/company/asta-fhaachen,www.asta.fh-aachen.org,"Der Allgemeine Studierendenausschuss vertritt die Studierendenschaft der FH Aachen auf Hochschul-, Landes- und Bundesebene. Der AStA ist als Teilkörperschaft des öffentlichen Rechts organisiert und wird vom Studierendenparlament gewählt. Zurzeit arbeiten ca. 25 Studierende in unserer Geschäftsstelle in Aachen. Die Mitarbeiter*innen des AStA sind in verschiedenen Bereichen tätig: Im Referat für Hochschulpolitik, Kultur und politische Bildung, Öffentlichkeitsarbeit, Kommunikation und IT, Finanzen sowie im Vorstand.  Über diese Bereiche werden den Studierenden vielfältige Beratungen angeboten. Etwa zur BAföG- und Studienfinanzierung, zum Studieren mit Kind oder Beeinträchtigung, die Hochschulwechselberatung und Prüfungsordnungsberatung. Auch bezüglich sonstiger Anliegen, können sich die Studierenden beim Allgemeinen Studierendenausschuss melden. Im besten Fall kann vor Ort weitergeholfen werden oder sie werden weitergeleitet.  Im Sekretariat wird den Studierenden außerdem weitergeholfen, wenn es sich um den Erhalt der ISIC-Karte, die Rechtsberatung oder den Verleih von Laptops handelt.  Da im AStA hauptsächlich Studierende arbeiten, ergeben sich gelegentlich neue Stellenangebote, wenn ein*e Mitarbeiter*in beispielsweise das Studium beendet hat. Auf unserem Profil erfahrt ihr stetig von neuen Stellenausschreibungen und könnt uns gerne bezüglich weiterer Fragen kontaktieren.",Germany,2.068776,,,
Moovia,3650717.0,"Germany, Baden-württemberg, Eutingen Im Gäu, 100 Rottweiler Straße, 72184",https://www.linkedin.com/company/moovia-home-theater-seating,moovia.de,"Welcome to Moovia – where every seat is a front-row ticket to luxury and innovation in home theater and media room furnishing.  Founded by Frank Dlugos in 2003, Moovia began as a provider of projection screens and personalized cinema accessories. Today, we're transforming home entertainment spaces across the globe, blending our German-engineered craftsmanship with modern innovation. At Moovia, 'bespoke' isn't just a buzzword; it's our promise to you: transcending the conventional choice of armrests or leather types. It's about handcrafting a fully customized viewing experience that's as unique as your imagination – from supersized seats to integrating cutting-edge technologies, including smart home integration, and even adapting our designs to the elegant curves of luxury yachts. We work to deliver a viewing experience that exceeds every expectation. Our range of luxury theater and media room seating is designed to cater to every taste and requirement, meticulously handcrafted and tailored down to the last stitch. But beyond the diverse shapes and sizes, our creations share a common thread – an unwavering commitment to craftsmanship, design, and German heritage. From the decks of yachts to the intimate corners of cozy home theaters, our chairs don't just fill a room; they steal the scene with their smart functionality and handcrafted elegance. Dive into the world of Moovia, where every seat tells a story of elegance, comfort, and unparalleled design.",Germany,3.650717,,,
AddedVal.io - Business Angels Finden,1249344.0,"Germany, Berlin, Berlin, 8 Bernkasteler Str., 13088",https://www.linkedin.com/company/addedvalio,www.addedval.io,"Fundraising ist ab jetzt keine Glückssache mehr! Als (Pre-Seed) Startup bekommst du Zugang zu 9.000+ Business Angels - über unsere detaillierte Datenbank oder direkt im Dealflow für unsere eigene Business Angel Community. Wähle die relevantesten Business Angels anhand ihrer Arbeitserfahrung, Ticket Size oder vorherigen Investments aus und nimm Kontakt auf. Dein Fundraising wird planbar und dein Investorennetzwerk wird sich schnell vergrößern.",Germany,1.249344,,,
Senzo,5252310.0,"Germany, Bavaria, Sennfeld, 8 August-borsig-straße, 97526",https://www.linkedin.com/company/senzowine,senzo.wine,"Guter Wein ist Alles. Auch ohne Alkohol! Auf einen klaren Kopf & Körper. Wir trinken auf Partys ohne Pannen. Auf glasklare Networking Events. Auf Baby Shower mit Champagne Shower. Auf sportliche Ambitionen und einen bewussten Lebensstil. Wir trinken auf premium Genuss, mit gutem Gefühl und gutem Gewissen. - Alkoholfrei - Kalorienarm - Glutenfrei und Warum?  Es gibt immer einen Grund, um anzustoßen. Aber keinen Grund für Orangensaft in Sektgläsern und auf Genuss zu verzichten.  Unser Gründer ist im Weingut aufgewachsen und er ist sich sicher: Wir lieben Wein. Doch brauchen wir wirklich immer den Alkohol? Nein! Und da sind wir nicht die Einzigen. Bestimmt warst auch Du schonmal der Fahrer, durftest keinen Alkohol zu Dir nehmen oder hattest einfach Lust nüchtern zu bleiben. Aber trotzdem sollst Du und auch alle anderen die Möglichkeit haben, mit einem premium Getränk anzustoßen! Wein ohne Alkohol? Das ist die Herausforderung, der sich unser Gründer Luca und seine Geschäftspartner Nino und Marlon gestellt haben. Mit Luca als 4. Generation einer echten Winzerfamilie liegt die Messlatte hoch. Deswegen hat er nur die besten Weine für die Entalkoholisierung ausgesucht. Genau so garantiert senzo ein geschmacksechtes Weinerlebnis für alle, die auch mal auf Alkohol verzichten möchten. ""Aufgewachsen in unserem Familienweingut sah ich schon immer die Emotionen, die Wein erzeugt. Gemeinsame Abende, Fachgespräche, Gelächter und Erinnerungen. Wein verbindet eben auch ohne Alkohol!"" Luca Dahms Unsere Mission. Alkohol ist zur Selbstverständlichkeit geworden. Damit räumen wir auf! Wir liefern den Menschen einen premium Wein, mit dem wirklich jeder anstoßen kann. Ganz ohne schlechtes Gewissen. Unsere Vision. Wein ohne Alkohol soll nicht länger nur eine Alternative sein. Wir machen senzo zum Star auf dem Tisch - ein Essential, das jeder zu Hause und jede Party, jedes Event auf der Karte haben sollte.",Germany,5.25231,,,
Kombucha Summit,1258668.0,"Germany, Berlin, Berlin",https://www.linkedin.com/company/kombucha-summit,www.kombuchasummit.com,"Kombucha Summit is the leading community for commercial kombucha producers. 📅 17-18 November, 2023 📍 Berlin, Germany 🎫 Tickets launching soon",Germany,1.258668,,,
FRAU MILLER GmbH,1085326.0,"Germany, Schleswig-holstein, Pinneberg, 52 Friedrich-ebert-straße, 25421",https://www.linkedin.com/company/frau-miller-gmbh,fraumiller.de,"Restaurant & Bar Frau Miller Rustikaler Industrielook, selbstgebastelte Burger, abgefahrene Drinks & eine mega Bierauswahl – in Pinneberg? Natürlich! Bar & Restaurant – Frau Miller „FRAU MILLER“ vereint die Bereiche Bar und Restaurant, denn die Räumlichkeiten versprühen durch die rustikale Einrichtung Pub Flair. Die Einrichtungen laden zum verweilen ein, nicht zuletzt weil man mit einer kleinen Speisekarte und sämtlichen Getränken aller Art versorgt wird. Ausgewählte Whisky- und Ginsorten dominieren den Abend, ergänzend vom Hahn eine breite Auswahl verschiedener Biersorten. Softgetränke, wie Limos und feinste Kaffeespezialitäten sind für uns selbstverständlich. Frau Millers Küche serviert euch deutsch-amerikanische Küche, genau wie der Name des Ladens. Man legt Wert auf Frische & Regionalität der Produkte, denn das Fleisch wird in unserer Küche verfeinert und Backwaren kommen aus einer Backstube in der Nachbarschaft. Durch die ausgesuchte Vielfalt der Karte werden alle Altersgruppen angesprochen.",Germany,1.085326,,,
HAPPA Restaurant,2148163.0,"Germany, Bern, Berlin, 35a Schlesische Straße, 10997",https://www.linkedin.com/company/happa-restaurant-berlin,www.happa-berlin.com,"Bei HAPPA gibt es Mo-Do leckeren Mittagstisch mit kleiner, wechselnder Wochenkarte und 6x im Monat Dinnerabende mit 5 Gänge Menü und alkoholfreier und alkoholischer Getränkebegleitung. Für die Dinner gibt es einen Ticketvorverkauf. Tickets finden Sie auf unserer Webseite.  Alle Gerichte sind rein pflanzlich und mit Fokus auf saisonale regionale Produkte. Wir arbeiten nach dem Prinzip der Kreislaufwirtschaft und schreiben Nachhaltigkeit in allen Bereichen unseres Unternehmens groß. Wir sind biozertifiziert.",Germany,2.148163,,,
Zum Kakadu - Der Karaokeclub,1725186.0,"Germany, Saxony, Leipzig, 4 Roßplatz, 04103",https://www.linkedin.com/company/zum-kakadu,kakadu-leipzig.de,"Singen Sie Ihren Lieblingshit selbst! Die Musik kommt per Livestream und der Text der Songs wird auf unseren Monitoren angezeigt. Sie können nichts falsch machen und müssen nicht einmal „musikalisch begabt“ sein. Bei uns zählt nur der Spaß am Singen. Und wenn doch mal ein Ton daneben geht – kein Problem! Der DJ und das Publikum helfen Ihnen gern weiter. Und Applaus gibt’s natürlich auch! Zwischen den einzelnen Karaoke-Titeln gibt es Musik zum Tanzen und Partyfeiern. Bei uns steht Ihnen eine Auswahl von tausenden Titeln in Deutsch und Englisch sowie einige Songs in Italienisch zur Verfügung – da ist für jeden das Passende dabei.  Die Auswahl reicht vom Schlager aus den guten alten 50ern bis hin zu Knallern aus den aktuellen Charts. Es ist also für jeden etwas dabei.  Für Ihr leibliches Wohl wird bestens gesorgt: Standardgetränke und eine umfangreiche Cocktail-Karte halten wir ebenso bereit wie kleine Snacks für den Hunger zwischendurch. Kommen Sie entweder allein, mit Freunden oder mit der ganzen Familie. Oder feiern Sie Ihre nächste Firmenparty bei uns und verleben Sie einen Abend voller Spaß, Singen und Tanzen.",Germany,1.725186,,,
MChef GmbH & Co. KG,1888002.0,"Germany, North Rhine-westphalia, Bielefeld, 12 A Ravensberger Str., 33602",https://www.linkedin.com/company/mchef-gmbh-co-kg,www.mchef.de,"MChef liefert erstklassige Gerichte für Gastronomie, Unternehmen und Endkunden. Servierfertig angerichtet und gemacht für die Zubereitung im Kombidämpfer der professionellen Gastronomie, im Dialoggarer oder im Backofen zu Hause. Qualität und Herkunft für alle, die gute Gastronomie zu schätzen wissen. Daily professional für die Gastronomie Servierfertige Gerichte auf Porzellan oder auf Tray, geliefert auf Palette (TK) und perfekt geeignet für À-la-carte, Conferencing, Barfood oder Catering. Im Kombidämpfer mit automatischem Programm in nur 13 Minuten fertig zubereitet. MChef à la carte für Unternehmen und Gastronomie Spitzengastronomie auf Porzellan: Lieferungen in kleinen Stückzahlen und für den spezialisierten Bedarf. Die Zubereitung erfolgt im Dialoggarer und gelingt sicher und einfach mit App-Steuerung. Nach 25 Minuten wird serviert.  Daily home: Gerichte aus dem Backofen Für Endkunden zu Hause und für Unternehmen, die ein Angebot für ihre Beschäftigen im Homeoffice suchen. Auf Wunsch steht ein individueller Corporate-Shop zur Verfügung, die Gerichte werden tiefgefroren direkt zum Team nach Hause geliefert. Restaurantqualität für zu Hause - lange haltbar, einfach zubereitet und richtig lecker. Vegane und vegetarische Alternativen sind selbstverständlich auf der Karte: https://daily.mchef.de Ihren Ansprechpartner finden Sie unter https://www.mchef.de/team/ oder wenden Sie sich an den Customer Service unter 0800/5888542.",Germany,1.888002,,,
Okami Restaurant Seckenheim,5252310.0,"Germany, Baden-württemberg, Mannheim, 2 Freiburger Straße",https://www.linkedin.com/company/okami-restaurant-seckenheim,www.okami-restaurant.de,"Die feinste japanische Küche kommt nach Seckenheim. Das neuartige Restaurantkonzept Okami vereint das beste aus zwei Welten. Unser Sushi-Meister lässt die Kunst, die Tradition des Sushis in Deutschland erwachen. In unserer Bar erwartet dich ein progressives Cocktailmenü mit innovativen Cocktails wie dem magischen Butterfly Pea Tea Cocktail und dem fruchtigen Mango Mojito. Passend zu deinem Essen haben wir natürlich auch die besten japanischen Sake und Whisky’s auf unserer Karte. Wir definieren mit Okami die japanische Tradition Neu, für Sie und für Seckenheim",Germany,5.25231,,,
Löffelbar Gastronomiebetriebe GmbH,5252310.0,"Germany, North Rhine-westphalia, Düsseldorf",https://www.linkedin.com/company/löffelbar,loeffelbar.de,"Seit vielen Jahren ist die Düsseldorfer Löffelbar auf Erfolgskurs und erfindet sich immer wieder neu. Ursprünglich bot die Löffelbar genau das, wofür der Name steht: nämlich Suppen und Eintöpfe – sprich flüssige Nahrung. Heute ist das Konzept deutlich breiter angelegt und geht mehr in Richtung Bistro und Restaurant mit vielen erlesenen kleinen Speisen, Steaks, Pasta, Salaten – nicht zu vergessen die Auswahl an frischen hausgemachten Burgern vom Grill. Selbst unsere Burger-Brötchen und das Ketchup werden selbst bei uns in der Löffelbar produziert. Morgens und solange die Gäste es wollen, ist die Löffelbar ein Café oder Bistro. Bis zum Nachmittag könnt ihr aus der reichhaltigen Frühstückskarte wählen. Und Mittags bekommt ihr bei uns einen extraschnellen Business-Lunch – und zwar zu genießerfreundlichen Preisen! Auf unserer wöchentlich wechselnden Karte ist für jeden Geschmack etwas dabei! Auch die Kuchenfraktion ist bestens bei uns aufgehoben, die wir mit hausgemachten Kuchen und Cookies, wie unseren beliebten frisch gebackenen, warmen Schokonapfkuchen, verwöhnen. Ein besonderer Tipp sind und bleiben unsere hausgemachten Spezialitäten: Burger und Pasta sowie Desserts und Kuchen. Steaks vom Grill, frischer Fisch und knackige Salate sind weitere kulinarische Köstlichkeiten auf der Speisekarte. Die wechselnde Abendkarte bietet euch immer kulinarische und saisonale Spezialitäten.",Germany,5.25231,,,
Die Cutlerei GmbH,5252310.0,"Germany, Bavaria, Munich, 103 Berg-am-laim Straße, 81673",https://www.linkedin.com/company/diecutlerei,www.diecutlerei.de,"Die Cutlerei befindet sich im Gelände Die Macherei. Wir Kochen frisch und haben unsere eigenen Ideen die auf der Karte unter ""Cutlerei Style"" ausgewiesen sind. Mit 150 sitz Plätzen innen sowie im Aussenbereich kann auch Ihr Event ein bisschen größer sein.",Germany,5.25231,,,
D2mberlin,3402256.0,Germany,https://www.linkedin.com/company/d2m-berlin,d2mberlin.de,"Wir sind eine dynamische Berliner Veranstaltungsagentur und realisieren seit über zehn Jahren erfolgreiche Live-Events – von Comedy, Kabarett und Musik bis hin zu Lesungen und besonderen Formaten, wie z. B. der Titanic-Ausstellung. Wir bieten: -	Full Service Eventproduktion & Ticketing -	Technische Planung & Abwicklung vor Ort -	Künstler- und Location-Handling -	Ticketvertrieb & Kundenbetreuung -	Regional verankert, flexibel unterwegs -	Schwerpunkt Berlin & neue Bundesländer – mit maßgeschneiderten Lösungen für Theater, Clubs, Hallen und Arenen  Unsere Mission Wir begeistern Künstler:innen, Publikum und Partner:innen gleichermaßen und sorgen für reibungslose Veranstaltungen, die noch lange nachklingen.",Germany,3.402256,,,
Converve,2706912.0,"Germany, N.n., Barmstedt, bahnhofstr.3",https://www.linkedin.com/company/converve-gmbh,www.converve.com,"Converve's goal is to offer the world’s best event networking platform. Converve is used by hundreds of event planners from around the globe. With Converve you can build appealing event websites, sell tickets, offer event communities, go mobile and maximize event experiences by using a user friendly webbased platform. The company has offices in the US and Germany and was founded in 2000 by Mark Kessels. The Converve Platform allows event planners to organize simply and efficiently their event's registration, payment management and networking amongst participants. * Event Setup -  Organize your networking event on a single platform * Actively engage your attendees with a user-friendly premium event web page, customized with corporate colors and logos. Edit and update content, provide attendees with a simple online registration process, and facilitate secure payment methods * Event Marketing - Effectively market your networking event * Create a search engine-friendly website, setup and launch personalized email campaigns and ensure your event gains maximum exposure with the use of social media.  * Event Networking - Create your event community * Use our platform to build your online networking community. Actively support your attendees forging promising business partnerships and future business before, during and after your event with appointment-scheduling and agenda session building. * Event Matchmaking - Connect people, money, and ideas * Facilitate one-on-one meetings between attendees - a proven, effective way to forge strong and reliable business partnerships. Allow your attendees to request, confirm, or reject one-on-one meetings weeks before the event. Attendees also have the ability to follow up on these meetings.",Germany,2.706912,,,
Lux Watch Mania,474166.0,"Germany, North Rhine-westphalia, Köln, 59 Grengeler Mauspfad, 51147",https://www.linkedin.com/company/lux-watch-mania,luxwatchmania.com,"Lux Watch Mania is trusted dealer of MondaniWeb and a team of connoisseurs and enthusiasts with passion for luxury watches. We know that sometimes getting your dream watch can be challenging, so we are here to help.  We are a newly founded company from Germany that offers some of the most competitive prices and odds available on the market. We're putting luxury watch brand within a reach.  We started Lux Watch Mania to take players one step closer to the timepiece of their dreams. For us, it’s all about keeping it simple. Buy a ticket, play the game, enter the draw, and you could win. We only ever release a limited number of tickets for each draw, so you’ve got a serious chance of walking away with a brand-new watch worth €15,000 or more.  How To Play in 4 Easy steps in our competitions: 1.Choose your tickets: -Choose how many tickets you want - up to 50 per person - and you're on the way to winning the luxury timepiece. 2.Play the game online: -Test your watch knowledge in our online game – built to sort the connoisseurs from the pretenders. 3.Buy your tickets: -Pay securely to submit your entry. We use a third party Random Number Generator called Randomdraws to choose the winner. 4.Win your dream watch! And that's it! You could walk away with a new €15,000 watch – for as little as €30. We ship your luxury watch anywhere in the world. Our mission is to source some of the most desirable watches in the world and give you the chance to win them in our competitions.",Germany,0.474166,,,
Frankfurt Convention Bureau,2536924.0,"Germany, Hesse, Frankfurt Am Main",https://www.linkedin.com/company/frankfurtconventionbureau,www.meetfrankfurt.com,"The Frankfurt Convention Bureau is a business unit belonging to the Frankfurt Tourist+Congress Board. Its staff are specialised in offering comprehensive advice and a wide variety of services for planning and realising congresses, conferences, seminars, incentives and other types of special events in Frankfurt and the Rhine-Main region. An experienced team of industry experts is ready to support event organisers from beginning to end, whether the task at hand is promoting a congress, finding a suitable location for an evening event or securing reduced-price public transport tickets for conference and congress participants. One of the Convention Bureau’s key business areas is its free room reservation service, which arranges special room allotments for events of every size and variety. The service basically consists of the Frankfurt Convention Bureau pre-booking guest-rooms at hotels of diverse categories, both in Frankfurt and the surrounding region, which are then booked by congress and conference participants individually.",Germany,2.536924,,,
Tickettoaster GmbH,2560059.0,"Germany, Hesse, Kassel, 39a Wolfhager Str., 34117",https://www.linkedin.com/company/tickettoaster-gmbh,www.tickettoaster.de,"Wir bieten maßgeschneiderte 360°-Lösungen für den Vertrieb von Tickets, Merchandise und Tonträgern. Mit unserer führenden Direct-To-Fan eCommerce Lösung und unserem umfangreichen Dienstleistungsangebot in den Bereichen Fulfillment, Produktion und Logistik bedienen wir Artists, Veranstaltende und Labels aller Größenordnungen.",Germany,2.560059,,,
AirLST GmbH,5622048.0,"Germany, Bavaria, Munich, 23 Seitzstraße, 80538",https://www.linkedin.com/company/airlst-gmbh,www.airlst.com,"The one-stop solution for event organizer and venues: Manage guestlists and the full invitation process. Check your guests in with our mobile apps. Premium service at affordable prices. Are you seeking a modern guest management system? Then look no further than AirLST. AirLST offers simple online functionality. AirLST saves you time and money. Guest management via Excel is a thing of the past. AirLST is an all-in-one online CRM system. From now on, organise and manage your events in a modern way with a maximum of simplicity and efficiency. Every touch point between AirLST and your guests can be set up in your company’s own Corporate Design. Invitations, landing page, log-in windows, confirmation and reminder mails, query boxes, tickets, name badges and much more besides. AirLST offers you all of this from a single source. AirLST will make you the perfect service provider. AirLST delivers any kind of statistics relating to your event – 24/7 and via a single click of the mouse. Get information about acceptance status, guest structure and many other aspects. We will be happy to advise you.",Germany,5.622048,,,
Ticketree,666243.0,"Germany, North Rhine-westphalia, Aachen, 44 Oberforstbacherstraße, 52076",https://www.linkedin.com/company/ticketree,www.ticketree.de,"Wir haben uns vorgenommen, Veranstaltungen nachhaltiger zu organisieren und Ticketing für unsere Kunden angenehmer zu gestalten. Mit unserer persönlichen Betreuung und einer Mission, die alle in der heutigen Zeit beschäftigt, machen wir Veranstaltungen durch individuelle Elemente umweltfreundlicher und für Gäste noch attraktiver.",Germany,0.666243,,,
TicketVerz,1943830.0,"Germany, North Rhine-westphalia, Dortmund",https://www.linkedin.com/company/ticketverse,ticketverz.com,"TicketVerz is a Germany-based event-tech company redefining how events are created, managed, and experienced. Our platform provides a comprehensive, user-friendly solution for event organizers of all sizes — from local community gatherings to large-scale concerts and festivals. We specialize in delivering end-to-end solutions for event ticketing, promotion, and planning. With TicketVerz, organizers can publish events at no upfront cost, manage ticket sales securely, and access tools that enhance visibility, audience reach, and operational efficiency. Our technology-driven approach ensures reliability, scalability, and cost efficiency. By combining innovation with simplicity, we enable event professionals to focus on what matters most — creating exceptional experiences for their audiences. More than a service provider, TicketVerz is a trusted partner dedicated to helping organizers grow their events, strengthen community connections, and achieve lasting success. To learn more, visit www.ticketverz.com",Germany,1.94383,,,
Dein-Ticket.Shop GmbH,235831.0,"Germany, Bavaria, Kempten Und Umgebung",https://www.linkedin.com/company/dein-ticket-shop,about.dein-ticket.shop,Ein moderner Ticket-Shop,Germany,0.235831,,,
EventsMo,800941.0,"Germany, Hesse, Frankfurt Am Main",https://www.linkedin.com/company/eventsmo,eventsmo.com,"EvenstsMo offers the all in one, easy to deploy, missing piece of the successful event puzzle. EventMo's event management platform enhances your event experience, boost engagement, connect attendees and delegate networking. We offer registration/ticketing  & mobile apps for top conferences, exhibitions, trade shows and corporate events.",Germany,0.800941,,,
Rausgegangen,45489581.0,"Germany, North Rhine-westphalia, Köln, 82-86 Ehrenfeldgürtel, 50823",https://www.linkedin.com/company/rausgegangen-de,zentrale.events,"Rausgegangen ist Deutschlands größte Plattform für Event- und Kulturempfehlungen.  Rausgegangen hat es sich zur Aufgabe gemacht, die Welt zu einem besseren Ort zu machen, indem durch Empfehlungen über Website und App Events dem richtigen Publikum präsentiert werden. Mit mehr als 4,7 Millionen Seitenansichten im Monat und mehr als 285.000 registrierten Nutzer:innen auf der Webseite und in der App ist Rausgegangen mittlerweile Deutschlands größte Platform für digitale Event-Empfehlungen.  Sie zeigen ihrer Community täglich die besten Events in Deutschland. Events können kostenlos auf Rausgegangen platziert werden. Die Plattform dient als nationales Netzwerk und wird von diversen und renommierten Veranstaltenden täglich genutzt. Rausgegangen steht für vielfältige, diverse, nachhaltige und kulturfördernde Themen und ist ein lokaler Experte in Sachen Ausgehen.  Mit der ZENTRALE bietet Rausgegangen das All-In-One-Tool für Kultur, Clubs, Venues und Festivals - das digitale Rückgrat der Kulturszene. Dabei setzt die Plattform Fokus auf individuelle Ticketing-Lösungen, Online VVK, Verlosungen, Gästelisten erstellen, eine eigene individualisierbare Scanner-App, Marketing-Features. Rausgegangen glaubt an die magische, emotionale Kraft von echten Erlebnissen, die uns verbinden und glücklich machen. Künstler:innen und kreative Köpfe inspirieren die Marke und machen somit gemeinsam mit Rausgegangen die Welt verständlicher und diverser. _____________________________________________ Rausgegangen is Germany's largest platform for event and cultural recommendations.  Rausgegangen's mission is to make the world a better place by helping you present your events to the right audience. Rausgegangen stands for diverse, sustainable and culture-promoting topics and is a local expert when it comes to going out. With ZENTRALE, Rausgegangen offers the all-in-one tool for event organizers, clubs, venues and festivals. So place your events now for free via the Rausgegangen-ZENTRALE.",Germany,45.489581,,,
Fläminger Kreativsause,666243.0,"Germany, Brandenburg, Bad Belzig, 25 Klein Glien, 14806",https://www.linkedin.com/company/flaeminger-kreativsause,flaeminger.kreativsause.de,"7 Tage analoges und digitales Kreativschaffen rund um Bad Belzig und Wiesenburg Tickets unter https://linktr.ee/kreativsause Unsere Vision Wir vernetzen kreative Köpfe auf dem Land und bieten Raum für eine innovative Community auf Zeit. Die Kreativsause ist ein Raum fürs Träumen und in die Hände spucken. Der perfekte Space, um Inspiration zu finden, Deinen Wissensdurst zu stillen, Dch auszuprobieren und die Freude daran, mit anderen kreativen und neugierigen Köpfen, zu teilen.",Germany,0.666243,,,
Eintrittskarten.io,474166.0,"Germany, Hesse, Wetzlar",https://www.linkedin.com/company/eintrittskarten-io,eintrittskarten.io,"Mit uns verkaufen Schulen, Universitäten, Theatergruppen, Kirchen, Vereine, Musiker und alle anderen Tickets für ihre Veranstaltungen.",Germany,0.474166,,,
StrategySummit,474166.0,"Germany, North Rhine-westphalia, Düsseldorf",https://www.linkedin.com/company/strategysummit,www.strategy-summit.de,Stärken Sie Ihr Strategiewissen für diese herausfordernden Zeiten. Holen Sie sich Impulse von echten Strategiemacher*innen aus der Praxis für Ihr Geschäftsleben. Lernen Sie die neuesten digitalen Tools in der Strategie kennen. Tauschen Sie sich mit anderen Strategen auf Augenhöhe aus. Wir freuen uns auf Sie! Sichern Sie sich Ihr Ticket,Germany,0.474166,,,
Dresden Nightlife,474166.0,"Germany, Saxony, Dresden, 5 Trompeterstraße, 01069",https://www.linkedin.com/company/dresden-nightlife,www.dresden-nightlife.de,"Dresdens Portal für Veranstaltungen, Partys, Tourismus, Urlaub, Konzerte und Clubs - heute und in den nächsten Monaten. Mit Freikarten und Tickets.",Germany,0.474166,,,
Kulturkarawane,666243.0,"Germany, Rheinland-pfalz, Trier",https://www.linkedin.com/company/kulturkarawane-gemeinnützige-ug,www.kuka-trier.de,"Our non-profit organisation ""Kulturkarawane"" strengthens social cohesion through cultural projects and unusual interventions in public spaces. Under the motto ""Culture is a human right"", we bring together various stakeholders and target groups and create unique meeting spaces. A unique selling point in the Greater Region is the combination of high-quality cultural and socio-cultural formats with elements of ""placemaking"" characterised by architecture and design. The Kulturkarawane develops its own projects (financed by entrance fees, subsidies and sponsors) or acts as a service provider for cities and municipalities. A high-class technology pool and tried and tested tools (Pop Up Mobil ""Klein Anders"", Flying Grass Carpet) enable the creation of mobile cultural venues at a high level. In line with our guiding principle ""Gemeinsam buntERleben"" (experiencing culture together in colour), we make culture accessible to everyone and break new ground with our solidarity-based ticket principle and our inclusive approach to target groups.",Germany,0.666243,,,
C2 CONCERTS GmbH,3607750.0,"Germany, Baden-württemberg, Stuttgart, 28 Kölner Str., 70376",https://www.linkedin.com/company/c2-concerts-gmbh,www.c2concerts.de,"we are a stuttgart-based concert & show promoter, full service event-planning agency, artist representative and theatrical producer. we have organised 1,800 events over the past 10 years and have been in pollstar's list of the top 100 promoters. Local Promoter Stuttgart is our home base. So as a local promoter, we focus on Southern Germany as our region of expertise. We enjoy organizing various events of every genre and every magnitude - from club gigs to arena shows, from family entertainment to German schlager, pop or metal. We find suitable venues and we take care of ticketing, a custom made marketing- and communication concept, the organizational preparation and a smooth running. You're a booker, tour promoter, producer or artist und you're looking for an experienced promoter in the region of Baden-Württemberg? Tour Promoter As a tourpromoter, we accompany different artist on their tours within Europe & Germany. We are proud to work with our artists on a friendship-basis and therefore built up longterm relations. We take care of feasible routings, fair deals, well-organized logistics, suitable media cooperations, individual marketing and a custom made overall concepts. We find solutions that work for everyone and offer an all-round carefree package. You are looking for a motivated and widely connected booking agency who supports their artists 100%? Or are you looking for a perfect act for your venue or events program? Theatrical Producer We love to make children smile. It’s our ambition to entertain both young and grown-up audiences. And that's what we - our actors, the creatives, technicians and the whole team of C2 CONCERTS - work for every single day. With various colorful requisites, scenery parts and costumes we fall back on a huge theatre fund.",Germany,3.60775,,,
BCB Family GmbH,666243.0,"Germany, Bavaria, Munich, 77a Bayerstraße, 80335",https://www.linkedin.com/company/bcb-family-gmbh,bcbfamily.com,"BigCityBeats and One Family teamed up for a new company to present BCB FAMILY! With an intimate and dedicated team, the family has over 25 years combined experience in the electronic & dance music industry. Experience in Management, Booking, Event production and Radio - for a brand new Artist & Event Development Agency. The new „BCB Family“ is a boutique company offering a consistent and passionate full service supplying international acts across all various electronic and dance music sub-genres. Whatever request you have in booking artists or event programming and consulting, BCB Family can guarantee quality and transparent work and services for your needs… A full service agency - booking & managing artists, creating events, programming & consulting festivals and concerts. All influence of BigCityBeats & One Family with their huge community as one of the biggest promoters in germany, their radio shows, their big radio & tv partners and of course booking and management history (artists, events and more). Our target is to bring artists to the next level in Germany. Next to our booking service we offer our artists full media support with the massive community, online, radio + tv. Next to our artists, clients can profit from this services as well of course…  Next to festivals, club shows and other events we are also going to work with strong partners for hard ticket solo shows / concerts for which we wanna give also a main focus more and more for the next future.  But pls be aware, that this doesn´t mean we only book and consult events owned by BigCityBeats like World Club Dome ect. As you can see below we also gonna work with/for other promoters which trust in our work for a long time and interested in our full service with all our business parts we can offer.   (who teamed up) Some Facts about BigCityBeats: biggest Radio/Live network since 12 years with own radio stations and partner stations all over germany. Biggest Clubmusic Family-Community: almost 350.000 „Famil",Germany,0.666243,,,
PRINT YOUR TICKET GmbH,416448.0,"Germany, Schaafheim, 23 Müllerweg, 64850",https://www.linkedin.com/company/print-your-ticket-gmbh,www.printyourticket.de,"Ticketing komplett aus einer Hand. Wir bieten mit der online Ticketing-Verwaltungssoftware PYTControl, einem auf Dich gebrandeten und zeitgemäßen Onlineshop, einem umfangreichen Service sowie ein flexibles Customizing das Komplettpaket zum Eigenvertrieb Tickets einfach selber drucken, keine Onlinegebühr, keine Zusatzkosten, keine Zeit verlieren! Keine Lizenzkosten, keine aufwendige Installation und kinderleichtes Handling.  http://www.printyourticket.de/leistung/",Germany,0.416448,,,
Based Global,474166.0,"Germany, Berlin, Berlin, 65 Lohmühlenstraße, 12435",https://www.linkedin.com/company/based-global,www.basedglobal.com,"We are on a mission to facilitate the interaction of people around entertainment experiences, and we do so by disrupting the event industry with an app for both people to browse & join events, and event owners to better manage & promote them. Based app allows people to browse through the best upcoming events in their hometown or when travelling, while offering them the easiest way to access guest list, purchase tickets and reserve other services securely and transparently. Event ticketing is broken. Based is utilizing blockchain smart contracts to bring much needed modernity to this industry. Event organizers are enabled to put any imaginable condition on their ticket through use of this next generation blockchain technology giving them the ability to set things like resale conditions for example.   As a consumer, enjoy a streamlined end to end experience where you no longer need to worry about counterfeit tickets and are able to support the artist and organizers you love, knowing that profits generated by ticket sales go back up the chain to them. With smart tickets full transparency is guaranteed.",Germany,0.474166,,,
Raketinnen,474166.0,"Germany, North Rhine-westphalia, Bonn",https://www.linkedin.com/company/raketinnen,raketinnen.com,"Die Raketinnen-Initiative verbindet Menschen, um das Zuhören, Verstehen und den Perspektivwechsel in unserer Gesellschaft zu fördern. Lerne in unserem Speed Networting Menschen außerhalb deiner gesellschaftlichen Bubble kennen. In einer Atmosphäre von Leichtigkeit, Wertschätzung und Offenheit tauscht Ihr Euch in zufällig zusammengestellten kleinen Gruppen aus. Wie funktioniert das? Das Speed Networking findet virtuell über ZOOM statt und dauert zwei Stunden. In dieser Zeit bieten Euch die Moderatorinnen Alexandra Perl und Carolin Peinecke in vier Runden die Gelegenheit, euch mit fremden Menschen auszutauschen und Euch kennenzulernen. Für jede Runde wird Euch eine Leitfrage angeboten - Ihr seid aber frei, wie Ihr die Zeit nutzen möchtet.  Was braucht Ihr für die Teilnahme? Die Teilnahme ist kostenlos, Ihr benötigt lediglich ein Ticket. Wir begrenzen die Teilnehmerzahl auf 55. Wenn Ihr ein Ticket gebucht habt, erhaltet Ihr drei Tage vor dem Event den Link zur Teilnahme an der Videokonferenz per Email. Ihr müsst keine App herunterladen.  Code of Conduct Unsere Veranstaltungen dienen dem Weiten Eures Blickwinkels auf die Welt. Daher gelten folgende Regeln: Raketinnen-Veranstaltungen sind keine Akquisitions-Plattform.  Raketinnen-Veranstaltungen sind keine Dating-Plattform.  Raketinnen-Veranstaltungen dienen dem gegenseitigen Zuhören und Verstehen. Wir achten darauf, dass jede/r zu Wort kommt und Gehör findet. Alle persönlichen Informationen bleiben im (virtuellen) Raum. Fotos, Mitschriften etc. werden entweder unpersönlich gemacht oder deren Veröffentlichung mit allen Beteiligten im Vorfeld abgestimmt.",Germany,0.474166,,,
Ticketmaster Deutschland,60042056.0,"Germany, Berlin, Berlin, 60 Alt-moabit, 10555",https://www.linkedin.com/company/ticketmaster-deutschland,business.ticketmaster.de,"Ticketmaster, a proud division of Live Nation Entertainment, is the world's leading live event ticketing company selling over 465 million tickets each year and supporting more than 12,500 clients in 22 countries worldwide.  At Ticketmaster, we power the people who create culture through live events, connecting more passionate fans to those experiences than anyone else.  We are innovators that embrace change and work hard to help others succeed.  We believe in open communication and stress accountability, because fans and clients count on us every day.  We strive for ease of use for our clients and fans while seeking out those who have a bias for action versus a desire for directives.      Live Nation Entertainment (NYSE: LYV) is the world’s leading live entertainment company comprised of global market leaders Ticketmaster, Live Nation and House of Blues Concerts, LN Media and Artist Nation Management.",Germany,60.042056,,,
EuroShop The World ́s No. 1 Retail Trade Fair,6663168.0,"Germany, North Rhine-westphalia, Düsseldorf, Messeplatz, 40474",https://www.linkedin.com/company/euroshop-tradefair,www.euroshop.de,"Welcome to EuroShop  EuroShop is the world’s largest and most important trade fair for retail investment requirements. Future-oriented, innovativ and dynamic as the industry itself, the trade fair presents itself in eight fascinating retail dimensions with all the trends and topics that are moving the future. Get your tickets now: https://www.euroshop.de/tickets   The next EuroShop will be held in Düsseldorf from 22 - 26 February 2026 and the next EuroCIS, as an annual event focusing on retail technology themes, will run from 27 - 29 February 2024 again.  All Information about EuroCIS at www.eurocis.com Imprint https://www.euroshop-tradefair.com/en/Imprint",Germany,6.663168,,,
Public Ticket Solution,474166.0,"Germany, Berlin, Berlin, 11 Am Karlsbad, 10785",https://www.linkedin.com/company/publicticketsolution,www.publicticketsolution.de,"Die Public Ticket Solution® ist die Antwort auf die digitalen Anforderungen an Ihr Ticketing und die Erschließung neuer Vertriebswege. Mit unserer Software-Lösung bieten wir Ihnen eine innovative Buchungslösung (vollintegrierte White Label Buchungsstrecke), ein datengesteuertes und barrierefreies Zutrittsmanagement sowie die Anbindung an weltweite Vertriebswege.  Umfangreiche Statistiken zu Buchungsverhalten, Gästedaten und Live-Besucheraufkommen liefern Ihrem Marketing und Vertrieb wertvolle Details zur Erschließung neuer Besuchergruppen sowie zur Optimierung von Marketing- und Vertriebsmaßnahmen. Durch die Anbindung der Public Ticket Solution an Ihr bestehendes Kassen- und/oder Einlasssystem oder die Ausstattung mit eigener Validierungshard- oder Software können Ihre Besucher*Innen direkten Eintritt genießen, ganz ohne Umtausch von Vouchern.  Die Public Ticket Solution wird vertrieben von der Stadt und Land Reisen GmbH als 100%ige Tochter der Berlin Tourismus und Kongress GmbH / visitBerlin.",Germany,0.474166,,,
Dashpoint GmbH,2536924.0,"Germany, Bavaria, Munich",https://www.linkedin.com/company/dashpoint,dashpoint.app,"MAKE A DIFFERENCE Our Dashpoint App not only helps festival organisers to offer their visitors an even better event experience, but also supports you with all aspects of your event. Sell tickets quickly and easily, expand your community and give your visitors a perfect overview of your festival with the help of a timetable, push messages for sponsors and emergencies, chats for lost & found, as well as live locations on the interactive festival map - get your visitors excited about your upcoming events now! THE FUTURE OF FESTIVALS We are ready for the future! Creating new opportunities like NFT ticketing so that the organiser can finally control the secondary market of ticket reselling and earn money from it. Merchandise is not the only thing that can be sold through us, we also allow you to create and sell NFTs of your artists as well as of your festival right on our platform. READY..  SET..  GO! 🚀",Germany,2.536924,,,
ICS NETWORK,6670239.0,"Germany, Schleswig-holstein, Wacken, 17 Schenefelder Straße, 25596",https://www.linkedin.com/company/icsnetwork,www.ics-int.com,"Zu ICS gehören Bereiche wie Bandmanagement, die Stiftung „Wacken Foundation“, Tourbooking, Musikverlag, Metal Travel, Merchandisingvertrieb und Ticketing. Dieses Netzwerk bringt nicht nur das Wacken Open Air hervor, sondern es entstehen Ideen, wie die Full Metal Cruise – Europas erste und einzige Heavy Metal Kreuzfahrt und beim weltweiten W:O:A Metal Battle bekommen Metal-Nachwuchs-Bands aus 40 Ländern die Chance sich zu präsentieren. Hinter allem, was wir tun, steckt vor allem eins: Die Leidenschaft für Musik und die Heavy Metal Family. Sie war der Ursprung von ICS und sie wird immer unser Antrieb sein. Bei allem, was wir erreicht haben, sind wir immer noch Fans. Wir sind ein Teil der besten Community der Welt: loyal, tolerant und vor allem ehrlich. Die Musikbranche wächst stetig und mit ihr die ICS-Welt!",Germany,6.670239,,,
AFFILITIX Services GmbH,1041120.0,"Germany, Berlin, Berlin, 63 Edisonstraße, 12459",https://www.linkedin.com/company/affilitix-services-gmbh,www.affilitix-ticketing.de,"Wir bieten Services von der Konzeption, Kreation, Hosting und Betrieb deiner Sales Plattform über systematischen Ticketverkauf inklusive Kundenservice, Anbindung von Ticketing-Partnern (Online-Vorverkaufsstellen) bis hin zur Einlass-Infrastruktur und Trouble Counter während des Events.",Germany,1.04112,,,
Undercover GmbH Live Entertainment And Artist Partnership,4997376.0,"Germany, Lower Saxony, Schwülper, 5 Waller See, 38179",https://www.linkedin.com/company/undercovergmbh,undercover.de,"Was tun, wenn man als vom Geist des Rock'n'Roll infizierter Teenager seine erste Band gegründet hat, in der Niedersächsischen Provinz lebt – und es in dieser schlicht und ergreifend an Auftrittsgelegenheiten mangelt? Genau! Man gründet seine eigene Veranstaltungsagentur und nimmt die Dinge einfach selbst in die Hand ... so geschehen im Jahr 1991 – dem Geburtsjahr der undercover GmbH! WAS WIR TUN: Tourneeveranstaltungen Wir sorgen für das beste Live-Erlebnis. Am richtigen Ort, in der richtigen Location, vor den richtigen Fans. Überall in Deutschland, Österreich und der Schweiz und gern auch darüber hinaus. Die nachhaltige Entwicklung der Karriere der Künstler ist und bleibt für uns der Kern. Örtliche Veranstaltungen Wir bieten kultureller Eintönigkeit die Stirn und das rund 200 Mal live im Jahr – damit das Leben noch mehr Freude macht! Unser Herz schlägt in Braunschweig. Hier leben und arbeiten wir. Auch den Norden Deutschlands haben wir fest im Blick – let`s talk! Eigenproduktionen Die Veranstaltungen die hier entstehen tragen den Stempel „Selfmade“. Die Ideen werden in unseren vier Wänden geboren – wir begleiten sie beim Wachsen und machen was draus. Und ja – wir lieben es, wenn ein Plan funktioniert! Ticketshop Bei uns gibt es die Tickets direkt vom Veranstalter. Unser eigener Ticketshop ermöglicht eine einfache und sichere Bestellung. Wir sind ansprechbar und da. Event-Dienstleistungen Ob Programmgestaltung, Sicherheitskonzept, Marketingkampagne oder gleich die ganze Veranstaltung … Projekte im Auftrag konzipieren, planen und auf den Punkt bringen. Wir wissen wie das geht.",Germany,4.997376,,,
Starsarena,2536924.0,"Germany, Bavaria, Nürnberg, 335 Fürther Straße, 90429",https://www.linkedin.com/company/starsarena,ticketbank.de,"STARSARENA Konzertagentur GmbH is the largest event management agency in Germany targeting primarily Russian-speaking audiences in Germany and EU. We organize concert tours, theater plays, humor and children shows, as well as corporate and private parties all across Germany, Austria, Spain, Belgium, the Netherlands, Switzerland, Czech Republic, United Kingdom, etc. Our events attract hundreds of thousands of spectators every year. Thanks to our own eCommerce ticketing solution - Ticketbank.de - we are able to sell electronic and paper tickets for any events of any kind and size, providing seamless API integrations for event organizers and resellers.",Germany,2.536924,,,
Kinoliebe.de,474166.0,"Germany, Bavaria, Munich, 23 Auenstraße, 80469",https://www.linkedin.com/company/kinoliebe,www.kinoliebe.de,"Als Anbieter von Open-Air Kino Events sind wir dein kompetenter Partner für Firmenveranstaltungen, temporäre Open-Air Kinos für Kommunen oder Gemeinden und vieles mehr. Ob modernste Technik wie aktuelle DCP Projektoren, Laserprojektoren, aufblasbare Airscreen Leinwände, Filmbuchung beim Verleih (Booking und Billing,) Gastronomie, Ton- und Bühnentechnik oder Ticketing und Marketing - wir bieten alles aus einer Hand!",Germany,0.474166,,,
Push It! Live,474166.0,"Germany, Lower Saxony, Hannover, 50 Karmarschstraße, 30159",https://www.linkedin.com/company/live-pushit,www.live-pushit.de,"Wir planen und organisieren Events – in kleinen Clubs oder vor über 5.000 Menschen. Immer mit einem hohen Anspruch an Musik & Culture. Booking, Ticketing, Design, Gastronomie und Bewerbung – läuft alles inhouse. Dazu zählt auch die Cumberlandsche, die wir seit 2019 als Veranstaltungslocation betreiben.",Germany,0.474166,,,
La Belle Vie Tours Event & Consulting,474166.0,"Germany, Hesse, Taunusstein, Kellerskopfstraße, 65232",https://www.linkedin.com/company/la-belle-vie-tours-event-consulting,www.labellevie.tours,"Full service Event Agency. Organizer for worldwide travels, logistics and ticketing.",Germany,0.474166,,,
Streavent,2536924.0,"Germany, Bavaria, Munich",https://www.linkedin.com/company/streavent,www.streavent.de,"Our event management software helps organizers worldwide create unforgettable experiences. Plan events, create websites, sell tickets, build apps, stream online, manage check-ins, design event badges – all in one platform. Whether it’s on-site, hybrid, or virtual, you can plan and manage all your events in one place. From small gatherings to conferences with 10,000+ attendees, our fully white-labeled platform scales with you. Perfect for agencies, educational institutions, enterprises, and growing teams alike.",Germany,2.536924,,,
Vieplace,208224.0,"Germany, North Rhine-westphalia, Hennef, 25 Löhestraße, 53773",https://www.linkedin.com/company/vieplace,www.vieplace.com,"ViePlace (Wettbewerb-Platz) ist ein Online Marktplatz für Wettbewerbe- und Challenge-Events mit Social Media. Jeder kann als Organisator ein Event wie z.B. ein Beachvolleyball Turnier oder Graffiti Wettbewerb mit Teilnehmergebühren und Gewinnpreise inserieren. Sponsoren können unkompliziert die Tickets subventionieren und mit ihrem Logo Werbung für sich machen. Portal Nutzer können ihre Punkte und Zertifikate optional anzeigen lassen, um Challenge Freunde auf Augenhöhe zu finden. Als Marktplatz mit verschiedene Challenge Themen, erreicht das Portal auch für kleine Events ein große Aufmerksamkeit. Es bietet Wettbewerber, Veranstalter und Sponsoren eine Online-Bühne, wo sie gezielt zu finden sind und auffallen. Vieplace finanziert sich durch 20% Erfolgsprovision der verkauften Tickets und Abo mit Profi Veranstalter.",Germany,0.208224,,,
DYGITIZED Transformation Conference,474166.0,"Germany, Bavaria, Munich, 19 Fürstenstraße, 80333",https://www.linkedin.com/company/dygitizedconference,www.dygitized.de,"Alle sagen, sie haben ein Rezept. Bei uns verraten sie es auch. Am 23. April 2026 im Arri Kino in München Der Tag für alle, die digitale Transformation nicht nur besprechen, sondern gestalten wollen. Die DYGITIZED® Conference bringt Führungskräfte, Digital-Expert:innen, Entscheider:innen und Zukunftstreiber:innen in München zusammen – mit einem Programm, das klarer, praxisnäher und relevanter ist als klassische Tech- und Business-Events. Wir reden nicht über Hypes. Wir reden über das, was Teams, Leader und Unternehmen jetzt wirklich weiterbringt. Was dich erwartet Top-Speaker:innen aus Transformation, Leadership, AI & Transformation Erfahrene Macher:innen mit umsetzbaren Playbooks. Cases, Strategien und Learnings, die du direkt in deinen Alltag übertragen kannst. Ein klarer inhaltlicher Fokus Digital Transformation: Wie Unternehmen in dynamischen Märkten handlungsfähig bleiben Digital Communication: Moderne Kommunikation, Narrative & Content, die wirken Adaptive Organizations: Teams & Leadership für eine veränderte Arbeitswelt Future Skills & Applied AI: Wie Technologie und Menschen gemeinsam Zukunft bauen 🤝 Und dazu: Networking, das wirklich funktioniert Networking ist hier kein Side-Event. Es ist der Kern. Mit unseren kuratierten Formaten findest du Menschen, die wirklich zu deinen Themen passen: Topic Connection Bands (5 Farben, 5 Themen, sofort die richtigen Menschen finden) Curated Matchmaking (unsere Matching-DNA live auf dem Event) Topic Tables (Themenspezifische Roundtables) 5-Minute Networking (kurz, smart, zero awkwardness) Learning Out Loud (3-Minuten-Learnings für schnelle Impulse) The Matching Wall (Challenges & Needs sichtbar machen) Cinema Lounge Networking (Drinks, Atmosphäre, echte Tiefe) Kurz: Weniger Zufall, mehr Relevanz. Weil wir das Matching-Handwerk seit Jahren leben.   👉 Jetzt Ticket sichern Sichere dir jetzt deinen Platz für einen Tag voller Ideen, Menschen und Energie.",Germany,0.474166,,,
Chursächsische Veranstaltungs GmbH Bad Elster,3832663.0,"Germany, Bad, 25 Badstraße, 08645",https://www.linkedin.com/company/chursächsische-veranstaltungs-gmbh,www.chursaechsische.de,"Die Chursächsische Veranstaltungs GmbH ist heute gesamtverantwortlich für Veranstaltungen und Kultur aller Art in der Region der Sächsischen Staatsbäder Bad Elster & Bad Brambach. In den historischen Veranstaltungsstätten der Königlichen Anlagen Bad Elsters, der weltweit einmaligen »Festspielmeile der kurzen Wege«, führt sie ein vielfältiges Programm – primär im Bereich Kultur, aber auch Kongresse, repräsentative Veranstaltungen und Sportevents – durch. Zu diesen Veranstaltungsstätten zählen, ergänzend neben dem König Albert Theater mit Theatercafé, das Königliche Kurhaus, die KunstWandelhalle, das NaturTheater, die drei Musikpavillons, der Waldpark Bad Elster mit dem Restaurant-Café »Waldquelle« sowie der SkulpturenPark Bad Elster und die Festhalle am See im benachbarten Bad Brambach. Dabei sind vor allem herausragende Kulturveranstaltungen und Festivals mit einem passenden kulinarischen, touristischen und gesundheitsorientierten Rahmenprogramm mit besonderer Note in »Königlich-Sächsischem« Ambiente zu erleben. Darüber hinaus ist sie für das »Sächsische Bademuseum Bad Elster« verantwortlich, übernimmt das Management der Chursächsischen Philharmonie und betreibt die Touristinformation Bad Elster als regionales Info-, Ticket- und Servicecenter.",Germany,3.832663,,,
ADticket GmbH,1874016.0,"Germany, Hesse, Frankfurt Am Main, 69 Kaiserstraße, 60329",https://www.linkedin.com/company/adticket-gmbh,www.adticket.de,"Die AD ticket GmbH betreut als unabhängiger Ticketdienstleister und Spezialist für den Ticketvertrieb derzeit über 1.500 Veranstalter aus den Bereichen Theater, Sport, Konzerte, Tourismus und Messen, sowie Veranstaltungszentren in ganz Deutschland.  Wir arbeiten eng mit Veranstaltern zusammen und stellen das webbasierte Ticketsystem ReserviX für die Organisation, Durchführung und Kontrolle des kompletten Ticketvertriebs für alle Vertriebswege zur Verfügung. Unseren Kunden ermöglichen wir einen komfortablen Ticketkauf im Internet, per telefonischer Bestellung im AD ticket Callcenter, in einer von über 2.200 lokalen Vorverkaufsstellen bundesweit oder auch noch an der Kasse direkt am Veranstaltungsort.  Unser Leistungsangebot geht weit über die Bereitstellung des Ticketsystems und des Vertriebsnetzes hinaus. Es umfasst weitreichende Themen wie Schulungen vor Ort, Betreuung und Beratung im Allgemeinen, Verkaufsförderung, Marketingunterstützung, Ausbau des Vertriebsnetzes und CRM im Speziellen, wie auch die Optimierung der Prozesse mit angrenzenden Bereichen, wie beispielsweise der Buchhaltung.  Unser Ziel ist die Schaffung einer optimalen Lösung für den Ticketvertrieb des Veranstalters mit dem Ergebnis mehr Karten mit weniger Aufwand zu verkaufen.",Germany,1.874016,,,
Künstlermedia Entertainment GmbH,1286450.0,Germany,https://www.linkedin.com/company/künstlermedia-entertainment-gmbh,www.kuenstlermedia.de,"Willkommen bei Ihrer Eventagentur! Veranstaltungen – gewusst wie. Ihr Komplettpaket aus einer Hand. Mit Know-how und Leidenschaft zum Erfolg: Ob angesagte Konzerte, beeindruckende Events oder große Festivals – für Sie übernehmen wir die komplette Organisation Ihrer Veranstaltung.  Vom ersten Beratungsgespräch an über die Konzeption bis hin zur reibungslosen Durchführung sind wir Ihr Partner in Sachen Entertainment. Denn durch unsere langjährige Erfahrung wissen wir was wie und wann zu tun ist. Mit Sorgfalt und Blick auf das Wesentliche. Ihre Veranstaltung – unsere Leistung: •	Künstlervermittlung aus jedem Genre •	Passende Beleuchtungs- und Beschallungssysteme •	Vielseitige Ausstattungskonzepte mit festen Zelten und Partyzelten •	Integration von Show-Effekten wie Feuerwerke, Lasershows oder Dancing Water •	Kulissenbau •	Erstellung individueller Dekorationskonzepte  •	Einsatz von Aktionsgeräten Wir veranstalten für Sie: •	Konzerte •	Festivals •	Partys •	Zeltveranstaltungen •	Firmenevents / Corporate Events •	Eröffnungen •	Straßen- und Stadtfeste •	Messeevents Unsere Leistungen: •	Konzeption •	Künstlerauswahl •	Verträge •	Technik •	Security / Sicherheitskonzepte •	Catering •	Marketing •	Ticketing WIR LEBEN LEIDENSCHAFT.",Germany,1.28645,,,
Univents GmbH,861695.0,"Germany, Baden-württemberg, Marbach Am Neckar, 38 Veilchenweg, 71672",https://www.linkedin.com/company/univents-company,univents.company,"We're building a platform business for events. On the consumer side, we offer a personalized overview of various events in your surrounding area combined with a social network to get to know new people and meet with friends. On the producer side, we are implementing an event management suite. Organizers will have the ability to set up and market their events in various ways on our platform; trackable advertisements, ticketing, and community management included.",Germany,0.861695,,,
Magic Ticketing,666243.0,"Germany, Baden-württemberg, Stuttgart, 31 Naststraße, 70376",https://www.linkedin.com/company/magic-ticketing,www.magic-ticketing.info,"Einfach. Schnell. Ticket verkaufen. Mit Magic Ticketing haben wir ein System geschaffen, das aus der Praxis kommt – für alle, die heute mehr brauchen als eine klassische Ticketlösung. Wir wissen, wie viel Herzblut, Zeit und Verantwortung in jeder Veranstaltung steckt. Denn wir betreiben selbst ein eigenes Theater – und erleben täglich, was Veranstalter wirklich brauchen. Deshalb haben wir uns gefragt: Warum gibt es kein Ticketsystem, das einfach funktioniert, dabei fair kalkuliert ist – und mitdenkt? Jetzt gibt es genau das. 🎟️ Magic Ticketing ist Ihre All-in-One-Plattform für modernen Ticketvertrieb. Ob Theater, Varieté oder Live-Event – wir liefern Ihnen die Werkzeuge, um Ihre Vorstellungen erfolgreich zu verkaufen: ✅ Echtzeitsaalplan & individuelle Preismodelle ✅ Volle Kontrolle über Ihre Kundendaten ✅ DSGVO-konformes Marketing-Tracking inklusive Conversiondaten ✅ Persönlicher Support – keine Warteschleifen, sondern echte Hilfe ✅ Einfache Abrechnung, transparente Kosten, faire Bedingungen Warum wechseln so viele Veranstalter zu uns? Weil unser System nicht nur günstiger ist (bis zu 30 % Ersparnis), sondern auch einfach Spaß macht – im Handling wie in der Wirkung beim Publikum. Ihre Besucher:innen buchen in Sekunden, erhalten perfekt designte Tickets – und Sie wissen jederzeit, was läuft. Sie möchten wissen, woher Ihre Käufer kommen? Kein Problem. Sie wollen Newsletter verschicken, aber die Adressen gehören aktuell Ihrem Ticketdienstleister? Nicht mit uns. Magic Ticketing bringt Veranstalter wieder in die Position, die ihnen zusteht: ans Steuer. 👉 Lassen Sie sich unverbindlich zeigen, was alles möglich ist: 📩 service@magic-ticketing.com 📞 0711 34069300 🌐 www.magic-ticketing.com",Germany,0.666243,,,
Ticketing Advisor,235831.0,"Germany, Berlin, Berlin, 91-95 Kiehlufer, 12059",https://www.linkedin.com/company/ticketing-advisor,ticketingadvisor.com,"We find solutions for intelligent ticketing, digital marketing and CRM through innovation and technology.",Germany,0.235831,,,
TIVENTS,474166.0,"Germany, Saxony-anhalt, Halle, 56 Mansfelder Straße, 06108",https://www.linkedin.com/company/tivents,tivents.de,"TIVENTS macht den Verkauf von Gutscheinen und Tickets für Events aller Art zu einem Kinderspiel! Dank einer übersichtlichen Oberfläche lassen sich Angebote mit wenigen Klicks erstellen und in den Verkauf bringen. Modulare Erweiterungen erlauben eine Spezifizierung der Plattform für bestimmte Einsatzzwecke. Es kann unter anderem auf ein (kostenlos nutzbares) Vorverkaufssystem oder ein Teilnehmermanagement zurückgriffen werden, selbst eine ÖPNV-Einbindung ist möglich. TIVENTS setzt auf ein hohes Maß an Integration. Mit unserem TIVENTS Plugin für Wordpress können Ihre Angebote auf der eigenen Seite stets aktuell angezeigt und potentielle Käufer direkt zur entsprechenden TIVENTS-Produktseite geführt werden. Eine eigne Webseite ist bei uns ebenfalls problemfrei möglich.  Daneben können Verkaufs- und Produktseiten individuell gestaltet werden, so dass ein eigener Shop überflüssig wird. Die angezeigten Produkte lassen sich auf die eigenen oder auch ausgewählte Angebote begrenzen. Die Administration des Shops, die Zahlungsabwicklungen gegenüber den Käufern und die Bereitstellung der Tickets werden von TIVENTS übernommen. Alle Erweiterungen der Plattform genauso wie die CheckIn App können genutzt werden. TIVENTS setzt auf ein transparentes Preismodell, Kosten entstehen nur bei Verkäufen! Gutscheine kosten jeweils 1,15 € sowie 4% des Gutscheinwerts, die Gültigkeitsverwaltung sowie eine optische Anpassung des Tickets sind inklusive. Tickets für Events kosten 0,70 € sowie 4% des Produktwerts; bei tivents-Pro-steigt der Preis auf 1,15 € sowie 4% des Produktwerts, das Teilnehmermanagement ist hier jedoch inkludiert Preise für eigene Verkaufsansichten und Erweiterungen auf Anfrage",Germany,0.474166,,,
AREA69 // The European Hedonism Festival,474166.0,Germany,https://www.linkedin.com/company/area69-the-european-hedonism-festival,www.area69-festival.eu,AREA69 is a lifestyle-festival which will take place in July 2010 in Germany for the first time. The venue's location is in an ancient palace's park and the building itself. It's located near Berlin. Tickets are limited to 500 for ladies and 500 for gentlemen. It's a festival for adults...,Germany,0.474166,,,
Rise Of AI,624672.0,"Germany, Berlin, Mühlenstraße",https://www.linkedin.com/company/rise-of-ai,www.riseof.ai,"🎉 Rise of AI Conference 2026 – Celebrating 10 Years of Building Europe’s AI Ecosystem 📅 5–6 May 2026 | 📍 Berlin & Online Everything you need to join us 👉 https://riseof.ai/linktree/ 🔎 Why attend? Since 2014, Rise of AI has connected founders, researchers, policymakers and corporate leaders across Europe—building a space for honest dialogue, long‑term thinking and cross‑sector collaboration.  For our 10th anniversary, we’re hosting a curated edition reflecting on Europe’s progress in AI—and looking forward to what comes next.  🎤 What you can expect: Exclusive in‑person experience: limited to only 300 seats in Berlin for top‑tier networking.  Virtual access: unlimited streaming available for those online.  Two stages: the Meta Stage (big ideas, policy, business) and the Applied AI Stage (practical demos, business pitches, scaling).  Intimate and high‑quality networking: fewer attendees, more meaningful connections.  A sustainable event: from vegan‑first catering, organic sourcing, recycled print materials and living plant décor.  📌 Get involved: Want to speak at the event? We’re curating our speaker lineup now—submit your application before end of 2025.  Interested in partnerships? Around 37 % of slots already confirmed — reach out for tailored collaborations.  Ready to attend? Tickets on‑site and online available — reserve your spot early.  ✨ Hosted by Veronika Westerheide and Fabian Westerheide, this is more than a conference—it’s the class reunion for Europe’s AI pioneers. We bring back the best of the past decade and invite the new generation of builders committed to shaping Europe’s path in AI.  Don’t forget: ✔ Subscribe to our Newsletter: https://bit.ly/RoAI_NL ✔ Get your Ticket: https://riseof.ai/conference-2026/ ✔ Follow our LinkedIn Community ✔ Connect with Veronika and Fabian Westerheide",Germany,0.624672,,,
Horn To Be Wild - Festival,832896.0,"Germany, Bremen, Bremen, 50 Ronzelenstr., 28359",https://www.linkedin.com/company/horn-to-be-wild-festival,www.horntobewild-festival.de,"„Horn to be wild“ is a non-profit festival series in Bremen (North-Germany) for young adults, teenagers and families, where new and local bands perform. The festival is organized by the ""Jugendkulturverein Horn e.V."", where everybody is working voluntary. Since 2014 it provides a local space to relax with friends and family or to go wild to the music. All 900 tickets of the 2016 festival were sold out in the first three hours and this year we had space for a total of 1500 visitors and reached an amount of 1300 guests.",Germany,0.832896,,,
Twotickets,2560059.0,"Germany, Berlin, Berlin, 2 Milastraße, 10437",https://www.linkedin.com/company/twotickets.de,www.twotickets.de,"TwoTickets.de ist ein deutschlandweiter Club für Stadtentdecker:innen. Unsere Mitglieder erleben jeden Monat neue Veranstaltungen von Kultur über Entertainment bis hin zu Sport – immer zu zweit. TwoTickets.de macht sie zu Stadtentdecker:innen. Wir informieren und aktivieren sie und helfen ihnen bei der Orientierung und dem Entdecken von Kultur in ihrer Region. So ermöglichen wir das Kennenlernen von Neuem, Highlights und Geheimtipps wie auch das Erleben der Vielfalt des kulturellen Lebens – ob kurzfristig oder geplant. Wir berücksichtigen dabei die persönlichen Interessen. Unsere Mitglieder treffen bei TwoTickets.de auf Gleichgesinnte für gemeinsame Erlebnisse und zum Austausch darüber. Sie empfehlen und bewerten Veranstaltungen und Orte für andere Stadtentdecker:innen. TwoTickets.de ist frei zugänglich im Internet, mobile und in sozialen Netzwerken. Für einen moderaten monatlichen Beitrag erhalten unsere Mitglieder Zugang zu vielen Veranstaltungen und Vorteile beim Kauf rabattierter Tickets. Unsere Partner-Veranstalter treffen auf die Mitglieder als eine zugespitzte Zielgruppe von Stadtentdecker:innen, die mehr ausgehen möchte. TwoTickets.de ist ihr Marketing-Tool für Information, Promotion, Multiplikation und Feedback. Sie können dabei auf kostenfreie Angebote und erweiterte, kostenpflichtige Optionen zurückgreifen.",Germany,2.560059,,,
Nearstage,474166.0,Germany,https://www.linkedin.com/company/nearstage,www.nearstage.com,Nearstage provides an advanced ticketing solution for events with a focus on the overall guest experience. In 2015 it has been founded as a joint venture of Conclurer GmbH and Rocking High GmbH.,Germany,0.474166,,,
CTS Eventim AG & Co. KGaA,2917832723.0,"Germany, Bremen, Bremen, 75 A Contrescarpe, 28195",https://www.linkedin.com/company/cts-eventim-ag,www.eventim.de,"CTS EVENTIM ist einer der international führenden Anbieter in den Bereichen Ticketing und Live Entertainment. Pro Jahr werden ca. 250 Millionen Tickets über die Systeme des Unternehmens vermarktet – stationär, online und mobil. Zu den Onlineportalen zählen Marken wie eventim.de, oeticket.com, ticketcorner.ch, ticketone.it und entradas.com. Zur CTS EVENTIM-Gruppe gehören zahlreiche Veranstalter von Konzerten, Tourneen und Festivals wie „Rock am Ring“, „Rock im Park“, „Hurricane“, „Southside“ oder „Lucca Summer“. Gemäß „Global Promoter Ranking 2022“ von Pollstar ist die Gruppe der drittgrößte Veranstalter der Welt. Darüber hinaus betreibt CTS EVENTIM einige der renommiertesten Veranstaltungsstätten Europas, etwa die Kölner LANXESS arena, die K.B. Hallen in Kopenhagen, die Berliner Waldbühne und das EVENTIM Apollo in London. Die CTS Eventim AG & Co. KGaA (ISIN DE 0005470306) ist seit 2000 börsennotiert und Mitglied des MDAX. Der Konzern erwirtschaftete 2022 in mehr als 20 Ländern einen Umsatz von 1,9 Mrd. Euro. -- CTS EVENTIM is a leading international provider of ticketing services and live entertainment. About 250 million tickets per year are marketed using the Company’s systems – through physical box offices and mobile/online portals. These portals operate under brands such as eventim.de, oeticket.com, ticketcorner.ch, ticketone.it and entradas.com. The CTS EVENTIM Group also includes a number of companies promoting concerts, tours, and festivals such as Rock am Ring, Rock im Park, Hurricane, Southside, and Lucca Summer. According to Pollstar’s global rankings for 2022, the EVENTIM Group is the third-biggest promoter in the world. In addition, CTS EVENTIM operates some of Europe’s most renowned venues, for example the LANXESS Arena in Cologne, the K.B. Hallen in Copenhagen, the Waldbühne in Berlin, and the EVENTIM Apollo in London. CTS Eventim AG & Co. KGaA (ISIN DE 0005470306) has been listed on the stock exchange since 2000 and is a member of the MDAX segment.",Germany,2917.832723,,,
Myticket.de,3578342.0,"Germany, Hamburg, Hamburg, 20 Johannisbollwerk, 20459",https://www.linkedin.com/company/mytic-myticket-ag,myticket.de,"myticket.de ist ein Angebot der DEAG Deutsche Entertainment AG, einem führenden Anbieter von Live-Entertainment in Europa. myticket bietet nicht nur viele Events direkt vom Veranstalter, sondern auch exklusiven Presales an. Ob nun Rock/Pop-Konzert, Klassik-Highlight, Musical oder Family-Event - wir ermöglichen Konzertgängern und Event-Liebhabern einen bequemen Zugang zu deinen Wunschtickets; natürlich rund um die Uhr, platzgenau und ohne zeitintensive Wege oder langes Warten! Und da es sich bei unseren Tickets um hochwertig gestaltete Colortickets im aktuellen Tour-Design handelt, fängt die Vorfreude schon beim Öffnen des Briefes an! Impressum:  https://www.myticket.de/de/unternehmen/impressum Datenschutz: https://www.myticket.de/de/unternehmen/datenschutz",Germany,3.578342,,,
S-E-T-T Sport & Events Tours & Travel,2498688.0,"Germany, Berlin, Berlin, 194 Kurfürstendamm, 10707",https://www.linkedin.com/company/s-e-t-t-sport-&-events-tours-&-travel,www.s-e-t-t.com,"Your one-stop solution for MICE, Incentives, Hotel Booking, Sports Travel, Sports tickets, Leisure Groups, and Conference Planning. Trust us to make your events and travel experiences unforgettable!",Germany,2.498688,,,
Jeplore,474166.0,"Germany, Hamburg, Hamburg, 34 Bachstraße, 22083",https://www.linkedin.com/company/jeplore,jeplore.com,"Konzerte entdecken – jeplore.com ist eine innovative Konzertplattform, auf der du Konzert-Empfehlungen durchswipen & zukünftig auch bei manchen Events auf Tickets bieten kannst. Hiermit wollen wir mehr Menschen einen Konzertbesuch ermöglichen, aufstrebenden Künstlern durch unsere Event-Empfehlungen mehr Aufmerksamkeit bringen und Veranstaltern helfen, ihre Zielgruppe zu stärken.",Germany,0.474166,,,
Comfortticket Karten- Und Vertriebsservices GmbH,666243.0,"Germany, Schleswig-holstein, Lübeck, 5 Maria-goeppert-str., 23562",https://www.linkedin.com/company/comfortticket-karten--und-vertriebsservices-gmbh,www.comfortticket.de,"Jeder Veranstalter hat ein unverwechselbares Profil mit spezifischen Anforderungen an Kartenvertrieb und Besucherservice. Daher entwerfen wir für jeden Kunden, sei es Theater, Oper, Festival, Konzerthaus, Science Center, Stadthalle, Museum oder Eventlocation ein maßgeschneidertes Konzept von der Kleinstlösung bis zur Full-Service-Dienstleistung. Wählen Sie so viel Comfort(ticket), wie Sie brauchen. Seit über 15 Jahren sind wir im Kartenvertrieb und Besucherservice tätig. Mit unserer langjährigen Erfahrung beraten wir Sie umfassend und kompetent. Aus unserer Palette von Dienstleistungen, Modulen und Produkten, die wir zusammen mit unseren Partnerunternehmen bereitstellen, wählen Sie gemeinsam mit uns die Komponenten aus, die Sie brauchen. Lassen Sie sich von uns Ihr Leistungspaket schnüren! Impressum: comfortticket Karten- und Vertriebsservices GmbH Maria-Goeppert-Str. 5 - D-23562 Lübeck Tel. +49  451 583459 00 Fax. +49  451 583459 99 Geschäftsführer: Björn Schlesselmann Registergericht: Amtsgericht Lübeck Registernummer: HRB 19551 HL Umsatzsteuer-Identifikationsnummer gemäß § 27 a Umsatzsteuergesetz: DE 232606795",Germany,0.666243,,,
SmartEvents,1670310.0,"Germany, Saxony, Dresden, 4 Hermann-mende-straße, 01099",https://www.linkedin.com/company/smarteventsde,smartevents.de,"smartEvents unterstützt Sie bei der Organisation Ihres Events. Mit unserer einzigartigen Kombination aus Soft- und Hardwareexpertise optimieren wir Ihre Abläufe und bringen die Durchführung auf ein neues Level. Teilnehmermanagement, Ticketing, Check-In und der Druck von Namensschildern unterstützen wir mit der passenden Software und den dazu kompatiblen Geräten. Entweder als Miete im Self-Service oder mit kompetenten und emphatischen Support vor Ort. Als Partneragentur für evenito, pretix und RIngCentral events holen wir das Beste aus Ihrer Veranstaltung.",Germany,1.67031,,,
EVENTIM.Inhouse,5868099.0,"Germany, Bremen, Bremen, Contrescarpe, 28195",https://www.linkedin.com/company/eventim-inhouse,www.eventim-inhouse.com,"For over 20 years, EVENTIM.Inhouse, has been one of Europe’s leading ticketing systems providers for theatres, opera houses, concert halls and sports organisations.  Designed around a modular infrastructure, the system can be configured to meet any operational and business requirements, with the ability to scale and streamline your working practices. Through our incredibly flexible technology, our solution offers a wide range of tools to enhance any ticketing strategy, improve online experience, enhance box office processes and increase operational efficiencies.  But we are more than just a B2B solutions provider.  EVENTIM.Inhouse is owned by CTS EVENTIM - Europe's number 1  ticketing and live entertainment company and the 2nd largest ticketing retailer in the world.  By using our EVENTIM.Inhouse solution, our clients have the option to list their events across our B2C retail networks, giving their events exposure to millions of new customers - a sales channel not offered by any other B2B solutions provider in the market.",Germany,5.868099,,,
QT/ THE EVENT STUDIO,1075142.0,"Germany, Berlin, Berlin, 32 Apostel-paulus-strasse, 10823",https://www.linkedin.com/company/qt-eventstudio,www.qteventstudio.com,"Welcome to QT/THE EVENT STUDIO. Where unforgettable moments are made. For over 20 years, we’ve been turning visions into reality, creating extraordinary events both locally and around the globe. Whether you’re planning a major corporate gathering, an immersive product launch, a virtual conference, or a hybrid experience, we bring together creativity, strategy, and the latest technology to make it happen. From Live, Digital, and Hybrid Events to full Destination Management and Event Production Services, every detail is crafted with precision to meet your goals and captivate your audience. And because we specialize in international events, you can trust us to deliver flawless experiences anywhere in the world. At QT/THE EVENT STUDIO, events aren’t just organized, they’re designed to resonate, inspire, and leave a lasting impact. We can support you with: – Event Design & Creative Direction – Hotel and Venue Sourcing – Audiovisual & Technical Support – Transportation & Logistical Coordination – Event Ticketing Services – Ground Staff Support – Incentive Program Development – Restaurant & Catering Management – Tailored Activities & Teambuilding Experiences – Dedicated On-Site Support A brand of Quality Travel GmBH.",Germany,1.075142,,,
My Event Pass GmbH,416448.0,"Germany, Bavaria, Munich, 45 Westenriederstraße, 80331",https://www.linkedin.com/company/myeventpass,www.myeventpass.com,"Mit My Event Pass erhältst Du direkten Zugang zu Kinos, Konzerten, Theater und Museen in München – einfach, bequem und zu top Konditionen. Aktuell verfügbar in München! Die Benefits?  1. Die Events auf einen Blick: Sehe, was in München gerade passiert - heute, morgen oder am Wochenende. Du erhältst Empfehlungen nach Deinem Geschmack. Mit My Event Pass verpasst Du nichts mehr. 2. Größte Vielfalt mit nur einem Pass: Erhalte Zugang zu über 2.200 Kulturveranstaltungen, egal ob Kino, Konzert, Theater oder Museum - ganz einfach mit nur einem Account. Du kannst zum Beispiel aus allen verfügbaren Konzerten von München Tickets wählen - es gibt kein größeres Angebot für München. 3. Immer günstiger als im klassischen Vorverkauf Sichere Dir exklusive Sonderkonditionen von bis zu -50 %. Die Tickets sind für Dich immer günstiger als im klassischen Vorverkauf. Alle Details auf https://www.myeventpass.com/.",Germany,0.416448,,,
Krasser Stoff Merchandising GmbH,2536924.0,"Germany, Berlin, Berlin, Wolfener Straße 36 Aufgang Z, 12681",https://www.linkedin.com/company/krasserstoff,www.krasserstoff.com,"Wir versorgen die Welt mit krassem Stoff von K.I.Z, Casper, Kraftklub, Deichkind, Die Fantastischen Vier, AnnenMayKantereit, Tocotronic, Mia Morgan, Blond und über 50 weiteren Künstler-, Influencer- und Podcastern*Innen. Über krasserstoff.com und individuelle Artist Shops vertreiben wir, als innovativer und unabhängiger Dienstleister für Künstler*Innen, Festivals und Veranstalter*Innen deren Merchandise, Tickets und Tonträger.",Germany,2.536924,,,
TicketTune Online-Ticketverkaufs-System,474166.0,"Germany, Thuringia",https://www.linkedin.com/company/tickettune,www.tickettune.de,"Die Lösung für Ihren Ticketverkauf TicketTune ist die Komplettlösung für Ihren Online-Vorverkauf. Vom Ticketverkauf auf Ihrer eigenen Internetseite oder Ihrer Facebook-Seite über die Kommunikation mit Ihren Gästen bis hin zum reibungslosen Einlass zum Event. Als Veranstalter jeder Größe bietet Ihnen unsere Online-Ticketing-Lösung die Möglichkeit, Ihre Ticketverkäufe zu steigern und dabei den bisherigen Verwaltungsaufwand auf ein Minimum zu reduzieren. Das Ticketshop-System wurde gemeinsam mit Veranstaltern in der Praxis entwickelt und wird immer weiter optimiert und um effiziente Funktionen erweitert. Dabei sind uns die Sicherheit und ein faires Preismodell besonders wichtig. Alle Ihre Kundendaten, Finanzdaten, Statistiken, Designs und Texte haben Sie selbst in der Hand. TicketTune ist nun seit über fünf Jahren und über 500 Events erfolgreich im Einsatz. Gerne entwickeln wir für Sie individuelle Lösungen direkt auf Ihre Wünsche und Anforderungen zugeschnitten. Vorteile für Veranstalter auf einen Blick – Tickets im individuellen Design – reibungsloser Einlass dank Smartphone App – alle Kundendaten und Bestelldaten gehören Ihnen – direkter Verkauf über Ihre eigene Internetseite oder Facebook – alle Einnahmen direkt und schnell auf Ihr Konto – faires Preismodell ohne Mindestumsatz und ohne Mindestvertragslaufzeit – jederzeit alles im Blick mit professionellen Analyse-Tools – individuelle Saalpläne und Sitzpläne – große Auswahl an Zahlungsarten – einfache Bestellabwicklung Rufen Sie uns einfach an oder schreiben Sie uns eine E-mail um Ihre persönliche und unverbindliche Live-Demo zu vereinbaren. Telefon (03691) 7414327 oder info@tickettune.de",Germany,0.474166,,,
Showbiz-Management & Booking,2555108.0,"Germany, North Rhine-westphalia, Langerwehe, 6 Ringstraße, 52379",https://www.linkedin.com/company/showbiz-management-&-booking,www.showbiz-management.com,"• Künstleragentur • Event Management • Promotion • Tickets • Eventbedarf • www.showbiz-management.com www.facebook.com/showbizmanagement  Seit 1994 sind wir diejenigen die hinter diversen Künstlern, Firmen, hinter den Kulissen, Konzerten, Tourneen, diversen Festivals, Produkt Präsentationen und zahlreichen anderen Veranstaltungen stehen. Sie suchen einen nationalen oder internationalen Künstler? Sie brauchen ein exklusives Line Up? Wir sind jederzeit in der Lage, ihnen Künstler für jeden Rahmen & zu fairen Konditionen vermitteln und zu buchen. Showbiz-Management: Künstlervermittlung Eventmanagement - Planung von A-Z Künstlermanagement & Booking  Event Sicherheit  ( Sicherheitskonzepte, Brandschutz Konzepte, Verkehrsleitkonzepte)  Showbiz Tickets: Vorverkauf für Sie Ticketshop für jeden Werbung für ihre Events Einlass Systeme & Kontrolle, Personal, Kasse Partner von Eventim , Ticketmaster, Ticketscript  Showbiz-Promotion & Marketing:                                                                                            Promotion  							 Event Marketing  						 Werbeartikel & Merchandise 							 Internetpräsenzen / Webdesign Werbe Kampagnen Social Media Marketing Facility Management Event & Kultur Personal Vermittlung Showbiz-Trading Company:    Eventbedarf von A-Z  zur Miete und zum Kauf Event Möbel Ausstattung Import & Export Werbeartikel Merchandise Arbeitsbekleidung Sie sind Veranstalter, Firmeninhaber und wollen Geld & Zeit sparen? Beauftragen sie eine diplomierte Event / Business Management & Marketing Firma. Die Showbiz Management & Booking Agency. Unser Beruf ist unsere Leidenschaft!",Germany,2.555108,,,
Allgäu Concerts GmbH,1930569.0,"Germany, Bavaria, Buchenberg, Campimontweg, 87474",https://www.linkedin.com/company/allgaeu-concerts-gmbh,www.allgaeu-concerts.de,"Mit durchschnittlich 60 Konzert-, Musical- und Open Air-Veranstaltungen im Jahr gehört Allgäu Concerts zu den größten „Örtlichen Veranstaltern“ im Raum Allgäu/Bodensee/Oberschwaben. In der täglichen Arbeit ist uns dabei die Förderung junger Künstler im Club-Segment genauso wichtig wie die qualitativ hochwertige Durchführung eines Open Air-Konzertes. Neben der technischen Planung und Umsetzung vor Ort gehören die Auswahl einer geeigneten Location, Ticketing-Anlagen, ein individuelles Marketing sowie eine innovative Medien- und Presse-Arbeit zu den Kernaufgaben unseres hoch qualifizierten Teams.  Egal ob für 100 oder 10.000 Besucher – wir verstehen uns stets als Mittler der Emotionen zwischen Künstlern und Publikum.",Germany,1.930569,,,
Silicon Drinkabout Munich,208224.0,"Germany, Bavaria, Munich, 15 Kaufinger Str., 80331",https://www.linkedin.com/company/sda-munich,sda-munich.de,"Silicon Drinkabout is a free weekly event that brings people from the startup scene in Munich together to startup offices and bars around Munich. If it's a ticketed event and our tickets have sold out, subscribe here at http://eepurl.com/bziDEz to get the special tickets. For startups, hosts and sponsors: If you want to host an event or present your products to the startup scene, just drop us a message at munich@silicondrinkabout.com",Germany,0.208224,,,
Talkzone,1456103.0,"Germany, North Rhine-westphalia, Köln, 5 Im Mediapark, 50670",https://www.linkedin.com/company/talkzone,www.talkzone.me,"Wir sind Talkzone, ein Start-up-Unternehmen mit Sitz in Köln, das interaktive virtuelle Events entwickelt, um aus der Situation das Beste zu machen. Wir haben Talkzone gegründet, um Menschen miteinander zu verbinden. Wir ermöglichen virtuelle Meet-ups, wie zum Beispiel die virtuelle Bar. Um an unseren Events teilzunehmen, ist eine kostenlose, einmalige Registrierung notwendig. Danach kann man die Events frei wählen.  Das sind unsere aktuellen Veranstaltungen: Die Virtuelle Bar - Jeden Mittwoch ab 20 Uhr  - Kostenlos  - Treffen in der Virtuellen Bar- hier finden Gruppengespräche statt, oder im Speed Networking, also im 1:1 Gespräch  Singles Night: - Besonders zu Zeiten von Corona ist das Thema Dating schwierig. Das hin und her swipen von möglichen Tinder-Matches wird irgendwann langweilig.  - Die Singles Night richtet sich aktuell an Frauen und Männer (hetero) zwischen 20 und 32 Jahren. (Weitere Zielgruppen sind in Planung)  - Kosten: 8,90€ pro Ticket  - Zu Beginn der Singles Night finden Speed-Datings statt.  - Daraufhin besteht die Möglichkeit zu Gruppengesprächen.  - Am Ende des Abend generieren wir die Matches, die sich dann kontaktieren können.",Germany,1.456103,,,
TicketPAY Europe GmbH,3539808.0,"Germany, North Rhine-westphalia, Hamm, 27 Herbert-rust Weg, 59071",https://www.linkedin.com/company/ticketpay,www.ticketpay.de,"TicketPAY offers a cloud-based, all-in-one ticket shop solution for self-service use by event organizers for events of any size and quality (festivals, concerts, trade fairs, sport events, daily entries etc.). The innovative ticketing platform is complemented by numerous options, such as hall plan booking, package bookings, pre-sales, controlled secondary ticket sales, payment processing, but also on-site services, such as mobile admission systems, turnstiles or RFID admission, POS payment solution and more. All technical solutions offer full flexibility to meet the different needs of event organizers and helps to make their businesses easier. Founded in 2012 with currently more than 9000 registered event organizers,  TicketPAY considers itself a strong partner for its customers and a comprehensive solution provider with high innovation standards in the events sector.",Germany,3.539808,,,
Ratiopharm Arena,2517336.0,"Germany, Bavaria, Neu-ulm, 25 Europastraße, 89231",https://www.linkedin.com/company/ratiopharmarena,ratiopharmarena.de,"Interessiert an unvergesslichen Erlebnissen in einer besonderen Atmosphäre? Ob Sie ein Ticket für ein angesagtes Event ergattern wollen, eine private Feier ausrichten oder eine betriebliche Gala – bei der ratiopharm arena sind Sie richtig.",Germany,2.517336,,,
EMENDO Event + Congress GmbH & Co. KG,1665792.0,"Germany, Baden-württemberg, Ostfildern, 25 Riedstraße, 73760",https://www.linkedin.com/company/emendo-event-&-congress,www.emendo-events.de,"Das Teilnehmermanagement ist der erste Eindruck für deine Teilnehmer und Gäste – und dafür gibt es bekanntlich keine zweite Chance!  EM.EX Mit EM.EX kannst du das Teilnehmermanagement für deine Veranstaltungen professionalisieren: 👉🏼 CI-gerechte Anmeldeplattformen 👉🏼 Mailings senden 👉🏼 individuelle Ticket- und Buchungsstrukturen 👉🏼 Anmeldungen verwalten 👉🏼 Seating 👉🏼 Rechnungsstellung und Mahnwesen 🚨 Check unsere Website www.emendo-events.de für alle Funktionen Teilnehmermanagement  Wir übernehmen das komplette Teilnehmermanagement für dein Event, inklusive Konzeption, Kommunikation und Logistik: 👉🏼 Teilnehmerverwaltung mit Programmbuchungen und Abrechnung 👉🏼 Hotlineservice 👉🏼 Einladungsversand 👉🏼 Shuttle-Management 👉🏼 Reiseplanung  Vor Ort Wir lassen dich auch vor Ort nicht im Stich und kümmern uns um Check-In: 👉🏼 Ticket-/ Zugangskontrollen 👉🏼 Bereitstellung der Technik 👉🏼 Hostessenbriefing 👉🏼 Auslastungsmanagement 👉🏼 Besucherführung Impressum: EMENDO Event + Congress GmbH & Co. KG Riedstraße 25 73760 Ostfildern",Germany,1.665792,,,
BDKV Bundesverband Der Konzert- Und Veranstaltungswirtschaft E.V.,1943830.0,"Germany, Hamburg, Hamburg, 10 Georgsplatz, 20099",https://www.linkedin.com/company/bdkv-e-v,bdkv.de,"Der BDKV Bundesverband der Konzert- und Veranstaltungswirtschaft verbindet die deutsche Live-Entertainment-Branche und repräsentiert insbesondere rund 500 Veranstaltungsunternehmen, Agenturen und Gastspieldirektionen aus den Bereichen Konzert, Musical, Wort und Family Entertainment.  Als Wirtschaftsverband bündelt und vertritt er die Interessen der Branche gegenüber der Öffentlichkeit, Behörden und der Politik, bundesweit und darüber hinaus – beispielsweise in den Bereichen des Steuer- und Urheberrechtes, internationalen Handelsregeln, dem Tarifrecht der GEMA und oder Förder- bzw. Hilfsprogrammen. Die Mitgliedsunternehmen profitieren von geldwerten Serviceleistungen und werden in ihrer Kompetenz und Innovationskraft gestärkt. Zudem engagiert sich der BDKV für soziale und ökologische Nachhaltigkeit, Geschlechtergerechtigkeit sowie Nachwuchs- und Fachkräfteförderung.   Die Konzert- und Veranstaltungsbranche erwirtschaftet bei 300.000 Veranstaltungen und mit mehr als 115 Millionen verkauften Tickets einen jährlichen Gesamtumsatz von über sechs Milliarden Euro.  Netzwerk des BDKV: • Mitglied in den Branchenallianzen Forum Veranstaltungswirtschaft, Forum Musikwirtschaft, Koalition k3d • Mitglied in der Interessengemeinschaft Veranstaltungswirtschaft (IGVW e.V.) • Mitglied im Deutschen Musikrat • Unterzeichner der Pledge von Keychange, der internationalen Initiative zur Geschlechtergerechtigkeit in der Musikbranche • Unterzeichner der Erklärung des Bündnis “Gemeinsam gegen Sexismus“ • Fachausschuss Urheberrecht des Deutschen Kulturrats • Anteilseigner Verwertungsgesellschaft GWVR mbH • Registriert im Lobbyregister des Deutschen Bundestags und der EU • Europäische Branchennetzwerke wie ILMC • Initiative Musik gGmbH • Hamburg Music e.V. • Kompetenzpartnerschaften mit The Changency, Act Aware e.V., REDEZEIT FÜR DICH",Germany,1.94383,,,
KaufmeinTicket,624672.0,"Germany, North Rhine-westphalia, Sankt Augustin, 2 Am Otenberg, 53757",https://www.linkedin.com/company/kaufmeinticket,www.kaufmeinticket.de,"KaufmeinTicket provides music fans, sports lovers, theater visitors and festival freaks with an online marketplace to buy and sell tickets against fair prices. We are out on a mission to provide our visitors with a safe, simple, and fair experience of buying and selling event tickets. We are pro fair ticket prices, which results in maintaining a 25% price cap. Our office is based in the Netherlands, from where we operate since 2019. For more information, feel free to contact us.",Germany,0.624672,,,
Das Wormser Tagungszentrum,5034672.0,"Germany, Rheinland-pfalz, Worms, 11 Rathenaustraße, 67547",https://www.linkedin.com/company/das-wormser-tagungszentrum,www.wormser-tagungszentrum.de,"2008 hat die Kultur und Veranstaltungs GmbH der Stadt Worms ihre Arbeit aufgenommen und setzt als städtischer Event- und Kommunikationsdienstleister einen öffentlichen Kulturauftrag um.  Von Großveranstaltungen wie den überregional bekannten Nibelungen-Festspielen oder dem Musikfestival „Worms: Jazz & Joy“ bis hin zum Mittelaltermarkt „Spectaculum“ und Veranstaltungen des Einzelhandels werden die größten und wichtigsten Veranstaltungen aus einer Hand organisiert. Auch Brauchtumsveranstaltungen wie „Spass uff de Gass“, das Backfischfest oder der Wormser Weihnachtsmarkt werden – in enger Zusammenarbeit mit dem Bereich III der Stadt (Messen & Märkte) – von der KVG koordiniert.  Daneben betreibt sie DAS WORMSER Theater, Kultur- und Tagungszentrum, das vielfältige Möglichkeiten für Tagungen, Präsentationen und kulturelle Highlights bietet. Als Full-Service-Anbieter leitet die KVG folgende Bereiche zentral: Marketing und Vertrieb, Projektplanung, Presse- und Öffentlichkeitsarbeit, technische Umsetzung, Ticketverkauf, Sponsoring sowie Verwaltung und Finanzen.",Germany,5.034672,,,
MyAgent UG,2536924.0,"Germany, Lower Saxony, Emden, 15 Granitstraße, 26725",https://www.linkedin.com/company/myagent-24,myagent-24.de,"Die MyAgent Geschichte Als ich einmal meiner Frau und mir etwas Gutes tun wollte, entschied ich mich ein schönes Wochenende für zwei zu suchen. Ich wollte ein bisschen Wellness, ein Musicalauftritt und eine Übernachtung. Zu Erst suchte ich in sämtlichen Portalen nach einer Wellnessmöglichkeit. Ich war erstaunt, dass schon sage und schreibe 2 Stunden rumgegangen sind, bis ich endlich etwas Schönes und preiswertes gefunden hatte. Als nächstes habe ich zwei Tickets für ein Musical gebucht. Es war interessant, welche Hintertüren es gibt, um noch ein paar Prozente Rabatt zu bekommen. Das hat auch ca. 1 Stunde gedauert. Nach weiteren 3 Stunden war ich zufrieden und konnte ein Hotel buchen, und konnte die Reservierung fertigmachen. Nach dieser langen und aufreibenden Prozedur, dachte ich mir, wäre es nicht schön, wenn ein anderer sich um das alles kümmern könnte. Und so ist die Idee von MyAgent entstanden. Wer ist MyAgent? MyAgent bietet für Sie eine Rundum-Betreuung in vielerlei Bereichen. Ganz gleich, ob Sie eine Reise planen oder einen Termin bei ihrem Hausarzt vereinbaren wollen – wir kümmern uns darum. Ebenso kümmern wir uns um Ihre Restaurantreservierungen, um die Suche nach Geschenken oder auch um Ihren Mode-Einkauf. Alle alltäglichen Aufgaben und Wünsche können wir für Sie erfüllen – während Sie Ihre Zeit genießen können. Wir möchten mit unseren verschiedenen Agenten Ihr Leben einfacher machen – Sie können uns somit als Ihren persönlichen Agenten verstehen. Was macht MyAgent? Wir machen alles, was Sie möchten. In fünf Bereichen kümmern wir uns um Ihre Anliegen. Und das an jedem Tag in der Woche. Wir führen Recherchen durch, vereinbaren Termine oder führen für Sie einen Preisvergleich durch. Auch übernehmen wir gerne für Sie Bestellungen oder Buchungen – so haben Sie mehr Zeit für die wirklich wichtigen Dinge und können dennoch sicher sein, die besten Angebote zu bekommen. Wir finden für Sie zum kleinen Preis perfekte Lösungen!",Germany,2.536924,,,
KOMPASS Events,208224.0,"Germany, Hallbergmoos, 7a Ludwigstrasse, 85399",https://www.linkedin.com/company/kompass-events,www.kompass-events.com,"KOMPASS Events ist eine Full-Service Agentur für Live-Kommunikation. Wir bieten zielgerichtete Orientierung bei der Wahl des richtigen Marketingmix und geben damit Ihrer Marke ein Gesicht. KOMPASS Events macht Ihre Marke erlebbar. Unsere Kreativität bildet die Basis für Ihr Konzept. KOMPASS Events verfügt über ein starkes Partner-Netzwerk, das auf eine langjährige und erfolgreiche Zusammenarbeit zurückblicken kann. Unser Leistungsspektrum umfasst integrierte Markenevents, Promotions, Incentives, Logistik und Consulting. Eine Karte kann Richtungen aufzeigen, eine Kompassnadel kann Wege vorgeben, aber beides zusammen ist die Anziehungskraft einer Idee, die als Wegweiser zum Ziel führt. Mit KOMPASS Events gehen Sie sicher in die richtige Richtung – Wir zeigen Ihnen den Weg!",Germany,0.208224,,,
Ztix GmbH,416448.0,"Germany, Hesse, Darmstadt, 21 Platz Der Deutschen Einheit, 64293",https://www.linkedin.com/company/ztix,ztix.de,"Vor über 20 Jahren revolutionierten wir mit Einführung unseres Ticketsystems das Online-Ticketing. ZTIX war europaweit das erste Online-Ticketsystem mit grafischer Saalplan-Darstellung, der Möglichkeit einer sitzplatzgenauen Buchung sowie der Bereitstellung von Print@Home-Tickets. Auch heute noch bieten wir Veranstaltern flexible und individuell zugeschnittene Lösungen, die den Ticketverkauf bestmöglich vereinfachen. Durch unsere jahrelange Erfahrung wissen wir, worauf es ankommt: ausgezeichnete Kundenberatung und -betreuung sind für uns selbstverständlich, um den Ticket-Verkauf so einfach wie möglich zu gestalten.",Germany,0.416448,,,
CreArgo GGmbH,416448.0,"Germany, Bavaria, Munich, 29 Südliche Auffahrtsallee, 80639",https://www.linkedin.com/company/creargo-ggmbh,www.creargo.de,"RAUM FÜR KULTUR. VERANSTALTUNGEN. GASTSPIELE. BERATUNG ● Veranstaltungsorganisation von kulturellen Großveranstaltungen im Bereich darstellende Kunst Booking Personal / Organisation Vertrieb / Marketing Markenkommunikation / Design Ticketing/ Stage-Management/ Künstlerbetreuung ● Unterstützung für Kulturbetriebe und Verwaltungen  - Analyse, Strategieentwicklung, Umsetzung Kulturentwicklungsplanung / Profil / Konzept  Strategie- / Organisationsentwicklung/ Personalentwicklung Machbarkeitsstudien / Nutzungskonzepte Markenstrategie und Markenentwicklung  Kommunikation / Coaching Moderation/Workshops/Seminare",Germany,0.416448,,,
SKS Michael Russ GmbH,5826938.0,"Germany, Baden-württemberg, Stuttgart, 17 Charlottenplatz, 70173",https://www.linkedin.com/company/sks-michael-russ-gmbh,www.michaelrussgmbh.de,"Der Name Russ steht in der Metropolregion Stuttgart für Kulturproduktionen auf höchstem Niveau. Im Blick haben wir dabei immer die Künstler und das Publikum zugleich – so schaffen wir einzigartige emotionale Momente für bis zu 1 Million Besucher - jedes Jahr. Ob als örtlicher Live-Entertainment Veranstalter, als Spezialist für Kultur-Marketing, als Full-Service Dienstleister bei der technischen Umsetzung mit eigenem Produktionspersonal oder auch als Partner für den Ticketverkauf auf stuttgart-live.de - unserem Ticket-Portal mit der größten Anzahl an Events in 100 KM Umkreis – wir sind Ihr verlässlicher Partner.",Germany,5.826938,,,
Kopfkino Event UG,235831.0,"Germany, North Rhine-westphalia, Köln, 81 Friesenwall, 50672",https://www.linkedin.com/company/kopfkinoevent,www.kopfkinoevent.de,Kopfkino: Poetry • Comedy • Live Musik Tickets & Infos unter: www.kopfkinoevent.de,Germany,0.235831,,,
Tectix,624672.0,"Germany, North Rhine-westphalia, Düsseldorf",https://www.linkedin.com/company/65506610,www.tectix.de,"tectix is a powerful online ticketing platform and provides event organizer, artists and sportclubs more flexibility, transparency and a wide range of opportunities for their ticket sales. We support you in all digital aspects of events and community building.",Germany,0.624672,,,
Tierisch Fröhlich,1012154.0,"Germany, North Rhine-westphalia, Spenge",https://www.linkedin.com/company/tierisch-fröhlich,tierischfroehlich.de,"Eine Plattform, auf der Helfer*innen den passenden Ort zum Helfen finden. Wie schön ist es, dass es unzählige Organisationen, Vereine, Personen gibt, die sich für Tierwohl einsetzen und wertvolle Arbeit leisten. Wie schade ist es, dass es in dieser medienbefüllten Zeit, schwierig ist präsent zu sein und die richtigen Personen aufmerksam zu machen. Andersrum fällt es meist schwer in dem Dschungel an Möglichkeiten die passende Suchanfrage zu stellen, um die geeignete Institution für sich zu finden. Mit Tierisch Fröhlich möchten wir genau diese Lücke schließen. Wir denken Jede*r kann helfen und manchmal braucht es dazu eben erst den Ort der sich richtig anfühlt und der errreichbar ist. Auf unserer Homepage findet ihr bald genauere Informationen, Kontaktdaten, sowie und das wird wahrscheinlich erstmal das Interessanteste; eine interaktive Karte, auf der ihr nach und nach Institutionen finden könnt, die sich in eurer Nähe für Tierwohl einsetzen.",Germany,1.012154,,,
Planet Sustainability,1012154.0,"Germany, Hamburg, Hamburg",https://www.linkedin.com/company/planetsustainability,planetsustainability.de,"Unser Handeln entscheidet über die Zukunft unserer Welt.  Deswegen möchten wir mit unserem virtuellen Emporium PLANET SUSTAINABILITY am 19. November 2020 den Absatz von nachhaltigen Geschäftslösungen fördern und den Aufbau unserer Wirtschaft im Sinne einer Green Recovery unterstützen!  Durch gezieltes Matchmaking und passende Formate, wie zum Beispiel ein digitales Speed Networking, treffen auf PLANET SUSTAINABILITY Innovator*innen mit Entscheidungskompetenz und Budgetverantwortung auf etablierte Startups mit nachhaltigen B2B-Lösungen, um konkrete Geschäftsbeziehungen einzugehen.  Dabei orientiert sich das Online-B2B-Event an den 17 Zielen für nachhaltige Entwicklung (17 SDGs). Die davon abgeleiteten Themenschwerpunkte für die Veranstaltung 2020 lauten:  - Nachhaltige & Energieeffiziente Gebäude  - Klimafreundliche Mobilität & Fuhrparks - Menschen- und Umweltgerechte Fertigung & Produktion - Ressourcenschonende Materialwirtschaft & Logistik - Sozial-ökologische Investitionen & Mittelverwendung - Zertifizierungen, Siegel & CO²-Kompensation - Regenerative Energieerzeugung & -versorgung - Alternative Landwirtschaft, Lebensmittelproduktion & -versorgung  Entstanden als Hilfe zur Selbsthilfe für B2B-Startups, während der weltweiten Pandemie 2020 und Aktion gegen die globale Klimakrise, hilft PLANET SUSTAINABILITY auch Dir Dein Unternehmen, durch nachhaltiges Handeln, stark für die Zukunft zu machen!  Finde nachhaltige Geschäftslösungen – Besuche PLANET SUSTAINABILITY!  Tickets gibt es ab sofort hier: planetsustainability.eventbrite.de Startups bewerben sich bitte bis zum 01.11.2020 unter: bewerben.planetsustainability.de https://planetsustainability.de/impressum/",Germany,1.012154,,,
Mastodonterne,3632009.0,"Germany, Berlin, Berlin",https://www.linkedin.com/company/mastodonterne,www.mastodonterne.dk,"dannet den 16. april 1988, af en gruppe venner der havde en fælles interesse for teater og sang. Mastodonterne har altid været drevet af en ambition om at levere kvalitet og være i konstant udvikling. Mastodonterne siden År 2000 været en af de mest sælgende teatre i Danmark med omkring 50.000 solgte billetter hvert år.",Germany,3.632009,,,
Jamata Events,5731784.0,"Germany, North Rhine-westphalia, Lünen, 17 Schützenstraße, 44534",https://www.linkedin.com/company/jamata-events-ug,www.jamata-events.com,"Jamata Events is the social ticket search platform for fans, bands and brands, made in Germany. We combine different ticket providers and offer our customers the best ticket price for events like concerts, musicals, theater... With over 1.700000 million events online, Jamata is one of the largest event data base in Europe. With the app ""make my weekend"" you can find events easily in your surrounding area worldwide.",Germany,5.731784,,,
ONLINELIGA.de,475546.0,"Germany, Lower Saxony, Braunschweig, 17 Steintorwall, 38100",https://www.linkedin.com/company/onlineliga-de,www.onlineliga.de,"Als erstes Social Game, das den virtuellen Fußball tatsächlich mit der echten Welt verknüpft, schafft dieser Fußballmanager eine digitale Parallelwelt zum realen Fußball. Im regionalen Ligensystem spielen die Teammanager mit ihren Teams täglich gegen Gegner aus ihrer Nachbarschaft. In den höheren Ligen geht es gegen Rivalen aus der ganzen Stadt, dem Bundesland und schließlich aus ganz Deutschland – um die Deutsche Online Fußballmeisterschaft. Das integrierte Sportmagazin berichtet minütlich über die spannendsten Geschehnisse in allen Ligen – Kantersiege, spektakuläre Transfers, Sponsorenverträge und vieles mehr. Vom kleinsten Dorfplatz bis zu den großen Arenen zeigt die interaktive 3D-Karte, als erstes visuelles, soziales Netzwerk, alle Stadien, Ligen und sozialen Verbindungen. Echte Sponsoren und Werbepartner werden sowohl kontext-, als auch zeitabhängig integriert.",Germany,0.475546,,,
Myticket Jahrhunderthalle Frankfurt,6070128.0,"Germany, Hesse, Frankfurt Am Main, 301 Pfaffenwiese, 65929",https://www.linkedin.com/company/kultur--und-kongresszentrum-jahrhunderthalle-gmbh,www.myticket-jahrhunderthalle.de,"Die myticket Jahrhunderthalle ist eins der traditionsreichsten Kulturzentren und gehört zu den größten privatwirtschaftlichen Kulturinitiativen Europas. Das Kultur- und Kongresszentrum Jahrhunderthalle Frankfurt ist auch heute mit ca. 300 Großveranstaltungen und etwa 1 Mio. Besuchern pro Jahr eine der führenden Veranstaltungsstätten im Rhein-Main-Gebiet. Die Kernkompetenz des Teams liegt in der Konzeption, Planung und Durchführung von Veranstaltungen im Kultur- und Corporate-Bereich. Dabei reicht die Expertise von großen Showevents und Konzerten über kleinere Clubveranstaltungen bis hin zu Messen und Märkten. Neben Hauptversammlungen der großen Konzerne gehören zum Veranstaltungsspektrum ebenso Gala- Veranstaltungen, Corporate Events und im Outdoor-Bereich kleinere Open-Air-Festivals sowie u.a. Food-Events. Die myticket Jahrhunderthalle Frankfurt ist ein privatwirtschaftlich geführtes Unternehmen und gehört dem Berliner DEAG Konzern an, einem der führenden Live-Entertainment-Unternehmen in Europa. Durch die Partnerschaft mit dem Ticketing Dienstleister mytic myticket AG trägt das Haus seit Oktober 2021 den Namen myticket Jahrhunderthalle Frankfurt.",Germany,6.070128,,,
360 Grad Entertainment,1030307.0,"Germany, Hamburg, Hamburg, 132 Isestraße, 20149",https://www.linkedin.com/company/360grad-entertainment,www.360grad-entertainment.de,"Wir leben Entertainment – 360 Grad.   Wir lieben es zu erschaffen, kreativ zu sein und die Menschen vor und hinter der Bühne zu verbinden.  Wir produzieren selbst oder in Lizenz Musicals, Theater und Shows. Wir betreiben und bauen Theater in Eigenregie oder im Auftrag. Wir arbeiten mit nationalen und internationalen Kreativen und Lizenzgebern zusammen. Wir bringen bestehende und neue Produktionen in den deutschsprachigen Raum. Wir vermarkten 360°, vom Ticketing über Marketing, Kommunikation und Vertrieb bis zum Sponsoring. Wir sind offen für neue Partner und Kooperationen.",Germany,1.030307,,,
Nordwest Ticket GmbH,3146670.0,"Germany, Bremen, Bremen, 33 Martinistraße, 28195",https://www.linkedin.com/company/nordwest-ticket-gmbh,nordwest-ticket.de,"🎭 Veranstalten im Nordwesten? Wir bringen Ihr Publikum. Ob Kultur, Sport oder Business – Nordwest Ticket ist Ihr zuverlässiger Partner für Ticketing und Veranstaltungsmarketing in der Region. 📍 Von Bremen bis zur Küste begleiten wir Veranstalter mit persönlichem Service, digitaler Stärke und regionaler Reichweite. 🎟️ Mehr als Tickets: Wir denken mit, beraten individuell und sorgen dafür, dass Ihre Veranstaltung sichtbar wird – und erfolgreich. 👉 Jetzt Kontakt aufnehmen und gemeinsam durchstarten: https://nordwest-ticket.de #NordwestTicket #Veranstaltungsservice #Ticketing #Eventmarketing #Bremen #Nordwesten #Veranstalter #ErfolgMitSystem #RegionalesTicketing",Germany,3.14667,,,
I-Motion GmbH Events & Communication,19461897.0,"Germany, Rheinland-pfalz, Mülheim-kärlich, 8 Am Hohen Stein, 56218",https://www.linkedin.com/company/i-motion-entertainment,www.i-motion.ag,"Das Kerngeschäft von I-Motion GmbH Events & Communication mit Sitz in Mülheim-Kärlich (RLP) ist seit 1993 die Planung, Organisation und Durchführung von Musikfestivals mit bis zu 200.000 Besucher*innen jährlich. Mit NATURE ONE veranstaltet I-Motion eins der größten, ältesten und bekanntesten Festivals Europas.  Seit 2019 gehört I-Motion zur DEAG – Deutsche Entertainment AG. Mit den Kerngeschäftsfeldern Entertainment Dienstleistungen (Konzerte, Tourneen, Festivals, Ausstellungen), Venues und Ticketing gehört die DEAG zu den führenden Anbietern von Live Entertainment in Europa.",Germany,19.461897,,,
Ticketprime,1030307.0,"Germany, North Rhine-westphalia, Köln",https://www.linkedin.com/company/ticketprime,ticketprime.io,"Unlock limitless possibilities with our groundbreaking Ticketing and Marketing Solution! Our cutting-edge solution is designed to skyrocket your brand's growth and propel your business to new heights. Say goodbye to traditional ticketing methods and hello to a new era of customer engagement. With our platform, you'll have access to the tools you need to cultivate a dedicated following. Increase your revenue, save time, and maximize your marketing efforts. Experience effortless event attendance! From musical concerts to sports games and beyond, we have you covered. We understand the unique challenges that event organizers face and are here to provide the solutions you need to succeed.",Germany,1.030307,,,
Loyalty Group,2865892.0,"Germany, Hesse, Frankfurt Am Main, 13 Oberste Gärten, 6150",https://www.linkedin.com/company/loyaltygroupgi,www.loyaltygroup.co,"Loyalty Group nace de la mano de un grupo de profesionales de diferentes sectores con el objetivo de lograr ofrecer todo tipo de servicios para la gestión integral de eventos, uniendo un equipo que combina una dilatada experiencia, con la profesionalidad y la creatividad de jóvenes emprendedores, creando una empresa con vocación global. Organización y producción de grandes eventos como festivales o conciertos, marketing y publicidad, management de artistas, producción audiovisual y diseño gráfico, gabinete de prensa y medios, rrhh, servicios de transportes y venta de entradas, etc.",Germany,2.865892,,,
Love Your Artist GmbH,7164730.0,"Germany, Berlin, Berlin, 67 Skalitzer Str., 10997",https://www.linkedin.com/company/loveyourartist,loveyourartist.com,Mit love your artist. verkaufst du Tickets und Merchandise zu fairen und transparenten Bedingungen - für dich und deine Fans! Wir arbeiten dabei jeden Tag mit den kreativsten Köpfen der Musik- und Veranstaltungsindustrie zusammen und schaffen mit ihnen unvergessliche Momente.,Germany,7.16473,,,
Ticketbro,3328822.0,"Germany, Bavaria, Munich, 26 Ickstattstraße, 80469",https://www.linkedin.com/company/ticketbro,ticketbro.io,"ticketbro is the next-gen mobile-first booking and ticketing platform for leisure parks & the service industry. ticketbro is the mobile booking system that lets you manage your venue completely from your smartphone, helps you to get started with the digital world within 5 minutes, earn money 24/7, 100% mobile. Open yours in minutes right from your smartphone, and start earning before having your first real contact with a ticketbro sales person. Unser Online Buchungssystem hilft dir dabei, deine Kunden besser zu verstehen, neue zu akquirieren und dein tägliches Geschäft zu managen und zu steuern. Dabei spielt es keine Rolle, ob du Besitzer eines Freizeitparks, Frisuersalons oder einer Sportanlage bist. Unser Buchungssystem ist ein Allround-Talent. Probiere es jetzt unverbindlich aus und verkaufe schon bald dein erstes Ticket online.",Germany,3.328822,,,
Booker GmbH,5191349.0,"Germany, North Rhine-westphalia, Hürth, 82-86 Luxemburger Str., 50354",https://www.linkedin.com/company/booker-gmbh,www.booker-gmbh.de,"Die booker GmbH wurde 2005 gegründet und zählt bundesweit zu den führenden Dienstleistern für Ticketing und Veranstaltungsvermarktung. Wir bieten unseren Kunden professionelle Dienstleistungen und intelligente Lösungen – alles aus einer Hand, komfortabel, zuverlässig und effizient. Neben der offiziellen Hospitality-Ticketvermarktung für Künstler von Weltrang wie Robbie Williams, Madonna, U2, Helene Fischer und Ed Sheeran vermarkten wir ebenfalls die Logen, Business-Seats und VIP-Tickets in den größten deutschen Arenen und Stadien. Mit mehr als 2.000 Veranstaltungsangeboten im Jahr ist die booker GmbH einer der größten Ticketdienstleister für Unternehmenskunden. Mit unseren maßgeschneiderten Produkten wie z.B. dem Ticketpass, Ticketpool oder der Flying Lounge erhalten Sie individuelle und effiziente Ticketlösungen mit vielen Vorteilen. Wir freuen uns auf Ihre Anfragen und beraten Sie gerne in einem persönlichen Gespräch. Unser Impressum finden Sie unter nachfolgendem Link: www.booker-gmbh.de/impressum",Germany,5.191349,,,
Taylor-events,475546.0,"Germany, Bavaria, Munich, 11 Ysenburgstraße, 80634",https://www.linkedin.com/company/taylor-events,www.taylor-events.de,taylor-events Alles was Sie brauchen aus einer Hand - Künstlervermittlung und Künstlermanagement - Veranstaltungsdesign und Veranstaltungsmanagement - Gästeorganisatione und Koordination - Ticketing - Pre- und Postproduktion,Germany,0.475546,,,
DreamHaus GmbH,12839742.0,"Germany, Berlin, Berlin, 59 Kurfürstendamm, 10707",https://www.linkedin.com/company/dreamhaus,www.dreamhaus.com,"PRK DreamHaus veranstaltet Tourneen sowie Festivals (z.B. Rock am Ring & Rock im Park) und ist Teil des Veranstalternetzwerkes Eventim Live von CTS EVENTIM. CTS EVENTIM ist einer der international führenden Anbieter in den Bereichen Ticketing und Live Entertainment. Vor Ausbruch der Corona-Pandemie wurden pro Jahr rund 250 Millionen Tickets über die Systeme des Unternehmens vermarktet – stationär, online und mobil. Zu den Onlineportalen zählen Marken wie eventim.de, oeticket.com, ticketcorner.ch, ticketone.it und entradas.com. Zur EVENTIM-Gruppe gehören außerdem zahlreiche Veranstalter von Konzerten, Tourneen und Festivals wie „Rock am Ring“, „Rock im Park“, „Hurricane“, Southside“.  Darüber hinaus betreibt CTS EVENTIM einige der renommiertesten Veranstaltungsstätten Europas, etwa die Kölner LANXESS arena, die K.B. Hallen in Kopenhagen, die Berliner Waldbühne und das EVENTIM Apollo in London. Die CTS Eventim AG & Co. KGaA (ISIN DE0005470306) ist seit 2000 börsennotiert und gegenwärtig Mitglied des MDAX.",Germany,12.839742,,,
DEAG Deutsche Entertainment AG,11284010.0,"Germany, Berlin, Berlin, Potsdamer Straße, 10785",https://www.linkedin.com/company/deag,www.deag.de,"Die DEAG Deutsche Entertainment Aktiengesellschaft (DEAG), ein führender Entertainment-Dienstleister und Anbieter von Live Entertainment, produziert und promotet Live-Events aller Genres und Größenordnungen in Europa. Mit ihren Konzerngesellschaften ist die DEAG an 24 Standorten in ihren Kernmärkten Deutschland, Großbritannien, Schweiz, Irland, Dänemark, Spanien und Italien präsent. Als Live-Entertainment-Dienstleister mit integriertem Geschäftsmodell verfügt die DEAG über umfassende Expertise in der Konzeption, Organisation, Vermarktung und Durchführung von Live-Events.  1978 in Berlin gegründet, gehören heute die Bereiche Rock/Pop einschließlich Urban und Electronic Dance Music, Classics & Jazz, Family-Entertainment, Spoken Word & Literary Events, Arts+Exhibitions, das Ticketing und Entertainment-Services zu den Kerngeschäftsfeldern der DEAG. Live Entertainment für alle Generationen sowie Arts+Exhibitions sind wichtige Bausteine für die Weiterentwicklung des DEAG-eigenen Content. Für rund 6.000 Veranstaltungen werden jährlich über 10 Mio. Tickets für DEAG-eigenen und Dritt-Content umgesetzt – ein kontinuierlich wachsender Anteil davon über die Ticketing-Plattformen der DEAG-Gruppe myticket.de, myticket.at, myticket.co.uk, gigantic.com und tickets.ie.",Germany,11.28401,,,
Tixnet,6517621.0,"Germany, Bern, Berlin, 24 Unter Den Linden, 10117",https://www.linkedin.com/company/tixnet,landing.tixnet.eu,"Tixnet is a full-service ticketing and marketing platform that eliminates organizer fees while maximizing festival revenue through built-in upsells, early payouts, and done-for-you marketing campaigns. Unlike traditional ticketing companies that profit from your fees, we only win when you earn more – making us your true growth partner, not just another vendor. ### **Key Benefits** - **Zero Platform Fees**: Organizers pay nothing – only buyers pay a flat 2.9% processing fee, keeping 100% of ticket revenue in your pocket - **Revenue Engine Built-In**: Earn 20-30% more through hotel bundles, fan-to-fan resales, dynamic pricing, and cancellation monetization – all automated - **Done-For-You Marketing**: We set up, run, and optimize multilingual PPC campaigns across 10+ languages, with optional ad spend pre-financing - **Cash Flow Control**: Get up to 80% pre-event payouts via your own Stripe Connect wallet – no pooled funds or bankruptcy risks - **Full Data Ownership**: Keep complete control of your customer data, ad accounts, and brand experience with white-label ticket shops ### **Proof Points** - Built by the team behind T-Combo (€300M+ in ticket sales) - 20M+ users in distribution network - Up to 40% revenue increase through optimization features - 99.9% uptime guarantee with 24/7 support",Germany,6.517621,,,
Spielköpfe,1525512.0,"Germany, Schleswig-holstein, Kiel",https://www.linkedin.com/company/spielköpfe,www.spielkoepfe.de,"Spielen soll Spaß machen und Menschen zusammenbringen. Dazu brauchen wir vielfältigere und gerechtere Bilder, in denen sich ganz unterschiedliche Menschen wiederfinden können. Die Spielköpfe designen Spiele neu, um wichtige Themen wie Gleichberechtigung auf spielerische Weise jedem Menschen zugänglich zu machen. Angefangen haben wir mit dem ganz normalen Kartendeck, neben dem König, gibt es bei uns auch eine Königin auf der K-Karte. Alle Personen sehen vielfältig aus und die Karten sind nachhaltig produziert. Außerdem haben wir eine Solitär App und ein breites Workshop Angebot entwickelt. Für eine Welt ohne Diskriminierung brauchen wir große und kleine Veränderungen. Bilder prägen uns von klein auf und festigen unsere Vorstellungen der Normalität. Neue Bilder sind ein wichtiger Schritt hin zu einer gleichberechtigteren Welt.",Germany,1.525512,,,
Das Kriminal Dinner | Krimidinner-Team-Challenge,6070128.0,"Germany, Baden-württemberg, Weil Der Stadt, 28 Josef-beyerle Straße, 71263",https://www.linkedin.com/company/das-kriminal-dinner,www.das-kriminal-dinner.de,"Europas größter Krimidinner Anbieter 📍Krimidinner Events an über 500 Standorten in Deutschland, Österreich, Spanien, Frankreich, Holland, Polen und der Schweiz 🍴Kombination aus Schauspiel & Gastronomie 🔎 Kuriose Mordfälle zum Miträtseln 🎟️Tickets & Gutscheine in unserem Onlineshop ➡️Team-Events & Firmenfeiern",Germany,6.070128,,,
Hamburg Stream,475546.0,"Germany, Hamburg, Hamburg, 44 Schanzengrund, 21149",https://www.linkedin.com/company/hamburg-stream,hamburg.stream,"Das öffentliche Leben steht still. Akteure der Politik, Wirtschaft und Kultur bewältigen eine zu ihrer Lebzeit noch die dagewesene Krise. Umso wichtiger sind innovative Lösungen verbunden mit zukunftsfähigen Charakter. Wir möchten Hamburgs Musiker:innen darin unterstützen, weiterhin sichtbar zu sein und möchten das Publikum darin unterstützen, weiterhin qualitativ hochwertige Konzerte besuchen zu können. Also schaffen wir eine digitale Konzertbühne im Internet, auf der beides möglich ist: www.hamburg.stream Das professionelle Studio von Prof. Wolf Kerschek (Professor an der HfMT Hamburg, u.A. Echo-Klassik und Hamburger Jazz-Preisträger) wird hierfür Hamburger Musiker:innen kostenfrei zugänglich gemacht, die nicht selbst über ausreichend Equipment verfügen. Mithilfe der zusätzlichen, professionellen Ausstattung vor Ort können in diesem Studio Programme live und in hervorragender Qualität gestreamt werden und auf der Plattform ein besonderes Konzerterlebnis geboten werden. Über das dafür extra eingerichtetes Portal können außerdem Spenden gesammelt sowie Tickets für zukünftige Auftritte verkauft werden. hamburg.stream wird damit sowohl zur Konzertbühne, als auch zur Konzertplattform. Denn nicht nur die Konzerte, die im Studio aufgenommen wurden, können hier gestreamt werden. Die Plattform bietet auch anderen Hamburger Musiker:innen einen Ort, ihre Konzerte online zu stellen. Wenn die Plattform gut angenommen wird, ist das Angebot von hamburg.stream in vielfältiger Weise erweiterbar, zum Beispiel um musikpädagogische Angebote für Kinder, die aufgrund der Krise zu Hause bleiben müssen. Die Angebote bleiben für vorerst unbegrenzte Zeit online, insofern hat hamburg.stream das Potenzial, auch nach der Corona-Krise eine zentrale Plattform für bedeutende digitale Konzerterlebnisse zu bleiben.",Germany,0.475546,,,
PuzzleMap GmbH,5191349.0,"Germany, Hesse, Wiesbaden, 20 Emser Str., 65195",https://www.linkedin.com/company/puzzlemap,www.puzzlemap.de,"Vor 250 Jahren griff der Londoner Kupferstecher John Spilsbury beherzt zur Laubsäge und zerteilte eine auf Holz gezogene Karte Großbritanniens. Ergebnis: Das erste Puzzle! Nicht nur als unterhaltsamer Zeitvertreib geeignet, sondern auch lehrreich - John Spilsbury's Erfindung wird im Geographieunterricht bei Schülern und Lehrern gleichermaßen beliebt. Diese Tradition setzen wir mit PUZZLEMAP fort. Puzzles aus Landkarten und Stadtplänen sind nicht nur perfekt zum Abschalten oder als gemeinsame Herausforderung am Küchentisch, sie geben auch einen neuen Blick auf die Welt um uns herum!",Germany,5.191349,,,
OHSEC,689592.0,"Germany, Berlin, Berlin, 191 Friedrichstraße, 10117",https://www.linkedin.com/company/ohsec,www.ohsec.eu,"The Occupational Health and Safety European Commission’s [OHSEC] main administrative building, is situated in the heart of the business district of Berlin. We have offices and representatives in a number of countries around the world ensuring global recognition and representation. Our track-record in the training of effective health and safety, environment and quality management professionals so that they attain internationally recognized vocational qualifications is impeccable. We understand that challenging, busy schedules confront our students, and tailor our training methods accordingly. One of our priorities is to create a flexible learning environment for shift workers, offshore workers, fire-fighters and military professionals. At OHSEC, we realize that your time is precious and that work schedules are rigorous: for this reason, OHSEC courses are for today’s online learner. During the early stages of our development, OHSEC recognized the need to become a world-class training provider. Embracing online technology gives OHSEC the edge and allows it to cater for the student on the move. Online eLearning module delivery, live support chat, tutor support ticket systems and good, old fashioned phone help-desk support helps students to maximize their learning experience.",Germany,0.689592,,,
StrengthFocus,370331.0,Germany,https://www.linkedin.com/company/strengthfocus,wonderl.ink,"96 Karten, ein Ziel: Die natürliche Weiterentwicklung Deiner Mitarbeiter:innen. Jede StrengthFocus-Karte beschreibt eine individuelle Verhaltensweise. Jede dieser Verhaltensweisen steht für eine ganz spezielle Stärke. Du wählst einfach genau die Verhaltensweisen aus, die die jeweilige Person am besten beschreiben. Und Zack: Fertig ist das Stärken-Tableau. Ergebnis in nur 3 Schritten: Erkennen, ausbauen, gezielt ergänzen. Vielseitig nutzbar: Persönlichkeitsentwicklung, Feedbackgespräche, Jobinterviews, Team-Optimierung. Intuitive Anwendung, schnelles Ergebnis. Tipp: Eignet sich auch hervorragend für die selbstständige Weiterentwicklung. -- StrengthFocus ist eine Marke der Detert & Urban GbR Vertretungsberechtigte Gesellschafter: Tamara Detert, Peter Urban  Kirchstraße 7 41542 Dormagen Deutschland Unser Impressum und die Datenschutzerklärung findet Ihr unter dem folgenden Link:",Germany,0.370331,,,
Inventorio,869057.0,"Germany, Baden-württemberg, Ulm",https://www.linkedin.com/company/inventorio,inventorio.de,"inventorio ist die All-In-One Software zur Verwaltung aller Objekte für Schulen und Kommunen. Die Software-Lösung umfasst die Bereiche Inventarisierung, Ticketing, Dokumenten-Management sowie Anleitungen für Lehrende und unterstützt die zentralen Verwaltungsprozesse der Schulen und Kommunen. Inventarisieren, Fehler melden, Räume verwalten, Dokumente speichern, Lehrende schulen - inventorio ist das Rückgrat für die Verwaltung aller Objekte Ihrer Schule und Kommune.",Germany,0.869057,,,
HerCAREER,2413572.0,"Germany, Bavaria, Munich, 40 Lilienthalallee, 80939",https://www.linkedin.com/company/hercareer,www.her-career.com,"herCAREER is Europe's leading platform for female* careers. It creates a space for encounters, inspiration and dialogue. herCAREER strives to strengthen the economic independence of every woman and female* person, regardless of their path. The platform offers professional expertise, personal experiences and individual perspectives on current societal and labour-relevant topics. Throughout the year, herCAREER provides valuable content and a community in which people can exchange information and ideas across hierarchies and industries.  ▶️ www.her-career.com/en herCAREER Expo on 9 and 10 October 2025: With up to 250 exhibitors and 450 programme items, herCAREER Expo offers extraordinary diversity. Digital expo matching navigates visitors through the numerous offers, exhibitors and relevant contacts.  Admission prices: Early Bird tickets from 10 euros (until 23 September), regular admission from 20 euros. Admission is free for students and graduates on both days.  ▶️ www.her-career.com/expo  Expo Booking: Get in touch! www.her-career.company 💌 Already part of the community? www.her-career.com/newsletter 🎧 herCAREER Podcast: www.her-career.com/en/podcast 🎞️ herCAREER Academy: www.her-career.com/en/academy",Germany,2.413572,,,
Wissen Am Fluss,172398.0,"Germany, Bavaria, Veitshöchheim, 1 Mainlände, 97209",https://www.linkedin.com/company/wissen-am-fluss,www.wissen-am-fluss.de,"Wissen am Fluss – die Erfolgskonferenz in Mainfranken Die Konferenz für mehr Erfolg im Beruf und im Leben ist zurück. Am 27. April findet Wissen am Fluss bereits zum vierten Mal in den Mainfrankensälen Veitshöchheim statt. Ein Tag mit neun Impulsen von TOP-Speakern aus ganz Deutschland. Ein Tag mit viel Know-how und Inspirationen, mit denen die Teilnehmenden schon am nächsten Tag in die Umsetzung zu mehr Erfolg kommen. Das Spektrum der Themen ist so vielfältig wie die Anforderungen der aktuellen Zeit. Es geht um Themen wie Motivation, Persönlichkeitsentwicklung, Führung, Vertrieb, Marketing, Selbstmanagement, Finanzen und Künstliche Intelligenz. Als Speaker mit dabei sind: • Andreas Buhr – einer der Experten für Führung & Management • Stefan Sillmann – international gefragter Coach für Persönlichkeitsentwicklung • Anna Glück – Germany’s Next Speaker Star 2021 • Sven Schultze – ausgezeichnet mit dem Publikums Award 2021 von Europas größter Redneragentur • Oliver Farnschläder – Trainer und Coach für Performance & Wirksamkeit • Bea Thiel – die Erfolgsmanagerin und Vertriebsprofi • Johannes Heller – erfolgreicher Immobilien- & Finanzexperte • Paul Hoffmann – Starfotograf in der Businessbranche • Ömer Atiker – TOP-Speaker für Künstliche Intelligenz „Wissen am Fluss ist ein einzigartiges Event in unserer Region. Ein kompakter Tag, an dem die Teilnehmenden wertvolles Wissen erhalten, um sich weiterzuentwickeln und somit besser in eine erfolgreiche Zukunft zu starten“, so Thomas Görgens, Veranstalter der Konferenz. Weitere Infos zum Programm, zu den Vorträgen und Tickets finden Interessierte unter https://www.wissen-am-fluss.de  Impressum: https://www.wissen-am-fluss.de/impressum/",Germany,0.172398,,,
AZUBISPOT,2635650.0,"Germany, Baden-württemberg, Ravensburg, 18 Gartenstraße, 88212",https://www.linkedin.com/company/azubispot,www.azubi-spot.de,"Unser Konzept Für die anstrengende und leider oft erfolglose Suche nach Azubis und Fachkräften gibt es jetzt ein neues, innovatives Konzept: AZUBISPOT! An den ausgewählten Terminen öffnen die jeweiligen Kinos ihre Pforten ausschließlich für Aussteller und Besucher dieser neuartigen Azubimesse. Schnell, kurzweilig, intensiv und in toller Atmosphäre – ohne Pflichten und Give-away-Schlachten, mit klug durchdachten Abläufen, viel Spaß und ganz vielen Chancen auf ein Ticket für die gemeinsame berufliche Zukunft, so sieht das Konzept der AZUBISPOT aus. Die rund 20 Aussteller pro Standort- eine gute und übersichtliche Mischung von Unternehmen aus den unterschiedlichsten Berufszweigen - präsentieren sich und ihre beruflichen Möglichkeiten im Foyer des Kinos und auf großer Kinoleinwand, in einer 15-minütigen Live-Präsentation. Neben Popcorn, Cola und Kinofeeling bekommen die Besucher jede Menge Motivation, die Vorträge und Infostände der Aussteller zu besuchen und sich somit umfassend über Ausbildungs- und Studienmöglichkeiten zu erkundigen: eine Kinofreikarte nach Besuch von drei Präsentationen der Aussteller zum Beispiel oder Tickets für den Abräumsaal nach jedem guten Gespräch an den Infoständen. Im Abräumsaal (ein weiterer Kinosaal) erwartet die Besucher  unserer Slotmaschine an welcher sie tolle Preise gewinnen können. Hier gewinnt jeder, keiner geht leer aus dem Abräumsaal! Die Besucher erwarten: ein Kinobesuch der Extraklasse mit vielen netten Begegnungen und Gesprächen, jeder Menge Fun und Action, viele tolle Preise und nicht zuletzt, gute Aussichten auf einen Top-Ausbildungs-/Studienplatz bei einem der teilnehmenden Unternehmen.",Germany,2.63565,,,
MIB - My Implant Business GmbH,727072.0,"Germany, Baden-württemberg, Heidelberg",https://www.linkedin.com/company/myimplantbusiness-com,myimplantbusiness.com,"𝗛𝗼𝗺𝗲 𝗼𝗳 𝗥𝗘𝗔𝗟 𝗕𝗢𝗡𝗘 𝗕𝗨𝗜𝗟𝗗𝗘𝗥𝗦. Take your implantology skills to the Next Level with our Online Education and Equipment Platform.  Do you want to join our Real Bone Builders community in 2024 and get access to the latest technology to harvest bone blocks in seconds, with no bleeding and no hammering? 💡 🚀 𝗠𝗔𝗦𝗧𝗘𝗥𝗖𝗟𝗔𝗦𝗦𝗘𝗦:  Masterclasses for Dentists and Oral surgeons — our hybrid education system. This is a great chance for you, if you work with implants and you want to reach the next level in implantology and bone augmentation. Access to our new 𝖤𝖺𝗌𝗒 𝖡𝗈𝗇𝖾 𝖢𝗈𝗅𝗅𝖾𝖼𝗍𝗈𝗋 technology will be also exclusively available to our Masterclass students. 𝗛𝗮𝗻𝗱𝘀-𝗢𝗻 𝗖𝗼𝘂𝗿𝘀𝗲𝘀: Online meets Offline in our new Masterclasses.  Your ticket to our exclusive community of Next Generation Real Bone Builder.  𝗢𝗻𝗹𝗶𝗻𝗲 𝗦𝗵𝗼𝗽: Our growing portfolio provides you with instruments tailored to your individual needs in the field of augmentative-implantological surgery. 𝗠𝗼𝗿𝗲 𝗶𝗻𝗳𝗼𝗿𝗺𝗮𝘁𝗶𝗼𝗻𝘀 𝗼𝗻: 👉 www.jointeambone.net  👈 Follow us on social media: https://linktr.ee/dr_frank_zastrow I’m looking forward to seeing you!  Yours Frank 🙋♂️",Germany,0.727072,,,
Event University,237174.0,"Germany, Hesse, Hanau Am Main, 8 Kurt-blaum Platz, 63450",https://www.linkedin.com/company/event-university,event-university.de,"Die Event University ist die Online Akademie der Event Branche. In professionell aufbereiteten Ausbildungen begleitet sie dich Step by Step zu deinen Zielen. Die Dozenten der Event University kommen zu hundert Prozent aus der Praxis. Dadurch sind sie alle absolute Experten in ihrem Gebiet. Hier bekommst du wirklich exklusives Know How! Du möchtest Moderator bzw. Moderatorin werden? Du möchtest unvergessliche Events veranstalten? Du möchtest wissen, wie du Tickets für dein Events gezielt verkaufst? Du möchtest wissen, wie du durch Sponsoring eine weitere starke Einnahmequelle hast? Dann bist du hier richtig! Mit unseren maßgeschneiderten Ausbildungen machen wir dich zum Experten!",Germany,0.237174,,,
LSE Space,222978105.0,"Germany, Hesse, Darmstadt",https://www.linkedin.com/company/lse-space-gmbh,lsespace.com,"LSE Space is part of SSC Group (Swedish Space Corporation). We provide engineering, operations and consultancy services to the international space community and support all project phases, from designing and testing to launch and operations. As an independent space consultancy, we support satellite and manned missions in both the industrial and public sectors. Based on more than 30 years of experience, we can offer a wide range of services including customized ground segment software solutions.  What we offer to our employees: •	International and innovative environment •	Fascinating missions and projects in the area of satellite operations •	Permanent employment contract •	Open door policy •	ISO 9001-certified workplace •	Career opportunities •	Competitive salary •	Bonus scheme •	Deferred compensation scheme •	Relocation support •	30 days paid vacation •	Company doctor •	Gym program •	Bike lease program  •	Support for public transportation ticket  •	Educational training program •	Company events Join our team now!",Germany,222.978105,,,
Courleys,1034666.0,"Germany, Schleswig-holstein, Trittau, 24 Technologiepark, 22946",https://www.linkedin.com/company/courleys,courleys.de,"Courleys - Deine Online Nähschule 💛 ⚙️ Maschineneinweisungen für Anfänger & Profis 🧵 Overlock-, Cover- & Stickkurse 💡 Gratis Tipps & Tricks! ⬇️ Jetzt Ticket zum Nähzimmer LIVE sichern!✨ https://go.courleys.de/linktree/?utm_medium=instagram&utm_source=linktree",Germany,1.034666,,,
KPS Interactive Media GmbH & Co. KG,9668642.0,"Germany, Bremen, Bremen",https://www.linkedin.com/company/kps-interactive-media-gmbh-&-co.-kg,kps.de,"Bereits seit 1991 ist die KPS Interactive Media GmbH & Co. KG als Customer Interaction- und Fullservice-Dienstleister in den Bereichen Contact Center, Customer Care und Fulfillment tätig und Teil der KPS Gruppe. Größter Auftraggeber ist die CTS EVENTIM AG & Co. KGaA – Europas Marktführer im Ticketing und Anbieter von Live Entertainment.",Germany,9.668642,,,
Geld-für-Flug,2901660.0,"Germany, North Rhine-westphalia, Düsseldorf",https://www.linkedin.com/company/geld-für-flug,geld-fuer-flug.de,"Geld-für-Flug storniert Flugtickets aller Airlines und aller Tarife - rückwirkend für die letzten drei Jahre - und zahlt Kunden innerhalb von 24 Stunden aus. Der Vorteil für den Kunden besteht darin, dass er sofort sein Geld erhält und sich nicht mit der Fluggesellschaft auseinandersetzen muss. Einfach, schnell und risikolos. Geld-für-Flug.de ist ein Legal Tech Start-up: Die Rückerstattung von stornierten Flugtickets erfolgt im Rahmens eines algorithmusbasierten Factoring-Modells. Durch einen Algorithmus wird eine Erstattungssumme für den Kunden errechnet und ihm in Form eines Angebots zur Verfügung gestellt. Wenn der Kunde das Angebot annimmt, ist der Fall für ihn erledigt. Geld-fuer-Flug holt sich das Geld bei der Airline zurück.  Gegründet wurde das Unternehmen im März 2017 durch Benedikt Quarch, Torben Antretter und Phillip Eischet.  *** At Geld-für-Flug, we are all connected by our passion for travel and the mission to help travellers regain the rights they are entitled to.   A change of plans is often part of travelling. However, it can be very costly when flight tickets are involved. Whether you have missed a flight or cancelled it in advance, airlines will tell you that your flight ticket is non-refundable and often refuse even partial repayments.   At Geld-für-Flug we think differently! We set out to help travellers claim their rightful reimbursements. As a fast-growing and internationally operating legal-tech startup, we combine our legal expertise with smart process automation and, thus, have already helped thousands of customers to be refunded within 24 hours – no matter what the airlines say!   Are you as passionate about travelling as we are? Do you enjoy working on a variety of tasks in a young and dynamic team? Do you want to make a difference in our company and to thousands of travellers worldwide? Then come and join us at Geld-für-Flug!",Germany,2.90166,,,
Easy Ticket Service,2731225.0,"Germany, Baden-württemberg, Stuttgart, 5 Neckarwiesenstr., 70188",https://www.linkedin.com/company/easy-ticket-service,www.easyticket.de,"Easy Ticket Service is a Computer Software company located in Neckarwiesenstr. 5, Stuttgart, Winterbach, Germany.",Germany,2.731225,,,
Nexobility GmbH,5193000.0,"Germany, Baden-württemberg, Stuttgart, 2 Erikastraße, 70327",https://www.linkedin.com/company/nexobility-gmbh,www.betterpark.de,"Nexobility revolutioniert das Parkerlebnis durch digitales, kamerabasiertes Parkraummanagement. Ohne Schranke, Ticket oder Parkscheibe. Wir sorgen für stressfreies Parken rund um die Uhr – effizient, flexibel und benutzerfreundlich.",Germany,5.193,,,
MSP-Support GmbH,806700.0,"Germany, Saxony, Dresden",https://www.linkedin.com/company/mspsupport,msp-support.de,"Bekommen deine Kunden den Support, den du als Kunde selbst gern hättest? Gerade einmal 2 von 10 Geschäftsführern von MSPs oder Systemhäusern beantworten diese Frage mit einem eindeutigen Ja. (Quelle: eigene Umfragen) Genau hier kommt mein Unternehmen MSP-Support GmbH ins Spiel: Gemeinsam sorgen wir dafür, dass deine Kunden den besten IT-Support bekommen. Den, den du als Kunde gern hättest. Ich unterstütze MSPs und Systemhäuser mit 5 bis 30 Mitarbeitern, die täglichen Herausforderungen im Support zu meistern: ▶ Annahme von Anrufen und Erstellen von qualifizierten Tickets ▶ Bearbeitung von Tickets im direkten Kundenkontakt ▶ Betrieb von Managed Services wie Monitoring, Backup oder Sicherheitsaudits ▶ Übernahme von Wartungsarbeiten  ▶ Disposition und Steuerung des gesamten Ticketprozesses Das alles in deinen Systemen und 100 % Whitelabel. Wenn ich die Geschäftsführer unserer Kunden frage, was sie an unserem Service schätzen, antworten diese: ▶ schnell, kompetent und freundlich am Telefon (knapp 80 % der Anrufe nehmen wir unter 20 Sekunden an) ▶ Tickets enthalten alle Informationen, die der Techniker benötigt, um mit der Bearbeitung zu starten maximal 4 Stunden, bis die Bearbeitung eines Tickets startet ▶ Entlastung der Mitarbeiter, die so ungestört am Projekt arbeiten können und zufriedener sind ▶ zufriedene Kunden, die jederzeit einen Menschen telefonisch erreichen Damit bleiben deine Kunden dauerhaft bei dir und vertiefen die Zusammenarbeit. Zusätzlich arbeiten wir mit jungen Unternehmen zusammen, die sich strategisch dafür entschieden haben, keinen eigenen Support aufzubauen. Für diese übernehmen wir den kompletten Support. Du möchtest deinen Kunden den Support bieten, den sie verdienen? Oben im Profil findest du einen Button, mit dem du uns einen Termin buchst.  Wir nehmen uns dann 30 bis 60 Minuten Zeit und klären, wie dein Unternehmen, deine Mitarbeiter und du von einer Zusammenarbeit profitieren. Und ob das überhaupt sinnvoll für dich ist.",Germany,0.8067,,,
Made For A Reason GmbH,1574394.0,"Germany, Hesse, Frankfurt Am Main, 3 Taunustor, 60310",https://www.linkedin.com/company/made-for-a-reason,www.madeforareason.com,"Mit unserem aktuellen Produkt CONTACT ME CARD erfinden wir die Visitenkarte neu. Eine Digital Business Card oder auch eine stets aktuelle Visitenkarte aus Edelstahl, die sowohl die beruflichen als auch die privaten Kontaktdaten übertragen kann. Ausgestattet mit QR Code und NFC Chip übertragen die Nutzer ihre Kontaktdaten kontaktlos. Unsere Contact Me Card behält man. Eine Karte, die durch die Kombination von Funktionalität, Nachhaltigkeit, Design und Kunst alle Gesprächspartner begeistert. Weitere Informationen unter www.contactmecard.com",Germany,1.574394,,,
IN-Software GmbH,899778.0,Germany,https://www.linkedin.com/company/in-software-gmbh,www.in-software.com,"Die IN-Software GmbH wurde 1986 gegründet und feierte 2016 ihr 30-jähriges Firmenjubiläum. Das inhabergeführte mittelständische Unternehmen mit Stammsitz in Karlsbad bei Karlsruhe ist an drei Standorten vertreten. Zum Kundenkreis zählen sowohl kleine und große Handwerksbetriebe als auch kleinere Industrie- und Fertigungsbetriebe. Mit ca. 135 Mitarbeitern betreut IN-Software über 30.000 Anwender in Deutschland (siehe Karte), Polen und den deutschsprachigen Nachbarländern. Software, die schlichtweg funktioniert Sie bekommen bei uns qualitativ hochwertige Software, die übersichtlich und einfach zu bedienen ist. Umfangreiche Tests und Einsatz in der Praxis geben Ihnen Sicherheit, mit ausgereifter Software zu arbeiten. Unsere Entwickler sorgen dafür, dass unsere Produkte ständig für Sie weiterentwickelt werden, damit Ihr Büro auch morgen nicht von gestern ist. Drei Viertel unserer Anwender vertrauen auf den Software-Pflegevertrag. Service, auf den Sie zählen können Wir verstehen uns nicht nur als Software-Lieferant, sondern als Ihr kompetenter Partner: für eine leichtere und bessere Büroarbeit, bis hin zu Ideen für eine innovative Unternehmensführung. Diese Betreuung stellen wir durch eigene Mitarbeiter sicher: Alle Entwickler, Vertriebsmitarbeiter, das Support- und Schulungsteam, bis hin zur Verwaltung und Management sind fest bei IN-Software angestellt. Sie kümmern sich um Ihren Betrieb! Wir um den Rest. Telefon 07248 4500-100 Telefax 07248 4500-101 info@in-software.com www.in-software.com",Germany,0.899778,,,
SOFTWERT - FairDesigner,2578305.0,"Germany, North Rhine-westphalia, Meerbusch, 21 Am Meerkamp, 40667",https://www.linkedin.com/company/softwert,www.softwert.com,"Die SOFTWERT GmbH in Meerbusch entwickelt mit dem FairDesigner DIE führende Planungs-Software für Ausstellungs- und Messeveranstalter. FairDesigner ist Ihre „A bis Z Lösung“ von den ersten Planungsschritten, Aussteller-Akquise, Kundenmanagement,  grafischer Hallenaufplanung, Ausstellerportalen bis hin zu Ticketing und individuellen Reportings.",Germany,2.578305,,,
FairVerify Event Solutions GmbH,924353.0,"Germany, Baden-württemberg, Bammental, 21-23 Industriestraße, 69245",https://www.linkedin.com/company/fairverify,fairverify.de,"Wir entwickeln speziell auf individuelle Bedürfnisse anpassbare Event-Software Lösungen und Info-Terminal Anwendungen, welche auf externen Geräten oder unseren FairVerify Terminals zum Einsatz kommen. Ob Ticketvorverkauf und Einlasskontrolle, Besuchermanagement oder Leadgenerierung - FairVerify vereint Softwarelösungen rund um Events und erleichtert Ihnen so die Planung und Durchführung. Mit FairVerify Ticketing bieten wir ein modulares und skalierbares Ticketing System, mit Fokus auf Fachmessen und Kongresse sowie Seminare. Das System ist an sämtliche Anforderungen anpassbar, lässt sich mit bestehenden Systemen und Infrastrukturen verbinden und bietet so Schnittstellen für alle von Ihnen benötigten Daten.",Germany,0.924353,,,
LogiScale.ai,924353.0,"Germany, Hamburg, Hamburg",https://www.linkedin.com/company/logiscale-ai,www.logiscale.ai,"At LogiScale.ai, we revolutionize e-commerce support through our AI-driven customer support suite that fully automates your customer support.  We train your personal AI Support Agent with all your previous customer support interactions, to increase its awareness, accuracy and context over time, until we can automate more than 90% of all support tickets received! Our innovative solution seamlessly integrates with any of your preferred systems of choice - without compromises. ________ Committed to elevating customer experiences in e-com, we harness the power of AI to automate and resolve at least 80% of support queries, enabling brands to scale efficiently and effectively.",Germany,0.924353,,,
Zazou Studio GmbH,10663340.0,"Germany, Rheinland-pfalz, Speyer, 38 Diakonissenstraße, 67346",https://www.linkedin.com/company/zazou-group-gmbh,www.tickgets.com,"GETS transforms how companies manage business and sponsorship events. Our event platform enables teams to handle invitations, approvals, ticketing, hospitality and reporting - all in one secure, compliant and efficient workspace. By connecting Sales, Compliance, Event Management and Finance, GETS replaces fragmented workflows with a transparent end-to-end process that maximizes ROI and minimizes risk. GETS was built with and for our customers. Backed by Zazou Studio GmbH, we are an international team based in germany and spain, passionate about creating technology that turns complex corporate events into clear, measurable success stories. We are a motivated, creative, young, enthusiastic and international team with offices in Speyer/Mannheim (germany) and Barcelona (spain). We share the passion for great experiences and encounters and are always happy to meet new talents!  Passion all the way!",Germany,10.66334,,,
Hausify GmbH,915036.0,"Germany, Berlin, Berlin, 12489",https://www.linkedin.com/company/hausify-gmbh,www.hausify.de,"Overview: hausify offers a portal solution with a ticket system for property management. With hausify, property managers can set up a customer portal in just a few minutes, offering features such as document management, a ticket system, and a digital bulletin board. The solution is cloud-based, can be integrated into existing websites, and is GDPR-compliant. Main Features: Document Portal & Ticket System: For small and medium-sized property management. Digital Bulletin Board: Information from the administration always reaches its recipients. Ticket System: Exclusively directed communication with options for private messages. Document Management: Documents are stored in compliance with GDPR on German servers. Personalization: Customize the logo, fonts, and colors in the app and system emails.",Germany,0.915036,,,
Fluxcess GmbH,457518.0,"Germany, Lower Saxony, Osnabrück",https://www.linkedin.com/company/fluxcess-gmbh,www.fluxcess.com,"Ticketing, Check-In, Guest-List and Visitor Management solutions for events - all high quality and reliable, made in Germany.",Germany,0.457518,,,
Snash Game Studio,924353.0,"Germany, Hesse, Lampertheim, 7 Otto-hahn Straße, 68623",https://www.linkedin.com/company/snash-ug,snash.io,"We code to entertain you! 👾 Willkommen im Snash Game Studio, wo Spaß und Unterhaltung zu Hause sind! Unser Studio ist der Ort, an dem wir kreative Köpfe zusammenbringen, um die aufregendsten Spieleapps und Partyspiele für Jugendliche und Junggebliebene zu entwickeln. Unsere Spiele sind wie ein Ticket in eine Welt voller Abenteuer, Herausforderungen und vor allem: Spaß! Egal, ob du nach einem rasanten Rennen, einer kniffligen Denksportaufgabe oder einem Spiel für die nächste Party suchst – bei uns wirst du fündig. Aber das ist noch nicht alles! Auf unserer Website findest du noch viel mehr. Wir sind nicht nur ein Game Studio, sondern auch ein Ort, an dem du dich über die neuesten Trends in Sachen Dating, Party und Lifestyle informieren kannst. Hier gibt es Tipps und Tricks für das perfekte Date, kreative Ideen für deine nächste Party und spannende Artikel zu den heißesten Trends der Jugendkultur. Unsere Mission ist es, dir das Beste aus der Welt des Entertainments zu bieten. Egal, ob du dich in knifflige Rätsel stürzen, mit Freunden eine lustige Zeit haben oder einfach nur auf dem Laufenden bleiben möchtest – Snash Game Studio ist dein zuverlässiger Begleiter. Komm und entdecke, was wir für dich bereithalten. Tauche ein in unsere Spiele, stöbere durch unsere Webseite und werde Teil unserer wachsenden Community. Snash Game Studio – wo der Spaß nie endet!",Germany,0.924353,,,
SWH Software GmbH,1372554.0,"Germany, Berlin, Berlin, 61 Attilastraße, 12105",https://www.linkedin.com/company/swh-software-gmbh,www.swh-software.de,"Vibus – ein Produkt der SWH Software GmbH Berlin – unterstützt seit mehr als 35 Jahren große oder kleine Veranstalter bei der Anlage, Durchführung und Abrechnung von Veranstaltungen aller Art. Die modular aufgebaute Software ermöglicht Ihnen ein auf Ihre individuellen Bedürfnisse abgestimmtes Lösungspaket.  Vibus ist mehr als nur Ticketing. Der Ticket-, Gutschein- und Abo-Verkauf wird nahtlos durch einen einfachen Coupon- und Merchandise-Vertrieb ergänzt. Cross Selling Geschäfte erhöhen so Ihren Verkaufserfolg. Ein Raumvermietungs- und Location-Modul runden die Vibus-Modulpalette ab. Mit Vibus haben Sie völlige Daten- und Gebührenhoheit. Alle Kunden- und –verkaufszahlen können Sie jederzeit zu Marketingzwecken nutzen. Alle internen und externen Gebühren legen Sie nach Ihren Wünschen fest. Die Umsätze der Endkunden inklusive aller Gebühren fließen direkt auf Ihr Konto. Vibus steht für Eigenständigkeit, Flexibilität und Langlebigkeit. Impressum: https://www.swh-software.de/impressum Datenschutz: https://www.swh-software.de/datenschutz",Germany,1.372554,,,
Tl Dv - AI Meeting Assistant,18048135.0,"Germany, North Rhine-westphalia, Aachen",https://www.linkedin.com/company/tl-dv,tldv.io,"- tl;dv (“too long, didn’t view”) is an AI Meeting Assistant that goes beyond simply recording, transcribing, and summarizing your team’s meetings. - tl;dv provides insights from relevant meetings across various teams and individuals within your organization. It seamlessly integrates with CRMs, ticketing systems, knowledge management platforms, and over 5000 other tools. <Disclaimer from our Creators> We make software, please use it.  It's also✨ AI-powered ✨will record your meetings and isn't half bad. Works on: Google Meet, Zoom, and Microsoft Teams",Germany,18.048135,,,
Myobis GmbH,5191349.0,"Germany, Bavaria, Munich, 20 Meglingerstraße, 81477",https://www.linkedin.com/company/myobis-gmbh,www.myobis.com,"myobis ist ein Münchener Unternehmen für Buchungssoftware in der Touristik und der Online-Branche. Mit seinem innovativen Produkt „myobis Prime“ bietet das Unternehmen ein Buchungs- und Informationssystem speziell für Anbieter von Erlebnissen, Dienstleistungen und touristischen Zusatzleistungen.  Es ermöglicht, vor allem auch kleinen Unternehmen, jede Art von Dienstleistung direkt buchbar zu machen – von der Stadtrundfahrt über das Erlebnis-Dinner bis hin zum Fallschirmsprung. Tickets sowie auch Gutscheine können mit „myobis Prime“ in Echtzeit gebucht und eingelöst werden. myobis bietet somit seinen Kunden eine attraktive Frontend- sowie auch einfache und sichere Backoffice Lösung.",Germany,5.191349,,,
Coremanager GmbH,644576.0,"Germany, North Rhine-westphalia, Köln, 118a Weinsbergstraße, 50823",https://www.linkedin.com/company/coremanager,www.coremanager.de,"Zutrittskontrollen via Drehsperren, Gutscheinhandling, Ticketmanagement mit allen erdenklichen Ticket-Arten, bargeldlose Zahlung, Kunden- und Buchhaltungsmanagement, Gastrokassenanbindung uvm. – das alles ist der coremanager®. Seit 2013 ist die flexible Systemlösung am Markt etabliert. coremanager® wird auch als effektives Tool für Zutritts- und Einlasskontrollen auf Events jeder Art eingesetzt – wie z.B. Wake The Line. Mit Hilfe einer Mobilen App werden Smartphones in flexible Ticket-Scanner verwandelt. Eine kostengünstige und perfekte Lösung für Events an wechselnden Orten.",Germany,0.644576,,,
Q-smart GmbH,1289152.0,"Germany, North Rhine-westphalia, Windeck, 21 Königsberger Straße, 51570",https://www.linkedin.com/company/qsmartgmbh,www.qsmartgmbh.de,"Q-smart Aufrufanlagen GmbH offers innovative queue management solutions. With over 17 years of experience, they help companies optimize customer service processes through cloud-based systems, wireless queue solutions, and online appointment management. Their portfolio includes state-of-the-art hardware such as ticket dispensers, LED displays, and call terminals. Thanks to integrated business intelligence tools, Q-smart enables comprehensive performance analysis and insights into customer needs.",Germany,1.289152,,,
ProQuest Computersysteme GmbH,2745108.0,"Germany, North Rhine-westphalia, Essen/ruhr, 6 Rosastr., 45130",https://www.linkedin.com/company/proquest-computersysteme-gmbh,www.airquest.com,"Complete workflow automation for high volume ticket sellers, tour operators and cruise companies",Germany,2.745108,,,
SimpleTap App,253156.0,"Germany, Hesse, Marburg An Der Lahn",https://www.linkedin.com/company/tapit-app,www.mellow.studio,"Tapit ist eine revolutionäre App, die die traditionelle Stempelkarte durch eine moderne, nachhaltige Lösung ersetzt. Über eine drahtlose Verbindung zwischen dem Smartphone und einer NFC-Karte können Nutzer Punkte in ihren Lieblingsgeschäften sammeln. Tapit ist nicht nur für Restaurants und Cafés gedacht, sondern für den gesamten Einzelhandel. Wir möchten das Einkaufen in Innenstädten fördern und gleichzeitig umweltfreundliche Klimaprojekte unterstützen.",Germany,0.253156,,,
ToucanTix,759470.0,"Germany, Berlin, Berlin",https://www.linkedin.com/company/toucantix,www.toucantix.com,"ToucanTix is the specialist ticketing and visitor management platform for the leisure and cultural sector. Whether it's a zoo, wildlife park, amusement park, themed attraction, garden show, or historic site – we offer a fully integrated 360° system that covers every aspect of guest interaction: from ticket sales and access control to gastronomy, retail, administration, visitor flow, and analytics. At the heart of our solution is the proven KORONA technology by COMBASE – a robust, cloud-based platform trusted in over 7,000 installations worldwide. By combining this established tech foundation with sector-specific expertise, ToucanTix brings together reliability, flexibility, and innovation tailored to the real-world needs of attractions and event operators. Our mission is to help cultural and leisure organizations enhance the guest experience and optimize their operations through digital tools that are intuitive, scalable, and future-proof. Behind ToucanTix stands a team of industry experts with decades of combined experience in ticketing, software development, and operations management – including CSO Christoph Immel and CEO Douglas Ward. Together, we’re building the next standard for smart, connected visitor experiences. Let’s redefine how your guests explore, enjoy, and engage.",Germany,0.75947,,,
FlowyTeam,5032698.0,"Germany, Bavaria, Munich, Zweibrückenstraße, 80331",https://www.linkedin.com/company/flowyteam,flowyteam.com,"30+ modules: Strategies, OKRs, KPIs, Tasks, Projects, Whiteboards, 360° Reviews, Rewards, Leads, Finance, Invoices, Expenses, Payroll, HRMS, Leave, Attendance, Time Logs, Forms, Reports, Payments, Products, AI Tools, n8n... • Get closer to your vision and mission through Strategy Planning, OKRs, and KPIs (incl. KPI Trees & Dashboards) • Achieve high effectiveness with our Project (incl. Gantt) and Task management (incl. Kanban) • Engage your employees and motivate them through our reward system, weekly check-ins • Convert leads into sales with our CRM • Track your invoices, payments, and expenses • Streamline all your HR needs in one place (incl. Payroll) • Manage client requests effectively with our support ticketing system • Track attendance and measure the efficiency of your activities through time logs • Easily create forms and surveys for better data analytics • Close employee skill gaps with the learning hub (upload your content) • Choose from over 300 AI Personas to assist you FlowyTeam is the best fit for organizations with up to 1,000 employees. FlowyTeam serves over 5,000 organizations in more than 90 countries.",Germany,5.032698,,,
E+S Kassensysteme Inh. Dipl. Ing. R.Stammerjohann,2800000.0,"Germany, North Rhine-westphalia, Kamp-lintfort, 32 Freiherr Vom Stein Strasse, 47475",https://www.linkedin.com/company/prismanote-de,www.pos-software.de,"E+S Kassensysteme E & S Kassensysteme Inh. Dipl. Ing. R. Stammerjohann ist Hersteller von Kassensysteme / Kassensoftware für den Handel, die Gastronomie und Eintrittskartenverkauf. Seit mehr als 15 Jahren entwickelt das Unternehmen für verschiedene Branchen Kassensysteme. Dabei liegt ein Fokus auf die leichte Bedienbarkeit und die einfache Installation der Anwendungen. Der direkte Kontakt zu den Kunden hat zu ständigen Verbesserungen an die Erfordernisse der Kunden geführt. E+S Kassensysteme entwickelt stationäre und mobile Kassensoftware. Die Kassenprogramme sind für 32bit und 64bit Systeme ausgelegt und mit einer SQL Datenbank versehen. Die Touch-Kassensoftware ist geeignet für PC, Laptop, Tablet, Handy und Orderman Systeme. Produkte     Maxstore Kassensoftware Einzelhandel     Maxstore Kassensoftware Gastronomie     Maxstore Kassensoftware Ticketverkauf  Die Kassensysteme werden mit Maxstore© Designer in verschiedenen Kassenlayouts erstellt, damit der Kassenablauf optimal angepasst ist. Maxstore© Kassensystem / Kassensoftware hat viele Sonderfunktionen wie Preissteuerung nach Datum oder Artikel (-gruppen), Kunden (-gruppen), Staffelpreise, Aktionspreise, Umrechnungsfaktoren, 3 für 2 Preise. Die Aktionspreise werden in der Filialsteuerung eingestellt und automatisch an die Kassen gesendet. Die Warenwirtschaft überwacht die Bestände, meldet Minderbestände. Auf Knopfdruck erhalten Sie Bestellvorschläge für Zentrale und Filialen und lösen Bestellungen in einem Vorgang aus. Mit dem Auslösen der Bestellungen wird automatisch eine Warenerwartung beim Wareneingang eingebucht. Die Warenlieferung des Lieferanten wird entweder mit dem MDE eingebucht oder manuell verbucht. Lieferungen und Einkaufsrechnungen können manuell oder automatisch in maxstore erfasst werden. Über alle Prozesse erhalten Sie ein Vorgangsarchiv. Wir bieten Ihnen als Service die Installation vor Ort, Einrichtung und Schulung Ihrer Mitarbeiter. Gerne stehen wir Ihnen für ein Beratungsgespräch kosten",Germany,2.8,,,
Future Demand,6070128.0,"Germany, Berlin, Berlin, 145 Köpenicker Str, 10997",https://www.linkedin.com/company/future-demand,www.future-demand.com,"See what your customers want, auto-build high-converting audiences and ads, and let AI optimise them while you sleep. Our custom AI models understand WHY people buy tickets, not only who! Over 100 data sources enable an industry leading understanding of WHY people like what they like. Clients see 500% higher engagement, 80% time savings and >50% better ROAS. Talk to us and learn how it could help you market more efficiently: https://www.future-demand.com/schedule-demo Imprint: https://www.future-demand.com/imprint",Germany,6.070128,,,
Herokey GmbH,457518.0,"Germany, Berlin, Berlin, 4 Köpenicker Chaussee, 10317",https://www.linkedin.com/company/herokey,www.herokey.com,"Herokey is an enterprise grade, cloud based tool suite for large scale event management. We provide promoters with the cutting edge digital solutions that allow them to interact with their full audience and drive profits exponentially. Herokey allows promoters to:   access a range of digital solutions (e.g., ticketing, guest management, cashless payment providers, and more) secure pre-negotiated deals with respected partners (e.g.,  Mastercard, Apple Music, and more) tap into new revenue streams work with their data to optimize future events   As a white label tool suite, Herokey enables clients to make our products their own, reinforcing branding and building their customer base through every step of event management.   Herokey provides the software for MELT, splash!, Lollapalooza Berlin, and more. Since its founding in 2015, it's grown to manage events with over 100,000 guests per day.",Germany,0.457518,,,
Hobbeys UG,1289152.0,"Germany, Rheinland-pfalz, Ockenheim, 78 Mainzer Straße, 55437",https://www.linkedin.com/company/hobbeys,www.hobbeys.com,"Hobbeys ist eine Anwendung mit interaktiver Karte, auf der du kostenlos und ohne Werbung Freizeitaktivitäten in deiner Nähe entdecken kannst. Wir helfen dir dabei, deine Umgebung zu erkunden und neue Hobbys und Möglichkeiten zu finden, um deine Freizeit aktiv und spannend zu gestalten. Meistens kennt man nämlich die vielfältigen und einzigartigen Angebote im eigenen Umfeld gar nicht. Bei uns findest du nicht nur die üblichen Sportvereine, sondern wir zeigen dir darüber hinaus alles, was deine Umgebung zu bieten hat.",Germany,1.289152,,,
Run.events,8379491.0,"Germany, Rheinland-pfalz, Bingen Am Rhein",https://www.linkedin.com/company/runevents,www.nubelus.de,"Designed by professionals, for professionals: run.events is a seamless, cloud-based SaaS event management platform tailored to meet the needs of professional event organizers. Quick to set up and simple to use, it’s fully operational within minutes and supports every aspect of event organization. With a transparent, fair pricing model based on a percentage of ticket sales, managing events has never been easier. Join us today—create your event organizer account and experience the difference for yourself!",Germany,8.379491,,,
Einraumwerk | OFORK,924353.0,"Germany, Baden-württemberg, Mannheim, 30 Meeräckerstraße, 68163",https://www.linkedin.com/company/einraumwerk-ofork,o-fork.de,OFORK das individuelle Ticket-System basiert auf OTRS 6.,Germany,0.924353,,,
Nono,759470.0,"Germany, Baden-württemberg, Karlsruhe",https://www.linkedin.com/company/getnono,getnono.app,"👋 Servus, wir sind nono, ein Tech-Startup aus Baden-Württemberg, dass Vereinen dabei hilft, Veranstaltungen einfach und sorgenfrei umzusetzen. Wir sind selbst in Vereinen groß geworden – mitgewirkt, mitgefeiert, mitgekämpft. Und wenn du aus Deutschland kommst, dann weißt du: Vater Staat sorgt für Ordnung, Mutter Erde für Leben – und Onkel Verein für Herz und Gemeinschaft. Alles sollte man schützen und wir kümmern uns halt um die Vereine sind das Rückgrat unserer Kultur. Ohne sie gäbe es keinen Karneval, keinen Fußball-Sonntag, kein Oktoberfest, kein Miteinander. Mit nono bekommst du ein ganzheitliches Veranstaltungssystem, das alles abdeckt, was dein Verein braucht - und das in nur einer Rechnung, modular und mega flexibel:  - 📅 Eventplanung - 🎟️ E-Tickets - 🎫 Dauerkarten (digital & physisch) - 💳 Zahlungsterminals - 🧾 Digitale Kassensysteme - 📊 Veranstaltungsanalysen Weniger Aufwand. Mehr Gemeinschaft. Mehr Bock auf Verein. Unsere Vision? Jedem Verein – egal ob Fußball, Fasching oder Schützenfest – Zugang zu professionellen, digitalen Werkzeugen zu geben, damit Ehrenamt und Tradition wieder Spaß machen, Generationen verbinden – und am Ende mehr Zeit fürs Miteinander bleibt. Gefällt Dir? Cool! Dann folge uns - oder buch direkt einen kostenlosen Termin. Lass uns gemeinsam sprechen.",Germany,0.75947,,,
Appviewer,508705.0,"Germany, Berlin, Berlin",https://www.linkedin.com/company/appviewer,appviewer.io,"Empowering product teams to understand the applications they build through automated code analysis & event monitoring. Easily verify behavior, fix issues, and prepare new features. All without digging through code, outdated docs, or archived tickets.",Germany,0.508705,,,
Visionranger,457518.0,"Germany, Hesse, Rödermark",https://www.linkedin.com/company/visionranger,visionranger.com,"Our mission is to enable people to achieve true residential excellence–by giving them the tools and services they need for raising their private living space to new highs. Visionranger merges the virtual and real-world with state-of-the-art technology to create unique experiences in a never-seen quality. Leveraging the power of technology with ever-lasting principles of architecture and design, we enable people worldwide to create one-of-a-kind residences with ease. We reinvent and build mission-critical workflows from the ground up to benefit our customers, partners, and future generations from a perpetual cycle of innovation. At Visionranger, quality, design, and sustainability have our full attention, and we make sure that every product in our Catalog meets all our standards. With our curated list of Visionranger-Verified manufacturers, retailers, and designers, we raise the bar for industry standards and the perception of purchasing high-ticket products and art pieces online.",Germany,0.457518,,,
LIMZ,924353.0,"Germany, Lower Saxony, Oldenburg, 1 Marie-curie Str., 26129",https://www.linkedin.com/company/limz,www.limz.com,"Wir wollen unsere Kunden vor aufwendigen und kostspieligen Umwegen bewahren. Deswegen haben wir LIMZ entwickelt. Eine Plattform, mit der jeder in kurzer Zeit eine professionelle Website erstellen kann. Entwickeln und bauen Sie kein eigenes Flugzeug - kaufen Sie ein Ticket! Impressum: https://www.limz.de/info/impressum",Germany,0.924353,,,
HKS Systeme GmbH,7290687.0,"Germany, North Rhine-westphalia, Paderborn, 89 Friedrich-list-str., 33100",https://www.linkedin.com/company/hks-systeme-gmbh,www.hks-systeme.de,"Die HKS Systeme GmbH ist führender Anbieter von Besuchermanagementsystemen für die Freizeitbranche in Europa. Unsere Dienstleistungen umfassen die Entwicklung professioneller Kassen- und Zutrittskontrollsysteme, eCommerce- sowie Ticketing Lösungen.  Als verantwortungsbewusstes Unternehmen entsprechen unsere Lösungen selbstverständlich GoBD, DSGVO und der Kassensicherungsverordnung bzw. RKSV. Zu unserem Kundenstamm gehören Thermen, Bäder, Freizeitparks, Zoos, Städte, Kommunen und Kultureinrichtungen. Das HKS System erfüllt die Anforderungen sowohl kleinerer Systeme als auch komplexer Verbundlösungen.  Unser Ziel ist es, überall ein umfassendes und übersichtliches Besuchermanagement zu gewährleisten und gleichzeitig Effizienz und Komfort zu steigern. Impressum: https://www.hks-systeme.de/impressum",Germany,7.290687,,,
EcholoN,644576.0,"Germany, Schleswig-holstein, Borstel-hohenraden, 79 Quickborner Straße, 25494",https://www.linkedin.com/company/echolon,www.echolon.de,"With the EcholoN Enterprise Service Management Suite we offer a comprehensive and efficient solution for the organisation and control of all processes and services in all departments of your company. You can also perfectly integrate partners, customers and suppliers into the respective process. Interfaces enable seamless process coupling to upstream and downstream systems. With its flexible process structure and workflow control, EcholoN software enables a high degree of automation. Process gaps are closed. Established systems such as CRM, ERP, PPS etc. receive a process upgrade and optimisation through the provision of best practices. The respective EcholoN solutions offer you a step-by-step introduction to a professional system. You can start with a simple ticket system and only change to the next larger edition via a software key. All settings, data, information and workflows remain the same. The provision of the range of functions thus adapts to your needs. Service-management becomes an enrichment. You decide which department and users may use which services. You can start where the process is best optimised. In the IT department with IT Service Management (ITSM), also according to ITIL, across departments in human resources (HR), whether the service desk should be reorganised or customer service is striving for a holistic solution with Field Service Management.",Germany,0.644576,,,
Golane,3146670.0,"Germany, Bavaria, Munich, 80 Leopoldstraße, 80802",https://www.linkedin.com/company/golane,www.bluego.io,"In the heart of Munich we are working on software solutions in the mobility sector. We are currently developing an automatic ticket booking system that will revolutionize the ticketing process! With the help of the sensors in smartphones, we are able to recognize the beginning and the end of a journey and then offer the passenger the required ticket. Our solution is integrated as a module into existing apps from mobility providers.",Germany,3.14667,,,
Work4all CRM/ERP Software,8720710.0,"Germany, North Rhine-westphalia, Köln, 6-8 Max-planck-str., 50858",https://www.linkedin.com/company/work4all-gmbh-koeln,www.work4all.de,"work4all is the award-winning all-in-one software that combines commercial functions, communication and document storage, and project management. The clearly arranged work4all desktop displays all information on customers, suppliers or projects as a digital file. Additional functions such as time tracking, warehouse management, ticket management as well as many industry-specific extensions make work4all the central control element of your company. Founded in 1990, with over 1.000 clients and 30 years of experience we are one of the leading CRM/ERP providers in Germany.",Germany,8.72071,,,
Weclapp SE,1888002.0,"Germany, Bavaria, Kitzingen, 28 Friedrich-ebert-straße, 97318",https://www.linkedin.com/company/weclapp,www.weclapp.com,"weclapp is a leading cloud-based provider of CRM and ERP software designed for small and medium-sized businesses. The fully integrated System can be used to easily manage all your customers, projects, invoices, orders, articles, tickets and much more. weclapp offers an awesome user interface and can be used intuitively. Working with it is easy and not complicated at all. One software to manage your entire company!",Germany,1.888002,,,
X-TIX,644576.0,"Germany, Baden-württemberg, Mannheim",https://www.linkedin.com/company/x-tix,www.x-tix.com,"B2B-workshops, cultural festival, sports events - if you're selling tickets online, you are likely suffering from ticketing fees that raise linearly with your sales numbers.   X-TIX allows you to abandon these extra costs and provides you with an intuitive and reliable tool to host your own digital presale.",Germany,0.644576,,,
Bots4you GmbH,6862770.0,"Germany, North Rhine-westphalia, Siegen",https://www.linkedin.com/company/bots4you,bots4you.de,"Das marktführende KI-Unternehmen Bots4You GmbH ermöglicht Unternehmen kontrollierbare und sichere Prozessautomatisierungen, die sowohl interne Arbeitsabläufe als auch externe Kundenkommunikation kanalübergreifend in Effizienz und Produktivität signifikant steigern. Als Full-Service KI Anbieter begleiten wir mit einem Team von über 30 KI-Enthusiasten Unternehmen bei der digitalen Transformation, indem wir Mitarbeiter abteilungsübergreifend mit leistungsstarker KI befähigen.  So revolutionieren bspw. unsere Telefonbots, Chatbots und E-Mail-Bots die Kundenkommunikation. Sie beantworten fallabschließende Anfragen in Echtzeit und erstellen qualifizierte Tickets in Ihren internen Systemen. Weiterhin ermöglichen die KI-Assistenten von Bots4You Ihren Mitarbeitern blitzschnell kontextspezifische Informationen aus umfangreichen Datenbanken abzurufen und neu zu generieren – in genau der Form, die sie für Ihre Aufgabenbearbeitung benötigen.  Mit unseren KI-Lösungen – Made in Germany – bewahren Sie stets die Ihre Datenhoheit, sicher, kontrollierbar und DSGVO-konform. https://bots4you.de/impressum/ https://bots4you.de/legal/datenschutzerklaerung/",Germany,6.86277,,,
Zone35 GmbH & Co. KG,8057076.0,"Germany, Berlin, Berlin",https://www.linkedin.com/company/zone35gmbh&co.kg,www.zone35.de,"zone35 steht seit über 20 Jahren für digitale Lösungen im Dritten Sektor und im Verbandsbereich. Seit zwei Jahren setzen wir nun alles auf eine Karte: assisto – weil wir glauben, dass es wichtig ist, Menschen miteinander zu verbinden. Wir sind ein Team von ca. 30 Kollegen und Kolleginnen, welche in Teilzeit oder Vollzeit, vom Büro oder von Zuhause aus arbeiten. Wir versuchen besser zu werden und setzen dabei auf agile Methoden und Selbstverantwortung. Im Bereich der psychosozialen Online-Beratung sind wir mit unserer Beratungssoftware assisto in Deutschland der größte Anbieter.",Germany,8.057076,,,
Melibo,11895468.0,"Germany, Hesse, Frankfurt Am Main, 7 Gerbermühlstraße, 60594",https://www.linkedin.com/company/melibo,www.melibo.de,"No more stress in customer service — thanks to generative AI and Next Generation Chatbots! 🚀  melibo offers an innovative, comprehensive AI-based solution for automating customer service. As more than a traditional chatbot provider, our advanced customer service automation platform sets us apart. On our platform, we use GenAI to improve every step of the customer journey.  Our no-code platform with our GPT-4 Knowledge Hub, product assistants and ticket automation helps your business to significantly reduce the number of emails, calls, and support tickets while optimizing the customer experience.  melibo integrates effortlessly and flexibly into existing systems such as online stores, CRMs and ticket systems. We focus on close customer support, providing customized solutions and continuous support. We strive to shape the future of chatbot technology and set new standards for customer interaction.  Curious to find out more? Schedule an appointment with us and we'll show you how you can use the next generation of chatbots in your company 🤩",Germany,11.895468,,,
Ticket. International,7847676.0,"Germany, Daun, 11 Julius-saxler-strasse, 54550",https://www.linkedin.com/company/ticket-international-gmbh-&-co-kg,www.ticket-international.com,"ticket. international – Der Spezialist für den Kino- und Freizeitbereich  - KINO - MULTIPLEXE - MUSEEN - PARKS - GASTRONOMIE - FREIZEITBETRIEBE -  Wir bieten Ihnen mit unserer Produktlinie DELPHIN eine top moderne und auf Ihre Bedürfnisse und Unternehmen maßgeschneiderte Lösung. Sie wählen aus unserem umfangreichen Produktangebot die Module aus, die Sie für Ihren Betrieb und Geschäftserfolg benötigen. Dabei beraten wir Sie gern und erarbeiten mit Ihnen zusammen ein umfassendes Konzept für Ihr Ticket- und Concession-System in Ihrem Unternehmen. Wir können Ihnen nahezu jeden Wunsch erfüllen.  ticket. international is uniquely prepaired to provide you with the most adequate solutions such as overall Management administration, ticketing and concession, loyalty programs together with CRM , web sales , Kiosk solutions and last but not least a wide range of mobile ticketing possibilities designed to drive per cap profits and increase your satisfaction. Our solutions help you to improve speed of service, maximize uptime, reduce employee training, slash theft, and capture the valuable data needed to make profitable business decisions.  Based on our experience we offer customized software development services designed to full fill your individual needs and whishes to your business sector.  “No limits” is our motto because your satisfaction is our business.",Germany,7.847676,,,
Passcreator GmbH,4512033.0,"Germany, Bavaria, Munich, 15 Walter-gropius Straße, 80807",https://www.linkedin.com/company/passcreator,www.passcreator.com,"Passcreator helps businesses engage customers with secure, dynamic Wallet passes. Ideal for loyalty cards, coupons, and tickets, it offers seamless integration, real-time updates, and personalized experiences - no app required. Start now to enhance your brand and simplify operations! At Passcreator, we believe that every business, no matter its size or industry, should have the tools to seamlessly connect the physical and digital worlds. That’s why we’ve made it our mission to create a robust Wallet ecosystem that empowers businesses to engage with their customers effortlessly. By combining our decades of expertise with cutting-edge technology, we deliver scalable, user-friendly software that makes it easy to create, distribute, manage, and analyze Wallet passes. Our vision is simple yet ambitious: to enable Wallet passes for every business. We strive to be the best and most flexible Wallet service provider, delivering intuitive solutions that bridge the gap between online and offline interactions. Whether you’re digitizing existing physical solutions or looking to expand your reach, Passcreator provides the tools you need to lower entry barriers and maximize engagement. At the heart of our platform is an intuitive, self-service model designed to simplify complex processes. With features like visual editors, real-time updates, and targeted push notifications, we enable businesses to run seamless Wallet campaigns without the need for coding. Our solution allows you to digitize physical assets, connect with customers on a deeper level, and analyze results - all within a single platform. Passcreator is more than just a service - it’s a partner in helping businesses bridge the gap between the physical and digital worlds. Join us in shaping the future of customer engagement with innovative, intuitive, and impactful Wallet solutions. Together, we’re transforming the way businesses connect with their audiences, one Wallet pass at a time.",Germany,4.512033,,,
QRCoat,759470.0,"Germany, Berlin, Berlin",https://www.linkedin.com/company/qrcoat,qrcoat.com,"QRCoat is currently in testing and we're actively looking for venue owners and event organizers in Berlin to partner with us and provide valuable feedback as we refine our system. If you are interested, please reach out to ""contact@qrcoat.com"" or visit our website! QRCoat offers a smart, digital solution for coat check management, replacing traditional paper tickets with digital wallet passes. Guests use their smartphones for check-in and retrieval without needing additional downloads, while staff manage items through a simple, intuitive app. Designed to improve item tracking and security, reduce waste, and create a new marketing channel through push notifications, QRCoat is adaptable to venues of all sizes and types. We're committed to making coat check operations smoother and more efficient for everyone. Interested? Learn more on our website: https://qrcoat.com/",Germany,0.75947,,,
Blickwinkel Tour,915036.0,Germany,https://www.linkedin.com/company/blickwinkeltour,www.blickwinkeltour.de,Die erste Bus VR Tour über das ehem. Reichsparteitagsgelände in Nürnberg. Informationen & Tickets unter: blickwinkeltour.de,Germany,0.915036,,,
Humbee Solutions GmbH,5032698.0,"Germany, North Rhine-westphalia, Meerbusch, 6 In Der Loh, 40668",https://www.linkedin.com/company/humbee-solutions,humbee.de,"Mit humbee haben wir eine Software entwickelt, die einen völlig neuartigen Ansatz verfolgt. Unternehmen werden endlich unterstützt, ihre täglichen Herausforderungen effizienter zu meistern. Mit dem digitalen Arbeitsplatz humbee sparen Sie täglich ca. 30% Ihrer Zeit und Ressourcen. Ihre gesamte Arbeit erledigen Sie vorgangsbasiert.  Statt Dokumente in Ordnern im Dateisystem abzulegen, Informationen per E-Mail zu verteilen und das persönliche Aufgabenmanagement jedem Benutzer individuell zu überlassen, befinden sich in humbee alle relevanten Informationen zu einem Thema im Vorgang.  Sie haben alles, was Sie brauchen, an einem Ort. Vorgänge können in humbee spezialisiert werden. Auf diese Weise werden individuelle betriebliche Prozesse abgebildet. humbee wird zum Maßanzug. Die humbee Einführung ist schnell, kostengünstig und ohne Risiko. Unsere Kunden setzen humbee unter anderem für folgende Bereiche ein: • Vorgangsbearbeitung • Rechtssicheres Dokumentenmanagement • Digitale Akte • Rechnungseingang • Vertragsmanagement • Fuhrparkverwaltung • Personalprozesse • Ticket-System und vieles mehr... Haben Sie Fragen oder möchten Sie mehr erfahren?  Buchen Sie Ihren unverbindlichen Webcast Termin (mit humbee Live Demo) auf unserer Webseite: https://humbee.de oder kontaktieren Sie uns telefonisch unter 02150 7098 – 434.",Germany,5.032698,,,
Dominik Malsch Solutions,253156.0,"Germany, Hesse, Vellmar",https://www.linkedin.com/company/dominik-malsch-solutions,malsch.solutions,"Herzlich willkommen bei Dominik Malsch Solutions – Ihr Spezialist für individuelle Softwarelösung! Unsere Hauptsoftware, VeCoDesk, revolutioniert die Störungsverwaltung von Verkaufsautomaten. Als cloudbasiertes Ticket- und Verwaltungssystem ist sie speziell für Verkaufsautomatendienstleister, entwickelt worden. Über unsere benutzerfreundliche Web-App und zugehörige Mobile App können Kunden ihre Verkaufsautomaten einfach verwalten sowie anfallende Aufgaben und Störungen effizient erfassen und bearbeiteten. Während ich, Dominik Malsch, mich leidenschaftlich dieser Software widme, bin ich zugleich hauptberuflich bei der plentysystems AG tätig. Dort bin ich seit vielen Jahren ein integraler Bestandteil des Teams. Durch meine langjährige Tätigkeit und ausgezeichnete Ausbildung bei der plentysystems AG konnte ich ein tiefes Fachwissen und eine breite Expertise im Bereich Softwareentwicklung sammeln, die ich hier mit meinem eigenen Unternehmen und insbesondere in VeCoDesk einbringe. Nebenberuflich oder nicht – mein Anspruch bleibt gleich: Professionelle Lösungen für spezifische Anforderungen. Lassen Sie uns gemeinsam Ihre Verkaufsautomatenverwaltung auf das nächste Level heben!",Germany,0.253156,,,
Radiant Minds GmbH,253156.0,"Germany, Hesse, Darmstadt",https://www.linkedin.com/company/radiant-minds-gmbh,radiantminds.de,"Radiant Minds Interactive is a premier software development and consulting firm staffed with a team of highly skilled and seasoned professionals who are committed to delivering exceptional products and providing unparalleled consulting services from the outset. Our areas of expertise span across several industries including Web & Mobile development, Fintech, E-Commerce, Travel & Hospitality platforms, and integrations, among others. At Radiant Minds, we pride ourselves on delivering superior results that exceed our clients' expectations. Some of our key products and services include: - Customized E-commerce websites and applications for global brands such as Mercedes Benz, Rabobank, CMA-CGM, Global Terminal, Swissotel, and Çırağan Palace Kempinski - Our proprietary money collection software (SAAS) and payment APIs that have significantly reduced chargeback requests for our clients - Cutting-edge game management and monetization applications and interfaces - A suite of web-based and SAAS products for hospitality industry contract management, human resources, guest experience tracking, and more - Bespoke intranets for multinational companies with modules for human resources, KPI tracking, order, expense, and payment workflows - A comprehensive and licensed physical gold and precious metals exchange platform that is seamlessly integrated with stock exchanges. - Tourism Platforms with integrations to industry-leader global distribution platforms for flight tickets, hotel bookings, car rentals, and other services. - At Radiant Minds, we understand the importance of creating innovative solutions that are tailored to meet our clients' specific needs.",Germany,0.253156,,,
SABIO GmbH,18250686.0,"Germany, Hamburg, Hamburg",https://www.linkedin.com/company/sabio-gmbh,www.getsabio.com,"SABIO supports over 100,000 Users in more than 120 Companies to delight their customers with service excellence. Through SABIO Knowledge we offer customer advisory services and other business entities, where knowledge is a key component, a browser based ‘knowledge and information management solution’. Our goal is to simplify complex technologies to ensure a high user acceptance level and to channel & focus systems knowledge to a point. Employing integrated interface technology, your agents can apply SABIO knowledge with playful ease in response and ticket solutions, chats, web-self services or and many other applications.",Germany,18.250686,,,
PayBack Deutschland,2423251.0,"Germany, Hesse, Gedern",https://www.linkedin.com/company/payback-deutschland,www.payback.de,"Die PAYBACK App: herunterladen lohnt sich. Kein Vergessen der Karte mehr - die mobile PAYBACK Karte hast du in der App immer dabei. So einfach war sparen beim Einkaufen und Online Shopping noch nie. Egal, ob bei REWE, Burger King, dm, Fressnapf, eBay, PENNY und vielen anderen, jetzt einfach mit der mobilen Karte in der App Punkte sammeln und Coupons einlösen. Ganz ohne Plastikkarte oder gedruckte Coupons.",Germany,2.423251,,,
Games Industry Network,2745108.0,"Germany, North Rhine-westphalia, Hürth, 79 83 Luxemburger Straße, 50354",https://www.linkedin.com/company/gamesnetworker,www.gamesindustrynetwork.com,"Built by industry veterans for industry professionals, GIN is the only platform that unites live event networking, matchmaking, and CRM in one continuous, easy-to-use system. No more scattered tools, lost business cards, or one-off event apps that vanish after the show. GIN keeps every connection, meeting, and follow-up in one place, so your network stays alive and working for you long after the event has ended. What you can do with GIN: 🌟 See which of your connections will be at upcoming gaming trade shows before you book your ticket.  🌟 Schedule meetings with our integrated matchmaking tool and keep all notes, contacts, and outcomes tied to your profile. 🌟Search our ever-growing directory of 8,000+ companies to find the right partners, anywhere in the world. 🌟 Use our built-in CRM to replace spreadsheets and manual lead-tracking. GIN is free to use for core features and offers low-cost subscriptions to unlock your full networking potential. Join GIN today — and make every connection count.",Germany,2.745108,,,
TopWare Interactive - AC Enterprises E.K.,5191349.0,"Germany, Baden-württemberg, Karlsruhe, 36 Rittnertstrasse, 76227",https://www.linkedin.com/company/topware-interactive,www.topware.com,"About Topware Interactive For years, TopWare Interactive has developed successful brands, built international presence, and published award winning blockbusters of all genres, manifesting itself as a proverbial “breath of fresh air” in the video game industry. Evidence of this fact can be seen in the successful IPs generated by in-house development studio Reality Pump and other top licenses acquired from external developers. Games such as “Earth 2160” and “Two worlds II” are just two of the award winning box office hits to emerge from this unique and innovative studio. In addition, TopWare Interactive is the first German based company appointed as a licensed Publisher by Microsoft, Apple, Nintendo and Sony for their respective next gen platforms, providing for a solid future product portfolio on multiple platforms and distribution channels. Presently, TopWare develops for, and publishes on PC, Mac, Xbox 360, PlayStation 3, Playstation 4,  Nintendo Wii, and Nintendo DS/3DS, iPhone, iPad and Android platforms. In the PC sector, TopWare retains a close partnership with Intel, AMD and nVidia, striving to propel innovation and remain on the cutting-edge of state-of-the-art technology.",Germany,5.191349,,,
Sportsforcharity Foundation,390175.0,"Germany, North Rhine-westphalia, Solingen, 29-31 Grünewalder Straße, 42657",https://www.linkedin.com/company/sportsforcharity,www.sportsforcharity.eu,"Sportsforcharity is the movement against cancer! There is a simple concept behind this play on words: to raise funds by organising unique sports events in order to fight cancer by supporting accompanying therapies such as art and music therapies and at the same time to (experience) the health-promoting aspects of sport in general. With our events, we offer the athlete a special added value: on the one hand, you can push yourself to your limits as an athlete and at the same time do good with your entry fee. The entry fee includes our premium event, as well as ticket insurance and a donation to our own Sportsforcharity Foundation, which provides art therapy for seriously ill children and young people. This helps them process their feelings during their difficult time. Our proceeds from the events and incoming donations go to our foundation. The foundation promotes, finances and accompanies art therapy. Together with the University Hospital of Cologne and the Ottersberg University of the Arts in Social Affairs, we will have the subject scientifically monitored.",Germany,0.390175,,,
Karte Von Morgen,780350.0,"Germany, Baden-württemberg, Teningen, 28 Mittelstraße, 79331",https://www.linkedin.com/company/vonmorgen,www.kartevonmorgen.org,"Unsere interaktive Karte zeigt dir Orte in deiner Umgebung, an denen man sich schon heute für eine Welt von morgen einsetzt. Du hast eine Initiative, für die du Mitstreiter*innen suchst? Du kennst ein Unternehmen, das nachhaltig wirtschaftet? Auf unserer Website kannst du andere darauf aufmerksam machen – und dich so für einen von Menschen gestalteten Ort einsetzen, der dir persönlich am Herzen liegt. Wir sind auf der Suche nach vielfältigen Ideen, Initiativen und Unternehmen, die den aktuellen sozialen, ökologischen und ökonomischen Umbrüchen alternativ entgegen wirken. Diese möchten wir vernetzten und ihnen möchten wir einen gemeinsamen Online-Auftritt und damit eine erhöhte Aufmerksamkeit ermöglichen. Nach dem Wiki-Prinzip können alle Nutzer*innen, Initiativen und Unternehmen sich und andere auf der Karte eintragen und so ihre Mitmenschen erreichen. Doch von morgen ist mehr als eine Onlineplattform: Regionalpilot*innen sichern vor Ort die Qualität der Karteneinträge und haben neben einer redaktionellen Funktion die Aufgabe durch Bildungsveranstaltungen und Aktionen den regionalen Austausch zwischen Bürger*innen, Initiativen und Unternehmen zu stärken. von morgen fragt nach Werten, die unsere Gesellschaft fundieren und bewegen. Wir zeigen Menschen, die Guten tun, wo es Gutes gibt.",Germany,0.78035,,,
BoP - Board Of Participation E.V.,780350.0,"Germany, Berlin, Berlin",https://www.linkedin.com/company/bop---board-of-participation-e-v-,www.boardofparticipation.de,"The association BoP – Board of Participation – organisation for cultural participation and education was listed in the register of associations in 2015. The idea behind the association came up after a successful start of the “The BoP-Tickets Project”. The association is based on three columns.  I. The BoP-Tickets The first column consist of social and cultural participation. That means, we enable refugees a free participation at culture, art or sports events in Berlin, preferably without language barriers.  II. The Moving Network The second column consist of the empowerment of specific competencies of humans (BoP-Ambassadors). We help fled in- and outside the homes to create create courses by their own and teach other refugees. III. The Temporary University The third column consists of research and organisation of academic training sessions for humans with and without escape background. This for example is realised at the Temporary University with international well-known academics and artist.",Germany,0.78035,,,
Vereinbar 3.0,1142609.0,"Germany, North Rhine-westphalia, Köln, 2 Dorothee-sölle-platz, 50672",https://www.linkedin.com/company/vereinbar,vereinbar3punkt0.de,"Wir sind vereinbar 3.0 - ein Zusammenschluss von Menschen & Unternehmen mit großem Herz und einem noch größeren Anliegen: selbstbestimmtes Leben und Arbeiten muss für alle möglich sein. Anstehende Veranstaltungen:  Summit ""Attraktive Arbeitsorte gestalten: Vereinbarkeit von morgen schon heute"" am 19.09.23 im kiwifalter in Düsseldorf https://www.eventbrite.de/e/summit-attraktive-arbeitsorte-gestalten-tickets-517944204057",Germany,1.142609,,,
Ideen3 E.V.,1142609.0,"Germany, Hesse, Waldkappel, 17 Friemer Straße, 37284",https://www.linkedin.com/company/ideenhochdrei,ideenhochdrei.org,"Seit 2009 gestaltet Ideen³ als gemeinnütziger Verein Räume für Entwicklung, in denen Menschen einander begegnen, Ideen erleben und Zukunft gestalten können. Mit unseren vielfältigen Initiativen und Projekten machen wir soziale, ökologische und ökonomische Ideen für eine lebenswerte Zukunft erlebbar. Unsere Angebote richten sich an Menschen aus Unternehmen, Politik und Zivilgesellschaft, die sich persönlich entwickeln und die Welt aktiv mitgestalten möchten. Wir bringen unterschiedliche Akteure, Ideen und Initiativen zusammen, um so deren Möglichkeiten im Sinne einer nachhaltige(re)n Entwicklung zu potenzieren. Dies soll erreicht werden durch die Organisation von Veranstaltungen und Aktionen sowie der Schaffung von Schnittstellen im Bereich der Neuen Medien, die zu gesellschaftlichem Engagement und dem Entwickeln eigener Ideen inspirieren und ermutigen. Unsere bekanntesten Projekte sind die jährliche Zukunfts-Radtour ""Ideen erfahren"", Tage der Ideen, die Karte von morgen, die Wander- und Berufungscoachings, die offenen Kulturjurten in München und Leipzig sowie die entwicklungspolitischen Workshops und Aktionen der Ideenwerkstatt Bildungsagenten.",Germany,1.142609,,,
GANJAR,1151071.0,"Germany, Baden-württemberg, Sindelfingen, 4 Schubertstr., 71065",https://www.linkedin.com/company/ganjar,www.ganjar.shop,"Qualität Made in Germany  Die optimale Lagerung von Cannabis verlangt nach einem hochwertigen Behältnis. Deshalb beziehen wir alle Teile des GANJAR von ausgewählten Partnern. Die pulverbeschichtete Aluminiumhülle, der teilfolierte Glasbehälter und ein luftdichter Deckel aus Bambusholz sorgen für stabile Temperaturen und konstante Feuchtigkeitsverhältnisse. Ein stabiler Edelstahl-Clip fixiert das Boveda Humidity Pad am Deckel. Ganz nebenbei sorgen diese hochwertigen Bestandteile auch für die einzigartige, edle Optik des GANJAR. Jeder GANJAR wird von Hand auf makellose Qualität geprüft und samt einer handsignierten Karte mit dem Datum der Fertigstellung an dich versandt. Wir arbeiten aus Überzeugung und mit Leidenschaft an diesem Projekt, deshalb freuen wir uns über jedes Feedback.",Germany,1.151071,,,
Minga Architects GmbH,1020422.0,"Germany, Bavaria, Munich, 7 Richard-wagner-straße, 80333",https://www.linkedin.com/company/minga-architekten,minga-architekten.de,"Servus ♥ We are m.ing.a  THE office for ARCHITECTURE + NETWORK in the heart of Munich.  We plan + network all experts for valuable buildings in our homeland.  Dahoam  mia  m.ing.a  munich.engineers.architects  ♥ form follows heartiness ♥  minga = stands for us  munich ♥ home  engineers ♥ sophistication  architects ♥ creativity  minga = Munich in Bavarian we ♥ language  work ♥ culture  network ♥ heartiness  Mia  We plan your architecture project  The TEAM are munich, engineers + architects  Stronger together + interdisciplinary, we successfully master every project request  Work  Network projects - Engineering art - Architectural projects  We work comprehensively, pragmatically + goal-oriented  We plan your PROJECT + we implement with heart and soul + lard For individual + economically sustainable buildings + architecture with added value  Network  Mingamember EXPERTS strengthen your project.  The network connects munich, engineers + architects.  Together with you we create success for quality, buildings + architecture. Contact  classic? Contact by phone, email, letter + fax  Personal? Fridays OpenOfficeHour strengthens cooperation.  GET TO KNOW with a relaxed atmosphere, snacks, drinks + join the network  Average project costs: € 2,000 - € 20 million  Diverse projects - from very small to very large - are successfully implemented by our team and large network.  We offer basic architecture services in accordance with the fee schedule. For special services, you can choose between an hourly basis or a flat rate.  Do you have specific questions about your construction projects?  We offer you an consultation hour. You will receive a professional initial assessment for a fixed rate. Tickets are available at eventbrite https://mingaarchitekten.eventbrite.com Do you have any questions or suggestions? Please contact us. We look forward to hearing from you and getting to know you personally in the future. Pretzlhead says: form follows heartiness. All love for you",Germany,1.020422,,,
Animationsfabrik GmbH,5779534.0,"Germany, Hamburg, Hamburg, 20 Donnerstraße, 22763",https://www.linkedin.com/company/animationsfabrik-gmbh,www.animationsfabrik.de,"WE LOVE ANIMATION VFX, 3D or 2D animation – turning ideas into living reality. For more than 20 years, we have been producing cutting-edge animation for advertising, cinema, TV and the web. From 7-second commercials to feature-length films, our slate of projects is diverse, colourful and always surprising. We can animate anything – perhaps even your ideas? · Company founded in May 2000 · Locations: Hamburg and Warnemünde · Team comprising in-house staff and freelancers · Projects: advertising, feature films, TV and the web · VFX, 2D and 3D animation · Main focus: character animation FROM PENCIL SKETCH TO BOX-OFFICE SUCCESS Since the company was founded in 2000, we have been planning and producing 2D/3D animated film productions and visual effects for advertising, cinema, TV and digital media. In our studios in Hamburg and Warnemünde, we have been working successfully both as producer and service studio. The unique combination of commercials and long-form entertainment in our filmography has garnered us a wealth of experience in all areas of cross-platform animation. CHARACTER ANIMATION IS OUR PASSION Highly appealing character animation is our speciality. Years of experience have taught us what it takes to breathe life and personality into a character as these are the traits that will always be remembered. ALWAYS ON HAND Our services range from story and project development to the final product. With our in-house artists, as well as a large pool of freelance animation specialists, we have the right team for every project. And we are constantly on the lookout for new challenges and welcome any opportunities for further development. SHOWREELS Character: https://vimeo.com/317045731 Vehicles: https://vimeo.com/39826312 Feature Film: https://vimeo.com/61698456 VFX: https://vimeo.com/184817851 Fluids and Food: https://vimeo.com/398262 Facebook: www.facebook.com/animationsfabrik/ Instagram: www.instagram.com/animationsfabrik/",Germany,5.779534,,,
