Name,Revenue,HQ Location,LinkedIn URL,Website,Company description,Country,Revenue_M,Main Broker,Main Insurer,Hubspot
SANI RESORT,763066516.0,"Greece, Sani, 63077",https://www.linkedin.com/company/155308,www.saniresort.gr,"Sani Resort is a luxurious landscape stretching across fragrant pine forests, golden sands and crystal clear waters. This is the awe-inspiring thousand-acre natural backdrop to Sani Resort, home to five multiple-awarded 5-star hotels recognized around the globe by leading travel organizations. Five stunning properties all within walking distance of each other, yet far enough away to create a real sense of individuality. While the beating heart of Sani is the vibrant, glamorous Marina with its sumptuous restaurants, bars and boutiques. Employees are the most valuable asset at Sani Resort and our aim is to develop staff skills and help them to reach their potential. We are always on the outlook to identify, recruit and maintain the people with the greatest smile and passion to provide exceptional guest services, which characterises the whole company  Do you enjoy smiling? Join our team!",Greece,763.066516,,,
COSTA NAVARINO,721343560.0,Greece,https://www.linkedin.com/company/costanavarino,www.costanavarino.com,"Costa Navarino is a sustainably driven destination in the Mediterranean, located in Messinia in the southwest Peloponnese of Greece.  Graced with a breath-taking seaside landscape, this is a region shaped by 4,500 years of history. The Costa Navarino philosophy is driven by a genuine desire to preserve the natural beauty and heritage of Messinia. The destination comprises several distinct sites featuring five-star hotels, luxury private residences, a world-class golf experience, and many year-round activities. Navarino Dunes is home to The Romanos, a Luxury Collection Resort, The Westin Resort Costa Navarino and Costa Navarino Residences. Navarino Bay is the setting for Mandarin Oriental, Costa Navarino, W Costa Navarino and Navarino Agora, a curated marketplace. Both sites have signature golf courses, while at Navarino Hills there are two further signature golf courses.",Greece,721.34356,,,
Mitsis Group,521073368.0,"Greece, Attica, Athens, 12 Filotheis, 11147",https://www.linkedin.com/company/mitsis,www.mitsis.com,"As Greece’s largest privately-owned hotel chain, MITSIS has been a tourism pioneer for 50 years now, making its own mark on Greece’s tourist industry, driven by a customer - centered philosophy and the promise of an unparalleled holiday experience.  With 24 hotels in our portfolio in Athens, Chalkidiki, Corfu, Crete, Kamena Vourla, Kos, Rhodes, Piraeus and Santorini, we aspire to stand out as the preferred portfolio of hotels & resorts in Greece offering excellent service, great locations, impeccable facilities, sophisticated dining and a broad spectrum of options for our clientele.  We bring to life enriching experiences for our guests, making the most of our unparalleled family touch and genuine Greek essence, always seeking to be flexible and adaptable to individual customer needs and the mindset of new generations.  Transforming each visitor into a special guest is the key to our success.  Mitsis Group has been awarded several prizes by local and international tour operators and travel organizations in recognition of the high quality of the services provided, its contribution to upgrading local tourism and its respect for the environment. We are proud to be named Great Place To Work® Certified™ thanks to our people.",Greece,521.073368,,,
Scorpios,270735629.0,"Greece, Paraga, 84600",https://www.linkedin.com/company/scorpios-mykonos,www.scorpios.com,"Never sitting still at the intersection of hospitality, gastronomy, architecture, design, music and visual art, Scorpios is a constellation of gathering places that brings cultural experimentation to sublime natural surroundings. Dreamed up in 2015 on a sun-drenched southern tip of Mykonos, the brand's flagship project soon became synonymous with the revival of the Greek island's left-field electronic music scene as a community organically blossomed, bringing mindfulness, visual art, fashion, and craft into the fold. Catching the attention of Soho House in 2019, Scorpios then set its sights further afield.  In 2024, Scorpios unveiled its new flagship location on a secluded peninsula along Turkey’s Bodrum Aegean coast, introducing its first accommodations and wellness offerings to deliver a round-the-clock experience. By nurturing the community, prioritising wellbeing in all its forms, encouraging creative collaboration, and framing nature's beauty, the Scorpios and Soho House partnership looks forward to opening projects in Athens and Dubai.",Greece,270.735629,,,
SantAnna,248586930.0,"Greece, Mykonos, 84600",https://www.linkedin.com/company/santanna-mykonos,www.santannamykonos.com,"SantAnna offers unpretentious luxury and sophisticated entertainment on the prominent island of Mykonos.  Located on Paranga Beach on the south of the island, protected from the Mykonian winds, boasts a Beach Club, 3 restaurants with revisited Mediterranean cuisine, sushi and a raw bar and one of the biggest seawater swimming pools in Europe, retail shops, a wellness center and many different lounge areas are also available for the constant indulgence of the visitors with a choice of exclusive services upon request.  SantAnna is the most diverse project of the Nice-n-Easy Restaurant Group which includes eight successful organic restaurants; Nice-n-Easy Mykonos at the island’s town and Nesaea with contemporary creative Greek island cuisine on Agia Anna Beach at Kalafatis, two Nice-n-Easy restaurants in Athens in Kolonaki and Kifissia & the Italian bistro & bar Frankie in Athens. In May 2018, the newest addition to the group, ""nice n easy"" Seaside, debuted in the Greek capital’s most iconic location, Astir Beach. ""Nice n easy"" group is also operating the “Exquisite Catering,” which is a leading catering service on Mykonos for private villas and hotels, offering its services across Greece.",Greece,248.58693,,,
Aldemar Resorts,216032197.0,"Greece, Attica, Athens, 262 Kifissias Ave., 14562",https://www.linkedin.com/company/aldemar-hotels-&-spa,www.aldemar-resorts.gr,"With over 35 years in the tourism industry, Aldemar Resorts, owned by the Angelopoulos family, delivers exceptional hospitality and unique guest experiences through a people-centered approach. Aldemar Olympian Village is a luxurious seafront grand resort in Ilia, near Ancient Olympia, offering premium facilities, high-end gastronomy, wellness at the Elements Spa, and state-of-the-art conference and events services at the Ilis Congress Center. Committed to quality, innovation, and sustainability, Aldemar Resorts creates memorable experiences while respecting the environment and supporting local communities.",Greece,216.032197,,,
Domes Resorts,201197368.0,"Greece, Central Macedonia, Thessaloníki, 10 Vas Olgas, 54640",https://www.linkedin.com/company/ledra-hotels-and-villas,www.domesresorts.com,"Cultures connected, Destinations celebrated. The leading lifestyle hospitality brand in Greece, and one of the fastest up-and-coming in Europe. We handpick destinations with a culture to share, and inspire by creating curated concepts, signature experiences, and meaningful, innovative brands. Crete – Ionian Islands – Chalkidiki – Cyclades – Athens - Portugal",Greece,201.197368,,,
Astir,160480170.0,"Greece, Attica, Athens, 8 Anagyrountos Av. Vari/",https://www.linkedin.com/company/astir-palace-vouliagmenis,www.astir.gr,"Located in the Athenian Riviera, one of the most coveted areas in Greece, the iconic Astir has long been favored by an elite clientele, as a landmark destination of international stature. Since the 1960s, this instant classic has been offering an exclusive environment of elegant, timeless luxury. In 2016, the company is acquired by Jermyn Street Real Estate Fund IV LP, an investment fund whose investors comprise two sovereign state funds from Abu Dhabi and Kuwait, other Arab investors and the Turkish Dogus Group.  Our redevelopment plan involves the Hotel's complete renovation, a significant upgrade of Astir Marina, the development of up to 13 private villa residences and the renovation of Astir Beach.  In 2017, Astir Palace Vouliagmeni S.A. and Four Seasons Hotels and Resorts, the world's leading luxury hospitality company, announced plans to bring the first Four Seasons hotel to Greece on the Astir peninsula. Following extensive upgrades to the existing hotels, the new hotel will debut as Four Seasons Astir Palace Hotel Athens. Now, Astir is setting a new benchmark for luxury hospitality in the country, best serving our vision to be a top luxury destination in the wider Mediterranean region that will harmoniously combine timeless elegance with modern luxury, providing a truly unique hospitality experience. In addition to the Hotel, Astir features high-end retail and dining options, including cosmopolitan Matsuhisa Athens by Nobu; Astir Beach, an alluring seaside concept that boasts 800 sunbeds and impeccable hosting services and Astir Marina, with mooring capacity of 103 vessels. Always a pioneer in concepts & services, the cornerstone of Astir’s success lies in our friendly, dedicated team’s unwavering commitment to integrity, innovation and quality in all facets of hospitality practices. Astir is an equal opportunity employer.",Greece,160.48017,,,
Club Hotel Casino Loutraki,135936144.0,"Greece, Peloponnese, Loutráki, Poseidonos, 203 00",https://www.linkedin.com/company/club-hotel-casino-loutraki,www.clubhotelloutraki.gr,Club Hotel Casino Loutraki was founded in 1995 and employs 1600 staff. It is the top casino in Greece and one of the largest and most successful casino resorts in Europe.,Greece,135.936144,,,
Myconian Collection Hotels & Resorts,132160140.0,Greece,https://www.linkedin.com/company/myconian-collection-hotels-&-resorts,www.myconiancollection.gr,"We are a family-owned group of fourteen leading luxury hotels on Mykonos, including four Relais & Châteaux, two Leading Hotels of the World, three Design Hotels, two Preferred Hotels & Resorts, a Small Luxury Hotels of the World and one The Set. The Myconian Collection lays claim to some of the island’s most beautiful settings, capturing the essence of the incomparable Myconian charm and beauty which attracts travellers from across the world. Founded in 1979 by George and Elefteria Daktylides, the hotels are run today by their four sons Panos, Markos, Vangelis and Marios. As a genuine Myconian family, we welcome guests with warmth and attentiveness and create the ultimate hospitality experience that comes straight from the heart. We offer discerning guests a choice of the most spectacular locations and spacious design interiors. Our gourmet restaurants, state-of-the-art Thalasso spa centres and superb terrace bars set the stage for unbeatable vacations, exceptional events and the most glamorous weddings in the Mediterranean. We are also internationally renowned for our supreme service standards born from family values and refined over decades at the forefront of the island’s hotelier elite. Yet while consistent excellence runs through our superb spas, gourmet restaurants, outstanding conference facilities and glamorous wedding venues, each one of our hotels retains its own distinctive personality, a diverse range of accommodations, entertainment options and rates.",Greece,132.16014,,,
Electra Hotels & Resorts,127125468.0,"Greece, Attica, Athens, 6 Filellinon, 105 57",https://www.linkedin.com/company/electra-hotels-&-resorts,www.electrahotels.com,"Welcome to Electra Hotels & Resorts, a group committed to offering quality hospitality, service and luxury since 1965. In Electra Hotels & Resorts, hospitality becomes a whole new experience. Apart from the high quality facilities and services you expect from a luxury hotel, their superb position in Greece’s most historic and picturesque locations and their wonderful blend of elegance and tradition transforms your accommodation in Electra Hotels & Resorts to a lifetime memory. The company’s mission is to continue offering the traditional Greek hospitality to its clients and at the same time to improve the provided facilities and services.",Greece,127.125468,,,
Mar-Bella Collection Greece,127023223.0,"Greece, Ionian Islands, Corfu, 490 84",https://www.linkedin.com/company/marbella-beach-corfu,www.marbellacollection.gr,"Mar-Βella Collection is a constantly evolving Hotel Group aiming into offering award-winning holiday experiences featured by service of excellence, personalized care, and dedication to customers. Holding a unique portfolio of 3 luxury 5* star properties, the iconic 5* family, MarBella, its adjacent sister, adult-only suite hotel Nido, a proud member of Small Luxury Hotels of the World, both located in the island of Corfu and the new Elix located in Perdika Thesprotia. Mar-Bella Collection offers unique experiences that satisfy its guests desires at every stage of their life and a family of hotels connecting people to the beautiful Ionian Sea!",Greece,127.023223,,,
PORTO CARRAS GRAND RESORT,121460162.0,"Greece, Neos Marmaras, 63081",https://www.linkedin.com/company/porto-carras-grand-resort,www.portocarras.com,"Porto Carras Grand Resort, the most complete beachfront resort in Greece, lies within a breathtaking natural environment of 1,763 hectares and 9km of sandy, Blue-Flag awarded beaches and 25 pristine coves, where you can sense the powerful vibe of nature’s beauty mixed with Porto Carras’ iconic hospitality service. The resort features a Marina, Golf, Casino, Winery, Thalassotherapy-Spa, Tennis Courts, Horse-riding, Diving Academy and other exciting sports activities. Easily accessible, on a magnificent beachfront location with spectacular golden beaches and crystal-clear waters, Porto Carras offers a unique variety of exciting outdoor activities, spacious suites and in-room services for extra privacy as well as ample space to unwind and enjoy carefree holiday moments. The ideal space for complete privacy and relaxation, with secure outdoor facilities and high-quality services.",Greece,121.460162,,,
Divani Collection Hotels,115797456.0,"Greece, Attica, Athens, 2 Vassileos Alexandrou",https://www.linkedin.com/company/divani-collection-hotels,www.divanis.com,"Established in 1958, the Divanis Group (Divani Collection Hotels) has exemplified Greek hospitality, having become synonymous with luxury, comfort, and impeccable service. For 7 decades, we have viewed hospitality as an art form, paying painstaking attention to every detail with the sole aim of satisfying our guest. When you book a room or event at one of our 7 luxury hotels in Greece, your needs will be met and your expectations exceeded. With an atmosphere of refinement, comfort, and hospitality in every one of our offerings, we create something that discerning travelers have been enjoying for decades – a true home away from home. We welcome you to the 1st legacy hospitality business in Greece, we welcome you home.",Greece,115.797456,,,
H Hotels Collection,109406863.0,"Greece, South Aegean, Ródos",https://www.linkedin.com/company/h-hotels-collection,www.hhotels.gr,"H Hotels Collection is owned by the Rhodian Hatzilazarou Family. As a family owned business the hotels reflect true passion for Greek hospitality. We take great pride in being one of the leading hotel groups in Greece. H Hotels Collection consist of a handpicked group of 4 and 5 stars all inclusive hotels situated in supreme locations. The first hotel “Rodos Princess “was build 1993 and since then the great success has grown with the popularity. Today we enjoy guests from all over the world, many of whom return year after year.",Greece,109.406863,,,
Grecotel Hotels & Resorts,103550088.0,"Greece, Attica, Athens, 64b Kifisias Ave. Maroussi, 15125",https://www.linkedin.com/company/134952,grecotel.com,"Grecotel is the leading Hospitality Group in Greece: identified with iconic Luxury Hotels & Resorts in spectacular locations, intertwined with the country’s landmarks and heritage – a collection unique in the world. 2025 is a milestone year for Grecotel, celebrating 50 years of excellence as an award-winning brand shaping the luxury hospitality industry. In 1975, its Founder, Nikos Daskalantonakis, started his emblematic journey in Crete with a pioneering vision rooted in his innate ethos and 'philoxenia' values, instilling heartwarming hospitality and an unwavering commitment to quality.  Today, Grecotel stands proud as an independent, family-owned company, welcoming its third generation: constantly enriching its portfolio, evolving its signature, inspiring genuine connections and aiming to an exciting future. Grecotel knows Greece like no other, bringing you the best of its culture, nature, spirit, gastronomy and people. Each of its 40 properties across 15 coveted destinations around the country, emulates its distinctive place, inspiring deeper connections and offering a sense of belonging.  The Grecotel family of 7.000 people pioneers the art & craft of holidays be it Greek summers or year-round escapes, honoring their presence in the lives and memories of millions of guests. Here, talent thrives, bold ideas are embraced, and greatness is a shared pursuit. HOTELS & RESORTS TO LIVE® Start your career journey with us — visit: https://www.grecotel.com/careers/",Greece,103.550088,,,
Zeus International Hotels & Resorts,91790504.0,"Greece, Attica, Athens, 2 Megalou Alexandrou Str. Metaxourghio, 104 37",https://www.linkedin.com/company/zeus-international,zeusintl.com,"With more than half a century of combined team experience in creating opportunities and overcoming challenges for owners, investors and developers Zeus International optimizes the broad spectrum of issues related to Hospitality industry. Our senior management team, have the inherent ability to grasp the business and leisure climate of any market or asset, driving top-line revenues in all segments to achieve optimum profitability. We understand Hotels with complex operations and multiple revenue streams and we have significant experience in managing these assets with a shared focus on guest service, profitability and return to investors. For career updates follow our LinkedIn Careers Page: https://www.linkedin.com/company/zeus-international-careers or visit our Careers Platform: https://zeus.hrsystem.club/",Greece,91.790504,,,
Lido Hotel,87477426.0,"Greece, Peloponnese, Kórinthos, Melissi Xylokastro Old National Road Xylokastro, 20400",https://www.linkedin.com/company/lido-hotel,www.lido-hotel.net,"Lido Hotel is situated in the prefecture of Korinthia - Peloponnese and built on the seaside of the picturesque traditional village Melissi just 110km away from the city of Athens. Dedicated beach & swimming pool, restaurant focused on Greek cuisine with high quality local ingredients , all in a friendly and easy going setting mated with high standard service. We consider the hotel's location as special because it combines the sea and the mountain and gives you the opportunity to choose among various day excursions and activities. It is an ideal starting line for a short hop to famous sights such as Ancient Corinthus (Corinth), the Corinthus (Corinth) canal, Epidaurus (Epidavros), Mycenae (Mikinae), Delfi or places of extreme natural beauty such as Ziria, Trikala, Feneos etc. An ideal resort for families, and for those who prefer independent holidays out of the mass tourism industry.",Greece,87.477426,,,
Domes Of Elounda Autograph Collection,86227443.0,"Greece, Plaka, 72053",https://www.linkedin.com/company/2194306,domesresorts.com,"Domes of Elounda, Autograph Collection is a 5 Star All Suites And Villas Spa Resort in Elounda, Crete, part of Ledra Hotels and Villas. Consisting solely of unique design suites and villas, Domes of Elounda, Autograph Collection offers guests the true Mediterranean experience, connecting luxury to natural environment and local culture. The resort introduces a new concept, holistically capturing the essence of all that is Mediterranean and bringing it to life in the form of a luxury resort.  This is a new luxury one isn’t afraid to touch, one you can live in, and one with extraordinary character that allows you to remain in sync with the landscape of Greece while enjoying world class accommodation. The attraction to the sea and vibrant culture of Crete has naturally created a feel that blends the magic of the Mediterranean with an alternatively traditional, yet human luxury. Each suite and villa finds its roots in architecture from Greece, Carpath and Syria, borrowing features such as domed and pyramidal ceilings that cool rooms capturing sea breezes, and create a new architecture of organically shaped living spaces at a human scale. The new Domes Luxury Residences, along with the stunning Domes Ultraluxe Villas, come with the “Haute Living Selection,” essentially creating an exclusive haute-luxury villa boutique experience, within the already impressive resort of Domes of Elounda, Autograph Collection.  Breathtaking views of the sea and the UNESCO protected castle on the islet of Spinalonga are part of this new design inviting the senses to feast on sights, scents and tastes from the rich outdoors through large windows, and spacious verandas.  Domes of Elounda Invites guests to immerse theirselves in the pageantry of one of the world’s most vibrant cultures, that of Crete.",Greece,86.227443,,,
Atrium Hotels & Resorts,85300266.0,"Greece, Rhodes, Illiadon Street, 85100",https://www.linkedin.com/company/atriumhotels,www.atriumhotels.gr,"Atrium Hotels & Resorts is a collection of 5* Luxury Hotel Resorts situated on the island of sun; Rhodes, Greece. Privately owned and well established, the Atrium Luxury Collection offers guests the perfect escape for relaxing holidays, combining innovative architecture, state of the art facilities, personalised service, exclusive décor and the traditional warmth of Greek hospitality. Atrium Hotels & Resorts continues to expand and improve year on year, consistently striving to exceed our guests’ expectations and raise the bar in standards of luxury accommodation.",Greece,85.300266,,,
Athens Ledra Hotel,83701422.0,"Greece, Attica, Athens, Syngrou Avenue 115, 117 45",https://www.linkedin.com/company/athens-ledra-marriott-hotel,www.athensledrahotel.com,"With a spectacular view overlooking the Acropolis, the Athens Ledra Hotel is just minutes from a visit to Plaka, Piraeus Port and the New Acropolis museum using our hotel shuttle bus.  From our hotel in central Athens, you can stroll the winding streets of Plaka to the city's famous cafes and shops. Among hotels in Athens, we are the only to offer spacious double-double accommodations that include mini-bars, safes, individual climate controls, broadband Internet and luxury bedding in all types of rooms.  Enjoy great amenities at our Athens hotel - take a dip and enjoy the Acropolis view from our seasonal rooftop pool, stay fit at our 24-hour fitness area, or relax with a cocktail while listening to live music in our on-site lounge. After meetings or sightseeing, enjoy the ambience of Crystal Restaurant and bar that takes you to the sounds of Italy and the Mediterranean. Murano Crystal lingering, wooden floors and the white marble provide you with an airy atmosphere to relax and unwind to fine Italian cuisine. Enjoy lunch or dinner with friends or business partners where you can relish on an all-day menu inspired to offer you Italian and Mediterranean tastes.  On Sundays spoil your friends and family to a special menu of traditional tapas and meze complimented by a rich choice of dishes and desserts accompanied by live entertainment. Our bar offers from a wide selection of hot and cold beverages and cocktails.  Full American buffet breakfast at ""Zephyros"" Restaurant or indulge in Polynesian cuisine and fresh sushi at ""Ledra Kai"". When planning a business or social event, the Athens Ledra hotel creates magical moments indoors and on our rooftop terrace. For more information: www.athensledrahotel.com Sign up for our Linkedin Group: Friends of Athens Ledra Hotel and stay informed about Athens and our hotel.",Greece,83.701422,,,
PHĀEA,80664382.0,"Greece, Crete, Irákleion",https://www.linkedin.com/company/phaea-greece,phaea.com,"Phāea is a hospitality group of luxury hotels and authentic experiences that celebrate a truer, more timeless Greece. With a vision to push the boundaries of luxury hospitality toward a kinder, more immersive version of travel, Phāea creates elevated yet conscious, highly curated yet effortless stays. Originating in Crete, Phāea’s portfolio includes Phāea Blue, a Member of SLH; Phāea Cretan Malia, a Member of Design Hotels; Village Heights Resort; and Koutouloufari Village Holiday Club. These properties combine bold design, responsible living, and authentic experiences, immersing visitors in the genuine essence of Greece. Phāea is expanding its portfolio, introducing travelers to undiscovered Greek destinations while redefining immersive and authentic luxury travel.  OUR VALUES Consciousness. Innovation. Community.  OUR PEOPLE  Our organization is defined by the same qualities that characterize our people: authenticity and talent; optimism and attention to detail; generosity and consciousness; a mindset that embraces innovation and the love of learning. Our united team of like-minded people has built a culture that is inclusive and welcoming; one where everyone belongs. Together, we're on a journey of learning and evolution, where every day is an opportunity to develop new skills, to embrace new experiences, and to take another step forward towards our vision of an altogether kinder hospitality. OUR HOTELS Phāea Blue, a Member of SLH https://phaeablue.com/ Phāea Cretan Malia, a Member of Design Hotels  https://phaeacretanmalia.com/ Village Heights Resort  https://www.villageheights.gr/ Koutouloufari Village Holiday Club  https://www.koutouloufarivillage.gr/",Greece,80.664382,,,
HotelBrain Group,75819251.0,"Greece, Attica, Greece, 20 Iteas, 16452",https://www.linkedin.com/company/hotel-brain-group,hotelbraingroup.com,"HotelBrain Group is a leading hospitality group with regional presence in Greece and Southeastern Europe. It is the leading entity behind a selection of services within the hospitality industry and it comprises three distinct divisions. HotelBrain Hotels & Resorts is the largest hotelier in Greece, owning over 100 hotels across 36 destinations in Greece and Cyprus. Its portfolio of assets and destinations is diverse, enabling HotelBrain to become an emblematic choice for holidays in Greece. From luxury to economy, from city breaks to seascapes, HotelBrain hotels are both prolific and varied. HotelBrain Management provides hospitality management and advisory services, empowering hotels to achieve operational excellence and growth. HotelBrain Academy is a certified lifelong learning center, offering educational programs aimed at enhancing the skills of hospitality and tourism professionals.",Greece,75.819251,,,
ERGON FOODS,69226740.0,"Greece, Central Macedonia, Thessaloníki, 9 Lassani Str., 54622",https://www.linkedin.com/company/ergon-foods,www.ergonfoods.com,"ERGON has been an all-encompassing brand for artisanal Mediterranean products and cuisine since 2008. Having a portfolio of more than 600 unique products, 25 company-owned and franchise Mediterranean delis, restaurants, markets and hotels in Greece, UK, Cyprus and the Middle East under the same brand, ERGON is the only integrated Greek food brand in the world.  The mis-represented Greek food abroad (low-end almost),  the limited export orientation of Greek producers and the growing popularity of the healthy Mediterranean diet support our vision to become a global lifestyle brand associated with the finest premium Greek food products, modern Mediterranean cuisine, and Greek culinary culture. Establishment and development of the company / Product Development / Marketing Development / Domestic and Global Sales / Key Client Retention / Brand Awareness / Relationship Management / Project Management / Communication Design / Training and Teambuilding / Franchising",Greece,69.22674,,,
Metaxa Hospitality Group,67683907.0,"Greece, Crete, Irákleion, 28a Papanastasiou Str., 71306",https://www.linkedin.com/company/metaxa-hospitality-group,www.metaxahospitality.gr,"Celebrating 50 years of continued market presence in 2025, Metaxa Hospitality Group is a leading and multi-awarded Greek group of luxury resorts and 5-star hotels. The Group offers authentic, high-quality experiences to its guests, while owning and operating over 1,100 rooms and suites in Crete (Creta Maris Resort, TUI Magic Life Candia Maris) and Santorini (Santo Collection Resort & Villas). Metaxa Hospitality Group, founded in 1975 by Nikolaos Metaxas, drove the transformation of Crete into a luxurious travel destination, embracing local hospitality, sustainability and culture with the emblematic Creta Maris Beach Resort, the first-ever 5-star, all-inclusive hotel of the island. Led by Andreas N. Metaxas into a new era of business growth and innovation, Metaxa Hospitality Group is an internationally acclaimed leader in sustainable hospitality. While implementing a long-term and ambitious ESG agenda, the Group fosters the growth of its 1,000 employees, elevates its guests’ authentic hospitality experiences and takes pioneering initiatives to regenerate the environment, create new value chains and support the local communities.",Greece,67.683907,,,
Esperia Group,59157396.0,"Greece, South Aegean, Ródos",https://www.linkedin.com/company/esperia-group,www.esperiagroup.gr,"Esperia Group has been established in the tourism industry since 1969 on the island of Rhodes with Esperia Hotel in Rhodes downtown. Esperia Group today owns ten hotels in Rhodes, six of which are located on the east coast of the island in Kallithea and four in Rhodes town. With dedication and flexibility to changing times and tourism needs and requirements ESPERIA HOTELS is developing in a modern tourism environment with a series of hotels each with different characters and identities that cater to all visitors of Rhodes in the best possible way. ESPERIA HOTELS facilities are constantly renovated, the services are always upgrading and the staff distinguishes for its kindness, and dedication to welcoming and hosting our  visitors. The philosophy of the company from its inception until today, features: -the pioneering investments -the flexibility and adaptation to the requirements of every tourist market -the promotion and enhancement of the local elements and products -the respect for people -the investment in local workforce -the emphasis on segregation and identity of each hotel unit -the pricing policy (value for money) The large number of repeat customers, the excellent relationships with major European tour operators, the awards and distinctions mark the recognition of the philosophy of Esperia Group from our customers and partners.",Greece,59.157396,,,
Blu Collection,55630608.0,"Greece, Lindos, 46th Km. Rhodes Lindos National Road 85",https://www.linkedin.com/company/lindos-mare--lindos-blu,www.blucollection.gr,"LINDOS MARE, Seaside Hotel Built into hillside terraces with panoramic views over beautiful Vlicha Bay,  just 2,5 km. away from the picturesque village of Lindos. A series of lifts, including a cable car, link the hotel to the beach. Undoubtedly one of Rhodes’ most treasured retreats, the elegant Lindos Mare is a place to unwind to the slow rhythm of island life. Recent renovations to all areas, together with impeccable service and excellent cuisine, create an atmosphere of discrete luxury and tranquillity in which to enjoy the perfect relaxing holiday.    LINDOS BLU, Luxury Hotel & Suites Built like a hillside amphitheatre overlooking the picturesque Vlicha Bay, this numerous awards winning Hotel is a peaceful retreat promising complete pampering and relaxation on the cosmopolitan island of Rhodes. Unique architecture and minimalist yet opulent interior design together with impeccable, personalised service create an ideal setting for idyllic couples’ holidays near Lindos. The sophisticated hideaway, a proud member of Small Luxury Hotels, has a series of terraces that lead down to a sandy beach, villas and maisonettes with private pools, two outstanding restaurants, a penthouse sun-terrace, indoor and outdoor pools and an indulgent Spa. LINDOS AQUA TERRA, beachfront living & leisure Dive in the unique charm of the Lindos Aqua Terra universe. Situated right in the heart of Vlicha Beach, just outside the charming town of Lindos, the hotel is an ideal outpost for sun-seeking and a great starting point to explore the diversified landscape of the island of Rhodes. With 37 bedrooms, a swimming pool and poolside veranda, a beach restaurant and a vivid eco garden, Lindos Aqua Terra is a place made for leisure and comfort. Heavenly views of the Aegean Sea or breathtaking mountain scenery, coupled with excellent dining options and a splendid beach area, set the scene for the most amazing days of your summer.",Greece,55.630608,,,
Mediterranean Palace Hotel,54342028.0,"Greece, Central Macedonia, Thessaloníki",https://www.linkedin.com/company/873416,www.mediterranean-palace.gr,"The Mediterranean Palace Hotel is a five star hotel of ultimate hospitality for guests with high expectations. It is close to one of the most picturesque areas of the city called “Ladadika” and it has a magnificent sea view of the Thermaikos Bay. Displays the most beautiful characteristics of Thessaloniki; the live cosmopolitan atmosphere, the refined sense of peacefulness and the traditional warm hospitality. The style and the luxury, in combination with its location in the heart of the city center, make the Mediterranean Palace an ideal destination.",Greece,54.342028,,,
Lindos Hotels Group,50994724.0,"Greece, South Aegean, Ródos, 78-80 G. Seferi, 85100",https://www.linkedin.com/company/lindos-hotels-group,www.lindoshotels.com,"Lindos Hotels is a chain of luxury accommodation resorts located in the southern part of Rhodes island that have been on the top of the tourist industry for the past decades. Family owned by the Minettos family, the main focus of the resort chain is to offer high quality hospitality with a flair of Greek amiable service. Built on selected seafront destinations, the Lindos Hotels locations are acclaimed for their breath-taking setting, their impeccable facilities and the attentive holiday experience they offer, without compromising on professional services. Each of the Lindos Hotels is a comprehensive holiday proposal with distinctive characteristics; from family-friendly and fun-oriented holidays, to adults-only resorts for utter relaxation or holistic experiences that celebrate harmony and balance, there is a Lindos Hotel for every holiday style you wish! Find the location that best suits your holiday needs, select among exquisite rooms and suites with the most modern amenities and irresistible packages and live the finest side of Rhodes Island. The summer is at its best at the superb resorts of Lindos Hotels!",Greece,50.994724,,,
Phaea Blue,45941382.0,"Greece, Crete, Elounda, 72053",https://www.linkedin.com/company/blue-palace-a-luxury-collection-resort-and-spa,www.bluepalace.gr,"A celebrated, family-run hotel, Blue Palace has been delivering the very best in Greek hospitality, assuring guests with an unparalleled level of luxury for over two decades, and has been a cherished gem within Phaea's conscious hospitality collection, embodying the essence of Cretan warmth and hospitality. Now, Blue Palace is being reimagined for the summer of 2024. More intimate, bringing a new era of personalized luxury. Think everything you know and love about Greece, plus that which you’re yet to fall for… Welcome to a world where every stay is a cherished journey, and every guest is a part of our enduring legacy.",Greece,45.941382,,,
Ella Resorts,45431663.0,"Greece, Attica, Athens, 151 25",https://www.linkedin.com/company/ella-resorts,www.ellaresorts.com,"Ella Resorts, a collection of sustainable Lifestyle Beach Resorts in well-established holiday destinations.",Greece,45.431663,,,
Elysium Resort & Spa,44682714.0,"Greece, South Aegean, Ródos, 85100 Leoforos Rodou Kallitheas",https://www.linkedin.com/company/elysium-resort-spa,www.elysium.gr,"The luxurious Elysium Resort & Spa enjoys a premier beachfront location right on the Blue flag awarded beach of Kallithea, next to the famous monument of Kallithea Springs, just 9 km from the city of Rhodes. Its imposing architecture consists of a main building with an impressive atrium, 3 panoramic lifts, and two separate additional wings. The hotel features 3 atmospheric bars and 3 restaurants with fine cuisine, including Noble Gourmet, a rooftop restaurant awarded with Toque d’ Or and Greek Cuisine Award, offering an à la carte unique multi-sensory culinary experience. A spacious spa (800 sqm) with 13 treatment rooms offers the world renowned ESPA treatments & products, with its own outdoor heated Vitality pool with hydro massage.",Greece,44.682714,,,
Santa Marina A Luxury Collection Resort Mykonos,44053380.0,"Greece, Bay, Ornos, 84600",https://www.linkedin.com/company/santa-marinamykonos,www.santa-marina.gr,"Nestled on a private peninsula in Ornos, with its own private sandy beach and endless views of a sun-drenched horizon, Santa Marina, a Luxury Collection Resort, Mykonos is a very special place. The resort’s 117 Rooms, Suites and Villas, all designed in a luxurious and chic style, are punctuated by lush gardens and two show-stopping infinity pools.  Dining is an experience, a culinary and social occasion that is at the heart of this; Buddha-Bar Beach, Elais Greek Mediterranean Restaurant, Oasis Pool and the Beach Lounge, all complete this experience with warm and refined services.  At Santa Marina's Gingko Spa wellness is a state of mind, a state of being, an alignment of both.",Greece,44.05338,,,
Airotel Group Of Hotels,43577310.0,"Greece, Attica, Athens, 23 Alexandroupoleos, 115 27",https://www.linkedin.com/company/airotel-group-of-hotels,www.airotel.gr,"Airotel Group is a Chain of Hotels which was created in 1984 by the late Stratos Vassilikos, and has been active in many aspects of the tourism industry, as well as in other types of business such as real estate, construction and e-sales hotel consulting amongst others. The aim of our Group has always been to offer excellent services in accommodation, dining and professional events. Our group caters to individuals, businessmen, companies, as well as to associations, clubs, leisure and business groups. Today, this never ending effort is in the hands of Stratos Vassilikos’ children. In Athens the visitor may find the Hotels: Stratos Vassilikos, Alexandros and Parthenon. In other cities of Greece, there are the Hotels: Achaia Beach and Patras Smart in Patras and Galaxy Hotel, our latest addition, in Kavala. The 545 rooms available for your choosing, range from standard, executive, superior, junior or master suites to a penthouse suite. All room types have been recently renovated or refurbished to ensure a serene, comfortable and welcoming stay, combining frugality, luxurious decoration and services which meet all personal or business needs. Every Hotel’s main restaurant offers fine Greek and International cuisine through rich and refined menus. Our wine list is comprised of local and foreign wines, which combine harmoniously with our dishes. All Hotels are uniquely located with direct access to all means of transportation, as well as main sights of historical and architectural interest. The facilities offered in our hotels, along with the services assured by our well trained personnel, will give you the experience of Airotel’s hospitality, what we also like to call:  “Your home away from home”.",Greece,43.57731,,,
Blue Bay Hotel,43424046.0,Greece,https://www.linkedin.com/company/blue-bay-hotel,www.bluebaypatmos.gr,"Within 250 metres from Skala Port in Patmos, Blue Bay is a 2 star Hotel that features a bar and a seafront sun terrace. It offers a 24-hour front desk, free Wi-Fi in all areas and rooms with views over the Aegean Sea or the garden. Opening to a balcony, the air-conditioned rooms of Blue Bay are equipped with a TV, a fridge and a telephone. Each unit includes a private bathroom with shower. An electric kettle, a tea/coffee maker and a hair-dryer are also available upon request. Guests can start their day with a buffet breakfast served daily at the dining area. Coffees and drinks can also be enjoyed at the on-site bar throughout the day. Restaurants and bars are within a short walk. The scenic town of Patmos and the famous Monastery of St John is at 5 km. Agrio Livadi Beach is 3.5 km away. Free public parking can be found nearby.",Greece,43.424046,,,
Canaves Collection,42794712.0,Greece,https://www.linkedin.com/company/canaves-oia-hotel,www.canaves.com,"The story of Canaves Collection begins in 1983 when the Chaidemenos family were among the first families to introduce tourism to the fishing village of Oia in Santorini.  It was then that Yianni and Anna Chaidemenos transformed 17 th -century caves, once used to store wine, into designer-chic luxury hotel rooms. The birth of the Canaves brand led to hotel’s all-white minimalistic concept, which redefined the meaning of luxury accommodation in Santorini.  High on the cliffs of Santorini, facing the ancient caldera, Canaves Collection Properties redefine hospitality as you know it. Welcome to Canaves Ena, Canaves Oia Suites, Canaves Sunday, Canaves Elefas Villas and Canaves Epitome.   From its inception, the theme of Canaves Collection has remained the same: to deliver unrivaled luxury experiences to guests so they can enjoy Santorini at it's best, all in one spot.",Greece,42.794712,,,
Danai Beach Resort & Villas,41722956.0,Greece,https://www.linkedin.com/company/danai-beach-resort-villas,www.danairesort.com,"The Danai Beach Resort & Villas, a splendid Greek hotel and member of “The Leading Hotels of the World”. Our luxurious hideaway is set within breathtaking nature: lush Mediterranean gardens and a wide- ranging, sandy beach. We offer a broad range of suites and villas of exceptional grace, unique in style and design, featuring either stunning views over the gardens, or the Aegean Sea. At Danai, we offer the qunitessence of Greek ""Filoxenia"" - truly heartfelt Hospitality beyond the norms of Hotelservices.",Greece,41.722956,,,
Aria Hotels,41536044.0,"Greece, Attica, Athens, Leoforos Vasilissis Amalias",https://www.linkedin.com/company/aria-hotels,www.ariahotels.gr,"Aria Hotels is a family-owned boutique hotel and villas company that offers holidaymakers authentic hospitality experiences and the ultimate in simple, effortless charm. The company has numerous hotels and villas in exceptional destinations of unique natural beauty throughout Greece: Athens, Cyclades, Crete, Epirus and the Peloponnese. Following the recent establishment of Aria Hotels in Spain, guests will soon be able to sample a new flavour of authentic hospitality. All Aria locations are chosen to appeal to discerning travelers looking for a secret hideaway.",Greece,41.536044,,,
Anatolia Hospitality,39868602.0,"Greece, Central Macedonia, Thessaloníki",https://www.linkedin.com/company/anatolia-hotels,www.anatoliahospitality.com,"""Anatolia Hospitality"" is a Greek family owned company with a stellar reputation drawing on the extensive experience & know-how of three generations. Having started in the hotel business in Komotini, Greece, in 1930, the Chrysochoidis family has grown a successful brand that owns two city hotels, villas and luxury apartments in Cyclades and Ionian Sea and an incoming travel agency ASIT. The aim of the group is development through new management contracts, the creation of a network of franchises and new owned or leased hotels or villas. Whether you are new to the hospitality business and want to acquire a property, or thinking of rebranding your existing hotel we will assist you every step of the way.  Anatolia Hospitality follows the philosophy developed by the experience & passion of years to create a new concept in Greek hospitality with trend-setting concepts, chic design elements combined with signature service and personalized hospitality. We would like to welcome you to discover our new philosophy and be part of our successful winning team.",Greece,39.868602,,,
Bill&Coo Mykonos,39868602.0,"Greece, Mykonos, 84600",https://www.linkedin.com/company/bill-&-coo-suites-and-lounge,billandcoo.com,"Bill&Coo is a true Mykonos original. Intimate in scale, laidback in spirit, timeless yet always current.  From sensational sunset cocktails at our flagship resort just outside Mykonos town to barefoot lunches at our secluded beach club, the Bill&Coo way of life is a heady cocktail of recreation and relaxation. Collaborations with world-renowned brands such as Valmont and Beefbar, partnerships with award-winning chefs and sommeliers, and a concierge service second to none. Bill&Coo offers a genuine and unpretentious approach to five-star hospitality.",Greece,39.868602,,,
Elounda Collection Hotels & Resorts,39018708.0,Greece,https://www.linkedin.com/company/elounda-collection,www.elounda-collection.com,"Discover the Elounda Collection, where three luxurious properties redefine elegance in the stunning landscape of Elounda, Crete. Known for its breathtaking views and world-class service, this destination is your gateway to Greece’s finest luxury escapes. Indulge in unparalleled comfort and create unforgettable memories in paradise! 🌟 Elounda Peninsula: Europe’s sole waterfront hotel with luxurious private pool suites and villas. 🌟 Porto Elounda: Crete’s only golf and spa resort, offering unique and innovative experiences. 🌟 Elounda Mare: The island’s only Relais & Châteaux hotel, where luxury and charm unite in perfect harmony",Greece,39.018708,,,
Hilton Athens,39018708.0,"Greece, Attica, Athens, 46 Vassilissis Sofias Avenue, 11528",https://www.linkedin.com/company/hilton-athens,www.hiltonathens.gr,"Hilton Athens is not just a hotel. It’s a legacy in Athens. An architectural marvel, the Hilton Athens was built in 1963 and was fully renovated in 2003 to be able to cope with the next episode in its ever interesting life. The hotel boasts 506 spacious rooms and some of the best city views available.  If you often travel for business and seek personal service and quietness, choose a room on the Executive floor, where you can check-in at a private Front Desk and relax in the Executive Lounge which offers breakfast, snacks and drinks throughout the day. The hotel has 23 meeting rooms in total, the largest of which can host up to 1300 people. All venues have natural daylight and offer maximum flexibility for all types of events.  Hilton Athens features four restaurants and two bars among which Galaxy Bar & Restaurant, the favorite hangout of celebrities and citizens of the world.  In a romantic, inspiring setting of contemporary chic, savor a cocktail, enjoy the latest international music selected by the DJ and be transported by the exhilarating panoramic view of the Acropolis, Lycabettus and the city of Athens.  The hotel features the city’s largest outdoor pool with Oasis Pool Bar & Grill, which is the ultimate getaway from the summer heat and a favorite among VIPs. Last but not least, Hiltonia Spa invites you to discover a perfect sanctuary of relaxation and renewal offering an endless array of health and beauty treatments Facilities and Services: 	- Located in the center of Athens, footsteps to Metro station 	- Four restaurants and two bars 	- Spa          - Fitness center	          - Hair salon 	 	- Largest swimming pool in the center of Athens         - All rooms with balcony         - Meeting space for up to 1,300 delegates           - 23 meeting rooms with natural daylight         - Business Centre	         - Executive Lounge with Acropolis View         - Free Wi-Fi in all bars and restaurants  	- Facilities for disabled guests",Greece,39.018708,,,
NJV Athens Plaza Hotel,38941426.0,"Greece, Attica, Athens, 2 Vasileos Georgiou A', 10564",https://www.linkedin.com/company/njv-athens-plaza-hotel,www.njvathensplaza.gr,"With 159 spacious elegant rooms and 21 luxurious suites, the NJV Athens Plaza offers affordable accommodation complimented by chic decorations, state-of-the-art amenities and splendid views on the Acropolis. Guests staying at our luxury hotel will benefit from a solid night's rest while enjoying a tranquil environment in the city center of Athens. Offering one of the best luxury accommodations in Athens, the NJV Athens Plaza provides a variety of room and suite types to suit all travel requirements. Choose your preferred type of accommodation, from Classic, Classic Business and Superior rooms, to Deluxe City View and Acropolis View Suites. A split-level Presidential Suite is available offering privacy, a dining area for 10 guests and stunning panoramic views of Athens and the Acropolis. Watch movies on the large satellite TV, surf the Internet with the available free Wi-Fi service and cool off in an air conditioned room or suite after a warm day in Athens. If you are looking for a luxury place to stay in Athens or the finest accommodation near the Acropolis, the NJV Athens Plaza Hotel is exactly what you are looking for.",Greece,38.941426,,,
Hotel Grande Albergo Delle Rose - Casino Rodos,38389374.0,Greece,https://www.linkedin.com/company/989097,www.gadr.gr,"Enchanting and impressive, luxurious and glamorous, Grande Albergo delle Rose, Italian for “Grand Hotel of Roses”, began its glorious course through history on the 24th of May 1927. The Island of the Knights was acquiring one of its emblematic buildings, created “to exude sun and wave like the Aegean Sea”, and destined to become an historic landmark. Fully renovated in May 2002 by the famous Italian architects and designers Giuseppe Molinari and Nicoletta Demolli, the hotel reopened its doors to a discerning clientele, having retained all the splendour of its glorious past. Guests delight in distinctive luxury throughout every corner of the establishment, experiencing unmatched service from the moment they arrive until the moment they depart, taking with them treasured memories of an unforgettable stay.",Greece,38.389374,,,
KIPRIOTIS HOTELS,38389374.0,Greece,https://www.linkedin.com/company/kipriotis-hotels,www.kipriotis.gr,"Kipriotis Hotels is a family owned company founded in 1984 by George Kipriotis. With business activities including 5 hotel complexes in Kos and 1 in Rhodes as well as Kos International Convention Centre, George Kipriotis was pioneer in the development of the hospitality and tourism industry of the Dodecanese islands in Greece. From catering to high-profile pharmaceutical companies and world-class insurance firms to hosting small and medium-sized enterprises, the world-class Kipriotis International Convention Centre (KICC) and the Panorama Hotel & Suites Conference Centre have been behind the success of numerous events. These two venues – within the same complex of five hotels and a first-class fitness gym all within walking distance of each other – can jointly cater to as much as 7,000 people in 1540 rooms spreading in five hotels within walking distance from one to another Choose between: - Kipriotis Panorama Hotel & Suites - 5 stars - Kipriotis Village                                   - 4 stars - Kipriotis Hippocrates                         - 4 stars - Kipriotis Maris Suites                         - 5 stars - Kipriotis Panorama Aqualand          - 4 stars - Kipriotis Rhodes                                 - 3 stars",Greece,38.389374,,,
Chandris Hotels,37087373.0,"Greece, Attica, Athens, 377 Syngrou Avenue, 17564",https://www.linkedin.com/company/chandris-hotels-&-resorts,www.chandris.gr,"Chandris Hotels throughout Greece are proud to carry the famous Greek Tradition of Hospitality to all our guests in Athens, Thessaloniki and Chios. The three Chandris Hotels, Metropolitan Hotel,THE MET Hotel and Chios Chandris Hotel have long been noted for their traditional hospitality and impeccable service. For the past three years, a multimillion euro remodeling programme has endowed them with new concepts of quality, comfort and environmental awareness. Attractively arranged and furnished rooms, comfortable public areas, sensitively landscaped surroundings, flawless air conditioning, fire detection and prevention systems are the chief features of the Chandris Hotels Chain's remodelling programme. Its main aim is to continue to give our increasingly sophisticated International and Greek clientele the standard of service and accommodation they have come to expect.",Greece,37.087373,,,
Olympic Palace Resort Hotel & Convention Center,37087072.0,"Greece, South Aegean, Ródos",https://www.linkedin.com/company/olympic-palace-resort-hotel-&-convention-center,www.olympicpalacehotel.com,"Olympic Palace Resort Hotel & Convention Center stands out with its’ imposing circular architecture,contemporary and chic interior design as well as its’ first-class leisure facilities and attentive services. 343 beautifully appointed guest rooms and luxurious suites that spread over 8 floors have been stylishly renovated and equipped with modern amenities emphasizing on comfort and functionality as a priority while ensuring that the hotel caters to all needs of the most discerning travellers. Olympic Palace offers a fun and relaxing holiday environment with an extensive array of leisure & sports facilities, fine International cuisine, chic bars, daily activities, evening entertainment and above all genuine first-class service that will leave absolutely nothing to be desired. The resort is suitable for the physically challenged and wheelchair users.",Greece,37.087072,,,
The Stanley,36159895.0,"Greece, Attica, Athens, Odysseos",https://www.linkedin.com/company/the-stanley,www.thestanley.gr,"The Stanley is a 4 star hotel located directly in the city of Athens, Greece. Located on Karaiskaki Square, navigating Athens is made easy with the Metaxourghio Metro station at the hotel’s doorstep. The Stanley is located just a few stops from Syntagma, the ancient historical sights, and a short walk to some of the best restaurants and nightlife in Athens in the neighborhoods of Gazi and Keramikos.  Enjoy the rooftop terrace at The Stanley, the crown jewel of the hotel, complete with sweeping views of the Athenian skyline, Mount Lycabettus, and the Acropolis. Take a dip in the rooftop pool, or a drink and a snack at the open-air bar. At night dine at Virtus on the roof, serving both Greek and international favorites.  Wake up refreshed and with views of the Acropolis or Lycabettus in our clean and comfortable rooms complete with all amenities needed for a short city break or business trip.  Host small or large meetings in one of our 3 conference rooms, holding up to 200 guests. Or enjoy a corporate lunch or event in our 1st floor restaurant, holding up to 400 people.",Greece,36.159895,,,
Gennadi Grand Resort,35232718.0,"Greece, South Aegean, Ródos",https://www.linkedin.com/company/gennadi-grand-resort,www.gennadigrandresort.com,Official LinkedIn page of Gennadi Grand Resort,Greece,35.232718,,,
Ikos Resorts,34217237.0,"Greece, Halkidiki, Eleonas Nea Moudania, 632 00",https://www.linkedin.com/company/ikos-resorts,www.ikosresorts.com,"Founded in 2014, Ikos Resorts envision to redefine all-inclusive and create a personal holiday experience, introducing the “Infinite Lifestyle” concept. Where elegance, authenticity and distinctive services, underpinned by personal care and seamless service, come in one “all-included” price.  As one of the largest hospitality groups in Greece, we aim to grow our operations in the entire Mediterranean, with a team that will soon include almost 4.000 professionals!  We are constantly looking to enforce our team with people from Greece and abroad who love working in Tourism and Hospitality and who will make our vision their own. If you are one of them, then we have room for you!",Greece,34.217237,,,
Civitel Hotels & Resorts,32725368.0,"Greece, Attica, 11 Olimpias Str. Maroussi, 151 24",https://www.linkedin.com/company/civitel-hotels,www.civitelhotels.com,"Civitel Hotels & Resorts is a Greek Hotel Chain which was founded in 1964 and aims to offer excellent services in accommodation, dining and professional events. Our Group represent four properties – two in Athens and two in Crete – offering the very best of Greek hospitality combined with international standards. Our properties are the ideal choice for guests who travel for business or simply as leisure travelers, for a relaxing holiday or a shopping weekend. Our 300 rooms are at your disposal and come in a wide range, from standard, superior and executive to junior suites and bungalows. All room types have been recently renovated or refurbished so that they can provide a serene, comfortable and welcoming accommodation, combining frugality and luxury decoration and services, which meet any personal need or business demand. Every hotel’s dining venue offers fine Greek and international cuisine through rich and refined menus as well as domestic and foreign wines, perfectly pairing with our dishes. Our mission is simple – to provide our guests with a feeling of comfort and elegance. Each one of our guests is a unique case for us & always at the center of our attention!",Greece,32.725368,,,
EUROTEL Group,32583438.0,"Greece, Gr, 11 Velestinou Str.",https://www.linkedin.com/company/eurotel-group,eurotel.gr,"With over 35 years of experience, we’ve been a trusted partner to the hospitality, F&B, and wellness industries—delivering integrated technology & infrastructure solutions, strategic services and human-centered innovation.  Through Eurotel Hospitality in Greece & Cyprus, LeaderIT & Eminence —we support hospitality & wellness businesses at every stage of development.  - Eurotel Hospitality  Our flagship company and a leader in hospitality and wellness operations technology. As a certified Oracle partner & exclusive representative of Vingcard|ASSA ABLOY, we deliver and support advanced systems such as PMS, POS, and smart access control, helping businesses streamline operations and elevate the guest experience. We also develop proprietary platforms like Afrodite Spa Software, tailored to the unique needs of the industry.  - LeaderIT  We provide integrated Information, Communications & Security technology solutions that power modern businesses. From infrastructure and networks to data security and systems integration, we enable businesses to scale, evolve and stay secure in a digital-first world.  - Eminence Hospitality As the strategic advisory pillar of our Group, Eminence designs and guides future-ready hospitality & wellness concepts. We provide services across concept development, spatial planning, ICT strategy, spa operations and project management—ensuring distinctive guest experiences with operational clarity and long-term value.  What sets us apart  • 30+ years of dedicated experience in hospitality and wellness  • A unique blend of consulting, infrastructure & digital solutions  • End-to-end support across the full lifecycle  • Deep specialization-global partnerships with a strong understanding of local needs  • A people-first culture, with empathy, trust, and collaboration  • Long-standing client relationships shaped by respect & shared goals At Eurotel Group, we don’t implement systems—we build value, empower people, and shape experiences that matter.",Greece,32.583438,,,
The Royal Blue,32451188.0,"Greece, Crete, Panormo Rethymno",https://www.linkedin.com/company/royal-blue-resort-&-spa,www.troulisroyalcollection.com,"The Royal Blue 5* luxury beach resort, is an exclusive resort on the northern coast of the island of Crete that allows you to lose yourself in authentic luxury & quiet sophistication. With its own private bay, a man made marina and an endless horizon of Cretan Blue, where the sea meets the sky in a harmonious kaleidoscope, you will find your getaway to an unparallel sensorial journey.   The Luxury Resort consists of numerous public and private swimming pools as well as colorful gardens which extend throughout the resort fulfilling the senses with a unique blend of well-being and relaxation. Natural stone has been used extensively with dedicated passion for detail, in the decoration of all outdoor areas, thus creating the perfect mix between sophistication and natural elegance.",Greece,32.451188,,,
Glyfada Riviera Hotel,32096034.0,"Greece, Attica, Athens, 40 Poseidonos Avenue, 16675",https://www.linkedin.com/company/glyfada-riviera-hotel,www.glyfadarivierahotel.com,Totally renovated! City Resort!,Greece,32.096034,,,
Domes Noruz Chania Autograph Collection Crete,30596834.0,"Greece, Crete, 5 Strati Pantelaki Str. Agioi Apostoloi",https://www.linkedin.com/company/domes-noruz-chania,domesresorts.com,"Domes Noruz Chania is a beachfront boutique hotel with only 83 accommodations focusing in personalized services and tailor made experiences.  Domes Noruz offers a new take on lifestyle luxury property in western Crete. By embracing the past and the present of the city and by adding current hospitality trends into the mix, it offers a fresh, contemporary way for design-savvy guests to explore this popular destination and enjoy it differently. We see ourselves not only as hosts but as curators. We want our guests to see Chania from a different perspective, ours. We constantly mix the best of what the area has to offer with our own, modern view about life and how holidays should be. We embrace the past and the present of Chania and we add a well-researched touch of innovation. We are curious about the world, we love exploring destinations through the eyes of the locals.",Greece,30.596834,,,
Cronwell Hotels & Resorts,30208032.0,Greece,https://www.linkedin.com/company/cronwell-hotels-&-resorts,cronwell.com,"Cronwell Hotels & Resorts manages and owns hospitality venues of different type in Europe and Russia.  In Greece Cronwell operates Cronwell Platamon Resort, Cronwell Resort Sermilia, Rahoni Cronwell Park Hotel Adults Only.",Greece,30.208032,,,
THE DOLLI,29669658.0,"Greece, Attica, Athens, 49 Mitropoleos, 105 56",https://www.linkedin.com/company/the-dolli,thedolli.com,"Welcome to The Dolli! Gazing at the Parthenon, few steps away from the Acropolis & in front of the historical Plaka neighbourhood. An one-of-a-kind view of the ancient world. A historical 1925 mansion, designed by Andreas Kriezis, one of the brilliant greek classical architects is reimagined today as a contemporary hôtel du luxe.  Encapsulating a strong sense of heritage, the original essence of greek hospitality and the incomparable vibrant energy in the heart of Athens. 46 luxurious bedrooms, pied à terres & apartments privés bathed in athenian light. The rooftop is a unique pièce de résistance with stunning views, a members only pool and the exclusive haven, Dolli's Restaurant.",Greece,29.669658,,,
Rocabella Santorini Hotel & SPA,28742481.0,Greece,https://www.linkedin.com/company/rocabella-resorts-&-spas,www.rocabellasantorini.com,"Welcome to Rocabella Santorini - your bohemian retreat, where slow living and happiness is homemade. A place where you can be your true self, authentic and simple. On an island of unique beauty begins your experience of an accommodation refined down to the smallest detail. Discover the landscapes, the flavors, the magic of Santorini as afforded by Rocabella Santorini’s brand-new concept of hospitality. Rocabella is a spread of 11,000 square meters in the picturesque village of Imerovigli. Enjoying a scenic setting in Imerovigli, Santorini, Rocabella Resort combines traditional architecture with modern design. Boasting magnificent views over the caldera, it offers a pool, a wellness centre and fine dining. Our people welcome guests with genuine warmth, making you feel instantly “at home”. The hotel offers a range of facilities and services that makes your stay a cherished holiday or an unforgettable honeymoon. Lifestyle and Entertainment Brands: Afropsaro Restaurant  Anedosa Spa Rocabella Weddings M|Y Omega II & Fiji Yacht cruises",Greece,28.742481,,,
The Royal Senses Curio Collection By Hilton,28742481.0,"Greece, Crete, Klm Heraklion - Rethymnon",https://www.linkedin.com/company/the-royal-senses,theroyalsenses.troulisroyalcollection.com,"5* Luxury Resort Joyful Togetherness. The Royal Senses, Curio Collection by Hilton is the perfect natural sanctuary for families, kinfolks and friends who want to celebrate togetherness. Throughout the resort, indoor and outdoor spaces are designed for joyous gatherings. Naturally, togetherness is balanced with quiet relaxation at The Royal Senses: Access to ample calm spots – including private beaches, private pools and spacious hotel rooms – provide intimate alone-time.  The Royal Senses celebrates a passionate joy of life, letting guests feel a vivid sense of community, in a natural yet elegantly designed environment that draws from the livelin;ess of Crete’s multifaceted culture! The resort at a glance: ✓Lively generous space ✓ 97 guestrooms & 81 suites ✓ Elevated views from the hilltop ✓ Access to private beach – sandy and rocky ✓ Pools are salted & some heated, with sun beds and  shades (74 private – 4 main – spa - sharing,  3 for children),  ✓ Activating Spa – (local) herbal therapies – products made by you ✓ Marketplace (the center of communal  life at the resort, with  pop-up shops of Cretan/Greek restaurants, souvlaki,  ouzo..) ✓ 1 main & 2 à-la-carte restaurant, 3 bars ✓ Farm with Cretan herbs ✓ Aqua Park - Kids Club",Greece,28.742481,,,
SECRET HOTELS,28742481.0,Greece,https://www.linkedin.com/company/secrethotels,www.santorini-secret.com,"Secret Hotels brought to create an experience that will go above and beyond, guests’ preferences in luxury hospitality, offering unprecedented excellence in its standards and elegance while remaining authentic to local traditions. Secret Hotels started in 2014 with Santorini Secret Suites & Spa, a 5-star boutique hotel, a member of the Small Luxury Hotels of the World and Traveller Made, which is also the group’s flagship. Now, the group owns five hotels in Santorini, four of which are located in Oia and one in the traditional village of Foinikia. All hotels are characterized by their luxury and combine accommodation with personalized services, high level gastronomy, and authentic signature experiences.",Greece,28.742481,,,
Fodele Beach & Water Park Holiday Resort,27815304.0,"Greece, Crete, Irákleion",https://www.linkedin.com/company/fodele-beach-&-water-park-holiday-resort,www.fodelebeach.gr,"A care-free heaven waits 25 km west of Heraklion Airport. Carved into the cliffside, overlooking the sea, sits Fodele Beach & Water Park Resort.  Island bungalows rise next to beautiful gardens. 412 guestrooms reflect centuries of style and culture. With the beach at your feet, vivid views all around, you’ll feel at home as soon as you arrive. Relax with a full body massage or stress-reducing treatment. Dig into unforgettable dining experiences inspired by the world’s great culinary capitals. See the scenery on two wheels or let time fly by on the basketball, tennis and archery courts. While you're at it, why not chill under our gazebos with a cocktail in hand or kick up your feet on our Balinese beach beds? You can also enjoy the gym, scuba club, three swimming pools and recreational sports at your leisure.  And don’t miss our water park for the wettest and wildest thrills in Crete. With slides, rides, kids' animation, a windmill snack bar and 950 sq. m. of dazzling pools, you won't find a hotel water park this big anywhere else in the region. An island, a hotel, a paradise for families, couples and young guests alike, yet Fodele Beach is so much more. It’s an all-in water park wonderland, a world away from the ordinary.",Greece,27.815304,,,
Astir Odysseus Kos Resort & Spa,27690696.0,Greece,https://www.linkedin.com/company/astir-odysseus-resort-spa,www.astirodysseuskos.com,"Astir Odysseus Resort & Spa is a premier 5-star luxury hotel located in the picturesque Tingaki area of Kos, Greece. The resort has been a top choice for travelers seeking elegance, comfort, and world-class hospitality. Astir Odysseus offers a seamless blend of modern sophistication and authentic Greek charm. Our resort features state-of-the-art facilities, including exquisite accommodations, fine dining restaurants, a rejuvenating spa, and stunning beachfront views. With a commitment to exceptional high quality service and attention to detail, we create unforgettable experiences for guests from around the world. Whether for a relaxing getaway, a romantic escape, or a family vacation, Astir Odysseus Resort & Spa delivers the perfect balance of luxury, tranquility, and warm Greek hospitality.",Greece,27.690696,,,
F Zeen Retreats,27690696.0,"Greece, Kefalonia, Lourdas Beach Road Livathos, 28083",https://www.linkedin.com/company/fzeen,fzeenretreats.com,"F Zeen Retreats opened its doors in 2015. A family-run luxury brand with a focus on wellbeing and nature. The inspiration came from wanting to create something that incorporated the family's passions and interests as well as reflecting their diverse cultural background. F Zeen Retreats started an adults-only wellness retreat nestled on the pristine shores of Kefalonia island in the Ionian Sea. Embracing the slow life, this hotel is a sanctuary of tranquility designed to deliver a meaningful experience. The brand has started to expand into Athens and more destinations within Greece will follow, opening up new and exciting career opportunities for members of F Zeen Retreats. We understand the importance of creating an inspiring and good place to work for our employees with room each member's growth and development.",Greece,27.690696,,,
Mystique A Luxury Collection Hotel,27061362.0,Greece,https://www.linkedin.com/company/vedema-resort-&-mystique,mystique.gr,"Carved into the rugged Caldera cliffs, Mystique, a Luxury Collection Hotel, overlooks the turquoise expanse of the Aegean Sea that encircles the island of Santorini. Designed using Cycladic architecture, where gentle curves and sculpted arches blend with a muted color palette and light enhancing spaces, the hotel is a secluded hideaway that offers gloriously open horizons, in a stunning and legendary location, placed just 18km from Santorini airport. Such a unique setting provides a tranquil and discreet quality that defines the hotel’s character. A favored destination for honeymoons and romantic escapes, Mystique emanates a carefree spirit, imparting an understated, exclusive feel, so reminiscent of the spectacular location. Linked by a network of cobbled pathways, all 39 suites and villas boast panoramic sea views across to the active volcano that has shaped this exceptional island. Designed to generate space and light into each guest room, the interiors are a combination of traditional regional charm, with a contemporary twist and up-to-the-minute technology.  Furnishings are an exploration of natural untamed materials, providing an interesting contrast against the textured walls and linen fabrics that add an air of elegant simplicity.",Greece,27.061362,,,
Grand Hotel Palace | Thessaloniki,27061362.0,Greece,https://www.linkedin.com/company/grand-hotel-palace-thessaloniki,www.grandhotelpalace.gr,"Grand Hotel Palace, a 5 star conference hotel is located at the west entrance of Thessaloniki, just two and a half kilometres from the city centre.  Τhe traditional warm hospitality and the aristocratic atmosphere offer a unique experience. The building with a U-shaped floor plan, inspired by the architecture of gorgeous aristocratic neoclassical buildings, creates an environment of absolute elegance. The hotel is consisting of 219 rooms and 24 Grand, Deluxe, Junior and Classic suites.  Ideal for your business trips or your excursions in Thessaloniki. The deluxe rooms of Grand Hotel Palace, offer a comfortable and relaxing stay and provide an exquisite accommodation of high aesthetics and luxurious services. They have been redesigned, combining neoclassical lines with the latest trends in architecture and design. The bathroom of the deluxe rooms gives you the ultimate sense of relaxation and rejuvenation through a careful selection of materials and colors.",Greece,27.061362,,,
THE MODERNIST,26888127.0,"Greece, Central Macedonia, Thessaloníki",https://www.linkedin.com/company/the-modernist,www.themodernisthotels.com,"The Modernist is a lifestyle hospitality brand that inspires curiosity and authentic experiences, deeply rooted in its local communities and dedicated to a more open, ethical, and sustainable future.",Greece,26.888127,,,
Rodos Palladium Leisure & Wellness,26432028.0,Greece,https://www.linkedin.com/company/rodos-palladium-leisure-wellness,www.rodospalladium.gr,"Rodos Palladium Leisure & Wellness, the island's most awarded 5 star hotel, harmonically combines discrete luxury and authentic quality. Uniquely situated on an area of 30,000 sqm, it enjoys a premier beach front location, right on the Blue Flag awarded sandy & pebble beach of Kallithea. The hotel is in close proximity both to the City of Rhodes (8 km) with its splendid Medieval Town and its famous historical sites, as well as to the island's places of natural beauty. Rodos Palladium is renowned for its exceptional service, elegant restaurants with fine Greek & Mediterranean cuisine, relaxing bars, and large tropical pools. The hotel's spa center offers a wide range of Thalgo relaxation and beauty treatments - the renowned French name in the world of marine treatment.",Greece,26.432028,,,
Domes Aulūs Elounda Curio Collection By Hilton,25960950.0,"Greece, Attica, Agía Paraskeví",https://www.linkedin.com/company/elounda-blu,www.eloundablu.com,"With Mediterranean-inspired interior design, direct access to the sea and stunning views of the Mirabello gulf and UNESCO protected island of Spinalonga, Domes Aulūs Elounda is a renowned adults-only hotel located on the tranquil island of Crete. It is the ideal spot for a rejuvenating break in the sun with extensive views and ample natural light that create the perfect escape from reality.",Greece,25.96095,,,
Avra Collection,25960950.0,"Greece, Crete, Chaniá",https://www.linkedin.com/company/avracollection.chania,www.avracollection.gr,"Placing guests at the center of our core values, the ambition of Avra Collection is to provide our guests an exceptional and personalized experience offering remarkable, world class services in the finest surroundings. Combining the philosophy and warmth of traditional Greek hospitality with our people’s strong work ethic, ideals and integrity, we aim at offering only experiences of excellent quality. Our main qualities and characteristics at a glance: SAVVY HOTELIERS BESPOKE DESIGN MEMORABLE STAY Following the principles of innovation, inspiration and motivation we provide sophisticated, stylish and effortlessly luxurious accommodations and environs, always ensuring that our people deliver only the warmest and most authentic experience, embodying both the local culture and our corporate culture. Always striving for excellence, we know that together we can always achieve more, thus we concentrate all our efforts to actively interact with the world around us, passing on our core values and philosophy not only to our valuable teams behind closed doors, but also to our cherished guests enriching their whole experience.",Greece,25.96095,,,
Kassandra Palace Seaside Resort,25960950.0,"Greece, Greece, Kryopigi Kassandra Halkidiki, 63077",https://www.linkedin.com/company/kassandra-palace-hotel-and-spa,kassandra-palace.com,"Covering 70,000 sq. m. of Macedonian land in the region of Kriopigi, this 5-star hotel in Halkidiki enamors guests with its majestic surroundings, the amazing views to the shimmering Aegean Sea as well as the high-end facilities and exceptional services offered. Focusing on the well-being of every individual this family-friendly hotel in Halkidiki masterfully combines discreet luxury and comfort with attention to detail and attentive service ensuring a holiday beyond your imagination.",Greece,25.96095,,,
Mykonos Grand Hotel & Resort,25802694.0,"Greece, Mykonos, 84600",https://www.linkedin.com/company/mykonos-grand-hotel-&-resort,mykonosgrand.gr,"Dazzling whitewashed, cube-shaped buildings and cobbled paths set against the backdrop of a deep blue sea and sky, Mykonos Grand Hotel and Resort has a superb beachfront location barely three miles from Mykonos town. Opposite is the sacred island of Delos, said to be one of the sunniest areas in the world – and, according to Greek mythology, the birthplace of Apollo. All around is the island’s natural beauty: picturesque stretches of sand, crystalline seas, azure-blue skies and an earthen-colored landscape bathed in the unique Aegean light. Scattered across an extensive five acres to provide space and privacy, the 96 generously-sized rooms and suites are decorated in bright white with splashes of blue some with private pools. Furniture and decorative lighting is elegant and streamlined, recalling mid-twentieth century styling.   This stylish and restful enclave has a wonderfully pampering spa where Greek inspired massages can be held in cabanas by the sea, a beautiful 500sqm pool and a spectacular outdoor amphitheater for social events and exercise classes. The hotel’s gourmet Dolphins of Delos Restaurant is a dramatic open air dining experience with stunning views. While the Aqua e Sole Restaurant has a tranquil poolside location. Other resort’s facilities include tennis and squash courts and a Technogym fitness center.",Greece,25.802694,,,
V Hotels,25802694.0,Greece,https://www.linkedin.com/company/vhotels-group,www.vhotels-group.com,,Greece,25.802694,,,
Pilot Resorts,25173360.0,"Greece, Georgioupoli, 73007",https://www.linkedin.com/company/pilot-resorts,www.pilotresorts.com,"Born from passion, honed by experience, and driven by innovation, we are a family-owned group home to three distinctive luxury resorts in Western Crete—ÓROS Resort, Pilot Beach, and Pilot Amphora—each a beacon of comfort and genuine Greek hospitality on the charming west coast of Crete. Our journey began in the early 90s with a pioneering spirit that laid the foundations not only for our resorts but for the region itself as a hub for exceptional and authentic Cretan hospitality. Today, guided by our unwavering values of hospitality, sustainability, and social responsibility, we continue to honour the beauty, heritage, and culture of Crete, giving back through conscious initiatives that protect the land and support the local community. Our commitment extends beyond luxury—we remain deeply devoted to our people, our environment, and the timeless essence of Philoxenia, where warm welcomes and effortless discreet service make every guest feel at home, in their own perfect retreat. With thoughtful attention to detail, we create a setting where every meaningful occasion is embraced with care. From the exclusive ÓROS Luxury Beach Resort, a sanctuary of refined indulgence overlooking the ceaseless blue horizon, to the renowned Pilot Beach Resort, where Cretan tradition meets five-star leisure, and Pilot Amphora, a timeless retreat inspired by the island’s rich heritage, we go beyond luxury to create life lasting moments. More than destinations, our resorts are places where memories are made, pampering every sense, amplifying every feeling and leaving an imprint that lingers long after departure.",Greece,25.17336,,,
Lindian Village All-Inclusive Resort Rhodes Curio Collection By Hilton,25033773.0,"Greece, Lardos Beach, 85109",https://www.linkedin.com/company/lindian-village-beach-resort-rhodes-curio-collection-by-hilton,www.lindianvillage.gr,"Lindian Village Beach Resort Rhodes is opening its doors totally renovated, as Curio Collection by Hilton. The 5-star international beach-front hotel captures the energy and soul of the island and encourages escapists to match its calming pace through a wealth of services, emotions and experiences that artfully bring together nature, wellness and authenticity.",Greece,25.033773,,,
LUX&EASY,24106597.0,"Greece, Attica, Kallithéa, 33 Alexandrou Pantou",https://www.linkedin.com/company/lux-easy,luxandeasy.com,"Lux & Easy is a leading design & construction company in Greece. It specializes in design and construction of eco-friendly, green & smart home solutions with A+ energy efficiency, minimal design & high quality at exceptional prices.  Lux & Easy consistently delivers on its promises ensuring timely results for its clients through every step of the process, thanks to a 278 in-house team of experienced Executives, Civil Engineers, Architects, Mechanical Engineers, Decorators, and Lawyers. The customer support extends from the early purchasing procedures to the on-time delivery of the property and even after sales services offering investment opportunities with guaranteed yield.  Lux & Easy team is dedicated to guiding and assisting its valued customers through every step of the process.",Greece,24.106597,,,
Academias Hotel - Autograph Collection,23914692.0,Greece,https://www.linkedin.com/company/academias-hotel,www.academiashotel.com,"AN ACADEMY FOR THE SENSES Inspired by ancient Athenian wisdom and intellect, Academias Hotel is a luxurious city hotel, portraying a contemporary interpretation of Plato’s Academy blending the old and the new, which awakens all the senses, while combining bespoke facilities, with impeccable services and unique experiences. Echoing the spirit of the academy, the hotel embodies the 3 principles of the historic Academy – Science, Art & Philosophy – and brings them to life throughout various spaces within the hotel, in a postmodern way. With a total of 60 rooms and suites and surrounded by all of Athens’ ancient landmarks, Academias Hotel provides the ideal setting for harmonious interplay between intellectual creativity and a handful of leisure and business activities.",Greece,23.914692,,,
Belvedere Mykonos,23285358.0,"Greece, Mykonos, 84600",https://www.linkedin.com/company/belvedere-mykonos,www.belvederehotel.com,"Committed to the pursuit of excellence, constant and extensive research in the world of hospitality has enhanced our knowledge and led us to fine tune the core characteristics of our services. The Mykonos ambience is carried, almost intact, into a theatrical set-up where everyone can become a protagonist in one’s own special way. A space of transformation where socializing comes easy, the environment is given to unrestrained relaxation. Modern aspects of the old estate at the center of the town provide the location where the local becomes cosmopolitan. A mixture of the pervading aesthetic within our surroundings with a strong intellectual emphasis makes for a safe haven that is glamorous and refined. Focusing on theatricality, drama and versatility, well heeled guests can relax and release their senses, meeting new people and relishing the Belvedere’s rejuvenating, signature services and facilities.In a prime central location transposing the ambience of a contemporary, dynamic city life style in an island hotel, the Belvedere invites guests into experiences of signature luxury.",Greece,23.285358,,,
H&P Hotels Greece | Herodion & Philippos Hotels,23285358.0,"Greece, Attica, Athens",https://www.linkedin.com/company/hphotels-athens,www.hphotels.gr,"Welcome to your home under the Acropolis. Located at the heart of the city, Herodion & Philippos Hotels have everything you need to experience the most authentic side of Athens.",Greece,23.285358,,,
Anemos Luxury Grand Resort,23179420.0,"Greece, Crete, Kavros",https://www.linkedin.com/company/anemos-luxury-grand-resort,www.anemosresort.gr,"Anemos Luxury Grand Resort is a 5 star Luxury Rooms and Suites Hotel located next to the village of Georgioupolis Chania at the north western part of the island of Crete, with a magnificent view of “Lefka Ori” and overlooking the Cretan Sea. The Name Anemos itself (Greek word for “wind”) represents a luxury seaside heaven, next to the longest coastline of northern Crete, Chania.",Greece,23.17942,,,
VASIA HOTELS & RESORTS,23179420.0,"Greece, Crete, Irákleion",https://www.linkedin.com/company/vasia-hotels,www.vasiahotels.gr,"Nestled on the picturesque island of Crete, our diverse array of hotels, villas, and spas caters to all tastes. Whether you're envisioning a lively family vacation, an intimate romantic retreat, a rejuvenating spa journey, or a culinary adventure, we have the perfect experience waiting for you",Greece,23.17942,,,
Neptune Luxury Resort,22736422.0,Greece,https://www.linkedin.com/company/neptunehotelskos,www.neptune.gr,"Neptune Luxury Resort, situated in the scenic Mastichari area on the island of Kos, Greece, offers a perfect blend of luxury and comfort. With an array of exceptional facilities and tailored services, it caters to families, couples, and sports enthusiasts alike. Renowned for its warm hospitality and impeccable attention to detail, the resort has earned its reputation as a serene and unforgettable holiday destination.",Greece,22.736422,,,
Elivi Hotels,22656024.0,"Greece, Skiathos, Koukounaries Bay, 37002",https://www.linkedin.com/company/elivi-hotels,www.elivihotels.com,"On the beautiful island of the Sporades, in a protected paradise, creation of nature, ELIVI SKIATHOS, a 5-star beachfront hotel nestles in a natural environment of exquisite beauty, offering the ideal choice for accommodation in Skiathos.  Hospitable, genuine, embraced by the four finest sandy beaches of Skiathos island – the famous Koukounaries beach, the Ambelakia beach with turquoise waters and white sand, the Big and Little Banana where the sun sets, unfolds into four different residential areas:  ELIVI XENIA Hotel  ELIVI GRACE Rooms & Suites ELIVI NEST GROVE Rooms, Villas & Suites ELIVI NEST INFINITY Rooms & Suites Each of them, offer unique luxury accommodation to guests who want to enjoy one-of-a-kind holidays in a 5* hotel in Skiathos island. Rooms, Suites and residents with gardens and pools, breathtaking sea view, 4 different beaches, pools, theme restaurants, bars and pool bars, the Elivi Spa, enrich activities, offer a luxurious accommodation making it up unforgettable event for the most demanding guests.",Greece,22.656024,,,
ONOMA HOTEL,22252243.0,Greece,https://www.linkedin.com/company/onoma-hotel,onomahotel.com,"""ONOMA” is the Greek word for ""name"". Just like every name is unique to the person that carries it, so the hotel adapts and transforms to perfectly fit one's identity. ONOMA is a hotel that wishes to know its guests personally, meaning what they like, what they dream of, what they aspire to and to offer services that match their true profile and are totally related to them.",Greece,22.252243,,,
Out Of The Blue Resort & Spa,22252243.0,"Greece, Crete, Irákleion, 71500",https://www.linkedin.com/company/capsis-hotels-&-resorts,www.outoftheblueresort.com,"Out Of The Blue Resort is surrounded by sandy beaches on a private peninsula, only a 30-minute drive from the heart of Heraklion and the International Airport. With accommodation to suit every need, as well as extensive recreational and conference facilities, this is an exceptional destination for both business and leisure travellers looking for the ultimate authentic Cretan hospitality experience.",Greece,22.252243,,,
NEMA Design Hotel & Spa,22252243.0,"Greece, Crete",https://www.linkedin.com/company/nemacrete,nemacrete.com,"In an serene location on the promenade of Analipsi in Hersonissos region of Crete, NEMA Design Hotel & Spa is a five-star, adults-only summer retreat that offers a complete and exquisite holiday experience. The peaceful location of this beachfront hotel celebrates the refreshing ambiance of the Aegean Sea and the lush landscapes of Crete, a place ideal for sun kissed summer holidays.",Greece,22.252243,,,
Apollo Blue Hotel,22241223.0,"Greece, South Aegean, Ródos",https://www.linkedin.com/company/sentidoapolloblue,www.apolloblue.gr,"Check in to the heavenly place that is Apollo Blue Rhodes luxury resort in Faliraki Enter a world of pure bliss, where the vibes of the Aegean flood your soul and the aura of the ancient God Apollo vibrates through your entire being. Surrender to the feeling of absolute exaltation that Apollo Blue as one of Rhodes luxury resorts provides. Discover our fit-for-Gods, island haven on a sublime spot in Faliraki, Rhodes. Welcoming you to a heavenly location, right on a golden sand beach, here, your enjoyment knows no bounds. The wondrous Aegean sea is your daily horizon and our lush gardens of verdant abundance become your background. And as the immaculate light of the omnipotent sun shines down on you, just then will you begin to acknowledge the godly touch of Apollo. Built on a slanted landscape that respects the natural order of this blessed land, Apollo Blue Resort embodies an alignment with celestial glory and awakening of the senses. Your stay here will be enhanced by an array of sensational experiences. These include delectable dining and bars of exceptional flavours, a soothing spa for moments of relaxation, shimmering swimming pools, a gym hall, playground, outdoor sports facilities and activities, as well as evening entertainment. The elegant simplicity of our spaces is inspired by the ancestral ideal of laconic beauty. Structured in a way so as to showcase the refinement of ancient Greek architecture and astounding sea visuals of epic proportions, our resort is one of demure luxury, dressed in whites and earthy tones that amplify the natural colours of our stunning outdoors; the golden sun and sand, the glistening blue sea, the azure sky and the exuberant hues of our verdurous gardens. In your search for Rhodes luxury resorts, you need to look no further than Apollo Blue Resort in Faliraki. Your holiday with us will be strewn with phenomenal views, sensational experiences and indelible moments to be cherished for a lifetime. Simply heavenly!",Greece,22.241223,,,
PORTARIA HOTEL,22026690.0,"Greece, Thessaly, Volos",https://www.linkedin.com/company/portaria-hotel-&-spa,www.portariahotel.gr,"The Portaria Hotel  has been built to combine respect for the traditional architecture of Mt. Pelion with all modern comforts. It is located 12 km from Volos, 12 km from the Ski centre of Mt. Pelion and only 40 minutes away from the deep blue beaches of East Pelion: Agios Ioannis, Plaka and Papa Nero.  No matter the season, at Portaria Hotel & Spa a holiday is a break away from the pressures of urban life. We value your precious time, our comfortable and pleasant surroundings along with our friendly service, fine cuisine, entertainment, sports activities and excursions all combine to fulfil your every need. That is our Philosophy at the Portaria Hotel!",Greece,22.02669,,,
EM RESORTS,22026690.0,"Greece, Crete, Chaniá, 58 Sfakion",https://www.linkedin.com/company/emresorts,www.emresorts.com,"Award-winning EM Resorts upgrade the traveling experience by bringing abundance and luxury together. This is attained with the advancement not only in the services but also in the essence of being on holidays, always with a touch of locality. Our guests can choose either Euphoria Resort or Minoa Palace Resort, located at the sublime region of Chania. Both Resorts represent and promote the philosophy of Euliving – in other words - a way of life that enables us to define our lives and achieve our goals by engraving the path leading to ""happiness"". EM Resorts aim to create that “memory of joy” in every interaction with the guests.",Greece,22.02669,,,
Destination One,22026690.0,"Greece, South Aegean, Ródos",https://www.linkedin.com/company/destination-one-p-c-,www.destinationone.gr,"Destination One is an incoming tourism agency, operating on the Greek islands. We focus on establishing remarkable product portfolios for tour operators in our destinations that they can then offer to their clientele. Additionally, we manage the clientele of the tour operators on the destinations by offering quality services of transportation and local sea and land excursions as well as office and representation support. We are currently handling more than 110.000 clients on Rhodes, Crete and Kos islands.",Greece,22.02669,,,
Aegialis Hotel & Spa,21397356.0,Greece,https://www.linkedin.com/company/aegialis-hotel-spa,amorgos-aegialis.com,"Defined as “the jewel of Amorgos” by its guests, Aegialis Hotel and Spa has well deserved the title thanks to its breathtaking views over the crystal clear bay and the amenities of its location. For over 10 years, Aegialis Hotel & Spa has been a reference point for yogi travelers, thanks to its facilities and services, which are all designed to provide well-being in both spirit and body.  Standing proudly on the top of a rocky hill, immersed in a green oasis of unspoiled nature, it responds to the guests’ need for rest, peace and tranquility. The warm welcome from the owners and personnel, the high standard of service and the comfort of the facilities all contribute to offering a unique experience of the local authentic life on a Greek island.",Greece,21.397356,,,
Castello Hotels,21325066.0,"Greece, Crete, Irákleion",https://www.linkedin.com/company/castello-hotels,www.castellohotels.com,"Hospitality services in Crete since 1981.  Castello Hotels chain consists of: - Castello City Hotel, a city hotel by the center of Heraklion Crete - Castello Village Resort, a family resort in Sissi of Lassithi - Castello Boutique Resort and Spa, A luxury 5 star adults only hotel with spa facilities",Greece,21.325066,,,
S Resorts,21325066.0,"Greece, Crete, Hersonissos",https://www.linkedin.com/company/s-resorts,www.sresorts.gr,"S resorts is one of the leading hospitality Groups in Crete, one of the most popular summer destinations of Europe. The company was founded in 1994, it is family owned and has seen rapid growth through hotel development and strategic acquisitions in the tourist industry. Today, the group employs more than 640 people in 4 resorts and a theme park full of water sports, activities, fun games and holiday. The group’s resorts, all located by the sea, are designed and constructed to cover the needs of every type of customer and satisfy their holiday expectations. Our portfolio includes hotel resorts, family resorts, 5 star luxury resort, a theme park, restaurants, bars and shops. In our hotels’ facilities you will find international standards tennis courts, training facilities for professional athletes, spas, wedding chapels and conference centres as well as outdoor gardens for the events of your dreams. VALUES Our family business has stayed true to our personal values and ethics. Our main purpose is to promote the authentic Cretan hospitality, gastronomy, and culture in the way our own predecessors taught us. We believe that one of the competitive advantages of our business is our rich history and we try to make our guests become a part of it and always feel at home. Our focus on quality We have always aimed to focus on quality in the whole range of our services including our hotels, our carefully selected personnel, the choice of each of our local, fresh ingredients and every single activity we choose to share with you. GOALS 1. Leadership and Growth 2. Guest experience 3. Plan for the Future",Greece,21.325066,,,
P.A.P Corp.,20397889.0,"Greece, Central Macedonia, Thessaloníki, 9 Salaminos & Tsimiski Str., 54626",https://www.linkedin.com/company/p.a.p-corp.,www.papcorp.com,"A self owned hospitality & tourism company with headquearters in Thessaloniki, Greece. The Company's major focus is in Hospitality .  P.A.P Corp. owns and operates the following hotels: ASTORIA hotel, Thessaloniki Alexander the Great Beach hotel, Kryopigi, Halkidiki AGIONISSI RESORT, Amoliani Island,Halkidiki XENIA OURANOUPOLIS,Ouranoupoli,Halkidiki STELLA htl, Kryopigi,Halkidiki P.A.P Corp. also operates a catering company: F Zone P.A.P Corp. is the exclusive agent and distributor of the German Leather & fashion High End Brand AIGNER Munich P.A.P Corp. owns a construction company : P.A.P Construction P.A.P Corp. is the major holder of I.I.E.K HOTELIA HRM School For a detailed historical review of the company and the fields of operation and development, you are welcome to visit: www.papcorp.com",Greece,20.397889,,,
NUMO Ierapetra Beach Resort Crete Curio Collection By Hilton,20397889.0,"Greece, Crete, Ierápetra, Katharades, 72200",https://www.linkedin.com/company/numo-ierapetra-beach-resort,www.numoierapetra.com,"NUMO Ierapetra is a brand-new destination resort with big aspirations and a bigger heart. NUMO aims to showcase an off the beaten path, but equally beautiful, part of Crete through a modern lens. In a sun-drenched, beachfront location and surrounded by evergreen gardens, we are a barefoot luxury resort offering a new take on escapism with earthy design touches and serene ambience. Private swimming pools and cozy terraces complete an intimate scenery where relaxation and sophisticated decoration become one. At the same time, the upbeat vibes coming from the beach area add a cool touch of fun to the whole holiday mix.  Our associates are among the most important assets of our company. We are looking for professionals who love to work in Hospitality, have a passion in delivering excellent guest services and are willing to develop their skills through continuous training and personal development.  If you are one of them, join us.   We are looking for you! #shapetomorrow",Greece,20.397889,,,
NUMO Hotels & Resorts,20397889.0,"Greece, Attica, Athens, 2 Parnassou, 105 61",https://www.linkedin.com/company/numo-hotels-resorts,www.numohotels.com,"NUMO Hotels & Resorts Curiosity. Passion. Aesthetics. These are the main drivers behind NUMO Hotels & Resorts. This brand new hospitality company aspires to change the way guests experience a destination through tailor-made services and meaningful connections. As its name suggests, NUMO wants to do things differently – in a new, modern way. Every hotel that is part of NUMO will showcase its location through a modern lens. Our differentiation comes from genuinely connecting our guests with the destination and its locals and by offering them a wealth of immersive experiences. NUMO's goal is to provide an authentic guest experience using a highly personalized approach based on the needs and desires of our visitors.  Formed by a passionate team of highly experienced hospitality professionals, the company will manage and operate a highly curated portfolio of properties that have interesting, memorable stories to tell. NUMO's first offering starts at Ierapetra, Crete.  NUMO's portfolio:   - Conrad Corfu (Opening 2026) - Numo Ierapetra Beach Resort Crete, Curio Collection by Hilton - Numo Mykonos Boutique Resort  Commercial representation of Troulis Royal Collection:  - The Royal Senses, Curio Collection by Hilton - The Royal Blue Resort & Spa",Greece,20.397889,,,
White Olive Hotels,20138688.0,"Greece, Ionian Islands, Zakynthos",https://www.linkedin.com/company/white-olive-ae,www.whiteolivehotels.com,"White Olive Hotels is a rapidly growing hotel chain in Greece, offering 4-star and 5-star All-Inclusive experiences. Our properties are located on the beautiful Greek islands of Zakynthos, Rhodes, Crete, and Kos. Founded in 2015, White Olive Hotels is backed by Rainbow Tours S.A., one of Poland’s largest tour operators. Drawing on extensive experience in the travel industry, we have designed our hotels and services to meet our guests' expectations and provide them with the highest level of hospitality. All White Olive Hotels operate under the All-Inclusive formula. Our five hotels boast prime locations, always close to the seaside, nestled in tranquil surroundings, yet perfectly connected to nearby dining and entertainment hubs. Our hotels' chain includes: 🏨 White Olive Elite Laganas 5* 🏨 White Olive Premium Laganas 4* 🏨 White Olive Premium Lindos 4* 🏨 White Olive Elite Rethymno 5* 🏨 White Olive Marine Aquapark 4* We invite you to experience the exceptional comfort and warm hospitality of White Olive Hotels. 🌿",Greece,20.138688,,,
Nice N Easy Group,20138688.0,"Greece, Attica, Athens, 62 Omirou Str.",https://www.linkedin.com/company/nice-n-easy---bio-restaurant,www.niceneasy.group,"Since 2008, Nice n Easy Group has become a key player in the hospitality industry, offering innovative dining concepts and premium services both in Greece and internationally. With venues in Athens, Mykonos, and beyond, the Group continues to evolve and expand. Our portfolio includes acclaimed restaurants such as nice n easy organic restaurant, Frankie Italian Bistro &amp; Bar, The Amorous Project Italian Restaurant, Zinglee Bistro & Cocktails, SantAnna Beach Club in Mykonos, NYN ESTI @ EMST Restaurant, EMST Café, Byzantino Restaurant-Bar, and Vosporos café at OPAP Arena. Driven by dynamic growth, the Group is expanding further to Ibiza/Spain with The Amorous Project and four exciting concepts at the iconic Piraeus Tower.",Greece,20.138688,,,
NYX Esperia Palace Athens,20138688.0,"Greece, Attica, Athens, 22 Stadiou",https://www.linkedin.com/company/nyx-hotel,www.leonardo-hotels-greece.com,"NYX Esperia Palace Hotel Athens radiates the unique and dynamic energy and spirit of Athens. This urban-style, sassy, 5-star hotel is centrally located on the famous Stadiou Avenue, next to the Metro station ""Panepistimio"" just a few steps from Syntagma Square and the shopping street of Ermou.",Greece,20.138688,,,
Helios Hotels & Resorts,19509354.0,"Greece, Attica, Athens, 19 Amerikis Str., 10672",https://www.linkedin.com/company/helios-hotels-&-resorts,,"Helios Hotels & Resorts is a unique and unsurpassed collection of seven finest retreats at unique locations in Athens, Crete & Peloponnese.  Welcome to HELIOS HOTELS & RESORTS' heavenly world at: Grand Resort Lagonissi, Lagonissi- Athens  Elounda Beach Hotel & Villas,  Elounda-Crete Elounda Bay Palace,  Elounda-Crete Kalimera Kriti,  Sissi-Crete Kernos Beach, Malia- Crete Amphitryon Hotel at Nafplion- Peloponnese Nafplia Palace Hotel & Villas, Nafplion - Peloponnese We have devoted more than four decades to refining the perfect blend of elegance, personal service and exclusivity, with the gorgeous natural beauty of the Greek landscape as our constant inspiration. Helios Hotels & Resorts provide a fitting backdrop for your escape to a world of distinction and extreme waterfront luxury. Indulge in any of the fantastic modern facilities the resorts have to offer.",Greece,19.509354,,,
Alemagou Mykonos,19470713.0,"Greece, Mykonos, 84600",https://www.linkedin.com/company/alemagoumykonos,alemagou.gr,"Nestled along the pristine shores of Mykonos, Alemagou is not just a beach club – it's a lifestyle destination that seamlessly blends laid-back elegance with the vibrant energy of the island. From the sun-kissed beachfront lounges to the inspiring bar and restaurant, Alemagou offers a sensory journey that captures the essence of Mykonian living.",Greece,19.470713,,,
Olea All Suite Hotel,18880020.0,"Greece, Zante, Tsilivi, 29100",https://www.linkedin.com/company/olea-all-suite-hotel,oleaallsuitehotel.com,"OLEA All Suite Hotel , part of design hotels by Marriott,  is a dreamy, adults-friendly haven that blends key aspects of Mediterranean architecture and design with a dash of tropical modernism. Located on an evergreen hill, it offers 93 adult-friendly luxury suites of superb, contemporary elegance which overlook the impressive lake-like pool, the Ionian sea or the hotel’s lavish green gardens. Many of the suites have a private swimming pool, enveloping guests in the ever-calming presence of floating water. With a 4000sq2 main pool, the element of water is an all-present, integral part of Olea's concept, connecting the indoors seamlessly with the outdoors.",Greece,18.88002,,,
Elounda Bay Palace,18250686.0,"Greece, Elounda, 720 53",https://www.linkedin.com/company/elounda-bay-palace,www.eloundabay.gr,"Elounda Bay Palace Perched on Crete’s fabulous northeast coast, the Elounda Bay Palace brings classic island architecture to a luxury resort. Its superbly outfitted guestrooms and lush gardens overlooking Mirabello Bay make a visit here an exercise in relaxation and rejuvenation.",Greece,18.250686,,,
Kalesma Mykonos,17621352.0,Greece,https://www.linkedin.com/company/kalesma-mykonos,www.kalesmamykonos.com,"Kalesma is a luxury boutique hotel set on the hillside of Ornos  Bay, seemingly secluded yet easily accessible, offering stunning views to the Aegean sea and glorious sunrise and sunset views. Kalesma is a place where the Greek spirit of hospitality meets the new lifestyle hotel and offers the opportunity to experience both authentic island experience and relaxing privacy.",Greece,17.621352,,,
Vedema A Luxury Collection Resort,17621352.0,Greece,https://www.linkedin.com/company/vedema-a-luxury-collection-resort,www.vedema.gr,"Tucked away within the medieval village of Megalohori, the enchanting Vedema, A Luxury Collection Resort, has evolved from a 400-year-old wine cellar and a 100-year-old mansion into an authentic, Cycladic-styled property. Dedicated to the needs of seasoned travellers, the resort has gained renown as a charming, luxurious and intimate retreat. Located on the western side of the island of Santorini, it is encircled by a traditional stone wall and surrounding vineyards that overlook the village and outlying Aegean sea. A stylish, family-friendly resort, Vedema houses 45 spacious suites and villas, all with their own terraces and some with Jacuzzis or private pools. The complex of rooms have been traditionally hand-crafted to reflect the warmth and sophistication befitting the island. Interiors have been thoughtfully styled by integrating the fresh, angular lines of Cycladic architecture with island-sourced antique furnishings that offer sumptuous living and exclusive artwork, which attests to the resort’s commitment to thoughtful touches.",Greece,17.621352,,,
Konstantinos Palace,17621352.0,Greece,https://www.linkedin.com/company/konstantinos-palace,www.konstantinospalace.gr,"At KOSTANTINOS PALACE you can find yourself staying in one of our 225 fabulous rooms or indulge yourself in one of our seventeen luxury Suite split level with private pool. All our rooms are exceptionally spacious with a beautiful view of the ocean and the entire city right before your eyes. All the rooms are equipped with personal adjusting air-condition, mini bar, dimmer lights, TV, radio, satellite channels, telephone and internet access. Also KOSTANTINOS PALACE offers five swimming pools, bar, restaurants, soccer-field, basketball court, conference center , sauna, gym, room service and parking. Whether your visit entails business or is purely pleasure, a stay here assures you the ultimate in gracious luxury, attentive personal service and the pleasures of an incomparably magnificent and convenient location.",Greece,17.621352,,,
Myconian Ambassador Hotel Relais & Chateaux,17616359.0,"Greece, Mykonos, Platis Yialos, 84600",https://www.linkedin.com/company/myconian-ambassador-hotel-relais-chateaux,www.myconianambassador.gr,"No other hotel in Mykonos Greece could be found behind the words ""Mykonos luxury hotel"" rather than the Myconian Ambassador Hotel & Thalasso Spa Center.A truly five star luxury hotel, the Myconian Ambassador Hotel & Thalasso Spa Center will take you to journey of extraordinary senses woven with the Mykonian style and a futuristic, contemporary, touch of luxury.",Greece,17.616359,,,
Philian Hotels And Resorts,17616359.0,"Greece, Central Macedonia, Thessaloníki, 14 Viktoros Ougko, 54625",https://www.linkedin.com/company/philian-hotels-and-resorts,www.philianhotels.com,Philian Hotels & Resorts owns a great portfolio of hotels which can offer a wide range of services and reflects today’s traveler expectations. Experience our legendary hospitality heritage with a stay at any of our hotels and resorts.,Greece,17.616359,,,
Rhodes Bay Hotel & Elite Suites,17251437.0,"Greece, South Aegean, Ródos",https://www.linkedin.com/company/amathus-hotels-rhodes,www.rhodesbay.com,"The Rhodes Bay Hotel & Spa is a freshly renovated luxury hotel, with recently renovated room-types, like the Deluxe Rooms, Junior Suites and Duplex Suites that will amaze your senses.  Set on the beautiful beach of Ixia in Rhodes, the charming RHodes Bay Hotel & Elite Suites are a peaceful sanctuary for tranquil escapes offering sweeping uninterrupted views to the dazzling Aegean.",Greece,17.251437,,,
Royal Paradise Beach Resort & Spa,16992018.0,"Greece, East Macedonia And Thrace, Kavála",https://www.linkedin.com/company/royal-paradise-beach-resort-&-spa,www.royalparadise.gr,"A 5-star boutique hotel of absolute harmony, where the golden sand meets the green of the olive and pine trees and the crystal blue of the sea. Welcome to our Royal Paradise!!!",Greece,16.992018,,,
Aquis Hotels & Resorts,16992018.0,"Greece, Attica, Athens, 6 Vouliagmenis Ave. & 12 Nirvana Str. Voula, 166 73",https://www.linkedin.com/company/aquis-hotels-&-resorts-aquis-sandy-beach-,www.aquisresorts.com,,Greece,16.992018,,,
Aquagrand Artistic Luxury Beach Resort,16689182.0,Greece,https://www.linkedin.com/company/aquagrand-artistic-luxury-resort,www.aquagrand.gr,"This beachfront resort located in Lindos is the perfect adults-only romantic and relaxing getaway, featuring lush landscaping and breathtaking views of Navarone Bay. Lauded as one of Greece’s most romantic hotels, is an idyllic spot for a unique romantic holiday experience. Couples can unwind at the spa and enjoy special treatments in a gazebo on the beach or soak in the infinity pool drinking refreshing cocktails and enjoying the views of the Aegean Sea.",Greece,16.689182,,,
Athenaeum Hotels Group,16689182.0,"Greece, Attica, Athens, 142 Syngrou Avenue, 17671",https://www.linkedin.com/company/athenaeum-hotels-group,www.athenaeumhotels.com.gr,"Athenaeum Hotels Group is a fast-growing city hotel chain in Greece, with a portfolio of 5 hotels in Athens, all located around the Acropolis, just a breath from the historic center of the city and with direct access to its commercial quarters (The Athenaeum Luxury Experience® - Great Place to Work certified, Athenaeum Grand®, Athenaeum Eridanus®, Athenaeum Smart®, Athenaeum K-29®).  We are driven by our passion to provide impeccable Greek hospitality, we are dedicated in the continuous improvement and development of our services and in delivering sophisticated lifestyle experiences for all our guests. We follow a human-centered operation and management philosophy and a culture of collaboration and mutual respect, creating a positive work environment, investing in the continuous training of our team and building strong relationships of trust with our employees, customers and partners.",Greece,16.689182,,,
KARATARAKIS Hotels & Restaurants SA,16689182.0,Greece,https://www.linkedin.com/company/karatarakis-hotels-and-restaurants,www.karatarakisgroup.com,"KARATARAKIS SA owns, leases and manages hotels, urban & country residencies, restaurants, and conference – events facilities. The company is active in Hospitality industry since 1976 and is privately owned by the Karatarakis family. It consists of 4 city hotels, Lato Boutique Hotel, Lato Annex Boutique Rooms, Olive Green Hotel, Legacy Gastro Suites, and 5 restaurants, Herbs Garden Restaurant, Brillant Restaurant, 626 All Day Lounge & City Garden, Papi Osteria Caffeteria, Epsilon Restaurant. Karatarakis SA provides a healthy and safe work environment for its employees, and care for their personal wellbeing and professional development.  The company operates with the principles of integrity, trust and respect, its founding values. It shares its vision with its employees and empowers them by bringing out their strengths and by providing them with guidance and mentorship until they reach their full potential. It offers financial benefits, and through its continuous development it creates a motivational, inspirational and driven work environment.  The company grows through its personnel’s ambition to develop, practices effective communication and motivates employees to remain committed in their path. Karatarakis SA constantly evolves its services, pioneers innovation and uses its experience for the benefit of its customers. In regards to its social responsibility, it takes the lead in climate and water sustainability, supports Greek producers, local products, Cretan businesses and crafts. It cares about the well-being of its community and operates decisively in a way that improves the quality of life of its fellow citizens. The company's participation in the economic and cultural development of its community and remains the most enjoyable journey of contribution and development.",Greece,16.689182,,,
Golden Star Hotel,16689182.0,Greece,https://www.linkedin.com/company/golden-star-hotel,www.goldenstarhotel.gr,"The Golden Star Hotel is situated on a small hill just above the heart of Mykonos offering a brilliant view of Megali Ammos beach and Mykonos Town. The little white alleys, the exciting nightlife, the wonderful restaurants and the world - famous stores of our cosmopolitan island, are only a few meters away from our hotel. The privileged location of Golden Star Hotel just a few meters away from the center of Mykonos, its breathtaking view and its magical sunsets makes it the ideal choice for your summer dream holidays in Mykonos. This Unique hotel was built in 1991 inspired by the traditional Mykonian architecture and it is the only hotel in Mykonos with its own private Traditional Windmill and an enormous free parking space.  Having recently renovated most of the hotel, discover the unique combination of excellent services, the luxury of simplicity and every other detail that only Golden Star Hotel is thrilled to provide! Taking into consideration our guests’ personal preferences and needs, Golden Star Hotel offers the comfort and the relaxation you deserve. A place you will always want to return to…",Greece,16.689182,,,
Branco Mykonos,16689182.0,Greece,https://www.linkedin.com/company/brancomykonos,www.brancomykonos.com,"Branco Mykonos, located at Platιs Gialos beach, is a 5-star Mykonos hotel, shifting the island’s hospitality experience to a new level. Stunning luxurious rooms and suites with view, inspiring design, high quality hotel equipment and professional yet friendly service, create the best Mykonos hotel experience. Branco’s Restaurant is an impeccable choice for lunch and dinner in Mykonos. Fine culinary creations, reinventing the traditional recipes of Greek Cuisine, offer a unique gastronomic journey. Branco Beach is an excellent scenery to enjoy the sun and the crystal clear sea of the Aegean. Luxurious sunbeds, exceptional service, vibrant music and refreshing cocktails compose the extraordinary experience of Branco Mykonos.",Greece,16.689182,,,
Mythos Palace Resort & Spa,16689182.0,Greece,https://www.linkedin.com/company/mythos-palace-resort-&-spa,www.mythos-palace.gr,"Mythos Palace Resort & Spa stands for its fresh design, modern look, and services of the highest possible standards.   The elegant rooms and common areas, combined with the additional services offered in the Premium All-Inclusive Package ensures a stay that is carefree and exquisitely comfortable. The resort's unique philosophy, high quality services, exceptional natural beauty, and its excellent facilities have made Mythos Palace an outstanding holiday choice for the whole family.",Greece,16.689182,,,
The Margi Hotel,16650424.0,"Greece, Attica, Athens, 11 Litous Street, 16671",https://www.linkedin.com/company/the-margi-hotel,www.themargi.gr,"The history of The Margi Hotel is strongly linked to that of the Athens Riviera, which first emerged as a vision in the early ’60s. In 1960, Dr. Stavridis commenced the construction of the “Margi House”, a complex of 18 luxury apartments in the lush pinewood forest of Vouliagmeni. Supported by his wife Katy, Dr. Stavridis chose to name the hotel after their two lovely daughters, Maria and Gina. To this day it has remained a family-run business, with the grandchildren of the visionary doctor at the helm of The Margi Hotel which now has a capacity of 88 rooms. With its own Farm, its private Villas and 2 seaside restaurants near the hotel, The Margi is set to encompass the complete experience of hospitality. Contact us For more information and reservations, reach us at themargi@themargi.gr For the latest news, join our instagram @themargihotel @themargifarm @krabobeach @aktiathens",Greece,16.650424,,,
ANEMI HOTELS,16362684.0,"Greece, Attica, Athens, 54 Amalias Avenue, 10558",https://www.linkedin.com/company/anemi-hotels-group,www.anemihotels.com,"Anemi Group consists of AthensWas Design Hotel and Anemi Folegandros; both properties listed as 5* Hotels. AthensWas is a superior luxury hotel in Athens situated in the beating heart of the city and just a breath away from the Acropolis Museum, the sacred Acropolis Hill and Plaka (Old Town).  Boasting an incredible location, right on Dionysiou Areopagitou pedestrian street, AthensWas offers 5* design rooms and utterly luxurious suites and basks in magnificent views overlooking the most prized neighbourhood of Athens. Furthermore, on the 7th floor of the AthensWas Hotel you will find the magnificent roof-top restaurant Sense. Graced with impressive views of the striking Acropolis, SENSE is undeniably among the best rooftop restaurants in Athens combining incredible panoramic views of the city with delectable dishes. Our executive Chef, mr Alexandros Charalambopoulos and his team have devised an utmostly creative menu that focuses around original, inspired Greek combinations with a modern approach and a twist of refinement. ******************************************************************************* Anemi Hotel represents true 5 star luxury on a true, untouched island! Located in Folegandros, an island that has kept its Aegean legacy untouched by time, Anemi boutique hotel was created to guarantee an amazing hospitality experience combining contemporary design and Cycladic architecture. Complementing the uniqueness of Anemi Hotel, the only 5-star hotel on Folegandros, SEA SENSE Restaurant offers a fine dining experience like no other. Locally produced ingredients magically blend with the Chef’s passion and creativity to offer sublime dining right by the vast pool. A proper gastronomical feast consisting in fresh fish and seafood, right from the local fishermen’s catch of the day, vegetables and fruit grown on Folegandros’ earth transform into culinary delights that elevate the flavours of traditional Greek cuisine to an absolute 5-star dining pleasure.",Greece,16.362684,,,
Corfu Palace Hotel,16362684.0,Greece,https://www.linkedin.com/company/corfu-palace-hotel,www.corfupalace.com,"With plenty of choices, Corfu Palace Hotel offers 106 stylish guest rooms, including superior rooms and suites, all of them decorated with marble bathrooms, terraces or balconies and spectacular views across the Ionian sea that you will never grow tired. Contemporary five star elegance and bedroom suites with floor-to-ceiling windows that enjoy unobstructed, panoramic views of Garitsa bay. Enjoy yourself outdoors in beautifully designed lush spaces and in our expansive swimming pool area surrounded by the old Venetian Walls of old Corfu Town blessed with natural sunlight almost all year long, due to the hotel’s southeast location. Get lost in the magnificent view of Garitsa Bay and the old fortress of Corfu. Relax in our outdoor swimming pool with spectacular views, while enjoying the greek sun and perhaps a cocktail from our bar.",Greece,16.362684,,,
The Met Hotel,16362684.0,"Greece, Central Macedonia, Thessaloníki",https://www.linkedin.com/company/the-met-hotel,www.themettroy.com,Full Service Hotel,Greece,16.362684,,,
Aqua Vista Hotels,16362684.0,"Greece, Attica, Athens, 37 Ipsilantou Str, 10676",https://www.linkedin.com/company/aqua-vista-hotels,www.aquavistahotels.com,"Aqua Vista Hotels is a Hotel Management Company, based in Athens,Greece with Branch offices in London and in Santorini. Our Services : Property Leasing Commitment Property & HR Management  Reservations & Sales Management  Pricing policy & Yielding  Staff recruitment & training  Brand Building  Brand Crafting  Our portfolio: www.aquavistahotelsportfolio.com",Greece,16.362684,,,
Pomegranate Wellness Spa Hotel,16159384.0,"Greece, Nea Moudania Nea Potidea, National Road, 63200",https://www.linkedin.com/company/pomegranate-wellness-spa-hotel,www.pomegranatespahotel.com,"The Pomegranate Wellness Spa hotel is regarded as one of the best new hotels in Halkidiki and the most amazing new spa resort in all of Greece. Opened in 2013, this exceptional 5 star Halkidiki resort enamors guests with its intimate settings, its luxury services, and unrivaled amenities that brilliantly blend to offer even the most discerning travelers an unparalleled holiday experience. This exclusive spa hotel in Halkidiki, offers a selection of 172 luxurious and spacious sea-side and garden rooms & suites, spread across 3 buildings connected by wonderful landscaped gardens. With a wide selection of premium accommodation to choose from, guests staying at this luxury hotel in Halkidiki will enjoy access to their own private balcony or terrace and contemplate the “picture postcard” views at their leisure.",Greece,16.159384,,,
ΙΕΚ Anko Tourism Educational Group,15762005.0,"Greece, South Aegean, Ródos, 78-80 G. Seferi Str.",https://www.linkedin.com/company/anko-tourism-educational-group,anko.edu.gr,It’s a great pleasure for us to introduce you to the world of Tourism Studies. Anko is a high standard vocational school that consists of a certified institute of Vocational Training and a Center of Lifelong learning. Our goal is to provide all our students the ideal premises and the appropriate environment for their studies. Anko Academy owns two tourism schools at the islands of Kos and Rhodes.,Greece,15.762005,,,
TUI BLUE Meltemi,15762005.0,Greece,https://www.linkedin.com/company/tui-sensimar-meltemi-blu,www.meltemihotels.com,"On the island of Santorini, the newly opened (just in 2019) TUI BLUE Meltemi Hotel invites guests to discover a true oasis of relaxation on the molten-dyed beach of Perissa. This adults-only resort, consisted of 104 rooms and suites with private whirlpools, is setting the ideal backdrop to your perfect holidays. The contemporary and stylish design of the TUI BLUE Meltemi rooms and suites offers guests the comfort and relaxation they are in need of during their holiday.  All rooms are complimented by an outdoor area and a  whirlpool or pool. Guest will experience a memorable stay within a sophisticated environment with luxurious amenities, high-end technology and modern comforts. The resort features a solarium area with comfortable sun loungers, a modern health club and spa services. Delicious dining, including an a la carte Greek restaurant with a farm-to-table philosophy. Revel in the extraordinary picture perfect island, enjoy a unique blend of superb facilities and five star services of the TUI BLUE Meltemi Hotel in Santorini.",Greece,15.762005,,,
A For Athens,15762005.0,"Greece, Attica, Athens, 2-4 Miaouli Str., 10554",https://www.linkedin.com/company/a-for-athens,www.aforathens.com,"Right next to Monastiraki Metro Station, A for Athens offers a rooftop bar with a stunning view of the Acropolis. Nightlife districts of Psirri, Monastiraki and Plaka are a 5-minute walk. The stylish rooms feature a modern bathroom, a flat-panel TV and designer furniture.  The large windows allow for plenty of sunlight and stunning city views, while some rooms face the Acropolis. Wi-Fi is free in the entire Property. Each of the 35 rooms is comfortable and elegantly designed, with a contemporary greek twist and an attention to detail. At A for Athens there are no extravagant luxuries, but you will get a view to the Acropolis even while you take your shower or ideas on places to visit while in your room. Guests can take their breakfast on the panoramic terrace with Acropolis views. The rooftop bar is open until the early morning hours serving refreshments and cocktails. A for Athens’ has a convenient location at the heart of the historic centre. On our top floor, we created an urban terrace, with the most stunning view to the Acropolis, Plaka and Monastiraki Square.  An ideal place to have your breakfast in the morning or enjoy our house special cocktails at night. Minimal design is set to enhance your viewing experience and our menu is created with special care, with emphasis on local and healthy ingredients. There is no other place to stay in Athens, where both the city’s attractions and main public transport are in walking distance. We are just above Monastiraki Square, next to the metro station – that will ease your transportation to and from the airport and Piraeus port- above the city’s busiest shopping street, next to Plaka and Psirri and 10 minutes walk to Syntagma and Gazi. From our wide view rooms and the top floor, you will have the most spectacular view to the Acropolis, with nothing to interrupt your viewing experience.",Greece,15.762005,,,
Asterias Beach Resort,15762005.0,"Greece, South Aegean, Ródos",https://www.linkedin.com/company/lti-asterias-beach-resort,,"The stylish and ample resort consists of a main building and several adjoining buildings with a total of 178 rooms spread over 3 floors. The main building houses the reception area with a lobby, the main restaurant, an elevator, a mini market, various bars, a conference room, and an Internet terminal (for a fee). The outdoor area features a spacious fresh water poolcomplex with a separate children’s pool and a sun terrace that invite you to linger. Sun loungers, sun umbrellas, and towels are available free of charge at the pool and on the beach. Guests can also find a pool/snack bar and a beach restaurant on site.",Greece,15.762005,,,
Le Grand Tourism Enterprises,15762005.0,Greece,https://www.linkedin.com/company/le-grand-travel-bureau,www.legrandtravel.gr,"Le Grand is a Greek DMC In our 38 years course as Le Grand, we always did what we have promised to our customers and partners by honoring the area of tourism with a high sense of professional responsibility, and we received respect and love from customers and partners .",Greece,15.762005,,,
Lesante Blu,15750700.0,"Greece, Zakynthos Zakynthos, Tragaki, 29100",https://www.linkedin.com/company/lesante-blu-exclusive-beach-resort,www.lesanteblu.gr,"Welcome to Lesante Blu. Allow yourself to be indulged you like you never have before. True to its name, the Lesante blu surrounds you with spectacular views of the blue sea. Located in the picturesque village of Tragaki, the newly built (2017) all suite hotel Lesante Blu is a member of 'The Leading Hotels of the World' the only at the ionian islands is simply one-of-a-kind experience offering exclusivity, peace of mind and five star comfort. Its ‘all-about-you’ mentality can be experienced via the private pools, the adults-only policy, the state-of-the-art suites and the discreet staff. The fine selection of restaurants offering you creative Mediterranean dishes by the sea, the secluded beach, the 24/7 impeccable room service and the private heliport, add up to a unique stay experience. Discover Lesante Blu today and enjoy a five-star experience you will not find anywhere else on the island of Zante.",Greece,15.7507,,,
Kivotos Hotels & Villas,15733350.0,"Greece, Mykonos, Ornos Bay, 846 00",https://www.linkedin.com/company/kivotos-mykonos,www.kivotoshotels.com,"Let’s turn the clock back a quarter of a century for a moment when the Michopoulos family famously launched the very first boutique hotel in Greece, the Kivotos Mykonos.  Designed to blend harmoniously into the soothing pastel shades of its surroundings on Mykonos, it brought a markedly artistic aesthetic to enhance the feeling of refined luxury and relaxation and it has been offering its guests a haven of tranquility and impeccable service ever since. The legacy of Kivotos entered a brand new era in summer 2019 when the luxury hospitality group opened up a new property on the island of Santorini, the Kivotos Santorini.",Greece,15.73335,,,
Akti Imperial Hotel & Convention Center Dolce By Wyndham,15733350.0,"Greece, South Aegean, Ródos, Leoforos Ialyssou Ixia, 851 00",https://www.linkedin.com/company/dolceaktiimperialhotel,convention.dolceaktiimperial.com,"Akti Imperial Hotel & Convention Center, located just footsteps away from the long, magnificent, pebble beach of Ixia, is the largest hotel convention center in South East Europe with 22,500m² of space and capacity of 8,000 atendees in total.The whole complex,completely renovated in 2018,has 710 rooms in 9 floors.It is only 5 min drive to the city of Rhodes and 12 km from the International Diagoras Airport which attracts flights from 149 cities,from 33 countries .",Greece,15.73335,,,
President Hotel Athens,15543812.0,"Greece, Attica, Athens, 43 Leoforos Kifisias, 115 23",https://www.linkedin.com/company/president-hotel-athens,www.president.gr,"Set amidst the eternally intriguing urban landscape of Athens, the landmark building of President Hotel welcomes you, offering an elegant and comfortable stay. Strategically situated near two Metro stations and other means of public transport close to the heart of Athens, the hotel offers great access to renowned cultural landmarks, commercial streets, historic sites and entertainment attractions. Our warm hospitality, modern amenities and personalized services render us the perfect springboard to explore Athens’ charm.  Featuring a warm and family-friendly atmosphere for a restful stay, all rooms showcase an astonishing city view. Enjoy a refreshing drink at our relaxing lounge areas, or taste modern culinary delicacies at our restaurant. Find our signature cocktails at Penthouse 21 -situated on the 21st floor next to the pool area- complemented with a local treat, while gazing at the mesmerizing 360o view.   Known for its business-friendly environment and its tailor-made services, President Hotel curates all sorts of events. The contemporary conference rooms accommodate successfully your corporate events with a stylish edge.  It’s always our pleasure to host your special moments by giving your beloved ones an experience to remember. Weddings and private parties are our specialties.  Destined to be the highest hotel in Greece, the landmark edifice, built by the famous Greek architect Ioannis Vikelas has its own history to share with the travelers, making it the ideal place to start your stay experience in the city.",Greece,15.543812,,,
Lesante Cape,15104016.0,Greece,https://www.linkedin.com/company/lesante-cape,www.lesantecape.gr,"Located in Akrotiri village, a privileged place of great historic cultural value, where the manors of the island’s noblemen used to be situated, with a beautiful, secluded beach in front and extraordinary views to the blue horizon, the Lesante Cape unveils a new, hospitality experience. Build as a traditional Greek village, with a square at its center -where all the socializing and events take place- with a café, a taverna, a few small shops all around it, a folklore museum and its own church nearby, the Lesante Cape is a modern -and very vivid- trip to the past. Everything around you, honours authenticity, starting from the traditional Zakynthian architecture, with the tall, proud arches, the large white stones and earthly tones embracing everything, to the wooden furniture and straw-made décor, all being brought to today, with contemporary amenities and services that accommodate your modern living. Explore a luxurious getaway to the traditional Zante, today!",Greece,15.104016,,,
ROYAL OLYMPIC HOTEL,15067215.0,"Greece, Attica, Athens, 28-34 Athanasiou Diakou Street, 11743",https://www.linkedin.com/company/royal-olympic-hotel,www.royalolympic.com,"Royal Olympic Hotel is a deluxe property, operating since 1968. Recently and totally renovated has now become one of the best hotels in Athens. The hotel includes 265 rooms and a unique Roof Garden Bar Restaurant with a magnificent view to the Acropolis, the Lycabettus Hill and the Temple of Zeus.",Greece,15.067215,,,
Blue Lagoon Resort,15012421.0,"Greece, South Aegean, Kos",https://www.linkedin.com/company/blue-lagoon-resort,www.bluelagoonresort.gr,"Blue Lagoon Resort is a complex with 662 guestrooms.  This all inclusive hotel is situated in Lambi, only 75m from the sandy/shingle beach,  2 km from the centre of Kos town, 1.5 km away from the nearest shopping area and  22 km from the airport.",Greece,15.012421,,,
Aeolos Beach Hotel Kos,14834829.0,"Greece, South Aegean, Kos, 85300",https://www.linkedin.com/company/aeolos-beach-hotel-polivotis-s-a,www.aeolosbeach.com,"Aeolos Beach Hotel is a 4-star resort in Kos island, Greece. It offers 228 spacious guest rooms. Most rooms have breathtaking views to the sea and some are situated less than 30 meters from the beach. The resort operates 3 restaurants and 3 bars and facilitates 3 swimming pools. The property lies on a surface of 75.000 sqm.",Greece,14.834829,,,
Gatsby Athens,14834829.0,Greece,https://www.linkedin.com/company/gatsby-athens,gatsbyathens.com,"Gatsby Athens is a contemporary boutique hotel at the heart of the historic center of the Greek capital, consists of 33 rooms and suites, providing its guests with an array of facilities to best accommodate their needs.  An all-day restaurant, a roof garden with great urban views and a  glimpse of Acropolis, all with the necessary services in order to offer guests the best possible experience of the Athenian lifestyle.  All rooms provide state of the art technology, smart TVs or tablets, king size beds,  walk-in showers, in-room bathtubs, luxury natural linen and bathrobes, Ortigia amenities and world over known artworks by the local and international scene; your own in-hotel gallery!  You will also find options for bathtubs, juliet balconies or terraces with private outdoor sitting areas, an outdoor cinema and jacuzzi hot tubs.",Greece,14.834829,,,
Nobu Hotel Santorini,14834829.0,"Greece, Imerovigli Imerovigli, 84700",https://www.linkedin.com/company/nobu-hotel-santorini,nobuhotels.com,"Situated on the island’s captivating northeast coast, the boutique hotel houses a signature Nobu Restaurant, fitness facility, dual-level infinity pool, and five luxurious pool villas, and offers panoramic views of both the Caldera and Aegean Sea from its unique clifftop location in Imerovigli. Just a 10-minute drive to the charming coastal town of Oia and 20 minutes from Santorini (Thira) International Airport, the hotel is well-positioned along the famed Oia-Fira hiking trail that runs between Oia and Fira, Santorini’s cosmopolitan capital.",Greece,14.834829,,,
Xenios Ventures Hotels,14834829.0,"Greece, Central Macedonia, Thessaloníki",https://www.linkedin.com/company/xenios-ventures-hotels,www.xv-hotels.com,"XVH - a hotel management & consulting company. Xenios Ventures Hotels operates full-service, select-service, focused branded and independent hotels throughout the Greece. Our extensive years of experience successfully deliver a substantial ROI for our owners. Our team has successfully managed independent properties. As a top-performing hotel management and development company, we customize our hotel management services to meet the individual needs of each of our owners. We are a ""one-stop""​ hotel management service that provides you with all of the aspects of hotel management you may need. Our broad experience in operations, sales/catering, revenue management, marketing, e-commerce, accounting, financing, renovation, and employee relations will give your hotel a distinct advantage over the competition. Whether you are in need of short term or long term, full time hospitality management services, contact us today for a hassle free complimentary consultation to discuss your current challenges, needs and visions to determine if XVH Management Services is the right choice for you.",Greece,14.834829,,,
Eurohotel Group,14834829.0,"Greece, Crete, Stalis, 70007",https://www.linkedin.com/company/eurohotel-group,www.eurohotel-crete.gr,"EUROHOTEL Group - Crete is a business group including four Hotels, a Car Rental Company and a Seaside Restaurant. We are part of: KATRIN SUITES Boutique Hotel (adults only)  located in Stalis/Heraklion KATRIN HOTEL & BUNGALOWS   located in Stalis/Heraklion AZURE MARE HOTEL (adults only) located in Hersonissos. THEO HOTEL located in Agia Marina / Chania. EASY AUTO rent a car with service all over the island  ISOLA SEASIDE RESTAURANT Agia Marina / Chania. Eurohotel Group  wants to grow with the ambition of new and naturally continued preference of its customers, so that the group can keep up and improve the service standard. We carry on striving for the best quality of service and achieving our goal for excellent accommodation and our customers' relaxation. Eurohotel Group  has been awarded  by  travel organizations and tour operators in recognition of the high quality of the services provided and its respect for the environment.",Greece,14.834829,,,
CNic Hotels,14834829.0,Greece,https://www.linkedin.com/company/cnic-hotels,cnichotels.com,"CNic Hotels (previously CN Hotel Group) was established in 2008 with a view of developing the original hospitality that Greece had on offer but it ceased through the years. The first acquisition took place in Zante on a management basis followed by the dry-lease of the Hotel Hellinis in the area of Kanoni in Corfu. In 2011 the new acquisition took place for the Hotel Paleo ArtNouveau (ex Paleokastritsa) in the most famous resort of Corfu, Paleokastritsa. In 2013 our group expanded further with the acquisition of the Hotel Gemini in the area of Messonghi. The strategic development of our company is to acquire and create a hotel group in Greece in order to develop, expand and implement our initial strategic goal.",Greece,14.834829,,,
Saint John Hotel Villas And Spa,14834829.0,Greece,https://www.linkedin.com/company/saint-john-hotel-villas-and-spa,www.saintjohn.gr,"Welcome to Saint John Mykonos Hotel, an idyllic stunning oasis silhouetted against the clear blue skyline of Mykonos island and located on a 20,000 square meter stretch of pristine coastline in Agios Ioannis, where Shirley Valentine's movie was filmed. As one of the best Mykonos beach hotels, Saint John hotel combines the elegance and luxury amenities you would come to expect from a 5 star, Mykonos hotel of this high caliber. Its reputation for the best gracious hospitality, impeccable service, and magnificent cuisine is renowned throughout the world and entices visitors to return year after year.",Greece,14.834829,,,
Semeli Hotels Mykonos,14474682.0,"Greece, Mykonos, Rochari, 84600",https://www.linkedin.com/company/semeli-hotel-mykonos,www.semelihotel.gr,"Welcome to the world of Semeli, where luxury meets coastal charm. Presenting Semeli Hotel and Semeli Coast Mykonos,Curio Collection By Hilton; embodying the essence of Mykonos's beauty and allure. Named after the revered Greek deity, Semeli, our establishments are a testament to beauty and harmony.  Nestled in the heart of Mykonos Town, Semeli Luxury Hotel captures the spirit of its namesake, offering a sanctuary of elegance and warmth. As the mythological home of Semeli, Mykonos serves as the backdrop for our vision. With meticulous attention to detail, Semeli Hotel and Semeli Coast Resort are crafted to provide an unforgettable experience, blending fantasy with reality. Our commitment to excellence extends to Semeli Spa, where guests can indulge in therapeutic treatments designed to rejuvenate the body and soul. Discover the magic of Semeli, where every moment is a celebration of luxury and relaxation.",Greece,14.474682,,,
Lamway Hotel Management Group,14474682.0,"Greece, Attica, Athens, 2 Ippokratous, 106 79",https://www.linkedin.com/company/lamway-group,www.lamway.gr,"Lamway Group is a Hotel Management Company that operates with a main scope the development, the modernization and the improvement of your investment.  We shape the total strategy of your hotel creating competitive advantages through the reengineering of functional resources so as to meet market’s needs and stakeholders expectations.  Our philosophy focuses on the provision of quality services to our guests and in the creation of the appropriate working environment through the re-examination and the improvement of particular procedures of the hotel.",Greece,14.474682,,,
Koullias Group,14474682.0,Greece,https://www.linkedin.com/company/koullias-group,www.koulliasgroup.com,"Group of Hotels and Enterprises located on Kos Island, Greece.",Greece,14.474682,,,
Elite City Resort,14474682.0,Greece,https://www.linkedin.com/company/elite-city-resort,www.elite.com.gr,"Elite City Resort is a newly reconstructed luxury hotel, conference and relaxation complex in the area of Kalamata. In a setting characterized by unique beauty and sea charm, our long avant-garde hospitality tradition and affection for quality, combined with today’s highest professional standards and aesthetics have continuously leaded our efforts, always placing first the outmost satisfaction of our business or leisure visitors. At Elite City Resort we know that today’s travelers are more informed and demanding than ever. To satisfy their needs, Elite City Resort has just gone through extensive renovations to exquisitely combine the unique setting with modern architecture and luxury and to offer the best and most exclusive experiences in the area of Messinia.",Greece,14.474682,,,
Titania Hotel Athens,14011043.0,"Greece, Attica, Athens, 52 Panepistimiou, 106 78",https://www.linkedin.com/company/titania-hotel-athens,www.titania.gr,"A timeless right in the heart of Athens.  Whether business or leisure brings you to Athens, we go beyond than providing a place to stay and deliver the Athens experience you are looking for. Set in the heart of the city, our hotel offers comfort accommodation, delicious on site cuisine at Olive Garden bar & restaurant, overlooking the Acropolis Hill, and easy access to some of the city’s top attractions, such as  the old town “plaka”, New Museum of  the Acropolis, theaters, fashion districts, and more. Your key to the city!",Greece,14.011043,,,
Trésor Hospitality,13907652.0,"Greece, Attica, Athens, 38 Laodikis, 16674",https://www.linkedin.com/company/tresorhospitality,www.tresorhospitality.gr,"Trésor Hospitality was founded in 2012 and is one of the leading independent hotel management and development companies in Greece. Committed to maximize the value of a unit, Tresor transforms the knowledge and experience of its hotel experts into innovative solutions that lead to sustainability and profitability. Offering services that can cover all aspects of operating a hotel, from the feasibility study and the pre-opening actions, to human resources, sales management, marketing activities and public relations, the company is responsible for a total of 470 employees and works with over 520 travel agencies around the world, for the 612 rooms it manages. Trésor Hospitality has been supporting the efforts of the Greek hoteliers, developing strong partnerships with luxury brands such as Ios Palace Hotel & Spa, Ios Grand Suites, Teight Hotel, The Port Square Hotel, Monastiri Beach Bar & Restaurant and Lango Hotel Design & Spa.",Greece,13.907652,,,
Athens Tiare Hotel,13907652.0,Greece,https://www.linkedin.com/company/athens-tiare-hotel,www.athenstiarehotel.com,"The Athens Tiare Hotel, a member of the Mage Hotels & Resorts, is located in Omonia Square in the heart of Athens. Just a “stone throw away” from the historical landmarks and museums while an array of gastronomical choices of local international cuisine are within walking distance. Explore and discover this vibrant city with the unique cultural events year-round or simply stroll in the picturesque alleys and luxury restaurants or traditional cafes in the old city of “Plaka”. The Athens Tiare Hotel offers a variety of room types and unique suites. Our newly redesigned guestrooms, suites and public spaces feature bold accent colors, custom furnishings, and state of the art technology. Through the selection of the guestrooms, visitors can enjoy the unique views combined with casual, luxury details of interior and living experience in one of the best hotels in Athens.",Greece,13.907652,,,
Daios Luxury Living,13907652.0,Greece,https://www.linkedin.com/company/daios-luxury-living,www.daioshotels.com,"Daios Luxury Living is an exclusive boutique hotel in the heart of Thessaloniki, Greece. Established in 2006, its distinctive architecture forms part of the port’s landmark structures. Directly on the waterfront on Nikis Avenue, luxury rooms and suites with captivating sea views as well as contemporary conference meeting spaces make Daios Luxury Living ideal for business and leisure travellers alike. The city’s most famous landmarks - the White Tower, Aristotelous Square and the Helexpo Exhibition Centre - are a short walk from our location.  Daios Bar Restaurant, situated on the sea level of Daios Luxury Living, offers an upscale gastronomy experience with exceptional wine lists from the Greek vine and beyond. A favourite dining spot for locals and visitors to the city, the all day bar and restaurant is known for its outstanding service, friendly atmosphere and unique location. Our hospitality ethos and culture embolden us to constantly seek talented team members to join our multi-layered business in a diverse and inspirational environment. Working at Daios Luxury Living provides unlimited opportunities for challenging and exciting experiences with a view for progression in the future.",Greece,13.907652,,,
Porto Angeli Beach Resort,13907652.0,Greece,https://www.linkedin.com/company/porto-angeli-beach-resort,www.portoangeli.com,"Porto Angeli is a lovingly designed 5* beachfront hotel located in one of the few authentic holiday resorts in Rhodes, the picturesque resort of Stegna. The hotel stretches over an area of 46000 square meters filled with beautiful gardens and stylishly decorated, spacious rooms with an unsurpassed view of the coast. Porto Angeli is the ideal choice for families and couples that seek a relaxing and fun holiday, offering an extensive array of leisure facilities & elegant accommodation, fine international cuisine & cosy bars as well as action packed sport activities and daily entertainment suitable for all age groups.",Greece,13.907652,,,
Peninsula Resort & Spa,13907652.0,"Greece, Crete, Irákleion",https://www.linkedin.com/company/the-peninsula-hotel,www.peninsula.gr,"The Peninsula Resort & Spa is located in the heart of Crete, on the outskirts of Agia Pelagia village - only 25km from Heraklion, the capital of the island. The resort is built amphitheatrically on a peninsula of distinct natural beauty. Overlooking the bays of Mononaftis and Psaromoura, it offers unique panoramic sea views as well as direct access to three different beaches, unlike any other accommodation in the area. At the Peninsula, guests get to enjoy both the secluded environment and proximity to most well-known sites and attractions of the island. With 40 years of experience in the hospitality industry, we hope to offer our guests a joyful escape and memorable stay.",Greece,13.907652,,,
Ammon Zeus Luxury Beach Hotel,13845348.0,"Greece, Attica, Kallithéa",https://www.linkedin.com/company/ammon-zeus,ammon-zeus.gr,"Ammon Zeus, is a summer resort located in Halkidiki, Greece a popular destinations for tourists because of its quick access to the city of Thessaloniki and stunning scenery. Being the first commercial hotel in Halkdiki (1960s) built and integrated with a Orthodox Monastery (from the 1800s), Ammon Zeus has built itself a reputation for impecable service, relaxation and it's amazing locating, which is directly on the beach of Kallithea.  Ammon Zeus, after it's rehaul aims to be the most comfortable luxury boutique for tourists who seek comfort and luxury without the hussles of a massive resort. Along with it's contractors and third-party servicee providers, the Ammon Zeus team works to satisfy the customer and provide them with an unforgetable summer experience.",Greece,13.845348,,,
Mykonos Riviera Hotel & Spa,13845348.0,"Greece, Mykonos, 84600",https://www.linkedin.com/company/mykonos-riviera-hotel-spa,www.mykonosriviera.gr,"The brand new 5 star Mykonos Riviera in Tourlos port and marina, bedazzles with its ultra chic nautical-themed style, scintillating sunset views, luxurious accommodation options, and unparalleled services and amenities, including an exquisite Spa, 2 restaurants, and an impressive infinity pool with fiber optic lighting.",Greece,13.845348,,,
Cleopatra Marina,13845348.0,Greece,https://www.linkedin.com/company/cleopatra-marina,www.cleopatramarina.com,"Cleopatra Marina started its operations in 1995 and has steadily expanded to Greece's largest dry docking unit, with a mooring capacity of 100 berths and a dry docking area of 11 hectares, offering dry docking services to more than 1.000 vessels. Modern areas, well-trained staff and well-organised services are aimed at making even the briefest of stays comfortable and relaxing for our customers, being their Safe Harbor in Greece.  If you want to become part of our team, please visit our website: http://www.cleopatra-marina.gr/career/",Greece,13.845348,,,
Archipelagos Hospitality World,13801150.0,Greece,https://www.linkedin.com/company/6386234,www.archipelagos.gr,"We are a Mykonos-based Hospitality Group, brought to life by people with a different understanding of what luxury is.  We are inspired by the eclectic demands of a global audience that has been everywhere and has seen everything - and has decisively moved past the obvious.  From moment one of our inception, it was crystal-clear to us that there is a limit to what the mainstream understanding of luxury can offer.  Our core philosophy is that true luxury should whisper, rather than shout. We stand for accessing a deeper meaning through choices and pastimes. We celebrate big-small pleasures that are usually hidden in plain sight. We encourage the appreciation of every single moment, as we believe that time should be measured in emotions.  In this challenging but beautiful endeavor, our unmistakable Greek and Mykonian origin has defined us. Guided by a contemporary take on a hospitality tradition that spans millennia, we place the guest at the very center of everything that we think or do.  At the same time, the inimitable flair of our island and its unique view of what matters in life, colors all the experiences that we offer – aesthetic, culinary, nature-centered or lifestyle-driven.  This understanding of things shapes our propositions, past present and future.  We started from Archipelagos Hotel Mykonos, today a globally established resort and a proud member of the Small Luxury Hotels of the World.  As we expanded, we moved into the exclusive Archipelagos All Suites Mykonos, creating the perfect hideout in the way. Energized by the whole-hearted embrace of what we have to say, we have developed bold, exciting plans for the future.  Anything that our brand signs, has our unconventional luxury philosophy as a guiding light and our Greek-Mykonian roots as a source of precious inspiration. Archipelagos Hospitality Group Life, reimagined",Greece,13.80115,,,
The Ixian Grand & All Suites,13781769.0,Greece,https://www.linkedin.com/company/the-ixian-hotels,www.theixiangrand.gr,"Along a stunning private beachfront on the west coast of Rhodes island lies The Ixian Grand & All Suites Hotel, an all-inclusive haven for adults 18+ that enthuses the soul, seduces the senses and nurtures feelings of connection and belonging with your partner & like-minded guests. Come for the view and stay a while as you soak up the bliss that comes from the beauty that surrounds you. Let loose and feel carefree through moments stimulated by spontaneous excitement. Just 6km from Rhodes Town and 7km from the International Airport “Diagoras”, The Ixian Grand & Ixian All Suites is the ideal base for you to explore the endless beauties of Rhodes Island. Enjoy the cool breeze of the West Coast, the most beautiful sunsets by the beach and feel the ultimate comfort at the luxurious surroundings.",Greece,13.781769,,,
Capsis Hotels Thessaloniki - Heraklion,13216014.0,"Greece, Attica, Athens, 1 Papadiamanti, 14562",https://www.linkedin.com/company/capsis-hotels-thessaloniki---heraklion,www.capsishotels.gr,"Comfort, professionalism and superb level of services represent the core qualities offered in all three Capsis Hotels in Thessaloniki and Heraklion Crete.   Latest technology designs and recent renovation have made Capsis one of the best-known and foremost central hotels, being an ideal option for business meetings, conference receptions and tours around the city of great religious and cultural significance.",Greece,13.216014,,,
Axia Hospitality,13216014.0,"Greece, Attica, Athens, 29 Agiou Markou Street, 10560",https://www.linkedin.com/company/axia-hospitality,www.axiahospitality.com,"Operating since 2012, Axia Hospitality is a pioneer hospitality management & premier leasing company, made up of a powerhouse of talented, experienced industry professionals that are driven by a common goal of excellence and work towards it in absolute synergy. We specialize in delivering high-end solutions to luxury properties and thrive on the most demanding and challenging of projects.",Greece,13.216014,,,
Kamari Tours Group,13216014.0,Greece,https://www.linkedin.com/company/kamari-tours-group,www.kamaritours.gr,"Kamari Tours was established in 1976, and today is one of the best-known travel agency in Cyclades. For 40 years we have been shaping the Hospitality Industry in Cyclades and Santorini, bringing innovation at your travel leisure. Experience Santorini through our wide-ranging vacation packages, unique services and alternative excursions. What we offer Selected accommodation in Cyclades with 5*,4*,3* and boutique hotels, advanced transportation services, car and bus rental, memorable excursions which include boat, bus and island tours, wedding arrangements, event planning and group handling. Enjoy the exceeding services of the biggest tourist agency in Santorini through our tour operators all over the world. Our Approach We are pledged to meeting our customers’ needs and expectations through our continuously improved services and facilities. Our aim is to provide distinctive and customer- focused services, with attention to detail. We are committed to providing with excellence and create an unforgettable experience for our guests. Our People We are committed to developing and supporting our people in working as a worldwide, high performing team. We inspire and energize them to engage to our common purpose and vision.",Greece,13.216014,,,
Eden Roc Resort,12923981.0,Greece,https://www.linkedin.com/company/eden-roc-resort-hotel,www.edenroc.gr,"As one of the best resort hotels in Rhodes, Eden Roc is known for its legacy. With our quietly luxurious rooms, suites and beautiful bungalows, our cherished location on the beach and our innate dedication to our guests, we invite you to immerse yourself in the experience. At Eden Roc Resort Hotel & Bungalows we blend serenity and understated elegance with exceptional service, to create an oasis of tranquility. The cutting edge of luxury on the banks of a beautiful bay between Rhodes Town and Kalithea. Ideally situated, the Eden Roc seems at first like an island on its own and offers an exceptional tropical paradise locale with unrivalled beachfront sophistication and authentic Greek hospitality. The visual delight of the Aegean Sea and the uninterrupted stretch of pristine golden sandy beach complement the collage of lush gardens and sparkling waters.",Greece,12.923981,,,
BlueVillas,12586680.0,"Greece, Attica, 18a Pindou Moschato-tavros, 183 44",https://www.linkedin.com/company/bluevillas,www.bluevillascollection.com,"Your Villa. Your Vacation. Your Memories. BlueVillas was founded by Christos Gkekas in the spring of 2011. We started with 15 villas and now, after 8 years, we count over 400 handpicked unique villas in the Greek islands of Mykonos, Santorini, Paros, Antiparos and Crete as well as other destinations. Our Greek luxury hospitality company offers guests a vacation in the privacy of a villa without having to give up the luxury services of a 5-star hotel. BlueVillas only selects villas that meet our carefully chosen 150+ criteria, and we visit all our villas in person, so we know they are special and meet your high expectations of comfort, space, style and luxury.   Every BlueVillas property has a different story to tell, from design and location, to environment and atmosphere. On top of this we make sure your villa is prepared for your arrival to the highest safety and luxury standards; enhanced features, luxury toiletries, top-quality beds and pillows for the perfect night’s sleep. Our villa consultants prepare for you a personalized selection of villas based on your individual preferences and desires. We also offer a range of authentic experiences and have expert ‘insider’ concierges on site to take care of you.  We also know that you like your independence and freedom, so if you need us we are here 24/7 and when you do not, we respect your privacy.  BlueVillas was awarded “Best Serviced Villas in Europe” 4 years in a row (2016, 2017, 2018 & 2019) and was invited to join the Traveller Made® network, where the very best travel designers of the world unite! We are also proud to present our CSR Program, Holidays for Humanity, supporting the homeless in Athens in cooperation with the non-profit organization EMFASIS.  In short, we offer hand-chosen villas, 24/7 bespoke services, qualified villa consultants, concierge teams with extensive local knowledge, and exclusive experiences.  BlueVillas is with you every step of the way to the perfect Greek island vacation.",Greece,12.58668,,,
Athens Zafolia Hotel,12053298.0,"Greece, Attica, Athens, 87-89 Alexandras Av.",https://www.linkedin.com/company/athens-zafolia-hotel,www.athenszafoliahotel.gr,"A superior 4-stars hotel in Athens with a magnificent view of Lycabettus Hill and emphasis on first-rate hospitality. The Athens Zafolia Hotel, is a modern hotel in downtown Athens, with a contemporary building designed with bold lines of glass and granite outside and the discreet luxury of marble, wood and leather inside. The Athens Zafolia Hotel provides guests with high-standard services and accommodation, offering unique opportunities for relaxation and tranquility, with a Bar, Restaurant and one of the most beautiful Roof Garden Restaurants in Athens with a spectacular view. The Athens Zafolia Hotel is also a Conference Hotel  in Athens and is the perfect choice for business or social gatherings, meetings, speeches and lectures, exhibitions, presentations, as well as receptions, events and happenings.",Greece,12.053298,,,
Epirus Palace Hotel,12053298.0,Greece,https://www.linkedin.com/company/epirus-palace-hotel,www.epiruspalace.gr,"It is with great pleasure, that we welcome you to the Hotel Epirus Palace. Since 1998, our hotel is renown, as one of the most stylish and elegant five star Hotels in Greece. Epirus Palace is a charming Hotel, located in the historic town of Ioannina. Our hotel is a perfect place for both leisure and business trips. It is situated in the heart of the Greek “Alps”, at the crossroad, where our Ancient Greek Civilization meets unspoiled Nature. The team of Epirus Palace invite you to explore the beauty of our magnificent natural surroundings . Furthermore, we are glad to let you know that Epirus Palace has gained many service excellence awards. The hotel has been rewarded for the excellence of its service and its exquisite atmosphere.",Greece,12.053298,,,
Lesante Collection Zakynthos Greece,12053298.0,"Greece, Zakynthos, Tsilivi Tsilivi, 29100",https://www.linkedin.com/company/10930387,www.lesantecollection.gr,"Lesante Collection is a high-end hospitality group representing luxurious five-star hotels on the island of Zakynthos. Family-owned and proudly Zakynthian, the Lesante Collection operates three resorts on the island: a trilogy of refined hospitality and comfort. Inspired by the land, driven by a desire to connect the world to its culture, the Lesante Collection invites guests to immerse themselves in the breathtaking nature, traditions and practices of the finest island in the Ionian Sea. Each member of the Lesante Collection is crafted with a distinct character, soul and story. From the family-friendly Lesante Classic and the adults-only Lesante Blu, to the sophisticated charms of Lesante Cape, guests will enter a new chapter of relaxing, intimate and refined hospitality.",Greece,12.053298,,,
Epic Hotel Group,12053298.0,"Greece, South Aegean, Kos, Lambi, 85300",https://www.linkedin.com/company/epic-hotel-group,epichotelgroup.com,"Epic Hotel Group provides total hospitality, management and development solutions. We offer concept inspiration and the skills that every developer and owner requires to realise their vision. Our team is equipped with regional and international hands-on hospitality experience. By working alongside the industry’s leading consultants, we aim to offer our clients (private investors, governments, private and public sector organisations) only the very best outcome for their project and long term business goals. Over the past two decades, Epic Hotel Group has accumulated priceless business experience within a diverse spectrum of international hotels, collaborating with some of the world’s finest architects, engineers, contractors, international hotel operators and hospitality consultants. This has enabled us to create some of the world’s truly iconic properties. Our clients have come to trust our expertise, commitment and discretion, year after year.",Greece,12.053298,,,
Linkedin.com/company/[SeaCreteHotels],12053298.0,"Greece, Crete, Chaniá",https://www.linkedin.com/company/linkedin.comcompanyseacretehotels,www.seacretehotels.com,"SeaCreteHotels is a fast growing business entity, currently operating with two hotels, Kalyves Beach Hotel and Kiani Beach Resort, targeting All inclusive, Beach, Family, 4+ stars’ vacations. SeaCrete Hotels have created two superb family resorts by the sea over the last 30 years,  for holidaymakers who deserve more than the ordinary. Situated right on the coastline of Kalyves, Kiani Beach Resort and Kalyves Beach Hotel take holidays in Chania to a whole new level of enjoyment. Both beachfront resorts have successfully managed to combine the high quality of service with the unrivaled warmth of the renowned Cretan hospitality ensuring a holiday beyond expectations.  The SeaCrete hotels provide guests with a great range of spacious accommodation options overlooking the azure Cretan sea and mountains along with an amazing variety of luxurious facilities and services. While the attentive staff is always ready to cater our guest's needs and turn their dreams into a reality that they deserve. SeaCrete Hotels operates with 100 employees while the whole team embrace International High Standards, focusing in operating with excellence, at each and every aspect of the business.  Working in SeaCreteHotels team means passion, ambition, entrepreneurship, simplicity and dream to drive with excellence the tremendous opportunities that arise from increased demand in hospitality industry in Chania. It also means working in a growing and challenging marketplace where people are excited to operate in situations of ambiguity and make the right decisions.   If you feel equally excited by the opportunities and excellent rewards offered by SeaCreteHotels, you will unleash your full potential.  Integrity, transparency, freedom through responsibility, and extra reward for hard work are some of the key values of SeaCreteHotels. If you wish to join our team pls send to us your CV and your talent and motivation will find support and encouragement in every step of the way.",Greece,12.053298,,,
Mareblue Hotels & Resorts,12053298.0,Greece,https://www.linkedin.com/company/mareblue-hotels-&-resorts,www.marebluehotels.gr,"Mareblue Hotels & Resorts is a Greek Hotel Management company managing an expanding portfolio of resorts in Corfu, Crete, Rhodes and Kefalonia.",Greece,12.053298,,,
Kouros Hotel & Suites,11957346.0,"Greece, Mykonos, Tagoo, 84600",https://www.linkedin.com/company/2709147,www.kouroshotelmykonos.gr,"The uniqueness of the beautiful boutique hotel in Mykonos Island comes from the harmonious combination of luxury and simplicity of a place that blends with the outstanding sea view and the privileged location. The boutique hotel's natural elements are the canvas on which distinctive objects and materials lay with grace and refinement.  Discover a charming boutique hotel in Mykonos, Greece, bound to capture your heart as soon as you enter the elegantly designed luxury hotel facilities, located a breath away from Mykonos town.  39 Rooms of which 32 exclusive suites. Narcissus Restaurant with European fusion cuisine, chef Dimitris Aidinis Zoe Health spa, swimming pool, gym",Greece,11.957346,,,
Cosmhotel Group,11575786.0,"Greece, Crete, Limenas Chersonisou, 1 Evropis, 700 14",https://www.linkedin.com/company/cosmhotel-group,www.cosmhotel.com,"Cosmhotel is a Group of companies specialized in the touristic industry.  With many years of experience, steadily building their reputation in Crete and Mykonos islands, making them one of the most prosperous organizations in Greece.  The Hotels: Porto Greco Village in Hersonissos - Crete Villaggio in Hersonissos - Crete Pela Maria Hotel in Hersonissos - Crete Elmi Suites in Hersonissos - Crete Apollon Hotel In Agios Nikolaos - Crete Paola's Town Boutique Hotel in Drafaki - Mykonos Akkadian Hotel in Vrysi - Mykonos The Bars & Restaurants: DownTown Bar in Hersonissos - Crete Porto Greco Beach Bar Restaurant in Hersonissos - Crete King Scorpio Beach Bar Restaurant in Hersonissos - Crete Anu Restaurant - Vrysi - Mykonos",Greece,11.575786,,,
Holiday Inn Athens,11328012.0,"Greece, Attica, Peania",https://www.linkedin.com/company/holiday-inn-athens,www.hiathens.com,"The Holiday Inn Athens Attica Av.  Airport West is a dream come true for travelers who want to be close to the airport without all the commotion, yet within very easy access to the city. It is also a well-established first class hotel for events and conferences, in addition to being close to a number of major exhibition centers, Olympic sports centers and multinational companies. Popular with travelers who stay overnight or for short conference visits, the Holiday Inn is proud of its lively pub in the evening and cozy gourmet restaurant. The Holiday Inn Athens was designed to be a business and conference hotel from its inception. Most of its large banquet rooms are graced with plenty of natural sunshine that the greater region of Athens, Attica, is known for hence the names of the hotel's sunny ballrooms: Attica A, B, C and Attica Hall. The first-class conference and banqueting experience is enhanced with powerful indoor lighting, high-tech audiovisual installations and ergonomic chairs that boast a high degree of comfort. A superb banqueting team ensures excellent service, meals, coffee breaks and technical backup to guarantee flawless success at every event.",Greece,11.328012,,,
Philian Hotels&Resorts,11126121.0,Greece,https://www.linkedin.com/company/philian-hotels,philianhotels.gr,"Hotel Management The Department of the Group Philian Hotels Management assumes responsibility for improving the services of the hotel complex you through training your staff, budgeting and advising on any part of your business to the profitability and continued growth of your unit. Marketing services The Marketing sector of Group Philian Hotels Management assumes responsibility to develop the business plan of your business, thus ensuring long term sustainability and profitability of your unit.",Greece,11.126121,,,
The Port Square Hotel,11126121.0,"Greece, Attica, Piraeus, 6 Loudovikou Street, 185 31",https://www.linkedin.com/company/the-port-square-hotels,www.theportsquarehotel.gr,,Greece,11.126121,,,
Minos Imperial Luxury Beach Resort & SPA,11126121.0,"Greece, Crete, 72400 Milatos Lasithi Crete",https://www.linkedin.com/company/minos-imperial-luxury-beach-resort-&-spa,www.minosimperial.com,"For the second consecutive year Minos Imperial has been awarded as Greece’s Leading Resort, Greece's Leading All Inclusive Resort and Europe's Leading Resort by the World Travel Awards. Moreover, the two different parts of the resort received their own Awards in 2009, since our Select Class Suites Collection was named Mediterranean’s Leading all Suite Resort and the Premium Class Mediterranean’s Leading Family Resort.",Greece,11.126121,,,
Mediterranean Hotels,11126121.0,Greece,https://www.linkedin.com/company/mediterranean-hotels,www.mediterraneanhotels.gr,"Under the shadow of the mythical Olympos, on the waves of the Thermaikos Bay’s beach from the Pieria side you will come accross to the hotel complexMEDITERRANEAN. (+30)2351064600 με email στο village@mediterraneanhotels.gr (+30)2351064650 με email στο princess@mediterraneanhotels.gr (+30)2351061134 με email στο resort@mediterraneanhotels.gr (+30)2352081831με email στο olympus@mediterraneanhotels.gr",Greece,11.126121,,,
Voulgaris Hospitality Group,11126121.0,Greece,https://www.linkedin.com/company/voulgaris-hospitality-group,www.vhg.gr,"Bringing family values to hospitality since the 70’s, when its first hotel was established, Voulgaris Family maintains a proven record of exceptional service tradition combined with a modernity flair from the new generation. Our properties are customer care orientated and we believe in offering the best personalized service by our dedicated professional teams, to achieve the optimal form of hospitality. With the opening of our exclusive 3rd hotel “The Olivar Suites”, we are looking forward to welcoming you, to live the experience of our hospitality philosophy in one of our hotels ( 3 Hotels, 720 Rooms, ∼2.000 Beds). Being deep-rooted Corfiot’s, further played a key role in considering the importance of island sustainability and support to small businesses, producers and local communities.",Greece,11.126121,,,
Domes Miramare A Luxury Collection Resort Corfu,10846074.0,"Greece, Ionian Islands, Corfu, Moraitika, 49100",https://www.linkedin.com/company/domes-miramare,www.domesmiramare.com,"The legend is back! This hotel is a member of the Domes Resorts family, the luxury hotel group that owns and manages the famous Domes of Elounda, Autograph Collection and Domes Noruz Chania, Autograph Collection in Crete.     Adults Only, sophisticated and truly luxurious, the hotel was built as a trophy asset by the Onassis family in the late 60’s and hosted royalty and jetsetters from all over the world.   Inspired by Corfu's rich heritage, the brand new Domes Miramare takes elements from the past to create something uniquely contemporary. Offering an elegant, adults-only setting, it's perfectly suited for globetrotters looking for authentic, meaningful experiences.  Located in the island's most prominent waterfront location, its majestic views and serenity are combined with modern Greek cuisine helmed by multi-awarded FNL-starred chef Petros Dimas and various tailored-made experiences that further highlight this extraordinary destination hotel.",Greece,10.846074,,,
Maroulis Travel,10698678.0,Greece,https://www.linkedin.com/company/maroulis-travel,www.maroulistravel.com,"Since its establishment in 1977, Maroulis Travel is the top choice in the Greek touristic passenger transportation industry. It has been established as the strongest and most recognizable brand in Greece for business and leisure passenger transportation, being synonymous with high quality service and safety. Serving more than 950.000 passengers on an annual basis and successfully attending highly demanding business partnerships with leading names in the Greek and international tourism industry, the company’s mission is to create and provide high quality, and above all, safe travelling experiences. Following and implementing the latest developments of the international touristic passenger transportation industry for 44 years, Maroulis Travel ensures exceptionally reliable services to its clients. Applying an innovative integrated safety and high quality services policy, the company successfully meets even the most complex of demands as it manages every passenger transportation request with consistency, punctuality, credibility, efficiency and above all with the utmost respect to customers. Maroulis Travel has been certified by the ICAP Group as one of the strongest companies in Greece (ICAP Strongest Companies in Greece Certificate). It is a member of IATA, the Greek Tourism Confederation (SETE), the Hellenic Association of Travel and Tourist Agencies (HATTA) and the General Pan-Hellenic Federation of Tourism Enterprises (GEOPET).",Greece,10.698678,,,
Dexamenes°° Seaside Hotel,10698678.0,Greece,https://www.linkedin.com/company/dexamenes,www.dexamenes.com,"Dexamenes Seaside Hotel is an architectural slice of Greek trading history on the mainland’s western Peloponnese coast. Inside an abandoned wine factory set directly on the sea, the property offers guests the singular hospitality experience of sleeping inside old wine tanks from the 1920s, which have now been minimally reanimated with steel, engineered glass, timber, and a clean-lined aesthetic. A member of Design Hotels.",Greece,10.698678,,,
CHIOS,10698678.0,"Greece, North Aegean, Chios, 182100",https://www.linkedin.com/company/chios,www.chios.gr,"Η Χίος είναι νησί του Ανατολικού Αιγαίου. Απέχει ελάχιστα από τις ακτές της Μικράς Ασίας. Μόλις 3,5 ναυτικά μίλια τη χωρίζουν από το ακρωτήριο Πούντα ως τη χερσόνησο της Ερυθραίας στο ύψος του Τσεσμέ. Είναι το πέμπτο μεγαλύτερο σε μέγεθος νησί στην Ελλάδα (904 τετρ.χιλιόμετρα) με μήκος ακτών 213 χιλιόμετρα και πληθυσμό που ζει τόσο στην πόλη και λιμάνι της Χίου όσο και στα 64 χωριά του νησιού. Ακόμη, η Χίος έχει μεγάλη απόδημη κοινότητα σε Λονδίνο και Νέα Υόρκη. Τα κύρια προϊόντα που εξάγει είναι η μαστίχα, το λάδι, τα σύκα και το κρασί, ενώ έχει διεθνή φήμη για το μέγεθος και την ποιότητα της ναυτιλίας της. Διοικητικά, μαζί με τα νησιά Οινούσσες και Ψαρά, αποτελεί τον νομό Χίου με πληθυσμό που φθάνει τους 53.817 κατοίκους (απογραφή 2005). Πρωτεύουσα του νομού είναι η πόλη της Χίου, που λέγεται και Χώρα.",Greece,10.698678,,,
LaLiBay Resort & Spa,10350862.0,Greece,https://www.linkedin.com/company/lalibay-resort-spa-aigina,www.lalibay.gr,"LaLiBay Resort & Spa is a brand new 5-star hotel in Aegina island, located in the beautiful area of Aeginitissa. It is only 7km away from the Aegina city center, and 3km from the picturesque village of Perdika with its popular traditional scenery. It is the ideal space for all guests who want to enjoy a luxury experience next to the sea, having the opportunity to relax at a densely planted area of 18 acres with a sandy beach. The Saronic Gulf and the tranquility of the landscape create a uniquely serene environment. This is the perfect spot to gaze at the idyllic Aegina sunset, which will definitely charm you.",Greece,10.350862,,,
High Beach Hotels Collection,10198944.0,Greece,https://www.linkedin.com/company/high-beach-hotel,highbeach.gr,"High Beach Hotels Collection is a beachfront multi-property complex that combines pure Cretan hospitality with up to date services & facilities. You can choose among 2 distinct accommodation experiences that are able to provide you with the a sense of recreation and fulfilment. High Beach Resort is a 5* All Inclusive hotel, situated directly on the public sandy beach “Klotzani” of Malia, awarded with the Blue Flag. Thanks to a wide variety of rooms and suites as well as high level of services and a homely feeling, make it the ideal spot for those seeking a dream vacation. “High Beach White, the villa collection” is a beachfront Adults only 5* elegant hotel, consisting of  luxury Suites and Deluxe rooms with a relaxing swimming pool and an a la carte beachfront restaurant, serving Cretan modern cuisine, overlooking the sea. It represents the ideal getaway for those seeking a vacation of luxury and tranquility at the same time. Join in us and embark in a journey of emotions and intense experiences that will be turned into a lifetime memory!",Greece,10.198944,,,
Thassos Grand Resort,10198944.0,Greece,https://www.linkedin.com/company/thassos-grand-resort,www.thassosgrandresort.com,"Thassos Grand Resort is a brand new 5-star hotel on Thassos island in Greece. The hotel provides luxurious accomodation in 161 magnificently styled rooms, 8 suites and 2 villas.   At Thassos Grand Resort we are very positive, always smiling and enthusiastic about everything we do in order to reach our goals together as a team. The summer season (between April and October) is the period when we work hard at Thassos Grand Resort in order to provide excellent 5-star service to all our guests. Everyone looking for a job and willing to pursue a career in the field of tourism and hospitality is more than welcome to become part of our big family so we can all together make happy all guests of the resort helping them have their memorable and one of a kind holiday.",Greece,10.198944,,,
91 Athens Riviera | Private Members Club,10198944.0,"Greece, Attica, Voúla, 4 Leoforos Alkyonidon, 166 73",https://www.linkedin.com/company/91-athens-riviera,91athensriviera.gr,"91 Athens Riviera is a private members' club located at the heart of the Athenian Riviera by the shores of the Aegean Sea. A year-round haven which gives access to tennis courts, bars and restaurants, pool, gym, and spa, creating an unforgettable experience for all. Our member’s club includes a selection of 28 luxurious tents, offers the epitome of glamping experience. Our aim is to create an exclusive preserve for those who know that the finer things in life include the beauty of nature and thrive to enhance their lifestyle in a healthy, social, and active way.  At 91 Athens Riviera, every day can be your ideal day.",Greece,10.198944,,,
Bali Paradise Hotel,10198944.0,"Greece, Crete, Bali Rethymnon",https://www.linkedin.com/company/bali-paradise-beach,www.baliparadise.gr,"The Bali Paradise is one of the most famous French Clubs in the Mediterranean. It is located on the southern side of Crete in one of the most beautiful, flowery areas. Its position near the harbor of Bali, just 47 km from Heraklion, ( airport and harbor), as well as 30 km from the historical town of Rethymnon (old Venetian harbor) makes it the ideal place to visit the many attractions on the island of Crete. Both cities are accessible by local buses and taxis. Bali Paradise is built in a location that allows you to enjoy its magnificent botanical gardens, the spectacular view of the clear Mediterranean Sea, enjoy a swim in our pools or beach, relax and taste all local and international specialties in our restaurant. The unique atmosphere, the hospitality spirit, the French animation team, the culinary experience and the willingness of our collaborators will be an unforgettable holiday experience.",Greece,10.198944,,,
The Syntopia Hotel,10198944.0,Greece,https://www.linkedin.com/company/the-syntopia,www.thesyntopiahotel.gr,"Live the gypset life this summer at the Syntopia Hotel. Set minutes east of the town of Rethymnon with a golden beach just steps away. Free spirits will feel right at home in our swanky collection of guestrooms, offering luxurious comforts while retaining the warmth of Cretan hospitality. Outdoors, wood, metal, and wicker combine with Aegean architecture to set a one-of-a-kind scene. Hip, refined, and eccentrically charming, Syntopia is here to satisfy all your holiday needs. Whether you're traveling alone, as a couple, or with family and friends, it’s the chic hippie heaven you’ve been waiting for. Go on, feel free to explore our world",Greece,10.198944,,,
Liostasi Hotel,10198944.0,Greece,https://www.linkedin.com/company/liostasi-hotel-ios-greece,www.liostasi.gr,"Our 28 artfully curated rooms and suites, an indulging Lifestyle Spa, the well-known Grandma’s Restaurant gastronomy experience, breathtaking view terrace Bars and last but not least, our exquisite signature services of authentic, heartwarming hospitality are just the starting point for an unforgettable journey in the heart of Cyclades.  Liostasi Hotel is the place where beauty and grace are in dialogue with our guest’s dreams, creating picture-perfect holidays and fulfilling their ideal luxurious escape. Contact us at:   +30 22860 92140  ✉ hotel@liostasi.gr",Greece,10.198944,,,
Caravia Beach Hotel & Bungalows,10069344.0,Greece,https://www.linkedin.com/company/caravia-beach-hotel-bungalows,www.caraviabeach.gr,"Caravia Beach Hotel & Bungalows counts four decades dedicated to providing guests with a unique & authentic travel experience.  The exquisite natural surroundings that embrace the hotel combined with genuine & warm hospitality, has become a home away from home over the years for our guests, who deserve and know how to appreciate top quality beach vacations. Over the years, our trusted team of hospitality experts has grown and flourished, forming a deep connection with guests who entrust us with their vacations.  Meditours S.A., the owning company of Caravia Beach Hotel, was established by Socrate Fanourakis in 1975. Among its activities it counts the ownership of the Caravia Beach Hotel, as well as construction and real-estate companies. A driving force in the local economy of the island of Kos, it has managed to maintain as well as expand its activities. Inspired by the founder’s vision for sustainability and environmentally sound practices, Meditours S.A. constantly strives to upgrade and improve the hotel’s services and facilities.",Greece,10.069344,,,
Aressana Spa Hotel & Suites,10069344.0,"Greece, Fira, 20 Mitropoleos, 84700",https://www.linkedin.com/company/aressana-spa-hotel-suites,www.aressana.gr,"Established in 1992 and to this day the Aressana Spa Hotel & Suites provides the highest quality of services and above all; a heartfelt welcome to all guests visiting us! We are proud for our family owned and operated property and for offering for more than 25 years an authentic hospitable experience to all visitors! Our doors are open to everyone coming to Santorini thus to enjoy our authentic Greek food at the Ifestioni restaurant and the indulging treatments of our Tefsion Kallos Spa.  We look forward to welcoming you at the Aressana Hotel, located on the dream island of Santorini!",Greece,10.069344,,,
Kinsterna Hotel,10069344.0,"Greece, Attica, Athens, 13 Alexandras Av. & 1 Katsantoni St., 11473",https://www.linkedin.com/company/kinsternahotel,www.kinsternahotel.gr,"The Kinsterna Hotel is a Byzantine mansion which has been faithfully and meticulously restored with great respect for its long history. Winner of numerous international distinctions and awards, Kinsterna today is a true paradise for nature lovers. Words alone cannot describe the peace and quiet, the clean air and the majestic atmosphere of the mansion and its estate – all with a view of the legendary castle-rock of Monemvasia. The Kinsterna Hotel is located in the settlement of Agios Stephanos, 7 kilometres south-west of Monemvasia in the southern Peloponnese and is built on the edge of the “Ibrahim Bey estate”. Kinsterna’s owners have revived the traditional agricultural practices and occupations of the estate, such as: harvesting grapes, making olive oil, distilling tsipouro (traditional Greek spirits), baking bread and producing soap – creating a working model of sustainability that lies at the heart of their goal to make the estate as autonomous and self-sufficient as possible - as it was centuries ago. Enjoy the delicious local specialties prepared by our chef and his team; relax by the sparkling pools filled with fresh water from mountain springs; browse rare volumes in the estate library; sample the wines from our own cellar; revitalize your senses at the atmospheric Kinsterna Spa, or hike through the verdant hills surrounding the estate, and enjoy majestic views and the beauties of nature. Kinsterna also organizes historical, cultural and athletic events and activities, which are intimately connected to the estate and specially designed for visitors who wish to learn more about the mansion’s region and history.",Greece,10.069344,,,
Phaedrus Living,10069344.0,"Greece, Attica, Athens, 7 Stadiou",https://www.linkedin.com/company/phaedrus-living,phaedrusliving.com,"About Phaedrus Living Our aim is to provide the most sophisticated tech-based residential rental platform for comfortable and luxurious living space empowering families, corporates and individuals on their decision around their short and medium term accommodation needs.   Who we are Phaedrus Living offers a variety of luxurious properties for long, medium and/or short-term stays. We carefully identify our properties, renovate and furnish them at the highest standards to fulfil our customers’ demanding needs. Place your trust & confidence in our hands. With a dedicated, responsive and friendly team, we provide a variety of services to ensure our guests have the best possible experience on every stay.",Greece,10.069344,,,
Crowne Plaza Athens,10069344.0,"Greece, Attica, Athens",https://www.linkedin.com/company/crowne-plaza-athens,www.cpathens.com,"The Crowne Plaza has already earned an outstanding reputation in organizing events and congresses, despite being a very young, new property in Athens. There are 14 high-tech spaces for events and meetings on different levels of the hotel offering a robust bouquet of choices, setups and facilities. Sunny rooms are perfect for daytime business events while the large ballroom with separate outside access is ideal for celebrations. Different color schemes and the latest high-tech audiovisual equipment support the creation of sensational events. Best of all, professional catering and service are provided for pre-function and post-function cocktails, as well as rich coffee breaks where and when needed. All necessary amenities such as flip chart, screen, DVD player and sound system are available. The award-winning hotel lies strategically in the central Athens suburb of Ilissia, named after its hidden historic river, only a 20-minute leisurely walk from the happening heart of the capital, Syntagma Square. Yet to call the Crowne Plaza simply a city hotel falls short of its true description. The property is a hub for discovering the vibrancy of Athens in a new light. It is as much a high-tech business hotel as it is a destination for leisure, shopping and nightlife. This is one of the newest hotels in the city, boasting sophisticated facilities and surprising gourmet flair that conspire to guarantee spectacular Greek hospitality with first-class western standards.",Greece,10.069344,,,
Harpin Hotels,10069344.0,"Greece, Crete, Georgioupolis, 730 07",https://www.linkedin.com/company/harpin-hotels,harpinhotels.gr,"Harpin Hotels is an independent Hotels chain in Crete, Greece, dedicated to bring you an authentic sense of hospitality. Our renovated and newly built Hotels are aimed at offering high quality services for all, from families to Beach loving singles! Our Story spans for 40 years, since the establishment of Happy Days Beach hotel up to our luxuriously new Georgioupolis Suites,built in 20221.  Whether you seek active or relaxing holidays Harpin Hotels is your destination in Crete. For Families, Georgioupolis Resort & Aqua Park offers a Waterpark, Animation and a wide range of activities. Georgioupolis Suites, our latest Boho Style, All Suite Hotel is great for couples and Solo travelers, while offering the option of Family holidays accessing a number of Georgioupolis Resort facilities. Happy Days Beach hotel is our 4* beach hotel classic. A Trademark hotel offering a warm hospitality experience, while relaxing at its wonderful beach. For career opportunities visit: https://harpinhotels.gr/jobs/",Greece,10.069344,,,
St. George Lycabettus Lifestyle Hotel,9700085.0,"Greece, Attica, Athens, 2 Kleomenous, 106 75",https://www.linkedin.com/company/st.-george-lycabettus-hotel,www.sgl.gr,"The St George Lycabettus is a unique lifestyle hotel at the foot of the Lycabettus Hill. It is one of the most beautiful and historic hotels in Athens and holds a privileged position on the touristic map. Apart from the high five-star standards of hospitality and modern aesthetic it also stands out due to its unique breathtaking views. It boasts panoramic views of the Acropolis, the green forested Lycabettus hill and the Saronic islands. Its location in the center of the most lively, upscale district of the city of Athens, Kolonaki, and its unparallel view of the Acropolis- from all its floors- and the forested Lycabettus Hill have surely helped its course in history. However, the owners have created more reasons to choose St. George Lycabettus and a legend around its name. So, what is it that makes St George Lycabettus hotel stand out from the rest? The gastronomy, the culture, its ecological and philanthropic activity and the emphasis on health, wellness and family values.  Over the past five decades, the St George has been a symbol of elegance, comfort, and exceptional service.",Greece,9.700085,,,
San Marco Mykonos Luxury Hotel & Villas,9440010.0,Greece,https://www.linkedin.com/company/san-marco-mykonos-luxury-hotel-villas,www.sanmarco.gr,"San Marco Luxury Hotel & Villas is an elite luxury five-star beach hotel in Houlakia Bay on the bewitching Greek Cyclades island of Mykonos. San Marco provides guests a wide range of premium exclusive hotel services of a full-size resort, while maintaining the quaintness and charm of a boutique Mykonos hotel. The result of this unique balance of features and services ensures you have the total luxury experience while visiting Mykonos. The facilities' offers at the San Marco Hotel in Mykonos include: Full size sea water hotel pool, poolside bar, two full service restaurants, spacious rooms, spa service by appointment, gymnasium, tennis court, conference space, chapel, free parking, scheduled shuttle service to and from town, laundry services ,free Wi-Fi throughout the hotel, room service in-room dining, dinner reservations, tours, vehicle rentals (car, ATV, moped), private jet/helicopter and yacht hire.",Greece,9.44001,,,
Michelangelo Resort & Spa,9440010.0,"Greece, South Aegean, Kos, Agios Fokas Psalidi, 85300",https://www.linkedin.com/company/michelangelo-resort-spa,www.michelangelo.gr,"Michelangelo Resort & Spa is an exceptional 5 star hotel on the island of Kos. Nestled in the renowned coast of Agios Fokas and just a 30 min drive from Kos International airport (KGS), our luxurious beachfront resort offers superb views to the Aegean Sea. With its exceptional charm, architecture and style, Michelangelo is the perfect hideaway to combine elegant accommodations with the finest cuisine and a soothing retreat for the senses. We invite you to discover an enchanting island in Greece. Constructed in 2009 and covering approximately 45 acres of land, surrounded by modern gardens and small room blocks most of them overlooking the sea. Peaceful environment located in a perfect spot for a seaside holiday.",Greece,9.44001,,,
Thalatta Seaside Hotel,9440010.0,Greece,https://www.linkedin.com/company/thalatta-seaside-hotel,www.thalattahotel.gr,"It’s all about elegant accommodation, fabulous views, unique flavors, pampering spa treatments, genuine warm hospitality, boutique luxury living.  Thalatta Seaside Hotel is blessed with the pristine beach-front of the blue Aegean Sea of Agia Anna Beach and surrounded by a rich green pine forest offers absolute tranquillity and rejuvenation holidays. An ideal retreat for families and couples! The unique location of Thalatta Seaside, coupled with the hotel’s creative architecture of contemporary design, offer to the demanding modern traveller a heavenly getaway. Spacious rooms and suites, large common areas, a big pool, a long stretch of beach, airy restaurants and lounges: the Thalatta Seaside Hotel is designed to give you and your loved ones the space you need to party, to play, to breathe, to relax.",Greece,9.44001,,,
Ioannidis Group Of Hotels,9440010.0,Greece,https://www.linkedin.com/company/1792621,www.pefkiislandsresort.gr,"In 1993 Pefki Islands Resort was established as a small accommodation unit without a swimming pool or a reception lounge.  The following years (1999 & 2000) saw the addition of swimming pools, a spacious reception lounge and the expansion of the accommodation available to nearly three times its original size.  The 2003 a neighboring piece of land was purchased and Lindia Thalassa Resort was build. This new resort is similar in size to Pefki Islands Resort and has its own swimming pool, access to the beach and an English product oriented Super Market. In addition, two small apartment units were developed in Lindos village. The first, Lindos Romanza apts, is situated near the new bus stop and parking area with an uninterrupted view of the acropolis. The second, Del Mar studios, stands in the second largest village place.  The most recent addition to the group is Island Blue Hotel. It is adjacent to Pefki Islands Resort and modern in design. Island Blue houses Elia restaurant right by the pool where both Greek traditional and International dishes are served.",Greece,9.44001,,,
Diamond Collection Hotels,9440010.0,Greece,https://www.linkedin.com/company/diamond-collection-hotels,www.diamondcollectionhotels.gr,"WELCOME TO DIAMOND COLLECTION HOTELS Ideally located on Kos, the most beautiful islands of the Dodecanese, Diamond Collection Hotels are privately owned luxury resorts for demanding travelers seeking an exquisite summer vacation. Kos island divinely blend a romantic medieval atmosphere with the traditional Greek island heritage.   An ideal getaway for honeymooners, couples and families, Diamond Collection Hotels render tailored services and state-of-the-art facilities on various mesmerizing locations, next to the beach or close to the quaint old town of both Kos island. Setting up the bar in luxury accommodation, this thriving group of properties continues to expand and upgrade its high-end services in order to meet the needs and desires of every guest. Promising an unforgettable stay, luxurious spa and wedding facilities are also available in Diamond Deluxe Hotel on Kos Island. Diamond Collection Hotels offer a wide variety of luxury apartments and private pool suites that combine stylish architecture and a calming, welcoming ambience that values the multifaceted tradition and unique character of Kos island.",Greece,9.44001,,,
NLH | Neighborhood Lifestyle Hotels,9440010.0,"Greece, Attica, Athens",https://www.linkedin.com/company/nlh-neighborhood-lifestyle-hotels,www.nlh.gr,"Welcome to NLH | Neighborhood Lifestyle Hotel, our innovative hotel concept, based on our vision to create cultural-centric neighborhood venues where people live, relax, share and enjoy. Welcome to the next hospitality evolution!  The NLH concept upscales an undisputable real estate opportunity into a long-term profit-generator asset by applying the catalytic impact of the tourism booming sector. NLH couples lifestyle, design & affordability with a memorable guest service experience and bonds them into a strong financial model.    Our Story | It all started when we were wondering what kind of hotel we would like to stay in, while visiting a city! We erase all the unnecessary features and we upscale the ones that really matter.  We create a global community with local content, filled with energy and social interaction. We have developed a place to live. Our Service Feelosophy | Creating Guest Experiences based on Human Luxury! Who we are | We are professionals with a proven ability to identify, implement and manage future proof Hospitality projects, grabbing the challenge of balancing new concepts and services for the new breed of travelers. We run an innovative Hospitality Business Consultant company | Bridged-T (formerly HCIops), a complete, end-to-end results company. Converting every opportunity into success, Bridged-T is obsessed with creating and executing ideas that create value.   	  Nikos Trikourakis,    Lambros Sakkas",Greece,9.44001,,,
GHotels Group,9440010.0,"Greece, Attica, Kallithéa",https://www.linkedin.com/company/ghotels-group,,"Times change, but our dedication to perfecting the travel experience never will. Our highly personalised 24-hour service, combined with authentic, elegant surroundings of the highest quality for those who know and appreciate the best.  Starting in 1972 and following a course of innovation and continuous development, it carved a name respected on the international tourism map providing positive publicity for Greece and a guarantee for quality to the visitor. The GHotels Group offers you unforgettable holidays in Chalkidiki and Crete in the famous Athos Palace, Pallini Beach, Theophano Imperial Palace, Macedonian Sun, Simantro Beach and Panormo Beach hotels. Our people have built an unrivaled depth of reliability, trust and connection with our guests – a connection we will steadfastly uphold, now and always.",Greece,9.44001,,,
Dusit Suites Athens,9271768.0,"Greece, Attica, Athens, 42 Lazaraki, 16674",https://www.linkedin.com/company/dusit-suites-athens,www.dusit.com,"Dusit Suites Athens, a brand new 5-star hotel, awaits guests in the picturesque Glyfada on the cosmopolitan Athenian Riviera. With the privilege of being situated near the sandy beach, this upper upscale hotel features 36 elegantly designed suites that offer stunning views of either the sea and the Saronic Gulf, or the mountain and city lights. Guests can indulge in a range of contemporary amenities, including the Namm Spa, Vitality Pool, O live – the Mediterranean restaurant on the roof top and its playful bar, DAO - the signature Pan Asian restaurant and its futuristic bar, and as well as the infinity pool outdoors on the roof top. This hotel is also conveniently situated near the historic capital of Athens, the International Airport, and Piraeus Port, allowing guests to easily explore the area.",Greece,9.271768,,,
Mykonos Dove Beachfront Hotel,9271768.0,Greece,https://www.linkedin.com/company/mykonos-palace,mykonosdovehotel.com,"Mykonos Dove Beachfront Hotel in Mykonos stands majestically on the golden sand beach of Platis Gialos, with an infinite view of the breathtaking, emerald-blue crystal waters of the Aegean. Consisting of several Cycaladic style whitewashed buildings with painted window shutters, Mykonos Dove Beachfront Hotel in Mykonos emulates a pure feeling of relaxed living on the island of Mykonos at Platis Gialos Beach..Mykonos Dove Beachfront Hotel is the ideal option for guests who seek casual luxury sea view hotels in Mykonos.",Greece,9.271768,,,
Poseidon Of Paros Hotel & Spa,9271768.0,"Greece, Paros Island, 84400",https://www.linkedin.com/company/poseidon-of-paros-hotel-spa,www.poseidon-paros.gr,"Located in a scenic area amidst the crystal-clear waters of the Aegean sea and the blue cobalt sky, the Poseidon of Paros Hotel & Suites embraces the unique style and the striking architecture of the Cyclades. This Paros Hotel is located on the unique Golden beach (Chrissi Akti), 10 km from the airport and 25 km from the port. Poseidon of Paros island hotel lays only a breath away from the sandy Golden Beach. Within 45.000 m2 of unspoiled beauty at the Golden beach of Paros Island in Greece, the 5 star Poseidon luxury Paros Hotel & Spa exudes serenity and peacefulness in the most picturesque of settings.",Greece,9.271768,,,
Portes Beach Hotel,9271768.0,Greece,https://www.linkedin.com/company/portes-beach-hotel,www.portesbeach.gr,"Located in front of a fantastic beach in Halkidiki, at Nea Potidaia, in a blossom garden with Pine trees, Portes Beach hotel invites you to have a unique holiday experience. With new infrastructure, fully renovated rooms and up-to-date facilities, Portes Beach hotel is a perfect choice for family vacations providing warm hospitality and friendly service from professional and experienced personnel.",Greece,9.271768,,,
WhatsOnGreece.com,9271768.0,"Greece, Lefkas, 33 Valaoriti, 31100",https://www.linkedin.com/company/whatsongreece-com,www.whatsongreece.com,"The WhatsOnGreece family proudly presents the first & only – Exclusive Luxury Villa & Hand-Picked Local Experience Greek Collections, the inspiration behind our authentic Luxury Villa Holiday Experiences in Greece.",Greece,9.271768,,,
CYAN GROUP OF HOTELS,9271768.0,"Greece, Crete, Ammoudara , Heraklion/crete",https://www.linkedin.com/company/cyan-group-of-hotels,www.cyanhotels.com,founded 1977 properties A: 3 hotels apollonia beach resort & spa 334 rooms  heraklion crete greece santa marina beach                 208 rooms  heraklion crete greece sitia beach city resort & spa   161 rooms   sitia crete greece aprox.200 emploees properties B: aproximetely 250.000 sqm of land in deferent locations on the Island of Crete,Greece,9.271768,,,
Creteotel Equip SA,9271768.0,"Greece, Crete, Irákleion",https://www.linkedin.com/company/creteotel-professional-equipment-sa,www.creteotel.gr,Creteotel Equip Hotel Supplies  We are committed to the supply of high quality services and products to the hotel & service industry!  Quality comes first and as a means of demonstrating our commitment to supply the best products we cooperate with the best factories in the industry.  The knowledge & experience of our people  ensures the best possible  outcome for our clients!,Greece,9.271768,,,
Workathlon,9271768.0,"Greece, Attica, Athens, 40 Agiou Konstantinou",https://www.linkedin.com/company/workathlon,www.workathlon.com,"Workathlon is an exclusive hospitality Job Portal and Recruiting Company. Through our Portal Job Seekers can browse through hundreds of Hotel and Hospitality Jobs, while Hotel's seeking for talent contact us and assign us the recruitment process.",Greece,9.271768,,,
LeaderStay | Property Management,9271767.0,"Greece, Crete, Heraklion - Crete",https://www.linkedin.com/company/leaderstay-the-property-management-experts,www.leaderstay.com,"LeaderStay is a distribution company specialized in the tourist operation of villas and properties, established and managed by experienced personnel with a long history in the travel market. As we have realized a lack of promotion for villas/properties, we have created our own system that is offering real time online availability. Our first step is in a short period to offer service coverage for all major and popular destinations of the world by providing a reliable and easy to use reservation system. Our vision is within next five years to conquer the first position in villas/ properties rentals worldwide, by making our services easily accessible for our partners and for our customers. Our effort is to be distinguished from all the existing villas/properties systems by covering all the essential requirements as we are one of the few companies with real 24hours/7days service, special trained sales department and our own IT department. We have created flexibility to B2B and B2C which is making the revolution in villas/properties tourist operation.",Greece,9.271767,,,
Grivalia Hospitality,9185069.0,"Greece, Attica, Athens, 117 Kifissias Av. & 59-61 Ag. Konstantinou Str. Maroussi, 15124",https://www.linkedin.com/company/grivalia-hospitality,www.grivaliahospitality.com,"Grivalia Hospitality is a dynamic real estate platform, focused on investments in high-end, ultra-luxury lifestyle hospitality assets in Greece and abroad. Οur goal is to generate superior risk-adjusted returns for our shareholders, through targeted investments in the high-end hospitality sector.  Our investments integrate disciplined acquisition criteria, value-adding investment strategies, development capabilities and excellent relationships with high-end global brands.",Greece,9.185069,,,
Acrotel Hotels & Resorts,8955751.0,Greece,https://www.linkedin.com/company/acrotelhotels,www.acrotel.gr,"Acrotel Hotels & Resorts is a hotel chain located on the western coast of Sithonia, Halkidiki’s central peninsula in northern Greece. Specifically all properties are located in the greater area of Nikiti. The hotel chain consists of the following five properties: - Experience luxury in Athena Pallas Village 5*; 173 rooms; 50 meters from the sea; 9 km from the nearest town  - Experience relaxation moments in Elea Village 3*; 80 rooms; 80 meters from the sea; 9 km from the nearest town - Your private beach in Lily Ann Beach Hotel 3*; 40 rooms; 10 meters from the sea, 8 km from the nearest town - Experience restful days in Lily Ann Village Hotel 3*; 40 rooms; 400 meters from the sea; in the village of Nikiti - Self-catering villas with private beach in Athena Villas Apartments; 4 apartments; 10 meters from the sea; 9 km from the nearest town All our properties have their own restaurant and bar facilities except Athena Villas 4*, as mentioned above, that are fully equipped for cooking. Acrotel Hotels & Resorts group knows very well the true meaning of Greek hospitality and warmly invites you to experience it.",Greece,8.955751,,,
Grand Forest Metsovo,8810676.0,Greece,https://www.linkedin.com/company/grand-forest-metsovo,www.grand-forest.gr,"Nestled in an imposing mountain peak overlooking the charming town of Metsovo, the Grand Forest Metsovo is the supreme getaway. Located on the foothills of the virgin Pindus National Park, in the heart of a dense black pine forest, it offers spectacular panoramic views. Our people are dedicated to delivering impeccable service.",Greece,8.810676,,,
KB Collection Hotels & Resorts,8810676.0,Greece,https://www.linkedin.com/company/kassandrabayhotels,www.kassandrabayhotels.com,"In the heart of Skiathos, we have established a family-run business and we have watched it grow and flourish over the years. With the principles of Greek hospitality as our backbone and with a generous touch of unpretentious luxury in accommodation and services, we have built on the very core of Kassandra Bay Resort & Spa and expanded to meet the needs and desires of even the most discerning of guests.  Fully understanding this highly demanding and complex industry, KB Collection group of hotels aims to preserve and protect the natural beauty of Greece by following environmental friendly practices , and provide a safe and enjoyable environment for its employees.",Greece,8.810676,,,
Spotlight POS,8810676.0,"Greece, Attica, Athens, Aristaiou 25-27, 11636",https://www.linkedin.com/company/spotlightpos-ltd,www.spotlightpos.com,"Spotlight POS is a cloud-based F&B management system developed by Oxinus Holdings, a tech powerhouse headquartered in Abu Dhabi. Operating in the UAE, Saudi Arabia, and Greece, Spotlight POS is the ultimate solution for business owners and their dedicated teams to ensure seamless operations. Whether it's a small café, restaurant, food truck, cloud kitchen, retail, or salon, Spotlight POS provides the tools needed to efficiently and securely manage every aspect of the business. The system is designed to empower every F&B and retail business with a complete suite of features, ensuring streamlined and successful operations, allowing them to focus on what truly matters – creating exceptional experiences for customers.",Greece,8.810676,,,
Anax Resort & Spa,8810676.0,Greece,https://www.linkedin.com/company/anax-resort-spa-mykonos,anaxmykonos.gr,"In a privileged location in the center of Agios Ioannis, a brand new luxury resort captures the magnificent essence of island living, with its elegance, simple decor, airy interiors and expansive terrace open onto spectacular views. Anax Resort is a splendid property, in an idyllic setting which offers superb quality and comfort throughout. Sumptuous in its white interiors and rounded archways with the occasional dash of color and contemporary furnishing; it is intimate, private and secure, architecturally designed for aesthetic living, entertaining and relaxing. Combining unique Cycladic architecture and designer pieces with warm woods and curvy shapes Anax Resort is the utmost place to indulge. This postcard-perfect getaway offers maisonettes and suites that are luxurious and lavish; yet maintain a fine balance with nature. With a cool, all-white palette that is peppered with texture and color, they are well appointed and the service exemplary; they seem to encapsulate the eternal allure of the island and each of which enjoys stunning views across the azure Aegean waters.",Greece,8.810676,,,
Economou Hotels,8810676.0,"Greece, Crete, Irákleion",https://www.linkedin.com/company/economou-hotels,www.economouhotels.com,"Economou Hotels is a private, family-owned Hotel Ownership and Hotel Management company, based in Heraklion Crete Greece. The company has over 40 years of successful presence in the Tourism Sector of Greece and is widely known for its strong focus on quality operations, services and facilities, its excellence in hospitality culture, its great work environment and its respect for ethics in business, the natural environment and society. Economou Hotels owns and operates two properties in Heraklion Crete:  -	The award winning, 5-star Galaxy Hotel Iraklio in the city of Heraklion Crete (operating throughout the year, 127 rooms, 260 beds, 15 conference areas, 2 restaurants) and -	The 4-star Galaxy Villas Resort in the quaint village of Koutouloufari Hersonissos Crete (53 units, 220 beds, open April to November) Both hotels are leaders in their respective markets with overwhelming preference by discerning travelers, well known corporations and top tour operators and agencies. Moreover, the company is active in a range of other sectors including agriculture (a major producer of extra virgin olive oil) and real estate.  In addition, Economou Hotels is among the founders of the 18-hole, PGA, Crete Golf Club.",Greece,8.810676,,,
Athens VIP Taxi,8810676.0,Greece,https://www.linkedin.com/company/athensviptaxi,athensviptaxi.net,"Athens is Greece’s largest city and it follows that it is home to the largest and busiest airport in the country. Each day, thousands of travellers arrive at and depart from Athens Airport and this makes for somewhat of a frantic atmosphere. In facilitating so many passengers, taxi ranks are often overwhelmed and public transport is no different, which means that you can face a lengthy, frustrating and seemingly indefinite wait just to leave the airport. Upon leaving the airport, you are likely to be faced with a plethora of new challenges. Athens is renowned for its dense traffic, busy streets and navigational complexity, which means that hiring a car will precent you with the same difficulties – if not more – than braving the airport’s public transport. Here at Athens VIP Taxi, we have recognised the many issues facing those looking to travel to or from the Athens Airport and to address them, we offer a reliable comfortable and convenient airport transfer service. With a variety of luxury and premium cars to choose from, as well as your personal chauffeur, an airport transfer from Athens VIP Taxi is the perfect way to beat the stress and confusion of the Athens Airport. Our chauffeurs are all individually selected and professionally trained, which means they possess all the skills necessary to ensure that your airport transfer is smooth, comfortable and absolutely stress free. In addition, our drivers are local to Athens and because of this, they are well acquainted with the streets and suburbs of the area, which means they will drive you to and from the airport via the most direct and quickest route possible. Our airport transfer service is perfect for businesspeople or holidaymakers and can alleviate the stress and travel fatigue that often comes with trying to navigate busy transport networks in busy airports and unfamiliar cities.",Greece,8.810676,,,
Wyndham Grand Athens,8810676.0,Greece,https://www.linkedin.com/company/wyndhamgrandathens,www.wyndhamgrandathens.com,"Located in the heart of Athens, Wyndham Grand Athens is a premier destination for both business and leisure travelers. Our hotel offers 276 rooms and suites, each designed with modern elegance and featuring stunning views of Athens, the Acropolis, or Lycabettus Hill.  Guests can enjoy unparalleled comfort with amenities like hypoallergenic bedding, pillow selections, and luxurious bath products. Our commitment to exceptional service includes 24-hour reception and concierge, express check-in, and complimentary super-speed Wi-Fi. Our dining options cater to every taste and occasion. Start your day with a breathtaking view and a delicious breakfast at ""Above,"" our rooftop restaurant, or savor Mediterranean cuisine throughout the day at ""FOS."" For a more casual setting, ""Silk"" lounge bar offers light snacks, coffee, and drinks in a relaxed environment. The rooftop pool bar, with its panoramic views, provides the perfect backdrop for signature cocktails and light lunches, making every meal a memorable experience. Wyndham Grand Athens is also an ideal venue for meetings and events, boasting 2,500 square meters of versatile space that can accommodate up to 2,000 guests. Our state-of-the-art facilities and professional planning services ensure successful conferences, weddings, and social events. After a busy day, unwind at our fully equipped gym, sauna, or spa, where you can rejuvenate with treatments using natural ingredients from the Aegean Sea. Discover affordable luxury and impeccable service at Wyndham Grand Athens, where every stay is unforgettable.",Greece,8.810676,,,
Parga Beach Resort,8625718.0,Greece,https://www.linkedin.com/company/parga-beach-resort,www.pargabeachresort.gr,,Greece,8.625718,,,
Kyklos Travel,8344591.0,Greece,https://www.linkedin.com/company/kyklos-travel,www.kyklostravel.gr,,Greece,8.344591,,,
Airstay Greece,8344591.0,Greece,https://www.linkedin.com/company/airstay-greece,www.airstay.gr,"The Airstay team is activated in the field of short term renting with totally renovated and fully furnished flats, apartments and houses close to the International Airport of Athens ELEFTHERIOS VENIZELOS. Our priority is the safety and the full satisfaction of our guests as well as the constant advancement of the services provided by us which combine quality and comfortable accommodation of very high standards. The main goal of Airstay is the provision of modern services that meet the needs of even the most demanding of our guests establishing relations of mutual trust and reliability.",Greece,8.344591,,,
Harmony Crest Resort And Spa,8344591.0,Greece,https://www.linkedin.com/company/alexandra-hotel,www.harmonycrestresort.com,Family Business,Greece,8.344591,,,
Park Hotel Larisa,8344591.0,Greece,https://www.linkedin.com/company/park-hotel-larisa,www.parkhotellarisa.gr,"This modern city hotel is in the center of Larissa, just across the Archeological Museum. It offers air conditioned rooms with LED satellite TV. Both parking and Wi-Fi are free.  Park rooms are decorated in warm colors and have orthopedic mattresses. All rooms are air conditioned/heated and include cable TV and a minibar. Some offer views of the Square of Agios Velissarios from their private balconies. In the Park’s big lounge room guests can enjoy a rich buffet breakfast between 7 am and 10:30 am. The fully soundproof Hotel Park offers a cafe and 2 bars, as well as a conference room and an interactive information display. The Park applies external insulation systems that contribute to energy savings, contributing to non-global warming. The entrance is accessible for people with disabilities. Park Hotel enjoys a privileged position at the entrance to the city, only 650 ft from the center. The Square of Agios Velissarios is just across the street. The ancient theater of the city is only a 10-minute walk away.",Greece,8.344591,,,
Ble Collection,8344591.0,"Greece, Crete, Chaniá",https://www.linkedin.com/company/ble-collections,www.blecollection.gr,"The Company offers complete set of services needed for successful operations of a touristic accommodation unit, regardless if it is a private villa, development or hotel. By using both in-house resources and outsourced services, the Company ensures impeccable clock-work operations of the entrusted properties, providing the ultimate hospitality experience to the ultimate customer. Our aim is to offer to our partners, the owners of the local touristic accommodation properties, tailor-made and care-free cooperation where all the necessary tasks for engaging villa or hotel into smooth line of operations will be fully undertaken by us, leaving the owners to relax and calmly benefit from their investment. Our philosophy is that every hotel or villa is different, but every guest deserves the best service possible, therefore flexible approach and timely innovations is the key to it.",Greece,8.344591,,,
The Y Hotel,8344591.0,"Greece, Attica, Athens",https://www.linkedin.com/company/the-y-hotel,www.theyhotel.gr,"The Y Hotel Athens | Here everything is designed with You in mind. The Y Hotel is a fully refurbished hotel where a luxurious, metropolitan style is coupled with the unique perception of feeling at home.  Situated in the area of Kefalari in Kifisia, Athens' most aristocratic district, the Y hotel is in close proximity to many shopping and commercial locations, where you can find a plethora of museums, high end and designers shops, awarded restaurants, beautiful cafes and posh bars. One of Athens' greener and cooler areas, our neighborhood exudes a unique and distinguished aura.  Perfect for short or extended stays. We offer a high quality concierge service and impeccable facilities that include superb guest rooms, an inviting lobby and welcoming bar restaurant, a complete fitness club, a fully-equipped conference hall and business center. The accommodation options of the Y Hotel span five room types, and finding the ideal one that will host your most enjoyable moments in Athens is an easy task. Perfectly suited to couples, family and business travelers, the suites of the Y Hotel, will become your urban sanctuary in Athens.",Greece,8.344591,,,
Athina Luxury Suites,8344591.0,Greece,https://www.linkedin.com/company/athina-luxury-suites,www.athinasuites.com,"Situated at the most privileged location of Fira, on the cliffs of the caldera with unlimited views of the famous volcano, the sunset and the whole island, only a few steps away from the centre of Fira, but still with a quiet and relaxing atmosphere, Athina Luxury Suites is the place to stay in Santorini. Fully renovated in 2019 with exclusive materials, minimal design, upgraded services and rich amenities for those who want to enjoy privacy, high class services, comfort and luxury, always with the majestic scenery of Santorini’s caldera from every spot of the hotel. Athina Luxury Suites consists of three Junior Suites for 2 people each, two Master Loft Suites, loft style for up to 3 people, four Deluxe Suites with separate bedroom and living room up to 4 people, two Honeymoon Suites, strictly for couples with heated jacuzzis on their bal- conies and steam baths inside the room, two Superior Suites with outdoor jacuzzis on their private balconies for 2 people, two Junior Cave Suites with their private balconies and amazing views, one Petit Cave Suite with the large outdoor jacuzzi, ideal for couples, one Cave Suite for up to 4 people with a very large outdoor jacuzzi pool and finally the Grand Cave Suite with the big loft, indoor and outdoor heated jacuzzis for up to 4 people, ideal for families, friends and couples. Finally, the unique and exclusive Royal Suite is actually a 140 square me- ters private villa in the hotel, with a large heated jacuzzi pool on the private balcony, rare and precious pieces of art and furniture for up to 6 people.",Greece,8.344591,,,
Iris Hotel,8344591.0,"Greece, Kassandra, 63077",https://www.linkedin.com/company/irishotelsiviri,iris-hotel.gr,"Nestled at one of the most laid-back areas of Kassandra, Iris Hotel is a 3* Hotel built at an area of 16 acres. Its 89 Rooms and 4 Deluxe Suites are positioned amphitheatrically, overlooking the pools and its large gardens, which consist of grass and olive trees, along with a variety of seasonal plants and large palm trees.",Greece,8.344591,,,
Potidea Palace Hotel,8344591.0,Greece,https://www.linkedin.com/company/potidea-palace-hotel,www.potidea-palace.com,"Located in a wonderfully picturesque location on the west coast of Halkidiki, Greece at the beginning of the Kassandra peninsula, Potidea Palace Hotel is the ideal “Ultra All Inclusive” holidays destination for families and couples alike. Its modern architecture fits harmoniously with the surrounding nature and offers exceptional panoramic views of Mount Olympus as well as the azure blue of the Aegean Sea. The hotel features 234 luxurious rooms and suites, buffet and a la carte restaurants, bars, a spa center, sports and entertainment facilities, kids’ club and animation programs. Its unique wine cellar “Cava Idea”, offers over 1.300 varieties of fine Greek wines & spirits, from all over Greece and its islands and guests are welcome to taste and buy their own favorite varieties.",Greece,8.344591,,,
BookOnlineNow Complete Direct Booking Ecosystem,8181342.0,"Greece, Attica, Athens, Ionias Avenue",https://www.linkedin.com/company/bookonlinenow,www.bookonlinenow.net,"Bookonlinenow is a leading booking engine platform in the hospitality industry worldwide. We have brought great user experience and introduced novel functionalities and unique features to thousands hotels, resorts, villas, apartments etc in more than 35 countries and achieve very positive results using our latest technology combined with human expertise.   It is the ideal solution for hotels to raise their online revenue while lowering their cost structure.",Greece,8.181342,,,
Dimitra Beach Hotel,8181342.0,"Greece, South Aegean, Kos, Agios Fokas Psalidi, 85300",https://www.linkedin.com/company/dimitra-beach-hotel,www.dimitrabeachotel.gr,"A beachfront modern hotel, with white design, magnificent views of the Aegean Sea and surrounded with marvellous green gardens! An ideal place to enjoy the sun and aroma of the Greek islands! On the southeast coast of Kos Island and renowned for its crystal clear waters Agios Fokas beach, the hotel is 7km to Kos town, harbor and Marine and 32km to Kos International Airport (KGS). A place to visit, the Therma hot springs, considered to have healing features is only 3km away. One of the first hotels to have been built at Kos in 1970, Dimitra Beach Resort has recently renovated all its public areas, bungalows and majority of rooms 2015-2017 and has refreshed rest rooms to now be a cozy and modern hotel.  With private beach, amazing sea views, bungalows near the sea, the hotel is a paradise on earth with the green of the gardens, the vivid color of plants and all shades of blue of the sea and sky around! Ideal for couples and families, we are proud and pleased to welcome many repeater guests and offer pleasant stay in a friendly atmosphere.",Greece,8.181342,,,
Afixis Hospitality - Hotel Management Company,8181342.0,"Greece, Attica, Athens, 14 Kalamiotou, 105 60",https://www.linkedin.com/company/afixishospitality,www.afixishospitality.com,"Afixis Hospitality is a hotel management company focused on redeveloping and managing independent hotel companies & accommodation assets in Greece. Our management team consists of highly motivated professionals with a proven track record in the hospitality industry & passion in online sales and revenue optimization. Although recently launched, Afixis Hospitality has grown its portfolio to over 80 partnerships around Greece. Our services: -Reservations Management -Revenue  Management -Sales & Distribution Management -Consulting in Hotel Operations",Greece,8.181342,,,
Tharroe Of Mykonos Hotel Deluxe,8181342.0,Greece,https://www.linkedin.com/company/16264929,www.tharroeofmykonos.gr,"Tharroe of Mykonos is located at the top of a small hill but is still just 900 meters from the lively town center. With sophisticated living rooms, which reflect the vitality of the island, an excellent gourmet restaurant, stunning sea and sunset view and impeccable service, this Boutique Deluxe Hotel, has earned its reputation as a Mykonos classic.",Greece,8.181342,,,
Dream Travel S.A,7763146.0,Greece,https://www.linkedin.com/company/dream-travel-s.a,dream@dreamtravel.gr,"Dream Travel is one of the main Tour Operators in Greece for the long distance destinations and exotic holidays. Indian Ocean Caribean, South East Asia, Asia, Africa,latin America Midlle East. Incoming services to Greece also, with Acomodation,Cruises,Tours Religious groups, private services,rent a car,tickets",Greece,7.763146,,,
Hotellisense,7763146.0,"Greece, Attica, Athens",https://www.linkedin.com/company/hotellisense,www.hotellisense.com,"We are a team of Hotel and IT professionals passionate with Data Analytics in the Hotel/Travel/Tourism area. We are dedicated in helping hotels of any size to be competitive and excel in their markets through the power of Intelligent Hotel Analytics. Our offering is a state of the art Intelligent Hotel Analytics platform for hotels of any size, single or chains. It helps hotel decision-makers make the most of their data in order to reduce decision-making time and boost their revenue.  Our platform’s cleverly designed data mining and presentation tools will help you understand the dynamics of your hotel’s key parameters and performance indexes, get insights and uncover patterns and trends. In this way you can see your hotel’s weaknesses and strengths and quickly decide where you have to focus to maximize your hotel’s occupancy, and boost revenue and profits.   With pre-built dashboards, built exclusively for hotels, multi-dimensional & multi-measure dynamic reports and visualizations of your hotel’s data, as well as options of filtering & drilling down ad hoc, you can track in real time your hotel’s performance and efficiency, get valuable insights at a glance and take the right decisions faster. You can create budgets and monitor your hotel’s performance and achievement rate, you can see room pricing recommendations and run pricing what-if scenarios to evaluate your options.  No more manual reporting and spreadsheets. You now have the analysis of your most up-to-date data, the moment you need it, in the detail you require, at any time and from anywhere (e.g. via your mobile device). At the moment more than 100 hotels are using the advanced functionality of the Hotellisense application to help them achieve a competitive advantage in today’s dynamic Hospitality industry.  For more information on our Hotel Analytics offering or to schedule a Live Demo, please visit our website.",Greece,7.763146,,,
Kalypso Cretan Village Resort & Spa,7763146.0,Greece,https://www.linkedin.com/company/kalypso-cretan-village-resort-&-spa,www.kalypsohotels.com,"The Kalypso Cretan Village is situated at Plakias, 31 kms south of Rethymnon and 115 kms of Heraklion Airport. The Hotel is located in the grandiose environment of a small isolated gulf. It lies in 50.000 sq meters full of gardens and hanging rocks and has been created with respect to nature beauty and keeping the traditional Cretan style. According to the myth, Zeus, father of the gods of Olympus, chose the island of Crete for his “human” residence. Taking the form of a white bull, he abducted his beloved Europe and hid her in the marvellous beach of Preveli and its nearby palm grove before consecrating her into a goddess. Later on, Odysseus, hero of Troy and the one who imagined the Trojan Horse, on his return journey from Troy was captured by the magnificence of the landscape and the beauty of the mythical queen Kalypso. He spent seven whole years in the area before continuing his return journey.",Greece,7.763146,,,
Tabol,7763146.0,Greece,https://www.linkedin.com/company/tabol,www.tabol.io,"Tabol is your all-in-one platform for smarter restaurant management. Designed to meet the challenges of modern dining, Tabol combines reservations, orders, payments, and customer insights into one seamless solution. With Tabol, restaurant owners can have: 🔺Seamless Online Presence: Manage reservations and orders from a single platform, allowing customers to book, order, and pay with ease. 🔺Enhanced Customer Experience: Use AI technology to deliver personalized recommendations and marketing programs that foster repeat visits. 🔺Operational Efficiency: Simplify seating, ordering, scheduling, and service efficiency, ensuring a smooth guest experience and better resource management. 🔺Data-Driven Decision Making: Gain real-time insights into customer behavior, sales forecasting, and revenue trends, driving data-informed strategies. 🚀Tabol’s mission is to empower restaurant owners with innovative, integrated, and user-friendly technology that supports their vision of success. 🔜Be prepared for the upcoming launch of our mobile app, which will further enhance the guest experience. 👆Explore our world and learn how Tabol can transform your restaurant!",Greece,7.763146,,,
MK Hotel Collection,7712159.0,"Greece, Crete, Irákleion",https://www.linkedin.com/company/mk-hotel-collection,www.pnoe-breathinglife.com,Innovative Hospitality Company,Greece,7.712159,,,
Vardis Olive Garden Hotel,7712159.0,"Greece, Crete, Chaniá",https://www.linkedin.com/company/-vardis-olive-garden-hotel,www.vardishotel.gr,"The ""Vardis Olive Garden"" privileged location between the historic cities of Rethymno (17km) and Chania (45km, international airport), allows guests to explore the whole island. Enjoy the longest sandy beach of Crete (1km) and relax by the picturesque Kournas lake (4km).  The hotel ideally situated within an organic olive garden of 22000 square meters, offers its guests great moments of peace and nature, and consists of 58 accommodations, harmoniously allocated in a main building and five bungalow units. All accommodations are generously sized and enjoy privileged view to the swimming pool, the colourful gardens or to the magnificent White Mountains. In the main building you will find the reception area and the “Veranda” bar where free Internet (wi-fi) access is available. Next to the pool there is the “Elies” restaurant, in which the Vardis family continues the local culinary tradition in preparing breakfast and dinner, using only organic products mostly of own production, e.g. vegetables, eggs, meat and extra virgin olive oil from the family’s olive groves. Moreover, free parking space, a mini market and a children’s playground in the shade of olive trees are also available to guests.",Greece,7.712159,,,
Restion-Old People's Home,7712159.0,"Greece, Attiki, 180 Lamptron, 19400",https://www.linkedin.com/company/restion-old-people's-home,www.restion.gr,"Elderly care centre , old age home.",Greece,7.712159,,,
Tba,7702687.0,"Greece, Crete, Irákleion",https://www.linkedin.com/company/stella-beach-sa,www.stellahotels.gr,,Greece,7.702687,,,
Boheme Mykonos,7552008.0,Greece,https://www.linkedin.com/company/12991797,www.bohememykonos.com,"Experience Mykonos in a way you will never forget! Just a stone’s throw from the unique Mykonian Windmills and the popular Little Venice, Bohème is a Mykonos Town Luxury Hotel, built according to the traditional Cycladic architecture standards, with luxurious suites, some of them with outdoor Jacuzzi and Bohemian facilities.",Greece,7.552008,,,
Hotel Matina Kamari Beach Santorini Greece,7552008.0,Greece,https://www.linkedin.com/company/hotel-matina-kamari-beach-santorini-greece,www.hotel-matina.com,"On Kamari Beach, Santorini, Hotel Matina*** combines traditional & modern style in elegance! Located in a quiet flower garden, only 2 minutes walk from the black sandy beach & the beach promenade; the hotel offers spacious & comfortable rooms, 2 apartments with kitchenette & 2 suites.",Greece,7.552008,,,
ROCABELLA MYKONOS HOTEL,7552008.0,"Greece, Agios Stefanos, 84600",https://www.linkedin.com/company/rocabella-mykonos-hotel,www.rocabella-hotel-mykonos.com,"Rocabella was born to create a hip retreat haven, a home away from home, for real travellers seeking wanderlust and authentic experiences. Our hotel is located just 300 metres from the beautiful beach of Agios Stefanos, while it takes only a 5-minute drive to get to the fairytalish Chora. Our 27 rooms, suites and our Villa respect and faithfully serve the simplicity of the Cycladic aesthetics. Simple lines, bright white, earth tones wood, stone and natural materials, along with stunning views of the Aegean Sea and the picturesque Chora, compose everything that “awakens” the wanderer within you. Minimal chic design and bohemian atmosphere accord to your comfort and total relaxation. The room facilities and services cater to the needs of the modern traveller, who wants to be themselves, authentic and simple. Come on then and discover your own corner of happiness, because happiness is “handmade”.",Greece,7.552008,,,
Agios Nikolaos Beach Villas,7552008.0,"Greece, Crete, Greece, Almyros Beach Agiou Nikolaou Agios Nikolaos Crete, 72100",https://www.linkedin.com/company/agios-nikolaos-beach-villas,www.agiosnikolaosvillas.com,"The center of our interests is our clients and their experience of our island. As a family business, we try to improve the quality of our services. The members of our family specialize in building construction and business management. We will be very pleased to help you organize your trip on our beautiful island. Please do not hesitate to contact us for further information.",Greece,7.552008,,,
Halkidiki Royal Hotel,7417414.0,Greece,https://www.linkedin.com/company/halkidiki-royal-hotel,www.halkidikiroyal.gr,super hotel,Greece,7.417414,,,
Alianthos Garden Hotel,7417414.0,"Greece, Crete",https://www.linkedin.com/company/alianthosgardenhotel,www.hotelalianthos.gr,"The sunshine of the mind Time is still. The clouds of daily routine have faded away. The sun is shining in your mind. Holidays. It is not just a break for you; it is a reward, a generous gift to yourself and your family. You have been waiting a whole year for these days, you have worked for them, you have earned them. But when they arrive, they always seem so few. Well then, let’s make them unforgettable.  If you are just looking for any hotel in Crete, then you are going to have to deal with a whole lot of choices, good and bad. But if you are looking for a beautiful, quiet, authentic and hospitable family hotel in Crete, combining comfortable and quality accommodation with a fascinating journey in Cretan tradition, history and nature, then the decision becomes much easier. It is not by chance that over 90% of our guests say that they would choose Alianthos Garden Hotel for their holidays again. And it is not by chance that over 30% of them do so, for many consecutive years. This is our reward, our gift.  Alianthos Garden Hotel is located in the peaceful and beautiful Plakias, in Southern Crete, in front of the immense and mystical Libyan Sea. Everything here is made for holidays, even the “architecture” of the natural scenery. It is like God has specifically designed this place for the clearing of the mind and the relaxation of the soul. But it is not just its location in the heart of Plakias that makes Alianthos Garden Hotel one of the most beautiful hotels in Crete. Above all, it is the kindness, the hospitality and the open heart of our people. After all, this is Crete: an open heart.  All of us at Alianthos Garden Hotel welcome you, with the promise that we will do our best to take the past year “off your shoulders” and give you strength and beautiful memories for the next one.",Greece,7.417414,,,
Reminds Hospitality,7417414.0,"Greece, Attica, Athens",https://www.linkedin.com/company/reminds-hospitality,www.remindshospitality.com,"Our team is comprised of a group of experienced associates with love for hospitality, who came together driven by the appetite for creative solutions in the tourism product. Reminds Hospitality offers solutions for the hotelier who wants to improve his product, upgrade it or simply assign parts of the business’ operation to external partners. We are focusing on Reservations management, Sales & Revenues management, Operation management for hotels, as well as customised services such as copywriting, mystery guest, training and new hotel concept and improvement solutions.",Greece,7.417414,,,
HotelKeys,7417414.0,"Greece, Attica, Athens",https://www.linkedin.com/company/hotelkeys,hotel-keys.com,Member of HotelBrain Group - Leading Hospitality Group,Greece,7.417414,,,
Gastrominds,7417414.0,Greece,https://www.linkedin.com/company/gastrominds,www.phgroup.gr,"We are the first company in Greece specialised in managing and consulting food & beverage businesses. Our goal is to help you create a healthy and profitable business in the demanding hospitality industry.  Our experience and expertise enable us to serve all your requests, while our specialised staff and our professional partners can offer exclusive 5-star services. We are here to help all those who are interested in starting or improving a hospitality-related business, no matter how small or large they may be. We offer an integrated approach to your requests in order to help you manage your business profitably.  Whether you need a short-term or long-term management solution or just basic startup guidance, we can help you meet your business goals and utterly lead you to success.",Greece,7.417414,,,
Astarte Suites,7417414.0,Greece,https://www.linkedin.com/company/astarte-suites-hotel,www.astartesuites.gr,"Far from the crowds lies this 15-suite full-service hotel, where the word of the day, every day, is privacy.  Amid the hilltop hush of its dramatic cliff's-edge setting, a capable and gracious staff is on call to see to your every need, from private terrace dining to tours of local sites. The modern take on Cycladic architecture lends a sophisticated edge to this boutique hotel No wonder it's a favourite of honeymooners the world over.",Greece,7.417414,,,
Utopia Blu Hotel,7417414.0,"Greece, Tigaki, 85300",https://www.linkedin.com/company/utopia-blu-hotel,utopiablu.gr,"Utopia Blu is a captivating retreat nestled on the stunning shores of Tigkaki, Kos. With its exquisite design, luxurious amenities, and unrivaled hospitality, our resort offers a truly idyllic escape for those seeking ultimate relaxation and rejuvenation. Indulge in breathtaking views, pristine beaches, gourmet dining, and a range of activities tailored to elevate your stay. Join us at Utopia Blu for an unforgettable experience where paradise becomes a reality.",Greece,7.417414,,,
Sophia Collection Santorini,7417414.0,Greece,https://www.linkedin.com/company/sophiacollection,sophiasuites-santorini.com,"A new gem was born in 2015 in the Santorini island! The mansion was reconstructed and renovated with the appropriate care, during 2015. These original manor houses were built more than 150 years ago by a Turkish businessman who was in love with the island. He was one of the most important philhellenes and moreover, he was over fascinated by the Cycladic architecture and philosophy of the Greek islands. During the first construction he found and kept them safe a lot of antiques as well as genuine Santorinian artifacts and unique items of different sections of the island’s history.   Our hotel has an uninterrupted and unobstructed volcano-sea view. Images and feelings created by the Greek light, the crystal clear sky, the unique beauty of Santorini and the power of the caldera gave birth to a UNIQUE LUXURY LIVING hotel that will make your stop on your journey to Santorini a once in a lifetime experiences. Smart and modern in design, yet reassuringly unpretentious in attitude Sophia Suites offer a relaxed retreat with heart-stopping magnificent views of the endless Aegean Blue. Befitting its location and true to its name, Sophia luxury Suites is a careful balance of elegant sophistication and raw natural beauty, of local architecture. A masterpiece of elegantly refined tradition, a supreme all-suite sanctuary for the senses, inviting you to share a heavenly, once-in-a-lifetime experience while marveling at the world’s most fascinating sunsets...",Greece,7.417414,,,
ViOS Coworking - Greece,7417414.0,"Greece, Attica, Athens, 9 Feidiou, 106 78",https://www.linkedin.com/company/viosgr,www.vios.gr,"Vios is the first coworking space in Greece that has turned workplace well-being into a philosophy and has been designed following the WELL Building Standards focusing on 100 features across 11 concepts: Air, Water, Nourishment, Light, Movement, Thermal Comfort, Sound, Materials, Mind, Community and Innovation. Our workplace is crucial for our quality of life and well-being. Today, the largest companies around the world, like Google, have started focusing on their most important asset, namely the mental and physical health of their employees.",Greece,7.417414,,,
Cleopatra Collection Hotels,7417414.0,Greece,https://www.linkedin.com/company/asteras-resort,www.cleopatrahotels.com,"""Cleopatra Collection"" include 3 Hotels. Cleopatra Superior Hotel, Kris Mari Hotel, Cleopatra Classic Hotel, All of them in close distance of each other and guests can use the facilities of all properties. With maximum 100 m from the beach & 500m from the center of Kardamena village, Cleopatra Collection offers the ideal location for those who would like to be only a few meters away from all village facilities and at the same time really close to the beach. Kardamena is beach village in Kos Island, one of the most popular Greek destinations in Aegean Sea, only 6km away from the airport and 26 km from Kos town. Cleopatra Collection, also owns other businesses in the area where hotels'. All the members of Cleopatra Collection are governed by the same principles, based on the local culture and tradition. Last but not least, we still adopt the mentality of the family who created the group, thus despite the crisis, the company has not decreased the number of the staff, which is mostly consists of local people.",Greece,7.417414,,,
Koukoumi Vegan Hotel,7417414.0,"Greece, Ano, 846 00",https://www.linkedin.com/company/koukoumi-vegan-hotel,www.koukoumihotel.com,"Welcome to Koukoumi 5* hotel, the 1st and only vegan hotel in Greece. Koukoumi in Myconian dialect means sheltered from the wind a cosy place for snuggling.",Greece,7.417414,,,
Lavris Hotel Group,7417414.0,"Greece, Kato Gouves, Nikou Kazantzaki, 70014",https://www.linkedin.com/company/lavris-hotel-group,www.lavrishotels.com,"LAVRIS HOTEL GROUP is consisted by 2 unique accommodation experiences, Lavris Hotel & Spa and Sensus hotel, with a total capacity of 200 rooms.  We invite you to embark on a journey of rejuvenation and fulfillment.  Following the idea of constant improvement and innovation we, in LAVRIS HOTEL GROUP, offer accommodation and services which aim to exceed guest’s expectations. It is an excellent choice, offering a quality experience for a relaxing stay in a cozy and friendly environment.",Greece,7.417414,,,
Elxis Group,7417414.0,"Greece, Attica, Athens, 54 Vasilissis Sophias Ave., 11528",https://www.linkedin.com/company/elxissa,www.elxisgroup.com,"Elxis Group is a multi-disciplinary group engaged through its subsidiary in the hospitality industry (Heliades Villas and Suites) and in the valuation industry (tangible, intangible assets, business valuations) through its subsidiary American Appraisal (Hellas) Limited.",Greece,7.417414,,,
Domotel Olympia,7168722.0,Greece,https://www.linkedin.com/company/hotel-olympia,hotelolympia.gr,"Welcome!   HO is an elegant boutique hotel in the center of Thessaloniki. Clean lines, natural and dynamic materials such as wood and granite, earthy colors, design furniture and impressive objects are all combined to create a picture of frugal elegance. This environment along with an excellent service, make HO the suitable destination for the modern urban guest, the leisure or business traveler.",Greece,7.168722,,,
Moxy Athens City,7035606.0,Greece,https://www.linkedin.com/company/moxy-athens-city,moxyathenscity.com,"Moxy is Marriott International’s new boutique hotel brand that caters to millennial globetrotters. The brand is a trendy harmony of stylish accommodation and all-night bar. A Brand-New vision to give guests everything they want and nothing they don’t. Located in the city's historical center by Stadiou Street, where the Buzz, Fuzz and all the excitement takes place. A downtown location very close to trendy Bars & Restaurants and steps away from cultural attractions as the Acropolis, Plaka and Thisio neighborhoods. In close proximity to the metro station with direct access from/to Airport (45min). Cozy up into smart-edgy accommodations designed for modern travelers and surf at lightning-speed Wi-Fi. Clever, snuggly and comfy bedrooms with well-appointed functional and warm spaces. All rooms are equipped with 55-inch full HD flat-screen TVs with screen casting ability and built-in USB ports.",Greece,7.035606,,,
Cayo Exclusive Resort & Spa,7035606.0,"Greece, Crete, Ágios Nikólaos, 72053 Crete",https://www.linkedin.com/company/cayo-exclusive-resort-spa,www.cayoresort.com,Cayo’s 70 exclusively designed luxurious rooms and villas feature private swimming pools. Stylish exteriors and a panoramic view invite guests seeking luxury and comfort to immerse themselves in a world of exquisite elegance.,Greece,7.035606,,,
Eagles Resort,7035606.0,Greece,https://www.linkedin.com/company/eagles-palace,www.eaglesresort.gr,"Eagles Resort is a family-owned, 5-star beach resort in Halkidiki, Greece. It consists of Eagles Palace, a luxury five star hotel amid lush Mediterranean gardens featuring 160 rooms, suites and bungalows right on the beach and Eagles Villas, a haven of 42 luxury villas on a unique hilltop location with private pools, gardens, breathtaking views and 24-hour club car service and member of Small Luxury Hotels of the World. Eagles Resort features a blue-flag awarded beach with crystal-clear waters and golden sand, a yacht club, an awarded spa, six restaurants, five bars, a Kids Club run by experienced professionals, a state-of-the-art gym, water sports and a diving center, tennis and padel courts as well as exclusive use of a gorgeous beach on the uninhabited Drenia island equipped with umbrellas and sunbeds and our very own organic farm. Discover our 100-year hospitality tradition and relax as if you never left the comfort of your home!",Greece,7.035606,,,
Petasos Beach Resort & Spa,7035606.0,Greece,https://www.linkedin.com/company/petasos,www.petasos.gr,"The luxurious newly renovated Petasos Beach in Mykonos, stands majestically on its own private peninsula combining impeccable seductive taste and stunning sea views of the Aegean to create unique privacy and a true relaxation experience. Everything comes together to form an unforgettable picture. An aesthetically perfect beach resort & spa hotel, breathtaking natural beauty, and warm and kindhearted people with a tradition of excellence in service who are dedicated to your well being. You are invited to experience the Petasos Beach Resort & Spa.",Greece,7.035606,,,
Nautilux Hotel,7035606.0,"Greece, Crete, 23 Polemiston",https://www.linkedin.com/company/nautilux-hotel,www.nautiluxhotel.com,"We welcome you in the new Mage Hotels & Resorts’ 5 star beach hotel in Rethymnon. Here you will immediately feel the difference in aesthetics and the vibrant personality of the hotel. Its special, spiral architectural design combined with the uniqueness of its location in the city will surely fascinate you. A vibrant modern color palette, complemented by natural light and locally influenced design and décor, create a welcoming, elegant and refreshing atmosphere in every space of the city resort hotel.",Greece,7.035606,,,
Trésor Hotels & Resorts,6922674.0,"Greece, Attica, Athens, 38 Laodikis Str. Glyfada, 16674",https://www.linkedin.com/company/tresor-hotels-&-resorts,www.tresorhotels.com,"Trésor Hotels & Resorts is the elite collection of 4 and 5 star boutique hotels at popular and emerging destinations in Greece. Each and every one of our  boutique hotels are true “treasures” and reflect our passion for the authentic Greek hospitality, our love for luxury and our commitment on exceptional, personalized services.",Greece,6.922674,,,
Lindos Sun Hotel,6922674.0,Greece,https://www.linkedin.com/company/lindos-sun-hotel,www.lindos-sun.com,"Welcome to Lindos Sun Hotel, the ultimate relaxation hotel in Lindos. Lindos Sun hotel is the first hotel built in Lindos area, back to 1985! Lindos Sun Hotel is in harmony with its environment and offers an air of peace and tranquility. It is not long before our guests find themselves relaxing next to the blue waters of the swimming pool, in the delightful surrounding gardens or with a glass of wine in the candlelit evening bar ""Thalassa"". Situated in the middle of a beautiful bay (where the ‘Guns of Navarone’ was filmed), 800 m from the truly picturesque St. Paul’s bay/church, 1km from the village of Lindos and 2km from the resort of Pefkos.  A short distance to the beautiful, historic, lively village of Lindos and the Lindos Sun has to be the first choice of hotel for people of all ages, whether traveling alone, with a partner, friends or family.",Greece,6.922674,,,
Aqua Blu Hotel + Spa,6922674.0,Greece,https://www.linkedin.com/company/aqua-blu-kos,www.aquabluhotel.gr,"Aqua Blu, a proud member of the Small Luxury Hotels of the World is the ultimate destination for luxury and contemporary design. A unique 5 star boutique hotel with a state of the art spa set on a beautiful waterfront corner on the Northern Lighthouse Peninsula of Kos Harbor.",Greece,6.922674,,,
Casa Del Mar Mykonos Seaside Resort,6922674.0,Greece,https://www.linkedin.com/company/casa-del-mar-mykonos-seaside-resort,www.casadelmarmykonos.com,"Embraced by the tranquil landscape and the emerald waters of the sea the private Casa del Mar luxury villas in Mykonos, Greece encapsulate the essence of the island's spirit and Cycladic tradition while exuding a refined air of tranquility and peacefulness. Idyllically situated next to the beach in the enchanting region of Aleomandra these luxury villas most with private pool in Mykonos offer a haven of relaxation and calm for families and couples seeking a serene hideaway close to Mykonos town. The luxury Casa del Mar is brilliantly appointed with all the conveniences of modern living while combining traditional elegance with contemporary refinement. The striking white washed walls and the authentic architectural style of these luxury villas in Mykonos create a warm welcoming atmosphere for a magical holiday escape in the cosmopolitan Mykonos island of Greece for those seeking a luxurious villa rental in the Cyclades.",Greece,6.922674,,,
Divine Hotels,6922674.0,Greece,https://www.linkedin.com/company/divine-hotels,www.divinehotels.gr,"Welcome to Divine Hotels!  We are a family business that manages hotels, a number of various kinds of accommodations, restaurants and spa resorts in Dodecanese since the 60’s.  We believe that life is an eternal journey of self-discovery, so every traveler needs inspiring and inviting places to relax. With this aim, we have established Divine Hotels group, a chain of touristic businesses that offers travelers' a chance to experience authentic Greek philoxenia. In ancient times, “φιλοξενία” (philoxenia) was considered a moral duty of any Greek towards the Gods.  This word derives from the verb “φιλώ” which in ancient Greek language means “love”, and the noun “ξένος” (guest).  Therefore, philoxenia means love for guests.  In general, in ancient times  a guest was considered a respectable and sacred person and due to that, whoever broke the rules of philoxenia was severely punished by the Olympian Gods.  The basic responsibilities of the owner of the house was to receive and behave properly to the guests, offer food, accommodation, bath and treat them with farewell gifts so that their bonding will become even stronger. The purpose of Divine Hotels group is to always offer inviting and inspiring places to all travelers. Our values are the main guide of this mission of ours:  Courtesy matters Open horizons Sustainable development Memorable customer service Lifelong learning Integrity",Greece,6.922674,,,
EverEden Beach Resort Hotel,6922674.0,Greece,https://www.linkedin.com/company/evereden-beach-resort-hotel,www.evereden.gr,"The ideal destination for visitors wishing to experience Athens Riviera for business or pleasure! Our brand new 4-star resort hotel, with 260 modern rooms amphitheatrically build in the heart of a pine forest of a 45,000 sqm estate, offers majestic views and direct access to the beach along with 4-star facilities and services.",Greece,6.922674,,,
Aegean Star Hotels,6922674.0,"Greece, Central Macedonia, Thessaloníki",https://www.linkedin.com/company/aegeanstarhotels,www.aegeanstar.com,"We welcome you to the ""Aegean Star Hotels"" Group in Greece. Our Group consists of five luxury, 4 & 5 Star hotels: Aegean Melathron in Chalkidiki and Creta Royal, Creta Star, Creta Marine and Creta Panorama in Rethymno. Our hotels are situated in excellent locations and are distinguished for the high standard of services provided to their clients. The key to the successful development of the Aegean Star Hotels is our dedication to the human factor, the clients and employees. The Group's aim is the future expansion of our hotels, as well as the continuous improvement of the services provided, coupled with a consistent desire to maintain a friendly, safe and comfortable environment that satisfies the needs of all of you who honour us with your presence.",Greece,6.922674,,,
ESTATE 1896,6922674.0,"Greece, West Greece, Pýrgos, 84701",https://www.linkedin.com/company/estate-1896,www.estate1896.gr,,Greece,6.922674,,,
Epoque Collection,6922674.0,Greece,https://www.linkedin.com/company/epoque-collection-hospitality-services,www.epoquecollection.com,"A new respected leader in the management field for new and existing luxury hotel and resort properties. Offering a wide range of management services to hospitality-oriented individual hotels, villas, residences and yachts.  Extensive expertise and management understanding add significant value and allow clients to outperform their competitors and become local market leaders.  Epoque Collection assists owners with an overall evaluation of their operations to detect areas in need of improvement and increase productivity. This includes operations, information technology, reservations, human resources and all other aspects of hotel operations. Key areas of expertise: •	Operations Management •	Advisory Management •	Food & Beverage Consultancy •	Sales and Marketing  •	Recruitment and Training •	Asset management •	Coordination of various disciplines during crucially important pre-opening, development acquisition and/or re-branding process",Greece,6.922674,,,
Semeli Resort,6922674.0,"Greece, Elatochori Pieria, 60100",https://www.linkedin.com/company/semeliresort,www.semeliresort.gr,"Semeli Resort offers its guests a tranquil and relaxing spa environment which includes sauna, micro-pool and jacuzzi which can be combined with a scheduled therapeutic massage service. In an altitude of 1.000 m above sea level everything feels different, lighter, more alive and very quickly you can realize that Semeli Resort is much more than just a spa. Its unique location within the ancient forest of the Muses only adds more to the sensuality and energy that this place preserves. Mixing the deep wisdom of Far East healing techniques with the love that our people have for their craft, the Semeli Resort spa can be a great opportunity for regenerating your body as well as clearing your mind. Feel free to plan your experience as you like and take as much time as you need. Surrounded by dense forests, 1,50 m above sea level, Semeli Resort offers luxurious rooms and suites, with views of the forest, or Mount Olympus and the sea. Elatochori Ski Centre of is 5 km away.",Greece,6.922674,,,
Lagos Mare Hotel Naxos Cyclades Greece,6922674.0,Greece,https://www.linkedin.com/company/lagos-mare-hotel-naxos-cyclades-greece,www.lagosmare.gr,"Experience absolute comfort and undiminished personal care in the chic ambiance of Lagos Mare Hotel in Naxos. Discover the elegance of the Lagos Mare 4-star hotel in Naxos and experience an unparalleled stay with the special attention you deserve in a truly splendid environment designed to cater to our eclectic guests’ particular needs. Lagos Mare is a luxury Naxos hotel situated in Agios Prokopios, ideally close to one of Europe’s most wonderful beaches with soft sand and crystal clear water. Created to reflect Cycladic finesse with its clear lines and smooth curves, this Naxos hotel manages to fulfil your holiday dreams in its supreme setting. The Lagos Mare Naxos Hotel luxury rooms and suites only succeed in providing you with upscale Naxos accommodation and an unsurpassed level of comfort in their delightful spaces decorated with fine furnishings making it one of the finest Naxos hotels. Even more, the gracious, ever attentive staff will go out of their way to make you feel at home. In Lagos Mare Hotel in Naxos Greece every spot gives you a chance for unwinding and rejuvenation. The beautiful swimming pools, the pool bar and the well-cared garden, as well as the exquisite “1924” restaurant- managed by the famous chef Dimitris Skarmoutsos- and the beauty and wellness spa centre, make our hotel one of the most bewitching luxury Naxos hotels, where you will enjoy life’s refined pleasures.",Greece,6.922674,,,
The Ixian Grand,6900575.0,Greece,https://www.linkedin.com/company/the-ixian-grand,www.theixiangrand.gr,"The Ixian Grand is the best five-star resort hotel in Rhodes island, Greece. Located at the West Coast, right on the beach of Ixia is a truly magnificent beachfront resort hotel, recently renovated, consisting of 211 rooms and 69 luxurious Grand Suites & Maisonettes. Its perfect location just 6km from Rhodes Town and 7km from the International Airport “Diagoras”, The Ixian Grand is the ideal base for you to explore the endless beauties of Rhodes Island. Enjoy the cool breeze of the West Coast, the most beautiful sunsets by the beach and feel the ultimate comfort at the luxurious surroundings. A luxury you can afford… The Ixian Grand is a prestigious Resort Hotel and is just few minutes away from the World Heritage Monument, protected by UNESCO, “The Medieval City of Rhodes” and the Mount Filerimos with its breathtaking panoramic views.  Please visit http://www.theixiangrand.gr for more information",Greece,6.900575,,,
Acroterra Rosa Luxury Suites,6900575.0,Greece,https://www.linkedin.com/company/acroterra-rosa-luxury-suites,www.acroterrarosa.gr,"Welcome to the all new 5 star exclusive boutique hotel in Santorini, the Acroterra Rosa Luxury Suites! This hotel of unique aesthetic ambiance promises you the vacation of your dreams, overlooking the famous Caldera of Santorini. The interior designers' team of George Merlos created a luxurious hotel in perfect harmony with the island style and Cycladic architecture. The Acroterra Rosa team is waiting to introduce you to the authentic Greek hospitality.",Greece,6.900575,,,
The Zillers Athens,6778427.0,Greece,https://www.linkedin.com/company/the-zillers-athens,www.thezillersathenshotel.com,Embrace beauty and history at The Zillers Boutique Hotel. Indulge your senses at our award-winning Restaurant at the Zillers Roof Garden. Golden Chef Cap Award Winner 2021 & 2022.,Greece,6.778427,,,
Fresh Hotel Athens,6751508.0,Greece,https://www.linkedin.com/company/fresh-hotel-athens,www.freshhotel.gr,"Downtown in the heart of Athens, Fresh Hotel is a stylish, urban resort,with unconventional atmosphere, cool and thoughtful service.  With simple lines and vivid colours in a minimalist, sleekly designed sanctuary, the Hotel surrounds guests in absolute calm. Come to play in 133 rooms, suites and executive rooms of subtle luxury.  Slip into something comfortable for a late-night cocktail at the Air Lounge roof bar, the smoothest place to chill under the stars of the Athens sky.",Greece,6.751508,,,
Creta Maris Resort,6719776.0,"Greece, Crete, Hersonissos",https://www.linkedin.com/company/creta-maris-resort-in-crete,www.cretamaris.gr,"Creta Maris Resort with a capacity of 680 rooms, has been originally launched in 1975 and is situated next to Hersonissos, just 25 minutes (24km) from the Heraklion Airport. A blend of tradition and luxury together on a beautiful beach with crystal clear waters where guests can experience the authentic Cretan hospitality.",Greece,6.719776,,,
Loguers,6566182.0,"Greece, Attica, Maroúsi, 6 Ilektras",https://www.linkedin.com/company/loguers,www.loguers.com,"Loguers Hospitality Management & Consulting was founded in 2018 to provide consulting services and a full solution for Hotel Sales & Marketing.  It has used the passion and ingenuity of a young team of human resources, equipped with professionalism and careful organization, to lay the right foundations for rebuilding long-term trust relationships with each hotelier.",Greece,6.566182,,,
Avaton Luxury Beach Resort - Relais & Châteaux,6566182.0,"Greece, Nea Roda, Komitsa Bay, 63075",https://www.linkedin.com/company/avaton-luxury-villas-resort,www.avaton.com,"Avaton Luxury Beach Resort, a proud member of Relais & Châteaux, is a stylish and contemporary beachfront escape overlooking the sparkling turquoise waters of Athos Peninsula in Halkidiki, Greece. It consists of an exclusive collection of 56 rooms, suites and villas. Most of them have private pools with in-built sunbeds which tantalize the feeling of relaxation in our Mediterranean gardens. Enjoy a meal of creative Greek cuisine in our private, resident only restaurant. Accompany it with a refreshing cocktail tailored made by our on-site mixologist and food pairing expert. Indulge into a journey of taste on the hill in front of our beach, overlooking the crystal waters. Feel unique with our VIP services which add savor pleasure to your holidays. Enjoy a refreshing massage or yoga session. Cruise around Holy Mount Athos, a UNESCO World Heritage Monument on yacht. Feel the ultimate holiday experience to create memories that last a lifetime...! The Avaton Restaurant Indulge in a world of tastes and aromas created by our artisan executive chef, Mr Pano Papadopoulos, who will seduce you with his modern culinary creations of Mediterranean cuisine. Choose between our rich à la cart menu or apotheosize your gastronomic journey with our chefs’ tailor-made creations according to your personal wishes. Get served in our Restaurant area on the serenity of a green hill in front of a magnificent beach, overlooking the crystal Aegean waters or in the privacy of your villa. Avaton Champagne Bar Enjoy a refreshing signature cocktail proposed by our on-site mixologist and food pairing expert in our Champagne Bar. Be part of our idyllic setting and try our sophisticated gourmet dishes and drinks for the simultaneous satisfaction of all your senses…! Awards and Distinctions Avaton Luxury Villas Resort has received a World Travel Award, a Greek Hospitality Award, a Certificate of Excellence by TripAdvisor and two Excellence Awards by Booking.com.",Greece,6.566182,,,
TOR HOTEL GROUP,6535967.0,"Greece, Central Macedonia, Thessaloníki",https://www.linkedin.com/company/macedonian-hotels-sa,www.torhotelgroup.gr,"TOR HOTEL GROUP (previously named as Macedonian Hotels SA) is a company based in Thessaloniki, Greece. It operates 5 hotels, 3 in Thessaloniki and 2 in Halkidiki.  Eagles Palace:  In Mount Athos Peninsula of Halkidiki. A private sandy beach, lush gardens of olive, palm and pine trees and spectacular bay views. Eagles Palace is set on an unspoilt peninsula, close to the monastic holy mountain of Mount Athos. It has an extensive selection of restaurants and bars, a beach water sports centre, a relaxing spa by Elemis and a selection of boats to explore the legendary beauty of the area (www.eaglespalace.gr). Eagles Villas : A family run resort in a unique, sea front location amidst lush mediterranean gardens, next to Eagles Palace, situated in Ouranoupolis, Halkidiki. Eagles Villas features 42 luxury villas with breathtaking view to its garden and the resort’s private beach (www.eaglesvillas.gr). The Excelsior: An elegant art deco building with a chic modern interior. Within the cultural heart of Thessaloniki with its vibrant cafes and the seafront all within walking distance, the Excelsior Hotel is a haven of peace and calm with a gourmet restaurant and bistro, a fabulous roof garden, a cocktail bar and a range of spa treatments (www.excelsiorhotel.gr). City Hotel: In the modern Greek city of Thessaloniki, there is a contemporary city hotel, of modern design, conveniently located just off Tsimiski street, the fashionable shopping street of Thessaloniki (www.cityhotel.gr). ON Residence: ON Residence is more than an experience – a myth coming alive, bringing the glory of the past before your very eyes. In tune with the vibes of the historic city of Thessaloniki, ON Residence is a journey back in time to when glory, charm and joie de vivre were the elixirs of life (www.onresidence.gr).",Greece,6.535967,,,
La Marquise Luxury Resort Complex,6535967.0,Greece,https://www.linkedin.com/company/la-marquise-luxury-resort-complex,lamarquise.gr,La Marquise Luxury Resort Complex,Greece,6.535967,,,
Akrathos Beach Hotel,6490237.0,Greece,https://www.linkedin.com/company/akrathos-beach-hotel,www.akrathos-hotel.gr,"Akrathos Beach Hotel Located on the green hills of the Athos Peninsula, 2 km. away from Ouranoupolis village and 115 km. away from the airport of Thessaloniki “Macedonia”, Akrathos Beach 4 Star Hotel offers contemporary and stylish accommodation to the guests. All of our 266 rooms and suites are tastefully designed in modern and minimalist style.  Welcome to your summer dream…",Greece,6.490237,,,
Athens Lotus Hotel,6490237.0,Greece,https://www.linkedin.com/company/athens-lotus-hotel,athenslotushotel.gr,"The Athens lotus hotel, a neoclassical building dating from the early 20th century, fully renovated in 2009 as a 4-star hotel, is the starting point of a new activity that prioritizes aesthetic rejuvenation and hospitality. In the historical centre of Athens, 50 metres from the Metaxourghio metro station, within walking distance of the National Archaeological Museum, the main railway station and the suburban railway, the hotel is an ideal home-base for direct access to all of the cities important destinations, as well as to the airport and the port.",Greece,6.490237,,,
Vivestia | Explore Book & Travel In VR,6490237.0,"Greece, Attica, Athens",https://www.linkedin.com/company/thevivestia,www.thevivestia.com,"Explore, Book and Travel in VR Vivestia is a booking platform that offers you a 100%, unprocessed and realistic 3D Tour of the interior and exterior of luxury villas in Greece. By using cutting-edge VR technology and revolutionary 3D Scan techniques we present in the best possible way the villas and all their amenities to help you understand and anticipate better what you actually care about to book. Through our 3D realistic models, we can provide you with a complete 3D Tour of your dream villa and the flexibility to explore and ""virtually walk"" inside every single room.",Greece,6.490237,,,
Gialos Restaurant,6490237.0,Greece,https://www.linkedin.com/company/gialos-restauramt,www.gialos-pollonia.gr,"“Gialos”, located in one of the most picturesque villages of the island, Pollonia, was first opened in 2007 by a group of friends who had fresh ideas, appetite and love for “good” food! “Gialos”, located in one of the most picturesque villages of the island, Pollonia, was first opened in 2007 by a group of friends who had fresh ideas, appetite and love for “good” food! At this restaurant, dressed in the colors of olive tree leaves, a customer combines the chic simplicity together with a discreet luxury. The tables and chairs by the sea- front offer the desired setting for peace and relaxation, while the magical view of the small port with its colorful boats during sunset naturally marks your palate's experience. Nevertheless, it is the smiles and kindness of the people that add on perfect, friendly service for you to have a meal you will simply never forget. At “Gialos” you will enjoy dishes that match traditional recipes with modern cuisine always based on quality products, imagination and mainly the skill and creativity of the experienced chef. The menu is frequently refreshed, thus tastefully surprising even the most demanding customer. Last, but certainly not least, the long wine list combined with the expertise of our people on wine is the finishing touch welcoming you to a journey in tastes and aromas.",Greece,6.490237,,,
The Gem Society Boutique Hotel & Spa,6490237.0,"Greece, Attica, Athens, 3 Aristeidou, 10559",https://www.linkedin.com/company/the-gem-society-hotel,thegemsocietyhotel.com,"Step into the Top-Awarded 4 star Boutique Hotel of Athens: The Gem Society. We accommodate, string-pull and generally go the extra mile to ensure a bespoke Athenian experience. We offer a unique feel-at-home experience, unlike other hotels or home rentals on the market. Located in the heart of Athens’ Historic Triangle, it is set against a canvas of ancient and contemporary; making it the ideal base for tapping into a million things the city has to offer. The Gem Society Boutique Hotel & Spa is a hip destination for tasteful travelers. Looking for a stellar place to stay in Athens? Book and indulge in true upscale hospitality at its best. The Gem Society’s essence lies in ensuring our guests a memorable stay. Our rooms and suites are conceived with efficient luxury and absolute comfort in mind. Blissful beds and luscious linens guarantee a heavenly night’s sleep.",Greece,6.490237,,,
Ionian Hotel Enterprises S.A.,6490237.0,"Greece, Attica, Athens, 46 Vassilissis Sofias Avenue, 115 28",https://www.linkedin.com/company/ionian-hotel-enterprises-s-a,www.ionianhe.gr,"Ionian Hotel Enterprises S.A. is one of the leading companies in tourism, hospitality and asset management in Greece. The company owns a historic and emblematic property in the center of Athens, with an exceptional legacy in international hospitality. This unique landmark is currently being transformed into a new city destination that will feature a luxury hotel and premium private residences, a private lifestyle members’ club, multiple culinary and entertainment venues, curated shopping as well as leisure and wellness experiences.",Greece,6.490237,,,
Nubian Hostel Athens,6490237.0,Greece,https://www.linkedin.com/company/nubian-hostel-athens,www.nubianhostel.gr,"Located in the colourful neighbourhood of Exarhia in downtown Athens, Nubian Hostel is the ideal homebase from which to explore the city. Taking its name from the nomadic Nubian culture and aiming to help you feel like a local, at Nubian Hostel you’ll find a home away from home.",Greece,6.490237,,,
14 Reasons Why Hotel,6490237.0,"Greece, Attica, Athens, 21 Miaouli, 105 54",https://www.linkedin.com/company/14-reasons-why-hotel,14reasonswhy.gr,"Located right in the heart of Athens, this hotel is just 200m from Monastiraki Square and within 1.1 km to Temple of Olympion Zeus.  Guests will find a metro station 200m from the property and the entrance of Acropolis is approachable in close distance on foot (700m).  A concrete & steel atmosphere meets game-changing design and gives you “14 reasons” to live an unforgettable hospitality experience!",Greece,6.490237,,,
Think Villa,6490237.0,"Greece, Crete, Rethymno, 14 Markou Portaliou",https://www.linkedin.com/company/thinkvilla,www.thinkvilla.gr,"Think Villa,  a leading bespoke luxury rental villas company. Our curated collection of Greece’s most exclusive and extraordinary homes only features destinations that genuinely inspire us. When it comes down to it, what we all really yearn for is a feeling of connection; connections to like-minded people, to nature, to good design and to our best self. ThinkVilla ethos brings people together in beautiful properties that are designed to lift the spirits and stir the soul. Step out of the everyday world and indulge in life's true luxuries. Classified as a friendly company at heart but with the highest professional standards towards our business and our partners and mostly our guests, we thrive to bring the ultimate holiday villa rental experience to our travellers.",Greece,6.490237,,,
Hotilities,6490237.0,"Greece, Attica, Athens",https://www.linkedin.com/company/hotilities,hotilities.com,"We connect your property with plenty of services and facilities nearby, with the ease of a QR code",Greece,6.490237,,,
Cora Hotel & Spa,6490237.0,"Greece, Áfitos, Thessalonikis-kassandreias, 630 77",https://www.linkedin.com/company/cora-hotel-spa,www.coraresort.com,"Welcome to the recently refurbished Cora Hotel & Spa, a distinguished 5-star retreat in Chalkidiki, Greece. Taking inspiration from the profound legacy of Aristotle, this establishment pays homage to the birthplace of the ancient philosopher, whose work set the “core” for today’s philosophy and science. With 181 rooms and suites perched atop a hill, Cora Hotel & Spa is a haven of tranquillity, surrounded by lush forests and verdant trees. Boasting captivating views of the Aegean Sea, dedicated beach area, outdoor pools, a luxurious spa, and exceptional dining options, this hotel caters to both individuals in search of serenity and families with children aged 12 and above.",Greece,6.490237,,,
Sentido Pelagos Suites Hotel & Spa,6490237.0,Greece,https://www.linkedin.com/company/pelagos-suites-hotel-spa,www.pelagoshotel.com,"The Pelagos Suites Hotel & Spa on Lambi beach is a family friendly complex of rooms, suites and apartments with vast outdoor premises, a selection of swimming pools, bars and restaurants and an indulgent Spa Center that will make our guests' stay on Kos Island as comfortable and summery as ever! Our highly personalised 24-hour service, combined with authentic, elegant surroundings of the highest quality, embodies a home away from home for those who know and appreciate the best.  Our aim is to deliver a relaxing and memorable vacations to our guests, by offering traditional Greek hospitality which blends with a relaxed, modern approach to service. In Pelagos Suites Hotel & Spa, our guests' holidays will become an experience they will never forget; a summer that they will cherish forever.",Greece,6.490237,,,
Royal & Imperial Belvedere Resort,6490237.0,"Greece, Crete, Hersonissos",https://www.linkedin.com/company/belvedere-resort,belvedereresort.com,"Nestled in a prime location, our hotel is the perfect escape for those looking for a relaxing getaway. Our elegant and stylish accommodations are designed to provide the utmost comfort to our guests, featuring modern amenities and premium bedding for a restful night's sleep. Our guests can indulge in a range of dining experiences, from casual to upscale, with a variety of culinary delights to choose from. Our on-site restaurants offers a menu that highlights the best of local and international cuisine, while our bars serve up refreshing cocktails and fine wines. We offer a range of facilities to help our guests stay active and entertained. From our fitness center, equipped with state-of-the-art equipment, to our outdoor pools, there's always something to keep you occupied. For those looking to relax, our spa offers a variety of treatments and massages to rejuvenate your body and mind. Our hotel is also an ideal venue for meetings and events, with a range of flexible spaces to accommodate everything from intimate gatherings to large-scale conferences. We provide full-service event planning, catering, and audiovisual equipment to ensure that every event is a success. At our hotel, we pride ourselves on our exceptional guest services, with our friendly and knowledgeable staff ready to assist you with any needs you may have during your stay. Our goal is to ensure that every guest has a memorable and enjoyable experience that will keep them coming back time and time again. In summary, our hotel offers the perfect combination of relaxation, and entertainment, with a range of amenities to cater to every need. We look forward to welcoming you to our hotel for a truly unforgettable experience.",Greece,6.490237,,,
Green Village,6490237.0,Greece,https://www.linkedin.com/company/green-village-hotel,greenvillage-int.eu,Green Village specializes in the design and implementation of services related to the promotion of sustainable tourism and sustainability education in general. Green Village offers sustainable tourism packages to clients as well as consulting services to interested tourism actors.  The company also organises various educational opportunities such as trainings and seminars related to sustainability and green skills for various target groups across the EU,Greece,6.490237,,,
Akti Hotel,6490237.0,Greece,https://www.linkedin.com/company/akti-hotel,www.aktihotel.gr,"Ακριβώς δίπλα στη λίμνη, αλλά μόλις 900μ από το κέντρο των Ιωαννίνων, το Akti Hotel σας καλεί να απολαύσετε τη μοναδική θέα της Παμβώτιδας, στην πόλη των ασημουργών και των γραμμάτων. Right next to the lake, but only 900m from the centre of Ioannina, Akti Hotel invites you to enjoy the spectacular view to Pamvotida, in the city of silversmiths and letters!",Greece,6.490237,,,
SEASABELLE The HOTEL,6490237.0,"Greece, Attica, 2 Artemidos Av. Artemida, 19016",https://www.linkedin.com/company/seasabelle-hotel,www.seasabellehotel.gr,"Hotel boasts its privileged location right on the beachfront and within close distance to the airport, Attica Zoological Park and other major attractions in the area. For those seeking a serene retreat by the sea, a breath of fresh air in harmony with nature’s beauty all around, welcome to our lovely and cozy hotel in Artemida. Welcome to Seasabelle Hotel!",Greece,6.490237,,,
Eagles Villas,6490237.0,Greece,https://www.linkedin.com/company/eagles-villas,www.eaglesvillas.gr,"Eagles Palace has its roots firmly planted in traditional Greek hospitality and the unwavering ethos and ethic of the Tornivoukas family. It all started in 1925 when Konstantinos Tornivoukas founded Mediterranean Palace, the first luxury hotel in Thessaloniki. A few decades later, in 1962, Konstantinos’ son, George, and his wife Ismini, developed the CITY HOTEL, another prime property in the centre of Thessaloniki. However, the pride of the family lies in the luxurious 5-star Eagles Palace, founded in 1973 in Ouranoupolis, Halkidiki a mere 4 km from the gates of Mount Athos which is known for its spiritual ambiance and majestic grandeur. Named after the symbol of Byzantium and Orthodoxy, Eagles Palace is pillared in its mesmerising location with monastic architecture and in perfect harmony with its natural environment. George Tornivoukas’ son, Konstantinos and his wife Lena, took over the reins of the family business in 1999 and have meticulously honoured the traditions and principles of the past ever since while focusing on building a sustainable future during renovations and various other projects.",Greece,6.490237,,,
Milos Cove Inception Resort,6490237.0,Greece,https://www.linkedin.com/company/milos-cove-inception-resort,www.miloscove.com,"An architectural marvel inspired by the island’s unique geology and formation, the obsidian rocks considered an excellent Feng Shui, the caves and the shimmering sea, posing as an extension of the natural environment over the beach of Agkali in Milos island in Greece. An iconic resort in Milos providing a unique shelter for exclusivity seekers, eternal romantics and newlyweds in one of the most prominent locations of the Cyclades.",Greece,6.490237,,,
Santorini Kastelli Resort,6490237.0,Greece,https://www.linkedin.com/company/kastelli-resort,www.kastelliresort.com,"Quiet 5* Resort with beach access, family atmosphere, high-standard accommodation,with emphasis on the cleanliness.Resort that can cover the inside of the largest range of the customer. Plenty of high quality services that make the hotel itself as a destination (destination resort).",Greece,6.490237,,,
Surf Club Keros,6466071.0,Greece,https://www.linkedin.com/company/surfclubkeros,www.surfclubkeros.com,"A superb combination of luxury, comfort, and proximity with nature. Equipped with every amenity you could possibly wish for, our Luxury Safari Tents are settled right in the heart of a Natura 2000 protected ecosystem. Just a five-minute walk to one of the best windsurfing and kitesurfing beaches in the world, Keros Bay, Lemnos Island Greece.",Greece,6.466071,,,
DHR Services,6408219.0,"Greece, Greece, 154 El.venizelou & Romilias Str.",https://www.linkedin.com/company/dhrservices,dhrservices.com,"DHR Services is an established management company in the hospitality industry, with a vast experience since 1964, based in Athens, Greece. With our profound legacy and unmatched expertise, both as hotel owners & operators, we provide our clients the full range of services in Development Management, Hotel Management, Asset Management, Hospitality Consulting, Brand Selection, Sales & Marketing and Executive Recruitment. We are the exclusive operators of Domotel Hotels & Resorts, a chain of luxury hotels in Greece, from city hotels to resorts. Additionally, our firm acts as a White Flag operator for international renowned brands.  Entrusted by private investors, institutional investors and international brands, our company is dedicated to delivering projects from conception to fruition, from pre-opening to opening, from independent hotels to international acclaimed brands. Backed by a robust internal  talented team of executives and bolstered by our extensive network of business associates & vendors, we ensure your investment reaches its maximum potential.",Greece,6.408219,,,
HotelBoost.gr,6408219.0,"Greece, West Greece, Pátra, 123 Norman Street, 1st",https://www.linkedin.com/company/travelinpet-com,www.hotelboost.gr,"Hotel Boost is active in the field of digital management of hotels and accommodations with the main goal of maximizing (boost) bookings by 90% at each accommodation with which we cooperate, filling availability gaps in full season, extending the period (months) of reservations and connecting our customers with travel agents in Greece and abroad.  At the same time, the purpose of our action is to reduce the cost of managing each accommodation and to automate its operations both inside and outside the digital context.",Greece,6.408219,,,
INSETE,6363401.0,"Greece, Attica, Athens, 32 Voukourestiou",https://www.linkedin.com/company/insete,insete.gr,"Συνδέοντας τον Τουρισμό με τους Ανθρώπους του. «Η Γνώση είναι δύναμη» και στο INSETE είμαστε φανατικοί οπαδοί αυτής της φράσης. Για το λόγο αυτό, με τις εκπαιδευτικές μας δράσεις προσφέρουμε Γνώση, Ενημέρωση, Εξέλιξη και Ανάπτυξη σε όλους τους εκπροσώπους του ελληνικού τουρισμού. To INSETE , μέσα από την εκπαιδευτική του δράση προσπαθεί να εξοπλίσει τους επαγγελματίες του τουρισμού με δεξιότητες και γνώσεις, έτσι ώστε να μπορούν να δημιουργήσουν ανταγωνιστικά πλεονεκτήματα σε κάθε βήμα του «Τουριστικού Μονοπατιού». Με στοχευμένα προγράμματα που απαντάνε ξεκάθαρα στις ανάγκες του σύγχρονου επαγγελματία και είναι φτιαγμένα αποκλειστικά για αυτόν. Με συμβολικά κόστη συμμετοχής που δίνουν σε όλους τους ενδιαφερόμενους ίση πρόσβαση στην κατάρτιση. Στόχος μας η ενδυνάμωση και η ανάπτυξη των δεξιοτήτων, των ικανοτήτων και της κουλτούρας των ανθρώπων μας για έναν Τουρισμό που θα συνεχίσει να είναι η Κιβωτός της Ελληνικής Οικονομίας.",Greece,6.363401,,,
The Anamar Hotels Resorts & Villas,6293838.0,Greece,https://www.linkedin.com/company/the-anamar-hotels-resorts-villas,anamar.gr,"The Anamar Hotels & Resorts is a selection of luxury hotels and resorts on the islands of Mykonos, Santorini, Kea, Zakynthos, Patmos and on stunning Pelion village.  We would like to welcome you to our Group of Hotels ANAMAR. Come and discover a new level of sophisticated elegance and modern design, promising a truly authentic memorable experience in all of the ANAMAR luxurious hotels & resorts. Catering to every need and offering from elegantly designed luxury Classic guest rooms, to spacious Executive suites, to individual private luxury Villas for unforgettable private and family moments. You will also be able to experience our rejuvenating SPA treatments in the most serene settings or conduct any social occasion with exceptional excellence whether for social events or corporate conferences. With a variety of destinations to choose from, each hotel and resort combines world class amenities with unlimited luxury, and a highly trained staff ready to cater to every personal need ensuring that your stay will be guaranteed to be unforgettable! Located in the most beautiful parts of Greece, and capturing the essence of the surrounding natural wonders, our hotels and resorts offer the ideal getaway that will accommodate any event either corporate or leisure. The Group of Hotels Anamar are managed both privately and under leased agreements, and include the following:     Anamar Pilio Resort     Anamar Kea     Anamar Blu     Anamar Mykonos     Maistros Village     Anamar Zante     Anamar Santorini     Anamar Patmos     Thealos Hotel Come live the myth with us!",Greece,6.293838,,,
KOIA All-Suite Well Being Resort,6293838.0,"Greece, South Aegean, Agios Fokas",https://www.linkedin.com/company/koia-all-suite-well-being-resort,www.koiaresort.com,"Welcome to KOIA All-Suite Wellbeing Resort KOIA is inspired by ancestral wisdom and historical architecture to create a unique adults-only, all-suite wellbeing resort in Kos island.  Fully embracing the Hippocratic Principles of Wellbeing that originated from this sacred land, KOIA seeks to present a more naturally aligned way of holidaying through balanced living whereby nature and the individual harmoniously coexist, complementing each other.    Just 6 km from Kos town, cascading down along the Hill of Agios Fokas and overlooking a private beach, KOIA recreates the architectural design features of the historical Ancient Doric Hexapolis settlement, offering a window into the way of life of the island’s ancestry.",Greece,6.293838,,,
Spick And Span AE,6293838.0,"Greece, Attica, Athens",https://www.linkedin.com/company/spick-and-span-ae,www.spickandspan.gr,"Spick and Span is a company dedicated to develop and provide value-added textile solutions. We provide service solutions to lease, source, clean and maintain textiles; taking pride in servicing our customers textile needs fully and efficiently enabling them to concentrate on their core competencies in the hospitality and healthcare sectors. Our services include investment in the stock of textile goods at the customers’ exact specifications, management of the stock, pick-up of soiled items, and delivery of professionally cleaned and quality-checked textiles.",Greece,6.293838,,,
Creta Palm Resort 4*,6293838.0,"Greece, Crete, Chaniá",https://www.linkedin.com/company/creta-palm-resort-4,www.creta-palm.gr,"Creta Palm Resort was build in 2002 consisting of 59 Studios & Apartments. In 2007 reached 134 rooms and added a 2nd pool for the guests. At this moment, has 144 rooms and can accommodate up to 400 guests in full capacity. In full season, occupies approximately 55 employees. We are always happy to give opportunities to people who have a genuine interest in Tourism and Hospitality.",Greece,6.293838,,,
The Excelsior Hotel - Thessaloniki,6293838.0,Greece,https://www.linkedin.com/company/the-excelsior-hotel-thessaloniki,www.excelsiorhotel.gr,"In the heart of Thessaloniki city centre lies the Excelsior, a five-star luxury boutique hotel with top-notch rooms, suites and services. This world-class accommodation establishment pays tribute to a bygone era of Thessaloniki. It is an architectural masterpiece by French engineer, Jean Joseph Playber, in collaboration with architect, Eli Hassid Fernandez. With its corridors abound with historical tales, the neoclassical building which was built in 1924, once contained the business premises of self-employed professionals, notaries, architects, engineers, booksellers, a watch-repairer, tailor and electrician. The Excelsior – also known as the Matalon Building according to official state documents – has been beautifully and respectfully preserved and restored, giving visitors an opportunity to experience the past and modern present in a unique way.",Greece,6.293838,,,
DealBnB,6293838.0,"Greece, Attica, Athens, 4 Hydras, 15451",https://www.linkedin.com/company/dealbnb,www.dealbnb.com,"DealBNB is a start up, Hospitality Luxury Management Company, member of an International Investment Group of Companies. More than 100 Private Luxury Properties in Athens belong to our Management portfolio and the number of our properties is rapidly increasing.",Greece,6.293838,,,
Kydon Hotel,6293340.0,Greece,https://www.linkedin.com/company/kydon-hotel,www.kydonhotel.com,"At KYDON The Heart City Hotel, we are ready to turn your business trip into an absolute success. Located at the center of Chania, this historical hotel has accommodated a great number of important personalities and keeps improving its amenities through experience and according to the needs of the modern businessman. With special regard to the business traveler's needs, KYDON The Heart CityHotel has planned a set of exclusive privileges. Take full advantage of our services tailored to your convenience, such as free iPad during your stay (upon request), Apple TV, free wi-fi, free parking and more. Choose our IDEAS meeting room for your corporate needs. We are here to plan with you a smooth and successful event. Host your business lunch or a gourmet dinner party; enjoy a balanced and healthy diet while you stay in the homeland of the worldwide known Cretan nutrition. We take your business trip very seriously. Let us organize everything together and help you make the best of it!",Greece,6.29334,,,
Ilio Mare Luxury Hotels & Resorts,6293340.0,"Greece, Island, Dassilio Prinou Thassos, 640 10",https://www.linkedin.com/company/ilio-mare-luxury-hotels-&-resorts,www.iliomare.gr,"An awarded, idyllic travel destination, one of the best 5-star beach-side hotels. The Ilio Mare resort hotel in Thassos island emerges through the tropical palm trees and the turquoise waters of its golden coast. It is a sea-side 5-star hotel with an excellent level of services; ideal for a family holiday, beloved for its romantic atmosphere and modern style, popular for its elegant luxury and unsurpassed beauty of the nature surrounding it. It offers a perfect environment, inside the lush vegetation and a stone's throw from the beach, for an unforgettable summer stay, where one can combine organised activities and unique events.",Greece,6.29334,,,
THRAKI PALACE S.A.,6293340.0,"Greece, East Macedonia And Thrace, Alexandroupoli",https://www.linkedin.com/company/thraki-palace-s.a.,www.ramadaplazathraki.com,"Hotel Management  and Development,  owns and operates RAMADA PLAZA  BY WYNDHAM THRAKI Hotel",Greece,6.29334,,,
The Pearls Collection,6293340.0,Greece,https://www.linkedin.com/company/11755135,www.thepearls.com,"Pearls Collection is the epitome of luxury travel; an amalgam of opulent estates and impeccable bespoke services. Just as unique and precious as rare pearls, our masterpiece villas adorn the most sensational global destinations, inviting guests to embark on a journey of luxury profound. Through Pearls Collection, exceptional accommodation, natural beauty, culinary wonders, and captivating cultures manifest as treasurable experiences and everlasting memories.",Greece,6.29334,,,
Cohort,6293340.0,"Greece, Attica, Athens, 93 Liosion, 104 40",https://www.linkedin.com/company/thecohortlife,www.thecohort.com,"We are a community driven, tech-enabled, lifestyle hospitality platform offering experiences built for the modern traveller/citizen that chooses when, where and how they want to work, live and thrive.",Greece,6.29334,,,
Lesante Classic,6293340.0,"Greece, Tsilivi, 29100",https://www.linkedin.com/company/lesante-luxury-hotel-&-spa,www.lesante.gr,"Lesante Classic Luxury hotel & Spa is a boutique luxury hotel located on the beautiful island of Zakynthos. Strategically located on the island, Lesante Classic Luxury Hotel & Spa offers an obvious gateway for seeking the natural beauty of Zante. The hotel provides an exceptional high standard of accommodation for the present day traveller, and with the intimate amount of 119 room’s exclusivity is guaranteed. A wide variety types of  rooms & suites are available all with a tailor made, modern and stylish interior, and truly every imaginable facility is en suite. The hotel also provides 2 restaurant and 2 bars and a Spa centre.",Greece,6.29334,,,
Petinos Beach Hotel,6293340.0,Greece,https://www.linkedin.com/company/petinos-beach-hotel,www.petinosbeach.gr,"It is no wonder the Petinos Beach hotel was awarded the '25th International Award for Tourist Hotel and catering'.    The luxury 5 star hotel is one of the finest on Mykonos and is well-known for its friendly professional staff and world-class hospitality. The hotel boasts a wide range of quality facilities and amenities making it an ultimate destination for seasoned travelers. Furnished to the highest standards, the Petinos Beach hotel, takes great pride in providing first-rate services and making guests feel welcome.     Take a peek at Petinos Beach hotel's deluxe suites and see for yourselves the impressive array of essential facilities. The hotel really does cater to your every need and well-deserves its enviable reputation",Greece,6.29334,,,
White Pearl Hospitality,6293340.0,"Greece, Oia, 84702",https://www.linkedin.com/company/white-pearl-hospitality,wp-hospitality.com,"White Pearl Villas, White Pearl Cavalieri, Elysian Retreat & Elysian Santorini belong to the greater family of White Pearl properties and offer accommodation and concierge services to the beautiful island of Santorini. Luno cafe in Oia, Lefkes restaurant in Finikia, and Lucky 8 Sunreef Power Catamaran, sister companies to White Pearl, complete our efforts to provide high-quality accommodation experiences to our clients.  Our company's offices are located in Athens and in Santorini while the accommodation properties are scattered in Oia, Imerovigli & Finikia villages, Santorini. Our team's sense of hospitality is second to none and we are always available to provide customer-oriented service to our guests, ensuring a memorable accommodation experience. We are always eager to find new members that share the same mentality to join our team and grow with us. If you feel that you are interested in a customer-oriented and high pace evolving environment sends us your cv at careers@wp-hospitality.com  Read more about White Pearl Culture at www.wp-hospitality.com For those who would like to join the White Pearl family, join our team, we are just a phone call away!",Greece,6.29334,,,
Santo Collection Oia,6281320.0,Greece,https://www.linkedin.com/company/santo-maris-oia-luxury-suites-&-spa,santocollection.gr,"At Santo Collection, we bring sustainable-minded, authentic, and award-winning Greek hospitality to the island of Santorini. Our existing hotel, Santo Pure Oia Suites & Villas (formerly named Santo Maris), and our brand new hotel Santo Mine Oia Suites, opening in 2023, as well as our private villas, also opening in 2023, have been designed to capture the spirit of the island taking inspiration from the natural harmony, the iconic rocky landscape, and the breath-taking views of the sea and the sunsets. Sitting peacefully in privileged locations between the azure blue of the Aegean archipelagos and the picturesque town of Oia, our enchanting suites and villas will inspire you to discover the wonders of the iconic Santorini Island.",Greece,6.28132,,,
AKS Hotels,6251404.0,"Greece, Attica, Athens, 346 Kifissias Av. Halandri, 15233",https://www.linkedin.com/company/aks-hotels,www.akshotels.com,"Με παράδοση στην ελληνική φιλοξενία και υπηρεσίες υψηλής ποιότητας, τα AKS Hotels στο Πόρτο Χέλι προσφέρουν μοναδικές εμπειρίες διακοπών σε έναν πανέμορφο προορισμό απαράμιλλου φυσικού κάλλους. Τα δύο ξενοδοχεία της αλυσίδας AKS Porto Heli και AKS Hinitsa Bay αποτελούν εδώ και δεκαετίες δύο από τις δημοφιλέστερες επιλογές διαμονής στην Πελοπόννησο για επισκέπτες από την Ελλάδα και το εξωτερικό. O όμιλος διαθέτει, ακόμη, τo AKS Conference Center, το οποίο χάρη στις εγκαταστάσεις και τον υπερσύγχρονο εξοπλισμό του αναδεικνύεται σε ιδανική επιλογή για την οργάνωση συνεδρίων υψηλών απαιτήσεων.",Greece,6.251404,,,
Nimbus Hotels,6251404.0,Greece,https://www.linkedin.com/company/nimbus-hotels,www.nimbus-hotels.com,Nimbus hotels are a chain of hotels located at Mykonos and Santorini. Our passion is to offer the best possible experience with pofessionalism and hospitality always in mind,Greece,6.251404,,,
Blue Sea Resort Collection,6241166.0,"Greece, South Aegean, Ródos, 85100",https://www.linkedin.com/company/diacomichalis-s-a,www.bluesearesorts.gr,Resorts in Greece,Greece,6.241166,,,
Plataeon S.A.,6174852.0,"Greece, Attica, Athens",https://www.linkedin.com/company/plataeon-s-a,www.pi55.com,"Plataeon S.A. is a dynamic company operating in the hospitality and cultural sector in Athens. Our portfolio includes the coworking space Pi55 in Athens, providing a vibrant and flexible work environment for entrepreneurs, freelancers, and small teams. Additionally, Panellinio Athens Experience Car Services, a full-service parking garage in Athens offering, fuel, permanent and temporary parking, and car wash. Our team of experienced professionals is committed to delivering exceptional customer service, ensuring that every client receives a personalised and unforgettable service. At Plataeon S.A., we are driven by a passion for excellence and tireless dedication to exceeding our client’s expectations.",Greece,6.174852,,,
Παιδικές Κατασκηνώσεις Ελαιώνες,6144996.0,"Greece, Central Macedonia, Thessaloníki, 71 Tsimiski, 54622",https://www.linkedin.com/company/παιδικές-κατασκηνώσεις-ελαιώνες,www.eleonescamp.gr,"Οι «ΕΛΑΙΩΝΕΣ» θα λειτουργήσουν φέτος για εικοστή έβδομη χρονιά! Η κατασκήνωση μας, που απέχει λιγότερο από 100χλμ από τη Θεσσαλονίκη, βρίσκεται στο Γομάτι Χαλκιδικής μέσα σε έναν αιωνόβιο ελαιώνα με πολλά λουλούδια και πλούσια βλάστηση και βρέχεται από τον κόλπο του Αγίου Όρους. Η παραλία μας είναι βραβευμένη με τη διάκριση ΜΠΛΕ ΣΗΜΑΙΑ ΚΑΘΑΡΙΟΤΗΤΑΣ από την Ε.Ε. Η περιοχή έχει χαρακτηριστεί ως «... ΠΕΡΙΟΧΗ ΙΔΙΑΙΤΕΡΟΥ ΦΥΣΙΚΟΥ ΚΑΛΛΟΥΣ...» από το Υπουργείο Μακεδονίας – Θράκης. Πιστοί από την αρχή της λειτουργίας μας στον κατασκηνωτικό θεσμό, δημιουργήσαμε ένα χώρο ειδικά διαμορφωμένο για παιδιά που προσφέρει υψηλής ποιότητας κατασκηνωτική ζωή. Δημιουργήθηκε έτσι ώστε να συνδυάζει ένα ευχάριστο και αρμονικό περιβάλλον με άρτιες και ασφαλείς εγκαταστάσεις. Οι κτιριακές εγκαταστάσεις μας είναι μας είναι αποκλειστικά παραδοσιακής αρχιτεκτονικής (νεόκτιστα σπιτάκια από πέτρα και ξύλο με κεραμοσκεπή). Περιμένοντας το καλοκαίρι προετοιμαζόμαστε, για ακόμα μια φορά, να υποδεχτούμε όλους εσάς στους Ελαιώνες. Αποβλέπουμε λοιπόν σε ποιοτικά αποτελέσματα με την κοινωνικοποίηση των παιδιών μέσα από ένα καθημερινό πανηγύρι χαράς, διασκέδασης και δημιουργίας. Από τη δική σας πλευρά μένει να οργανώσετε τις καλοκαιρινές σας διακοπές στους Ελαιώνες, μόνοι ή και με φίλους, αφού επιλέξετε την κατασκηνωτική περίοδο. Για περισσότερες πληροφορίες είμαστε στη διάθεσή σας!",Greece,6.144996,,,
Acharavi Beach Hotel,6144996.0,"Greece, Acharavi, Acharavi Corfu, 49100",https://www.linkedin.com/company/acharavi-beach-hotel,www.acharavibeach.com,"Welcome to Acharavi Beach Hotel on the island of Corfu! Superbly located on the beachfront, the resort offers its guests warm and friendly accommodation topped with excellent service with a smile. Enjoy your stay by choosing the room type fitting best your needs and desires, taking full advantage of the modern amenities and high class facilities.  The hotel’s privileged location in the picturesque village of Acharavi provides the ultimate backdrop for family holidays in utter relaxation. Overwhelmed by absolute tranquility and serenity all around, guests can relax and enjoy quality time with their family and loved ones. In a cozy environment, both children and adults will find the perfect retreat for unmatched holidays by the sea at one of the finest hotels in Corfu. With an outdoor swimming pool and bar-restaurant, a spacious veranda and a playground, this Corfu resort is exactly what families need to unwind and have fun.  The sandy beach stretches at an extent of 7 kilometers, creating an inviting place where guests enjoy refreshing dives and leisurely moments sipping on cocktails during the day. Comfortable sun loungers and umbrellas with generous shade complete the idyllic scenery.  At sunset, the very same beach overflows with romance. As the sun goes down in Acharavi, thousands of chromatic shades spread all around and embrace you in the most spectacular manner. An ideal experience for couples in love, a highlight for honeymooners!  Acharavi Beach Hotel allows guests to indulge in marvelous holidays in Corfu. If you have been dreaming of vacations surrounded by lush greenery, just a few steps from the beach and still within proximity to all major sights and attractions on the island of Corfu, you can open your eyes! Standing out amongst other hotels, this lovely resort scores a perfect 10 in hospitality standards, location and facilities. Touch your dream in Acharavi and enjoy every moment!",Greece,6.144996,,,
Varos Village Hotel & Residences,6144996.0,"Greece, Lemnos, Varos, 814 01",https://www.linkedin.com/company/varos-village-hotel-residences,varosvillage.com,"The unique concept of Varos Village Hotel & Residences gives you a chance of an unprecedented holiday on Lemnos island. With authenticity, Luxury and Tradition being our core values, here is a place that surrounds you with all the elements that warm the cockles of your heart. Varos Village Hotel & Residences welcomes distinguished and eclectic travelers who wish to have a holiday that is different from any other. For those of you who wish to find yourselves among the pastoral tranquility that local island life exudes; for those of you who seek an alternative vacation, to a place where you can easily connect with nature, and where, ultimately, you can reconnect with yourself. Step into the local way of living. Plunge into a newfound sense of belonging. Immerse into the true meaning of a holiday, for the moments you will experience here, will be cherished for a lifetime. Our one-of-a-kind hospitality accommodation concept was born from the desire to offer the most authentic stay experience possible, whilst ensuring the highest levels of comfort and convenience.",Greece,6.144996,,,
Dorian Inn Hotel,6144252.0,"Greece, Attica, Athens, 15-19 Pireos Str., 105 52",https://www.linkedin.com/company/dorian-inn-hotel,dorianinnhotel.com,"Centrally located in Athens, Dorian Inn is a 2-minute walk from Omonia Metro Station. From its top-floor pool and restaurant, guests can enjoy views of the Acropolis and the Saronic islands. You can choose from six different accommodation choices to suit your budget and style.",Greece,6.144252,,,
Vanoro Hotel,6144252.0,Greece,https://www.linkedin.com/company/vanoro-hotel,www.vanorohotel.com,"All you ever needed in a carefully-designed hospitality experience. Within strolling distance from the city’s historical centre, Vanoro is a brand-new urban 5* hotel—the ideal jumping-off point to explore one of Greece’s most enchanting and full of fascinating stories travel destination!",Greece,6.144252,,,
Knossians,6120507.0,"Greece, Attica, Athens, 262 Kifissias Avenue",https://www.linkedin.com/company/knossians,www.kokari.com,"We are active as owners and operators of Branded Class A* (Accor, Hyatt, Hilton, Marriott, Intercontinental-IHG) franchised city hotels & resorts located in South Eastern Europe.  As a dedicated operator of luxurious hotels, we offer a “total management solution” to hotel owners, owning companies or investors.",Greece,6.120507,,,
SAY Hotel,6106845.0,Greece,https://www.linkedin.com/company/say-hotel,www.sayhotel.gr,"Welcome to an impeccable stay experience in the most prestigious suburb of Athens. A place where elegance meets modern design and architectural sophistication is fused with touches of hip decor, creating a wonderful environment to house an indelible holiday or business occasion. A boutique hotel that exudes a metropolitan yet warm ambiance that is characterized by “star-luxury”.",Greece,6.106845,,,
White Rocks Hotel Kefalonia,6088548.0,"Greece, Kefalonia, Platys Gialos Argostoli, 28100",https://www.linkedin.com/company/white-rocks-hotel,www.whiterocks.gr,,Greece,6.088548,,,
TUI BLUE Caravel,6067566.0,Greece,https://www.linkedin.com/company/tui-blue-caravel,caravelresortspa.gr,"Sea views are easy to come by at TUI BLUE Caravel, because it perches right on the edge of a golden strip of sand. This 5-star resort is set right on a sand-and-shingle beach. A couple of steps link the pool terrace and the shore, so it’s really easy to flit between the two. Location-wise, you’ve got a handful of local bars and tavernas within 10 minutes’ stroll. Zakynthos Town is within easy reach, too – it’s just 15 minutes’ drive away.",Greece,6.067566,,,
Dion Palace Resort,6067566.0,Greece,https://www.linkedin.com/company/dion-palace-resort,dionpalace.com,"Dion Palace Resort is an idyllic 5 star hotel located in the region of the mythical riviera of Mount Olympus.  We welcome guests from all over the world in our hotel complex which holds a total capacity of 192 rooms with 8 private pool suites, 16 sea front rooms, 20 'Oasis House' rooms, and 148 standard Sea and Mountain View rooms. It is also accompanied by a 2.000 sq. meter SPA which is fueled by the springs of the 'Mountain of the Gods' which hosts a variety of Spa and Massage treatments, as well as a heated indoor pool. For any inquiries, please don't hesitate to contact us via our Social Media or at info@dionpalace.com",Greece,6.067566,,,
Aeonian Sublime Hotels,6067566.0,Greece,https://www.linkedin.com/company/aeonian-sublime-hotels,www.aeoniannisos.com,"We all here @AeonianSublimeHotels are dedicated to turning daily hospitality EXPERIENCES, into lifetime FEELINGS, which make PEOPLE .. want to return .!!",Greece,6.067566,,,
Royal Marmin Bay Boutique & Art Hotel,6067566.0,"Greece, Crete, Elounda",https://www.linkedin.com/company/royal-marmin-bay-boutique-art-hotel,www.royalmarminbay.gr,"The adults only Royal Marmin Bay Boutique & Art Hotel overlooking the famous Mirabello Bay in Elounda Crete is architecturally blended with the natural environment and is the first energy efficient, ecologically green hotel in Greece that constitutes the ideal five-star choice for those in quest of relaxation and luxury, away from their daily routine.",Greece,6.067566,,,
Mareblue Beach Resort,6067566.0,"Greece, Ionian Islands, Corfu, St.spyridon, 49081",https://www.linkedin.com/company/mareblue-beach-resort,www.marebluebeachcorfu.com,"Live your dreamy holidays! On the seafront of one of the most beautiful beaches in Corfu with crystalline turquoise water of the Ionian Sea is the Family run Mareblue Beach **** Corfu Resort.   From a quality point of view, all the rooms are Doubles, Family or Suites. Each room is equipped with everything you need to make your stay unique and special.   The hotel resort, offers 3 restaurants, all with views of the Ionian and Adriatic Sea, among which you can find: the Almyra international buffet restaurant, the Pool Pizza/Pasta Snack buffet style restaurant, Olives our a la carte restaurant serving typical Mediterranean cuisine and the Greek Barbeque Grill corner. There are also 2 bars strategically located throughout the hotel. The Mareblue Beach All Inclusive program, offers availability of snacks, meals and drinks throughout the day.   Enjoy the facilities of our Corfu resort: 3 swimming pools, which include the spectacular free form pool our children’s pool and the exclusive adults only swimming pool, gym, mini market, special massage area and for the youngest members of the family, a Miniclub and full day kids animation program. You can enjoy all kinds of sports during your stay, including tennis, basketball, football, scuba diving and many more all coordinated by our sports animator. At night, enjoy the lively nightlife that the hotel offers with live shows in the Teatro Loco and our terrace for more romantic gateways.    Here you can find everything you need to enjoy the holiday of your dreams!",Greece,6.067566,,,
Mykonos Bay Resort & Villas,6067566.0,"Greece, Mykonos, 84600",https://www.linkedin.com/company/mykonos-bay-resort-villas,www.mykonosbayresort.com,"An art-desiged luxury beach resort in Mykonos, just a breath away from Mykonos town with a dreamy scenery along with the most breathtaking sunset views. The white-washed property is the epitome of Mykonian architecture. Experience the authentic Greek hospitality on the island of Mykonos all around the pool beach and restaurant area of the beachfront resort.  Mykonos Bay was built in 1985 and in 1986 was the first year of operation. The only hotel by Megali Ammos beach, next to Mykonos Town, up on the beach! Year by year the owner, the mind and the soul of this business dream, Nick Kousathanas succeeded to combine Mykonian hospitality, tradition and luxury services while still welcoming every single guest all these years.  The main restaurant called ""Karavas"", founded in 2023, serves Mediterranean dishes, combining the Greek traditional taste with a modern touch, has a capacity of 200 covers indoors and outdoors, is open from 08:00 to 23:00, serves à la carte breakfast, lunch and dinner while providing the ultimate memorable guest experience with breathing views next to the waves.",Greece,6.067566,,,
TUI BLUE Zante Maris,6067566.0,Greece,https://www.linkedin.com/company/tui-blue-zante-maris,zantemaris.gr,"Experience the perfect seaside holiday at a luxury and stylish beachfront hotel with contemporary designed rooms, elegant swimming pools, and seaside dining venues.",Greece,6.067566,,,
Infinity Blue Boutique Hotel & Spa,6067566.0,"Greece, Crete, Hersonissos, Dedalou 9 Street, 70014",https://www.linkedin.com/company/infinity-blue-boutique-hotel-spa,www.infinitybluehotel.gr,"Infinity Blue Boutique Hotel & Spa is a 4 star hotel located in Hersonissos, which is one of the most famous destinations of Crete, Infinity Blue Boutique Hotel and Spa is the right place to see for yourself the Famous Cretan open hearted generosity and hospitality. Developed with the aim to meet the needs of holiday at a perfect combination of requirements and cost. You are invited to stay with us, and feel like home. Infinity comfort, Infinity value, Infinity Hotel.",Greece,6.067566,,,
Esperides Resort Crete,6067566.0,"Greece, Koutouloufari Limenas Chersonisou, Kosta Varnali, 700 14",https://www.linkedin.com/company/esperides-resort-crete,www.esperidesresortcrete.gr,"pA01 : 18 / 02 : 51O PURE LUXURY IN CRETE Esperides Resort Crete is blessed with a prime location in the heart of a medieval-like gem Cretan village overlooking the Aegean Sea, inviting guests to savour the essence of time-honoured Cretan living. The luxurious resort is situated on a beautiful hill just 800 metres above the coasts of Hersonissos, overlooking long sandy beaches and a raw, unspoiled landscape with century-old olive groves. Encapsulating the ageless charm of Koutouloufari traditional village in its state-of-the-art facilities, Esperides Resort Crete’s architecture adjusts precisely to the picturesque stone-built village, inviting guests to a dreamy destination. Experience Esperides Crete—where delights await at every turn.",Greece,6.067566,,,
FarOut Hospitality,6067566.0,Greece,https://www.linkedin.com/company/farout-hospitality,faroutclub.com,,Greece,6.067566,,,
MonAsty Thessaloniki Autograph Collection,6044695.0,Greece,https://www.linkedin.com/company/monastyhotel,www.monastyhotel.com,"MonAsty, Autograph Collection by Marriott International, situated in the heart of Thessaloniki, managed by SWOT Hospitality, is the city's inaugural globally recognized hotel. With 100 rooms and suites, including 5 with outdoor jacuzzis, the hotel embodies opulence and pays homage to Thessaloniki's Byzantine legacy.   The property's design exudes sophistication, complemented by top-tier amenities and a culinary experience that aligns with international luxury standards. The hotel is positioned near Aristotle Square and Thermal Bay, showcasing a fusion of historical and contemporary architecture. Guests can indulge in gourmet meals at the Botargo restaurant and Samite Gastro Bar, while the rooftop pool and the panoramic Ennea bar offer stunning views. MonAsty, Autograph Collection is equipped to host corporate gatherings and social functions, featuring private dining options and conference spaces, along with a state-of-the-art fitness center to prioritize guest well-being.",Greece,6.044695,,,
Xenium Advisors,6025840.0,"Greece, Attica, Athens",https://www.linkedin.com/company/xenium-advisors,www.xenium-advisors.com,"Xenium Advisors is a specialist advisory firm with a focus on the Hospitality sector, and until recently was known as I.H.A.S.(International Hospitality & Advisory Services). We are headquartered in Greece, with offices in Italy and Romania, and cover all of  South Eastern Europe. Our team combines a unique blend of hotel operations, technical and investment and finance expertise, enabling us to provide a broad spectrum of advice and support to hotel owners, operators, investors, developers, financiers and loan servicers. We have particular experience in distressed and turn-around situations.",Greece,6.02584,,,
Seez Travel,6025840.0,"Greece, Attica, Athens, 11 Korinthou Street, 14451",https://www.linkedin.com/company/seez-travel,www.seeztravel.com,"Our DNA is compiled of a team of professionals who love to travel, make new friends and most of all are passionate about welcoming your guests to the place we call home, Greece! We are a leading DMC and our niche is curated private experiences; it is all we do and are known for doing it well! We aim to be a pioneer in our industry by combining innovation with a personal customer service approach. We pride ourselves in transparency, ethos and in developing long term relationships with our partners while we thrive in offering a world-class product that is truly one-of-a-kind. We are true believers in the notion that the best supplier is not necessarily the most expensive but rather the one you share common values and ethos. We are proud to be a DMC Founding Member of Serandipians, Select in Country Partner for Travel Leaders Group, part of PURE, LE Miami and ILTM Cannes. We are Represented by Perowne International in the UK, Wanderluxe Destinations in the US and TL Portfolio in Brazil. Member of ALGEAN GROUP.",Greece,6.02584,,,
Theartemis Palace Hotel,5820451.0,"Greece, Crete, Greece, 26 Markou Portaliou, 74100",https://www.linkedin.com/company/theartemis-palace-hotel,theartemis.gr,"Conveniently located at the crossroads of the southern coast, between Chania and Heraklion, Theartemis Palace is a prestigious resort with a firmly established reputation. Close to the old town centre and the long sandy beach, with high standards of service and good range of facilities. This comfortable and friendly hotel provides cosy rooms, a nice bar to have a drink and a chat. Our restaurant offers you a variety of Greek and international dishes, in a stylish and refined environment through our rich buffets and show cooking for any meal of the day you choose we'll wait for you for your breakfast, lunch or dinner.",Greece,5.820451,,,
Daios Cove,5703904.0,"Greece, Vathi, 72100",https://www.linkedin.com/company/daios-cove,daioscove.com,"Located in the privacy of a secluded cove on a sun-drenched stretch of coastline, Daios Cove is the absolute choice for travellers seeking 5-star luxury accommodation in Agios Nikolaos, Crete. The resort’s impressive architecture organically blends in with the rugged surroundings creating a natural hub of beauty and serenity for guests to explore. Setting a high standard of service in the luxury hospitality sphere, Daios Cove maintains an unwavering commitment of excellence to our people. Our talented teams are composed of  sociable, professional, diverse individuals who thrive in the environment of the Cove. If you're a welcoming, ambitious and reliable person you'll be sure to gain valuable transferable skills and experience in a hotel setting which both challenges and excites.  Are you looking for a position in an inspirational resort environment? Let’s make it magic! Join the Cove!",Greece,5.703904,,,
Verina Hotels Sifnos,5699890.0,Greece,https://www.linkedin.com/company/verina-hotels-sifnos,verinahotelsifnos.com,"Experience a new definition of luxury in Greek Hospitality. Luxury boutique hotels located in Sifnos, an island of the western Cyclades of Greece. Visit our official website to check our proposals and select the accommodation option that best suits your needs.",Greece,5.69989,,,
Cosme A Luxury Collection Resort,5699890.0,Greece,https://www.linkedin.com/company/cosme-a-luxury-collection-resort,cosmehotelparos.com,"Set in the soulful village of Naoussa —the jewel of Paros— with the clear-blue Aegean water at its feet, beachfront Cosme, a Luxury Collection Resort, embraces the energy of the sea and reciprocates the joyful pulse of the town. At Cosme, whether you choose your journey or let your journey choose itself, our welcoming team is here to send you on your path. Revel in the spirit of the private beach club, step into the treasures of Anthologist boutique, relax at the sweeping spa, or meet friends for a Medite-grecian meal at Parostia Restaurant by celebrated Greek chef Yiannis Kioroglou.",Greece,5.69989,,,
Frontzu Politia,5699890.0,Greece,https://www.linkedin.com/company/frontzu-politia,www.frontzupolitia.gr,Live your Green myth in the heart of Epirus!,Greece,5.69989,,,
Amazon Mykonos Resort & Spa,5699890.0,Greece,https://www.linkedin.com/company/amazon-mykonos-resort-spa,www.amazonmykonos.com,"Amazon Mykonos Resort & Spa, named after the mythical women warriors of Greece, is an excitingly fresh luxury arrival in the cosmopolitan Mykonos scene. Located by the scenic beach of Agios Ioannis, it is run by experienced hoteliers with eclectic taste who love to pamper their guests with their Philoxenia, spa services, delectable food, breathtakingly scenic suites with private infinity pool and top notch customized services.",Greece,5.69989,,,
Armenistis Camping & Bungalows,5699890.0,Greece,https://www.linkedin.com/company/armenistis-camping-bungalows,www.armenistis.gr,"Σε μια κατάφυτη έκταση 120 στρεμμάτων στη Σιθωνία Χαλκιδικής βρίσκεται το Αρμενιστής camping & bungalows από το 1982. H χρυσαφένια αμμουδιά και τα καταγάλανα νερά υποδέχονται τα όνειρά μας. O ίσκιος από τα πεύκα και τα πλατάνια φτάνει μέχρι την ακρογιαλιά. H άνεση, η πολυτέλεια και η ζωή στη φύση γίνονται ένα και δημιουργούν αναμνήσεις, εδώ και 40 χρόνια.",Greece,5.69989,,,
Ηρώδειο Άιθουσα Εκδηλώσεων / Irodeio Events Hall,5699890.0,"Greece, Thessaly, Tríkala",https://www.linkedin.com/company/irodeio,irodeio.gr,Family-owned luxury wedding/events hall and night club (seasonally) since 1996. Please visit our website for further information at https://irodeio.gr/.,Greece,5.69989,,,
Sentido Apollo Palace Corfu,5699890.0,Greece,https://www.linkedin.com/company/sentido-apollo-palace-corfu-5,www.apollopalace-corfu.com,"SENTIDO Apollo Palace is a family-friendly & couples friendly hotel built in the style of a Corfiot village. The hotel is located at the edge of the fishing village of Messonghi, just a few steps away from the beach and numerous cozy tavernas. Here you stay in modern and stylish rooms, in alavish garden filled with old olive-trees, a chapel, 3 bars, 2 restaurants, gym, meeting room, SPA. The outdoor area of Apollo Palace features 3 freshwater pools, 1 entertainment pool 1 families pool – each including 1 kids’ pool – and for our couples a separate adult only pool. The hotel arranges a wide range of sporting activities for everybody, and the youngest guests are welcome to the hotel’s kids’ club, which will make their holiday into an unforgettable experience. Distance to nearest airport (Corfu): 20 km Distance to nearest center (Messonghi): 300 m Distance to Corfu town: 20 km Distance to nearest beach: 30 m (Messonghi Beach)",Greece,5.69989,,,
BIO HOTELS RETHYMNO,5699890.0,"Greece, Crete, Rethymno, 13 Albert Schweitzer, 74100",https://www.linkedin.com/company/bio-hotels-rethymno,biohotel.gr,"With over 20 years of experience in tourism and hospitality, Bio Suites Hotel welcomes the brand-new Bio Beach Boutique Hotel in its family. Our hotels offer a family environment and top-quality services. Our philosophy is based on our love and respect for those who choose our town, Rethymno, as their holiday destination. It’s time for us to transfer our experience and expertise to our new hotel. We are ready to welcome you to a unique holiday experience in Crete, an incredible island! Are you traveling solo? Is it a family holiday? Maybe a couple holiday? Are you traveling with a group of friends? Is it a business trip? Are you in quest of the local gastronomy, culture, and traditions? Are you just looking for a place to relax? Are you travelling for all of the above reasons and perhaps a few more? Whatever the reason that brings you in our town, our facilities will definitely match your needs.",Greece,5.69989,,,
Zaffron Resort Santorini,5699890.0,Greece,https://www.linkedin.com/company/radisson-blu-zaffron-resort-santorini,www.zaffronresort.com,"As its five stars generously give their light, Radisson Blu Zaffron Resort sets the most brilliant example of how the ideal escape from everyday life can be. This adults-friendly resort is a discreet, luxurious oasis of relaxation, where two timeless elements, the boho-chic and the Cycladic, complement each other, building an incomparable mosaic of aesthetics. But accommodation is not a mere matter of forms. The gastronomy, the facilities, and the staff are part of a lively, unforgettable hospitality experience.",Greece,5.69989,,,
Paralos Irini Mare,5699890.0,Greece,https://www.linkedin.com/company/paralos-irini-mare,www.irinimare.com,"A four-star hotel in Agia Galini on the south coast of Crete Experience Crete's casual luxury in a refined environment totally immersed in nature overlooking the Libyan Sea. Surrounded by sweeping hills that stretch all the way to the pristine Blue Flag beach of Agia Galini, Paralos Irini Mare offers a relaxed lifestyle for families and couples.",Greece,5.69989,,,
Yalos Santorini,5699890.0,Greece,https://www.linkedin.com/company/yalos-santorini,www.yalos-santorini.com,"Yalos is a place surrounded of volcanic landscape, where exceptional dining experience that engages all the senses is provided, along with music that stirs the soul, meditation and anything else that heals, soothes and inspires us. We invite you to be a part of our vibrant community.",Greece,5.69989,,,
Alegria Beach Resort,5699890.0,"Greece, Agios Vasileios, Plakias, 1 Filikis Eterias, 74060",https://www.linkedin.com/company/alegria-beach-resort,alegriaresort.gr,"Alegria Beach Resort is a premium family resort, a symbol of comfort and happiness – as its name reveals.",Greece,5.69989,,,
Proteas Blu Resort,5699890.0,Greece,https://www.linkedin.com/company/proteas-blu-resort,www.proteasbluresort.gr,5* Couples & Adults Only Hotel,Greece,5.69989,,,
Esperas Hotel Santorini,5664006.0,Greece,https://www.linkedin.com/company/esperashotelsantorini,www.esperas-santorini.com,"The Esperas provides a wide range of high class services that will make your holidays comfortable and pleasant, ranking it among the finest Santorini Hotels in Oia.",Greece,5.664006,,,
Butterfly Hotel Operator,5664006.0,"Greece, Attica, Athens",https://www.linkedin.com/company/butterfly-hotel-operator,www.butterflyhoteloperator.com,"We are a boutique hotel management company which strives to challenge the status quo and established order. With our creative strategies and best practices we turn around hotels, and reposition them to outperform their competitors and become local market leaders. We have a firm belief that independent hotels and innovative lodging concepts have a strategic advantage over chain franchise branded hotels.  With a marketplace driven by online reputation and guest reviews, a hotel with an individual character and unique customer experience can be leveraged to gain global reach and exposure. We provide personalized hospitality management services, tailored to the individual requirements of each single property. We are a team of experienced managers in hotel and F&B industry, with passion for what they do and vast expertise in each field of hotel organization's operations. The team’s skills combined with our passionate professionals who are the best in line create a unique proposal! We are result driven, and with our business development DNA, we strive to uncover the hidden revenue potential of your hotel. We have proven techniques to grow both top and and bottom line financial results. We have gathered and structured the most suitable and experienced team of hotel professionals to boost your project!  We make sure that each member of your hotel team blends harmonically and productively with our team! We know Airbnb and short-term rentals industry, one of your most important concerns We focus and excel in the F&B function of hotels increasing overall revenue and profits. We can realize personalized Sales and Operational Services created and dedicated for your brand. We will focus on providing exceptional guest experience and becoming a guest experience-centric hotel in Athens.  Our experience in hotels, short-term rentals and F&B can create a unique accommodation experience with a home-alike fleur!",Greece,5.664006,,,
INcrementUM Hotel Online Sales Management Greece,5664006.0,"Greece, Nea Chalkidona Attiki, 9 Marathonos, 143 43",https://www.linkedin.com/company/incrementumgr,www.incrementum.gr,"IΝcrementUM is a Hotel Online Sales Management company founded in 2019 by Stella Tsantila & Nikitas Nikitaras. Inspired & motivated by the co-founders' 20 + years’ experience & careers at international hotel brands in Greece and abroad, large Tour Operators as well as widely known booking engine platforms & online reservation systems, INcrementUM focuses in providing tailor made solutions for hotels in Greece. The company undertakes the full E- sales management & online reservations but also offers an abundance of operational consulting services for hotels in Greece.",Greece,5.664006,,,
Kanapitsa Mare Hotel,5664006.0,"Greece, Magnesia, 155 Skiathos, 37002",https://www.linkedin.com/company/630475,www.kanapitsamare.com,"Kanapitsa Mare Hotel is located off Tzaneria beach in the Kanapitsa peninsula in SKIATHOS-Greece. The hotel features 61 modern, spacious rooms designed to offer each guest a great holiday experience.   The hotel has spacious luxurious common areas, an oversized adult pool with sea water as well as a shallow pool.  During your stay in the hotel, you can choose through a list of incentives and activities that will make your stay more fun and adventurous.   If on the other hand you prefer to just relax around the pool you can combine a refreshing cocktail followed by tasteful platters of food freshly prepared daily. Keep in mind if it is that time in your life to make the BIG step, Kanapitsa Mare Hope is the ideal wedding venue overlooking the Aegean Sea.   Of course, renewing your wedding vows in aromantic setting is a must in SKIATHOS!!!! Contact us for more details in how to make your holidays special while in Skiathos. We look forward to welcoming you in our hotel for remarkable holidays or to hold your private events overlooking the Aegean.",Greece,5.664006,,,
Dolce Attica Riviera,5664006.0,"Greece, Markopoulo Mesogaiasvravrona, Vravronos Avenue, 19016",https://www.linkedin.com/company/dolce-attica-riviera,www.dolceatticariviera.com,"Welcome to Dolce Attica Riviera, a splendid retreat in the picturesque town of Brauron on the eastern part of Attica. Just an hour from the center of Athens, the hotel maintains its idyllic character and provides the ultimate scenery for unforgettable vacations on the beachfront. When it comes to hosting a dreamy wedding, a successful social event or a corporate meeting, Dolce Attica Riviera holds the crown in the area. Boasting its privileged location and easy accessibility 20 minutes from Athens International Airport and within proximity to Athens, the sophisticated venues and the upscale services, the hotel offers integrated solutions for amazing, fully customized events. All corporate needs and demands are met from the pinnacle of conference hotels, with venues and halls of overall capacity 1,700 delegates. For precious moments of absolute relaxation and rejuvenation, Spa invites you to a transcendental journey all-year-round. Listen to the therapeutic power of the water, in perfect harmony with your body and soul. Indulge in massage sessions, beauty face and body treatments, Jacuzzi and steam bath or work out at the gym. A unique experience not to be missed!  Enjoy your stay at Dolce Attica Riviera and relish the marvelous surroundings, the beauty of nature along with the fine hospitality and supreme facilities on offer. Explore the area of Brauron and the nearby destinations from a dreamy place – You deserve nothing less than such a watery oasis in Attica!",Greece,5.664006,,,
Alexakis Hotel & Spa,5664006.0,Greece,https://www.linkedin.com/company/alexakis-hotel,www.hotelalexakis.gr,"Alexakis Hote is located in Loutra Ypatis with a view of Mount Iti and the valley of Spercheus. Being just 17km from the city of Lamia and next to the famous healing baths of Ypati, it stands out for its excellent hospitality services, modern amenities and affordable rates",Greece,5.664006,,,
TriaS S. Tsopanoglou & Sons SA,5664006.0,"Greece, Attica, Koropí, 37 Attikis & 2 D. Katsiki Str., 19441",https://www.linkedin.com/company/trias-s-tsopanoglou-&-sons-sa,www.triasretail.gr,"Trias SA is specialized in the Retail Sales area, suggesting and implementing integrated solutions, adapted to contemporary needs in the small shop to franchisee range. Penetration to Retail market is due to the flexibility of the products we represent, the cooperation with manufacturers, expertise and our dealers network. ICG Software has been installed in more than 1000 shops in the last 5 years",Greece,5.664006,,,
Tivoli Hotel & Apartments,5664006.0,Greece,https://www.linkedin.com/company/tivoli-hotel-&-apartments,www.tivoli.gr,"Tivoli Hotel & Apartments is a 2 Star Family-Run Hotel in Faliraki, Rhodes. Hotel includes a swimming pool and a large garden. Situated 1 km away from the lively town of Faliraki is great for a relaxing holiday. It offers air-conditioned en-suite rooms with fridge, free WiFi access and balcony with views of the pool or the hotel's garden. The town of Faliraki is famous for its nightlife including many clubs and bars. Rhodes town is 12 km away from Tivoli. Free parking is available on site.",Greece,5.664006,,,
MGroup Hospitality & Construction Co,5664006.0,Greece,https://www.linkedin.com/company/mgroup-mikripoli-magiclife,www.mgroup.gr,"MGroup - Mavrommatis Group of Companies, is a family business with companies in the Hospitality and Construction industry.  We started out in the construction industry with Ergoplan Constructive Co and under a decade we expanded into a group of five resorts. We now offer premium resorts located at stunning locations in Rhodes, Crete and Kos.   A sum of five hotels of 4* and 5* all located in South Aegean Region. Our Hotels: Rhodes | TUI Magic Life Plimmiri 5* & Atlantica Mikri Poli Resort 4*  Kos | Atlantica Mikri Poli Resort 4*  & Atlantica Carda Beach 5* Crete |  Atlantica Mikri Poli 5*",Greece,5.664006,,,
Simos Camping Elafonisos,5664006.0,Greece,https://www.linkedin.com/company/simos-camping-elafonisos,simoscamping.gr,Simos Camping is located on one of the most famous beaches in Greece on the island of Elafonisos.  Simos camping can host over 700 campers providing excellent facilities & services for those who long summer-ish relaxed vacations and are true representatives of the camping spirit. Facilities: - Bungalows - Tent spots with wooden roof - Restaurant with Mediterranean cuisine - Cocktail bar - Mini Market - Fully equipped kitchen - Terrace with Barbecue - Playground  - Washing rooms - Umbrellas and Sun-beds on the beach - Free parking Services: - Free Wi-Fi - Free shuttle bus service - Lifeguard - Delivery service to your umbrella - 24h Security - Washing service,Greece,5.664006,,,
UNITRIP,5664006.0,"Greece, Central Macedonia, Thessaloníki",https://www.linkedin.com/company/unitrip,www.unitrip.gr,"The idea : Northern Greece becomes more and more accessible and attractive as a tourist destination for leisure or shopping. Greek sea shores and hospitality resorts seem ideal both for a summer vacation or a winter trip. Our aim is to provide the optimum service in this area through total commitment and absolute focus.   The company : “Unitrip”, part of “Unit54 S.A.”, was founded in order to facilitate the above activities and provide premium services to partner Travel Agents. As an independent specialist inbound tour operator we assure best value deliverance and we are devoted to creating unique travel experiences. We are ideally based in the outskirts of Thessaloniki, very close to the Airport and the renowned holiday destinations of Halkidiki and Olympus Riviera. We are also at close proximity to Mount Athos.    The people : “Unitrip’s” personnel consists of professionals in the tourist business with long experience in tour operator activities and strong expertise in hospitality services. Our client service executives are highly skilled and multi-lingual. All our staff posses the necessary communication skills in order to transform a simple holiday desire into an unforgettable experience.   Our virtues and goal : we are fresh, eager, direct and fast. We possess the knowledge of the tourist trade, we hold dear the will to enhance it. We aspire “Unitrip” to become the reference in the tourist trade, concerning Greek destinations.",Greece,5.664006,,,
Katikies,5607834.0,"Greece, Santorini, Oia, Main Street, 84702",https://www.linkedin.com/company/katikies-luxury-boutique-resorts,www.katikies.com,Katikies was born of a desire to combine the warm embrace of Greek hospitality with the dramatic beauty of the country’s unforgettable landscapes.,Greece,5.607834,,,
Aristi Mountain Resort + Villas,5563060.0,"Greece, Aristi, Zagorochoria, 44004",https://www.linkedin.com/company/aristi-mountain-resort-villas,www.aristi.eu,A refuge for those seeking beauty in nature.,Greece,5.56306,,,
Aar Hotel & Spa,5563060.0,"Greece, Attica, Km Ioannina - Athens",https://www.linkedin.com/company/aar-hotel-&-spa,www.aarhotel.gr,"Eternal elegance, exceptional services, contemporary comforts and tailor-made amenities all combined to ensure that you will have unforgettable stay in Ioannina! Αιώνια κομψότητα, εξαιρετικές υπηρεσίες, σύγχρονες ανέσεις και παροχές προσαρμοσμένες στις εκάστοτε ανάγκες, όλα συνδυασμένα έτσι, ώστε να σας εξασφαλίζουν μια αξέχαστη διαμονή στα Ιωάννινα!",Greece,5.56306,,,
AEOLIS THASSOS PALACE,5563060.0,Greece,https://www.linkedin.com/company/aeolis-thassos-palace,www.aeolis-thassos.gr,"Welcome to the world of Hotel AEOLIS THASSOS PALACE!  Hotel “AEOLIS THASSOS PALACE “is a new four-star hotel located in the southest point of the island of Thassos, in a place of unique harmony, called “Astris” (the mythical land of the sirens).  Hotel’s architectural style is modern and distinguished.  It consists of a central building with lobby, reception, restaurant, and bar, swimming pools in a large veranda overlooking the Aegean Sea, as well as, gym, playroom, spa centre, beauty saloon, and convention centre.  The 45 guestrooms are specious with twin beds and sofa bed, 26” LCD TV SAT, mini bar, safe box, 2 direct-dial phones, internet connection, a/c, Bathrooms with bath or shower, hairdryer and amenities, as well as furnished balcony.  The hotel itself is situated 7km from the village of “Potos” and 10 km from the small town of “Limenaria”. Both places have souvenir and handicraft shops, restaurants preparing Greek dishes as well as an exciting night-life.  At a distance of 200m from the hotel there is a small quiet beach. Two more popular beaches are located at a distance of 1km (“Astris”) and 2 km (“Psili Ammos”), both of them featuring restaurants and beach bars. Hotel “AEOLIS THASSOS PALACE ” and the beautiful island of Thassos are waiting to mystify you with their hospitality and beauty…",Greece,5.56306,,,
Business & Pleasure,5563060.0,Greece,https://www.linkedin.com/company/business-pleasure,businessandpleasure.gr,"At Business & Pleasure, we specialize in delivering exceptional travel management and hospitality services tailored to our clients' unique needs.  Our expertise encompasses the meticulous organization, planning, and execution of special projects and events, ensuring seamless logistics and unparalleled attention to detail. Committed to efficiency and the highest quality of service, our team leverages extensive global travel experience, network and insider knowledge to provide ground expertise and exclusive lifestyle insights. Whether orchestrating corporate events or curating personalized travel experiences in Greece, Europe or across the world, Business & Pleasure is dedicated to transforming visions into reality with professionalism and flair.",Greece,5.56306,,,
Mona Athens,5563060.0,"Greece, Attica, Athens, Kakourgodikiou 4 Psirri",https://www.linkedin.com/company/mona-athens,mona-athens.com,"Mona represents a new era for the concept-led boutique hotel and multi-disciplinary space. Staged in an eight-story industrial factory from the 1950s, it features 20 characterful rooms, a concept cafe lounge & bar, and a speakeasy basement venue. The building’s highest point is its members-exclusive rooftop, where guests enjoy endless urban sceneries of Athens and its famous Acropolis, paired with local delicacies and hand-picked natural wines. Mona contains a gallery within its quarters – works of art spread organically throughout its spaces – and also acts as a sales showroom.",Greece,5.56306,,,
Athens Utopia Ermou,5563060.0,"Greece, Attica, Athens, Ermou 46",https://www.linkedin.com/company/athensutopiaermou,www.athensutopia.com,"Utopia Ermou is hosted in a modern building of unique architecture, sine it offers circular rooms. You will never miss the hotel, since it brings a sense of countryside at the most commercial street of Athens.  Check the top of the entrance and you will see the horizontal Greenery! Step into your rooms and it all makes sense. Your Home in the heart of the town has been cleverly designed to give you everything you need. Ideal for leisure and business travelers, featuring all modern comforts and amenities, along with high tech services. Start your day, enjoying your breakfast at the Property’s Roof Top, with breathtaking views of the Acropolis and Panoramic Views of Athens. A Smart hotel at the very heart of Athens, combining simplicity with elegance, style with functionality.",Greece,5.56306,,,
Sunlight Hotel,5563060.0,"Greece, Crete, Ágios Nikólaos",https://www.linkedin.com/company/sunlight-hotel,sunlighthotel.gr,,Greece,5.56306,,,
Alexandros Palace Hotel,5563060.0,"Greece, Greece, 257 Chalkidiki, 63075",https://www.linkedin.com/company/alexandrospalacehotel,www.alexandroshotel-halkidiki.com,"Alexandros palace is located in Halkidiki, Greece right next to a blue flag-awarded, sandy beach. Developed across a total land area of 120,000 sqm. The hotel operates seasonally from April to October.  Featuring 240 rooms and suites, 2 restaurants, 4 bars and SPA. The perfect destination for family holidays in an unspoiled environment",Greece,5.56306,,,
Lato Boutique Hotel,5563060.0,Greece,https://www.linkedin.com/company/lato-boutique-hotel,www.lato.gr,"Lato Boutique Hotel is the perfect starting point from which to explore all Crete. After taking in the breathtaking views overlooking the Old Port, you can discover the historic center of the city, and Heraklion's most remarkable attractions, just adjacent to the hotel. The liveliest shopping, dining, and nightlife venues in Heraklion are close by too. Plus, if you want to enjoy the freshest, most creative Cretan cuisine, you never need to leave the hotel, as Lato's internationally-acclaimed restaurants are always ready to woo you.",Greece,5.56306,,,
Kalamaki Holidays,5563060.0,"Greece, Attica, Álimos",https://www.linkedin.com/company/kalamaki-holidays-sa,www.kalamaki.de,"Kalamaki Holidays started as a family business back in 1983, owning just one car and a few motorcycles. Since then, a lot has changed. Today, with almost 20 employees and over 300 vehicles, some villas, apartments and studios, we have expanded and improved our services, trying to fulfill our guests' needs as best as possible! Beautiful views, quite areas, the Greek hospitality and our excellent service, will make your dream holidays come true!",Greece,5.56306,,,
Sentido Pearl Hotels,5563060.0,Greece,https://www.linkedin.com/company/sentido-pearl-hotels,www.pearlhotels.gr,"SENTIDO AEGEAN PEARL ***** and PEARL BEACH **** are uniquely situated along the beach at the end of the famous Rethymno beach promenade, overlooking the Mediterranean sea.",Greece,5.56306,,,
Cook's Club Corfu,5563060.0,Greece,https://www.linkedin.com/company/cook-s-club-corfu,www.cooksclub.com,"5* Adults-Only Hotel | Operating All-year-round. Soak up sensational days surrounded by boho spirit in captivating Kommeno Bay. Cook’s Club Corfu is an adults-only hotel bringing a fresh, ultra-upgraded Cook’s Club experience. This is where foodie flair comes together with innovative signature cocktails and DJs creating the soundtrack to your stay. The enticing pool is the hotel's hub, with lavish loungers providing both a retreat and a spot for socializing. The tempting Feel Free concept mingles street food with homely Greek specialities, while drinks range from barista-created coffees to mixology-led refreshments. This is a one-of-a-kind experience of refined made-to-order dishes and beverages available from early until late. Ordered by smartphone and delivered a la carte style, food and an array of drinks are included with the Feel Free option, leaving your days of relaxation stress-free. Indulging in exceptional luxuries amid a laidback vibe is how days are spent at Cook’s Club Corfu, with a little gym, yoga or spa time thrown in for those who seek some active relaxation. And when it’s time to explore? Stroll to the beach, or drink in the energy of Gouvia village and nearby Corfu Town. The Cook’s Club Corfu team are on-hand to suggest an array of possibilities for discovering the island.  AT A GLANCE The hotel was launched on the 1st of June 2022 The hotel is open all year Number of rooms: 195 Well-equipped gym (included) Spa centre with treatments (extra charge) Activities: yoga, Pilates, tennis, bike hire (extra charge) Our Feel Free, all-inclusive food and drink package  is available from 1st April to 31st October Only Bed and Breakfast board is available from 1st November to 31st March Free late check-out and early check-in for all bookings from 1st November to  31st March The main outdoor pool will be closed from 1st November to 31st March.     Distance to: Gouvia Beach: 500 m Corfu Town: 6km Ioannis Kapodistrias International Airport: 10 km",Greece,5.56306,,,
Sea Level Hotel,5563060.0,Greece,https://www.linkedin.com/company/sea-level-hotel,sealevelhotel.gr,"Our  Sea Level Hotel is located in Polichrono – Kassandra, the first peninsula of Halkidiki renowned around the world for its splendid beaches. Between the sea and the entire promenade, is a 7 km long unique coastline which is awarded every year with the blue flag.  Apart from its eastern location that guarantees stunning sunrises, the area also offers both nightlife with dozens of bars and restaurants, and natural beauty, which can satisfy the needs of every traveler The hotel has been designed and decorated in a contemporary style with a smart interior in a palette of ivoire  , shades of grey and white and blends into the environment Our waterfront Mediterranean restaurant bar AMFORA with sea views that are to die for, offer you the finest food and beverage proposals throughout the day.",Greece,5.56306,,,
Bratsera Hotel,5563060.0,"Greece, Attica, Hydra, Tompazi Str, 18040",https://www.linkedin.com/company/bratsera-hotel,www.bratserahotel.com,"Bratsera was a charmed word to greek sponge divers of the lastcentury, being the mother ship where they relaxed after solitary hours on the seafloor. Modern days travellers will feel the same about the Bratsera Hotel on the island of Hydra. The sponge factory established by Verveniotis family in 1860 has been lovingly restored and turned into one of the most charming small hotels in Greece. Only 2 minutes walking distance from the port in a secluded courtyard it is open 9 months of the year. Twentee five rooms typical - Hydriot architecture a its best - a magnificent garden with a crystal clear pool and most of all,Bratsera's selected staff,are waiting to welcome you and show you the real meaning of Greek hospitality. The Bratsera Hotel reception occupies the largest part of the old factory of a magnificent scale, it has an enhanting aura of the past.",Greece,5.56306,,,
Hotel Metropolis,5563060.0,"Greece, Attica, Athens, 46 Mitropoleos",https://www.linkedin.com/company/hotel-metropolis,hotelmetropolis.gr,The Metropolis is a small intimate hotel in Athens with an Acropolis view in the prime central location of the Plaka district and 2 blocks off Syntagma Square. The Metropolis provides all amenities and comforts that a traveler has come to expect. Warm hospitality and attentive service will help make your business or leisure stay in our hotel in Athens extremely pleasant.,Greece,5.56306,,,
Kriti Hotel,5563060.0,"Greece, Crete, Chaniá",https://www.linkedin.com/company/kriti-hotel,www.kriti-hotel.gr,"Hotel Kriti is centrally located in Chania, at the meeting point of the famous old Venetian harbour and the commercial centre of the city. It has elegant rooms with free Wi-Fi, air conditioning and private balcony. Kriti rooms feature a satellite TV, minibar and wardrobe. They all have their own bathroom with hairdryer and bathtub or shower. You can enjoy delicious light meals at the snack bar or buffet-style menu at the breakfast room. Guests can have fun in the pool, spend some time in the TV room or relax in the hotel's lobby. Enjoy the magnificent view over the town, Koum Kapi Beach and the White Mountains. The hotel’s staff is at your service 24 hours a day.",Greece,5.56306,,,
CONDIAN Hotels,5563060.0,"Greece, Hersonissos Hersonissos Heraklion, 180 Eleftheriou Venizelou, 70014",https://www.linkedin.com/company/condian-hotels,condianhotels.gr,"🌟 Elevating Experiences, One Stay at a Time 🌟 Discover the genuine warmth of Cretan hospitality at CONDIAN Hotels. Nestled in the vibrant heart of Hersonissos, Crete, our collection of seasonal hotels stands as a testament to comfort, and unforgettable moments. 🏨 Our Properties: Discover our hotels, each with its own unique charm and character. From breathtaking sea views and modern amenities, we provide an array of options for every traveler. 🤝 Our Commitment: We are committed to delivering unparalleled guest experiences, exceeding expectations, and creating lasting memories. Our dedicated team works tirelessly to ensure your stay with us is nothing short of exceptional. 🌍 Community and Sustainability: Beyond providing outstanding hospitality, we believe in giving back to the community and preserving the beauty of Crete. We actively engage in sustainable practices, contributing to the local economy and environment. 🌟 Join Us in Creating Memories: Whether you're seeking a relaxing getaway or planning an event, CONDIAN Hotels is your trusted partner. Immerse yourself in the essence of Cretan hospitality and let us be part of your unforgettable journey. Connect with us. #CONDIANHotels #Hospitality #Crete #Travel #UnforgettableExperiences",Greece,5.56306,,,
POSEIDON ATHENS HOTEL,5499042.0,"Greece, Attica, Athens",https://www.linkedin.com/company/poseidonathenshotel,www.poseidonhotel.com.gr,"Poseidon Athens Hotel provides the ultimate destination for holidays in the Greek capital. Away from the hustle and bustle of the city center and with incomparable connectivity to all the major sights and attractions in Athens, our hotel boasts a privileged location and can serve the needs of families, couples and parties of friends, adventurers and business people from all over the world. Even on a tight schedule, you may explore Athens to the fullest with the help of the specific location of Poseidon Athens Hotel and thanks to the superb access to all means of transportation. Just a breath away, there is the Tram and a bus station for you to hop on and start discovering the hidden gems of Athens. Greek hospitality is praised in Poseidon Athens Hotel, with fully personalized services that are tailor made to meet your needs and desires. Our team of professionals will make the most out of your stay, providing suggestions as to the places you ought to visit and the things you should do, always serving you with a smile. Our facilities and services will allow you to relax and enjoy every moment of your stay at our hotel. The modern décor of our interior, the wonderful bar and restaurants on offer, the great value for money and the attention to the slightest detail will delight you and introduce you to the true meaning of holidays in Athens. Be it summer or winter, spring or autumn, Poseidon Athens Hotel provides great accommodation while visiting Athens and wishing to take advantage of every last second of your journey here!",Greece,5.499042,,,
Six D.O.G.S.,5479817.0,"Greece, Attica, Μοναστηρακι",https://www.linkedin.com/company/sixdogs,www.sixdogs.gr,,Greece,5.479817,,,
I Resort Beach Hotel & SPA,5339275.0,Greece,https://www.linkedin.com/company/i-resort-beach-hotel-spa,www.iresortbeachhotel.com,"The elegant luxury guests’ rooms in combination with exceptional services and a wide variety of facilities surrounded by a private beach, promise a timeless vacation experience that can be treasured for a lifetime.  Perfect hospitality components are being offered, while, the seafront breathtaking views from a large terrace are the finishing touch for an absolute enjoyable stay and unforgettable holidays. WELCOME TO I RESORT BEACH HOTEL AND SPA THE IDEAL PLACE TO AWAKEN YOUR SENSES Situated on the sea-side vibrant village of Stalis, I Resort Beach Hotel and Spa promises you a truly memorable stay. The iconic design, the wide variety of facilities, the hotel’s private beach, its unique cinematic views of the Cretan blue sea and sky create the perfect backdrop for your holidays. At I Resort Beach Hotel and Spa you will witness the renowned Cretan hospitality first-hand, you will be pampered by impeccable personalized services and you will enjoy the Mediterranean culinary tastes offered at our restaurants. Your stay here is designed to be luxurious. WHY I RESORT Beach front 5* resort Exceptional beach views Modern, vivacious design Luminous outdoor areas & iconic designed rooms and suites Delicious culinary tastes Bespoke guest experience HOTEL FEATURES Two Waterfront Buildings Gold Club and Comfort Club Accommodation (236 Rooms, Junior Suites and Suites) Two Fresh Water Outdoor Swimming Pools 1800sqm of Sun Terrace Around the Pools Private Beach area Sun Beds & Umbrellas free of charge Spa Centre Business Center Possibility to rent laptop or tablet Reception open 24 hours Main Restaurant ‘Joy’ A-La Carte Restaurant ‘Bliss’ Aithrio Restaurant Main Bar ‘Sellas’ Snack Bar ‘Salty’ Room Service 24 hours In-Room Breakfast (extra charge) Bell boy service Valet Parking Luggage Room Luggage Service Library Daily Magazine and Newspapers Wake-up call Service Free of charge high speed Wi-Fi Private Parking Security Service 24 hours Laundry & Ironing Service Turndown Service",Greece,5.339275,,,
Cactus Hotels Spa & Resorts,5339275.0,"Greece, Crete, Stalis, 70007",https://www.linkedin.com/company/cactus-hotels-spa-resorts,www.cactushotels.gr,"Residing at the north coast of the island, Cactus Hotels Spa & Resorts combine views to the sparkling blue cooling water of the Cretan Sea and the majestic mountains of the area. Cactus Hotels are the ideal resort for you to spend your holidays with your partner, family or friends.",Greece,5.339275,,,
Lindian Collection,5175431.0,"Greece, Pefkos Rhodes, 85107",https://www.linkedin.com/company/the-lindian-collection,www.lindiancollection.gr,"For more than three decades, The Lindian Collection has been creating the ideal experiences grounded in local culture and providing a high level of hospitality.  The Lindian Collection was originally founded in 1984 by Manolis Pallas, a local entrepreneur starting his own travel agency, Pallas Travel based in Lindos. As this business expanded, Mr. Pallas ideas grew and as his family became involved, more branches were added to this ever-growing business. Now, The Lindian Collection consists of two hotels, various apartments and luxury villas, an a la carte restaurant and supermarkets as well as the travel agency, a wedding business and  more.  The Lindian Collection is proud to offer such an excellent level of customer service as it did from day one, with all it's areas representing the thoughtful and traditional hospitality that holidaymakers deserve in the tourism industry throughout Greece.",Greece,5.175431,,,
Panel Hospitality,5175431.0,Greece,https://www.linkedin.com/company/panel-hospitality,www.panelhospitality.com,"Panel Hospitality is a company specializing in hotel management services. We cooperate with hotel owners, managers, investors, developers and technology companies with one common goal: Long-term value creation. Value for owners, employees, partners and guests. Value for the communities and the environment in which we are fortunate to live in.  We are a future-oriented hotel management company with a pioneering and responsible business activity in the present. The partnership models we offer are designed by hotel owners for hotel owners.  Our hotel brands and partner programs are designed, managed and operated in such a way that each asset flourishes and reaches 100% of its true dynamics. The owners gain absolute control of their business. Guests’ expectations are exceeded, and every employee is proud to belong to our family.  Our approach is simple. We remain committed to the essential values of hospitality: Empathy, honesty, proactiveness, creativity and patience. Combining this with invaluable lifelong know-how, high-end technology and the most skillful team, you have our business recipe. In two words: Hospitality Savvy®",Greece,5.175431,,,
MARABOU HOTEL,5175431.0,Greece,https://www.linkedin.com/company/marabou-hotel,www.marabou-hotel.com,,Greece,5.175431,,,
Rodostamo Hotel & Spa,5123868.0,"Greece, Ionian Islands, Corfu, 3 Kyknon Str. Tel. +30 26610 99600, 49100",https://www.linkedin.com/company/rodostamo-hotel-spa,www.rodostamo.gr,,Greece,5.123868,,,
APH Athens Prime Hotels,5055295.0,"Greece, Attica, Athens, 7 Χαβρίου, 10562",https://www.linkedin.com/company/aph-athens-prime-hotels,www.athensprimehotels.com,"The Athens Experience Athens Prime Hotels is a chain of elegant hotels, located in the dynamic and vibrant historical center of Athens. We guarantee a relaxing and home-like atmosphere, combining the luxury and classic architectural design of Athens Prime Classic, along with the modern, sophisticated interiors of Athens Prime Trendy, providing you our warmest guest-centered hospitality and all necessary facilities to enjoy the charming urban vibes of Athens. Our goal is to create priceless heart-warming memories by providing our dear guests with:",Greece,5.055295,,,
Absolute Mykonos Suites & More,5034672.0,Greece,https://www.linkedin.com/company/absolut-mykonos-suites-more,www.absolutmykonos.com,"Yeah we know, the name reminds you of Vodka. Nope, we didn’t do that on purpose, and by the way Absolut it’s a word, not a label. We wanted the name to reflect the Hotel and the Pure Mykonos Life, the overall Mykonos experience. The word Absolut suited perfectly to what we are all about",Greece,5.034672,,,
Ogigis Hotel Amenities,5034672.0,Greece,https://www.linkedin.com/company/ogigis-guest-hotel-amenities,www.ogigis.gr,"Ogigis Hotel Amenities, leading for many years in the field of Hotel Guest Amenities in Greece, provides the majority of Greek Hotels and Guest Houses a range of high-quality amenities that meet even the most demanding tastes.",Greece,5.034672,,,
Istoria A Member Of Design Hotels,5034672.0,Greece,https://www.linkedin.com/company/istoria-a-member-of-design-hotels,www.istoriahotel.gr,"Istoria, a member of Design Hotels, is located on Perivolos beach, in Santorini, Greece. It is inspired by storytelling, deriving its name from the Greek word ‘ιστορία’ which means story. Istoria opened in 2018, featuring 12 suites, each with a name in a different language, which translates to the word ‘story’. It is home to Mr. E Restaurant, led by celebrated Chef Alexandros Tsiotinis, that serves modern Mediterranean-Greek cuisine created by fresh, seasonal ingredients and seafood garnered from the Aegean sea. Made for the beach-lovers, within just a few months of operation, Istoria was characterized by “The Telegraph” magazine as the most instagrammable hotel in Santorini.",Greece,5.034672,,,
THE HOTELIER,5034672.0,"Greece, Attica, Athens, 12 Iraklitou, 10673",https://www.linkedin.com/company/athens-luxury-homes,www.athensluxuryhomes.com,"We are specialized in managing luxury boutique hotels offering a boutique client approach to the owners. The company is situated in N. Psychiko, and is owned by a team of energetic individuals who are seasoned travelers and dynamic entrepreneurs, who have huge experience in leadership positions in various multinational organizations and most important, possess a great passion for hospitality! Our mission is to provide first-class staying to our guests in the scenic land of Greece-Athens & the Greek islands- combined with five-star travel experiences and luxury hospitality services, thus creating the most unforgettable vacation memories for our guests and trustworthy personal services for the hotel owners.",Greece,5.034672,,,
Villa Thea Collection,5034672.0,Greece,https://www.linkedin.com/company/villa-thea-collection,www.villatheacollectionmykonos.com,"Villa Thea Collection is a leading luxury villa company in Mykonos, Greece.  Embracing the Cycladic character and style, Villa Thea Collection offers a unique assortment of luxury accommodation with private facilities and high-end services. Each sea view villa provides a haven of serenity and peace for relaxing escapes and quintessential island vacations in Mykonos Island.  Recently launched in 2009, Villa Thea Collection is devoted to maintain its vision of providing exceptional guest experiences.",Greece,5.034672,,,
Armenistis View Studios,5034672.0,"Greece, Armenistis, 83301",https://www.linkedin.com/company/2927015,ikaria.com.gr,"Armenistis View Studios are particularly well suited to dedicated beach-lovers and sun-worshippers, as they stand on the small headland that separates the two beautiful sandy beaches or Livadi and Mesakti, an easy 15-minute stroll east from the village centre. Both beaches are just a stone's throw away, but in calm weather it is also possible to swim off the rocks directly below the studios.   The studios themselves are bright and airy, each having either a double or twin beds, a simple all-in-one kitchenette unit and a shower room. Whilst they are not air-conditioned, the position above the sea usually ensures cooling breezes, and the appealing option of being lulled to sleep by the murmur of the waves.   Undoubtedly the most irresistible feature of each studio is the large terrace with fabulous views along Livadi Beach towards the village of Armenistis.",Greece,5.034672,,,
LAKITIRA HOTELS,5034672.0,"Greece, Attica, Athens, 7 Irodou Attikou, 14561",https://www.linkedin.com/company/lakitira-hotels,,"The group of Lakitira Hotels consists of the traditionally styled Lakitira Resort, the white-washed Lakitira Village, the 5* Lakitira Suites and the luxurious Helona Resort. Over the years, the name Lakitira has earned itself a reputation for top quality accommodation and facilities, friendly service and a genuine concern for the environment. Lakitira Resort and Village operates on a unique concept of holidays appealing mainly to couples and families which seek to combine relaxation, physical exercise, and lots of fun activities in a genuinely friendly atmosphere. This is the ideal place to relish every single minute of your vacation, practice your favorite sport, have a go at a new activity, pamper yourself with the massage you always dreamed of but never had the time to enjoy, or simply relax under the bright Greek sun! Lakitira Suites is one of the loveliest boutique hotels in Kos. With a limited number of rooms and suites, this elegant hotel is a haven for guests who desire to unwind and relax in a calm, friendly, peaceful yet stylish environment This is a small size hotel, ideal for people who want a quiet and cozy environment to relax and unwind.  Sun-kissed and sun-blessed, Helona Resort is nestled on a gentle hill that softly finds its way to a long sandy beach, at the south-eastern coast of Kos island, in Greece.",Greece,5.034672,,,
Renaissance Hanioti Resort,5034672.0,Greece,https://www.linkedin.com/company/renaissance-hanioti-resort,www.renaissance-hanioti.gr,"This village style resort is located in a cosmopolitan area ideal for rejuvenation and pampering for both families and couples. Consisted from family and superior double rooms each of them up to 50 sq. meter large, Renaissance Hanioti Resort is perfect for every kind of traveler ranging from honeymooners to families. Attractive poolside terraces, well-tendered gardens and the huge lagoon style pool fill the scenery of a small oasis just a few steps away from the white sandy public beach and just a stroll away from a big variety of entertainment and gastronomic choices in the cosmopolitan village of Hanioti.",Greece,5.034672,,,
O&B Athens Boutique Hotel,5034672.0,"Greece, Attica, Athens, 7 Leokoriou Str., 105 54",https://www.linkedin.com/company/o&b-athens-boutique-hotel,www.oandbhotel.com,"In the old scenic streets of Athens centre, through the ruins of the Ancient Agora to the Acropolis, feeling everywhere the old ways of the city and through all the hustle and bustle lays O&B Athens Boutique Hotel giving a new flavor and meaning to the urban lifestyle. O&B Athens Boutique Hotel provokes you to experience the new meaning of hospitality and care. Walking through the mature streets of downtown Athens and hearing the mist music, laughter, art and heart. The mixture of stylish and suave design, the light strokes of class and elegance, and the warm cozy atmosphere of the hotel represent a new meaning of service with the aspiration to reach its top quality for our guests’ experience. O&B Athens is a cosy Boutique Hotel, downtown Athens, next to the main sights of the city and just 2 minutes walking from Thisio Metro Station. With its new Acropolis Suites with view of the Parthenon, its elegant rooms and its new O&B All Day BaRestaurant, O&B Athens Boutique Hotel provokes you to experience the new meaning of hospitality and care, giving a new flavor and meaning to the urban lifestyle of Athens.",Greece,5.034672,,,
Villa Romantica Hotel,5034672.0,"Greece, East Macedonia And Thrace, Kavála, 193 Melina Merkouri, 65500",https://www.linkedin.com/company/villa-romantica-hotel,www.villaromantica.gr,"Seaside Hotel & Lounge Bar, based in Palio, Kavala, Greece.  A family-run business with  luxurious suites & exceptional facilities and a well equipped lounge bar which offers plenty of choices in food and drinks. Atmospheric garden with amazing view and direct connection to a small beach.",Greece,5.034672,,,
Ivis4 Boutique Hotel,5034672.0,Greece,https://www.linkedin.com/company/ivis4-boutique-hotel,www.ivis4.com,"Welcome to Ivis 4 Boutique Hotel. In the heart of Athens, Ivis 4 offers the perfect combination of luxury, relaxation, and ease that your culture, business, family, or romantic trip needs. We’ve turned an old industrial building into a luxurious escape in close proximity to everything you must see in one of the most unique European capitals. With a choice of 14 spacious rooms designed in modern style and the marvelous gastronomic experience that our all-day bar-restaurant has to offer, your stay can be nothing but amazing. Our mission is to create a unique experience for each one of our guests. From the moment you touch ground in Athens, we will take care of everything for you, leaving you the only responsibility of relaxing, having fun, and enjoying all that Athens has to offer. We’re hoping to host you on your next getaway.",Greece,5.034672,,,
Ermia Hotels & Resorts,5034672.0,"Greece, Central Macedonia, Thessaloníki, 90 26th October Str., 54627",https://www.linkedin.com/company/ermia-hotels-&-resorts,www.ermiaresorts.com,"Quality, luxury, authenticity and progress are the key words that characterize Ermia Hotels & Resorts Group, which operates in the tourism and hotel industry.  The hotels, members of Ermia Hotels  Resorts in Greece and Bulgaria, stand out in terms of the high quality service they offer, whilst providing complete holiday packages during the whole year. Each and every member of the Group is equated with authenticity, discreet luxury, staff courtesy, respect to the customers and sustainable development. The company is directed by Konstantina Papounidou whose operational experience in hotel management is by far extensive. At the same time the company consists of a great professional team, whose main aim is the continuous and further development of the Group not only within the domestic, but also in the international tourism industry. The team leverages its experience and knowledge to build enduring partnerships and opportunities that both maximize value and meet the complex needs of our partners. Last but not least, the single strategy and the consolidation of values distinguish Ermia Hotels & Resorts, making it stand out.   Currently the group owns: • Premier Luxury Mountain Resort in Bansko, Bulgaria www.banskohotelpremier.com • Nefeli  Villas & Suites in Nea Skioni, Halkidiki: www.nefelivillasandsuites.com • Amaryllis Paros Beach Hotel in Paros Island: www.amaryllisparos.gr • SaniWoods in Kassandra, Halkidiki: www.saniwoods.gr • BelleVue Villas in Hanioti, Halkidiki: www.ermiaresorts.com/en/bellevue-villas-halkidki.html • Hestia Beach Front Villa in Polychrono, Halkidiki: www.ermiaresorts.com/en/hestia-beach-front-villa-halkidiki.html Please check our website for more information: www.ermiaresorts.com",Greece,5.034672,,,
Alkistis Hotel,5034672.0,"Greece, Mikonos",https://www.linkedin.com/company/alkistishotel,www.alkistismykonos.gr,"Style and comfort meets the beauty of nature and the practicality of an excellent spot in the Alkistis, a hotel situated on the bay of Aghios Stefanos, a peaceful location that is just 2.5 km away from the buzzing energy of the cosmopolitan Chora, the main town of Mykonos, yet remains a perfect place for relaxation and serenity. Here, one might enjoy the splendid view of the Aegean sea and Mykonos's neighbouring islands from the privacy of the balcony of a spacious hotel room, or the sun-kissed sand and the crystal clear waters of the beach right in front of the hotel. Whether by the pool, in the hotel's bar, or its stylish Italian restaurant, the attentive personnel will ensure a comfortable stay and a flawless experience. In this elegant hotel, the stark, uncluttered design brings out the minimalism characteristic of Mykonos's traditional architecture with a contemporary sense of style and modern facilities. With its exceptional combination of new and traditional, calm and lively, nature and style, the Alkistis makes the Mykonos experience, unforgettable. And with the ""Exclusive 24h complimentary Shuttle Service to and from Mykonos Town"", the Alkistis hotel introduces a new concept on what quality service should be all about.",Greece,5.034672,,,
Enorme Hotels & Villas,5011502.0,Greece,https://www.linkedin.com/company/enorme-hotels-&-villas,www.enormehotels.com,"Enorme Hotels & Villas established in 2016 to provide integrated hotel services, product improvement, completed hotel & luxury villa properties management (no matter capacity or location). Expertise on cost results & analysis, staff management, public relation, customer satisfaction, revenue analysis & software integration with the final purpose of minimizing the operating cost and maximizing profit. The corporate identity and a strong position in the market is a prerequisite for success. Enorme Hotels & Villas will fully meet the needs of a modern hotel unit, using the right tools, always at the disposal of the ownership in order to achieve targets and profit.",Greece,5.011502,,,
Diana Group Hotels,4967356.0,Greece,https://www.linkedin.com/company/diana-group-hotels,www.dianahotels.gr,"Diana Group Hotels started out in 1972 when Panagiotis and Loukia Margari -the group's founders- revolutionalised hospitality in Zakynthos with Diana Hotel.   The legacy begun with their philosophy of providing services in a family and personalised orientation that later proved to be the paramount factor enabling them further expansion from Diana Hotel to Diana Group Hotels (Diana hotel in Zante town, Filoxenia hotel in Tsilivi, Diana Palace hotel in Argassi and Meandros hotel in Kalamaki). We now own and manage 4 hotels. We have kept a forward-thinking strategy, and it has served us well. In fact, we have grown steadily and soundly into what we are today: a major player in Zante's tourism arena.From its base in Zakynthos, at the center of the Ionian Islands, Diana Group Hotels has established itself as a leading Hotels organization.  The hotels we manage, together with the services we provide, are acknowledged as being the very best.  The Diana name is an established brand that guarantees standards. With a policy of continuous appraisal and improvement, Diana Hotels maintains the highest standards in every aspect of our business, whilst seeking new concepts and ideas.  Our hotels offer the perfect combination of Greece's great tradition of hospitality with high standards.",Greece,4.967356,,,
Radisson Blu Park Hotel Athens,4964783.0,"Greece, Attica, Athens, 10 Alexandras Avenue, 10682",https://www.linkedin.com/company/radisson-blu-park-hotel-athens,www.rbathenspark.com,"Radisson Blu Park Hotel Athens, is a five star hotel which first opened its doors in 1976 on the border of the central park of Athens, Pedion Areos (Martian Field), in a safe part of the city.  Right upon entering the spacious lobby you can actually feel and smell the park: pale tree-trunks serve as elegant pillars, amidst modern leather sofas; the canvas of scattered leaves on the ceiling gently alternates colors just like seasons do, balanced by the background of a contemporary art-wall.  This concept of urban nature, determining the further ongoing refurbishing of our rooms and suites, also reflects our philosophy.  We want our guests, business and leisure alike, to actually live here rather than just stay.  Hospitality to us means the discreetly lux ambiance, all modern amenities and the friendly as well as impeccable service that we offer.  But more than that, it means providing a fulfilled getaway for the guest. A true home-away-from home.",Greece,4.964783,,,
Corfu Holiday Palace,4964783.0,"Greece, Kanoni Corfu, 49100",https://www.linkedin.com/company/corfu-holiday-palace,www.corfuholidaypalace.gr,"Surrounded by a lush natural environment and emerald waters, Corfu Holiday Palace is a five-star historic hotel in the heart of the island. Blessed with breathtaking views of the Ionian Sea and the most famous landmarks, Mouse Island - “Pontikonisi” in Greek - and the Monastery of the Virgin Mary of Vlacherna, the hotel is located only 4km away from Corfu Town (UNESCO World Heritage Site).  With respect to its original architectural essence and its authentic elements Corfu Holiday Palace consists of upscale rooms, bungalows with private pools, and suites with amazing views, as well as a Spa Wellness Center, outdoor & indoor swimming pools, tennis courts, conference and event rooms. In addition, the five-star facilities and impeccable services promise to offer a luxurious stay to each guest.",Greece,4.964783,,,
Grand Resort Lagonissi,4775584.0,"Greece, Attica, Athens, 40th Km Athens Sounion Ave, 19010",https://www.linkedin.com/company/grand-resort,www.grandresort.gr,"Escape to a haven of relaxation and grandeur by the azure sea, indulge in the pleasures of luxury, and experience the epitome of indulgence at the most enchanting island-like resort along the Athenian Riviera. The Grand Resort Lagonissi is a luxurious beachfront retreat located along the Athenian Riviera in Greece. It offers an array of opulent amenities, including elegant suites and villas with private pools or direct beach access. Guests can enjoy world-class dining, indulge in the luxurious spa, and partake in various water sports and activities. With its stunning location, impeccable service, and unmatched facilities, the Grand Resort Lagonissi provides an exclusive and serene haven for discerning travelers seeking an extraordinary experience.",Greece,4.775584,,,
Eliamos Villas Hotel & Spa - Relais & Châteaux,4760829.0,"Greece, Kefalonia, Leivathou, 281 00",https://www.linkedin.com/company/eliamos,eliamos.com,"Eliamos Villas Hotel & Spa is a five-star retreat located on the southern shores of Kefalonia island above a secluded beach. Perfectly private, yet easy to reach, the scenic sanctuary introduces guests to a haven of comfort, wellbeing and natural splendour. Here, reconnecting with nature, loved ones and oneself becomes effortless. Nature lifts the spirits and calms the mind, earthy gastronomy breeds authentic flavours and exciting nature-based activities enrich each day with a renewed commitment to wellbeing.  Eliamos is designed for those who seek relaxation and rejuvenation while connecting with self and nature. Your personal refuge is complemented by our on-site dining experiences, in-villa services, and wellness options including pilates and yoga sessions, massage and reflexology treatments and our outdoor gym.",Greece,4.760829,,,
The Newel Hospitality Collection,4760829.0,Greece,https://www.linkedin.com/company/the-newel-hospitality-collection,www.the-newel.com,"Our vision is to proudly belong to the new and future breed of hospitality. To be entitled to include ourselves to the category of accomodation with a multiform mix of properties that will cement our position as a local leader through the provision of a variety of spaces, unique architecture and Services. With diversification and our very own multiform accommodation and services portfolio our mission is to give every traveler the ideal space for their needs at the right moment. We aim to be part of the whole experience, to offer a memorable stay and to become a referral to friends, co-workers and the social media network.",Greece,4.760829,,,
Aeolos Resort,4760829.0,Greece,https://www.linkedin.com/company/aeolos-resort,aeolosresort.com,"The Aeolos Mykonos Hotel invites you to experience the cosmopolitian lifestyle that personifies Mykonos Island.  In our small but luxurious environment, let us overwhelm you with a level of service and hospitiality seldom found in an intimate boutique hotel. Located a mere 800m from Mykonos City Center, the staff at Aeolos Mykonos Hotel consistently strives to deliver high value for money spent.  Through friendly service, attention to detail, elegant accommodations and an abundance of amentities, the Aeolos Mykonos Hotel satisfies on every level. Whether you choose to sip refreshing cocktails at the poolside, enjoy our relaxing jacuzzi, or use the free wi-fi internet access, Aeolos Mykonos Hotel offers every possible service to ensure your romantic escapade or family getaway is a truly rejuvenating experience. Our spacious and airy rooms are furnished with modern decor and comfortable touches, balconies overlook the lovely gardens and the relaxing pool and the beds are designed to offer nights of restful sleep.  Rooms feature satellite TV, music, telephone, air conditioning, refrigerator, hair dryer and safety deposit boxes. Come for a stay at Aeolos Mykonos Hotel and you will be a guest for life.  Join the chorus of guests who have found that a stay at our hotel redefines a visit to Mykonos.",Greece,4.760829,,,
SAVOY Hotel Piraeus,4760829.0,"Greece, Attica, Piraeus, 93 Leoforos Iroon Polytechneiou, 185 36",https://www.linkedin.com/company/savoy-hotel-piraeus,savoyhotel.gr,"The Savoy Hotel is situated in the heart of Piraeus, just a few minutes away from the south wing of the Piraeus Port. Ideal accommodation especially for groups, business travelers as well as for leisure travelers due to its central location and close proximity to the many means of transportation, such as the metro, and just 300m away from the Port of Piraeus.",Greece,4.760829,,,
Evridiki Spa By Apivita,4760829.0,Greece,https://www.linkedin.com/company/evridiki-spa-by-apivita,evridikispa.gr,"The company Evridiki Spa by Apivita, operating in the field of wellness and spa tourism, has created long-term partnerships with major Resorts & Hotels in Rhodes, Kos, Crete & Corinth, undertaking the organization, administration, and high-level management of Spa complexes. The philosophy of Evridiki Spa by Apivita is based on the teaching and techniques of grand-father Hippocrates, who fondly believed that the most effective ways to restore the human body to a healthy state is the combination of massage, balanced nutrition, exercise, rest, pure fresh air, and music. The formalization of the collaboration with the beauty and treatment company Apivita, which is based on the beneficial elements of Greek nature, gave the company the possibility to implement comprehensive treatment protocols that bring the guest into contact with the inexhaustible resilience and pure composition of the unique Greek biodiversity. Thus, the premises of Evridiki Spa by Apivita are part of a modern, executive chain of high services and Greek philosophy ""HOTEL SPA THE GREEK PROJECT"". Our identity -Our goal is to always strive for innovation, through cooperation with leading companies in the beauty field such as: The Greek company Apivita (face-body treatments), the American product company OPI (nail services) and the Israeli company Moroccanoil (hair salon services). -Impeccable education, continuous training, and evaluation of our executives, -Strict operation protocols, -Correspondence of price with quality, -High-level of holistic service, -Multilingual Spa Menu & packages of treatments for all guests’ profiles. Responding to the personalized needs of our guests and being responsible towards our partners, has always been a personal matter for us.",Greece,4.760829,,,
Avalon Airport Hotel Thessaloniki,4760829.0,Greece,https://www.linkedin.com/company/avalon-airport-hotel-thessaloniki,www.avalonhotel.gr,"Avalon Airport Hotel Thessaloniki enjoys a privileged location, just 2.5 km from Macedonia Airport and only 14 km from Thessaloniki city center.Addressed to different kinds of tourism such as business, leisure, educational, sporting, and religious ,Avalon Airport Hotel Thessaloniki  Hotel offers amenities and services that ensure a relaxing, restful, safe and memorable stay. Amenities of Avalon Airport Hotel Thessaloniki include 24-hour free shuttle service to and from the airport, as well as free transfers upon request to nearby shopping centers such as Mediterranean Cosmos Mall and IKEA, and free shuttle service to the suburb Thermi, where guests of Avalon Airport Hotel Thessaloniki can visit a variety of stores. At Avalon Airport Hotel Thessaloniki we offer warm hospitality, friendly and efficient customer service, and all modern comforts for leisure travelers traveling with friends or family, as well as for business travelers.",Greece,4.760829,,,
Adams Hotel,4760829.0,Greece,https://www.linkedin.com/company/adamshotel,www.adamshotel.com,4* family business,Greece,4.760829,,,
Kapsaliana VIllage Hotel,4760829.0,"Greece, Crete, Rethymno",https://www.linkedin.com/company/kapsaliana-village-hotel,www.kapsalianavillage.gr,"Still a work in progress, Kapsaliana Village, a historical hotel in Rethymno, Crete which has been characterized by Presidential Decree as of “High Cultural Value”, nowadays constitutes a novel travel proposal: One that seamlessly blends intelligent luxury with authentic, bespoke experiences; one where discovery is a way of life; and the quest for equilibrium the ultimate objective.",Greece,4.760829,,,
Ionian Ray Yachting,4760829.0,"Greece, Glifádha Attiki, 13 Grigoriou Lampraki, 166 75",https://www.linkedin.com/company/ionian-ray-yachting,ionian-ray.com,"Welcome to Ionian Ray Group (IR) – Your Premier Destination for Motor Yacht Charters in the Greek Waters, Exclusive Car & Private Jet Services in Athens! At Ionian Ray, we seize this opportunity to introduce ourselves, your go-to source for unforgettable luxury experiences on both sea, land and air. Our primary focus lies in Motor Yacht Charters, allowing you to explore the picturesque Greek waters, the Premium & Exclusive Car services, designed to elevate your experiences while in Athens, as also the Private helicopter & Lear jet services.",Greece,4.760829,,,
Hestia Group Of Hotels - Athens,4760829.0,"Greece, Attica, Athens, 29 Antinoros Street, 116 34",https://www.linkedin.com/company/hestia-luxury-apartments-athens,hestia-apartments.com,"Inspired by ancient Greek hospitality, Hestia Luxury Apartments offers brand-new hotel apartments with modern finishes, where you’ll feel right at home. The concept of ‘aparthotels’ means guests enjoy the freedom of a holiday apartment, with additional services such as room cleaning, change of bed linen and towels. And with buildings located all across Athens, you are sure to find the right starting point for your trip with us, be it for business or pleasure. The design of our apartments is inspired by the needs of our guests, maximizing the usage of living areas allowing everyone to function at their own pace. All of our apartments have a fully equipped kitchen, meaning you’ll enjoy the freedom to create your own rhythm in this vibrant city. Contactless check-in via smart locks makes entering the apartment a breeze. It also eliminates unnecessary contact in a time where hygiene is more important than ever. Our team makes sure all our apartments remain safe, professionally sanitized and disinfected before and after each new guest’s stay. Once inside the apartment, soundproof glass ensures that you can leave the hustle and bustle of the city behind to enjoy the peace and quiet of your new home away from home. As a bonus, all of our buildings have a communal rooftop area where you can enjoy your morning coffee, evening dinner or simply watch the sunset after a day of exploring the world-famous ancient – and modern – treasures this city has to offer. LOCATION FINDER Athens is often described as an ancient city with a modern soul, and we invite you to discover all aspects of it. As our buildings are located in different areas across the city centre, they each have their own crowd and dynamics. FEEL LIKE A LOCAL In Greek mythology, Hestia was the goddess of the hearth, home and domesticity and an important figure in ancient Greek society. At Hestia Luxury Apartments, Athens is our home, and we want our guests to experience our city like a local.",Greece,4.760829,,,
Bella Vista Hotel Corfu Greece,4755513.0,Greece,https://www.linkedin.com/company/bella-vista-hotel-corfu-greece,www.bellavistahotel.gr,Entrepreneurial hotel company at Benitses beach Corfu island Greece,Greece,4.755513,,,
Casa Cabana Boutique Hotel & Spa,4755513.0,Greece,https://www.linkedin.com/company/casa-cabana-hotel-suites,www.casacabanahotel.com,"Casa Cabana Hotel & Suites provides specialized tailor-made services, in a modern environment of high aesthetics. Luxurious facilities, elegant rooms, specially designed menus and a smiling staff, compose a discrete adults-only vacation set and one of the best places to eat in Rhodes.",Greece,4.755513,,,
Golden Beach Hotel Paros,4755513.0,Greece,https://www.linkedin.com/company/golden-beach-hotel-paros,www.goldenbeach.gr,"Welcome to an endless seaside experience in Golden Beach Hotel Paros! An ideal choice for families, couples and those who enjoy water-sports and outdoor activities. The best option for relaxing, fun and enjoyable summer vacations in a beachfront hotel in Paros! Golden Beach Hotel features 30 modern seaside rooms and apartments decorated in minimal style. Cozy and comfortable, it has one and only purpose: Everyday life by the sea! At a perfect location, with authentic hospitality and friendly service, Golden Beach Hotel is the ideal place to stay for unforgettable and enjoyable summer holidays. A familiar feeling!",Greece,4.755513,,,
C&V Housing,4755513.0,"Greece, Attica, Athens",https://www.linkedin.com/company/c&v-housing,www.cnvhousing.com,"C&V Housing was founded in 2013 with a team uniquely positioned to transform the rental land scape in vacation, corporate and high end retail segments in Greece and South Europe.  We strongly believe that to revolutionize the space, a blend of superior customer service and technology will be key to establish a new brand & unique experience not realized before in the property rental space.",Greece,4.755513,,,
Petra & Fos Boutique Hotel & Spa,4755513.0,"Greece, Peloponnese, Itilo, 230 62",https://www.linkedin.com/company/petra-fos-boutique-hotel-spa,www.petrafoshotel.com,"Petra & Fos Boutique Hotel & Spa” comes out of the calm waters of Oitilo’s gulf at the rocky southern foot of mount Taigetos. The hotel, being built with absolute respect to the traditional architecture and uniquely integrated into the natural environment comprises the ideal place for authentic experience of mindfulness relaxation. Our philosophy, inspired by our people, is to offer genuine hospitality in consistency with excellence and harmony. Our vision is to respect Mother Earth and always be a destination where people discover Authenticity and awake their Dream. The hotel has 23 fully equipped rooms and suites, of high quality and elegance in decoration. All rooms offer spectacular sea view for a memorable stay with the coziness of a modern luxury hotel.",Greece,4.755513,,,
Artemis Hamam & Spa,4755513.0,Greece,https://www.linkedin.com/company/artemis-hamam-spa,www.artemishamam.com,"It is located in Tigaki village around 10 km away from Kos center, where is also known as the best beach and the sea of the island. The building is constructed on a 2000 m2 land and contains 2 large and 1 private Hamams, 6 massage rooms, 2 locker rooms for ladies and gentlemen, 2 large saunas, 1 vitamin bar, 1 bathing textile shop and 1 nail studio. It is employing around 20 qualified masseuses and masseurs and 2 professional nail artists from different nations, who are professionally licensed. All of the units are getting cleaned several times everyday with eco-friendly products only. All of our guests are welcomed in the reception and served their private locker key, where they can find fresh and clean towels, traditional peshtemals and slippers free of charge to use during their Hamam experience.",Greece,4.755513,,,
Zeus Is Loose Hostel,4755513.0,Greece,https://www.linkedin.com/company/zeus-is-loose-hostel,www.zeusisloose.com,"Zeus is Loose Hostel is definitely the coolest place you will stay at, this season. Overlooking an UNESCO World Heritage Site on 13th Klisouras street - 54631, it leaves and breathes in downtown Thessaloniki. Situated on the most vibrant square of the city with the most breathtaking view!",Greece,4.755513,,,
The Pinnacle Athens,4755513.0,Greece,https://www.linkedin.com/company/the-pinnacle-athens,thepinnacleathens.com,"-HISTORY Designed in the late 70s by the prominent architect Varagis in the style of Athenian Modernism, The Pinnacle Athens is the tallest building at the Commercial Triangle, with a unique façade covered with more than 3500 metallic tiles, resembling a mini New York style skyscraper and an extraordinary 360 degrees view of Athens. It operated as one of the first shopping malls in Athens under the brand name “Mauros”, a true landmark in the neighborhood mainly due to its height and architecture and harmoniously coexisted with traditional and neoclassical buildings of the Triangle. Abandoned due to the economic crisis and at the end left idle, remained closed and unwanted for more than 10 years. -REBIRTH Although the shadows of decay were apparent, this Athenian skyscraper stood majestically and imperious, waiting for its renaissance! An ambitious complete renovation project took place in order to preserve the original style and architecture of the building but at the same time give a breath of fresh air and create something unique in the style of Urban Eclecticism. -CONCEPT The transformation of the neglected shopping mall into a Luxury, Fresh, Elegant and Bespoke complex of Suites that would enable its visitors from all over the world to experience living into a “classic with a twist” skyscraper at the Heart of Athens. A venue that would combine the historicity of the building with a fresh and elegant decoration. 16 Unique and Spacious Suites which marry charming old-world elegance with state-of-the-art facilities. Every Suite has a living room, a decorative fireplace, a dining area, one or two master bedrooms, an office and boudoir, while the big floor-to-ceiling windows allow the visitor to enjoy the Athenian light and an unobstructed urban view. -DETAILS Bespoke furniture, gold and silver details, soft colors, velvet curtains, wooden floors and vintage wallpapers compose a scenery of comfort and urban luxury.",Greece,4.755513,,,
Poseidon Beach Hotel,4755513.0,Greece,https://www.linkedin.com/company/poseidon-beach-hotel,poseidonbeachhotel.gr,"If you plan your vacation in Preveza, a small paradise awaits you only some meters away from the beach: the Poseidon Beach Hotel! The beach is just 10 meters away from the hotel, while there is a pool for those who want to relax with their drink next to it. Its location only 18klm away from the town of Preveza is ideal to explore the whole region! Poseidon Beach Hotel is located between Parga and Lefkada, perfect for any travelers who want to see a bit of both, while the many beauties of the area are waiting for you to explore with our hotel as your starting point!",Greece,4.755513,,,
Triton Services Βιομηχανικά Πλυντήρια,4755513.0,"Greece, Central Macedonia, Thessaloníki",https://www.linkedin.com/company/triton-services-βιομηχανικά-πλυντήρια,www.3triton.gr,Η εταιρία Triton Services εξειδικεύεται στην διαχείριση του ιματισμού στον τομέα horpitality με την χρήση υπερσύγχρονου τεχνολογικού εξοπλισμού.,Greece,4.755513,,,
NEW SYMBOL HOTEL INVESTMENTS,4755513.0,"Greece, Attica, Athens",https://www.linkedin.com/company/new-symbol,www.newsymbol.gr,"New Symbol Hotel Investments is a Boutique Advisory Firm based in Athens Greece specializing in Hotel Investments Consulting, Agency and Asset Management.",Greece,4.755513,,,
Woo Suites,4755513.0,"Greece, Attica, Athens, 10556",https://www.linkedin.com/company/woo-suites,www.woosuites.gr,"The stylish and sophisticated Woo Suites are centrally located in the heart of Athens on the tree-filled Metropolis Square, facing the city’s recently restored Cathedral on one side and the Acropolis rock and Plaka district on the other side. Our guests choose to stay with us because of the spaciousness and comfort offered in our suites and the proximity to most of the sought-after cultural spots and to the vibrant food and bar scene in downtown Athens.",Greece,4.755513,,,
Calm Collection Luxury Resorts In Santorini,4755513.0,Greece,https://www.linkedin.com/company/calm-collection-luxury-resorts-in-santorini,www.calmcollection.gr,"Calm Collection Santorini is a family owned enterprise that offers a selection of exquisite accommodations in Santorini Island.  Inspired by the love of the Katsipis family, two generations into hospitality in Santorini, and driven by the passion of all its members for offering superb services and unforgettable holiday experiences to all visitors of their homeland, Calm Collection Santorini goes above and beyond to exceed all your expectation for an exclusive and luxurious summer holiday. What comprises Calm Collection Santorini is a gathering of some exquisite elements; to begin with, genuine accommodation with modern amenities; well-thought of services, flawlessly executed; elegant architecture that respects Santorini’s time-honored tradition without compromising high quality standards; together, a recipe for an unforgettable experience. At the same time, we strive to ensure that all our guests’ expectations are met to perfection. Calm Collection is a promise that your stay in Santorini will be an elegant affair, one that you will instantly love and will eagerly wish to repeat!",Greece,4.755513,,,
Webhotelway,4755513.0,Greece,https://www.linkedin.com/company/webhotelway,www.webhotelway.com,"What about Web Hotelway? The journey of your visitor starts from the first ""and this summer, where do you think we go?"". It goes through online searches, photo trimming, comparisons, final selection and booking. It continues with the arrival, reception, service, every moment, taste and experience during the stay, the departure. And of course, it doesn't end there.  The reviews, the memories that are being reported and prompted by word of mouth, to ""and this summer, where do you think we should go again?"". And the setting up and running of a hotel, however, is a journey on their own.",Greece,4.755513,,,
Phōs The Boutique Hotel Santorini,4755513.0,Greece,https://www.linkedin.com/company/phōs-the-boutique-hotel-santorini,www.phoshotelsantorini.com,"Phōs the Boutique is a 5-star luxury hotel, perched on the edge of the Caldera in Akrotiri offering unobstructed Caldera views. All of the spacious villas and suites offer private heated infinity pools with hydro-massage jets and sun terraces with outdoor lounges. The architecture of the hotel blends modern and traditional design along with tropical elements. Each suite or villa is individually decorated boasting large satellite flat screen TVs, Blu-Ray players, smartphone docking stations and free WiFi. Room amenities include king size beds, bathrobe and slippers and top quality organic toiletries. Breakfast is served à la carte and can be enjoyed at the privacy of the guest’s room or by their private pool. Contemporary Mediterranean dishes from fresh local products are prepared for lunch and dinner. Guests can enjoy the exclusive Candlelight dinner in a romantic setting. Tasteful cocktails and snacks are served all day. Rejuvenating Spa packages and wellbeing treatments can also be arranged at the courtesy of each Suite’s or Villa’s very own private sun terrace The hotel also offers a private VIP transfer service with modern luxury SUVs. Phos The Boutique is situated 3.5 km away from Athinios Port and 11 km away from Santorini Airport. The vibrant capital of the island, Fira is 7 km away. Free parking is provided on site.",Greece,4.755513,,,
Crystal Waters Lefkada,4755513.0,"Greece, Lefkada, Nikiana, Provincial Road Of Lefkada Nydri, 31100",https://www.linkedin.com/company/crystal-waters-lefkada,www.crystalwaters.gr,"Crystal Waters Lefkada opened its doors in 2018 to become the go-to place for those seeking something out of the ordinary in Lefkada island, This Luxury Island Retreat occupies a lovingly selected plot in the desirable location of Nikiana village, with attractive island and water views. A wide range of hospitality services, high-level gastronomy and a genuine sense of care and attention to detail permeate every aspect of this unique environment and complement the outstanding hospitality experience.  Crystal Waters Lefkada is a truly magnificent place, thoughtfully designed to ensure a delightful open-air feeling and generous livable spaces. Sensational amenities and proximity to the beach, marina and best of Lefkada’s dining scene offer residents an exclusive address with impeccable credentials. The stylish spaces with elegant design provide a soothing contrast to the island scenery and exude a warm feeling of luxury island cosines and freedom.",Greece,4.755513,,,
AboutHotelier.com,4755513.0,"Greece, Peloponnese, Árgos, 30 Vas. Georgiou B, 21200",https://www.linkedin.com/company/abouthotelier-com,abouthotelier.com,"The main members of the AboutHotelier group come from hotel owners with great expertise and knowledge of the hotel industry. Building on our special knowledge of tourism and specializing in the field of hospitality, we created new accommodation booking technologies & innovations, creating new ways of communicating with modern travellers. This knowledge is invaluable as it is incorporated in the architecture and functional uniqueness of AboutHotelier products. Our experience in all departments of a hotel is what helps us take the right steps to promote your business as best as possible. Our Philosophy - Our Mission Our philosophy is to win the appreciation, trust and loyalty of customers through our projects, which combine permanent and effective support at all levels. We guarantee the high quality of our products and services. Our large number of satisfied customers, which is constantly growing, proves this. Our mission is to provide communication proposals that combine creativity and originality. Providing quality services consistently and efficiently and creating strategic and profitable partnerships is a key objective of our company.",Greece,4.755513,,,
IridaChic Boutique Hotel & Spa,4755513.0,"Greece, Crete, Stalis, 70007",https://www.linkedin.com/company/irida-chic-boutique-hotel-spa,www.iridachic.gr,"Between the beautiful beaches of Stalis and Chersonissos, the IridaChic holds the secret of refined and relaxed elegance in its atmosphere!",Greece,4.755513,,,
Athinais Hotel,4755513.0,"Greece, Attica, Athens, 99 Vasilissis Sofias Av., 11521",https://www.linkedin.com/company/athinais-hotel,www.athinaishotel.gr,"On one of the most central and beautiful avenues of the city, in the commercial and social center of Athens, our hotel offers a friendly and hospitable atmosphere. The friendly environment of Athinais boutique hotel is based on the family character of the business and the personal care of its owners. Pets are allowed on request. 3 STAR BOUTIQUE HOTEL IN THE CENTER OF ATHENS.",Greece,4.755513,,,
Kallisti Hotel,4755513.0,Greece,https://www.linkedin.com/company/the-kallisti,thekallisti.com,"Adults and Families with children older than 16 ONLY. Kallisti is a family owned, quiet and comfortable hotel located in close proximity to Paros beaches, restaurants and shopping centres.  A beautiful combination of Greek style and modern facilities, our rooms are furnished with a range of modern amenities for the purpose of increasing you comfort.",Greece,4.755513,,,
Estia Hospitality,4755513.0,"Greece, Crete, Irákleion, 714 08",https://www.linkedin.com/company/estia-hospitality,www.estia.travel,"Estia Hospitality provides hospitality services for over 150 Hotels & Villas across Greece supplying Management expertise sales & contracting ,revenue , yield, distribution, financial control ,reservations, customer service , onboarding procedures, on line presence, marketing , systemic support with in house PMS & Channel Manager and advisory. Estia Hospitality is a shareholder in a well known for Greece IT development company which is specialized in XML connectivity and hospitality solutions. A dynamic sales management company & a 360 solution for hotels and villas.",Greece,4.755513,,,
Blue Sea Beach Hotel Thassos,4755513.0,Greece,https://www.linkedin.com/company/blue-sea-beach-hotel-thassos,www.bluesea-thassos.com,"The Blue Sea Beach Hotel, is situated in a privileged place next to the sea offering immediate access to the marvelous beach of Skala Potamia and Hrisi Akti in Thassos Island. Along the beach of Skala Potamia you can find picturesque taverns in which you can enjoy traditional dishes and local fresh fish. In the evening you can relax or have an exciting time in the bars or clubs, suitable for all kinds of tastes and ages.",Greece,4.755513,,,
Soul Studio,4755513.0,"Greece, Attica, Athens, 1 Polikrati, 18346",https://www.linkedin.com/company/soul-kitchen-store,www.soulstudio.design,"We curate inspiration and, connecting the creative work of artisans and designers to people and places around the world. we are an international destination for contemporary and modern design Our lifestyle inspired living through highquality products, exclusive designs, and timeless style. Premium series made with love in Greece.",Greece,4.755513,,,
Filoxenia Beach,4755513.0,Greece,https://www.linkedin.com/company/filoxenia-beach,www.filoxeniabeach.com,"Family run summer destination.Twenty spacious and fully eqquiped,self catering rooms.All of them with a magnificent view of the ionian sea. Beach bar restaurant serving quality food and drinks,day and night. Located in the popular region of Tsilivi in Zakynthos island.",Greece,4.755513,,,
Blue Dome Beach Resort Crete,4755513.0,Greece,https://www.linkedin.com/company/blue-dome-hotel,www.blue-dome-hotel.gr,"Unfolding at this iconic village’s famed sandy beach, just steps from many local attractions, the Blue Dome is a unique, sustainable hotel blending modern design and cozy ambiance with truly eco-conscious practice. An ideal haven for nature lovers, health and wellness seekers, adventure buffs and foodies, the Blue Dome Hotel, offers a breathtaking view, some well-deserved pampering and food fit for a king -or queen. The beachfront Basil’ Honey Restaurant serves a cuisine that’s inspired, yet unpretentious, with a focus on seasonal, local ingredients and the ocean that’s right in the backyard. While in holiday, you still get fit, do your yoga, relax at the Pool Bar, resting in your room or just go swimming. Rest, tranquility and relaxation are guaranteed at Blue Dome Hotel. The complex consists of 39 apartments. All apartments are comfortable, with a terrace or balcony to allow you to immerse yourself straight away in the Aegean sea, without forgetting modern conveniences: TV with local and satellite channels, air conditioning, bath products, hairdryer, refrigerator and safety box, among others, are at your disposal.",Greece,4.755513,,,
Vigla Hotel,4755513.0,Greece,https://www.linkedin.com/company/vigla-hotel,info@vigla-amorgos.com,"Vigla Hotel in Amorgos provides cozy and friendly accommodation to all the guests. Traditional Cycladic architecture prevails, with natural sunlight and great amenities. Single, twin and triple rooms are available, as well as rooms for families. Rooms are designed modernly, offering all the details that add to your pleasure and relaxation. Enjoy your stay at our hotel, in fully air-conditioned rooms with anatomic mattresses, luxury personal amenities and a private balcony or terrace of wonderful views!",Greece,4.755513,,,
Odos Oneiron Hotels & Taste,4755513.0,Greece,https://www.linkedin.com/company/odosoneiron,www.odosoneironhotels.com,"At Odos Oneiron, we seek to awaken the Cretan holiday dream. Our handpicked properties aim at giving you a real feel of Chania while our gastronomy options are made of the delectable flavours that are linked to our own sense of Cretan hospitality. Odos Oneiron Boutique Hotel & Suites inspires the urban dream, close to all the town’s wonders. Consisting of two separate, historical Venetian buildings in the heart of Chania, it exudes an ambiance of vintage romanticism, with traditional flair and art-deco touches. Odos Oneiron Tavorinitis Bay inspired the seaside holiday dream, located in the nearby area of Tavronitis. Just 50 meters from the water’s edge, staying here will show you how diverse Chania is, for a different kind of holiday experience where sun and sea are supreme.",Greece,4.755513,,,
Athens Cypria Hotel,4755513.0,Greece,https://www.linkedin.com/company/athenscypriahotel,athenscypria.com,"The Athens Cypria Hotel is a friendly, quiet and cozy 4 Star hotel in Athens, Greece. Ideally situated in the heart of Athens, approximately 150 meters from Syntagma Square offers a fine base for exploring all the city's attractions. One of the most well-known shopping places in the city, Ermou Street, is adjacent to the hotel, whereas the old town of Plaka and Acropolis are just a few minutes walk away. Psiry area, the most well-known place in athens for night entertainment, is also within easy walking distance, where Athens Restaurants and Taverns, Bars and Theatres are found.  Athens Cypria consists 115 Hotel rooms in athens which have been specially designed to ensure guest personal comfort and relaxation. Most of them have balconies and some with a view to Acropolis.  The rooms are equipped with air-condition / heating, fully stocked mini-bar (consumption charged), high speed internet access (free of charge), satellite TV, Russian (Channel 1) and Chinese (CCTV) satellite channels available. Electronically locked safe-box (free of charge), direct dial telephone, radio and hairdryer, all included in room prices.  The American buffet breakfast, included in room rates, is served in the breakfast room at 7 a.m. till 10.30 a.m with freshly prepared hot and cold breakfast selections.  The Annabel Cafe Bar in athens, in a welcoming and congenial atmosphere offers tempting cocktails and a wide selection of wines, cold or hot beverages, snacks, salads, ice-creams but also local and international sweets / desserts, thus being an ideal place for lunch. If you’re thinking of visiting and get an accommodation in Athens so Athens Cypria would make a good choice. A very well located hotel in Athens with all euipped facilities you may need.",Greece,4.755513,,,
Ethos Greek Hospitality,4755513.0,Greece,https://www.linkedin.com/company/ethos-greek-hospitality,www.ethos-hospitality.com,Ethos Greek Hospitality is operating in Mykonos since 2020. Our main sector tis the Property Management and the Hospitality Services. Our mission is to display the Greek way of hospitality at its best.,Greece,4.755513,,,
Kapari Natural Resort,4755513.0,Greece,https://www.linkedin.com/company/kaparisantorini,www.kaparisantorini.gr,"The ideal mix’n’match: The distinctive Cycladic tradition meets minimalism! Located in the gorgeous village of Imerovigli, boasting a majestic view of the caldera, KAPARI Natural Resort is an exclusive sanctuary that invites you to experience the most relaxing and enjoyable vacation of your life. A 300 year old, recently restored, complex of traditional dwellings and houses, typical of the islands unique architecture, welcomes you with state-of-the-art personal services.",Greece,4.755513,,,
Elounda Ilion Hotel Bungalows,4755513.0,"Greece, Elounda, 720 53",https://www.linkedin.com/company/elounda-ilion-hotel-bungalows,www.elounda-ilion.com,"The hotel Elounda Ilion in Crete island, is build on a hill offering a panoramic view of the bay of Elounda. The area has been characterized as a place of particular natural beauty and is considered as one of the most beautiful and quiet resorts of the Mediterranean. The sea is clean and it's suitable for all kinds of water sports. The beauty, the quietness and the hospitable environment makes Elounda Crete as one of the most popular travel destinations.",Greece,4.755513,,,
Grand Hotel Kalamata - Luxury Living,4755513.0,Greece,https://www.linkedin.com/company/grand-hotel-kalamata-luxury-living,www.grandhotelkalamata.com,"Your own personal 5-star getaway 5-star Grand Hotel Kalamata was established to redefine high living with style. Built on the site of the historic hotel America, that was established in 1929, it carries history and revives the concept of Kalamata glamour. Personalized service, breathtaking Messenian views and a unique culinary experience are all at your disposal to give yourself a much-deserved self-pampering. Carefully curated state-of-the-art furniture and beautifully variegated marble are brought together to create a serene and elegant ambience. Located in the heart of Kalamata, on the cosmopolitan seaside, it houses 10 sophisticated rooms and 13 suites, a rooﬅop bar (coming soon) serving unique cocktails and exclusive spirits, a café and a restaurant offering a high-class gastronomical experience by a Michelin star chef.",Greece,4.755513,,,
Faros 1 Hotel Piraeus Greece,4755513.0,Greece,https://www.linkedin.com/company/faros-1-hotel-piraeus-greece,faroshotel.book-onlinenow.net,"The Faros Hotel is located in the heart of Piraeus, offering plenty of options for shopping, restaurants, museums, entertainment and business meetings. Just minutes from downtown, near the port, with direct access to all public transportation.From the hotel you can reach Pasalimani and picturesque Mikrolimano with a few minutes’ walk.",Greece,4.755513,,,
Mykonian Mare Luxury Boutique Hotel,4755513.0,Greece,https://www.linkedin.com/company/mykonianmareluxuryboutiquehotel,,"Mykonian Mare Luxury Boutique Hotel is a five star hotel in Agios Stefanos, Mykonos, comprising 38 suites of exceptional style and minimal traditional Cycladic design. Located in 800m distance from Mykonos New Port and only 150m from the beautiful beach of Agios Stefanos, Mykonian Mare is one of the few hotels worldwide featuring a digital management lighting system in each one of its suites, allowing guests and travelers to adjust the brightness of the room according to their very special moments.  Each room features an in-suite spa service allowing you to choose between Hammam, Jacuzzi, chromotherapy, aromatherapy and much more, while some suites offer a private pool as well. Eight of the suites host an OpenSky service that can transform the room into an idyllic open space. Furthermore, the concierge team of this luxurious boutique hotel can make all arrangements needed in order to host your wedding reception and ceremony, as well as to design your dream honeymoon. Mykonos Town and Mykonos Airport are in 2,5km and 4,5km distance respectively.",Greece,4.755513,,,
Penelope Village Hotel,4755513.0,Greece,https://www.linkedin.com/company/penelope-village-hotel,www.penelopevillage.gr,"Penelope Village provides hotel hosting services in Mykonos since 1995. Explore a Cycladic adventure, tailored to your needs right next to the amazing beach of Kalo Livadi.",Greece,4.755513,,,
Seaview Cityscape Hotel,4755513.0,"Greece, Attica, Athens, 4 Xanthou St, 16674",https://www.linkedin.com/company/seaview-cityscape-hotel,www.seaview.gr,"Founded by the Peppas' brothers in 1973, our family-owned 4-star hotel has been a cherished destination for over 50 years. Now run by the third generation, we offer 71 beautifully appointed rooms that combine comfort and elegance. Our dedicated team is committed to ensuring every guest feels at home, creating a warm and inviting atmosphere that embodies our 'home away from home' philosophy.",Greece,4.755513,,,
The Editor Hotel,4755513.0,Greece,https://www.linkedin.com/company/the-editor-hotel,www.editorhotel.gr,,Greece,4.755513,,,
Manifest Boutique Hotel,4755513.0,"Greece, Mani",https://www.linkedin.com/company/manifest-hotel,manifesthotel.gr,"Set on a rugged landscape of stark ineffaceable beauty, the Manifest Hotel is nestled on the foothills of Mount Taygetos, named after the mythic nymph Taygete. The hotel located in the renowned region of Mani immersed in natural surroundings unveiling earthy tones and colors that combines with the sun-soaked coastline while the Mediterranean Sea dwells into the vast horizon tantalizing your senses to a unique experience. The hotel complex is built of local stone and wood complying with the ascetic architecture of the region. All 18 rooms and suites offer a private terrace and staggering views of the nearby town of Limeni and the Mediterranean Sea. Relax an unwind in a tranquil environment and indulge in the legacy of Greek hospitality renowned for a passion to serve. Savor traditional local tastes and flavors combined with Mediterranean cuisine paired with a local selection of wines and create a unique culinary balance in our restaurants and bars while the pool unfolds an infinity view of the Mediterranean Sea. Located just 8klm from the town of Areopoli and the nearest airport is 1-hour and 15-minute drive. The hotel provides transportation to designated sites and landmarks. Nearby sites include the picturesque town of Limeni, the stalagmite and stalactite caves of Diros as well as an array of beaches and scenic coves. Nearby is an abundant choice of restaurants and bars offering local delicacies and a vibrant night life.",Greece,4.755513,,,
On The Rocks Hotel Santorini,4755513.0,Greece,https://www.linkedin.com/company/on-the-rocks-hotel-santorini,www.ontherocksantorini.com,"The first rays of the morning sun gently caress your eyelids. The love of your life is lying next to you. You find yourself in the romance-award winner On the Rocks hotel and all you feel is bliss. In front of you, lies the Caldera of Santorini and behind you is your room, carved into the rocks in complete harmony with the Cycladic design. This is heaven on earth. You are at the On the Rocks Hotel in Imerovigli, Santorini. Enjoy the sunset with a glass of Santorini wine, taste dishes created by the chef that cause explosions of joy on your palate, relax on the sun lounges on your terrace and the pool pillows, let your eyes wander around the Aegean Sea, touch the hand of your other half and cherish what you feel inside you forever. We are waiting for you to have the best vacation of your life. We promise that this trip will be a life experience.",Greece,4.755513,,,
The Residence Aiolou Hotel & Spa,4755513.0,Greece,https://www.linkedin.com/company/the-residence-aiolou-hotel-spa,www.the-residence-aiolou.gr,"Housed in a charming and historic 100-year-old building, The Residence Aiolou Suites & Spa is a newly introduced modern boutique accommodation, sister property of The Residence Christokopidou Hotel & Spa, spreading some young and fresh vibes in the historic center of Athens. Designed with a minimalist aesthetic, this elegant luxury suites is the perfect choice for travelers seeking a relaxing and pampering escape in the bustling downtown area and an ideal starting point to explore the greater area of Athens. Charmingly appointed, the 16 air-conditioned and soundproof rooms and suites feature all comforts and conveniences for the modern traveler, extra comfy beds with Coco-mat mattresses, a flat screen TV with 200 satellite channels, a wardrobe and a working desk with a laptop, a mini bar, coffee and tea making facilities as well as quality toiletries, towels, bathrobes and slippers. The rooms & suites also offer a balcony with views to the historical center. The stunning historical mansion was built 100 years ago and went through a thorough restoration process that could not support the installation of an elevator. Stair access is provided between floors through a beautiful marble staircase. There a groom that can always help you and carry your luggage.",Greece,4.755513,,,
SP Menu,4755513.0,"Greece, Attica, Agios Dimitrios, 48 Papazachariou, 173 42",https://www.linkedin.com/company/sp-menu,www.spmenu.gr,Luxurious Handcrafted Menu Covers & More.,Greece,4.755513,,,
Hellenic Vibes Smart Hotel,4755513.0,"Greece, Attica, Athens, 7 Agias Irinis",https://www.linkedin.com/company/hellenic-vibes-smart-hotel,www.hellenicvibes.gr,"Our brand new smart five-star Hotel, right in the heart of Athens, Hellenic Vibes Smart Hotel, combines luxury and smart accommodation.  A truly magnificent urban refuge, cited next to Monastiraki Square, that consists of 35 rooms & exclusive suites, is here to offer minimalism and aesthetics on a budget and smart technology with a twist.  A modern hotel, located behind the doors of an impressive neoclassical facade of the 19th century, but when crossing the threshold of the entrance you will enjoy impeccable facilities and smart hotel technology.  Hellenic Vibes Smart Hotel’s mission is to operate in way that puts forward our ecological principles concerning sustainability and reduction of energy waste.",Greece,4.755513,,,
TrueTrips,4755513.0,"Greece, Attica, Maroúsi",https://www.linkedin.com/company/truetrips,www.truetrips.com,"Born following the successful course of TrueGreece, founded by Christos Stergiou more than a decade ago, TrueTrips is a cutting edge, luxury travel agency that creates meticulously designed vacations for discerning travelers.  Since 2008, Christos Stergiou has been continually recognized as one of the World's Top Travel Specialists for Greece by Condé Nast Traveler magazine; and he has also been selected by Travel+Leisure magazine as an A-List travel agent since 2009. Since 2014, he has been included in Wendy Perrin’s WOW List as a trusted travel expert for Greece. These distinctions showcase our commitment to planning and executing once-in-a-lifetime travel experience for its guests.  Our entrepreneurial climate and varied, challenging assignments create a stimulating environment for driven individuals. Our approach—building a service-oriented team that combines expertise in the tourism industry, solid managerial, organizational, communication, and social skills, and is comprised by motivated individuals who seek to grow their skill set and responsibilities within the company—is geared towards maintaining TrueTrips' position as a leader in the incoming luxury travel industry. What is perhaps most striking about TrueTrips is our constant pursuit for improving the quality of service and experience for our guests and affiliates, and creating a strong, team-based company culture founded on respect, personal and corporate growth, and job satisfaction stemming from our company’s achievements.",Greece,4.755513,,,
Malena Hotel & Suites **** - Adults Only,4755513.0,Greece,https://www.linkedin.com/company/malena-hotel-suites-adults-only,www.malenahotel.gr,"Member of Omilos Hotels, Malena Hotel & Suites **** ideally located in Heraklion Crete for business or leisure travel",Greece,4.755513,,,
Serenity Group Hotels & Suites Zakynthos Greece,4755513.0,"Greece, Ionian Islands, Zakynthos",https://www.linkedin.com/company/serenity-group-hotels,www.serenityhotels.gr,"Zakynthos Serenity is an adults-only boutique hotel enjoying a peaceful hillside setting in Argassi, just 200 m from the sandy beach and about 6 km from Zakynthos airport. Built in 2019, this brand new complex provides modern double rooms featuring complimentary air condition, Wi-Fi, a Smart TV, a walk-in shower with cabin and a furnished balcony overlooking the swimming pool. Guests can also enjoy a breakfast lounge and a poolside bar for all-day lounging.   Official category: 4 stars boutique hotel (GTO)",Greece,4.755513,,,
Manifest Hospitality,4755513.0,"Greece, Attica, Athens, 33 Διονυσιου Αεροπαγειτου, 11742",https://www.linkedin.com/company/manifest-hospitality,www.htg.gr,"Founded in 2021, Manifest which belongs to HTG Group of Companies is recognized for the quality and diversity of its hospitality services. A team of experienced professionals is at your disposal to develop, re-organize and improve your company results in your hotel. We run one of the largest coach fleets in the country consisting of numerous new generation vehicles among the most modern in Europe; Manifest brings the reassurance and the expertise to offer you the most suitable solution for your desires and requirements.  Our specialized experts carefully inspect and select a wide range of solutions, ultimately to provide you with top of the class services and programs suitable for any type of hotel. We also examine and create tailor-made programs to meet any specific request. We will continuously work on your specific request and exchange e-mails with you back and forth, in order to achieve the best end-product possible, ensuring that your visit in Greece will truly be ONE OF A KIND!",Greece,4.755513,,,
Miraggio Thermal Spa Resort,4737339.0,Greece,https://www.linkedin.com/company/miraggio-thermal-spa-resort,www.miraggio.gr,"Miraggio Thermal Spa Resort combines the alluring natural beauty of Halkidiki with the dazzle of innovative modern architecture, creating a world-class destination made for fans of wellbeing and luxury. From the extensive pools and range of activities to the ultimate pampering in our luxurious Thermal Spa Centre, Miraggio Thermal Spa Resort has something for everybody. And for those who like to explore, the surrounding areas offer so much to see and do. Welcome to the Miraggio Thermal Spa Resort. Halkidiki’s most inspiring and luxurious destination.",Greece,4.737339,,,
Empiria Group,4737339.0,"Greece, Attica, Glyfáda, 22 Laodikis, 74",https://www.linkedin.com/company/kanava-hotels-resorts,empiriagroup.gr,"Empiria Group  is a privately owned Greek company created in 1989 by Antonis Eliopoulos. Today, Antonis Eliopoulos with his wife Kalia Konstantinidou own and manage successfully 3 well known and awarded 5* hotels and 6 Luxurious Villas in Santorini and two 5* hotels in Paros. Empiria Group elevates authentic, Greek hospitality through its distinct brands of organic, understated luxury. With a strong sense of location in the most exclusive destinations, each unique property offers a celebration of Greek escape for the experiential traveler by the most caring and positive associates. Vedema Resort and Mystique Hotel located in Santorini are proud members of the Luxury Collection brand of Marriott International Inc Istoria Hotel located in Santorini and Parilio Hotel located in Paros are proud members of Design Hotels of Marriott International Inc.",Greece,4.737339,,,
Saint Suites Oia,4711280.0,Greece,https://www.linkedin.com/company/saint-luxury-suites-spa,www.saintsuitesoia.com,"A legendary concept brought to life after years of careful development. Saint  Suites Oia, offers guests a secluded haven within the exclusive heart of Oia, Santorini. Conceptual architecture coupled with unobstructed iconic caldera views as well as exclusive facilities, come together to create the ultimate Santorinian getaway.",Greece,4.71128,,,
Hotel Nikopolis Thessaloniki,4648675.0,"Greece, Central Macedonia, Thessaloníki, 16-18 Asklipiou Str., 57001",https://www.linkedin.com/company/1218600,www.www.com,"Hotel Nikopolis Thessaloniki is a 5 star Boutique City Resort, built in an area of 25.000 sqm. The Hotel is situated 3 km from “Makedonia” airport and 20 minutes from Thessaloniki’s city center. It’s location, at the heart of a wide and continuously growing district of commercial activity, positions the Hotel as a destination for the business travelers. The high quality and flawless service, the spacious and modern decorated areas and it’s unique architecture features, have gained the appreciation and trust of the demanding travelers who visit the city. The modern design of 99 luxurious rooms and suites, decorated with unique pieces of furnitures and lights that carry the signature of the most well-known contemporary designers of the world.",Greece,4.648675,,,
Erytha Hotel & Resort,4635884.0,Greece,https://www.linkedin.com/company/erytha-hotel-resort,www.erytha.gr,"Erytha is a 4 star Hotel Resort, situated at the most alluring moorage of karfas hence being famous and recognised for its great view to the Aegean sea. The Resort is a complex of 6 buildings completely harmonised to the external environment, surrounded by green gardens and charming paths. Each complex represents different room types, with special attended decorations, so that our visitors feel ‘’at home’’ while on vacations. In total the hotel operates 128 rooms All internal and external spaces are specially attended with furniture in frugal lines and modern materials setting the most welcoming scenery. Erytha Hotel Resort is an ambassador of the aegean hospitality especially to those who seek for comfort and discretion during their holidays.",Greece,4.635884,,,
Horizone | Accommodation Management,4635884.0,"Greece, Central Macedonia, Thessaloníki",https://www.linkedin.com/company/horizone,www.horizone.gr,"Horizone focuses on providing high quality services in the tourism industry. Being experts in our days’ trends as well as very familiar with the local market, Horizone offers high quality services focusing on reservations, sales, reservation management, budgeting, internet exposure and online travel agencies-channels.  Horizone differs from competition since we consider personal relationships with our clients as very important and we adapt our services to your individual needs (customization). Our experienced personnel care for your concerns, respect your wants and work for your dreams.  We combine experience with new ideas providing you with professional and direct services helping you maximize your profits. Our mission: provide efficient and high quality services that improve your product while increasing its market share. Our goal is continuous growth and eventually our establishment as one of the best service company in the tourism industry. Our satisfied clients, our long term relationships with them and the feeling of trust are the elements that will lead us to the desired goal through the success of our collaboration for your business.",Greece,4.635884,,,
Super Paradise Mykonos,4635884.0,Greece,https://www.linkedin.com/company/superparadisemykonos,www.super-paradise.com,"Like the Mykonian meltemi wind that always keeps you unquiet, we keep evolving following the aesthetics of our times. Super Paradise is reborn and enters a new era of partying, connecting with each other and enjoying life, charged with the special energy that this beautiful beach in Mykonos has been radiating for over fifty years. We invite you to step into a world of effortless comfort, where Mykonian aesthetics make you feel like in your bohemian chill-out and yet upbeat cosmos. A place where guests from around the world become co-travellers in the journey of authentic most-modern bohemian fun, partying moments, relaxation, and pampering with mouth-watering food options, sensational wines and creative cocktails.",Greece,4.635884,,,
Imperial Hospitality,4635884.0,"Greece, Central Macedonia, Thessaloníki",https://www.linkedin.com/company/imperialhospitality,imperialhospitality.gr,Imperial Hotels | Convention Center | Located in Thessaloniki,Greece,4.635884,,,
Estate Brains,4635884.0,Greece,https://www.linkedin.com/company/drope-bnb,estatebrains.com,Estate Brains is an A.I-Driven Real Estate Analytics Platform for Real Estate Professionals and Investors.,Greece,4.635884,,,
Anamar Hotels Resorts & Villas,4635884.0,"Greece, Attica, Athens, 72 Strofiliou St, 146 71",https://www.linkedin.com/company/anamar-hotels-resorts-villas,anamar.gr,"Anamar Hotels & Resorts is committed to offering a new level of sophisticated elegance in hospitality since 1982.  Throughout our 40-year journey, we learned that it takes hard work, constant improvement and adjustment to meet the fluctuating needs of our guests. Our visitors can choose from a variety of hotel types and destinations, personalizing their travel experience to their own needs and preferences.  Located at the most beautiful parts of Greece, including the stunning islands of Santorini, Mykonos, Patmos, Spetses, Kea, Skiathos, Zakynthos, Symi, Astypalaia and picturesque Pelio. Inspired by the concept of Greek “Philoxenia”, our company’s philosophy is built on the principles of respect, politeness and professionalism. At Anamar Hotels & Resorts we believe that our strongest asset is our people and thus we invest in top-tier, highly-trained staff that aligns with our company’s values and mission.",Greece,4.635884,,,
The GDM Island Hotel,4635884.0,"Greece, Crete, Kato Gouves, Vlihadas Str., 700 14",https://www.linkedin.com/company/theislandhotel,www.theislandhotel.eu,"Welcome to The Island, the 1st Adults / Couples Only Hotel in Crete Looking for that perfect place? Explore the Island Hotel in Crete. Inspiring, Iconic, Innovative, Influential. From the moment you arrive, the visionary style is apparent offering spectacular views of the Aegean sea. From our inception, The Island hotel has approached its spaces with both design and comfort in mind. It is a new chapter in a story book, an encounter of style and soul and our story has taken us around the world. We have created our hotel to be unique and individual expressions of modern travel and modern living. Whatever you want, whenever you want it, The Island is sure to have something to fulfill your dreams.",Greece,4.635884,,,
Elios Hill,4635884.0,"Greece, Crete, Irákleion",https://www.linkedin.com/company/elios-hill,elioshill.gr,"Welcome to Elios Hill, where every moment is a sun-kissed memory waiting to be created. Located on a tranquil hillside, the new family-friendly Elios Hill offers a blend of elegance and natural beauty, perfect for couples and families of all sizes.",Greece,4.635884,,,
Hermes Hotelia,4635884.0,"Greece, Attica, Néa Smýrni, 23-25 Raidestou Str",https://www.linkedin.com/company/2856952,www.hermeshotelia.com,"Sophisticated Booking Engine for Hotels, Consulting on Web Sales and Booking Distribution, Hotel Management Sales & Operation, Targeted Mass Mailing Platforms, Channel Management, Revenue Management, Hospitality Seminars, Hotel Technology Specialists",Greece,4.635884,,,
Paradise Beach Club Mykonos,4635884.0,"Greece, Mykonos, 84600",https://www.linkedin.com/company/paradisemykonos,www.paradiseclubmykonos.com,"Paradise Beach Club Mykonos, established in 1969, has earned its reputation as a premier destination, ranked #14 among the world's best clubs.  Throughout its history, it has welcomed renowned DJs such as Tiesto, Martin Garrix, Afrojack, Armin Van Buuren, and many others. A globally recognized resort, known for its stunning sea view accommodations, diverse culinary offerings, a unique blend of beachside relaxation and vibrant open-air clubbing experience.",Greece,4.635884,,,
Ftelia Bay Boutique Hotel Mykonos,4635884.0,"Greece, Mykonos, 84600",https://www.linkedin.com/company/ftelia-bay-boutique-hotel-mykonos,www.fteliabay.gr,"Welcome to Mykonos, an island famous for the gorgeous beaches, the vibrant nightlife, the activities and the unique Aegean beauty. Ftelia Bay Boutique Hotel is a 4 star hotel ideally located close to the Town (Chora) of Mykonos, next to the beach of Ftelia and near the famous beaches of Mykonos. Ftelia Bay Boutique Hotel offers a dreamy and totally relaxing environment for memorable holidays in Mykonos. The rooms and suites of Ftelia Bay Boutique Hotel in Mykonos are recently renovated featuring all modern facilities, such as swimming pool area where you can relax and enjoy evenmore your holidays in Mykonos. At the restaurant Ulmus, you will enjoy freshly made dishes cooked with love for the authentic tastes of the local, Greek and Mediterranean cuisine. In Ftelia Bay Boutique Hotel, we welcome all visitors who wish to live the holidays in Mykonos experiences by choosing a room or suite with sea or mountain views with privacy in a hotel build after the Aegean architecture with the white lines “touching” at the blue sky or the crystal clear Aegean blue Sea. Ftelia Bay Boutique Hotel is a family running business since 1990 with objective goal to offer you memorable vacations. From the first minute our staff will make you feel like home and they are ready to help you at any time. The complex has 33 rooms, different kinds, sea view or mountain view, two space family rooms, double or triple rooms, and suites . Most of our rooms are new or fully renovated and they are equipped with a small kitchen, fridge, mini bar, TV, hair dryer and A/C. There is free WiFi access and a free parking lot inside the hotel. The new lobby brings new air in the hotel , offers you wellness and relaxation. Live yourselves to the experts and have a Spa treatment in our center that we have created for you.",Greece,4.635884,,,
SUITEL,4635884.0,"Greece, Attica, Kifisiá, 38 Pallinis",https://www.linkedin.com/company/suitel,www.groupegm.gr,"SUITEL, an exclusive agent of Groupe GM -a leader in the field of guest amenities for the hospitality industry worldwide-, has a 20+ years’ record of performance in premium hotel cosmetics of selective distribution with exports to Cyprus, Malta, Turkey, Bulgaria, Libya, Kosovo, Albania, and Northern Macedonia. In collaboration with Groupe GM, the company offers an impressive portfolio of luxury brands from the international field of cosmetology, fashion, perfumery, spa, and skincare, including houses of high global value such as LVMH Group, L’oreal Paris, Estee Lauder, Puig Group, and other independent companies, delivering unrivaled services, and providing you with luxury products at affordable prices.",Greece,4.635884,,,
Meliti Hotel,4635884.0,"Greece, Crete, Ágios Nikólaos",https://www.linkedin.com/company/meliti-hotel,www.melitihotel.com,"Meliti is a small newly renovated hotel, seeking its upgrade into one of the best adults only, boutique hotels of the area. We are searching reliable, ambitious  and 'ready to work' employees in order to succeed our goals for better hospitality.",Greece,4.635884,,,
Indigo Inn Casa,4635884.0,"Greece, Χερσόνησος",https://www.linkedin.com/company/indigo-inn-hotel-chersonissos,www.indigoinn.gr,"Just 150 meters from the sea and located near  the center of hersonissos city, INDIGO INN is popular for its convenient location.  In about 2-20 minutes walk to get almost anywhere you need to be in the area.    Indigo Inn hotel has been  rennovated in 2015 and  features 56 spacious rooms fully equiped. Rooms can acommodate 2-6 persons. Each room avails its own balcony.    Our guests have the possibilty to use the facilities of our sister hotels', located very close to us in order to enjoy access to pools, tennis facilities, sports facilites, spa services  as well as access to half or full board services  of  4* plus . Please ask us for further details.",Greece,4.635884,,,
Acqua Plus Water Park,4635884.0,Greece,https://www.linkedin.com/company/arhospitalityservices,www.acquaplus.gr,"ACQUA PLUS is by far the most popular water park on the island of Crete, for twenty years now it offers great fun and good service to more than 100000 satisfied clients per year, is situated 5km from Hersonissos and only 30km from the city of Heraklion. It’s next to the Crete Golf Club. The water park is split in to two section connected to each other. The one section is for adults and includes a large number of extreme slides with high adrenaline and the other section for children. It is famous as the first water park in the Balkan region.",Greece,4.635884,,,
Olive Villa Rentals,4635884.0,Greece,https://www.linkedin.com/company/olive-villa-rentals,www.oliverentals.com,"When it comes to booking a holiday villa in Greece, start by choosing the right people to guide you through what may prove to be an unforgettable experience.  The Olive Villa Rentals team will assist you in finding the villa which best matches your unique needs and take you every step of the way to your dream holiday:  More than 100 luxury villas all over Greece, personalised planning according to your desires, 24/7 concierge services, best rate guaranteed and a friendly piece of advice that will introduce you to places that you cannot afford to miss.",Greece,4.635884,,,
Avli Crete,4635883.0,"Greece, Crete, Rethymno",https://www.linkedin.com/company/avli-crete,www.avli.gr,"Στο ιστορικό κέντρο της πόλεως του Ρεθύμνου, τρία διατηρητέα αρχοντικά του 15ου αιώνα στεγάζουν την Αυλή.  Το εστιατόριο AVLI creative cuisine το οποίο έχει αναγνωριστεί ως ένα από τα καλύτερα εστιατόρια της χώρας προωθεί από το 1987 την αναβίωση της παραδοσιακής κρητικής κουζίνας σε χώρους υψηλής εστίασης και πειραματίζεται με τη χρήση οργανικών πρώτων υλών και δοκιμασμένων στο χρόνο υλικών, σε σύγχρονες ευφάνταστες συνταγές. Το 1999 επεκταθήκαμε στο χώρο του κρασιού και δημιουργήθηκε η ΑVLI fusion enoteca. O χώρος φιλοξενεί περισσότερες από 460 ετικέτες ελλήνων παραγωγών. Διοργανώνει βραδιές γευσιγνωσίας και οινογνωσίας. Προβάλλει Κρήτες και Έλληνες οινοπαραγωγούς γνωστοποιώντας στο ευρύ κοινό το έργο και τα προϊόντα τους. Παρεμβαίνει στα οινικά δρώμενα της Κρήτης με ημερίδες, ομιλίες, εκδηλώσεις για το κρασί και τους ανθρώπους του.  Το 2004 το AVLI lounge apartments είναι γεγονός. Δύο ιστορικά και διατηρητέα οικήματα μεταμορφώνονται σε χώρους υψηλής φιλοξενίας. Έντεκα σουίτες εξαιρετικής αισθητικής συμπληρώνουν τον πολυχώρο Αυλή, με αυστηρό στόχο την απόλυτη ικανοποίηση των επισκεπτών και τη μέγιστη συναισθηματική ευαισθητοποίησή τους.  Το 2005, το AVLI raw materials θ’ ανοίξει τις πόρτες του για τους ταξιδευτές της γεύσης. Σπάνια προϊόντα βρώσης και πόσης απ’ όλες τις περιοχές της Ελλάδος και ιδιαίτερα της Κρήτης, διαθέτονται σ’ ένα διαφορετικό «μπακάλικο». Το 2013 το 1600 Raki Baraki ένα συγχρονο Κρητικό μεζεδοπωλείο, με μια φρέσκια προσέγγιση στο μεζέ, προστίθεται στην οικογένεια της Αυλής. Με άρωμα παλιάς ελληνικής ταινίας, ανοικτή κουζίνα, ψυγεία-βιτρίνες και προιόντα άμεσα προσπελάσιμα, δημιουργεί στον επισκέπτη μαμαδίστικη ζεστασιά και οικειότητα.",Greece,4.635883,,,
Apollon Hotel,4405338.0,Greece,https://www.linkedin.com/company/apollon-hotel,www.apollonparalia.gr,"Apollon Hotel  Paralia Pierias, 60100, Greece T : +30 23510 64441 E : info@apollonparalia.gr W : www.apollonparalia.gr",Greece,4.405338,,,
Hotel Makers,4405338.0,Greece,https://www.linkedin.com/company/hotels-makers,www.hotelmakers.gr,"Hotel-makers is a cutting-edge, energetic company of hotel renovation specialists.  We help hotel owners and operators plan, manage and execute guestroom and public area renovations smarter and better.  ABOUT US Fresh ideas, current technologies and systems, and inventive problem solving, Hotel-makers is on a mission to create a new standard for quality and service in the hotel renovation industry. The main fields of our action are: •Implementation of Architectural studies. •Interior & exterior design services. •Special constructions and supply from famous brands of contract furniture. •Bed linen supplies. •High end technology products & security solutions.",Greece,4.405338,,,
Fegoudakis Hotels & Resorts,4405338.0,Greece,https://www.linkedin.com/company/fegoudakis-hotels-resorts,www.fegoudakis.com,"Fegoudakis hotels & Resorts corporation was established in 1989 in Chios, with an aim to become one of the leading tourism enterprises in the island. Today it is the largest group of hotels in Chios and one of the most successful in Greece.  Our company owns six hotels, namely the Golden Sand Hotel, Grecian Castle Hotel, Sea View Resorts & Spa Hotel, Aegean Dream Hotel, Sunset Hotel and finally Kyveli Apartments Hotel. Through constant innovation and creativity our company reflects the authentic Chian culture within a symphony of luxury, space and style alongside offering the highest standards in the hospitality industry, thus exceeding guest expectations. We have unceasingly maintained our pledge to guests to make their stay unforgettable, warm and unique, something that our discerning guest call – a true home away from home sensation.  Our six hotels await you, to enjoy their modern facilities, genuine hospitality, authentic tastes and superb position in Greece's most historic and picturesque destination.",Greece,4.405338,,,
Athens Ikon,4405338.0,Greece,https://www.linkedin.com/company/athensikon,www.athensikon.com,"Athens Ikon Hotel features spacious suites in the center of Athens, next to Plaka, Syntagma Square, and Ermou street. With easy access to the main spots of Athens and spacious suites with 2 bedrooms, 2 bathrooms and one living room each, Athens Ikon is ideal for business travelers.",Greece,4.405338,,,
Hotel Perrakis,4405338.0,"Greece, Greece, Kypri Bay Gavrio Andros Island, 84501",https://www.linkedin.com/company/hotel-perrakis,www.hotelperrakis.com,"Perfectly located in front of two beautiful beaches, with modern renovated facilities and overflowing with warm hospitality the Perrakis Hotel on Kypri bay is one of the most beautiful hotels in Andros, one of the most unique of the Cyclades islands. Enjoy! diving in the pool, relaxing at the Beach Bar, experiencing the flavours of the Mediterranean cuisine at the “Cyclades” restaurant. Comfortable and elegant reception areas, amazing views of the blue Aegean Sea from all 44 of our rooms, and a staff that will make sure you experience the famous Greek hospitality first hand: if you’re visiting Andros, the Perrakis Hotel is the ideal destination.  Live an unforgettable experience! in one of Andros’s most romantic hotels… Couples can enjoy gourmet meals, breathtaking sunsets and could even host your wedding! Have fun! in one of the most upbeat hotels in Andros… Come with friends, celebrate with refreshing cocktails at the Beach Bar or take a scuba diving trip to explore the colourful ocean bed.",Greece,4.405338,,,
Gaia Hotels,4405338.0,"Greece, South Aegean, Kos, Lampi, 85300",https://www.linkedin.com/company/gaia-village-hotel,gaia-hotels.com,Gaia Hotels is a leading hotel group in Kos - Greece with 4 hotel in major turist areas across Kos Island. Gaia Garden Hotel  -  Location: Kos town Gaia Village Hotel- Location : Tigaki  Gaia In Style Hotel - Location : Tigaki Gaia Royal Hotel - Location: Mastichari  Gaia Palace Hotel - Location: Mastichari,Greece,4.405338,,,
Gold Suites,4405338.0,Greece,https://www.linkedin.com/company/gold-suites,www.andromedagoldsuites.com,"The Gold Suites in Imerovigli, a proud member of Small Luxury Hotels of the World, is one of the most recently build Cycladic complexes near Fira featuring 14 graciously designed and luxuriously equipped Caldera view suites boasting the most spectacular volcano view in Imerovigli. In an oasis of sumptuous comfort and Cycladic architectural grandeur the Caldera view luxury accommodation in Imerovigli is the epitome of privacy and exclusivity.",Greece,4.405338,,,
StayEasy Property Management & Marketing | Corfu Greece,4405338.0,Greece,https://www.linkedin.com/company/stayeasy,www.stayeasy.gr,"As homeowners ourselves and frequent hosts we completely understand the challenges that come with managing an short term rental first-hand. Guests expect hotel quality amenities, extraordinary service and on call services when booking a vacation rental.  StayEasy aims to take out the hassle out of hosting by delivering outstanding services to both our hosts and guests in Corfu. With our extensive experience in the field of Management and Hospitality we find powerful solutions to the problems that arise when hosting on the most reputable online renting platforms.",Greece,4.405338,,,
Kivotos Of Aegean Travel,4405338.0,"Greece, Attica, Athens, 26 Skoufa, 106 73",https://www.linkedin.com/company/greece-travel-kivotos,www.greece-travel.gr,"Greece Travel Agency Kivotos of Aegean is a Greek DMC boutique travel and tourism company, offering a wide range of itineraries for your vacation in the beautiful eastern Mediterranean. Since 1999, we offer travel packages and itineraries in Greece, Italy and Turkey. Our passion for travel, our personalized 24 hour service, our knowledge of the area, our proud record of satisfied guests, are some of the reasons that guarantee a memorable vacation. With more than 25 years in the Greece Tourism market, we have introduced countless numbers of people to the pleasures of travel in Greece. trip advisor excellence certificate for Kivotos Travel With increasingly individualized and diversified traveler demand, Kivotos of Aegean offers satisfaction in travel pleasures suited to a whole new age. We constantly propose new travel styles which anticipate changes in traveler values and lifestyles.",Greece,4.405338,,,
Cocoon Suites,4405338.0,Greece,https://www.linkedin.com/company/cocoon-suites,cocoonsuites.com,"Carved like a sculpture and wrapped in the spectacular volcanic landscape of Santorini, our eight newly renovated exclusive 5* Cocoon suites are unlike anything you’ve ever experienced before: A sanctuary for the senses, with stunning, panoramic views of the Aegean, the volcano and gorgeous sunsets. The suites also offer a 24-hours concierge service, private plunge pools and Jacuzzi, in-room candlelight dinners and scrumptious organic meals made with local produce. If what you need is a pampering, luxurious break in a breathtaking setting, this is your heaven on earth.",Greece,4.405338,,,
Superb Travel,4405338.0,Greece,https://www.linkedin.com/company/1801191,www.superbtravel.gr,""" The Crete You Are Looking For ""  Superb Travel has its base on the north coast of Crete. The company operates CreteTravel.com to provide descriptive information for those visiting Crete.  The website takes a fresh approach in providing a user-friendly design with fast-loading pages of text and photographs. Offering truly useful categories of information, it enables visitors to be better informed about selecting what to do, where to visit, and where to stay in Crete,  hotel reservations and bookings in Crete are offered for a hand-picked selection of accommodations from hotels to villas, and apartments - together with unparalleled personal service and information for our visitors. Also offered is quality Car Rental with full insurance, good rates, excellent service, and fast and easy reservations.  The website no longer accepts advertising.  SuperbGreece.com was launched in early 2005 to offer only the most exciting and delightful discoveries in hotels and villas throughout Greece.  The company philosophy is to operate with integrity and honesty and as a result, to develop and provide the ""best in the field"" for its customers. If you are reading this, you are already our customer, whether considering a visit to Crete, asking us a question about your vacation, or visiting the website. www.cretetravel.com www.crete-car-rental.com www.superbtravel.gr",Greece,4.405338,,,
NOS Hotel & Villas,4312859.0,Greece,https://www.linkedin.com/company/nos-hotel-villas,stayatnos.com,"Designed with intimacy, tranquillity and elegance in mind, NÓS is a peaceful hideaway imbued with the island’s vernacular gracefulness and handcrafted finesse where guests can enjoy the beautiful natural surroundings in the utmost comfort. Bright and spacious interiors open up to secluded courtyards, terraces and balconies for seamless indoor/outdoor living. Natural materials, earthy textures and hand-crafted details comprise a pared-toned aesthetic of refined simplicity complemented by modern amenities for a laid-back, soothing ambience that makes you instantly feel at home. SifNÓS stands out amongst the Cycladic islands in numerous aspects, from the sheer number of chapels peppering the rugged hills, fertile valleys and rocky promontories, to its pottery and culinary traditions, to its colloquialisms. Taking inspiration from the latter, and specifically the way people’s names are whimsically cut in half in everyday conversations, our new hospitality project is named NÓS , a shortened version of the island’s name (Sif-NÓS ). More than a playful abbreviation, NÓS also carries a deep spirit of its own as it represents the Latin pronoun for “we”, “our” or “us” and therefore concisely conveys the sense of belonging at the heart of the hotel’s guest experience. Welcome to NÓS hotel & villas, a tranquil hideaway of understated sophistication inspired by SifNÓS ’s timeless authenticity.",Greece,4.312859,,,
POSEIDON HOTEL SEA RESORT,4312859.0,"Greece, Νέος Μαρμαράς Σιθωνία Χαλκιδικής, 63081",https://www.linkedin.com/company/poseidon-hotel-sea-resort,www.poseidon.com.gr,"Το 4* Poseidon Hotel Sea Resort είναι ένα ξενοδοχειακό συγκρότημα που βρίσκεται σε μια υπέροχη και ήσυχη τοποθεσία κοντά στο χωριό Ν. Μαρμαράς στην Σιθωνία Χαλκιδικής. Η περιοχή είναι γνωστή για το ιδιαίτερο μικρόκλιμα της και τα μεσογειακά χαρακτηριστικά του τοπίου. Ένα υπέροχο μέρος για διακοπές, γεμάτο φως και χρώμα. Από την μια το βουνό και από την άλλη η απεραντοσύνη της θάλασσας. Σε μία ξεχωριστή τοποθεσία περικυκλωμένο από πεύκα αναπτύσσεται το συγκρότημα, σε έναν καταπράσινο κήπο 24 στρεμμάτων, το οποίο προσφέρει υψηλής ποιότητας υπηρεσίες φιλοξενίας.",Greece,4.312859,,,
Orestis House,4312859.0,Greece,https://www.linkedin.com/company/orestis-house,www.orestishouse.gr,"[En] Orestis house is a traditional, stone guest house, located in Ano Pedina, Zagori area. The house was built 150 years ago. Oreste's House features a typical example of the unique architecture of the area. The main idea is to provide the guest a warm, family atmosphere. At the hotel's restaurant you can taste local specialities, prepared by the owners with local products. Orestes house consists of two separate buildings, connected with a small, stone terrace, full of flowers. All rooms are traditionally decorated, with authentic objects and fireplaces. [Gr] Το Σπίτι του Ορέστη είναι ένα από τα πιο παλαιά αρχοντικά του χωριού Άνω Πεδινά. Πήρε το όνομά του από τον τελευταίο του ιδιοκτήτη. Αποτελείται από ένα συγκρότημα από δύο λιθόκτιστα διόροφα κτίρια που χτίστηκαν πριν 150 χρόνια. Το Σπίτι του Ορέστη είναι από τους πιο παλιούς ξενώνες που λειτούργησαν στην περιοχή. Βασική πρόθεση κατά την αποκατάσταση του ήταν να κρατηθεί κατά το δυνατό ο αρχικός χαρακτήρας του κτιρίου ώστε ο επισκέπτης να έχει την αίσθηση ότι φιλοξενείται σε σπίτι.",Greece,4.312859,,,
Alex Beach Hotel & Bungalows,4289459.0,"Greece, Theologos, 85106",https://www.linkedin.com/company/alex-beach-hotel-&-bungalows,www.alexbeach.gr,"Alex Beach Hotel & Bungalows enjoys a unique location right in front of Theologos beach and very close to the well known Valley of the Butterflies in Rhodes. The 4-star complex features 2 restaurants, including one by the pool, and 3 bars including one on the beach. Children are entertained at the kid’s club offering organized daily activities and sports programme. The modern complex offers sea-view and mountain-view guestrooms and bungalows with furnished terrace surrounded by beautiful gardens. Each unit is well appointed and has daily towel and linen change. Guests can choose to swim in the beautiful waters of Theologos beach offering aqua aerobics, canoe and windsurfing, or in one of the 2 lagoon style swimming pools, offering children’s sections.",Greece,4.289459,,,
Infinity Suites & Dana Villas,4279736.0,Greece,https://www.linkedin.com/company/danavillas-infinitysuites,www.danavillas.com,"Dana Villas & Infinity Suites is a five-star Boutique Hotel located in the Firostefani area of Santorini Island. An ideal romantic getaway for couples, offering exceptional views of Caldera Bay, the volcanic island, and the breathtaking world-renowned Santorini sunsets. The hotel comprises 28 luxury suites and villas with modern design and elegant decoration inspired by Cycladic architecture and style. All the suites and villas are equipped with upscale amenities and facilities, while most include heated outdoor plunge pool Jacuzzis, indoor cave pools, outdoor infinity pools & steam baths. Dana Villas and Infinity Suites provide its guests with cutting-edge technology, a luxury environment, and ultimate privacy, creating a unique romantic holiday experience in Santorini.  The hotel offers a main outdoor infinity pool with a view of the Caldera, a fine dining restaurant, a 24/7 front desk, a wellness-exclusive cave spa, catamaran yacht tours, wine tours, and other activities. Two outdoor venues ideal for wedding ceremonies, proposals, parties, and exclusive dinners are also available, with a seating capacity of up to 24 pax each. Located on the edge of the cliff at the lowest part of Dana Villas, with only the natural cliffside below it, our venues most creatively host wedding events and private dinners.  For additional information/ inquiries, please get in touch with us at info@danavilas.com, and a team member will get back to you to assist you.",Greece,4.279736,,,
Domotel Hotels And Resorts,4268401.0,"Greece, Athens Kifissia District, 154 El.venizelou & Romilias Str, 14671",https://www.linkedin.com/company/domotel-s-a-,www.domotel.gr,"Domotel Hotels & Resorts is one of the leading boutique hotel chains in Greece with elegant accommodation, 6 complexes of advanced Conference Centers in a portfolio of 7 Deluxe Resorts & City Hotels located in Athens, Thessaloniki, Arachova/Delphi, Volos, Syvota, Kaimaktsalan, Karditsa. Our goal is to offer discerning business & travel visitors a choice of the most beautiful locations, home-comfort accommodation, a paradise of opulent amenities, state-of-the-art conference centers, funky-gourmet restaurants and glamorous event venues.Every Domotel is in perfect harmony with its natural landscape offering an unforgettable lifestyle experience. The company’s long lasting experience in the hotel industry and growing portfolio of 4 and 5 star hotels & resorts all over Greece, alongside with its renowned expertise in hotel management and sales and marketing promotional efforts offer partners long term management agreements.  Domotel works hand-in-hand with owners to help meet business goals, using the expertise and resources that provide key solutions to hoteliers, operators and investors. Domotel’s legacy is built on the long-standing MICE expertise and our exceptional quality services giving us the privilege of creating unique experiences for the world’s largest Travel Professionals & Enterprises catering on its best their Travel and MICE needs.",Greece,4.268401,,,
Hotel Alkyon,4121837.0,Greece,https://www.linkedin.com/company/hotel-alkyon-syros,alkyonsyros.gr,"Behind the hotel, there is a family that loves its living space and enjoys its activities. Over the past 30 years, it has welcomed thousands of travelers from all over the world and has created its own identity in the tourism sector.",Greece,4.121837,,,
JJ Hospitality,4121837.0,"Greece, Athens Attiki, 9 Tsatsou St, 10558",https://www.linkedin.com/company/jj-hotel-management-services-pc,www.jjhospitality.net,"JJ Hospitality is an Athens based vacation rental management company providing unique villas, apartments and boutique hotels in Athens and around Greece.  We always aim to maximise revenues for our clients and delivering a unique experience to our guests. Our properties are all hand picked homes with unique character and style; we focus on quality, not quantity. We consider our clients our partners in success, always aiming to improve each property's rental capabilities to achieve its full potential. Together we are shaping the future of hospitality in Greece.",Greece,4.121837,,,
URBANISTAS SA,4056497.0,"Greece, Attica, Athens",https://www.linkedin.com/company/urbanistas-sa,www.urbanistas.gr,"Founded in 2020, Urbanistas is a start up hospitality developing and management company that operates apartments, villas and other properties in Athens, and all over Greece.  The team consists of enthusiast engineers, visionary architects, european investors and hospitality experts who are into the hospitality business for several years and work relentlessly to overachieve their promise, as passionate as they are. Our vision is to expand all over Greece by achieving and surpassing the goals that have been set, by always staying true to our values. We believe that only if letting the inspiration defines our ideas and look at every project as a unique challenge, then we can achieve the best result.",Greece,4.056497,,,
COMPASS,4056497.0,"Greece, Central Macedonia, Thessaloníki, 4 Salaminos Street, 54625",https://www.linkedin.com/company/compass-travel-&-congress,www.compassteam.gr,"COMPASS was founded in early 2008 in Greece. Nowadays  we provide upper quality tailor made services in tourism industry. We act as: * Travel Management Company (TMC). We provide a large variety of all kind of travel services. Business and corporate travel, incentives and also exhibition tourism are the fields of  Compass' specialization. We manage on daily basis dozens of business travel accounts with effectiveness, immediacy and excellence, providing the suitable solution for any client's needs. * Destination Management Company (DMC). We provide tailor made services, ground handling, accommodation bookings, transfers, themed tours and hospitality management at destinations such as Athens, Syros, Crete, Rhodes, Chalkidiki, to markets such as US, Gr. Britain, Germany etc. We specialize in management of big incoming groups traveling for leisure or business. * Professional Congress Organizer (PCO). We provide organizational services, forms & publications services, marketing services and also hospitality services for congresses, meetings, & special events. Characteristics of the conferences organized by Compass are the consistency of our actions and the top quality of the providing services. Our innovative ideas and suggestions make every event we organize a unique experience. * Hotel Management company. We provide solutions to property owners or investors for touristic use. Whether you have one or more apartments you want to use as short term rental, or you own a small or larger hotel unit, cooperate with Compass and you will be provided: a) professional, holistic management of your property, b) guaranteed profitability, c) empowered business profile. We also respond to: www.compasstravel.gr www.incoming.gr www.incomingtravel.gr www.incominggreece.gr COMPASS | We design memories",Greece,4.056497,,,
Hotel Sofia,4056497.0,"Greece, Samos, Marathokampos Kampos, 83102",https://www.linkedin.com/company/hotel-sofia,www.sofihotel.gr,"Hotel Sofia is a pretty, family run hotel in Kampos Marathokampos of Samos, Greece. Set in a peaceful location with several small gardens and surrounded by mountain and sea views. It is an ideal choice for couples and families of all ages.  The distance from the nearest beach, Kampos beach, is only 100m and from the resort centre around 400m, as a result it is rather convinient for any guest!!! I like samos.. :) Samos is a Greek island in the eastern Aegean Sea.Island of goddess Hera, mathematician Pythagoras and Aristarchus...a place to visit :)",Greece,4.056497,,,
Anita Hotel,4056497.0,"Greece, Περαμα, 148 Λευκιμμης, 49084",https://www.linkedin.com/company/anita-hotel,anita-hotel.com,Anita is a small and friendly family run hotel that offers good holiday package deals with a genuine feeling of hospitality and excellent service.,Greece,4.056497,,,
UPSTREET,3796114.0,"Greece, Attica, Athens",https://www.linkedin.com/company/upstreet,upstreet.io,"UPSTREET is a leading property management company in Athens, Greece, with a unique focus on the short-term rental market. Our goal is to transform the way people view and experience home by providing exceptional ""homes as a service."" We offer skillfully designed apartments located in carefully selected neighborhoods that are move-in ready. Our use of technology ensures a seamless experience for our guests, setting us apart from other property management companies. With our approach, we aim to appeal to a wide range of customers seeking convenient, comfortable, and affordable accommodation for short-term stays. Our focus on the short-term rental market enables us to cater to both tourists and business travelers, providing them with an exceptional level of service and an unforgettable experience during their stay in Athens",Greece,3.796114,,,
AKTI HELONA SA,3776004.0,"Greece, Attica, Athens, 7 Irodou Attikou, 85302",https://www.linkedin.com/company/akti-helona-sa,www.helona-resort.gr,"HELONA RESORT Sun-kissed and sun-blessed, Helona Resort is nestled on a gentle hill that softly finds its way to a long sandy beach, at the south-eastern coast of Kos island, in Greece. Water flows abundantly throughout the resort, forming ponds, lagoons and swimming pools, many of which are private.   Soft domes and large verandas pay homage to the Italian architectural heritage of the Dodecanese islands; large windows let the light in and lots of open-air spaces celebrate the essence of summer",Greece,3.776004,,,
People Hospitality,3776004.0,"Greece, Central Macedonia, Thessaloníki, 15 Antoni Tritsi, 55535",https://www.linkedin.com/company/people-hospitality,www.peoplehospitality.gr,"We provide expertise in Business Intelligence, Revenue Strategy and Property Management for Hospitality Industry.",Greece,3.776004,,,
Reload Hotel Sales Management,3776004.0,Greece,https://www.linkedin.com/company/reload-hotel-sales-management,reloadhotelsales.com,"At Reload Hotel Sales, we’re dedicated to helping Hotels increase their Direct Bookings and cut down on OTA commissions. Our elaborate Suite of Services is designed to grow your Hotel's Revenue and give you more Control over your Bookings: - Revenue Management: We help optimize your Pricing and Inventory to maximize  Profits. - Google & Meta Ads: Reach the right audience with targeted Ad Campaigns that boost Direct Visits and Reservations. - Website Development: We build beautiful, user-friendly websites that turn Visitors into Direct Bookers. - SEO: Get your hotel Ranking higher on Google with our expert SEO strategies. - Content & Reputation Management: we make sure that your content is impeccable and boosts Reservations What sets us apart from the competition is that our partner hotels achieve up to 70% Direct Sales, meaning significantly less Reliance on OTAs and more NET Revenues. Get in touch with us to get your hotel achieving more direct bookings in no time!",Greece,3.776004,,,
Golden Star City Resort,3776004.0,"Greece, Central Macedonia, Thessaloníki, 73 Pavlou Kountouriotou, 570 19",https://www.linkedin.com/company/golden-star-city-resort,www.goldenstarhotel.com,"Golden Star City Resort is a 4-star awarded hotel situated right on the blue flag awarded beach of Perea, just a few minutes away from the historic center of Thessaloniki. The hotel offers eight different room types that promise to grant you absolute relaxation and serenity.  All rooms offer a wide range of facilities and services designed to exceed your expectations as well as to make you experience authentic Greek hospitality in Thessaloniki’s Riviera.",Greece,3.776004,,,
Kamares Vacation Villas,3776004.0,Greece,https://www.linkedin.com/company/kamares-vacation-villas,kamarestinos.com,"Kamares Vacation Villas are located only 30 meters away from the gorgeous sandy beach of Agios Romanos, one of the cleanest beaches in Tinos. Here you can enjoy marvelous sunsets and swim protected from the wind.   Only 12 km from the city and port of Tinos, this location is ideal for a quiet and relaxed vacation, big family reunions or just a large group of friends who wanna hang out together by the sea.  Kamares Vacation Villas are built following the traditional cycladic architectural style. Every Villa is equipped with all the amenities you will need for a relaxed and carefree visit.",Greece,3.776004,,,
Reveffect- Hotel Revenue Strategy Management,3776004.0,"Greece, Attica, Athens, 149 Grypari Kallithéa",https://www.linkedin.com/company/reveffect,www.reveffect.com,"We are a New Generation Revenue Management Company, using predictive analytics and data driven insights. We offer you solutions that combine both Evolution and Revolution. Tech is the enabler, however we do believe that talent, teamwork, consistency and sound strategy, will get the job done. Therefore, we combine tech and human resources. We are your specialized Revenue Management specialists.",Greece,3.776004,,,
Calme Boutique Hotel - Luxury Hotel In Paros Greece,3776004.0,Greece,https://www.linkedin.com/company/calme-boutique-hotel,www.calmehotelparos.com,"In a world of visual and aural noise, the definition of luxury is not about lavish, over furnished hotels with staff rushing around. Today, luxury for the European traveller is defined by privacy, calm and minimalism.” - Iossif Alighizakis, Architect and owner of Calme Hotel in Paros, Greece. This is the concept behind The Calme Boutique Hotel, located on the unspoiled Cycladic island of Paros. Here the owners have used their own experiences travelling to some of the world’s most beautiful resorts, and created a hotel that offers a truly transformative experience for the luxury traveller. The cool, organic, stone Chateau with only fourteen, private suites, each with their own infinity pool and a direct view of ten Cycladic islands offers the ultimate in pared-back luxury. Calme is a boutique hotel that lets you breathe, both mentally and physically. All of this means that guests who stay with us at The Calme Hotel, decide how connected they wish to be. Designed with complete privacy in mind – even staff won’t pass your suite – you can spend your days in splendid isolation, cocooned in a soothing palette of blue and white to complement the earthy stone. Luxuriate in your private pool and allow the hypnotic view and the Cycladic breeze, fragrant with healing herbs, to relax and rejuvenate you. Barely 700 metres away lies the island’s premier beach, Chryssi Akti (Golden Beach), where kite and windsurfers can leave it all behind and revel in the challenge of the dancing waves. With convenient connections to the road and the island’s bus, wander amongst the traditional whitewashed buildings and enjoy the local experience. Back at The Calme Hotel, enjoy lunch with us at the SEVENSENSES restaurant before perhaps returning to your suite and reflecting on a perfect day. Feel free to contact us at: Email us: ⌨ info@calmehotelparos.com Or call us: ☎+30 694 726 9354",Greece,3.776004,,,
Elia Hotels Group,3776004.0,"Greece, Crete, Chaniá, 1 Bettolo, 73100",https://www.linkedin.com/company/elia-hotels-group,www.eliahotels.com,"With more than 20 properties and counting all our hotels and apartments are perfectly positioned in some of Chania’s most iconic and desirable destinations. We constantly evolve with time and adapt our properties to ever-changing guest demands as we tirelessly upgrade our facilities and services while keeping our Cretan hospitality spirit alive. Elia Hotels Group features Central and Boutique Hotels, to Summer Retreats, and Spacious Villas and Apartments. From budget hotels to luxurious apartments and from family hotels to adult-only concepts, each with its own original design and unique stories to tell. For every choice you make, we have a hotel or apartment with its own personality. Here, at Elia Hotels Group, we strive for excellence and our aim remains the same for every traveler. “To be a destination where our guest’s experience is beyond expectations and our name to become synonymous with hospitality”.",Greece,3.776004,,,
The TownHouse Mykonos,3776004.0,"Greece, Mykonos Town, Manto Square, 84600",https://www.linkedin.com/company/the-townhouse-mykonos,www.mykonostownhousehotel.com,"The TownHouse Mykonos is a boutique luxury hotel, right in the center of Mykonos Town to include a complex of deluxe rooms, suites and individual villas, the SKYBAR Rooftop, the 54 Cocktail Lounge and Pump Gym, the only gym in Chora.  With doors opened in 2020 the TownHouse managed within the first season of operation to receive the TripAdvisor Travelers Excellence Award by making sure our guests received a 5-star experience throughout their stay.",Greece,3.776004,,,
Hotel Afrika Eleonas,3776004.0,"Greece, Peloponnese, Aigio",https://www.linkedin.com/company/hotel-afrika-eleonas,www.hotelafrika.gr,"At Eleonas of Achaia, close to the beach (just 200 metres) but also at the beautiful highland of Helmos we have created for you a unique venue of hospitality and relaxation. Our hotel offers 27 rooms with a capacity of 68 beds. It belongs to the second category of 3 star hotels and it is found on the edge of the village in a proprietary space of 7 lush hectares. It is 160km away from Athens, 50 km from Patra and just 12km from Aigio. Kalvryta and the ski resort of the Helms are at a distance of 39km and 54km respectively. If relaxation, rest as well as being in touch with nature constitute as a main prerequisite of your expeditions then our hotel surrounded by olive groves and orange groves, far away from every central or main road and noise that bothers you, offers the security of a big enclosed garden, as well as the hospitable atmosphere of its spaces, for a pleasant stay and rest, for you and your family.  Walk to one of the most beautiful beaches of Peloponnese to enjoy the sun and the sea or simply relax by the pool of our hotel and enjoy your drinks at the pool bar. Let this be the starting point of your outings toward nearby Kalavryta via car or with Odontotos railway. Organise an excursion and a visit to the most renowned archaeological sites of Southern Greece such as Delphi, Ancient Olympia, Ancient Corinth, the Mycenae of ancient Epidaurus and the archaeological sites and museums of Athens. If you like hiking, then take advantage of the possibility to walk a bit of the European path E4 that passes by our village and crosses the beautiful ravine of the Vouraiko river or one of the many other choices that is offered by mountainous Achaia.   Are you a lover of cycling? Our area offers a variety of rides from that range from very easy courses up to expert mountainous ones. Our hotel with its warm family environment is waiting to offer its services to you.",Greece,3.776004,,,
Inn Place,3776004.0,Greece,https://www.linkedin.com/company/inn-place-rentals,innplace.gr,"What started out to be a small personal business, grew and embraced a group of people that became the body and soul of the company. All of us working with INN PLACE are committed to offer a wonderful stay and a unique experience to you whilst at the same time evolving and getting even better at what we do.",Greece,3.776004,,,
Leda Village Resort,3776004.0,"Greece, South Pelion Magnesia, 37006",https://www.linkedin.com/company/leda-village-resort,www.ledahotel.gr,,Greece,3.776004,,,
Tholos Resort,3776004.0,Greece,https://www.linkedin.com/company/tholos-resort,www.tholosresort.gr,"Tholos luxury hotel is located in Imerovigli of Santorini which is a small distance away from the capital of Santorini, Fira, the hotel is a unique place to stay, on the unique Santorini.The Santorini hotel of your choice in Imerovigli, on the island of Santorini.",Greece,3.776004,,,
Elatos Resort & Health Club,3776004.0,Greece,https://www.linkedin.com/company/elatosresort&healthclub,www.elatosresort.gr,"Elatos Resort & Health Club, Greece’s premier alpine resort, opened its doors to the public in 1996. The vision then as now is to bring together in harmony the highest standards of service, accommodation and setting. A unique achievement in Greece, the Elatos Resort & Health Club literally lives and breathes at an altitude of 1.300m, and lies within the fir forest of Mount Parnassos. Just a few hours away from the hustle and bustle of city life, at the Elatos Resort & Health Club you are within minutes of the Mount Parnassos ski slopes, making this the ideal place for short excursions. You can visit the whole year round,  be it to see the admirable ancient civilization and history of Delphi or simply to experience the natural beauty and luxury of Greece at its most serene. Built entirely from natural materials, including wood and stone, the resort comprises a Club House and 39 separate chalets that provide visitors with exceptional comfort and warmth.",Greece,3.776004,,,
Costa Rossa Hotel,3776004.0,Greece,https://www.linkedin.com/company/costa-rossa,costarossa.gr,"Located on the Greek Island of Kefalonia, Costa Rossa Hotel is  a newly built hotel overlooking  the Ionian Sea. The Hotel offers 18 rooms, all featuring unparalleled aesthetics and views of the sea or the hotel's garden.  Our mission is to provide the most unforgettable experience to all of our guests. Amenities: Reception, Swimming Pool, Pool Bar, Restaurant, Mini Market, Sunbeds on the beach, Free Parking, Free Wifi",Greece,3.776004,,,
Your Butler,3776004.0,"Greece, Attica, Athens, 4 Monis Petraki, 115 21",https://www.linkedin.com/company/your-butler,www.yourbutler.io,"The idea of creating Butler hasn’t come to us overnight. Being previously involved with other cutting edge technology platform startups, traveling was an important part of our work.  It was during these travels that we first handedly witnessed the inefficiencies of the current operational status quo of the hotel business.  Inefficiencies that were mainly caused by the lack of integrated digital solutions in the industry.  Our drive was the fact that we knew we could address these gaps as we have done so in our previous similar endeavors.  Butler was formed in June 2018 in London UK.  Our initial action was to further research the market in order to establish the first intuitively perceived inadequacies and verify our claims.  After our research showed us, a greater than expected, number of areas which our solutions could be implemented, we formed our core engineering team from a pool of proven to us engineers.  The alpha release was ready in August 2018. We used this release in order to onboard our first initial strategic partners with which we managed to conduct feasibility studies and various PoCs. As of May 2019 Butler on-boarded a full team of engineers, based in Athens Greece, aiming to perfect the current beta version. Our sales team, based in London UK, had already established some key players as early partners and we aim to triple our clients.",Greece,3.776004,,,
Adorno Beach Hotel & Suites,3708707.0,"Greece, Mykonos Island, 84600",https://www.linkedin.com/company/adorno-beach-hotel-uites,www.adornosuites.com,Classic Cyclades style meets contemporary minimalism to create your perfect holiday retreat in Mykonos.,Greece,3.708707,,,
Castro Hotel Syros,3708707.0,"Greece, South Aegean, Ermoúpolis, 12 Kalomenopoulou, 841 00",https://www.linkedin.com/company/castrohotelsyros,www.casterohotelsyros.com,"Castro Suites hotel is a luxurious five star hotel perfectly located in the heart of Ermoupolis town on an exquisite historical building. The stunning property was built on 1857 by George Greca a famous Greek architect of the time and its colourful ceilings were painted by Italian artists creating a spectacular sight to impress the guests of its original owner, a rich Italian landlord named Matias Barabino who placed his initials and year of creation on the property’s balcony.  Castro Suites hotel was completely renovated in 2021 with its historical elements carefully restored to welcome its refined guests to an accommodation experience of luxury and bliss.",Greece,3.708707,,,
Kyklos Villas,3708707.0,"Greece, Grecia, 84400",https://www.linkedin.com/company/kyklosvillas,www.kyklosvillas.com,"Vacation villas on the island of Paros: book your dream vacation in a villa, which means relax and privacy. All villas in our portfolio are complaint to high quality standards. Our staff is available during your entire stay: transfer from port and airport to the villa, check-in experience, 24/7 assistance, concierge service and check-out.",Greece,3.708707,,,
HotelRaise.com,3708707.0,Greece,https://www.linkedin.com/company/venezia-resort,www.hotelraise.com,"HotelRaise enhances hotel operations and increases revenue through expert channel management, efficient booking systems, and strategic contract negotiations. Our services include comprehensive revenue management, brand development, and financial planning to ensure your hotel thrives in the competitive market. Partner with HotelRaise for tailored solutions and sustainable growth. Learn more at hotelraise.com",Greece,3.708707,,,
The Caravan Bed & Breakfast,3708707.0,Greece,https://www.linkedin.com/company/thecaravangr,www.thecaravan.gr,A new Bed And Breakfast in the City Center Of Thessaloniki,Greece,3.708707,,,
Orpheas Resort,3708707.0,"Greece, Crete, Georgoupolis",https://www.linkedin.com/company/orpheas-resort,orpheas-resort.gr,"Orpheas Resort set off to change from a simple beach hotel to something different… We felt the time had come to create a space for travelers ready to experience the unexpected, searching for a place to unwind and relax, a resort to appeal to all senses. The playful dialogue with the architectural history of Crete provides wonderful surroundings, carefully selected materials, arty design, and harmonic colors together with some funky details result in a feel of laid-back luxury with a bohemian twist. With gardens and lounges filled with tranquility, inspiration and the smile of our staff, Orpheas Resort is a true oasis on Crete.",Greece,3.708707,,,
Oniros Residences,3708707.0,"Greece, Crete, Chaniá",https://www.linkedin.com/company/oniros-residences,www.oniros-residences.gr,"Oniros Residences Hotel in Chania welcomes you in it’s elegant premises right on the Commercial Harbor, a strategic location with easy access to all the sites of the magnificent prefecture of Chania , found just 4km from Chania City. Experience all the advantages of a city break hotel in a suburban area, and make the ideal choice for both business and pleasure. Oniros Residences has 12 superior rooms and 2 connecting door Suites, spacious, modern, with all contemporary facilities and all with direct Sea View .  The Oniros Residences restaurant offers buffet breakfast, as well as HB or FB upon request. Also in our ala carte restaurant, you can experience the Mediterranean cuisine and the Cretan hospitality, featuring premium services, pure raw materials and a magnificent sea view!  The hotel also features wellness facilities with sauna, a gym and a full equipped conference center for up to 35 people.",Greece,3.708707,,,
Messinian Nest,3708707.0,Greece,https://www.linkedin.com/company/messinian-nest,www.messiniannest.com,"Nestled on the stunning west coast of Messinia, with breathtaking views overlooking the beautiful the Bay of Navarino, and situated beachfront with direct access to a dreamy, sandy cove, Messinian Nest stands as the ultimate destination for relaxation and rejuvenation in a luxurious setting. Messinian Nest aims to provide an unparalleled level of luxury and personalized service to guests by creating unforgettable experiences. We envision a future where visitors from around the world turn to us for their most cherished and memorable vacations, celebrations, and retreats.",Greece,3.708707,,,
Apollo Resort Aegina,3708707.0,"Greece, Agia Marina, 18010",https://www.linkedin.com/company/apollo-resort-aegina,www.apollo-resort.com,"The fully renovated Apollo Resort balances its elegant but unassuming architectural line, between the natural beauty of the dense pine forest and the blue open horizon. It is located on the shoreline in the bay of Agia Marina with direct access to the sea. It offers 240 beds in its stylish rooms with unlimited views of the Saronic Gulf for unique relaxing moments.",Greece,3.708707,,,
Aegon Mykonos Autograph Collection,3708707.0,Greece,https://www.linkedin.com/company/aegon-mykonos-hotel,www.aegonmykonos.com,"Set on one of the most cosmopolitan islands of the Mediterranean and nested in an infinite sandy beach Kalo Livadi overlooking the Aegean Sea, Aegon Mykonos, a 5 star Autograph Collection hotel by Marriott International, invites you to an eclectic, vivid and passionate lifestyle, to unfold all your extraordinary facets and discover your extraordinary self. With a total of 75 rooms, suites and Aegon Villa, beach club Sentu, two restaurants, spa, two common pools, an indoor gym and a range of outdoor fitness facilities, Aegon Mykonos is a destination unique to the island of Mykonos.",Greece,3.708707,,,
Teight Hotel,3708707.0,Greece,https://www.linkedin.com/company/teight-hotel,www.teighthotel.gr,Teight Hotel redefines notions of travel and explores a fresh take to the hospitality experience by connecting people with the local spirit as an extension of the immersive northern part of Greece.,Greece,3.708707,,,
Seven Rocks,3708707.0,Greece,https://www.linkedin.com/company/seven-rocks-boutique-hotel,sevenrocks.gr,"Located in Paliouri Halkidki, everything about Seven Rocks, is dedicated to providing its guests with the ultimate in carefree luxury. There’s something to suit everyone, whether you’re visiting for business or pleasure, relaxation or adventure.",Greece,3.708707,,,
Arcade Hotel Athens,3708707.0,Greece,https://www.linkedin.com/company/arcade-hotel-athens,www.arcadehotel.gr,"Arcade Hotel is located right in the center of Athens Greece, within minutes from Monastiraki square, the Acropolis and most major attractions. It is created by travelers, for travelers. We offer our guests seclusion and peace in a vibrant area that never sleeps; serving world-class hospitality with a warm, local and thoughtful approach. Waking up with the breathtaking view of the Acropolis, will definitely make your stay memorable. Our mission is to make your stay in Athens the best possible. Business or leisure we will cover all of your needs.",Greece,3.708707,,,
Emerald Villas & Suites,3708707.0,Greece,https://www.linkedin.com/company/emerald-villas-zakynthos,www.emerald-villas.gr,"Emerald Villas & Suites located on the east-north Coast of Zakynthos Island, only a few minutes away from Agios Nikolaos Beach in Volimes of Zakynthos Island.  Emerald Villas & Suites offer stunning sea views and marvelous moments of relaxation and pure inspiration to every guest. With a wide range of exclusive 5***** villas and Suites, for couples, families or big groups we guarantee that you will find one that suits you best.   These Zakynthian inspired villas are separated into five different types: Emerald Cave Suites: The first caved accommodation in Zakynthos. Open-plan suites with private pool and sea view. Each suite is 55sqm and can accommodate 2 persons. Emerald Suites: Open plan suite with private pool and sea views. Each suite is 45sqm and can accommodate 2 persons. Emerald Classic Villas: Two story villas with private pool and sea views. Each villa is 80sqm and can accommodate up to 4 persons. Emerald Superior Villas: Two storey villas, with private pool and sea views. Each villa is 105sqm and can accommodate up to 6 persons. Emerald Deluxe Villas: Two storey villas, with private pool with hydro massage, private children's pool, private playground and breathtaking sea views. Each villa is 180sqm, comfortable for up to 8 persons. All villas and suites are decorated with elegance and style and they all are fully equipped with all the modern amenities and conveniences for a pleasant and comfortable stay. Luxurious daily services (housekeeping, pool care, reception) are provided in the most discreet way. The distances between the villas ensure the privacy of their quests.",Greece,3.708707,,,
Visit Kalamaria,3708707.0,"Greece, Central Macedonia, Thessaloníki",https://www.linkedin.com/company/visit-kalamaria,visitkalamaria.gr,Social touristic startup. An effort to make Kalamaria #1 destination in Thessaloniki!,Greece,3.708707,,,
9 Muses Santorini Resort,3708707.0,Greece,https://www.linkedin.com/company/9-muses-santorini-resort,www.santorini9muses.gr,"The embodiment of elegant luxury welcomes all guests of this 5 star hotel. The rich volcanic landscape of Perissa, Santorini and the outstanding nature of Cyclades, Greece blend with the mystique of ancient myths and contemporary luxury in one of the most exceptional Beach Resorts in Santorini. Inspiration can be found in every moment of complete relaxation offered by the beautiful surroundings and the mesmerizing beaches that stretch all around the picturesque 9 Muses beach resort in Santorini.",Greece,3.708707,,,
PARK HOTEL ATHENS,3708707.0,Greece,https://www.linkedin.com/company/park-hotel-athens,www.athensparkhotel.gr,"The PARK HOTEL ATHENS, renovated in 2010 with “nature” as the main concept, brings the park…into the PARK! 140 deluxe spacious guest rooms (Standard & Superior) and 10 spectacular Suites equipped with modern amenities and views to the park or to the Acropolis. Gallo Nero! Modern Italian restaurant/bar with unique décor and original tastes from Tuscany, created by Chef Gian Luca Barlucchi, which will travel your senses all the way to Italy! Roof Top Bar Restaurant St’ Astra with stunning views of the Acropolis, Lycabettus Hill and Athens by night for superb events with style. Brand new, modern and sophisticated Banquet Rooms with hi-tech audiovisual equipment, ideal for business or private functions - from 10 to 300 people.  Outside Catering services offer extraordinary events in a variety of venues including the Kokotou Estate (Stamata-Attiki). Business center and Fitness center are available, as well as the roof top Swimming Pool during the summer months for cocktails and dinners under the stars!",Greece,3.708707,,,
Hotel FnB Consulting,3708707.0,"Greece, Attica, Athens",https://www.linkedin.com/company/hotel-fnb-consulting,www.fnb.gr,"Hotel FnB Consulting is a company that provides advices and services that focus on tourist interest investments such as Hotels, Restaurants, Theme Parks, Playgrounds, Cafes, Amusement Parks and recreation generally.  Hotel FnB Consulting was founded in 2007 in Athens by Efthimis Yordamis and Philipos Stamelos and the objective was to provide expert advice covering the cognitive gap and lack of experience in the marketplace with the minimal cost.  Today, the services of Hotel FnB Consulting starts from the management and may evolve in the development, sales, establishment and organization.  Hotel FnB consulting is our employees, and will support you as a people to people, based on your actual needs and abilities.  Through our daily communication with our customers, we see the need for personal contact and humane treatment. All of our services and our products have been designed in such a way that can deal from key business problems for our customers, to the most common everyday issues. Our company discovers and addresses the issues of our client, as being our personal problems.",Greece,3.708707,,,
Almyra Holiday Village,3708707.0,Greece,https://www.linkedin.com/company/almyra-holiday-village,www.almyra-holiday-village.gr,"Almyra Holiday Village is an establishment that covers a seaside area of 5 acres with private parking, at the Northern part of Evia Island and consists of an idyllic environment away from the city noise. It is a contemporary accommodation that combines aesthetic quality and luxury, creating, at the same time, a warm, welcoming sensation to each visitor. Constructed with good taste, applying materials and colours in accordance with the surrounding landscape, Almyra Holiday Village offers privacy and tranquility combined with warm hospitality. Elements such as natural stones, the wooden details of the buildings and the paved pathways create an atmosphere of simplicity and harmony. Situated near the sea, not only offers the advantage of enjoying breakfast with the breathtaking view of the waves but also enables the visitor to swim in the clean sea of the nearby beach, that is only 10 meters away from the establishment. The visitor also has the opportunity to relax by the pool or take a swim and have fun with water sports or other athletic activities, such as tennis, kayak and sup. Almyra Holiday Village is the best destination for those who want to enjoy an unforgettable stay combining relaxation and tranquility together with sports. It is the ideal accommodation for your vacation, as it offers you a unique, luxurious and relaxing break from your daily routine in an environment full of comfort and wellness.",Greece,3.708707,,,
Malia Bay Beach Hotel & Bungalows,3708707.0,Greece,https://www.linkedin.com/company/malia-bay,www.maliabay.gr,"Malia Bay Hotel is a charming collection of rooms and bungalows located on the northern coast of Crete, in Potamos the quiet eastern suburb of Malia. With a golden sandy beach at its doorstep, the all-inclusive hotel is beautifully built just meters away from the well-known Minoan summer palace. Despite its family-oriented nature, it is ideal for those who seek to relax and unwind,as its position allows guests to enjoy the tranquility of the hotel and its surroundings. The blooming gardens of Malia Bay Hotel and the shimmering deep-blue of the sea, guarantees satisfaction even to the most demanding guests.",Greece,3.708707,,,
Mast Hotels & Resorts,3708707.0,Greece,https://www.linkedin.com/company/mast-hotels-resorts,www.masthotels.gr,,Greece,3.708707,,,
Marin Hotel,3708707.0,Greece,https://www.linkedin.com/company/marin-hotel-crete,www.marinhotel.gr,"Hotel Marin, with its main objective of highlighting the Cretan hospitality and the professionalism of its staff, has become a favorite place of stay, whose history dates back to 1979. The hotel belongs to the luxurious category of accommodation and has 44 rooms next to the small Venetian harbor of Heraklion, with beautiful views of the Cretan Sea. We will be delighted to meet you!",Greece,3.708707,,,
Aegeon Beach Hotel,3702083.0,Greece,https://www.linkedin.com/company/aegeon-beach-hotel,www.aegeon-hotel.com,"Aegeon Beach Hotel is located at Cape Sounio, right on the seashore. It features rooms with breathtaking views of the Aegean Sea and the Temple of Poseidon.",Greece,3.702083,,,
VITA HOTELS S.A.,3450287.0,Greece,https://www.linkedin.com/company/vita-hotels-s-a-,www.vitahotels.gr,"A recently established, dynamic growing Hotel Management Company in Greece, is owner of 3 beachfront hotel properties in Malia and Hersonissos- Crete with a total capacity of 471 rooms and almost 200 employees. It is a chain with a business philosophy and methodology in the management of medium sized hotels. VITA HOTELS is committed to providing “value for money"" hospitality products in the main Greek holiday destinations that will meet the needs of the contemporary traveler, combined with high standard of services, client’s satisfaction orientation and environmental responsibility. Via strategic partnerships with major European Tour operators, the company has the vision of continuous healthy expansion in new projects and destinations in the near future. The company’s mission is to create a strong brand name with a dynamic presence in the Greek hospitality sector by acquiring new hotel properties in strategic locations, ensuring the consistent delivery of high level services & products combined with product innovation and professionalism, values that will differentiate our brand and will be recognized by both its business partners and guests. In addition we engage with the local industry and resources to create an extra value that reflects the culture of the destination as well as we support the community by providing sponsorships to local organizations.",Greece,3.450287,,,
Agramada,3450287.0,Greece,https://www.linkedin.com/company/agramada,www.agramada.com,"At Agramada we aim to offer hospitality services in a unique way that is based on sustainability and driven by innovation while also focused on supporting local businesses & products. We are looking to offer services that bring people closer to nature through three main business areas: the B&B Xani Agramada, the Agramada Treehouse and Agramada Experiences.",Greece,3.450287,,,
Arocaria Mykonos,3450287.0,Greece,https://www.linkedin.com/company/arocaria-mykonos,arocariamykonos.com,"This property is 6 minutes walk from the beach. Located in Mykonos City, 450 m from Tourlos Beach, Arocaria Hotel provides accommodation with a restaurant, free private parking, a seasonal outdoor swimming pool and a bar.  The hotel is close to several noted attractions, around less than 1 km from Agia Anna Beach, a 19-minute walk from Agios Stefanos Beach and less than 1 km from Mykonos Old Port.  Popular points οf interest near Arocaria Hotel include Archaeological Museum of Mykonos, Little Venice and Mykonos Windmills. The nearest airport is Mykonos Airport, 3 km from the hotel.",Greece,3.450287,,,
Delta-Hotelia,3450287.0,"Greece, Attica, Aigáleo",https://www.linkedin.com/company/2156962,www.delta-hotelia.gr,"Delta Hotelia is addressed in the professionals of tourist market that seek a trustworthy and experienced collaborator for the creation of qualitative spaces of hospitality. We allocate a complete range of services and products that make us the unique company in the Greek market, which can cover the needs of modern hotel keeper, completed and responsibly.",Greece,3.450287,,,
Mandraki Beach Resort,3450287.0,Greece,https://www.linkedin.com/company/mandraki-beach-resort,www.mandrakibeachresort.com,"One of the things that make Mandraki Beach unique is that it’s the only sandy beach on Hydra.  Located in a protected bay, a short boat ride or an easy walk from the port of Hydra. Relax on one of our comfortable beach beds or enjoy a five star meal in our beachside restaurant.",Greece,3.450287,,,
Lift Hospitality,3450287.0,"Greece, Attica, Athens",https://www.linkedin.com/company/lift-hospitality,www.lifthospitality.com,"Lift Hospitality was created by travel enthusiasts sharing a passion around everything travel-related, and especially the Hospitality Industry. By establishing and maintaining a sincere, direct and personal relationship with all its partners, Lift Hospitality aims at creating mutual value. The main goal is to drive any Hospitality project - regardless of location or maturity level - towards reaching its full potential. Core services offered by Lift Hospitality are Strategy setting for Accommodations of any size, Sales and Revenue Management, Reservations Management, OTAs handling and communication as well as consulting on Image, Social Media and Marketing.",Greece,3.450287,,,
THE BEACH HOUSE MYKONOS,3428055.0,Greece,https://www.linkedin.com/company/the-beach-house-mykonos,beachhousemykonos.com,"THE BEACH HOUSE is a sun-washed, cliff-perched beachside haven reserved for the selective few who have an imminent connection with the sea, value iconic aesthetics and embrace a positive, healthy approach in life. Step into a dreamy world where inner peace, tranquility, and effortless, unpretentious luxury are a state of mind.",Greece,3.428055,,,
OreoGroup | Vacation House Management Agency,3428055.0,"Greece, Crete, Rethymno, Hortatzi 40, 74100",https://www.linkedin.com/company/oreotravel,www.oreotravel.com,"Oreogroup is a vacation rental management agency in Crete, located in Rethymno with over 20 years of experience and serving approx 20K guests every year! Our Portal - Oreotravel (www.oreotravel.com) - is loaded with over 200 Private Luxury Holliday villas and City Apartments on Crete. Find the ideal villa for your holidays in Crete, Greece. All our rentals are equipped with a private swimming pool, have unlimited Seaview and are surrounded by Cretan nature. Ideal for families, or romantic couples. Enjoy the Cretan hospitality and taste our gastronomy. The Founder of Oreogroup is a pioneer of the Tourism industry in Crete, Mr Stratos Beretis, with long experience in the tourism industry.",Greece,3.428055,,,
Taleton Sparti Country House,3428055.0,"Greece, Peloponnese, Spárti",https://www.linkedin.com/company/taleton-eco-boutique-hotel,taleton.gr,"Set at the foothills of Mount Taygetos, the Taleton Eco Boutique Hotel is located in the picturesque village of Xirokampi with its many local restaurants (tavernas) and its charming coffee shops, all in the main square next to the hotel. This traditionally designed guesthouse is environmentally friendly and offers free Wi-Fi access, along with comfortable geothermal cooling and heating technology. The Taleton consists of 10 exclusive suites, each with satellite TV, a DVD player, cable Internet and a mini bar. Some suites also feature a fireplace and a kitchenette, while others fit up to four people. Guests can enjoy the hearty traditional breakfast made with locally grown products, either by the fireplace in the lounge area or in the beautiful courtyard with a fountain when the weather is pleasant. Sparta and the stunning Byzantine complex of Mystras are just about a 15-minute drive from Taleton Eco Boutique Hotel. The propertyâs location at the foothills of Mount Taygetos makes it an ideal starting point for outdoor activities like cycling, hiking and rock-climbing all year round. Guests can also visit the Museum of Olive Oil and the Archaeological Museum of Sparta. Also noteworthy are the idyllic beach of Mavrovouni, the organic Theodorakakos winery and the picturesque seaside town of Gythio about 20-25 minutes away. Enjoy yourself right here in the heart of the lovely little village or discover the best of Lakonia!",Greece,3.428055,,,
Negroponte Resort Eretria,3427739.0,Greece,https://www.linkedin.com/company/hotel-negroponte,negroponteresort.gr,"Negroponte Resort is a 5-star hotel located on the outskirts of Eretria on Evia island in Greece. Located only 70 minutes from Athens International Airport or 90 minutes from the Port of Piraeus, Negroponte Resort can be comfortably reached by modern motorway and bridge connecting Evia island to mainland Greece. Negroponte Resort features an 11,000 m2 green property with private beach near Eretria accommodating 107 deluxe guest rooms and suites. The resorts’ veranda restaurant offers spectacular views over the Evian Gulf and the Attika coastline while presenting Greek and international gastronomy. Its modern pool restaurant and café serve classic Greek and Mediterranean cuisine with fresh seafood from the Evian Gulf, delicious salads and refreshing cocktails.  Besides a private beach with natural shade by pine and mastic trees, the resort's garden features a large outdoor seawater pool with hydro massage and children’s pool. Other family-friendly features are the food preparation for infants and the children’s entertainment programs and free play at the outdoor play forest or in the indoor play areas. The health club includes an indoor heated swimming pool with jacuzzi and a state-of-the-art gym. Other sports facilities are the resorts’ tennis courts, basketball court, mini – football court (5x5), and the 800 meters active walking track around the hotel premises. Negroponte Resort offers a mini-market, Wi-Fi internet services in all indoor - and outdoor public spaces and an internet corner. The resort is located near several important Ancient Greek archaeological sites and organizes tours and activities such as trips to the nearby wineries. Finally, if you are looking for the perfect venue for your wedding or corporate event, Negroponte Resort offers over 2,000 m2 of indoor and outdoor meeting rooms, event and exhibition space.",Greece,3.427739,,,
Amathus Hotels Rhodes,3362207.0,"Greece, South Aegean, Ródos",https://www.linkedin.com/company/amathus-2hotels-rhodes,www.amathusrhodes.com,"Amathus Beach Hotel   & Amathus Elite Suites    The 5 ***** escape,  beautifully nestled in the balmy seashore of Ixia Bay on the enchanting  island of Rhodes ,the island of the Knights and the historical wonders , encapsulates the essence of holistic island comfort.  An ideal choice for  •	Travellers of world-class status are welcome to a haven of relaxation and magical moments offered with  luxury amenities and abundance of recreational facilities among the lush greenery and the Waterfall dumpling down the mountain, flowing as smoothly as  syrup to the beautiful serenity pool at the bottom •	Family Holidays with children enjoying educational and learning activities at the Pelican Kids Club , splashing around the paddling pool, enjoying magic and illusion performances or running  off to the playground under the Sun of the Aegean Sea  •	For magical , bescope Wedding Ceremonies either on the beachfront or by the Swimming Pools escorted by a stunning view of the most beautiful Sunset  and coordinated by the  exceptional wedding planning services Team •	Corporate Travellers wishing to combine Business with leisure at the high-end Banquet facilities that can be configured   to host a broad range of Executive Meetings , Special Events,  Conferences and Incentives  •	For rejuvenating pampering at the Spa and Wellness Centre ,the best in the Dodecanese, with state of the art facilities offering treatments to soothe body and mind and elevate the senses to unparalleled heights  http://www.amathusrhodes.com",Greece,3.362207,,,
Wellness Santa Hotel,3270110.0,"Greece, Central Macedonia, Thessaloníki",https://www.linkedin.com/company/wellness-santa-hotel,www.santahotel.gr,"Wellness Santa Hotel is one of the most luxurious beach resorts in Thessaloniki. Located by the sandy Agia Triada, a well known blue flag awarded beach in Neoi Epivates, Wellness Santa Hotel provides superb accommodation & quality services all year long. Luxury sea view rooms & suites, dining, wellness, entertainment, and leisure options create the ideal choice for dreamlike holidays.",Greece,3.27011,,,
Lichnos Beach Hotel & Suites,3258200.0,"Greece, Parga, 48060",https://www.linkedin.com/company/lichnos-beach-hotel-&-suites,www.lichnosbeach.gr,"LICHNOS BEACH HOTEL & SUITES. NESTLING ON THE BEACHFRONT. LUXURY RESORT IN PARGA, GREECE Framed within a bisque-golden sandy beach, a plumed emerald garden, and the pearl-mystic turquoise Ionian sea waters of Lichnos bay, Lichnos Beach Hotel & Suites resort, embodies everything luxury suites and beach bungalows stand for. Situated near the town of Parga, in Epirus Greece, it is a 4 star luxury resort and beach hotel for every visitor. From young couples, who wish to enjoy water sport activities in the Ionian Sea and the pulsing night-life of Parga, to families and older people, who wish to indulge in luxury and relax during their vacation in dazzling Greece. Lichnos Beach Hotel & Suites is a luxury accommodation in Parga and the ultimate Ionian destination found in Lichnos bay – Ionian Sea. Comparable to no other luxury resort in Parga, Lichnos Beach Hotel & Suites delivers its promise for unforgettable vacation.",Greece,3.2582,,,
The Olon,3227435.0,"Greece, Attica, Voúla, 32 Vouliagmenis Avenue, 16673",https://www.linkedin.com/company/theolon,www.theolon.com,"Olon is a boutique development and lifestyle firm redefining what it means to live, invest, and experience with purpose. We go beyond traditional real estate. Our integrated services span ultra-premium property development, strategic real estate acquisitions, investor advisory, and elevated hospitality experiences — all delivered with discretion, precision, and refined taste. Whether you're a global investor seeking off-market opportunities, a future homeowner envisioning a bespoke residence, or a cosmopolitan traveler in search of tailored luxury, Olon offers a seamless, holistic experience. From strategic site selection to construction, marketing, and post-completion asset care, we manage every detail. Our hospitality arm curates design-led stays and immersive experiences that celebrate contemporary Athenian living — with dedicated concierge services and personalized attention tailored to the modern nomad seeking an unparalleled lifestyle. At Olon, we don’t just build. We design value, craft environments, and curate journeys. Always with the goal of elevating lifestyle and legacy. Live the Olon experience. Discover a new way to live, invest, and belong.",Greece,3.227435,,,
SIFNOS HOUSE,3227435.0,"Greece, Sifnos, Kamares, 84003",https://www.linkedin.com/company/sifnos-house,www.sifnoshouse.com,Sifnos House offers hospitality in the comfort of a house and the luxury of a hotel.,Greece,3.227435,,,
Oikon Hospitality,3227435.0,"Greece, Attica, Athens, 286 Kifisias Avenue Chalandri, 15232",https://www.linkedin.com/company/oikon-hospitality,www.oikonhospitality.com,"A Hospitality Agency focusing on increasing hotels' profitability, through qualitative and quantitative methods. Establishing unique and financially healthy hotels in the market through guest experience, revenue increase, and financial controlling.",Greece,3.227435,,,
VIDA Hospitality,3146670.0,Greece,https://www.linkedin.com/company/vidahospitality,vida-hospitality.com,"Whether you’re looking for a family getaway, a romantic vacation, or even a business retreat, there’s Vida Hospitality for you. Vida Hospitality is operated by Totsikas family, who were serving the hospitality industry since 1981. For the last 37 years Totsikas have developed well-known and respectful restaurants concepts (Retro, C’est la vie) in Greece and since 2017., led by the idea to provide an authentic and contemporary experience for its guests and driven by a passion of exceptional service, they have entered the hotel industry, by developing its first projects, Vida Residential Apartments and Vida Guesthouse in the heart of Nafplion. A new standard of luxury awaits your arrival: indulge in extravagant relaxation and revel in the plushness of stylish custom-themed art decor, opulent details, contemporary furnishings, and the finest amenities. All this paired with unique locations and top Vida Hospitality service. Vida Hospitality is a registered brand for the Greek market owned by the company EARG Developers SA and it is operated by Totsikas Bros Co.",Greece,3.14667,,,
Ariá Estate - Suites & Spa - Limeni Mani,3146670.0,Greece,https://www.linkedin.com/company/ariaestate,www.aria-estate.com,"Welcome to Ariá Estate Suites & Spa Ariá (or, Hariá), the oak tree as the locals call it, common in the area, stands strong in the raw beauty of Mani. And this is why this specific area took its name from. With an atmosphere of casual elegance in mind, we created Ariá Estate to welcome our guests; a place to feel the warmth of family hospitality, in natural settings and with indulging amenities for you to enjoy. In our elegant suites you can enjoy romantic or family times, organize your next excursion to discover the area or immerse into the magic, blue waters around the peninsula, and always return for the unpretentious luxury and delicious food. Discover more!",Greece,3.14667,,,
Hotelising,3146670.0,"Greece, Attica, Athens",https://www.linkedin.com/company/hotelising-,www.hotelising.com,"Hotelising is more than just a company - it's a commitment to transforming the hotel industry. Transform your hotel’s revenue strategy with our proven techniques. By conceptualizing and actively managing hotels’ revenue, Hotelising helps maximize their value and unlock their full potential. With a focus on innovation and strategic transformation, Hotelising is the partner you need to elevate your hotel’s success to the next level. We have a vision and with our expertise we create success stories in the hotel sector. With over 20 years of expertise in the hotel business, experience in city hotels, luxury resorts and boutique properties, we can guarantee the success of your investment. Our experience comes from top management positions in hotel operations, sales, marketing, public relations, and customer experience.",Greece,3.14667,,,
Vytina Mountain View Hotel,3146670.0,Greece,https://www.linkedin.com/company/vytina-mountain-view-hotel,www.vytinamountainview.gr,"Welcome… Small elegant family run mountain hotel overlooking the majestic village of Vytina and the entire region. Situated in Vytina on the way to the Mainalo ski resort, on one of the most beautiful mountain sites, offers everything you need to relax and enjoy the Arcadian natural beauty. The hotel is elegantly decorated with warm colours and materials matching the mountain. The combination of the unique site, nature and tradition, as well as the friendly and professional service makes the hotel an ideal holiday destination. The central square of Vytina is just a 2-3-minutes drive away (1.5 km). Vytina Mountain View Hotel is 185 km from Athens, 84 km from Olympia and 97 km from Nafplion.",Greece,3.14667,,,
Olympion Sunset Hotel,3146670.0,Greece,https://www.linkedin.com/company/olympion-sunset-hotel,www.olympion-sunset.com,"A five STAR hotel, with luxury and quality services, offers you the holidays of your dreams. Welcome to the Olympion Sunset Hotel, in Fourka Beach, Halkidiki, Greece. Beautifully located in the depths of nature, amid a perfect blend of green hills, golden sand and blue sea, a small paradise is waiting to welcome you with the hospitality you deserve. Book now your perfect holiday with us and start dream about the holiday of a lifetime. For more information about our hotel visit our website www.olympion-sunset.com",Greece,3.14667,,,
Anthologist,3146670.0,"Greece, Attica, Athens, 7a Pl. Anexartisias, 10438",https://www.linkedin.com/company/anthologist,www.anthologist.com,"Anthologist is a cross-cultural brand rooted in retail, hospitality, and design. Championing cultural preservation as a living practice, it creates objects, sculpts fashion, imagines spaces, and tells stories that bridge tradition and the contemporary. Inspired by memory and lived experience, and through global collaborations, Anthologist shapes environments and collections that carry profound meaning and soulful presence. Furniture becomes sculpture, retail becomes ritual, design becomes story. This is culture, lived. Founded by collector, storyteller, travel publicist and designer Andria Mitsakos, Anthologist works with artisans and makers worldwide to craft jewelry, fashion, furniture, decorative arts, and uniforms — each piece a dialogue between tradition and modernity. For hospitality clients, Anthologist delivers executive wardrobes, bespoke uniforms, FF&E, OS&E, customized merchandise and curated retail experiences — transforming hotels into cultural destinations and turning design into enduring culture.",Greece,3.14667,,,
Aigialos Niche Residences & Suites,3146670.0,Greece,https://www.linkedin.com/company/aigialos-niche-residences-suites,www.aigialos.gr,"Experience the blending of history and elegant luxury in our hotel in Santorini!! Aigialos Niche Residences & Suites comprises fifteen renovated Neoclassical houses that were originally the grand family homes of the island’s eminent sea captains. The architecture and design of the houses reflect the traditional way of life of the island’s leading citizens.  Restored to perfection by master masons, using local volcanic stone and coloured lime plaster, the houses are linked by cobbled walkways. Situated on the rim of the caldera, sheer cliffs that rise from the sea, the hotel overlooks the famed Santorini volcano. The unparalleled beauty of the Cycladic island, with stark white buildings rimming the tall cliffs, against a backdrop of brilliant blue sky and sea, is the setting for Aigialos Niche Residences & Suites. The Aigialos hotel, with each house named after an Aegean wind, is as enchanting as Santorini itself.  Each house is tastefully furnished in island style harmoniously blended with antiques and furnishings brought back from travels in the old world. Elegant touches, marble floors create an ambience of discreet luxury, a relaxing atmosphere for pure enjoyment.",Greece,3.14667,,,
SK Hospitality,3146670.0,"Greece, Central Macedonia, Thérmi, 2 Staitsa, 57001",https://www.linkedin.com/company/skconsulting,www.skhospitality.gr,"Established in 2017, SK Hospitality is a leading Hospitality Sales and Marketing company based in Thessaloniki, with representation branches in London and Frankfurt.  Additional to its Sales force, SK Hospitality team is comprised of  revenue specialist as well as a Hospitality Marketing and PR expert.   Current Hotels and Resorts Accounts:  Atrium Hotels & Resorts (www.atriumhotels.gr) Porto Carras Grand Resort (www.portocarras.com ) Kassandra Palace (https://www.kassandra-palace.com) Kalimera Kriti Hotel & Village resort (https://www.kalimerakriti.gr)  Kernos Beach (https://kernosbeach.gr) Minos Collection (https://www.minoscollection.gr/) Paralos properties (https://www.paraloshospitality.com/hotels) Anandes Hotel (https://anandeshotel.com/) Mykonaki Hotel (https://mykonakihotel.com/) Hotels openings and past project: Rodostamo Hotel & Spa (www.rodostamo.gr)  Destino Pacha Mykonos (https://www.destinopachamykonos.com)",Greece,3.14667,,,
Mabely Prime Hotels S.A.,3146670.0,Greece,https://www.linkedin.com/company/mabely-grand-hotel---mabely-prime-hotels-s-a-,www.mabely.com,"The 5-star Mabely Grand Hotel built in April 2008,  extents in an area of 60.000 square meters, a cape of extremely natural beauty, viewing the Cross of Kampi and the magic blue of the Ionian sea. It is located in the area of Kampi, 29 km from the Airport and 30 km from the town of Zakynthos. It is also only 15 km from the famous 'Shipwreck' beach.",Greece,3.14667,,,
Konnect - Property Management Services,3146670.0,"Greece, Ionian Islands, Corfu, 4 3rd Stree El. Venizelou",https://www.linkedin.com/company/konnect---online-booking-services,konnect.gr,"Στην Konnect, διαχειριζόμαστε καταλύματα & ξενοδοχεία στην Κέρκυρα, τους Παξούς & την υπόλοιπη Ελλάδα. Αναλαμβάνουμε την καταχώριση και την προώθηση τουριστικών καταλυμάτων σε πλατφόρμες όπως η Airbnb, η Booking.com και όλα τα μεγάλα sites. Οι υπηρεσίες μας καλύπτουν όλο το εύρος της ταξιδιωτικής εμπειρίας, από την κράτηση έως και την αναχώρηση. Ορισμένες από τις κύριες υπηρεσίες μας είναι οι παρακάτω:    • Ψηφιακή Διαχείριση Κρατήσεων    • Τιμολόγηση Δωματίων    • Προώθηση Καταλύματος    • Υποδοχή Πελατών    • Διαχείριση Φήμης    • Φωτογράφιση Καταλυμάτων Η ομάδα μας αποτελείται από Κερκυραίους επαγγελματίες οι οποίοι εξειδικεύονται στον Τουρισμό και την Πληροφορική. Συνεργαζόμαστε με υψηλού επιπέδου επαγγελματίες με εκτεταμένη εμπειρία στην διαχείριση & προβολή τουριστικών καταλυμάτων. Επιπρόσθετα η ομάδα μας περιλαμβάνει, εξειδικευμένους στην τουριστική βιομηχανία, web developers και σχεδιαστές.",Greece,3.14667,,,
Pelotel | E-services For Smart Hoteliers,3146670.0,"Greece, Peloponnese, Monemvasia",https://www.linkedin.com/company/pelotel-e-services-for-smart-hoteliers,www.pelotel.com,"We are a specialized company that offers complete and personalized solutions to hotels, restaurants, and tourist destinations in the Peloponnese and the rest of Greece, based in the specific needs of each client and our deep knowledge of the area. Among our core strengths are the long experience and the thorough understanding of the online promotional tools and our significant experience in the tourism and hotel industry in particular. We know the needs and concerns of the hoteliers from “behind the counter” and thus we can recommend and implement the appropriate solutions for each case.",Greece,3.14667,,,
Agnantio Hotel Spa,3146670.0,Greece,https://www.linkedin.com/company/agnantio-hotel-spa,agnantiohotel.gr,Agnantio Hotel Spa is a three-star hotel and located in Sidirokastro Serres Greece. The warm hospitality and the style combined with its strategic location makes Agnantio Hotel Spa an ideal destination. It includes the most beautiful characteristics and it is located in the best point for your sightseeing and touring opportunities.,Greece,3.14667,,,
Anemolia Resort & Conference Arachova,3146670.0,"Greece, Attica, Athens, 33 Dion. Areopagitou Str, 11742",https://www.linkedin.com/company/anemolia-resort-&-conference-arachova,www.anemolia.gr,"Στό πιο όμορφο σημείο της κοσμοπολίτικης Αράχοβας, με μοναδική θέα τις βουνοκορφές του Παρνασσού και την κοιλάδα των Δελφών, το ξενοδοχείο ΑΝΕΜΟΛΙΑ αποτελεί ιδανικό ορμητήριο για αποδράσεις στη φύση, ταξιδιωτικές περιηγήσεις, αρχαιολογικές αναζητήσεις και μία τεράστια ποικιλία δραστηριοτήτων και σπόρ. 'Ενα από τα μοναδικά πλεονεκτήματα του ξενοδοχείου ANEMOΛIA στην Αράχoβα είναι ο συνδυασμός απλότητας και πολυτέλειας, παραδοσιακής και μοντέρνας άνεσης, ηρεμίας και διασκέδασης, ή ακόμα σκι και κολύμπι μαζί.",Greece,3.14667,,,
Crete Holiday Villas,3146670.0,"Greece, Crete, Rethymno, 39 Nikiforou Foka, 74100",https://www.linkedin.com/company/crete-holiday-villas,www.creteholidayvillas.com,"Our activities are based around the city of Rethymnon, were we also have our office. The office is situated in the center of the old town of Rethymnon. The manager for these activities is Dimitris Petrakis, a man with 20 years of experience in the Greek tourist business and an exceptional knowledge of the English language.. Crete Holiday Villas also tailors for other arrangements, such as: - Wedding celebrations in Rethymnon. - Birthday and other type of private celebrations. - Conferences, courses or meetings. As part of these arrangements we can offer packages which include hotel accommodation, food and trips around Crete. We can also offer you long term holidays. Our offer covers the period from the end of October to the end of March. The arrangements that are available vary from just renting a villa to packages that contain trips around Crete, other Aegean Islands such as Santorini, Myconos, Rhodes etc and Greece. It is also possible to have extended trips to countries such as Italy, Egypt or Turkey.",Greece,3.14667,,,
Boho Origin Mykonos,3146670.0,Greece,https://www.linkedin.com/company/pietra-e-mare-beach-hotel,www.pietraemaremykonos.com,"Welcome to Boho Suites & Boho Origin, your intimate sea-view escape just a short walk from Mykonos Town. Our exclusive suites blend natural, minimalist Cycladic design with luxurious modern amenities. Enjoy spacious accommodations with abundant natural light, some featuring outdoor Hot Tubs. Experience top-tier service and chic Boho living, reflecting the allure of Mykonos. Prime Locations Boho Suites: In the heart of Mykonos Town. Boho Origin: Just a short walk from the center.",Greece,3.14667,,,
Acro | A Well-being Resort,3146670.0,"Greece, Crete, Gázi, 715 00 Mononaftis",https://www.linkedin.com/company/acro-wellness-suites,www.acrosuites.com,Our well hidden secret reveals a paradise for all of your senses.,Greece,3.14667,,,
Aqua Luxury Suites Santorini,3125835.0,Greece,https://www.linkedin.com/company/aqualuxurysuites,www.aquasuites.gr,"Aqua Luxury Suites & Villas offer supreme accommodation in Santorini, located splendidly in the picturesque settlement of Imerovigli. With smooth access to the major sights and attractions of the island and without the noise of the town center, our Imerovigli hotel is a sanctuary of absolute tranquillity and bliss. Thanks to its location, our Imerovigli hotel boasts panoramic sea views in a setting of unparalleled beauty. Enjoy breathtaking views to the infinite blue from our luxury suites in Imerovigli, overlooking the imposing caldera and the volcano. Discover the uniqueness of Santorini and explore its hidden treasures of historic value and tradition. The Cycladic aura embraces you at Aqua Luxury Suites in Imerovigli, as you gaze at the horizon and admire the spectacular sunset views with the warm colors overwhelming the skyline of Santorini.",Greece,3.125835,,,
AQUILA Hotels & Resorts,2959016.0,"Greece, Neo Psychiko Attiki, Leoforos Kifisias, 15451",https://www.linkedin.com/company/aquila-hotels-&-resorts,aquilahotels.com,"We are honored to introduce our new brand name AQUILA HOTELS & RESORTS. In Mythology Aquila was known to be the golden eagle always next to Zeus, father of all Gods, and was the symbol of power and endurance.  We strongly believe the new name reflects our commitment to customer satisfaction, genuine attention to detail, impeccable service coupled with environmental sensibility. Furthermore we hope AQUILA with our mutual effort will become a trademark in the hotel business, synonymous to unparallel quality.  Presently, AQUILA HOTELS & RESORTS comprise of four well known five star hotel properties:  AQUILA RITHYMNA BEACH, in Rethymno, an architecturally impressive main building and bungalow complex hotel, the ideal resort for families as well as for business delegates with its state-of-the-art Conference facilities and meeting rooms.  The AQUILA PORTO RETHYMNO a modern hotel, overlooking a blue flagged long sandy beach, just a 5 minute walk from the old picturesque town of Rethymno.  The AQUILA Elounda Village Resort & SPA  in Elounda, an exclusive couples and adults only Hotel, for those who seek privacy as long as luxury, set amongst beautiful gardens and magnificent view of the Mirabello bay.  Last but not least, the AQUILA Atlantis Hotel in the heart of Historical center of Heraklion, for travelers who wish to combine business and pleasure, featuring the largest meeting rooms in Heraklion with a total capacity of 900 persons.  We feel that the uniqueness of these properties enhanced by the continuous updating of our services and your ongoing support will establish AQUILA as a leading hotel brand worldwide.  We welcome you to join AQUILA HOTELS & RESORTS!",Greece,2.959016,,,
MG Villas Mykonos,2804172.0,"Greece, Mykonos, Epar.od. Mikonou-ano Merias, 84600",https://www.linkedin.com/company/mg-villas-mykonos,www.mgvillasmykonos.com,"Hospitality Management services for premium Villas in Mykonos.  Managing of a carefully selected portfolio of luxury properties in Mykonos island. Established in 2020, with the goal to provide outstanding services to both guests and villa owners. The team consists of highly experienced Villa Managers. * Full Villa Management services * Revenue - Operation - Facilities",Greece,2.804172,,,
Apeiros Chora Guesthouse,2804172.0,"Greece, Zagori, Kato Pedina, 440 07 Kato Pedina Square Kato Pedina, 44007",https://www.linkedin.com/company/apeiroschora,apeiroschora.gr,"Apeiros Chora is a uniquely traditional, yet lavish guesthouse in the mountainous Zagori region of Northern Greece, first established in late 2015.  The understated luxury and deeply routed family history of the mansion, offers their visitor an unprecedented insight to the extraordinary wonders and history of hidden alpine heaven of the Epirus mountainsides.  The guesthouse seeks to accommodate everyone, from the adrenaline-seeking hiking and kayak-loving traveler, to the business-focused city dweller that seeks some much needed relaxation time in the quiet and refreshing environment of the area.  To learn more about the highest-rated and revered guesthouse in Zagori, visit our website at www.apeiroschora.gr/en/.",Greece,2.804172,,,
Minois Hotel,2804172.0,Greece,https://www.linkedin.com/company/minois-hotel,www.minois-hotel.com,"The new and exciting version of MINOIS luxury boutique hotel on Paros island, a Μember of the Small Luxury Hotels of the World, embodies the Mediterranean aura in its entire spectrum and all its glory. It represents a marvelous amalgam of alluring temperaments, hues, patterns, materials, shapes, and expressions, all of which emit warmth, delight, and vivacity under the prism of colorful, luminous auras that are linked to both people and places.",Greece,2.804172,,,
ASTRA VILLAGE HOTEL & SUITES,2781530.0,"Greece, Kefalonia, 28100",https://www.linkedin.com/company/astra-village,www.astra-village.com,"Astra Village Hotel & Suites A memorable stay in Kefalonia.  Discover the hospitality, landscapes, the flavors, the magic of Kefalonia as afforded by Astra Village’s brand new concept of hospitality. Astra Village hotel is a spread of 18,000 square meters in the picturesque village of Svoronata.  It overlooks the Ionian sea and the surrounding islands and is host to memorable sunsets.  A beautiful hotel, it’s one of the most popular ones on the island.  Here you will experience a new era of hospitality.  The pleasant staff of  Astra Village welcomes guests with genuine warmth, making you feel instantly “at home”. The hotel offers a range of facilities and services that makes your stay a cherished holiday or an unforgettable honeymoon. Astra Village delivers a truly relaxing holiday experience; in the hotel you’ll feel the warmth of the Mediterranean sun at our swimming pool, you’ll feel rejuvenated at the modern gym and refreshed in the exceptional spa. Enjoy the sunset with a glass of local wine or with your favorite cocktail along with regional and Mediterranean delicacies by our chef   To add truly romantic touches to your honeymoon, plan your wedding with the help of the experienced wedding planners.  Choose from a variety of Greece’s traditional tasty products and find clothes and accessories at the hotel’s boutique that have been carefully selected just for the guests of Astra Village hotel",Greece,2.78153,,,
1500b.c. Santorini,2781530.0,"Greece, Santorini, Thera, 847 00",https://www.linkedin.com/company/1500b-c-restaurantwinebar,1500.gr,"The restaurant 1500 B.C. is located in the historic Fira, overlooking the Aegean Sea at an altitude of 250m above sea. It looks directly at the golden sunset every day and creates images that remain engraved in your memory. 1500 B.C. symbolizes moments through the passing of the years… and such moments are offered to you from sunrise to sunset! Welcome!",Greece,2.78153,,,
Pantokrator Hotel,2781530.0,Greece,https://www.linkedin.com/company/pantokrator-hotel,www.pantokratorhotel.com,"Situated northeast of Corfu town in Barbati, in one of the most picturesque villages on the island of Corfu the Pantokrator Hotel is set among the foothills of the impressive Pantokrator Mountain. This specific part of the island is renowned for its breathtaking panoramic views over the southern part of Corfu, the coastline of Albania, the Greek mainland and of course the crystal-clear blue waters of the Ionian Sea. Pantokrator Hotel is built in the typically Mediterranean architectural style where the amphitheatrically setting of room blocks provide a village-style environment and stunning views. The 102 rooms are boutique-style each with its own unique character. The interior decoration makes them each one of a kind while large balconies with their stunning views over the Ionian Sea, Corfu town, the Greek mainland and the Albanian coastline ensure a tranquil carefree summer holiday. Hanging over the majestic Barbati beach and overlooking the Ionian Sea, the hotels generously sized swimming pool invites you for a refreshing swim. Next to it, there is also a smaller sized children’s pool. Our guests relaxing by the poolside, lying on the sun beds and being under the famous Greek sun may enjoy a drink or a snack from our pool bar. For those who are more energetic, there is a newly- constructed gym right above the swimming-pool area and on top of the pool bar. Our privileged guests can enjoy their fitness session as they combine it with the relaxing panoramic views.",Greece,2.78153,,,
Kouros Village,2781530.0,Greece,https://www.linkedin.com/company/kouros-village,www.kouros-village.gr,Kouros Village hotel is situated right on the seashore in a quiet neighborhood of Antiparos port. The core values of the hotel is to offer its guests memorable holiday experiences and make them feel like at home with focus on excellent service and constant renewal of our facilities.,Greece,2.78153,,,
OMMA Santorini,2781530.0,Greece,https://www.linkedin.com/company/omma-santorini,www.ommasantorini.com,"OMMA. A vision of perfection. Fulfilling a promise of uncompromising standards of service and quality not to be found in similar properties of this caliber. An earthy atmosphere, tranquil design tones, indulging accommodation in 30 individually designed rooms, suites and Villas, inspired personalized services, pure authentic tastes in our two restaurants and a signature SPA - perfectly complementing each other to offer a unique holiday experience to the discerned traveler in who seeks the true meaning of deep luxury.   An ethereal feeling of freedom and laid back well-being.",Greece,2.78153,,,
The Bar Testament,2781530.0,Greece,https://www.linkedin.com/company/the-bar-testament-supplies-&-services-,www.thebartestament.com,"The Bar Testament provides bar supplies, bar catering and bar consulting services.  Our main product categories include high quality, elegant bar equipment and bartending tools such as Jiggers, Strainers, Shakers, Mixing Glasses, Bar Spoons, Ice Tools, Bitter Bottles, Glasses, Knives etc. (online shop).  The Bar Testament provides integrated bar and cocktail catering services for social and business events such as weddings, christenings, birthdays, graduations, theme parties, corporate events, openings, seminars, promotions etc. Our services also include the hire of our mobile bar units to cover all types of business needs.  Through the bar consulting services, The Bar Testament will organize your business (bar, bar-café, bar-restaurant, bar-hotel) through various services, starting from training your staff, setting up your bar, designing your bar stations and your cocktail menu with modern and signature cocktails.  Additionally, our experience and expertise makes us suitable partners for the promotion and marketing of alcohol brands and companies with alcoholic products. With our pioneering proposals and our creative ideas for cocktails, we can promote any brand and products in the most effective way. Our company consists of a team of qualified bartenders and specialists that make the goals of the company come true. Our bartenders are the core of the company; they ensure excellent delivery of our services in order to achieve a better customer service. The bar backs ensure the proper functioning of the bar, which is a key part for the success of the events we undertake. Additionally, our workforce composes of event coordinators for more accurate and organized work; social media coordinators to communicate our work to our clients and our future customers; graphic designers and photographers for more professional results.  The main goal of the company is to communicate the ethos of bartending to encourage more people to be members of the bartending community.",Greece,2.78153,,,
Aloe Boutique Hotel & Suites,2781530.0,"Greece, Αλμυρίδα, Chania, 730 08",https://www.linkedin.com/company/aloe-boutique-suites,www.aloesuites.gr,"Aloe Boutique Hotel & Suites is a brand new and modern 5-star hotel located in the picturesque village of Almyrida, Apokoronas. It extends to an area of 3.150 sq.m. just a few steps from the sandy beach of Almyrida and only 25 km away from one of the top tourist destinations in Greece – Chania, Crete. Hotel features 57 rooms divided into 4 categories and follows the internationally recognised concept “Adults & Friends”, welcoming guests of age 16 and over. The design of the hotel was made with love and imagination, creating maximum comfort and relaxation for the guests. The philosophy of Aloe Boutique & Suites hotel supports the idea that quality of life is a matter of choice and that is why the intent and aim of our personnel is to fully satisfy the desires of all guests, giving them top quality and unique personalized service.",Greece,2.78153,,,
Sunny Bay Hotel,2781530.0,"Greece, Crete, Ierápetra",https://www.linkedin.com/company/sunny-bay-hotel,www.sunnybayhotel.com,"On the beachfront of Kissamos, Sunny Bay Hotel offers accommodations with sea or pool views, traditional Cretan cuisine and free WiFi throughout. Kissamos center is just a short stroll away. Sunny Bay’s restaurant serves an extensive buffet of local and international dishes during breakfast and dinner. The indoor and pool bars are perfect for drinks. Staff can provide beach umbrellas or arrange bicycle rental. Sunny Bay features a games area with table tennis and billiards. An on-site store is available for necessities. Some of the most famous beach of Crete, like Balos, Falassarna and Elafonissi and many hiking routes, located in short distance from the hotel.",Greece,2.78153,,,
Hotel Erodios,2781530.0,"Greece, Lithotopos Lithotopos Serres, 62400",https://www.linkedin.com/company/hotel-erodios,www.hotel-erodios.gr,"Next to the lake and near the Kerkini dam hotel Erodios offers a unique view. For this reason all its rooms are built on a hill having large windows so that the guest can have view of the lake and the valley of Serres upon waking up in the morning. The cafe restaurant which is built on the upper level offers an equally excellent view.The journey like love expresses an attempt to convert the dream into reality. Searching for an unforgettable experience with the view travelling over the lake Kerkini and get lost Belles mountain to Paggaio mountain, let loose in the comfort of the Erodios hotel.",Greece,2.78153,,,
Blue Sand Boutique Hotel & Suites,2781530.0,"Greece, Folegandros Agali Bay, 84011",https://www.linkedin.com/company/blue-sand-boutique-hotel-suites,www.bluesand.gr,"Blending bohemian sophistication with authentic Cycladic grace in a white rhapsody of minimal design, the Blue Sand Boutique Hotel & Suites in Folegandros encapsulates the laid-back nature of island living. Perched on the side of a rocky hillside, this luxury hotel in Folegandros offers the most incredible vistas to the azure of the sea while standing only a breath away from the pebbled beach of Agali.  Open your eyes to the everlasting splendor of the Aegean and free your senses to the sweet sea breeze as you now hold in your hands the keys to relaxation and indulgence.",Greece,2.78153,,,
Antigoni Seaside Resort,2781530.0,"Greece, Sithonia, 63078",https://www.linkedin.com/company/antigoni-beach-resort,www.antigonibeach.gr,"Antigoni Seaside Resort is a place of honesty, hospitality, care & service of the highest quality. Home for the soul and the senses in the most natural, simple, and luxurious human approach. From the beautiful location at the beach, to the signature accommodations and the delicious food. Our place cannot be described, it can only be felt.",Greece,2.78153,,,
Virginia Family Resort,2781530.0,Greece,https://www.linkedin.com/company/virginia-family-resort,www.virginiafamilyresort.com,"The four-star Virginia Family Resort lies in the iconic area of Kallithea, in close distance to Rhodes Old Town. The resort expands into a large area with bungalow buildings and annex wings and features open-style public areas and two pool complexes, along with a water slide and activities for all family members. Enjoy your all-inclusive holidays in our bars and restaurants and take advantage of our two a la carte restaurants. With endless activities and animation entertainment, your family will live the vacation they deserve. Spacious and renovated rooms, cheerful staff, and priceless memories are the trademarks of our kind of hospitality.",Greece,2.78153,,,
La Perla Luxury Selections,2781530.0,Greece,https://www.linkedin.com/company/la-perla-luxury-selections,www.laperlaluxuryselections.com,"La Perla Luxury Selections invites you to experience the authentic charm of Santorini through a curated collection of exceptional accommodations, each nestled along the island's iconic caldera. Whether you choose the enchanting La Perla Villas & Suites in Oia, the serene Kasimatis by La Perla in Imerovigli, or the stylish White Concept Caves in Fira, your stay will be nothing short of unforgettable. 🌅 Immerse yourself in uninterrupted views of the breathtaking Aegean Sea and the dramatic caldera, all while surrounded by the timeless elegance of traditional Santorini architecture, seamlessly paired with modern design and luxurious amenities. To complete your experience, our world-class service and warm, family-style hospitality will ensure your time with us is truly extraordinary. Come create memories that will last a lifetime. ✨",Greece,2.78153,,,
BEST WESTERN PLUS Embassy Hotel,2781530.0,"Greece, Attica, Athens",https://www.linkedin.com/company/best-western-plus-embassy-hotel,www.embassyhotel.gr,"The Best Western Plus Embassy Hotel, is a boutique 4 star hotel, centrally located at the Business center of Athens, next to the American Embassy, as well as, other major Embassies and Consulates, near Megaron Mousikis Concert hall, museums, private and public Hospitals at a perfectly safe area.   The hotel has direct access to the Syntagma Square and the archaeological sites of Athens as it is located between 2 metro stations, just 3 minutes from the stop “Ambelokipi” and 5 minutes from the stop “Music Hall”. Within walking distance of many public transport stations, it constitutes an ideal choice since everything is easily reachable.",Greece,2.78153,,,
Royal Mare Hotel,2781530.0,Greece,https://www.linkedin.com/company/royal-mare-hotel,www.royalmare.gr,"In the island of Karpathos in the southeastern Aegean Sea and in the famous beach of Agios Nikolaos in traditional village of Arkassa operates the newly built Hotel Royal Mare, a First Class hotel with a capacity of 42 apartments.  Since 2011, the hotel is under the management of Euroxenia Tourism & Management Consulting, a company which has been operating in the tourist industry for more than a decade. The apartments are situated in 4 two-storey buildings, built in modern style architecture. The 42 rooms are divided into studios and apartments.",Greece,2.78153,,,
A77 Suites A Proud Member Of Small Luxury Hotels Of The World,2781530.0,"Greece, Attica, Athens, 77 Andrianou, 105 56",https://www.linkedin.com/company/a77-suites,www.a77suites.com,"Luxury Boutique Hotel The marble, wood, brass touches and gypsum ceilings with cornice detailing as well as an array of modern art works here and there create an environment of high-end elegance and meaningful luxury, placing A77 Suites among the best luxury hotels in Athens. A77’s twelve exceptional suites await to become your urban sanctuary that immerses you into a tale of tangible history. A77 Suites philosophy is about reviving the city’s neoclassical soul. Having maintained the frame and interiors as close as possible to the original structure, A77 Suites is an ode to Athens’ neoclassical architecture. In addition to bridging the past and present of Athens city, A77 also aspires to fully embody the ancient Greek hospitality ideal which prescribed that hosting guests must be both a pleasure and duty, treating them not as strangers, but with heartfelt care as if they were the closest of friends.",Greece,2.78153,,,
Travel Butler,2781530.0,"Greece, Attica, Athens, 187 Leof. Syggrou, 17121",https://www.linkedin.com/company/travel-butler,butler.travel,"Travel Butler is a smartphone for each Hotel room, Villa or Apartment with 24/7 internet connection that you can share, inbound & outbound voice calls, your  own Concierge App, a bespoke Travel Guide for your destination and a myriad of features to deliver the best guest experience and uplift your revenue! Travel Butler phone is every traveller's dream amenity and a revenue tool for every hotelier! Travel Butler is currently only available in Greece and Cyprus, in selected properties",Greece,2.78153,,,
Villa Ippocampi,2781530.0,"Greece, Koutouloufari, 700 14",https://www.linkedin.com/company/villa-ippocampi,www.ippocampi.gr,"An adults only hideaway perfect for a romantic break, parents who need an escape to recharge or a getaway with friends.",Greece,2.78153,,,
Alkionides Seaside Hotel,2781530.0,Greece,https://www.linkedin.com/company/alkionides-seaside-hotel,,A two buildings complex hotel lies in one of the most beautiful but also popular beaches of Chania and just a stone’s throw away from the well- known village of Platanias. Accommodation at Alkionides seaside hotel consists of elegantly furnished and individually decorated studios and apartments. Alkionides seaside hotel is ideal for couples and families who wish to experience the authentic spirit of the cretean hospitality in an environment that offers peace and tranquillity.,Greece,2.78153,,,
Alissachni Mykonos Boutique Hotel,2781530.0,Greece,https://www.linkedin.com/company/alissachni-mykonos,alissachnimykonos.com,"Alissachni Mykonos is an award-winning boutique hotel ideally situated in Agios Lazaros, just above the renowned Psarou Bay. Recently recognized as the Best Getaway Boutique Hotel in Mykonos, Alissachni offers a unique blend of luxury, comfort, and authentic Cycladic charm. Our hotel features elegantly designed suites with panoramic views of the Aegean Sea, allowing guests to immerse themselves in the natural beauty and serene atmosphere of Mykonos. Each suite is thoughtfully curated with contemporary Cycladic architecture, modern amenities, and sophisticated details that create a sense of timeless elegance. Whether guests are seeking a romantic escape, a peaceful retreat, or an unforgettable vacation experience, Alissachni provides the perfect setting for relaxation and rejuvenation. Alissachni, meaning “The sea breeze, the salt of the Aegean,” evokes the tranquil and authentic charm of our Aegean retreat. The hotel’s location near Psarou Bay ensures easy access to Mykonos’ most famous beaches, vibrant dining experiences, and exclusive leisure activities, making it an ideal choice for discerning travelers seeking both luxury and authenticity. At Alissachni Mykonos, we combine award-winning hospitality with breathtaking sea views and contemporary Cycladic design, offering guests an unforgettable escape that captures the very essence of the Aegean lifestyle.",Greece,2.78153,,,
HOTEL THEOXENIA S.A.,2781530.0,"Greece, Peloponnese, Kórinthos, 17 G. Lekka, 20300",https://www.linkedin.com/company/hotel-theoxenia-s-a,www.hoteltheoxenia.com,"Hotel Theoxenia is a beach front three star hotel in Loutraki, Greece. Originally built in the 1930s and having done it last renovation in 2004, it offers great value for money and it lies in a prime location in Loutraki, only 50 m away from Loutraki Thermal Spa and 300m away from the centre of the town. The hotel is being run with great care and love by third generation hoteliers.",Greece,2.78153,,,
Star Hotels Greece,2781530.0,Greece,https://www.linkedin.com/company/star-hotels-greece,www.star-hotels.gr,"The Star Hotels Group was established in January 2009, a new company that operates as an “umbrella”, coordinating its hotels’ activities and the Groups’ catering company. The Groups’ five hotels, - Gerakina Beach – Sithonia Village Hotel & Bungalows Resort, Best Western Embassy Boutique Hotel, Volos Palace Hotel, Xenia Palace Portarias, Porto Rio Hotel-Spa & Casino – holding a prominent position in the area of tourism and a long tradition in the field of entrepreneurial hospitality, have contributed to a great extent to the tourism infrastructure of every city that accommodates them, while the Athinaios Catering has lead to the enhancement of the services that are related to the field of event organization.",Greece,2.78153,,,
KIHLI Hotel Enterprises,2781530.0,Greece,https://www.linkedin.com/company/kihli-hotel-enterprises,www.kihli.gr,"Our mission at Kihli is to creatively conceptualize, rationally and efficiently develop, profitably invest-in and operate boutique hotels and residential real estate projects of the highest quality. Our vision is to turn unique small to mid-size real estate assets into signature properties featuring signature services and amenities by applying our creativity and skills to the specific assets and their related markets and then bringing out the best in our carefully selected and well trained team members. We strive to attract passionate and team-oriented professionals in order to create inviting environments in which we deliver authentic hospitality to our guests. We aim to deliver unique hospitality experiences by bringing ‘philoxenia’ (""love of strangers"") to all aspects of our work. Kihli was co-founded by brothers Angelos and Christos Seferiades in 2003 with the vision of becoming a leader and innovator in the area of boutique hotel management in Greece. The team quickly found its niche in the market and soon after its establishment added residential real estate development to its activities. HOTEL OPERATIONS MANAGEMENT Upon contracting the management of a hotel, Kihli carefully develops the hotel’s specific operating concept and mid-term (5 years) plan. Prior to each operating season, Kihli presents the hotel owners with a detailed Annual Plan covering all aspects of the hotel’s operations. Upon approval of the Annual Plan, Kihli is responsible for its implementation which is presented in detailed periodic reports to the owners. A critical aspect of the successful implementation of the Annual Plan is the careful selection of competent and passionate hotel managers and staff. We provide continuous training to hotel staff and maintain balanced relationships through significant efforts on site. Support from Kihli’s Athens office ensures that each property’s team is up to date with evolving international trends and technological advances in the industry.",Greece,2.78153,,,
NOLITA RESTAURANTS GROUP,2781530.0,"Greece, Attica, Athens, 65 Filikis Etaireias, 15232",https://www.linkedin.com/company/nolita-restaurants-group,nolitarestaurants.com,"Nolita Group of Restaurants is a privately owned company, focused in creating high end restaurants offering distinctive hospitality.",Greece,2.78153,,,
HotelierPro,2781530.0,"Greece, Ήπειρος, 3 Κωλέττη Ιωάννινα, 454 44",https://www.linkedin.com/company/hotelierpro,www.hotelierpro.net,"Διαχείριση Ξενοδοχείων & Τουριστικών Καταλυμάτων. Πλήρης διαχείριση των κρατήσεων και πληρωμών σε όλα τα κανάλια/πλατφόρμες ✅ Τηλεφωνικές κρατήσεις ✅ Email ✅ Επικοινωνία με τους πελάτες έως και την άφιξη τους ✅ Διαχείριση πληρωμών ✅ Αλλαγή & ενημέρωση τιμών για τη μέγιστη απόδοση ✅ Τιμολογιακή πολιτική ✅ Άμεση απάντηση στα αιτήματα των πελατών ✅ Καθημερινή επίβλεψη και ενημέρωση διαθεσιμότητας Χρειάζεστε αναβάθμιση; Αναλαμβάνουμε από την αρχή το στήσιμο και τη διαχείριση του καταλύματός σας: ❗️Κατασκευή Ιστοσελίδας / Online κρατήσεων ❗️Δημιουργία Καναλιών ΟΤΑ (Booking, Airbnb, Expedia, κ.α.) ❗️Σύνδεση Καναλιών με Channel Manager ❗️Φωτογράφιση Η ομάδα της HotelierPro διαθέτει την εμπειρία και την τεχνογνωσία, ώστε να πετύχουμε: Αύξηση των απευθείας κρατήσεων Βελτιστοποίηση της εικόνας του καταλύματός σας ( OTAs, Google, Website, Social Media) Δημιουργία επαναλαμβανόμενων πελατών",Greece,2.78153,,,
Amantes Villas And Suites,2781530.0,"Greece, Sithonia, Nikiti Unnamed Road Nikiti Halkidiki, 63088",https://www.linkedin.com/company/amantes-villas-and-suites,www.amantesvillassuites.com,"The Amantes complex of villas and suites is situated on the coastline of Nikiti, overlooking the sea from an altitude of 14 meters. With a breathtaking view of the sea and its golden sandy beaches, surrounded with pine and olive trees, Amantes is the ideal choice for relaxation and romance with a touch of luxury. The 4 spacious and refined villas and the 4 elegant suites embrace the 140sq. meter central pool along with our new, state of the art, Executive Suites which overlook our beautiful garden are creating the idyllic scenery for an unforgettable holiday.",Greece,2.78153,,,
Elounda Palm Hotel & Suites,2781530.0,"Greece, Crete, Elounda",https://www.linkedin.com/company/elounda-palm-hotel-&-villas,www.eloundapalm-crete.com,"Hotel Elounda Palm has been designed for living. A Cretan boutique hotel in Elounda, one of Crete’s finest holiday resorts, which lies on the shore of beautiful Mirabello Gulf. An ideal location for small families and couples that are looking peace and tranquility in a modern environment, yet naturally surrounded.",Greece,2.78153,,,
Enagron EcoTourism Village,2781530.0,"Greece, Crete, Axos Milopotamou",https://www.linkedin.com/company/enagron-ecotourism-village,www.enagron.gr,"Right in the centre of Crete, on Mount Psiloritis, which is the highest and most sacred mountain of the island. In this land where myth blends with history and nature amalgamates with the dream. Here, where an ancient civilization has left its marks, which come alive even today in everyday life of the people. Here, where development and progress has not yet managed to denature the environment and to designate human relations. On this mountain, with its rich geological and biological diversity, the rare plants, animals and birds, which made it a preserve and a member of the European Geoparks. In this region, in the village of Axos that has been inhabited for over 4.000 years, in an area of 60.000 m2 we created the ENAGRON.",Greece,2.78153,,,
Aperitton Hotel Skopelos,2781530.0,Greece,https://www.linkedin.com/company/aperitton-hotel-skopelos,aperittonhotel.gr,"Aperitton is a family-owned hotel since 1989, centrally located in Skópelos town.",Greece,2.78153,,,
Project 3 Urban Chic Athens,2781530.0,"Greece, Attica, Athens",https://www.linkedin.com/company/project3urbanchicathens,project3urbanchichotel.com,,Greece,2.78153,,,
Ampelia Hotel Kassandra,2781530.0,"Greece, Chaniotis, 63077",https://www.linkedin.com/company/ampelia-hotel-kassandra,www.hotel-ampelia.gr,"LOCATION This apartment hotel is situated about 800 m from the beach, in a quiet location some distance from the city centre – ideal for those who appreciate tranquility or would like to stroll through Hanioti. Guests can reach bus routes within about 550 m. FACILITIES The apartment hotel was modernised in 2019. The hotel has 25 apartments. Amenities include a baggage storage service and a safe. Wireless internet access in public areas allows guests to stay connected. A garden provides extra space for rest and relaxation in the open air. Guests arriving by car can park their vehicles in the car park for a fee (subject to availability). Other services include a car hire service, medical assistance and a transfer service. Active guests can make use of the bicycle hire service (for a fee) to explore the surrounding area. A photocopier is available for guests' business needs. ROOMS Rooms feature a living area and a bathroom, and air conditioning ensures just the right temperature. Guests can enjoy the garden view from a balcony or terrace. Separate bedrooms are available. Extra beds are available upon request for a fee. Guests may securely store their valuables in a safe. The kitchenette comes with a mini fridge and a stovetop. Other features include a telephone, a flatscreen television and WiFi (no extra charge). Slippers are included. Bathrooms are equipped with a shower and a hairdryer. For extra comfort in the bathrooms, guests are offered cosmetic products. 1 family room is available for parents with children. MEALS There is a bar on the premises. Bed and breakfast is offered as a catering option. A continental breakfast buffet guarantees a great start to the day. Special meals, including vegetarian dishes, are also available. The apartment hotel also offers snacks. For a fee, there are also non-alcoholic beverages and alcoholic beverages. PAYMENT The hotel accepts the following credit cards: VISA and MasterCard.",Greece,2.78153,,,
Saz City Life Hotel,2781530.0,"Greece, Epirus, Ioánnina",https://www.linkedin.com/company/saz-city-life-hotel,www.saz-hotel.com,"The 10 storey building, with a total area of 3000 square meters, located right in the central square of Ioannina, is designed and constructed with emfasis on high quality and insistence on details and components combatible with aesthetics, philosophy and personal view for hospitality of its owner Leonidas Mosialos. A hotel that offers all the standards of an ultramodern, newly constructed hotel with an individual approach. The 23 rooms, with view from not only the city of Ioannina but also the beautiful lake Pamvotis, are decorated with taste, creativity and imagination. Moreover, the hotel is accessible for people with disabilitie  and there is also a pet friendly room. There is also an underground guarded parking on site, a Meeting and Show Room for your business meetings and a Conference Center with all the modern audiovisual equipment for conferences, seminars and workshops. On the ground floor of the hotel you can relax and enjoy your meal, coffee and drinks in the cafe-bar-resto ZAMOS, which is decorated with original sketches of the biggest fashion designers in the world.",Greece,2.78153,,,
507 ATHENS,2781530.0,"Greece, Attica, Athens, 4 Aftokratoros Nikolaou, 117 45",https://www.linkedin.com/company/athens507,www.507athens.gr,"Welcome to 507 Athens A boutique hospitality experience overlooking the Acropolis. At 507 Athens, we offer a boutique collection of luxury suites and studios, thoughtfully designed for modern travelers. Our accommodations feature stunning views of the Acropolis, Philopappou Hill, and Lycabettus Hill, combining comfort, style, and simplicity in the center of the city. Check-in is effortless with our mobile app—guests can complete their check-in process remotely and access their suite with a secure mobile key. Whether you're here for business or leisure, your stay is designed to be smooth, flexible, and tailored to your needs. At the top of 507 Athens, you’ll find Opposite, our rooftop restaurant and bar. With panoramic views of the Acropolis, Opposite offers a unique dining experience where Mediterranean flavors meet creative cocktails in an unforgettable setting. For those seeking balance and relaxation, our Wellness & Spa facilities provide a peaceful escape. Guests can unwind with massage treatments, enjoy the sauna or steam bath, and take time to recharge during their stay. Whether you're visiting Athens for work or exploring its ancient history, 507 Athens offers a modern, comfortable, and memorable hospitality experience.",Greece,2.78153,,,
Guesteasy,2781530.0,"Greece, Crete, Chaniá",https://www.linkedin.com/company/guesteasy,www.guesteasy.gr,"Vacation rental & home sharing host & guest services for the sharing economy p2p era. Full management, concierge & more Offering services  in Chania, Crete. Soon in Athens and expanding. Basic package all over the world. Tech-driven startup implementing new digital practices for the curation, promotion and management of your home in the sharing economy hospitality industry.",Greece,2.78153,,,
Hotelity - Revenue Sales And Reservations Management,2781530.0,Greece,https://www.linkedin.com/company/hotelity-sales-and-reservations-management,hotelity.gr,"We’re a hotel management company, focused on creating outstanding results for hotel owners. From day one and every day on, we relentlessly partner with you for your success. We provide personalized hospitality management services, tailored to the individual requirements of each single property. Our vision is achieving superior results through our unique approach to hospitality management. Quality of experience for guests in hospitality, for staff in management operations and peace of mind for ownership and partners. Dedicated to providing the appropriate balance of oversight, guidance and assistance to our hotels in order to create and maximize opportunities that result in success. Success is not only defined as extraordinary returns on the investments made, but it is also the importance of flawless service execution for our guests.",Greece,2.78153,,,
Delina Mountain Resort In Anogia Crete Greece,2781530.0,"Greece, Crete, Anogia, 74100",https://www.linkedin.com/company/delina-mountain-resort-in-anogia-crete-greece,www.delina.gr,"DELINA mountain resort “A small paradise so close to heaven, down to earth” Welcome to Delina Mountain Resort.....where “cretan hospitality” is reflected. The Resort is located on top of the mountains that everything makes sense.... More specific 1km from Anogia village, on the road toward Nida at an altitude of 910 m. Delina is situated on an area of 28 acres and combines fine facilities and services of a luxurious hotel with the authentic Cretan tradition and the wild nature of the village. Delina Mountain Resort property includes: ACCOMODATION: 13 beautiful, spacious rooms with fireplace and a  view of mountain Psiloritis (the biggest mountain in Crete). RESTAURANT: A cozy place with unique interior design. We invite you to taste our premium traditional dishes in association of small local producers.  Also, the Dinning area seat more than 700 people ala cart. TRADITIONAL CAFE: A stone-built cafe which has an inside and outside area with a fireplace inside that it looks like a scene of an old traditional cafe. PLAYGROUND: We provide a small open-air playground full-secured for our young visitors to have fun. SPA: Heated swimming pool, Steam Room, Sauna, 2 massage rooms, Showers, Toilets, dressing rooms...are some of our facilities...Make a relaxing gift to yourself...Fill your time by renew your body and revive your soul!  CHURCH: A small holy point which can be used for ceremonies for different occasions.  LAKE: Old venetian lake with Koi fish and Ducks. THEATRE: Stone built open-air theatre in ancient style for events of many occasions.",Greece,2.78153,,,
ATRION RESORT HOTEL,2781530.0,"Greece, Crete, Chaniá",https://www.linkedin.com/company/atrion-hotel,www.hotelatrion.com,"The Atrion Resort Hotel & Apts is a 4 star complex of multi-purpose accommodation units.  Take advantage of the opportunities we offer you at Atrion Resort Hotel & Apts and indulge in a world of relaxation. Our experienced staff with belief in the ideals of authentic Cretan Hospitality, upgrade your holiday to a different level, promising an unforgettable and unique experience. Choose Atrion Resort Hotel & Apts for your vacation, either alone or with your family. Enjoy swimming in the crystal clear waters of the award winning beaches of Chania or simply lie by the pool with a cocktail in hand, under the palm trees and eliminating all the stress and worries of everyday life. The Atrion Resort Hotel & Apts does totally ensure the International Quality Management System standards of ISO 9001:2000 and the Food Safety Management System standards of ISO 22000:2005 (Haccp)",Greece,2.78153,,,
Shila,2643068.0,"Greece, Attica, Athens, 10 Mantzarou Street, 10674",https://www.linkedin.com/company/shila-athens,www.shila-athens.com,"A late 1920s neoclassical residence converted into a 6-suite 'hotel particulier' with a piano lounge and lush rooftop, in the heart of Athens.",Greece,2.643068,,,
The Athenian Callirhoe Exclusive Hotel,2621193.0,"Greece, Attica, Athens, 32 Kallirois Avenue & Petmeza Street, 11743",https://www.linkedin.com/company/the-athenian-callirhoe-exclusive-hotel,www.tac.gr,"A unique 4 star superior Boutique Hotel in the heart of Athens city, where style and comfort are happily coupled to offer a pleasant stay with the finest accomodation and delightful culinary experiences. At Athenian Callirhoe hotel, one of the most well-known hotels in Athens, you will discover a distinctive building with elegant urban interior design, enjoy the very best in luxury and service while being spoiled with the 'little things' a guest needs to make one feel at home. Visit our roof garden restaurant ""Callirhoe VIP"" to savour refreshing coctails and delicious cuisine creations enjoying the breathtaking view of both Acropolis and Lycabettus hill. Host an event at Athenian Callirhoe. Four exclusively furnished & equipped meeting rooms with maximum capacity up to 120 persons are available to meet with the most demanding needs in social events, seminars, private meetings, congresses and conferences. A wide selection of coffee breaks and delicious menus at your disposal. ""Callirhoe VIP"" Roof Garden Bar - Restaurant is ideal for your social event (after wedding or baptism parties) or your business lunch/ dinner, operating all year around with stunning Acropolis view.",Greece,2.621193,,,
Kyknos Beach Hotel & Bungalows,2590598.0,Greece,https://www.linkedin.com/company/kyknos-beach-hotel-bungalows,www.kyknoshotel.gr,"4 star all-inclusive holidays resort with 133 luxury rooms, suites and bungalows, restaurant and bars, swimming pools, tennis courts, gym, parking, wellness kiosk, mini golf, kids club, playground, green surroundings and many other facilities. Located on the north part of Crete island, the greatest of Greece, a few meters away from a beautiful sandy beach and less than 20 minutes drive, through a newly constructed highway, from the capital city Heraklion and the international airport. Our team is the most important part of our business. Sharing our passion for hospitality our high standards personnel is always there to offer first class services to our guests. It consists of professional and well trained staff with great experience in multicultural hospitality industry as well as in english, german and greek language. We are trying hard to keep the main boby our team steady through the years but occasionally we demand more personnel for our business. During this process we create new posts in news section of our website and we run many campaigns in various newspapers, social media and other relevant websites. If you wish to become a part of our team you can send now your curriculum vitae at info@kyknoshotel.gr for taking your application in consideration on the next recruitment process. Please note that multilingual and passionate candidates are always welcome.",Greece,2.590598,,,
Athens Mansion Luxury Suites,2587715.0,Greece,https://www.linkedin.com/company/athens-mansion-luxury-suites,athensmansion.com,-,Greece,2.587715,,,
Central Hersonissos Hotel,2587715.0,"Greece, Crete, Chersonissos",https://www.linkedin.com/company/central-hersonissos-hotel,centralhersonissos.com,"It was 1988 when Dimico Hotel first welcomed its guests, a true, traditional family owned hotel.  In 2011, the name changes to Central Hersonissos Hotel, and a lot of decisions are beginning to be materialized. Renovations, great reconstructions in rooms, public areas and infrastructure take place.  The main goal is to meet and exceed the guests’ expectation, offering a homely feeling, a relaxing holiday, always along with friendly and professional services.  Central Hersonissos Hotel is located only a few seconds away from where the Chersonissos’ heart is beating. As the guests say, a very convenient location, being close to everything that mattes for their vacation!",Greece,2.587715,,,
Mayor,2587715.0,Greece,https://www.linkedin.com/company/restia-suites-corfu,www.mayorhotels.com,"With a deep-rooted passion for Greek hospitality, Mayor Hotels & Resorts is dedicated to creating unique and enriching travel experiences. Our commitment to excellence is reflected in every detail, from sophisticated design and world-class service to warm, personalised hospitality.Our diverse portfolio of exceptional properties,beautifully captures the essence of Greece, providing guests with a luxurious and unforgettable getaway that feels both personal and distinctive. Each experience is designed to offer a perfect blend of comfort and authenticity, ensuring that every moment spent with us is truly unique. Uniquely Yours, Authentically Ours.",Greece,2.587715,,,
Elounda Orama | Boutique Hotel,2587715.0,"Greece, Crete, Elounda",https://www.linkedin.com/company/elounda-orama-boutique-hotel,eloundaorama.gr,"Elounda Orama | Boutique Hotel is a new four-star modern and cozy boutique hotel, located in the seaside resort village of Elounda, with panoramic view of Mirabello Bay. Based on an architectural philosophy that highlights the smooth blend of natural stone and wood, the hotel’s design combines elements of Cretan tradition with modern luxury. All facilities are ideal for couples, offering romantic settings for two, surrounded by the breathtaking beauty of nature. The friendly staff and the high-quality services guarantee a pleasant and memorable stay.",Greece,2.587715,,,
Hogoo,2517336.0,"Greece, Attica, Pallíni",https://www.linkedin.com/company/hogoo,hogoo.chat,"HOGOO ( /Ho Gu/ - short for Hotel Guests ) is the first social media timeline for hotel guests & a concierge chat app, that allows you to:  -Reach your guests in an unobtrusive way without interrupting their stay -Keep guests informed about hotel facilities, events and procedures  -Advertise special discounts and promotions  -Inform guests about local news, local events, strikes or sudden weather changes -Allow guests to share their experiences and look for people with similar interests  -Make it easier for your guests to request hotel services and amenities, anytime, anywhere, using the concierge chat service -Respond on guests' requests promptly Available for Web, Android and iOS",Greece,2.517336,,,
Hotel Marcos Beach,2517336.0,Greece,https://www.linkedin.com/company/hotel-marcos-beach,www.marcoshotels.gr,"Our hotel consists of 36 double and triple rooms, all of them with private balconies, overlooking the deep blue waters of the Aegean sea.",Greece,2.517336,,,
Livin Urbban,2517336.0,"Greece, Attica, Athens",https://www.linkedin.com/company/livin-urbban,www.livinurbban.com,,Greece,2.517336,,,
Hotel Pegasus,2517336.0,"Greece, Limenas Thassos Island, 12 Dimitriadou, 64004",https://www.linkedin.com/company/hotel-pegasus-adults-only,www.thassos-pegasus.com,"Hotel Pegasus is a 3-star family-run hotel, that was founded in 1988 and consists of 27 rooms and 3 apartments. A free parking area, swimming pool, restaurant and a cocktail bar belong to the hotel's facilities, while it also offers a jacuzzi area, a fitness room and free Wi-Fi in all hotel areas. Our philosophy is connected to serving people and creating strong bonds with customers, while offering them a unique, family-based hospitality experience. In order to meet the wishes and expectations of our customers, we focus on offering personalised services in our modern yet traditional hotel rooms and communal areas. Contact us at: +30 25931 10002 or at: info@thassos-pegasus.com",Greece,2.517336,,,
Stellar Mediterranean Hotels,2517336.0,Greece,https://www.linkedin.com/company/stellar-mediterranean-hotels,www.stellar-mediterranean.com,"Stellar Mediterranean represents a group of small family hotels & villas with character. Our focus is offering travelers authentic and tailor made holiday experiences in different destinations in Greece such as Corfu and Crete and Mykonos. Stellar Hotels & Villas in Greece emphasize on  homemade services, personal experience and care. We will take care of every aspect of your holiday and offer stellar experiences in a refuge oasis away from home life !",Greece,2.517336,,,
Medventure LTD.,2517336.0,Greece,https://www.linkedin.com/company/medventure-epe,www.medventure.eu,"We believe that the future of the hospitality and tourism industry is green. We help businesses become more sustainable and marketable. Our products and services include consulting and training in sustainability.  Why Sustainable Tourism Training? To help you implement a sustainable tourism strategy, which will: •	increase competitiveness •	help attract more business •	bring in higher paying customers •	improve your profile and marketing efforts •	get you ready for the future What will attendees learn from this training? The key principles behind sustainable tourism Applying the practices more efficiently Accessing tools and resources needed to create a greener tourism business  Who can benefit from this training? •	Hotel managers •	Marketing managers in the tourism industry •	Quality officers •	Tour operators and travel agents •	DMOs, municipalities and government representatives What are the topics of the training? UNDERSTANDING SUSTAINABILITY Intro to sustainable tourism The UN 17 sustainable development goals (SDGs) in tourism How climate change affects tourism: what we can do Why tourism leaders are adopting green practices How sustainable tourism increases competitiveness IMPLEMENTING SUSTAINABILITY Applying global criteria for sustainable tourism and their application Finding the right green certifications  What’s the environmental footprint of your business? How does a tourism business lower its emissions? Bioclimatic design and passive energy systems DISCOVERING BEST PRACTICES  What are green hotels and tour operators around the world doing? •	Hotels  •	Tour operators •	Restaurants and cafés  MARKETING  •	Communicating sustainability to different stakeholders •	Messages online and in social media •	Green hushing and Greenwashing Our web presence: www.medventure.eu (new corporate site coming soon) www.ecotourism-greece.com (travel site) www.green-guide.gr (tourism industry site)",Greece,2.517336,,,
Carpe Diem Santorini,2517336.0,Greece,https://www.linkedin.com/company/carpe-diem-suites-&-spa-santorini,www.carpediemsantorini.com,"Escape the ordinary at Santorini's most exclusive retreat.  We are a world-leading, independently-owned, luxury boutique resort providing an experience of privacy and exclusivity like no other to our guests. Named World's Best Honeymoon Hideaway and Europe's Best Honeymoon Hideaway in 2017. Member of Small Luxury Hotels of the World.",Greece,2.517336,,,
Hotels2plan,2517336.0,"Greece, Crete, Hersonissos, 10 Daskalogianni, 700 14",https://www.linkedin.com/company/hotels2plan,hotels2plan.com,"Hotels2Plan is located in Heraklion, Crete, one of the most dynamic tourism markets in Greece.  The continues change in the tourism factor makes the competition between the organizations unpredictable. To follow market’s needs we have to respect their policies according to the competition’s requirements.",Greece,2.517336,,,
Corfu Villa Rainbow,2517336.0,"Greece, Greece, Kokkinogia Corfu Kelia Area Near Vatos Village / 1317 Kokkinogia, 491 00",https://www.linkedin.com/company/villa-rainbow-water,www.corfuvillarainbow.com,"Rainbow Villa in Corfu is a complex of family rooms and appartments located in the beautiful Island of Corfu in Kelia area near Vatos Village, offering all the services and the facilities you may need during your vacation. Nearby there are situeded an exceptional variety of beaches and bays, with an amazingly colorful and varied nature, such as Glyfada Beach, Kontogialos Beach, Myrtiotisa Beach and many others. The Rainbow Villa complex of rooms is a modernly designed villa with a touch of traditional corfiot architecture. Perfect rental for big families, with large outside areas and balconies.",Greece,2.517336,,,
Royal Hotel Thessaloniki,2517336.0,Greece,https://www.linkedin.com/company/royalhotelthessaloniki,www.royal-hotel.gr,"The 4 star Royal Hotel Thessaloniki was built in 2004, at an advantageous spot on top of a hill, next to Perea town, which is a modern, seaside, touristic suburb of Thessaloniki, offering an enchanting panoramic view of the Thermaikos gulf and the city.",Greece,2.517336,,,
Amartos Resort,2517336.0,"Greece, South Aegean, Ródos, 2 Andrea Karkavista St., 85100",https://www.linkedin.com/company/amartos-eco-s-a,www.amartos.gr,"Amartos Resort is a unique concept focusing on health and rejuvenation, ecology, yachting and sports in Rhodes, Greece.  The site, a pristine location within a lush Mediterranean forest with 500m of beach-front, will include a luxury 5-star resort for recreation and rejuvenation, employing some of the most advanced ecological technologies. The company is also developing the prototype of a ""Blue Flag"" ecological marina, the first of its kind, with several engineering patents that protect both the terrestrial and marine nature, alongside providing the highest quality services as expected from an A+ marina. A clinic for performance enhancement and recuperation from complex wounds using specialised technologies developed by the Amartos team will be situated in a nearby location.",Greece,2.517336,,,
ALEXANDRINA HOTEL,2517336.0,Greece,https://www.linkedin.com/company/alexandrna-hotel,www.alexandrina-apartment-hotel.gr,"Set within olive and pine trees, Alexandrina is outside of Nea Skioni Village, 120 meters from the beach. It offers a restaurant and self-catering units with free Wi-Fi and sea-view. Hotel Alexandrina studios and apartments are air conditioned and include a kitchenette with refrigerator. A satellite TV and a private bathroom are standard in all rooms. The studios also enjoy direct access to the garden. The Alexandrina restaurant serves Mediterranean dishes prepared with local produce, in an outdoor dining area by the garden. There is also a bar offering snacks and refreshing drinks. Free sun beds and umbrellas are offered to the guests of Alexandrina on the beach. For the younger guests, a playground is also available within the garden. Daily maid service is provided and free private on-site parking is possible. Alexandrina is 3 km from the fishing village of Nea Skioni, with its scenic harbor. Agia Paraskevi thermal springs are 9 km away and Hanioti Village is at a distance of 10 km.",Greece,2.517336,,,
Kokoni Beach Hotel,2517336.0,"Greece, Peloponnese, Corinthian, Avras Stret, 20002",https://www.linkedin.com/company/kokoni-beach-hotel,www.kokonibeachhotel.com,The beach front hotel at Corinthian bay,Greece,2.517336,,,
Mike Hotel & Apartments,2517336.0,"Greece, Crete, Chaniá, Chania Crete Greece, 73014",https://www.linkedin.com/company/mike-hotel-&-apartments,www.hotel-mike.com,"Mike’s Studios & Apartments are , situated on the beach in the village of Maleme , 17 kilometres west of Chania .The Self Catering Apartments are modern and spacious  and are all surrounded by a beautiful tropical gardens .100 metres away from the Apartments is Mike’s Hotel and Restaurant. Based on more traditional design the Hotel includes sea view or Mountain View rooms .Enjoy Mediterranean Specialities in the Restaurant terrace gazing the blue horizon of the Aegean sea. Resort Facilities *Reception *Satelite TV in the Bar *Restaurant *Pool Bar *Pool *Childrens Pool *Games *Internet Conection *Free Wi-Fi at the reception and the Pool Bar *Money Exchange *Credit Cards *Air Condition , Heating *Baby Cots *iron & Iron board ( on request ) *Doctor on Call     Guest Rooms Facilities *Individually controlled Air Condition *Colour TV *DVD Player  *Direct dial telephone *Radio & Music channels in Studios & Apts. *Hair Dryer *Safe Deposit Box *Fridge in the Hotel Rooms *Tea & Coffee maker in the Hotel Rooms *Studios & Apts. with kitchenette & Refrigerator *2 lifts in the Studios & Apts.",Greece,2.517336,,,
Caesars Gardens Hotel & Spa,2517336.0,Greece,https://www.linkedin.com/company/caesar's-gardens-hotel,www.caesarsgardens.com,"An Adults-Only holistic sanctuary in the vibrant town of Lindos Simple, laid-back and effortlessly chic, Caesars Gardens Hotel & Spa is an oasis of strictly adults-only tranquillity where the impeccable service and stunning scenery guarantee an unforgettably relaxing stay.   The hotel’s low-rise whitewashed buildings are surrounded by craggy hills, Mediterranean gardens and the electric-blue Aegean Sea. The rocky landscape encases the property, sheltering the soporific serenity within from the outside world. The interiors are unmistakably Aegean in aspect, with a warm and inviting mod-bohemian style where locally crafted furnishings adorn elegantly rustic rooms and suites.   Similarly low-key is the vibe at The Magnolia Spa, an immaculate outdoor wellness centre where locally sourced ingredients and local wisdom come together to create life-enhancing treatments in the fragrant, peaceful gardens.   Once fully pampered, toast to your holiday with a fine-dining experience and distinguished local wines in the Tárate Restaurant, where meals express a modern distinct Mediterranean flavour inspired by the surrounding terrain and the hotel's on-site farm.",Greece,2.517336,,,
Miramare Apartments Platanias,2517336.0,Greece,https://www.linkedin.com/company/miramare-apartments-platanias,miramareplatanias.com,"Miramare Apartments  is 1 minute walk from the sandy beach of Platanias,  features self-catered accommodation with balcony overlooking Platanias and Thodorou Island, as well as the well-kept gardens. Restaurants are less than 50 meters away. Miramare studios and apartments are decorated in white, earthy and blue colors. Each with a private balcony, they come with a kitchenette, seating and dining area, and en-suite bathroom with bathtub or shower. Continental breakfast is served daily at Oscar Restaurant or the seaside Wave Restaurant which also serves Cretan dishes for lunch and dinner. More seaside taverns and bars can be found within walking distance. Miramare is located 6.2 miles from Chania Town and 12.4 miles from Chania Airport, while Souda Port is at 12.4 miles. The port of Platanias is at 700 meters, while the famous Falassarna Beach is 15.5 miles away. Free private parking is available on site.  Miramare Apartments is known as one of the best-rated hotel locations in Plataniás!",Greece,2.517336,,,
Hotel Nefeli Thassos Greece,2517336.0,"Greece, Gr, Skala Rachoni Thassos",https://www.linkedin.com/company/hotel-nefeli-thasos-greece,www.hotel-nefeli.eu,"Nefeli hotel is situated in a green field of olive trees with view of the mountains and of the sea. On the premises there is modern swimming pool, bar and parking. All rooms have air conditioning, fridge, hair dryer, television and safety box. It is located 100 metres from the beach while Thasos town is within 12 km.",Greece,2.517336,,,
Mykonos Essence Hotel,2517336.0,Greece,https://www.linkedin.com/company/mykonosessencehotel,www.hotelmykonosessence.com,"MYKONOS ESSENCE 4* SEA VIEW HOTEL IN MYKONOS ISLAND, GREECE Supremely situated above the wonderful and scenic bay of Ornos, just 250 meters away from the golden sands of Ornos Beach in Mykonos, Mykonos Essence Hotel is located in a central spot that overlooks Ornos Bay and offers an immense panoramic view, towards the crystal clear light blue waters of the Aegean Sea. The 4 Star Hotel Mykonos Essence, is an ideal option for guests that search for sea view hotels and a romantic accommodation in Mykonos, as they may be accommodated in the spacious sea view deluxe rooms.",Greece,2.517336,,,
Thomas Hotel,2517336.0,"Greece, South Aegean, Ródos",https://www.linkedin.com/company/thomas-hotel,www.thomas-hotel.gr,"A spectacular setting of nature and history offering a panorama of the Aegean Sea, mountains and forests.The perfect escape for nature lovers!",Greece,2.517336,,,
Parīlio A Member Of Design Hotels,2517336.0,Greece,https://www.linkedin.com/company/parilio-a-member-of-design-hotels,www.pariliohotelparos.com,"Parilio, a member of Design Hotels, the name of which is derived from ‘Paros’ and the Greek word for the sun ‘ilios’, is a 33 suite retreat characterized by the cycladic simplicity. Parilio Hotel which opened July 2019 is the new entry in our portfolio and is located on the island’s northeastern cost, between stunning Kolympithres beach and the jewel town of Naousa. Mr. E Restaurant immigrates to Paros, as initially inspired and created by the celebrated Chef, Alexandros Tsiotinis being a rhapsody to the Greek and Mediterranean cuisine combined with Paros local products and casual elegance.",Greece,2.517336,,,
Thessaloniki Hotels Association,2517336.0,"Greece, Central Macedonia, Thessaloníki, 81a Egnatias, 546 35",https://www.linkedin.com/company/thessaloniki-hotels-association,www.tha.gr,"Company Overview Thessaloniki Hotels Association (THA) is a not-for-profit professional association with its registered seat in Thessaloniki. Its members are hotels active in the Thessaloniki Regional Authority and it is the oldest hotel association in Greece, as it was established in 1914. Description The key objectives of Thessaloniki Hotels Association are to study and promote the economic, social and professional interests of its members and also to promote Thessaloniki as a tourist destination through its collaboration with local and other authorities, who play a key role in the development of tourism in the area.  Today with 82 hotels-members, located mainly in the city of Thessaloniki, but also in other areas in the Thessaloniki Regional Authority, THA represents 65% of hotels and 80% of hotel beds in the prefecture. This capability has allowed it to play an important and decisive role, for many years now, in the development of tourism in Thessaloniki and its greater vicinity. Furthermore, THA is a founding member of the Hellenic Hotels Federation (HHF), of the Organization for the Promotion and Marketing of the Prefecture of Thessaloniki and of Thessaloniki Convention and Visitors Bureau (TCVB).  Having relocated to new, privately owned, premises, at Egnatia St. no. 81A, in the heart of the business centre of Thessaloniki, Thessaloniki Hotels Association continues to render its services to the greater society of our city with a strong sense of responsibility and earnestness.",Greece,2.517336,,,
Just Grow Hospitality,2517336.0,"Greece, Attica, Piraeus, 2 Dragatsi, 185 35",https://www.linkedin.com/company/just-grow-hospitality,www.jghospitality.gr,"Just Grow Hospitality is a hospitality sales and marketing management brand focusing on small and mid-sized accommodations. Formed by an experienced hotel sales professional with extensive knowledge on revenue management, online marketing and E-Commerce. Just Grow Hospitality is committed to offer integrated cost effective sales and marketing management solutions to accommodations in order to increase sales and revenue.",Greece,2.517336,,,
Heart Of Athens,2517336.0,Greece,https://www.linkedin.com/company/heart-of-athens,www.heartofathens.com,"The Heart of Athens is a boutique hotel in the Psirri neighbourhood of Athens. It caters to couples, families and group of friends offering three large apartments/suites that can host up to 5 guests each. There is a communal rooftop garden at the top of the building with views of the Acropolis and Lycabettus Hill.  We pride ourselves on always offering our customers are memorable stay in Athens and ensuring that anything that is within our power to help them achieve that is done. We hope that our visitors feel that they have found a small Home away from Home and leave us with a smile on their face. Our employees and external partners are chosen with this mantra in mind. https://www.youtube.com/watch?v=1Zc76XAlZ1g",Greece,2.517336,,,
Cretan Pearl Resort & Spa,2517336.0,Greece,https://www.linkedin.com/company/9229717,cretanpearl.com,"Located on the marvelous west coast of the island of Crete and only 15 km from picturesque Chania Town, Cretan Pearl Resort & Spa stretches its excellence along 13 acres of pure and tranquil elegance with panoramic sea views of the mesmerizing Mediterranean Sea.  Its northwest orientation guarantees the most beautiful sunsets in the area at large, as well as, amazing moonlight reflections for your eyes only. Destined for the global traveler, Cretan Pearl Resort & Spa boasts luxurious accommodation selections, a world class Spa of 2.000 sq. meters, 2 exquisite restaurants (Myrto Main Restaurant and Eros Pool Bar & a la carte), 2 cafés, 2 stunning sea water swimming pools, 1 kids pool with slides and amazing communal spaces flaunting a vast selection of high-end services and facilities.  Our resort is portrayed by a supreme collection of Deluxe, Superior and Premium rooms all of which fundamentally renovated and reappointed in 2014-2015.  Room interiors harmoniously blend modern, minimal lines with warm earthy colors in fabrics and details and all room types boast contemporary amenities, fine furniture of high aesthetics and great land and seaviews.  Our Mission is to create a timeless experience for the most discerning traveler in a resort of luxurious elegance.  We present our guests with world class unparalleled hospitality, an exceptional level of personal service, fine dining experiences and a scenic setting that rates amongst the best in the world. Our culture of hospitality and service will always be authentically local and our mission will be fulfilled when you return again and again… In striving for excellence, each and every one of our ambassadors clearly reflects the Cretan Pearl Resort and Spa set of values and passions.  Become a CRETAN PEARL RESORT & SPA Ambassador. Apply for one of our Job Openings today: info@cretanpearl.com",Greece,2.517336,,,
Hotel Makedonia,2517336.0,Greece,https://www.linkedin.com/company/hotel-makedonia,hotel-makedonia.gr,"Makedonia is a 2-star hotel, located in the center of the Ouranoupoli resort. The hotel features all necessary prerequisites for a relaxing and easy-going vacation.",Greece,2.517336,,,
Naxos Palace Hotel,2517336.0,Greece,https://www.linkedin.com/company/naxos-palace-hotel,www.naxospalacehotel.com,"Hotel Naxos Palace is a new 4 star hotel in Naxos, functioning since 2005, built in an environmental friendly way. The hotel was constructed in a manner that none of the pre-existing cedar trees needed to be cut down. Naxos Palace Hotel is built hillside in an amphitheatric way, allowing most of the rooms to have a panoramic sea view.",Greece,2.517336,,,
MYST Boutique Hotel Oia,2517336.0,Greece,https://www.linkedin.com/company/mystboutiquehotel,www.mystboutiquehotel.com,"As a new addition to Oia's buzzing boutique hotel scene, we set ourselves apart by offering discrete luxury and unforgettable memories.",Greece,2.517336,,,
Atrium Hotel Skiathos,2420711.0,Greece,https://www.linkedin.com/company/atrium-hotel-skiathos,www.atriumhotel.gr,"Atrium hotel is a true pearl of unique monasteric architecture with a charming modern design that affords to conquer every single guest, by its breathtaking view to the sea, surrounded by peaceful & relaxing atmosphere and supported by friendly & personal service. Atrium Hotel is truly inspired by nature!",Greece,2.420711,,,
Makedonia Palace Hotel,2398673.0,Greece,https://www.linkedin.com/company/makedonia-palace-hotel,www.makedoniapalace.com,"The historical building of Thessaloniki is a real adornment, a modern multi-experience hotel that has undercome spectacular changes. The combination of luxury with contemporary design are the dominant components of the radical renewal that stands out in all the new premises of the hotel. The main goal of the hotel’s modernization was achieved based on the overhaul of the functional and aesthetical organization of its premises and the complete reconstruction of all the rooms. In addition, the renovated rooms on all floors dispose furniture with clean lines, color balance and geometry, warm and earthly materials, as well as modern amenities.",Greece,2.398673,,,
Lavish Hospitality,2325927.0,"Greece, Attica, Piraeus, 106 Kolokotroni, 185 35",https://www.linkedin.com/company/lavish-estate,lavish-hospitality.com,"Lavish Hospitality, is a subsidiary of DKG Development and was founded with the vision of redefining hospitality and property development in Greece. We bring innovation, operational excellence, and global insight to every project—whether it’s a city hotel, a serviced apartment, or a strategic asset redevelopment.",Greece,2.325927,,,
Ananti City Resort,2268239.0,"Greece, Thessaly, Tríkala",https://www.linkedin.com/company/ananti-city-resort,www.anantiresort.gr,"Ananti City Resort is located in Trikala, a city in Central Greece, at the edge of the Greek Midlands, surrounded by Pindos Mountain on its north and west side. On the northern border of the city, at the edge of the urban space, there is a hill with panoramic view; the hotel rests on its top. The idea was to design something perfectly integrated into the surrounding environment. The building was peacefully put on the hill taking advantage of its slope, with absolute respect to the adjacent pine forest extending to its ridge. The building has five levels, following the hill’s relief that gradually recede as going up from level one to five. The hotel auxiliary spaces are located at the contact points with the hill and within it, while the main areas (spa,rooms, restaurant, and conference room) are on the opposite side; large windows allow a breathtaking view of Meteora and the midlands landscape.",Greece,2.268239,,,
Kedros Experiences,2198306.0,"Greece, Aryiroúpolis Attiki, 51 Leoforos Geroulanou, 16452",https://www.linkedin.com/company/kedros-travelling,www.kedrostravel.com,"We are an innovative, flexible low-profile company that began as, and still continue-to-be, counselors and explorers in the tourism destination field. Travelers nowadays are more demanding, wanting to experience something unique and personalized. They are seeking diverse experiences that are authentic, meaningful, personal and individualized. Simply seeing the sights is no longer enough. We love discovering new destinations and sharing special experiences. That is why we have decided to act as DMC but also as a tour “designer” and operator, giving meaning to every detail. In our approach, our interest is to show hidden, or less known significant points and facts that constitute the salt and pepper of a destination. EXPERIENCE LIFE. LOVE LIFE.EXPERIENCE GREECE.",Greece,2.198306,,,
HotelPoint PMS,2198306.0,"Greece, Attica, Athens, 56 Panepistimiou, 10678",https://www.linkedin.com/company/hotelpointpms,www.hotelpoint.gr,"HotelPoint PMS is an all-in-one hotel cloud solution software for managing properties.                                                                                                              It is a reliable and affordable management platform for Hotels, Villas, Vacation Apartments, Boutique Hotels, and Resorts. Our philosophy is to support every property owner and utilize our long experience in the field to offer a complete management system for his hotel unit. We want to offer to each of our customers' solutions that will contribute to the increase of the business efficiency by increasing the number of reservations and the profit while monitoring the expenses and offering the best experience to the visitor of the accommodation. Our vision is to offer high-quality products in order to gain the trust and preference of our customers through our work.",Greece,2.198306,,,
Future Hotels,2180275.0,"Greece, Attica, Athens, Kifisias Avenue 44 Marousi",https://www.linkedin.com/company/future-hotels,futurehotels.eu,"Future Hotels is an invite-only global brand for luxury independent hotels showcasing an outstanding commitment to digital transformation and sustainability. We bring together the world’s most forward-thinking hotels, travel agents, research institutions and technology companies to redefine what it means to be a hotel in the 21st century – and beyond.",Greece,2.180275,,,
SWOT Hospitality,2154093.0,"Greece, Attica, Athens, 2 Tsakalof, 106 73",https://www.linkedin.com/company/swot-simple-way-of-tourism,www.swot.gr,"Established in May 2013, SWOT Hospitality is a leading hotel management company based in Athens, Greece specializing in hotel management, asset management and development, investment management, sales & marketing and advisory services. SWOT’s experience, professionalism, and ability to effectively respond to the rising demands of the global hospitality industry has led top investors and developers to entrust the company with realizing their vision to excellence. SWOT Hospitality is currently managing a portfolio worth 250 mil euros in Greece and Southeastern Europe. The company collaborates with renowned international hotel chains such as Hilton, Marriott International Inc., Hyatt Hotels Corporation, Accor S.A., and Nikki Beach Hotels & Resorts. Additionally, SWOT holds White Label Operator (WLO) certification from Intercontinental Hotels & Resorts and Leading Hotels of the World. The Firm’s principals have maintained a consistent track record of strong performance and value creation. They have acquired, developed, and managed some of the most high-profile hotels in the region, with more than 3,500 rooms and a value in excess of €1 billion.  For more information, please visit https://swot.gr",Greece,2.154093,,,
Andronikos Hotel Mykonos,2117191.0,Greece,https://www.linkedin.com/company/andronikoshotel,www.andronikos.gr,"Andronikos Hotel is a luxury 4* hotel in Mykonos with splendid views of the Aegean sea and the sunset. Andronikos Hotel Mykonos is the ultimate choice when you look for a luxury Mykonos hotel. It combines easy access to the beaches and to Mykonos Town, design accommodation that inspires the senses, exquisite dining at the Lady Finger Greek gourmet restaurant, soothing spa treatments at the Earth Spa and a hip, relaxed atmosphere at the Skybar. Clean your mind, inspire your soul and rejuvenate your body at the Andronikos Hotel in Mykonos . Live the total hotel experience.",Greece,2.117191,,,
Spyrou Hospitality Group,2082240.0,"Greece, Attica, Athens, 125-127 Leoforos Kifisias, 11524",https://www.linkedin.com/company/skopelosexperience,spyrouhospitality.gr,"Spyrou Hospitality Group Welcome! The rich history of “Spyrou Hospitality Group” is going way back in 1978 when Rigas Spyrou, with too much love, created the “Rigas House” lodge in Skopelos Island. This name was not accidental since it represented his passion for home ambience and cordial hospitality. Learn more for our group at https://spyrouhospitality.gr/",Greece,2.08224,,,
Brown Hotels Greece,2030212.0,"Greece, Attica, Athens, 28 Geraniou, 105 52",https://www.linkedin.com/company/brown-hotels-greece,brownhotels.com,"Brown Hotels is an international design hotel collection, with hotels located in Tel Aviv, Jerusalem, Athens, and Croatia, with new hotels opening soon around the world. Our properties are rooted in devotion to service, design, innovation, style, and authenticity. They evolved out of the desire to create dwellings that not only show travelers the real culture and creativity of the city's youthful population, but also expand the nightlife and neighborhood joints for the locals. We strive to make each of our hotels unique, independent, and imbued with a true sense of place. We take pride in being recommended by the world's leading international lifestyle, design, and travel publications such as Vogue, Times, wallpaper, Travel and Leisure, Conde Nast Traveler, National Geographic, NY Times and more.",Greece,2.030212,,,
Xenios Avlais Apartments,1888002.0,"Greece, Ionian Islands, Old Alikanas Zakynthos, 29090",https://www.linkedin.com/company/xenios-avlais-apartments,www.xeniosavlais.com,"Xenios Avlais Apartments & Studios is a collection of three different accommodations including Antrika's villa, Niko’s studios and Mary’s apartment. All of the complexes are located in the quiet and relaxing area of Old Alikanas, the original coastal village of the area, which is set on the outskirts of the modern Alikanas resort and is ideal for families, couples or friends seeking a traditional and relaxing holiday. Old Alikanas is a charming village that has retained its Greek traditional character and local way of life. In a close distance to the complex there is a mini market, while the beach of Xechoriatis with the crystal clear waters is about 3 minutes walk (180m).",Greece,1.888002,,,
Magna Grecia Boutique Hotel,1888002.0,"Greece, Attica, Athens, 54 Mitropoleos, 10563",https://www.linkedin.com/company/magna-grecia-boutique-hotel,www.magnagreciahotel.com,"Offering great views of the Acropolis, this boutique hotel is centrally situated in the historic neighbourhood of Plaka, just 5 minutes from Syntagma Square. With only 10 suites, Magna Grecia can offer a much more personal service. With such attention to detail, it is no wonder that this hotel is a member of the Great Small Hotels of the World and finalist for the 2008 World Luxury Hotel Awards",Greece,1.888002,,,
Campsaround,1888002.0,Greece,https://www.linkedin.com/company/campsaround,campsaround.com,"Campsaround is the first online booking platform for alternative accommodation and camping in Greece.  Guests can compare and choose the best lodge for them through a wide range of options such as: camping, glamping, retreats, cottages and more. In addition, they can complete their booking online easily, securely and fast, without prior communication with the lodge; helping the owners to save more time in order to manage their bookings. Our goal is to bring every visitor in touch with nature so they can enjoy the serenity these types of accommodation offer and create a memorable experience. Our vision is to make alternative accommodation accessible in such a way so that visitors will be able to appreciate the benefits of this option, making it their primary choice. Don't miss out on this unique experience!",Greece,1.888002,,,
Gialos Fish Restaurant,1888002.0,"Greece, Central Macedonia, Thessaloníki, 55131",https://www.linkedin.com/company/gialos-fish-restaurant,www.gialosrestaurant.gr,"Located in small nautical club in Kalamaria, Thessaloniki Gialos was first operated in summer 2004, aiming to reach the highest quality level of food services. Gialos has capacity of 95 tables in three sections and the ability to serve almost 400 customers in a shift a la carte. This ability is generated by the highly organized kitchen and the 25 employees who are working currently at the restaurant. The management is delivered by a restaurant manager, a chef and the two owners. From the beginning the company’s goal was to deliver quality services & products as well as hospitality to its guests and eventual to became one of the finest restaurants in the area. The competitive advantages are the great location by the sea, the high quality of food and the variety of fresh fish that the restaurant offers. Company’s members are constantly in servicing improvements in service and application of innovative practices always maintaining the quality in any level.",Greece,1.888002,,,
RADEFY,1888002.0,"Greece, Attica, Kallithéa, 5 Atthidon, 176 71",https://www.linkedin.com/company/radefy,www.radefy.com,"Radefy is a technology company operating in the Hospitality industry. Main product include: AI Travel Concierge, Smart Hospitality,  Contactless Guest Check in and Check out Access Management. Property Electric Management, Remote Management  For Hotels and Short Term Rentals.",Greece,1.888002,,,
Oscar Suites & Village,1888002.0,Greece,https://www.linkedin.com/company/oscar-suites-&-village,www.oscarvillage.com,"Just a few minutes’ walk from Agia Marina Beach, the 4-star Oscar Suites is set amidst flowery gardens and includes 2 swimming pools, a bar-restaurant and a fitness room. It offers studios and apartments with free Wi-Fi and private balcony. Studios and apartments at Oscar are decorated in colourful tones and equipped with blackout curtains, air conditioning and hidden spotlights. Fitted with Cocomat mattresses, they all include a well-equipped kitchenette, wardrobe and a seating area with flat-screen TV. A hairdryer can be found in the modern bathroom. The restaurant serves traditional Italian cuisine for lunch and dinner, while cocktails, snacks and ice creams can be enjoyed at the poolside bar. English breakfast is prepared in the morning. Oscar is 9 km away from the picturesque town of Chania and 20 km from Souda International Airport. The hotel’s staff can make arrangements for car rentals and free private parking is provided on site.",Greece,1.888002,,,
Filoxenia Apartments Mykonos,1888002.0,Greece,https://www.linkedin.com/company/filoxenia-apartments-mykonos,www.filoxeniamykonos.com,"ORNOS BEACH Filoxenia Apartments is a complex of serviced holiday apartments located 100 meters from Ornos beach.  Ornos is a picturesque village many fish boats anchor. The sandy and clean beach at the inlet of the homonymous bay is very well protected from the northern summer winds.  Our one-bedroom apartments are 40 sqm big. Our faciliies are:   fully equipped kitchen with all the necessary utensils, coffee machine, kettle air conditioning in both bedroom and living room bathroom with shower TV, WiFi, safe deposit & more 100 meters to Ornos beach daily cleaning service patio baby cot and high chair upon request free street parking shuttle service upon request reception desk in close proximity to bus stop, grocery stores, restaurants & more Ornos is well connected by frequent buses to the city of Mykonos that is located 2,5 km far.  During the day there are also boats that offer transport to other well-known southern beaches of Mykonos. In the area there is a variety of stores, bars and restaurants that will make your stay comfortable.",Greece,1.888002,,,
Lalaria Skiathos Hotel,1888002.0,"Greece, Skiathos, 37002",https://www.linkedin.com/company/lalaria-skiathos-hotel,www.lalaria-skiathos.gr,"Our city hotel is ideal for family holidays in Skiathos island and it is situated in a green region overlooking the sea and the mountain. From our rooms, spacious verandas face the green mountain on the north part and the magnificent ""big blue"" of Skiathos Island on the east part of the complex. The landscape around our hotel in Skiathos town is carefully designed to provide you a relaxing environment to enjoy your coffee or drink during the day. Also the spacious field behind the hotel is used by our guests as a parking space.",Greece,1.888002,,,
TRYP By Wyndham Corfu Dassia,1888002.0,Greece,https://www.linkedin.com/company/corfu-palma-boutique-hotel,www.trypcorfudassia.com,"Encircled by the verdant surroundings and the palm trees, TRYP by Wyndham Corfu Dassia, a 4-star boutique hotel in Corfu, has mastered the art of service excellence in the hospitality sector inviting guests to experience a holiday beyond comparison. Ideally situated in the beautiful summer resort of Dassia, only 100 meters away from the sandy, shallow beach with the crystal blue waters, safe for children and ideal for swimming and watersports, this refined Corfu Spa Hotel takes the meaning of hospitality to a whole other level. TRYP by Wyndham Corfu Dassia was fully renovated in 2014 and upgraded in 2022 into a Top Hotel in Dassia, Corfu, to offer its guests a flawless fusion of leisure and pleasure in accordance with modern international standards. The hotel is the absolute destination for families with children, singles, couples and groups wishing to experience the very best that the island of Corfu has to offer.",Greece,1.888002,,,
BLUE ISLAND HOTEL,1888002.0,"Greece, Crete, Limin Hersonissos, 150 E Venizelou, 70014",https://www.linkedin.com/company/blue-island-limited,www.blueislandhotel.gr,"Cosy hotel Near the center of Hersonissos and beautiful sandy beaches. Friendly atmosphere, excellent service and comfortable rooms. Dining inclusive or a la carte.",Greece,1.888002,,,
Trinity Apartments,1888002.0,"Greece, Central Macedonia, Thessaloníki, 22 Exasterou, 57019",https://www.linkedin.com/company/trinityapartments,www.trinityapartments.gr,"Trinity Apartments is a complex of 3 modern, renovated and sunny apartments; suitable for summer vacation, business trips or relaxing weekend escapes. Trinity Complex has closed entrance, a staircase and a private small courtyard. Each apartment has an independent entrance with security door and doorbell, autonomous heating system, air condition, solar water heating and balcony. It is situated in the heart of the village of Agia Triada, only 2 minutes from the sandy beach. It is only 14 km from the airport Macedonia (SKG) and just 20 km from Thessaloniki. Feel free to choose one of the quiet and cozy apartments. Spoil yourselves living a unique experience!",Greece,1.888002,,,
Petinos Resorts Of Mykonos,1888002.0,"Greece, Mykonos, 84600",https://www.linkedin.com/company/resortsofmykonos,www.resortsofmykonos.info,"Presenting an assemblage of Mykonos's preeminent hotels and resorts, comprising Petinos Hotel, Petinos Beach Hotel, Nissaki Boutique Hotel, Saint John Hotel, Villas, and Spa, Anax Resort & Spa, Jenny's Summer Houses, and Aeonic Suites & Spa. These distinguished establishments collectively represent the epitome of luxury and hospitality on the illustrious island of Mykonos. Mykonos with its white-washed architecture, quaint cobblestone streets, sun-drenched beaches and its bright lights twinkling across the sandy bays combines all the necessary ingredients for a perfect island holiday. The island is renowned for its distinctive landmarks such as the 16th-century windmills which are perched high on the hilltop overlooking the town and ‘Little Venice’ where the colorful historic buildings stand right on the water’s edge, and their picturesque balconies hang over the deep blue Mediterranean Sea.",Greece,1.888002,,,
Forest Suites,1888002.0,Greece,https://www.linkedin.com/company/forest-suites,www.forestsuites.gr,"All Season's Boutique Hotel Within a small distance from Karpenissi, right in the middle of Megalon Chorion, Forest Suites is built on the cliff next to Karpenissiotis River, an extraordinary location in the forest. It’s goal is to drive you into a trip of relaxation.  With such an innovative concept of “mountain tourism”, facilities, services and high importance to detail, hospitality in Forest Suites acquires new dimensions for one or many memorable trips all year long. Forest Suites is a modern decorative project which combines traditional furniture and minimal design in one of the top winter destinations among Greece. Colours, wood and stone create an environment that ensures total relaxation and tranquility. Each suite has its own personality and artistic identity. Luxurious furniture, colourful fabrics, concealed lighting, modern amenities and the spectacular view of the forest will make you stay here forever. With respect to the environment and the shift towards sustainability, the use of new structural and technological materials, with ecological concern and use of natural products in all forms possible, Forest Suites makes an effort in constructing something modern, luxurious and inviting by reducing the environmental footprint and energy consumption.",Greece,1.888002,,,
CristLinen,1888002.0,"Greece, Attica, Athens, 20 Olympias Str, 16451",https://www.linkedin.com/company/crist---white-linen-&-terry,www.crist.gr,"History connected with the hotel linen in Greece! Crist, one of the top brands in the Greek bed linen industry has become a leading national and international supplier of high quality hotel linen, thanks to the experience gained over the years.  Having invested in long-lasting values and constantly pioneering since 1971, the company offers a wide range of unique quality products to the elite of the hospitality market. Crist’s vast experience, market knowledge and product diversity, along with the latest production technologies ensures the presence of the desired luxury in all our products. The company has won its customers’ respect and recognition by providing flexible services according to their specific needs, giving the term “tailor-made” a totally new meaning. At Crist we believe that “green” practices are the future. That’s why the company aims to exclusively produce its portfolio in an eco-friendly way due to our “green” facilities. Besides caring for the environment, being green is also beneficial to our partners.",Greece,1.888002,,,
Lagoon View Apartments,1888002.0,Greece,https://www.linkedin.com/company/lagoon-view-apartments,lagoonview.gr,"Aparthotel,    Small family run block of self-catering apartments in close proximity to several beaches, with full kitchen equipment, modern furniture, free WiFi, Satellite tv 37 inches, air conditioning, hairdryer, washing machine, safety deposit box, shared bbq, free parking , etc. Stunning view to Argostoli Bay and lagoon (Koutavos), mountain Enos and St. Georges Castle can be enjoyed from the big verandas and balconies. Friendly & peaceful  environment.  A combination of the magnificent mountain Enos and the crystal blue of the Ionian sea, ideal for a relaxing holiday or for small adventure tours as it is only 5 minutes from Argostoli by car which is essential. Great stone walls surround the plot.  Swim in the fresh and constantly recycled waters of the accommodation's swimming pool while you cherish the view of Argostoli's Lagoon: a wonderful holiday memory from Kefalonia!",Greece,1.888002,,,
Inbreakfast,1888002.0,"Greece, Attica, Athens, Georgiou Stavrou 6, 10559",https://www.linkedin.com/company/inbreakfast,inbreakfast.com,"Our mission as dedicated professionals in the hotel industry, is to provide the highest quality, efficiently, with respect to the local products and customs, directly to your accommodation.  We would like the visitors of Athens, “our guests”, to experience something more than a simple breakfast, we would like them to feel the Greek hospitality from the moment they open their eyes. Greek products at their finest, combined with dedication and professionalism is, in our opinion, the perfect recipe for the perfect Breakfast in bed experience.",Greece,1.888002,,,
Maregold Mykonos,1888002.0,Greece,https://www.linkedin.com/company/maregoldmykonos,www.maregoldmykonos.com,"Mixing and matching different styles, Maregold Mykonos is a small luxury property providing to its guests comfort and relaxation. Influenced by the Moroccan architecture, our suites can make you feel like you’ve traveled in another place, without having to leave the beautiful island of Mykonos.  Located in an amazing hill above Elia beach all of our sea view rooms are fully equipped with all the necessary amenities that can make your stay memorable. Let the sunshine bright in your room and make sure to enjoy our suites with private pool that are available for you. And if you need more, enjoy our infinity pool equipped with sunbeds and poufs, so that you can relax under the Cycladic sun with a breathtaking view to the Aegean sea and the beautiful islands of Naxos and Paros. Taste our daily served breakfast with local fresh products right next to our pool and begin your day with energy in order to explore the beauties of the island.",Greece,1.888002,,,
Plaka Studios,1888002.0,Greece,https://www.linkedin.com/company/plaka-studios,www.plakastudios.gr,"Plaka Studios is a rooms-to-let complex by the sea, just 150 m. from Karfas Beach. Garagani family, true to tradition, created this housing unit consisting of 10 fully furnitured studios, using the traditional stone from the village Thymiana. Their love for hospitality and customer service contribute to a warm and friendly environment, offering all these years an ideal destination for vacation. They welcome their customers with great joy for years to come.   All rooms have fully equipped kitchens (cutlery, kitchenware, refrigerator, microwave oven, coffee machine, ceramic hobs, oven etc), as well as heating, air-conditioning, fun, satelite TV, safe deposit box and hairdryer. All rooms have spacious and furnitured balconies, most of which have a panoramic view to the Aegean Sea and the sunrise. All rooms and common areas have free wireless internet (WiFi) access.   Plaka Studios have been offering hospitality since 1999 and on 2013-2016 they have been renovated, according to a decorator’s project. The reception was also renovated by Effie Garagani as it bacame a place not only for check-in and check-out but also a place that the customers enjoy talking with the owners. Plaka Studios is situated only 7 kilometres from the city of Chios, 3 kilometres from the airport and 7 kilometres from the port. The visitors can find full-service restaurants, cafes and mini-markets close by. Free parking area is provided for.",Greece,1.888002,,,
Saint Nicholas Hotel Corfu,1888002.0,"Greece, Ionian Islands, Corfu, Gouvia Corfu, 49100",https://www.linkedin.com/company/saint-nicholas-hotel-corfu,www.saint-nicholas-hotel.com,"Saint Nicholas Hotel is perched on the hill of Gouvia, hidden away in an olive grove estate is set the family run Saint Nicholas Hotel. Surrounded by perfectly manicured gardens with ages old olive trees and an eclectic mix of original grandeur and modern touches is the perfect getaway creating a truly unique and authentic Corfiot Experience. A laid-back retreat in the midst of the island’s sun-baked countryside, BUT only 300m away from the heart of the village of Gouvia and just 6km away from Corfu Town, one of Unesco’s Heritage Monuments.",Greece,1.888002,,,
Hotel Citta Dei Nicliani,1888002.0,Greece,https://www.linkedin.com/company/hotel-citta-dei-nicliani,www.cittadeinicliani.gr,"A contemporary refuge where timeless values and romantic images meet. These imposing towers consolidated the prestige, the power and social status of the inhabitants of Kitta, while they were constantly being built as fortresses, as well as a challenge to other families’ neighboring towers. We invite you to discover the place yourself and to create with us new memories of not only an old place but also a unique one.",Greece,1.888002,,,
Lighthouse Villas Kefalonia,1888002.0,Greece,https://www.linkedin.com/company/lighthouse-villas-kefalonia,www.lighthousevillaskefalonia.com,"Two separate detached villas each with private pool and high ceiling. Lighthouse villas are brand new constructions that finished July 2019. The villas are beachfront with amazing view. We rent them to tourists in Summer season in Kefalonia Greece.  Every villa has private pool with hydromassage, patio, balcony, barbecue, garden. Each villa is 100 square metres with two bedrooms, two bathrooms, living room, dining room, kitchen, fridge, oven, washing machine, dryer, dishwasher, hairdryer, iron and airconditions. The villa is luxury with perfect decoration and style.",Greece,1.888002,,,
Athens One Smart Hotel,1888002.0,Greece,https://www.linkedin.com/company/athens-one-smart-hotel,www.athensonehotel.gr,"Work smart, play hard(er) in the vibrant core of Europe’s oldest metropolis, from your cocooned base at the Athens One. Located in a typical 30’s modernist building, renovated with respect to its past, in line with the present and an eye on the future, the Athens One smart hotel, seamlessly blends old school charm with cutting edge technology and contemporary cool; an arty disposition and a dash of audacity, with an intimately cozy feel.",Greece,1.888002,,,
Bookwize,1888002.0,"Greece, Attica, Athens, 12 Kalamida Str, 10554",https://www.linkedin.com/company/bookwize,www.bookwize.com,"Bookwize is a ground-breaking booking system providing hoteliers with an array of features that help analyse customer behaviour as to maximize performance and increase revenue. Bookwize hotel booking engine is a conversion oriented system with tools, reports and widgets that give you a clear view of your hotel’s performance in relation to the user behaviour. The data collected enables you to make the wisest managerial decisions so as to boost conversions and maximize revenue.",Greece,1.888002,,,
Erodios Camping,1888002.0,Greece,https://www.linkedin.com/company/camping-erodios,erodios.com,"Erodios Camping is a modern hotel complex also offering a restaurant, a café/bar and a market. It belongs to the second class (3*), it is situated next to the sea and Gialova wetlands in Messinia. It is only 1 minute away from the village of Gialova, 15 minutes from Pylos and 10 minutes from Voidokilia beach.",Greece,1.888002,,,
Kefi Spitia Guest House,1888002.0,Greece,https://www.linkedin.com/company/kefi-spitia-guest-house,www.kefispitia.com,"Kefi Spitia, a 9 rooms Guest House is located at 700 m from Loourdas beach on Kefalonia Island in Greece, in the middle of olive trees. The design and  decoration of this house, mixing kefalonian style, cycladic style and chic bohemian spirit make it exceptional for a unforgetable stay. Rooms, each with sea view are in 3 houses. In the main house, a pergola welcomes guests for breakfast, evening drinks and dinner around the guest table. In the middle of the property a large pool with a panoramic sea view, a big terrace and a bar are the ideal places to relax, enjoying greek sun. The property can be privatized for family or friends events. The island of Kefalonia, the biggest of Ionnian Island is located between Greece and Italy. Its access is very easy  thanks to its international airport.  The island is still wild and is ideal for every season holidays with its 80 beaches, its mountain and its natural park. Local Food and W ines are also tremendous. To organize your stay contact us at : contact@kefispitia.com",Greece,1.888002,,,
Xenones Lindos Complex,1888002.0,"Greece, Lindos, 85107",https://www.linkedin.com/company/maredom-ltd,www.xenoneslindos.com,"Owners and operators of  the holiday complex of studios and apartments,  Xenones Lindos, located in the center of the  ancient village of Lindos in the south of Rhodes island - GR. The complex consists of 17 Studios and Family apartments which can accommodate 2 and 4 adults accordingly. All of our Studios and Family Apartments are of same standards, comforts and facilities. Business established back in 2008 and since then, has been achieving more than 65 - 68% repeater guests, year on year, as long as an average monthly occupancy of between 92 -98% (within seven months of operation, annually). Thanks to the manager and his team fab work / priceless efforts, property keeps on being awarded annually and since 2011, with the Trip Advisor Excellence Award. Property operates between late April - Early November annually.",Greece,1.888002,,,
Heliades Villas,1888002.0,Greece,https://www.linkedin.com/company/heliades-villas,www.heliadesvillas.com,"Heliades Villas is a luxury villa complex in Andros island, Greece. Our complex consists of three villas, totally independent one from the other. Each villa can accommodate 8-10 guests and has private swimming pool.  The Villas All our villas have been constructed with natural materials, such as wood, marble and stone, and their decoration is a combination of modern and local architecture. Apart from private pool, every villa also has large beautiful garden and balconies with magnificent view to the Aegean Sea. The location Heliades Villas are located on an amphitheatric location just over the bay of Fellos, on the western side of Andros island. The beach of Fellos is a nice sandy cove with crystal waters, accessible in 15 min walk from the villas. The port of Gavrio, the main port of the island, is only 10 min drive. A lifetime experience If you are looking for truly relaxing villa holidays, away from busy life, then Heliades Villas is the place to go! We also host special events, such as wedding ceremonies, birthday parties or business meet ups, with a total capacity of 26-28 guests in all three villas. Our place is also very popular as a writers retreat, since it offers the peace and privacy needed for writing.",Greece,1.888002,,,
Agrotouristic Hotel Eleonas,1888002.0,"Greece, Island, Rovies Rovies Evia, 34005",https://www.linkedin.com/company/agrotouristic-hotel-eleonas,www.eleonashotel.com,"""eleonas"" means olive grove in Greek. True to its name the guesthouse, is situated where the silver olive grove meats the sparkling blue water on Evia Island Greece.  The property is surrounded by the farm which is run by our family for more than 100 years. We want our guests to enjoy the tranquillity the nature can offer.  At ""eleonas"" you will be able to listen the grass growing, the rustling of bees’s wings, the frog's discussions! You can join us on the tractor, participate in farm activities, learn how to weave, watch the birds, pick the hen eggs, marvel at the night sky, have a swim under the Greek sun or practice Yoga in the nature! We offer 10 twin or double rooms with books instead of TV, coffee/tea corner, a spacious balcony with breath taking view and we guaranty the best nights sleep you had in years. More than 20 years guests have enjoyed our home-made breakfast, based on products from the farm or the local area. ""eleonas"" Guesthouse is thoroughly committed to reducing its environmental impact by actively participating in standards that are in harmony with the earth’s natural resources. For more information & reservations visit our site: www.eleonashotel.com",Greece,1.888002,,,
Pure Villas,1888002.0,"Greece, Greece, 63078",https://www.linkedin.com/company/pure-villas,purevillas.com,Pure Villas is a company based out of Netherlands.,Greece,1.888002,,,
Green Corfu,1888002.0,Greece,https://www.linkedin.com/company/green-corfu,www.greencorfu.com,"At Green Corfu we are promoting alternative holidays to Corfu and trying to do so in a sustainable, responsible, environmentally friendly, holistic way. We offer accommodations on Corfu with a green flavour, close to nature, eco-friendly, promoting recycling, energy conservation and sustainability.  We can also advise you on alternative holiday activities such as walking, cycling, horse-riding, sailing, meditating, yoga, creative workshops and much more. Personally we are very much interested in holistic medicine, local products, organic farming, recycling, caring for Mother Nature. We also offer website design and online promotion services.",Greece,1.888002,,,
IONIAN HEAVEN VILLAS,1888002.0,"Greece, Lefkada, 31100",https://www.linkedin.com/company/ionianheavenvillas,ionianheaven.gr,"Ionian Heaven property is a newly built complex of 2 luxury pool villas located in Nikiana, one of the most picturesque places in Lefkadas Island. The 2 houses of 110 m^2each, abstain only 15 mins from the city of Lefkada and 8 mins from Nidry area. The villas in combination with the breathtaking infinity pool view of Ionian waters ensure a one of a kind holiday experience for their elite guests.",Greece,1.888002,,,
Rockwell Greece,1856308.0,"Greece, Attica, Athens",https://www.linkedin.com/company/2416694,www.rockwell.gr,"About Us Rockwell is a leading company in the distribution, marketing, and special production of luxury kitchenware and tableware equipment, based in Greece. We exclusively distribute products from renowned manufacturers, including KAI Knives Japan, Sabatier French Knives, Laguiole, Claude Dozorme, Robert Welch, CRISTEL, De Buyer, AMT Gastroguss, Skeppshult, La Cuisine, Le Creuset, GEFU, GRAEF, Teakhauss, Legnoart, L’Atelier du Vin, Eisch Glassware, RONA Glassware, Pillivuyt Porcelain, and Seltmann Porcelain. Our History Founded in 1872 by Ioannis Pourikas in Elassona, Larissa, Rockwell started as a personal enterprise focused on manufacturing and trading cutting tools (scissors, knives, etc.) for both home and professional use. Initially, our clientele consisted mainly of livestock farmers and agriculturists from Thessaly, Western Macedonia, and Epirus. During the winter months, the manufacturing workshop was based in Elassona, while in the summer, it relocated to Samarina, Grevena. In 1922, Apostolos Ioannou Pourikas took over, maintaining high quality and expanding distribution throughout Greece. In 1965, Evangelos Apostolou Pourikas shifted the business to importing and distributing foreign brands, ending our production but continuing product repair. By 1992, Leonidas and Apostolos Pourikas modernised the business, focusing on retail and selective wholesale trade. In 1997, under the leadership of Leonidas Pourikas, Rockwell moved its operations to Athens, evolving into a uniquely high-quality enterprise in its field.  Today, Rockwell's quality is evident in both retail and wholesale markets across Greece and Cyprus, participating in exhibitions such as HO.RE.CA. Committed to maintaining our high standards, our goal is to expand our retail presence and wholesale points, establishing Rockwell as a leader in the industry. Location Anagnostopoulou 11, Kolonaki Athens, 10673 Contact Phone Number: +30 210 7223336 Website: www.rockwell.gr Email: info@rockwell.gr",Greece,1.856308,,,
Albergo Gelsomino,1854353.0,"Greece, South Aegean, Kos, 1 Vas. Georgiou, 85300",https://www.linkedin.com/company/albergo-gelsomino,gelsominohotel.com,"Albergo Gelsomino is one of the most iconic landmarks of Kos, built in 1928. After 90 years, it has been impeccably restored to regain its unparalleled beauty and character and welcomes guests to enjoy a refined holiday throughout the year. The hotel presides majestically on the beach overlooking the Aegean Sea and offers undisturbed views of the neighbouring lands and Kos town.",Greece,1.854353,,,
Iperion Beach Hotel,1854353.0,"Greece, Crete, Rethymno, 74100 Parodos 110 Martiron",https://www.linkedin.com/company/iperion-beach-hotel,www.iperionhotel.gr,"Founded in 1993 in Rethymno, Iperion Beach Hotel has been reflecting the genuine greek hospitality according to cretan tradition .  Located in the beautiful beachfront of the castle city of Rethymnon in a peacuful set-up, modern establishment and genuine hospitality. To see all the different jobs and apply please send an email at info@iperionhotel.gr",Greece,1.854353,,,
VillaRentals.gr,1854353.0,"Greece, Attica, Athens, 115 26",https://www.linkedin.com/company/villarentals,www.villarentals.gr,"VillaRentals.gr is a team dedicated to finding unique vacation homes throughout Greece and connecting owners and holiday makers. We provide round-the-clock property and rental management services, from renovations to bookings and customer aftercare.  To find out more, please contact us.",Greece,1.854353,,,
DisCrete Villas,1854353.0,"Greece, Crete, Rethymno",https://www.linkedin.com/company/discretevillas,www.discretevillas.com,Exclusive holiday villas in Crete with private pool offering unforgettable family holidays!,Greece,1.854353,,,
Angelika Pallas Hotel,1854353.0,Greece,https://www.linkedin.com/company/angelika-pallas-hotel---igoumenitsa,www.angelikapallas.gr,"Angelika Pallas Hotel is situated opposite of the new international port of Igoumenitsa, the main entrance to western Greece by boat, and just a few hundred meters from the Egnatia Motorway (from Igoumenitsa to Alexandroupolis). The hotel is the ideal place for all those who are traveling due professional reasons, but also for those who wish to spend their holidays at the gorgeous Thesprotia, at a comfortable and discreet place.",Greece,1.854353,,,
TGE Consultants,1854353.0,"Greece, Attica, Athens, 39 Amfitritis",https://www.linkedin.com/company/tge-consultants,,"Hotel Sales & Promotion services Luxury Hotel Collection TGE Consultants, build for their clients a channel of business, between International buyers and hotels and resorts all over Greece through defined goals, carefully planned strategic actions and the strength of our personal relationships.",Greece,1.854353,,,
Elliot,1854353.0,Greece,https://www.linkedin.com/company/staywithelliot,www.staywithelliot.com,"Elliot is elegant, enigmatic and authentic. Passionate about creating joy and happiness for people around him. His charming solitude might keep him unseen, but you can always feel his presence. A mysterious blend of idealism and extravagance, fueled by his charisma. Elliot is honest. He is a dreamer. But above all, Elliot is your host.",Greece,1.854353,,,
CreteRooms,1854353.0,"Greece, Crete, Rethymno, 32 Ground Giamboudaki, 74100",https://www.linkedin.com/company/crete-rooms,www.creterooms.gr,"CreteRooms was launched in 2019, filled with love & passion for the hospitality industry, more than 80 properties in our portfolio.Our mission, to be the most hospitable agency in Crete! We are available for all our guests 24/7! CreteRooms offers transfer from the airport to the accommodation at special prices for its guests. Our main goal is for visitors to love Crete as much as  we love it and feel the Cretan authentic hospitality. Also guests will enjoy the wonderful landscape and the unique beaches of Crete, walking in nature and taste our unique Cretan cuisine",Greece,1.854353,,,
Mediterranee Hotel Kefalonia,1854353.0,"Greece, Lassi, Metaxa Str., 28100",https://www.linkedin.com/company/mediterranee-hotel-kefalonia,mediterraneehotel.gr,Providing frist class & attentive service with a stunning sea and sunset view.,Greece,1.854353,,,
Villa Angelica,1854353.0,Greece,https://www.linkedin.com/company/villaangelica,www.villaangelica.gr,,Greece,1.854353,,,
Fishing Trips Greece,1854353.0,Greece,https://www.linkedin.com/company/fishing-trips-greece,www.fishingtrips.gr,Fishing Trips is the first platform in Greece through which anyone can book a fishing trip with a professional fisherman anywhere in Greece and experience the unique fishing tourism experience in our country.,Greece,1.854353,,,
Marita's Apartments,1854353.0,"Greece, Ag. Marina, 73014",https://www.linkedin.com/company/marita-apartments,hotelmarita.gr,"A beautiful small 3* beach family resort sitting right in front of one of the most famous and amazing sandy beaches of Chania, that of Agia Marina. Marita’s apartments with a long history of more than 25 years in accommodation and service excellence has also earned a wide recognition over the years for its most wonderful gardens. An element that gives the sensation of a secret protected grove with its tall trees, bushes and flowers which allow the guests to feel literally cut-off from the rest of the world and enjoy a most relaxing time!",Greece,1.854353,,,
Belle Helene Hotel,1854353.0,Greece,https://www.linkedin.com/company/belle-helene-hotel,bellehelene.gr,"Imagine yourselves being in a small, private, paradise on earth! Your eyes staring the infinitive deep blue sea of the gulf of Mani. A dense green pathway full of flowers and olive tree leading to a breathtaking hillside with a 19th century small stone church of St. Nicolas. Right next to the sunken ancient city of Las! You’re at Hotel Belle Helene!",Greece,1.854353,,,
Valtos Beach Hotel,1854353.0,Greece,https://www.linkedin.com/company/valtos-beach-hotel-&-gogozotos-residence,valtosbeach.gr,"A seaside 4 stars hotel in Parga, Greece. Valtos Beach Hotel lies 1 km from the scenic town of Parga. Don't miss to visit our restaurant! Grab a table, breathe in the salty, summer air rolling off the beautiful Ionian Sea, and feel the mesmerizing gentle breeze as you bite into the tastes of flavorful, homemade Greek treasures at “Akti” Bar & Restaurant. “Akti” Bar & Restaurant has proudly earned a place amongst the top 10 best restaurants in the Epirus region of Greece.",Greece,1.854353,,,
RIZARI INN,1854353.0,Greece,https://www.linkedin.com/company/rizari-inn,www.rizariinn.com,"With over 8 years of experience, RIZARI INN specialises in long-term real estate management and consultancy, placing property owners at the heart of our services. We provide end-to-end solutions, from sourcing and acquiring properties to renovating, managing, and eventually selling them for maximum return on investment. Our personalized approach, combined with industry expertise, ensures tailored strategies that meet your unique needs and long-term goals, delivering both peace of mind and sustained value",Greece,1.854353,,,
Hotel Hippocampus,1854353.0,Greece,https://www.linkedin.com/company/hotel-hippocampus,www.hotel-hippocampus.gr,"3* Hotel Hippocampus is situated by the sea, in the picturesque Naoussa of Paros, about 600 meters from the central square of the village, less than ten minutes walking distance.",Greece,1.854353,,,
Mykonian Revenue Management,1854353.0,"Greece, Attica, Athens, 56 Panepistimiou, 10678",https://www.linkedin.com/company/mykonian-revenue-management,mykonianrevenue.com,"Managing hotels and hospitality properties can be a cumbersome task. At Mykonian Revenue Management, our goal is to help you run your property easily and efficiently.",Greece,1.854353,,,
Nest Hotels,1854353.0,Greece,https://www.linkedin.com/company/nesthotels,www.nesthotels.gr,"Nest Hotels Management Company was founded in 2021 by an experienced team consisting of members with knowledge and passion for hospitality, who have been active in the tourism industry for over 12 years. The company is currently investing in deluxe apartment hotels in Halkidiki Greece, providing to its guests comfortable accommodation with fully equipped kitchenette. Nest Hotels’ vision is to keep expanding its portfolio of deluxe apartment hotels in Greece and to invest more in online technologies.",Greece,1.854353,,,
Kentrikon Boutique Hotel,1854353.0,Greece,https://www.linkedin.com/company/kentrikon-boutique-hotel-pelion,www.kentrikon-pelion.gr,"Anew addition to our hotel is the atrium which overlooks the Aegean Sea and offers unique images of the blue Greek sky and our hotel grounds which are encircled by a flowery setting. The SkyBar offers traditional gastronomic cuisine with traditional local products in a sumptuous breakfast as well as an exhaustive catalogue of wines and spirits, hot drinks, desserts and ice creams all served with special care.The attention that the Leventis family has lavished guarantees the high quality of service and they are waiting to offer you the same Greek hospitality it has successfully been offering since 1937, contributing to the development of tourism in the Pelion region. Having retained aspects of traditional Pelion architecture after it was renovated; the hotel has standard rooms with double bed , superior rooms, executive that can accommodate 2-3 guests, suites superior for 2-4 guests, and one executive suite  with two bedrooms and  living room. The reception area, a sitting area with a TV corner and an open fireplace, a bar and a multi-purpose lounge located at the hotel’s transparent roof atrium.In these beautifully decorated corners, guests will spend many unforgettable moments whatever the season of the year – winter or summer, spring or autumn.A new addition to our hotel, the atrium, which overlooks the Aegean Sea, offers unique images of the blue Greek sky and of our hotel grounds which are encircled by a flowery setting",Greece,1.854353,,,
Sigma Residences,1854353.0,Greece,https://www.linkedin.com/company/sigma-residences,www.sigmaresidences.com,"Nestled in the heart of Sifnos, Sigma Residences boasts an unrivaled location with stunning views of Kastro, only a 45-minute walk or a 20-minute drive away. Situated along the official trekking trail that connects it to Kastro, outdoor enthusiasts will revel in the opportunity to explore the island’s natural landscapes. Located only 5 minutes by car from Sifnos’ capital, Apollonia, and a mere 13 minutes drive from the island’s port in Kamares, Sigma Residences is the perfect base for any island adventure. Plus, here you will be in close proximity to some of the island’s most popular, fantastic beaches like the sandy beach of Platis Gialos and the popular Chrisopigi, only 9 minutes by car, as well as the quaint small coast of Faros, only a 7-minute drive. As if that weren’t enough, there is even a convenient helipad located nearby. Fall in love with Sifnos’ beauty from the comfort of Sigma Residences.",Greece,1.854353,,,
Stay Salty Yachting,1854353.0,Greece,https://www.linkedin.com/company/stay-salty-yachting,www.staysalty.gr,,Greece,1.854353,,,
Yades Greek Historic Hotels,1854353.0,"Greece, Attica, Athens",https://www.linkedin.com/company/yades-greek-historic-hotels,www.yadeshotels.gr,"We are true hoteliers. We create destinations.  Each historic hotel, member of our network,  is a destination in its own right. We are committed to creating unique experiences, elevating scents, and touching the senses. Yades Greek Historic Hotels is a hotel network, the Greek member of the Historic Hotels of Europe , that features 15 unique hotels in historical buildings located in some of Greece’s most beautiful settings. Each affiliated hotel is selected to skillfully combine the culture and heritage of the country in tranquil and peaceful surroundings to offer guests a luxurious, caring, and hospitable Greek experience. We offer Soft Branding opportunities and Management Consulting services to secure that our hotels become successful operations. Main Office is located in Athens, Greece",Greece,1.854353,,,
Nantin Hotel,1854353.0,Greece,https://www.linkedin.com/company/nantin-hotel,www.nantinhotel.gr,"In the city of Ioannina is built Nantin Hotel, ready to welcome those who want to admire the sightseeings and the natural wealth of the city! Στα όμορφα Ιωάννινα είναι χτισμένο το Nantin Hotel, έτοιμο να φιλοξενήσει όσους θέλουν να θαυμάσουν τα αξιοθέατα και το φυσικό πλούτο της πόλης!",Greece,1.854353,,,
Spetses-concierge,1854353.0,"Greece, Spetses, 18050",https://www.linkedin.com/company/spetses-concierge,www.spetses-concierge.com,"Spetses Concierge is an exclusive concierge service dedicated to providing our guests with the highest levels of service. If you want to have the full Spetses Lifestyle experience , all the luxury and pleasure you need, you must hire a concierge service and only worry about having fun and enjoying life in the island. Spetses - concierge is here to arrange for you the ""to do"" and the ""to go"" with reservations  and transportations services and many more. Our first priority is to fill your stay with unforgettable memories...",Greece,1.854353,,,
Upgraded - Hospitality Management,1854353.0,"Greece, Attica, Athens, 14562",https://www.linkedin.com/company/upgraded-hospitality-management,www.upgraded.gr,"Having spent years on the field of reservations for hotels and lodgings and on creating or improving their online image, we realized that it is a demanding, time consuming, constantly evolving sector, but at the same time very important for every lodging. Wishing to help those who do not have the time, the expertise or ability to monitor and keep up to the market's developments, we created Upgraded . Our goal is, through our services, to upgrade every lodging we cooperate with in order for them to meet the high demands and standards of the international tourism market. With the support of Upgraded, through a professional online image and a smooth operation in the management of it's reservations, each lodging will be able to increase it's bookings and revenue. Get Upgraded ^",Greece,1.854353,,,
Monument Hotel,1854353.0,"Greece, Attica, Athens, 11 Kalamida, 105 54",https://www.linkedin.com/company/monument-hotel,www.monumenthotelathens.com,"Designated as a Listed Building and a Modern Monument designed by Ernst Ziller, the Monument in Athens is a rare find for travel connoisseurs who appreciate the art of discovery.  Resembling the chambers of a historic mansion, the exquisite rooms of Monument evoke an aura of timeless grace, blending an old-world charm with modern simplicity.",Greece,1.854353,,,
SINANIS L.T.D,1854353.0,"Greece, Crete, Chaniá",https://www.linkedin.com/company/sinanis-ltd,www.atlantida-mare.gr,"Sinanis L.T.D  is an independent company specializing in hotel development, management and consulting. The firm carries out the development of new hotel projects working closely with owners and investors in all phases of the development and operates hotels under management agreements with a purpose to create brand recognition, high gross profit margins and commercial value.  In addition, Sinanis L.T.D  offers a wide range of personalized consulting services and assists hotel owners to achieve desired results.",Greece,1.854353,,,
Trend Hotels Greece,1854353.0,"Greece, Crete, Irákleion, 97 M.kantanou, 71303",https://www.linkedin.com/company/trend-hotels-greece,www.trendhotels.gr,Trend Hotels is a group of Hotels located in Greece with a range of properties of 4* & 5*. Our Portfolio includes 4 properties. -Grand Ambassador Hotel 5* on Santorini Island. -Santorini View Hotel 4* on Santorini Island. -Avdou Collection Villas & Suites 4* in Heraklion on Crete Island. -Dore Boutique Hotel in Chania 4* on Crete Island,Greece,1.854353,,,
Zorbas Beach Village Hotel Chania,1854353.0,"Greece, Crete, Chaniá",https://www.linkedin.com/company/zorbasbeachvillagechania,www.hotel-zorbas.gr,"Zorbas Beach Village Hotel is a beachfront complex of 53 Apartments and Studios that lies on the most beautiful part of the Akrotiri peninsula in Chania.  The crystal sea in front of it, the excellent home-made traditional food, a very personal approach, as well as the comfortable apartments and studios will make your stay an unforgettable one! GENERAL FACILITIES: • Fresh Water Swimming Pool for adult & separate for children (1000sq.m.) • Dining Area with gorgeous Greek cuisine at the Pool deck • Pool Snack Bar, Free pool umbrellas & sun beds, Pool Barstools • Free High-speed Wi-Fi Internet Access in all public areas • Free internet corner at the reception/lobby • Library corner & lobby sitting area • Free Parking Areas • Children’s outdoor playgrounds • Outdoor chess board • Fax, photocopying, printer service • Postal & Courier Service • Express Check-in & Check-out Service • Free transfer service to the Market of Stavros • Sun umbrella borrowing service for the beaches (free) • Organized sandy beach with free umbrellas & sun beds • Ticketing & Travel Assistance • Excursions arrangements (pick up service directly from the hotel) • Taxi & car rental service • Luggage storage • Free Maps & Sightseeing Recommendations • Extensive colorful gardens with local flora • Airport/Port Transfer Service • Bicycle rental (with charge) • Breakfast in Take-Away Box • Laundry & dry-cleaning service • Fishing, diving, snorkeling, horse riding activities • Barbecue (BBQ) and Cretan Dancing Nights ROOM AMENITIES: • Individually Controlled Air Condition • High-speed Wi-Fi Internet Access • Kitchenette with cooking sets • Microwave, fridge & kettle • Satellite LCD TV • Safety Box, Closet & Ironing Facilities • Direct-dial telephone • Bathroom with Shower & Hairdryer • Daily maid cleaning service • Fruits & Drinks on arrival • Furnished verandas covered with ceramic tiles • Make-up/Shaving Mirror • Guest Laundry (upon request, with charge) • Baby cot (free, upon request)",Greece,1.854353,,,
Polos Hotel,1854353.0,Greece,https://www.linkedin.com/company/polos-hotel,www.poloshotelparos.gr,"The Polos Hotel rooms feature Cycladic and traditional elements. Each is air-conditioned and includes a satelite TV. Several rooms have balconies that offer pool and garden views. The lounge pool bar offers cocktails and light snacks in a relaxing enviroment. Parikia town is a 5- minute walk, while the hotel is only 50 meters away from the Livadia beach.The hotel front desk will assist guest with island information and maps.",Greece,1.854353,,,
Hotel Palladium Sithonia,1854353.0,Greece,https://www.linkedin.com/company/hotel-palladium-sithonia,www.palladium-sithonia.gr,"Hotel Palladium Sithonia is a brand new hotel build in 2019, and open since July the same year. It is located 80 meters away from the best-rated beach in Sithonia – Kalamitsi. The hotel features 24 rooms, including 2 wheelchair accessible ones. It has a pool, reception, pool bar, open fitness center, elevator, children’s area, small shop (with luxurious items, local organic food, souvenirs) and great events featured at the hotel (like Greek Music Nights, Movie Nights, Karaoke Nights, Greek Cooking Lessons, etc.) – which brings people together & gives them a unique experience and unforgettable time.",Greece,1.854353,,,
Porto Valitsa Resort,1854353.0,Greece,https://www.linkedin.com/company/porto-valitsa-resort,portovalitsa.gr,"Our desire to create a place in Halkidiki Greece for high quality holidays, in every season of the year.",Greece,1.854353,,,
Blend Hotel Athens,1854353.0,"Greece, Attica, Athens",https://www.linkedin.com/company/blendhotel,www.blendhotel.gr,"Located right where the city’s social fabric starts to “weave”, in the heart of the lively downtown “commercial triangle”, Blend HOTEL walks the walk with direct access to a perfect blend of old and new Athens. In the middle of everywhere and at the same time nestled away from the touristic path near the iconic 19th century churches of “Chrisospiliotissa” and “Agia Eirini”, Blend HOTEL is the ideal starting point for the guests to enhance their personal story with the city’s authentic treats, exploring the diversity of Athens and truly blending in. Everything is in walking distance reach: from Syntagma square to Monastiraki and Plaka, from the Acropolis and the Parthenon to the most young and edgy areas.",Greece,1.854353,,,
Hotel Sol **** Parga,1854353.0,Greece,https://www.linkedin.com/company/hotel-sol-parga,www.hotel-sol.eu,"Welcome to Hotel Sol in Parga Our 4-star hotel has 12 beautiful, spacious rooms including three deluxe suites. Not only does the hotel boast an unrivalled location, right on Krioneri beach and two minutes walk from the town centre, but we are open all year round offering luxurious accommodation and services. Sip cocktails at the pool side in the summer or curl up on our cosy sofas by the fireside in the winter, come rain or shine we are the first choice for holidaymakers who want to spend their time in Parga in a true luxury haven.",Greece,1.854353,,,
Wrapsody Agency,1854353.0,Greece,https://www.linkedin.com/company/wrapsody-agency,www.wrapsody.gr,"Wrapsody is a premium hospitality marketing & communication agency for boutique hotels, luxury & lifestyle properties and destinations. We provide creative and effective intergrated marketing and communication services as an outsourced strategic partner. We are professional storytellers of inspired travel stories worth sharing to the world. We have the creative capacity to feel and the professional drive to deliver.",Greece,1.854353,,,
Diamante Beachfront Suites Greece,1854353.0,Greece,https://www.linkedin.com/company/diamante-beachfront-suites-greece,www.diamantebeachfrontsuites.com,"Diamante Beachfront Suites promises you an unforgettable stay of high aesthetics, style and sophisticated finesse. If you are dreaming of the perfect vacations with tranquility and relaxation or an intense escape full of pleasures, Diamante Beachfront Suites is the ideal destination. Choose one of our private suites or the Superior Loft and let the dream begin.",Greece,1.854353,,,
BE MY GUEST ATHENS,1854353.0,"Greece, Attica, Athens",https://www.linkedin.com/company/be-my-guest-athens,www.bemyguestathens.gr,"Be My Guest Athens is centrally located in Athens, within walking distance of both the scenic Thission and Petralona districts and a 4-minute walk from Apostolou Pavlou street. The hotel has a rooftop terrace with views over Athens Observatory and side views over Parthenon. Free WiFi access is offered throughout. Fitted with Naxian marble and pine wood, the minimally decorated rooms and suites at Be My Guest are equipped with a 43'' flat-screen TV, and include a modern, tiled bathroom with shower cabin. Some units feature a seating area for your convenience, while a terrace or balcony are featured in certain units. Guests can enjoy a drink at the on-site bar. There is a 24-hour front desk at the property. Free use of bicycles is available at this hotel and the area is popular for cycling. Gazi - Technopoli is 600 m from Be My Guest Athens, while Monastiraki Flea Market is 900 m from the property. The nearest airport is Elefthérios Venizélos Airport, 46 km away.",Greece,1.854353,,,
Smith-Mandylas O.E.,1854353.0,"Greece, Roda, 49081",https://www.linkedin.com/company/smith-mandylas,www.airvitesse.eu,"Smith-Mandylas O.E. is a Greek company and the parent company for Air Vitesse Aviation & Travel Consulting. Based on the beautiful island of Corfu, or Kerkyra in Greek, we operate our subsidiary company ""Relaxation by Air Vitesse"" providing solutions for holiday property owners. We offer a range of services from marketing to full property management services. We pride ourselves on our high standards of Guest Services at any of our properties in which guest choose to spend their precious holiday time. With a record of high scoring reviews since we started in 2018, we intend to take our standards higher and higher in this COVID-19 world. With robust health and safety protocols in effect at all properties, guests and owners can rest assured they will receive the best in service at highly competitive rates compared to our rivals.  Get in touch or book at our websites. www.airvitesse.eu - www.airvitesse.gr New in 2022 we have launched our new subsidiary “Les Maisons by Air Vitesse” which aims to help property owners sell their properties outside of the mainstream estate agency network. Focused on North Corfu, we offer a bespoke service to individual owners wishing to use our network to sell or rent property at competitive rates. For those seeking to start a new adventure on Corfu, we will find you a property to match your requirements. See airvitesse.eu for details.",Greece,1.854353,,,
Cafe Barbera 1870- Greece,1854353.0,"Greece, Attica, Athens, 114 Ermou, 105 55",https://www.linkedin.com/company/cafe-barbera-1870-greece,www.cafebarbera.com,Italian coffee franchise representative for the greek market,Greece,1.854353,,,
Kedros Villas,1854353.0,Greece,https://www.linkedin.com/company/kedros-villas,www.kedrosvillas.gr,"Kedros Villas is situated on a gently sloping hill in the Stelida area, providing easy access to Laguna Beach (550 m.) - ideal for windsurfing - and Agios Prokopios Beach (1.2 km.), famed for its white sand and crystal clear waters. In its amphitheatrical, leafy location, Kedros Villas - comprising twelve holiday homes with fully equipped kitchens and four suites with outdoor hot tub or private pool - boasts a panoramic view of the seascape. Set in the shade of elegant cedars, our villas enjoy excellent temperatures during the summer months. Wherever possible, natural materials have been used both for their construction and décor….white marble flooring strikes a cool contrast with rich oak fittings….wooden furnishings….elegance, simplicity, comfort. Kedros Villas embraces all three. The wild, natural beauty of the landscape, unspoilt by the passage of time, undulating sand banks, the restless and glimmering sea. All these combine to inspire us. Reg.xn--yxae: 1144Κ123Κ0787901 & 1144Κ123Κ0788001",Greece,1.854353,,,
Urban Nest Suites & Apartments,1854353.0,Greece,https://www.linkedin.com/company/urban-nest-suites-apartments,urban-nest.gr,,Greece,1.854353,,,
Gio-Ma,1854353.0,"Greece, Crete, Rethymno",https://www.linkedin.com/company/gio-ma,www.gioma.gr,"“GioMa” is a traditional family pension located in the Southernmost coast of Crete, in Plakias village. Only 150 meters away from the famous curved bay of Plakias, we provide to you not only high quality of services but also unrivalled rates. Opened in 1995 and run since then by Manolis & Anna Drimakis with great care and respect for every customer wishing to enjoy genuine Cretan hospitality. All our studios & apartments have sea view, everyday cleaning up, air condition and satellite television. “GioMa” generously offers unique view of the Libyan Sea, joyful  times, magnificent sunsets and of course memorable vacations!",Greece,1.854353,,,
Golden Odyssey Hotel,1854353.0,Greece,https://www.linkedin.com/company/golden-odyssey-hotel,www.golden-odyssey.gr,Golden Odyssey Hotel is a 4-star Beloved Hotel in Rhodes,Greece,1.854353,,,
Perivoli Country Hotel & Retreat,1854353.0,Greece,https://www.linkedin.com/company/perivoly-country-hotel-retreat,www.hotelperivoli.com,"Surrounded by orange groves and olive trees, Perivoli Country Hotel & Retreat is nestled in the hilly village of Pyrgiotika, just 8 km from the romantic coastal city of Nafplio. Take the opportunity for spontaneous escapes to the impressive sights of this Venetian port town, discover the beautiful beaches in Argolis and get ready for exciting cycling and hiking trips as well as many other leisure activities for couples and families with children. Your outdoor adventures are followed by relaxing evenings in spacious and fully equipped rooms with elegant décor, a fireplace and all the amenities you are looking for. Try our traditional breakfast with handmade delicacies from local growers as well as the delicious dishes of our Farm-to-Table Restaurant. Cool off in the pool, enjoy a luxurious massage and sip your coffee or drink on the patio with panoramic views of the plain and the village. The possibilities are endless – as will be the memories of your stay with us!",Greece,1.854353,,,
Athens Plaza Luxury's Apartments,1854353.0,"Greece, Atika, 1 Kyvelis 1, 10682",https://www.linkedin.com/company/athens-plaza-luxury-s-apartments,www.athensplazaluxurysapartments.com,"Luxurys Holidays Apartments For Rent in Athens ,Greece!!! Athens Plaza Luxury's Apartments-boutique studio!!!! Santorini Style in Athens Plaza Luxurys Apartments!!! Apartments are located next to the National Archaeological Museum and nearby the historical neighborhood . Bus stations of Tesaloniki ,Rafina,Lavrio.20 Min walking distance from Acropolis museum, New Acropolis museum,National botanical garden of Athens,Syndargma square where based Greek Government,Tourist attraction's with bus around and in Athens,Plaka old historical place where you can enjoy Greek traditional coffee,Monastyraki  square famous with souvenir shops!!  Central neighborhood of Athens full of life, with many modern restaurants, old fashion taverns, cafe, bars, open air cinemas, theaters, publishing houses & bookshops, and many many computer shops.  The house is on an ideal location being nearby the junction of the two central avenues of Athens (Alexandras & Patision), 50m near the Attica's' & Thessaloniki's' Bus Terminal Station, 3 minutes away from the Metro Station Victoria, 50m from the hop on - hop off touristic bus of Athens, and also nearby a taxi station and many central bus and trolley bus stops. Next to the Central Park of Pedion Areos, Mavrommateon str. is one of the classiest streets of Athens with Middle war & early '50s houses and buildings.  Archaeological Museum in front.  luxurious  fully renovated 40 sq.m  you need a place where you can relax after a busy and noisy day this is it.Its made with care and love and all the colors materials and furniture contribute to create a peaceful environment .Even thought it is situated in the hard of Athens it is amazingly quiet.Its has one bedroom with double bed and one couch .the kitchen is small but fully equipped with everything you may need in order to cook.The bathroom has all of essentials and warm water all day,non stop.",Greece,1.854353,,,
Noah Athens,1854353.0,Greece,https://www.linkedin.com/company/noah-athens,www.noahlife.gr,Legendary Life,Greece,1.854353,,,
Azur Suites Glyfada,1854353.0,Greece,https://www.linkedin.com/company/azur-suites-glyfada,www.azursuitesglyfada.gr,,Greece,1.854353,,,
Book-Mykonos.com,1854353.0,Greece,https://www.linkedin.com/company/book-mykonos-com,www.book-mykonos.com,,Greece,1.854353,,,
Aggello Boutique Hotel,1854353.0,Greece,https://www.linkedin.com/company/aggello-boutique-hotel,www.aggelloboutiquehotel.gr,"Built on the coastal road of Stalida, overlooking the Cretan Sea, 300 meters from the beach & just 3 klm from the cosmopolitan villages of Hersonissos & Malia, we invites you to experience the genuine Cretan hospitality in its modern, fully renovated & atmospheric space. The special architecture & careful decoration of the rooms & communal areas will delight the visitor. The well-kept garden with trees, flowers & herbs of the Cretan land hosts a picturesque chapel and surrounds the impressive pool, playground and pool bar.",Greece,1.854353,,,
Ilia Mare Hotel,1854353.0,Greece,https://www.linkedin.com/company/ilia-mare-hotel,iliamare.gr,"The newly built Ilia Mare is situated directly on the beach, in the picturesque seaside village Ilia, just outside Edipsos.",Greece,1.854353,,,
THE RAISE PROJECTS,1854353.0,"Greece, Attica, Athens",https://www.linkedin.com/company/theraiseprojects,www.theraiseprojects.com,"Our properties are carefully curated to provide the ultimate in comfort, style, and convenience. With a wide variety of locations to choose from, you can pick the perfect spot for your next adventure. From chic city apartments to secluded mountain cabins and island escapes, we have something for everyone. The Raise Way of Traveling is more than just a place to stay, it's an experience. Our properties are designed to provide you with everything you need for a comfortable and memorable stay. With our help, you can plan the perfect trip, from start to finish. Don't settle for anything less than the best. Experience The Raise Way of Traveling and elevate your next trip to new heights. Book your stay today and discover the true meaning of travel.",Greece,1.854353,,,
Tadex Luxury Apartments,1854353.0,Greece,https://www.linkedin.com/company/tadex-luxury-apartments,www.tadex.gr,,Greece,1.854353,,,
Iason Studios,1854353.0,Greece,https://www.linkedin.com/company/iason-studios,www.iasonstudios.gr,"Welcome to the small and cosy hotel located in the heart of Chania, Crete. Our family-run business offers a warm and welcoming atmosphere that will make you feel like home. With its beautiful location and stunning views of the Aegean Sea, our hotel is the perfect place to unwind and escape the hustle and bustle of daily life.",Greece,1.854353,,,
Sunshine Hotel Santorini,1854353.0,Greece,https://www.linkedin.com/company/sunshine-hotel-santorini,www.sunshinehotelsantorini.com,"Sunshine hotel consists of 35 rooms, a pool with a pool bar, a restaurant with its outdoor seating areas right on the beach and a 24 hour reception with a lobby.",Greece,1.854353,,,
Nine Muses Studios Kalamitsi,1854353.0,Greece,https://www.linkedin.com/company/nine-muses-studios-halkidiki,www.ninemuses-chalkidiki.com,"Nine Muses Studio is a stylish complex of studios in Halkidiki,is situated in the seaside resort of Kalamitsi ,on the southern side of peninsula Sithonia Halkidiki.Feutures 9 fully equipped studios that they are especially designed to offer a comfortable and relaxing stay.",Greece,1.854353,,,
Athens Psiri Hotel,1854353.0,"Greece, Attica, Athens, 32 Sofokleous, 105 52",https://www.linkedin.com/company/athinaikon-hotel-in-athens,www.athenspsirihotel.com,"Athens Psiri was among the first 10 licensed hotels in Athens and has a history of top-notch service. Recently renovated, the hotel was fully renovated to provide the utmost in amenities and comfort. Located in Psiri , the young, vibrant entertainment district of Athens, the property is mere footsteps away from the city’s legendary attractions, including the historical Acropolis and the old town of Athens Plaka",Greece,1.854353,,,
Heritage Hill Hotel,1777598.0,"Greece, Attica, Athens",https://www.linkedin.com/company/heritage-hill-hotel,hhhotel.gr,"A new 4-star property with 36 unique rooms and suites ranging from 17 to 22 square meters, embrace the true Athenian urban vibes, blurring the lines between contemporary elegance and sophisticated functionality of space. All come with exquisite indoor and outdoor spaces featuring breathtaking views of the emblematic Parthenon.",Greece,1.777598,,,
MYKONOS SUNSET VILLAS,1725143.0,Greece,https://www.linkedin.com/company/mykonos-sunset-villas,mykonossunset.com,"Exquisite villas for rent located in Kastro, Mykonos",Greece,1.725143,,,
Agnadi Syros,1725143.0,Greece,https://www.linkedin.com/company/agnadi,www.agnadi-syros.gr,Studios & Rooms,Greece,1.725143,,,
Lavris Hotels,1725143.0,Greece,https://www.linkedin.com/company/lavris-hotels,www.lavrishotels.com,"Lavris Hotels complex consists of Lavris Hotel & Bungalows and Lavris Paradise, both 4 star properties sharing common facilities. The hotels are situated in Gouves, Heraklion Crete, an ideal starting point for exploring the wonderful island. With Elegant country aesthetic, distinctive Mediterranean Architecture, versatile services and respect for natural materials and environment Lavris hotels guarantee a unique travel experience. The dedication of our people to high hospitality standards has created a warm and relaxing environment, making Lavris Hotels the perfect destination for couples, families and groups.",Greece,1.725143,,,
TailorMade Hospitality Management,1725143.0,"Greece, Attica, Athens, 55 Plataiwn, 10435",https://www.linkedin.com/company/tailormadehm,www.tailormadehm.com,"TailorMade is a hospitality management company aiming to assist hotel & villa owners to develop their assets and optimize their sales & revenue. Consulting, marketing, reservations, revenue and yielding are the main services provided to our partners.",Greece,1.725143,,,
Ray Hotel Corfu,1725143.0,Greece,https://www.linkedin.com/company/ray-hotel-corfu,rayhotels.gr,"Ray Hotel is a new luxurious 73 rooms hotel, which includes seafront rooms and villas with private pools.",Greece,1.725143,,,
Firalia Casa In Rock Suites,1725143.0,Greece,https://www.linkedin.com/company/firalia-casa-in-rock-suites,firaliasantorini.com,A new boutique hotel of 6 charming suites located on the caldera of Santorini Island celebrating the heritage of the renovated 1890 Captain house and the unpretentious luxury.,Greece,1.725143,,,
Kallisti Villas,1725143.0,"Greece, Central Macedonia, Náousa, 84401",https://www.linkedin.com/company/kallisti-villas,www.kallisti.gr,Vacation rental business in the island of Paros. Providing fully equipped and managed villa accommodation,Greece,1.725143,,,
Finest Hospitality,1725143.0,"Greece, Attica, Athens",https://www.linkedin.com/company/destiny-hospitality-group,finesthospitality.gr,"We are excited to introduce our innovative hospitality management company that specializes in creating exceptional experiences in some of the most strategic places and hotels in Greece. At Finest Hospitality, our mission is clear: to redefine the art of hospitality by blending strategic expertise with a deep passion for creating unforgettable moments in Greece. We believe that each hotel in Greece has a unique story to tell, and we are here to ensure that your guests not only hear that story but become a part of it. Our journey begins with an unwavering commitment to excellence. We take pride in our meticulous attention to detail and our tireless dedication to exceeding expectations. Whether it’s a hotel hidden in the historic streets of Athens or a charming Greek island getaway, we have the expertise to tailor our services to your accommodation’s specific needs.",Greece,1.725143,,,
Grounds Hospitality,1725143.0,"Greece, Attica, Athens, 11525",https://www.linkedin.com/company/groundshospitalityhub,groundshospitality.com,"At Grounds Hospitality, our approach is straightforward: personalized, high-quality services crafted from a deep understanding of the industry. We blend our expertise with data-driven insights to optimize your property’s potential and ensure guest satisfaction. Founded in 2021, Grounds Hospitality is the brainchild of our founder, Elias Papastergiou, a hotel management expert with a profound background in the industry. Having served for many years as the hotel manager of a luxurious 5-star hotel in Oia, Santorini, and later working in one of the biggest Hotel Management Companies in Greece overseeing more than 20 hotels, Elias Papastergiou gained extensive insights into the hospitality industry. Driven by this experience, he envisioned a different approach to hotel management. Focusing on personalized service and data-driven strategies, Grounds Hospitality was born. Our existing portfolio boasts a range of hotels and properties, from luxurious villas to cozy boutique hotels and intimate family-owned inns. With locations spanning Santorini, Athens city center, Lefkada, and the picturesque Argosaronic Gulf, we celebrate the diversity of Greek hospitality.",Greece,1.725143,,,
VIP Lounge Resort,1725143.0,Greece,https://www.linkedin.com/company/vip-lounge-resort,www.viplounge.gr,"The Luxury Villa Complex “VIP Lounge Resort"" is located at the beach of Mikri Mantineia at the Municipality of Kalamata in Messinia. Mikri Mantineia, a location of summer villas, is situated at a distance of 8 Km. from the centre of the town of Kalamata",Greece,1.725143,,,
YourConcierge.gr,1648396.0,Greece,https://www.linkedin.com/company/yourconcierge-gr,www.yourconcierge.gr,"At our company, we believe that every trip should be as unique as the traveller taking it. That's why we work closely with our clients to understand their needs and desires, and then use our destination expertise to create a customized travel experience that matches their dreams. Our goal is to create travel experiences that we would want for ourselves: the perfect mix of adventure and indulgence, experience and reflection. We believe that travel is about more than just seeing new places - it's about creating memories that last a lifetime. Think of us as fellow travellers, not just a remote agency. We're here to offer advice on the hidden boutique hotel, the amazing private experiences, and the exciting new pop-up that will make your trip unforgettable. And if anything unexpected happens along the way, we're always here to help ensure that it becomes a delightful part of your journey. At our company, we're committed to providing personalized, high-quality travel experiences that our clients will remember for years to come.",Greece,1.648396,,,
Better Host,1648396.0,"Greece, Faliro, Palaio, Poseidonos Avenue Marina Floisvos, 17564",https://www.linkedin.com/company/betterhost,www.betterhost.gr,"We creatively sculpt your brand, website, and digital marketing for your hospitality and travel brand.",Greece,1.648396,,,
MENTORS Hospitality Gurus,1648396.0,"Greece, Attica, Athens",https://www.linkedin.com/company/mentorshospitalitygurus,www.mentors.gr,"MENTORS is team of successful professionals with over 25- year experience in the hospitality industry bringing together their expertise, passion and dedication to offer. Quality  tailor made hospitality consulting, recruitment and training services is our expertise. Mentors based in Cyprus and Greece and we offer our service's worldwide.",Greece,1.648396,,,
CloudKeys,1648396.0,Greece,https://www.linkedin.com/company/cloudkeys,thecloudkeys.com,"Innovative tourism and property management services, from passionate guest hospitality to memorable travel experiences. Cloudkeys provides high-quality and comprehensive property management services, including cleaning services and technical support. Our hospitality has received amazing reviews online, and we are one of the few companies that has property accounts on Online Travel Agents (OTAs) ever since the incorporation of the company. Travel innovation is at the heart of our business. In 2021 Cloudkeys launched the first-ever tourism NFT globally.  Several innovative sustainable travel solutions have been implemented at the properties under management that have drastically reduced natural resource usage and maintained high energy conservation. Single-use plastic amenities have been completely eliminated n the properties. Cloudkeys works with property owners, real estate investors, and investment consortia on key residential and commercial properties. The company is bringing important revenue services which ensure high yields and returns for its customers and investment partners. Following the tourism industry's COVID reset, 2022 closed with impressive results for our customer property investments with realized 13.3% returns, representing an EBITDA increase of 13% compared to the 2019 pre-COVID performance.",Greece,1.648396,,,
Villa Victoria Boutique Apartments,1648396.0,"Greece, Sivota, 46100",https://www.linkedin.com/company/villa-victoria,www.sivota-villavictoria.gr,"Welcome to Villa Victoria, we are a summer home rental business located in Sivota, Greece.  Villa Victoria is located in one of the most peaceful and calm areas of Sivota, while being in a 5 minute walking distance from both the city center and the port. It is ideal for both families and couples that seek  relaxing and quality holidays. We offer two apartments decorated with fine taste and respect to tradition. They both all modern comforts  while featuring rare pieces of typical folklore Greek art, antiques and handmade furniture. In Villa Victoria we admire and celebrate nature beauty and that is the reason why we maintain and continuously enhance our garden that features plants, trees and flowers from all over the world. But most importantly we believe in Greek hospitality and thus try to contribute into making our guests vacation a dream come true.",Greece,1.648396,,,
Yacht Charter Athens,1648396.0,Greece,https://www.linkedin.com/company/yacht-charter-athens,www.yachtcharterathens.com,"Day yacht rental Athens and Athens Riviera, yacht party & yacht events, island transfers, island hopping, weekly yacht, and superyacht charter Greece. Explore Greece and the Greek Islands onboard Yacht Charter Athens luxury yachts.",Greece,1.648396,,,
GuestSmart,1648396.0,"Greece, Attica, Athens, 52 Michalakopoulou, 115 28",https://www.linkedin.com/company/guestsmart,guestsmart.io,"GuestSmart's mission is to take the hassle out of hospitality, ultimately leading to the best possible experience for guests.   Our products: - Hotelist:  software that takes the hassle out of running your hotel - Rentalist:  software that takes the hassle out of running your rentals business - GuestConnect:  bringing IoT into Hospitality - BookingPro:  seamlessly accept direct bookings on your own website",Greece,1.648396,,,
Villa Kosta Hotel & Apartments,1648396.0,Greece,https://www.linkedin.com/company/villa-kosta-hotel,www.villakosta.com,"Villa Kosta Hotel is found at coasts of Messinian gulf in Mani at the coastal resort of Stoupa. Basic criteria is the high level and the personal character of the offered services. Luxurious accommodation. Unparalleled services & Facilities. Excellent views. Nestled on a secluded place overlooking the uniqueMessinian Sea and only 50m from the beautiful gold sandy Beach. On behalf of the fine team assembled at Villa Kosta Hotel & Apartments, we look forward to welcoming you. We commit our best efforts ensuring guests enjoy our outstanding accommodation, facilities and services and have a most memorable stay with us. Experience with the local cuisine, try our famous extra-virgin Mani Oil, walk in our gold beaches or relax in sunlight. Nature undiscovered, pure, warm colours are stretched out by the tallest tops of Taygetos as there the sea begins. Crystal blue in the morning light, wine deep red in the sunset, mirror sky when the night falls.. Night it welcomes you...",Greece,1.648396,,,
Gastroart Ideas,1648396.0,"Greece, Metamorfosi Attiki, 153 Georgiou Papandreou, 144 52",https://www.linkedin.com/company/gastroart-ideas,www.gastroart.gr,Design meets Gastronomy,Greece,1.648396,,,
Aegli Hotel Volos,1591444.0,Greece,https://www.linkedin.com/company/aegli-hotel-volos,www.aegli.gr,"Aegli Hotel Volos is the town historic hotel. Built at the beginning of the 20th century, at the city center, on the sea side, Aegli Hotel is a timeless accommodation choice. It is located at the most privileged location with unique port views. We cater for an unforgettable experience in a friendly, modern and luxurious environment, with special attention to detail and aesthetics.",Greece,1.591444,,,
Hotel Z Palace & Congress Center,1432409.0,Greece,https://www.linkedin.com/company/hotel-z-palace-&-congress-center,www.zpalace.gr,"Welcome to Z Palace Hotel in Xanthi. A hotel that offers you only the best. With modern infrastructure and services, our goal is to provide high levels with that something extra that gives the Mediterranean hospitality. The Z Palace Hotel located at the entrance of Xanthi and within walking distance from the city center and its attractions. facebook.com/zpalacehotel twitter: https://twitter.com/ZPalace youtube: http://www.youtube.com/user/zpalacetv",Greece,1.432409,,,
XENIA PALACE PORTARIA HOTEL,1430753.0,"Greece, Thessaly, Volos",https://www.linkedin.com/company/xenia-palace-portaria-hotel,www.xeniaportarias.gr,"One of the most beautiful “ornaments” of Pelion, Portaria, is considered the ideal place for every traveller that seeks for quality vacation. Its natural beauty, its architectural style, its mansion houses, its places of interest and especially its unique picturesque setting, make it the ideal holiday destination and a splendid base for memorable excursions.     Xenia Portaria looks towards Volos, the Pagasetic Gulf and the mount of the Centaurs, with the aura of a hotel that exhales fine taste and style. Imposing, elegant, classy and enthralling, the new gem of Portaria masterly combines luxury with traditional elements, exquisite services and a professional standard hospitality. Xenia Portaria is located 12 km from the main port of Volos, 14 km from the ski centre of Pelion, 36 km from airport Anchialos.",Greece,1.430753,,,
COLORS Hotels Greece,1387885.0,"Greece, Central Macedonia, Thessaloníki, 13 Tsimiski",https://www.linkedin.com/company/colors-rooms-&-apartments,www.colorshotel.gr,"Welcome to COLORS, your home away from home! COLORS is a hotel chain based in Thessaloniki & Athens. We now offer more than 120 rooms in 4 different Hotel establishments. COLORS is the result of an in-depth quest, within the Tourism industry, which comprises the needs of the modern traveler and appeals to the smart cosmopolitan individual, who expects the maximum outcome and an actual living experience at the lowest price. Visit our website www.colorshotel.gr for more information and mail us at stay@colorshotel.gr for any questions.",Greece,1.387885,,,
Sergios Hotel,1314695.0,"Greece, Hersonissos Hersonissos, 180 Eleftheriou Venizelou Str., 70014",https://www.linkedin.com/company/27059763,www.sergioshotel.gr,,Greece,1.314695,,,
Eumelia Organic Agrotourism Farm,1258668.0,"Greece, Peloponnese, Laconia",https://www.linkedin.com/company/eumelia-organic-agrotourism-farm-&-guesthouse,www.eumelia.com,"a unique regenerative agritourism & ecotourism accommodation. we host tours on wine and gastronomy. enjoy olive oil tastings, wine tastings and farm to table cooking classes. we are natural wine & organic olive oil producers. Guests participate in olive picking, grape harvest & other agricultural activities. join our yoga retreats as well as workshops and events for well-being. our organic farmstay is designed along the principles of biodynamic farming & permaculture and our hotel facilities use entirely eco-friendly materials and eco-technologies, making eumelia the most ecological & green, farm and hotel in Greece. we recycle, create compost, use geothermal heating, solar water heating and recycle water with the natural root method. located in the Peloponnese, in the region of Laconia near the village of Gouves, we welcome guests from around the world throughout the year. Main Activities: Eco-Hotel, Ecotourism, Agrotourism Organic Farm & Organic Products Environmental & Sustainability Education Seminars & Workshops Online Store Sustainability Consulting",Greece,1.258668,,,
Hotelistas,1258668.0,"Greece, Attica, Athens, 10-12 Aristidou Street, 10560",https://www.linkedin.com/company/hotelistas,www.hotelistas.com,"Following a long route through sales & management positions, while incorporating vast experience in hotel operation and administration, our company has been established in 2018. Our only target is to serve hospitality sector worldwide, by offering tailormade services and business solutions. Our fields of expertise and professionalism are related in Project Development, Strategic Planning, Sales Management, HR Recruiting, Business Consulting, Corporate Administration",Greece,1.258668,,,
BESPOKE 360,1258668.0,"Greece, Attica, Athens, 7 Stratiotikou Syndesmou, 106 73",https://www.linkedin.com/company/bespoke360,www.bespoke360.gr,"Bespoke360 established in order to offer strategic management solutions and consulting services to private investors and hotel owners that are catered to their specific needs. We care about all our clients and want them to succeed in the short run. For this reason, we provide all the tools, guidance and support to succeed in the competitive marketplace.",Greece,1.258668,,,
Iconic Santorini A Boutique Cave Hotel,1258668.0,Greece,https://www.linkedin.com/company/iconic-santorini-a-boutique-cave-hotel,www.iconicsantorini.com,"A timeless experience awaits guests of the Iconic Santorini, a unique boutique cave hotel located in the picturesque Greek island village of Imerovigli. Situated on a spectacular hillside setting and literally carved from Santorini’s volcanic caldera wall, this tranquil retreat offers breathtaking views of the azure waters below from each of the five hotel levels. Every room or suite is distinct and all provide personal veranda seating high above the majestic wonders of this ancient volcanic island rising from the Aegean Sea below. First class service and luxury amenities combine with unparalleled serenity and magnificent views to create a truly unforgettable experience. Guests of the Iconic Santorini will enjoy a refined atmosphere amid tranquil residential surroundings with each custom-tailored visit. Traditional Hellenic hospitality will insure that each guest is welcomed as a special visitor to our island home and cared for individually. Our staff is dedicated to providing the most exceptional service for our most exceptional guests. From authentic Greek dinners to personalized excursions, each guest receives unrivalled service and care. A visit to this one-of-a-kind retreat provides a truly timeless experience with the idyllic options for a romantic getaway or relaxing escape. Featuring 19 individualized cave accommodations, the Iconic Santorini’s enchanting rooms and suites are uniquely designed with touches of the Greek-style that complement the historic Cycladic architecture. These beautifully appointed rooms and suites are adorned in the classic design that honours the original cave architecture, each possessing a unique mystique and beauty. Awe-inspiring caldera views can be appreciated from spacious verandas where guests can relax under the stunning Aegean sun, experience unmatched service, exquisite accommodation and the natural wonders of this ancient and beautiful volcanic island.",Greece,1.258668,,,
Live-Bio,1258668.0,Greece,https://www.linkedin.com/company/livebio,live-bio.net,"Live-Bio is a lifestyle concept, focused on a more balanced life, with more time for creativity, art, learning and social interaction.  Besides promoting a balanced lifestyle, Live-Bio also offers accommodation with stunning views of the Aegean Sea, as well as locally produced agricultural products.",Greece,1.258668,,,
3H Services,1258668.0,Greece,https://www.linkedin.com/company/3h-services,3hservices.gr,"In 3H Services, we implement an innovative & holistic management strategy for vacation & secondary houses.",Greece,1.258668,,,
Estate Kalaitzis,1258668.0,Greece,https://www.linkedin.com/company/estate-kalaitzis,www.ktima-kalaitzi.gr,"A wine estate offering luxury accommodation, fine dining, supreme meeting and event facilities in the foothills of Pieria and Vermion mountain ranges, overlooking the majestic Imathia valley and Aliakmona lake. Discrete luxury, privilege of exclusivity and privacy, all the comforts of a gourmet countryside retreat, personal service and quiet desolation are the hallmarks of this charming vineyard hotel, offering vintage hospitality that is genuine and from the heart.",Greece,1.258668,,,
Chloe Luxury Hotel,1258668.0,Greece,https://www.linkedin.com/company/chloe-luxury-hotel,www.hotelchloe.gr,"The natural beauty of the region of Kastoria will amaze you while the magic continues in the halls of Chloe Hotel.  The cosmopolitan environment with flawless aesthetics balances perfectly between classical and minimal. ROOMS The spacious rooms and suites with their unique aesthetics and modern character offer the guests exceptional comfort combined with high technology. HIGH DESIGN Furniture of classical style and warm earthy colours blend elegance and discreet luxury with an aura of nobility from the cozy café-bar to the luminous dining room. BREAKFAST Breakfast at Chloe Hotel is a unique experience with endless flavours of an American buffet along with other relishes including authentic home-made marmalade, sweets and pies. SERVICE With its uncompromising level of accommodation and service of a 4 star hotel it is not coincidental that Chloe Hotel is recommended by all the recognized guides as one of the leading choices for holidays in Greece. For more information, contact us: info@hotelchloe.gr",Greece,1.258668,,,
Beyond Consulting,1258668.0,Greece,https://www.linkedin.com/company/beyond-consulting-agency,beyond-consulting.co,"Beyond consulting specializes in a broad spectrum of consulting services with a dedicated client base in the hospitality and development sectors. Operating out of Greece, beyond’s expertise ranges from operational planning, business development, and wealth management to strategy planning, technology and IT systems, budget management, design consulting, brand and communication, engineering, and consultancy on HR, legal and compliance, sustainability, and finance. Customers are part of large groups such as Caprice holdings where we were crucial to support the opening of their new Mykonos restaurant, Noema in summer 2021. We are also planning its expansion to other locations abroad. Other project include the development of large real estate developments in Mykonos, villas, FnB areas, hotels and spa.",Greece,1.258668,,,
The Marble Resort,1258668.0,Greece,https://www.linkedin.com/company/the-marble-resort,www.themarbleresort.com,"The ‘Marble Resort’ comprising of Villa Emerald, Villa Acanthus, and Villa Coral is ideally positioned between the mainland of Greece and the Aegean Sea. It is located on the mainland 5' from Drosia town and 10’ from the lively capital of Evia island - Chalkida - and only 50' from Athens. It offers a convenient and holistic refugee for substantial holidays and relaxation. Nestled amidst 3.000 m2 of magnificent Mediterranean gardens, against the blue waters of the Evian gulf and surrounded by an emerald pool these luxury rental Villas exude an air of captivating romanticism for tailored-made VIP, family or business luxury vacations. Recognized as one of the most beautiful Luxury Villas (Interior Design magazine, by Andrew Martin, 13th edition), the ‘Marble Resort’ invites its guests to enjoy an array of outstanding facilities & luxury amenities, through spaces of refined comfort and contemporary charm. The ‘Marble Resort’ offers luxurious, private villa accommodation to 18 guests in three fully furnished, fully equipped rental villas to be rented separately or in any combination, namely: • Emerald Villa - 2 Guests - 75 m2 Garden House • Acanthus Villa - 7 Guests - 180 m2 Maisonnette • Coral Villa - 9 Guests - 180 m2 Maisonnette",Greece,1.258668,,,
Plakiassuites COCO-MAT Full Experience,1258668.0,"Greece, Crete, Plakias Foinikas, 740 60",https://www.linkedin.com/company/plakias-suites,www.plakiassuites.com,"We are Eleni and George, owners of Plakias Suites, with 12 years of experience in the field of hospitality, we have found that Luxury is not only what we see, luxury is a state, it is an experience. It's all about attention to detail. It's everything from the feel, the smell, the food to the customer service. Plakias Suites is the proof that luxury is judged in the small details, in the simple pleasures, in the fine amenities offered and in the excellent service. There is a soul in this accommodation, that's why we have paid attention to everything. We collaborated with the Greek company COCO-MAT whose philosophy is based on the exclusive use of natural materials to create harmonious spaces, where each object has a specific use, but also contributes to the preservation of physical and mental peace of the user. COCO-MAT's Interior Design team has equipped each residence with the necessary furniture, bedding and utility items, all made with natural materials such as cotton, silk, coconut fiber, natural rubber, herbs (eucalyptus, lavender), goose down, wool.",Greece,1.258668,,,
Kivo Skiathos Collection,1258668.0,Greece,https://www.linkedin.com/company/kivo-skiathos-collection,www.kivoskiathoscollection.com,"Upon a small hill with a panoramic view of the Aegean sea, a hotel in Skiathos with an exceptional personality is waiting for you.. Greek nature colours and fragrances overlooking the infinite blue. Comfort, discretion, with respect to the environment and inspiration from tradition.",Greece,1.258668,,,
HalkidikiVillas.com,1258668.0,"Greece, Thessasloniki, 39 Polutechniou, 54626",https://www.linkedin.com/company/halkidikivillas-com,www.halkidikivillas.com,As localized experts we deliver the ultimate experience of hospitality and not just accommodation. We are happy when we have happy guests by helping them experience Halkidiki as locals.,Greece,1.258668,,,
Lazart Hotel,1258668.0,Greece,https://www.linkedin.com/company/lazart-hotel,www.lazarthotel.com,"LAZART Hotel offers luxury living in a privileged spot of Thessaloniki, just 10 minutes from the heart of the city.  Art and comfort are blended magically in this five star hotel of unique design and décor, introducing guests to a world of relaxation and temptation of the senses. Boasting the most spacious rooms in Thessaloniki, the hotel provides the ultimate retreat for families and couples, corporate travelers and city enthusiasts. There are eight different types of rooms and suites for guests to choose from, as per their personalized needs and desires. All of them are ample, soundproof and bright, modern and fully functional, offering a multitude of special amenities that add to the optimal overall user experience. Comfortable sleeping through the selection of pillows and the use of anatomic mattresses, VIP room facilities, 24 hour front desk and room service, room temperature control and a lot more turn your stay into a truly memorable one!",Greece,1.258668,,,
Windmill Villas Santorini Exclusive Retreat,1258668.0,Greece,https://www.linkedin.com/company/windmill-villas,www.windmill.gr,"The ""Windmill Villas"" is a complex of three similar-newly built-Windmills at the unique and beautiful island of Santorini. The Windmills are a perfect resort for honeymoon couples as well as families with children. The ground floor with the small luminous windows and the panoramic view of the vineyards, the sea and the swimming pool consists of a living room, a dining room and a fully equipped kitchen. The first- floor bedroom with a romantic ambience, welcomes you to an inbuilt double bed and a wonderful ensuite bathroom. The second-floor bedroom is a fabulous cone-shaped room, with an ensuite bathroom.",Greece,1.258668,,,
Althea Village Hotel,1258668.0,"Greece, Crete, Chaniá, 73100",https://www.linkedin.com/company/althea-village-hotel,www.altheavillage.gr,"Althea Village hotel is a stunning 4* family holiday summer resort, located in the traditional village of Daratsos, only 4km away from Chania town center.  A unique combination of new and recently fully renovated rooms, apartments, family rooms, junior suites, and suites.  Standing in a beautiful landscape of gardens, flowers, paths and multicolored alleys. Located only 600m from the famous sandy and organized beach of Agioi Apostoloi. Designed to reflect a Greek traditional village, Althea Village offers to all the guests, extraordinary facilities and amenities, such as, restaurants, bars, swimming pools, kids club, playroom, animation, massage therapies, gift and local products’ shop, tennis court, fitness center, daytime activities and sensational theme nights. Thanks to professional staff and management, Althea village hotel defines and establishes the meaning of comfort, cleanliness, amenities, facilities and excellent comportment to all of the guests, one by one. Feel, taste, smell and create your story in this amazing unique summer Cretan resort that reflects the atmosphere of the Mediterranean Greek island of Crete. Althea Village Hotel",Greece,1.258668,,,
Creation Adv,1258668.0,"Greece, Attica, Athens / Glyfada",https://www.linkedin.com/company/creation-adv,www.creationadv.gr,"Founded in Greece, Argos in 2010, the Digital Marketing Institute is fast becoming the recognised international certification standard for the digital marketing industry. The organisation works closely with global digital industry leaders to define the skills and qualifications required to thrive in this rapidly growing industry. The Digital Marketing Institute has partner operations in Europe.",Greece,1.258668,,,
Hydra Boat Trips,1258668.0,Greece,https://www.linkedin.com/company/hydra-boat-trips,www.hydraspetses.com,"Hydra Boat Trips organizes boat trips in the islands of Hydra and Spetses. The cruises are half-day or full day and include one or more islands. All cruises are carefully planned to give you the best from each island while maintaining a relaxed atmosphere with plenty of time to enjoy the freedom and beauty of the sea. We also offers sea taxi services for the islands of Hydra and Spetses and chartered boat transfers for large groups to Hydra, Spetses, Poros and Aigina. This is an affordable solution for transportation from Porto Heli, Kosta, Ermioni, Metochi and other coastal areas to the islands of Hydra, Spetses and Poros. Moreover, we offer sea taxi services within the islands of Hydra and Spetses and between the islands of Spetses, Ydra, Poros and Aegina.",Greece,1.258668,,,
Inestia Hospitality,1258668.0,Greece,https://www.linkedin.com/company/inestia,www.inestia.gr,"Inestia forms the business colaboration of companies dominating the investment and hotel sector, which develops and operates high quality hotels, while transferring the experience, expertise and capability, making it accessible to those investors and operators in the hospitality industry, who aim at developing new hotel units and redefining existing ones.",Greece,1.258668,,,
RoomRack Cloud PMS,1258668.0,Greece,https://www.linkedin.com/company/roomrack,roomrack.gr,Room Rack Cloud PMS | Advanced hotel management,Greece,1.258668,,,
Thomas Hotel Management,1258668.0,Greece,https://www.linkedin.com/company/thomas-hotel-management,www.t-hm.gr,"Thomas Hotel Management and its dedicated team of professionals in the fields of Reservations, Sales, Marketing and e commerce, offer a comprehensive range of services and tools tailor-made to each project to ensure maximum return on investment to its owners and investors.",Greece,1.258668,,,
Katafygio Mpafi / Mpafi Refuge,1258668.0,"Greece, Attica, Acharnés, 13674",https://www.linkedin.com/company/katafygio-mpafi,www.mpafi.gr,"Το καταφύγιο Μπάφι βρίσκεται στην καρδιά του Εθνικού Δρυμού της Πάρνηθας, μόλις μία ώρα από το κέντρο της Αθήνας. Στο όμορφο και άγνωστο, για πολλούς, βουνό της Πάρνηθας μπορείς να αναπνεύσεις οξυγόνο, να αποδράσεις από τη πολύβουη πόλη, να ξεφύγεις από την ρουτίνα της καθημερινότητας και με μια στάση στο καταφύγιο Μπάφι, να απολαύσεις τον πρωινό καφέ και την υπέροχη θέα. Ένα καταφύγιο οργανωμένο και κατάλληλο να δεχτεί επισκέπτες κάθε ηλικίας όπου τους δίνεται η δυνατότητα να χαλαρώσουν μέσα στην φύση και τον καθαρό αέρα και να ανακαλύψουν το μοναδικό ελατόδασος της Αττικής μέσα στον Εθνικό Δρυμό της Πάρνηθας. Από τον Αύγουστο του 2004 η Trekking Hellas Πάρνηθας σε συνεργασία με το καταφύγιο Μπάφι διοργανώνουν οργανωμένες δραστηριότητες για μικρούς και μεγάλους, ώστε να προβληματιστούν δημιουργικά, με συμπεριφορές και ενέργειες  που θα τους υποδείξουν τρόπους να συνεργάζονται καλύτερα, να τονώσουν την  αυτοπεποίθησή τους, να έρθουν σε επαφή με την φύση και κυρίως να αναπτύξουν την οικολογική τους συνείδηση. Λαμβάνοντας μέρος, σε μία από τις πολλές δραστηριότητες, η διασκέδαση κορυφώνεται με έναν ιδιαίτερο και ασυνήθιστο τρόπο για μικρούς και μεγάλους. Νιώστε ευεξία και αφεθείτε στην μαγεία της φύσης συμμετέχοντας σε μία από τις δραστηριότητες που σας ταιριάζει.     Πεζοπορία     Αναρρίχηση     Ποδήλατο βουνού     Σχολικές εκδρομές     Παιδικές εκδηλώσεις (γενέθλια κτλ)     Πολυήμερες καλοκαιρινές διακοπές για παιδιά (σε μορφή κατασκήνωσης)     Προσανατολισμός     Οικογενειακά προγράμματα (κατόπιν συνεννόησης)     Εταιρικά προγράμματα     Σπηλαιολογία",Greece,1.258668,,,
Woof Club,1258668.0,"Greece, Attica, Athens",https://www.linkedin.com/company/woof-club-p.c.,www.woofclub.gr,"Woof Club is an online expert consultant to pet-friendly businesses in Greece. Our mission is to raise the pet-friendly standards in hospitality industry. Woof Club’s innovation refers to the creation of a sophisticated booking system that allows customers wishing to travel with pets to book the accommodation most suitable to their needs and to be assured that their pets are really welcome to the destination. Moreover, Woof Club enables market players in hospitality industry to provide high-level hospitality services to customers traveling with pets and to efficiently re-brand their profile as pet friendly businesses. Woof Club has been acquired by Woof Together company in November 2019 and ceased independent operations.",Greece,1.258668,,,
Pyrgos Ikaria,1258668.0,Greece,https://www.linkedin.com/company/pyrgos-ikaria,www.pyrgos-ikaria.com,Traditional boutique villas,Greece,1.258668,,,
Villa Mousa Aparments,1258668.0,Greece,https://www.linkedin.com/company/villa-mousa,www.villamousa.com,"Villa Mousa consists of 5 luxury houses and are located at Orkos beach is located  between Mikri Vigla Bay and plaka beach in Naxos Island. Orkos is 15 km away from Naxos Town (Hora), the capital and harbour of the island and 5 km away from the Airport. All the apartments have panoramic view to the beach and to the wonderful sunset! Each 2-floor apartment has its own privacy. Kitchen, living room and outdoor dining balcony are on the ground floor. Bedroom(s) and bathroom on the second floor. Private parking. A private road leads to one of the best beaches in the Cyclades, situated only 250 meters away. Kite-surf, windsurf, snorkeling,  daily boat trips to other islands, horse riding,  and more activities... can all be arranged, upon request, for your unforgettable holidays! Last but not least yoga retreat sessions are upcoming that will take your breath away..",Greece,1.258668,,,
Seven-hospitality,1258668.0,Greece,https://www.linkedin.com/company/seven-hospitality,www.sevenhospitality.gr,"Seven Group has created exceptional entertainment facilities that over the last 10 years of their existence have always set the trend, as well as the style of entertainment and hospitality on the recreational scene. Seven Group, has ownership and management of the Mea Terra, White Village Hotel, the private luxury Villa Seven and Villa Eleven The properties belonging to Seven Group, are characterized by the uniqueness of their inspiration, the high level of service, their absolute quality and their very special atmosphere. The company is oriented towards the creation of new hospitality solutions as well as development in hotel management.",Greece,1.258668,,,
Avatar Group | Hotels & Villas,1258668.0,Greece,https://www.linkedin.com/company/avatar-group-hotels-villas,www.avatar.com.gr,"Avatar has already attained the goal of being one of the most successful and active lodging companies in the island of Crete at present. In fact, we are currently managing a number of establishments: hotels, apartment complexes and villas. However, we never cease to aspire for more. Avatar has already become established as the favorite firm for hundreds of travelers selecting us for their vacation year after year. Our further vision is to become the leading hotel management company in the region in 2020. Our present domain ranges from limited service to full service establishments in economy, mid-scale and upscale segments. In fact, our mission is to increase the level of occupation of our rooms to 95%, with a profit margin of 25% each year. The group wishes to create a pleasant atmosphere for both its staff and for the customers, by providing services that are perceptibly outstanding. Our quality policies are focused on a detailed and ongoing effort towards making sure that our customers enjoy an exceptional level of service during their stay, leading to an unforgettable experience. In fact, Avatar exposes the curious and creative-minded traveler to the most unexpected and engaging experiences a destination has to offer. The whole tone of our facilities means that we try hard to offer our guests what Greeks call “warmth”: a feeling that they are right at home, in modern, comfortable and relaxing rooms suiting all types of needs. Attentive service makes sure that every stay runs smoothly and creates a happy, lively, cozy, friendly and welcoming environment; these are the makings of a truly wonderful stay. The Avatar Group is in full compliance with the requirements of a quality management system. It does so in order to provide a healthy environment and adequate resources. Working closely with customers and suppliers, it sets high goals while improving performance at all levels.",Greece,1.258668,,,
SanSal Boutique Hotel,1258668.0,"Greece, Crete, Chaniá, 73100",https://www.linkedin.com/company/sansal-boutique-hotel,sansal.gr,"Get a chance to experience SanSal, a boutique hotel as unique as the town surrounding it. Built right next to the venetian walls of the old city of Chania in Crete, SanSal is the perfect vantage point from where to immerse yourself into the story of exceptional natural beauty and cultural driven excellence of the city. Enjoy a stay at a modern, minimalistic yet luxurious hotel with an amazing sea view and live an ode to hospitality.",Greece,1.258668,,,
Ionathan Ltd Tourism & Construction,1258668.0,Greece,https://www.linkedin.com/company/ionathan,www.ionathan-koufonisia.gr,"Nestled in one of the most upcoming and fascinating landscapes of the Aegean, in the heart of the Cyclades, Ionathan Koufonisia Suites guarantee tranquil and comfortable vacation in the context of warm Greek hospitality. Named after Richard's Bach famous seagull, Jonathan Livingstone, the name of our beautiful residences in Greek also sounds like a compound word combining the first names of the householders of this outstanding family business, Ioanna and Thanassis. Architecturally combining authentic Cycladic and modern elements, following the principles of the environmental friendly design, the eight autonomous suites of the complex provide luxury accommodation facilities. Ideally situated a stone’s throw away from the port, lying a breath away from the vivid centre of the ""Village"" Ionathan Koufonisia Suites offer outstanding sea, pool and garden views, a fresh water swimming pool, easy access to the market, restaurants and the beaches of the island. All our suites are fully equipped including branded furniture and products. These include COCO-MAT sleep-type systems made with natural materials, APIVITA cosmetics which combine naturally derived ingredients, extracts from plants of the Greek nature and high tech Daikin Air Conditioning Systems. One of our major concerns is to ensure that our activity has the least possible environmental impact.",Greece,1.258668,,,
Woof Together,1258668.0,"Greece, Attica, Athens, 9 Chavriou Street, 10562",https://www.linkedin.com/company/wooftogether,wooftogether.com,Woof Together redefines the dog-friendly standards in hospitality enabling pet-friendly hotels and hosts to create a unique experience for travellers with dogs.,Greece,1.258668,,,
Minoan Hotels SA,1258668.0,"Greece, Crete, Ágios Nikólaos, 00 Xirokambos, 72100",https://www.linkedin.com/company/1475522,www.hotelmikrovillage.com,"Mikro Village hotel is located 1.5 kilometres from the centre of Agios Nikolaos, on the eastern end of the Greek island of Crete. This large property features attractive white buildings with red roofing nestled amidst lush green gardens, with glimpses of blue from the large outdoor swimming pool and sea.  You’ll wonder why you didn’t take your vacation sooner as you cool off with a plunge in the pool then lounge next to it sipping a drink from the pool bar. And why not devote some time to yourself in the gym with a good workout, or play a round of tennis on the hotel tennis court. And you won’t need to worry about the kids—a game room provides entertainment with electronic games and billiards, and there’s an outdoor play area with mini pool as well.  There are several beaches to choose from in the area. Nearby 0.7 km Ammoudi beach is said to be one of the most beautiful on the island. The bigger beach of Ammoudaa is located 4 km from Agios Nikolaos, and is great for water sports. The longest sandy beach in the area Almiros is located 2km out of the city, and is known for the dense greenery that surrounds it. And the ever-popular Elounda is 11 kilometres north of Agios Nikolaos. Mikro Village offers 68 guestrooms with five family rooms; 12 garden rooms; and 51 rooms located in the main building. Among the main building and garden guestrooms, guests can choose from double and triple rooms. All feature kitchens and large balconies, some with views of the sea.",Greece,1.258668,,,
EROSANTORINI,1258668.0,"Greece, Messaria Santorini, 84700",https://www.linkedin.com/company/29015889,www.erosantorini.com,"EROSANTORINI is Santorini’s first truly private, exclusive-use estate, with a secluded cliffside location and spacious grounds; overlooking the breathtaking panoramic views of Santorini’s iconic caldera and the endless blue of the Aegean sea. EROSANTORINI is the epitome of contemporary Mediterranean sophistication, conceived by acclaimed Italian designer Paola Navone and meticulously executed by Athens-based x2 Architects. The graceful cubist-inspired buildings and outdoor living spaces are laid out on three levels, gradually unveiling the staggering panorama and framing it with serene, harmonious lines.",Greece,1.258668,,,
Anemos Luxury Villas,1258668.0,Greece,https://www.linkedin.com/company/anemosluxuryvillas,www.anemosluxuryvillas.gr,"With their own swimming pool, these are two sunny contemporary 2-bedroom villas (88sqm/each) on two floors with views towards the islands of Kefalonia & Ithaca. Peaceful and stocked with modern conveniences, the villas are ideal for couples & families seeking confortable relaxation . A small drive-way connects the villas with the provencial road . The villas are located near Ponti beach (400m) and Vassiliki village, which is the center of the southern part of the island. The wind has offer Vassiliki its fame to the windsufing community . They are close to the famous beaches of western part of Lefkas and a 15 minutes drive for Sivota’ s bay with its beautiful fish restaurants . Almost every day, small boats starts from Vassiliki’s port giving you the chance to visit Porto Katsiki, Egremni or Agiofili for swimming without wondering for the access or the parking . There is also a ferry to Kefalonia, if you want have an one day excursion or to extend your vacation there . NTO licensed as self-serviced lodgings.",Greece,1.258668,,,
Adonis Hotel Apollon Naxos,1258668.0,Greece,https://www.linkedin.com/company/adonis-hotel-apollon-naxos,www.naxos-hotel-adonis.com,"Adonis Hotel is the perfect solution for everyone who wants to visit the unique island of Naxos. You will find a quite, warm family environment, ideal for relaxation which offers, however, all the modern facilities. Also, it is the perfect point to start exploring the numerous picturesque villages of the island and the beautiful beaches with the deep-blue water. Our Hotel is built according to the traditional architecture of Naxos and it is renovated in order to meet the needs of the most demanding visitors. You will find a modern tourist unit which combines the nobility and the austerity of the geek tradition. Adonis Hotel is situated in the middle of a picturesque, by the sea village, two minutes from the village’s beach, 36 km from the island’s port (about 50 minutes by car) and 40 km from the island’s airport (about 1 hour by car)",Greece,1.258668,,,
AB INTRA - Hotel Consulting Services,1258668.0,Greece,https://www.linkedin.com/company/abintra-hotelconsultingservices,www.abintra.gr,"Our unique, full-service approach to channel management is PROVEN to help boost your occupancy and increase your revenue significantly. We manage your entire channel presence for you, using highly sophisticated marketing strategies that have been thoroughly researched and rigorously tested - but most importantly - PROVEN to help maximize your visibility, boost your occupancy, and even make a lasting impression that will delight your guests... No complicated software or portals. No chasing after guests to confirm bookings. No revenue loss. We do it ALL for you, so you don't have to.",Greece,1.258668,,,
OCEANOS HOTELS GROUP GREECE,1258668.0,"Greece, Crete, 73100",https://www.linkedin.com/company/oceanos-hotels-group,www.oceanoshotels.com,"""Presenting an Ocean of Hospitality"" Hotels & Villas Group Consortium in Greece - European Business Awards: NATIONAL WINNER GREECE 2019 - Hellenic American Chamber of Tourism: PLATINUM MEMBER Hotel Management Company based in Crete with a Portfolio of Independent Hotels, Beach Resorts and Private Villas in destinations around Greece.  Oceanos Hotels Group Greece is a multi-awarded corporation, as one of the most innovative companies in the tourism sector in Greece and Europe.  Locations: Crete, Mykonos, Santorini, Athens, Patmos, Kea, Zakynthos, Corfu",Greece,1.258668,,,
Urban Villas And Suites,1258668.0,"Greece, Attica, Álimos",https://www.linkedin.com/company/urbanvillasandsuites,urbanvillasandsuites.com,"URBAN VILLAS AND SUITES  is a company based in Athens specialising in personalised vacation in Greece. So, if you are thinking to rent a villa, suite or apartment  in Athens contact us. We aim to provide high-quality hospitality services with a personal touch and create an environment where guests can feel like home. Α representative is always at your disposal to assist, advise and introduce you to the numerous beauties of Attica. The service is polite, relaxed and friendly, and our handpicked spots tick off criteria on everyone’s wish list. Our Properties’ locations are carefully chosen to satisfy guests who either want to stay close to the city buzz or find peace and tranquillity in the coastal suburbs of Athens",Greece,1.258668,,,
Barbara Studios,1258668.0,"Greece, Crete, Rethymno, 14 Damvergi, 74100",https://www.linkedin.com/company/barbara-studios,www.barbarastudios.gr,"Barbara studios and apartments are traditionally furnished and have a kitchenette with fridge. Facilities include air conditioning, a TV and a private bathroom. Some units also have a balcony overlooking the complex’s courtyard. Within 300 metres, guests can reach the sandy beach of Rethymno, as well as the bus station. At 50 metres, there is a super market. The archaeological museum of Rethymno is a 5-minute walk away.",Greece,1.258668,,,
Eftopia,1258668.0,"Greece, Messinia, 24001",https://www.linkedin.com/company/eftopia,www.eftopia.com,"Nestled in the tranquil hinterlands of Navarino Bay, located near Gialova, Costa Navarino golf resort and the stunning Voidokilia and Divari beaches, our three luxury accommodations offer the perfect sanctuary for guests seeking relaxation and rejuvenation. With a focus on sustainability and holistic wellness, we invite you to experience the beauty of the Peloponnese in a mindful and luxurious way. Our resort offers a range of amenities to help you unwind, whether you're soaking up the sun, practicing yoga on our complimentary mats, or relaxing in the comfort of your own private plunge pool. For those seeking a more active escape, take advantage of our complimentary bicycles to explore the surrounding countryside, or venture out with our stand-up paddleboards to the nearby beaches and indulge in a day of sun, sand and sea. Our mission At eftopia, we're committed to sustainable living and the preservation of our natural surroundings. Our olive grove is a testament to this ethos, as we work to repopulate the land with a wide variety of organic produce. Our goal is to create a food forest, a self-sustaining ecosystem that promotes biodiversity and restores the balance of the natural environment; So why not take a leisurely stroll through our organic olive grove, pick and sample the native produce, or simply unwind with a good book in the shade of our lush gardens.  So whether you’re traveling solo, as a couple, with friends or family, eftopia is a space to truly immerse yourself in nature whilst being embraced by luxury.",Greece,1.258668,,,
Sunny Hill Studios,1258668.0,Greece,https://www.linkedin.com/company/sunny-hill-studios,www.sunnyhillstudios.com.gr,Οικογενειακή ξενοδοχειακή επιχείρηση με ενοικιαζόμενα δωμάτια στη Σάνη Χαλκιδικής.,Greece,1.258668,,,
GERAKOUDIS HOTELS,1258668.0,Greece,https://www.linkedin.com/company/gerakoudis-hotels,www.gerakoudis-hotels.gr,"Gerakoudis-hotels company includes 3 hotels with names Hotel Villa Natassa, Akti Belvedere & Mary's Residence. Gerakoudis Hotels ,  welcome you  to the beautiful island of Thassos where the green of pine meet harmoniously with the emerald of the sea. We invite you to explore the beauty of the island that will make you to love it forever.",Greece,1.258668,,,
SPEL S.A. - Villa Fleria Seaside Studios & Apts,1258668.0,"Greece, Crete, Chaniá",https://www.linkedin.com/company/villa-fleria,www.villafleria.gr,"Villa Fleria seaside studios & apts Welcome! Villa Fleria seaside studios & apts provides the ideal environment for enjoyable and comfortable holidays in the magical Chania of Crete, in Greece. It is located on the beach of the traditional village Pyrgos Psilonerou, near the city of Chania, in a verdant setting just 80 meters from the sea. The hotel has been welcoming guests since July 1994 and was completely renovated in 2006. However, Villa Fleria adds every year touches of renewal. It consists of three studios and two apartments, all with balconies and a view to the sea. The only apartment situated in the garden, has an exclusive-use pergola. Villa Fleria creates ideal conditions for relaxation and combines the modern comforts of the rooms with an idyllic setting. It is surrounded by a blooming garden of 2 acres, full of roses, bougainvillea, jasmine, geranium, pomegranates, fig trees, which create a wonderful cocktail of colours and fragrances. Here you can enjoy your breakfast, a cup of coffee or a drink; you can read a book, enjoy the sun on comfortable sun beds or even take a nap in the hammock between the palm trees. The region has been officially designated as a “Natura 2000 site” by the European Union due to its pristine beauty, while the sea by the Villa receives the Blue Flag for its crystal clear waters. The perfect geographic location of Villa Fleria can make your stay loose and easy, since there are mini-markets and traditional Cretan tavernas within walking distance. What’s more, the hotel’s location is ideal for excursions to all the scenic sites and historical monuments of Chania and Crete like the Samaria Gorge, Elafonisi, the Cedar forest, Balos, Sfakia, or even to the Minoan palace of Knossos.  We look forward to welcoming you in Villa Fleria from mid April to late October and we pledge to provide you with a comfortable and unforgettable stay!",Greece,1.258668,,,
Delphi Leading Hotels,1258668.0,"Greece, Central Greece, Delfi, 69 Apollonos, 330 54",https://www.linkedin.com/company/10343283,,"Experience our 4-star hospitality at Delphi Palace and King Iniohos. Enjoy ultimate privacy at Pythia Art Boutique Hotel and feast on Greek delicacies at the 400-seat Villa Symposium. Since 1950s, we have upheld the traditions of quality and sincerity in accommodation and catering. Our goal is for you to live a magical experience that Delphi has to offer.",Greece,1.258668,,,
Holiday Villas In Greece,1258668.0,"Greece, Attica, Néa Smýrni, 24 Agchialou Str, 17124",https://www.linkedin.com/company/holiday-villas-in-greece,www.holiday-villas.gr,"See the other side of Greece Holiday Villas is a company that handles properties in summer and winter resort areas of Greece, that are offered for short or long vacation and outdoor activities. Holiday-Villas offers its customers the chance to visit areas in addition to the common tourist destinations, in order to meet places of unparalleled beauty and enjoy many alternative local activities. Τhe properties that offered by Holiday- Villas are carefully selected to blend in perfectly with the local environment, respect the architecture of the area and enable visitors to integrate with the local habits of each region. They also offer the opportunity for vacation all year in each season, so that visitors can indulge in many different activities such as sports, sightseeing, alternative tourism, ecotourism, agrotourism, religious, cultural, medical or spa tourism. The site provides a complete description of the available properties with impressive photos and all the details of the facilities offered. Also, gives comprehensive information for destinations, including highlights and secrets and informs customers as much as possible with further links, attractions, points of interest and activities visitors can take part. The reservation and the rental of each villa is done electronically and automated through the site.",Greece,1.258668,,,
Voyager Hospitality,1258668.0,Greece,https://www.linkedin.com/company/voyager-hospitality,www.voyager-hospitality.com,"Setting the right price, at the right person, at the right time for the right product. Hotel Revenue Management | Hotel Sales Management |  Hospitality Consultants",Greece,1.258668,,,
Evdion Hotel,1258668.0,"Greece, Nei Pori Pieria, 300 Perraivou Str, 600 65",https://www.linkedin.com/company/evdion-hotel,,"Boutique summer resort located in the coastal area of Mt. Olympus in Greece. Evdion operates seasonally as a family business since 1999. Its proximity to the beach, yet its central position among attractions of high interest make it ideal for smooth beach holidays as well as for exploring this beautiful part of north Greece.",Greece,1.258668,,,
Castel Porrona Relais & Spa,1258668.0,"Greece, Cinigiano, Via Della Fiera Porrona, 58044",https://www.linkedin.com/company/castel-porrona-relais,www.castelporrona.com,"In an enchanting medieval village with two dozen inhabitants surrounded by Tuscan hills dotted with olive groves, cypress trees and vineyards near Montalcino, lies Castel Porrona Relais. The five star boutique property is composed by 25 renovated rooms with a selection of noble materials and a private Castle with personal butler for exclusive use. Outdoor swimming pool, water zone & SPA, a revisited Tuscan cuisine restaurant topped by a bespoke service portray a magical atmosphere in the almost untouched Tuscan countryside.  Castel Porrona Relais is located in the young wine country of Montecucco, a short drive away from main attractions such as Siena and San Gimignano as well as from the hot springs Bagno Vignoni, Saturnia and the coast of Punta Ala, Castiglione della Pescaia and Porto Ercole. The perfect  secret escape for an exclusive vacation of both country and sea side, where roots are respected through a refined perspective.",Greece,1.258668,,,
Aethrion Boutique Homes,1258668.0,Greece,https://www.linkedin.com/company/aethrion-boutique-homes,www.aethrionhomes.com,"The Aethrion Boutique Homes is a mansion composed of seven character apartments around a central atrium, fully furnished and equipped, located in Chryssi Akti (Golden Beach) area. This is about 3km away from the centre of the historical city of Chania and the Venitian harbour and 300m from the renowned Golden Beach, which is surrounded by a variety of maller sandy beaches, pine tree groves and dunes. The location enjoys sea and mountain views and beautifully combines the breath of nature with the proximity of the city. At Aethrion Boutique Homes comfort is precious, but character is priceless, offering to guests a collection of vacation homes with refined comforts and a personal touch, in an authentic fine-art-infused environment, where guests feel at home.",Greece,1.258668,,,
BitterBooze.com,1258668.0,"Greece, Attica, Athens",https://www.linkedin.com/company/bitterbooze-com,bitterbooze.com,A celebration of all things alcohol.,Greece,1.258668,,,
Alter Athens Hotel,1258668.0,"Greece, Attica, Athens",https://www.linkedin.com/company/alter-athens-hotel,www.alterathens.gr,"Alter Athens Hotel escapes from the traditional Greek guestrooms and offers an affordable Cool and Cosy Residence in the heart of the Greek capital. Specially designed for Guests who are or feel Young, open minded and adventurous, this Hotel is destined to make your visit in Athens a memorable and unique experience.        The Alter Athens ""alternative "" Hotel is located in Strefi Hill area near the cultural Athenian center of 'Exarheia"" (ranked 9th in the coolest neighborhoods in Europe, from travel bloggers according to Business Insider), which is in walking distance from the city center and the main sightseeings. In the nearby area, you may find plenty of restaurants and bars, as well as theaters and art galleries. Greek National Museum is also situated in walking distance.        Based on our Hotel we invite you to adopt an Alternative view of Athens, discover not only the Greek History and culture but also the everyday Athenian intellectual community lifestyle and taste local  and international cuisine in nearby restaurants and taverns      Young full and innovated, with unique room design is here to promise you an urban nest left to discover. In addition with the design, the tailor made services provided by the dedicated in excellence personnel will make you feel like Home.",Greece,1.258668,,,
Emilia Apartments,1258668.0,Greece,https://www.linkedin.com/company/emilia-apartments,www.eloundaholidays.gr,,Greece,1.258668,,,
Anthoussa Hotels SA,1258668.0,Greece,https://www.linkedin.com/company/anthoussa-hotels-sa,www.ahotels.gr,"Anthoussa Hotels SA is a family owned company of holiday hotels in Greece. Situated in Crete our hotels are luxury establishments offering excellent services in a comfortable, relaxing and stylish modern environment. We offer a wide range of leisure facilities and accommodation -from deluxe garden or sea view rooms to junior or VIP suites with Jacuzzi. Our ‘Body and Mind’ Spa with its fully equipped gym, indoor pool, sauna and steam bath, features an excellent Wellness Centre for Massages, Facial and many other treatments.",Greece,1.258668,,,
Kallichoron Art Boutique Hotel,1258668.0,"Greece, Astypalea",https://www.linkedin.com/company/kallichoron-art-boutique-hotel,www.kallichoron.gr,"Kallichoron is an eco-friendly Art Boutique Hotel in Chora of Astypalea that offers breathtaking views of the island’s landscape, including the majestic Venetian castle, the famous old white windmills and the boundless Aegean Sea. All apartments and studios are characterized by comfort and elegance and are decorated with fine and beautiful art of renowned artists, which are inspired by the melodies and flavors of the Aegean Sea. Kallichoron’s ideal location and sea views make for serene and stylish surroundings for a memorable stay on the island of Astypalea. Here, guests can experience outstanding and friendly hospitality, combined with a variety of luxury amenities and unforgettable tastes to ensure a relaxing and truly unforgettable vacation.",Greece,1.258668,,,
Mykonos Platinum,1258668.0,"Greece, Mykonos Evangelistraki, Peripheral Road, 84600",https://www.linkedin.com/company/mykonos-platinum,mykonosplatinum.com,"Mykonos Platinum is a Lifestyle Management & Events company that provides Premium hospitality services in Mykonos, Greece.",Greece,1.258668,,,
Lefkasa,1258668.0,Greece,https://www.linkedin.com/company/lefkasa,www.lefkasa.nl,"5 redenen voor een vakantie op Lefkas -	Lefkas bezit paradijselijke stranden en (snorkel)baaien aan de welbekende azuurblauwe zee -	Lefkas is groen! De natuur is adembenemend mooi met vergezichten van grote hoogte -	Lefkas biedt rust, ruimte, ontspanning en als u wilt volop sportieve mogelijkheden -	Lefkas staat bekend als het eiland met de gemoedelijke en gastvrije bevolking -	Lefkas is hèt zeil- en surfeiland bij uitstek, een walhalla voor watersportliefhebbers En 5 redenen om bij Lefkasa uw vakantie te boeken -	U heeft rechtstreeks en persoonlijk contact met mij over uw vakantiewensen, de boeking en daarna ben ik zelf op uw vakantiebestemming aanwezig.  -	De kleinschalige, authentieke accommodaties van Lefkasa zijn op speciale plekken op het eiland, ik leg u uitgebreid uit wat u daarvan mag verwachten.  -	De studio’s en appartementen worden gehuurd van Griekse eigenaren, die hun gasten ook graag ontmoeten!   -	Persoonlijke reisbegeleiding om ook de mooiste en meest bijzondere geheimen en plekken van Lefkas te ontdekken. -	En heel belangrijk: we doen (alleen) zaken met de lokale bevolking van Lefkas, omdat ze het zo hard nodig hebben! Voorbeelden zijn de verhuur van auto’s, (sport)fietsen, scooters en natuurlijk de aankopen bij plaatselijke horeca- en winkelbedrijven. Laat u ontzorgen door uw vakantie hier te regelen.  Ook voor yoga en retrait-groepen hebben wij mogelijkheden om in een bijzonder rustige omgeving een groepsreis aan te bieden.",Greece,1.258668,,,
Anteliz Suites Santorini,1258668.0,Greece,https://www.linkedin.com/company/antelizsuites,www.anteliz.gr,"Anteliz stands nestled on the hills of Fira, overlooking the Santorinian Caldera and the Aegean Sea. Our small boutique hotel with its unique and relaxing atmosphere, offers unobstructed panoramic view to the surreal landscape of Santorini with its vast curtain wall of multicolored cliffs. Set in a serene environment, amidst the lapis lazuli Cycladic sea and the imposing lava rocks, Anteliz captures the essence of Theran design, culture and tradition.",Greece,1.258668,,,
Calypso Villas Zakynthos,1258668.0,"Greece, Zakynthos, Ano, 29090",https://www.linkedin.com/company/calypso-villas-zakynthos,www.calypsovillas.gr,"Calypso Villas offer luxury accommodation in Zante (Zakynthos) and the ideal landscape for enjoying memorable vacations. Indulge in the wonderful serenity of the settings, with outstanding views and unique proximity to the turquoise waters of the Ionian. A magnificent oasis for relaxation and rejuvenation unravelling in front of you!",Greece,1.258668,,,
Xenia Resorts & Villas,1258668.0,"Greece, Attica, Athens, Chalandri Square Chalandri, 15232",https://www.linkedin.com/company/xeniaresorts,www.xeniaresorts.com,"Xenia Resorts & Villas is  a group of privately owned luxury accommodation properties located in beutifull locations around Greece.  Our properties include  -Porto Evia Boutique Hotel in Evia Island at the seafront of Amarinthos Marina, 40 seafront rooms, studios and   suites  -Lefkada Villas in Lefkada Island overlooking Scorpios and the Ionian sea .Complex of luxury villas with private swimming pools -Romanos Beach Villas, in Costa navarino area, Romanos beach, in Messinia Peloponnese. Complex of seafront detached villas  -Anemones Luxury Villas Resort in Lefkada island overlooking the Lefkada town. Complex of luxury villas with private swimming pools -Villa Agnanti Boutique,a 12 bedrooms luxury villa with private pool overlooking Evoikos gulf located inSesi beach Marathon Attica Riviera  -Villa Konaki, a private villa with private swimming pool overlooking the Evoikos gulf located in Sesi beach Marathon Attica Riviera  In additonal to the own-run properties, the company manages outsourced third party properties in terms of sales and marketing. Xenia Resort & Villas offices are located in Chalandri Square in Athens. The company is owned by George Papadopoulos working together  with a team of  experience professionals working together in order to acquire more properties and expand the company to other destinations with additional properties. George, is educated in hospitality and marketing insitutional management in London public universities, has a wide range of  experience  in the UK, Europe and North Africa, specialising in hotel management, startup new businesses,hotel contracting for tour operators, business development and product management of travel and tourism international companies, and he has worked in management and Director level in companies including  the world of TUI group, Thomson holidays, Hilton International in London, Sheraton Hotels in London, Starwood Luxury Collection, Millennium and Copthorne in London, Youtravel, Aquis Hotels & Resorts.",Greece,1.258668,,,
Retro SA,1258668.0,Greece,https://www.linkedin.com/company/retro-restaurants,www.restaurant-retro.gr,,Greece,1.258668,,,
RASTONI ATHENS SUITES,1258668.0,Greece,https://www.linkedin.com/company/rastoniathenssuites,www.rastoniathenssuites.gr,"Σε έναν από τους πιο ήσυχους δρόμους στην καρδιά της Αθήνας, την οδό Σκούφου, βρίσκεται το Rastoni Athens Suites! Το Rastoni Athens Suites διαθέτει τέσσερα πλήρως ανακαινισμένα διαμερίσματα, μερικά μόλις βήματα μακριά από το Σύνταγμα και τα γραφικά σοκάκια της Πλάκας. Τα διαμερίσματά μας ανακαινίστηκαν ριζικά τον Ιούλιο του 2017 με σκοπό να προσφέρουν ιδανικές συνθήκες διαμονής, συνδυάζοντας όλες τις απαραίτητες παροχές, άνεση & επαγγελματική εξυπηρέτηση. Είναι πλήρως εξοπλισμένα με διπλό ανατομικό στρώμα και ειδικό επίστρωμα, κουζίνα και υπηρεσία Wi-Fi. Στη διακόσμησή τους κυριαρχεί η ζεστή αίσθηση του ξύλου και απαλές, γήινες αποχρώσεις με διάσπαρτες ζωηρές αντιθέσεις, που δείχνουν ακόμη πιο φιλόξενες λουσμένες στο άπλετο φως που διαχέεται στο χώρο και συνδυάζονται τέλεια με την ήσυχη γειτονιά που περιβάλλει τα διαμερίσματά μας! Κάθε διαμέρισμα αναδύει ένα μοναδικό χαρακτήρα, για αυτό και φέρει το δικό του, ξεχωριστό όνομα, εμπνευσμένο από τις θρυλικές νύμφες της Ελληνικής Μυθολογίας: Αλία, Ροδία, Μελία και Θόη – θεότητες εκπληκτικής ομορφιάς που ζούσαν στην άγρια φύση! Rastoni Athens Suites are located in one of the most central but quiet neighborhoods of Athens, only a few minutes away for Syntagma square. Rastoni Athens Suites are 4 modern apartments in Skoufou street in very close proximity tothe picturesque streets of Plaka, Syntagma square, Ermou street and the magnificent Acropolis. Our apartments were fully renovated in July 2017 in an attempt tocombinecozy accommodation and comfort, catering to every traveler’s needs, from business trips, family vacation to romantic getaways. The apartments are elegantly decorated with earthly materials and colors thatbreathe an essence of tranquility and relaxation in the busy and lively streets of Athens! They are equipped with double anatomical mattresses and a special mattress topper, internet access and a kitchenette. Every room is unique and has a different name, inspired form the legendary nymphs of the Greek mythology: Alia, Rodia, Melia and Thoi- beautiful and young divinities that are predominately referred to as personifications of nature’s elements and portraited ascrafters of the natural world.",Greece,1.258668,,,
Mykonos No5 Suites & Villas,1258668.0,"Greece, Mykonos, 84600",https://www.linkedin.com/company/mykonos-no5-exclusive-villas,www.mykonosnumberfive.com,"Built on a hill in Kanalia Village, Mykonos No5 Hotel and Villas invites you to discover the beaming jewel of Cyclades, through a unique experience of luxurious accommodations and exclusive services. A luxury boutique hotel and villas that is recognized for its unequalled splendor, an oasis of tranquility amid the vibrancy of Mykonos.",Greece,1.258668,,,
Sithonia Lodge Holiday Homes,1258668.0,Greece,https://www.linkedin.com/company/sithonia-lodge-holiday-homes,www.sithonialodge.com,"Welcome to Sithonia Lodge Holiday Homes Sithonia Lodge is a complex of holiday homes located in Sithonia, the second leg of Halkidiki Peninsula, a very touristic area only 100 km away from Thessaloniki, the second biggest city of Greece.  All Sithonia Lodge holiday homes are super comfortable. They are one-floor bungalows and provide a separate bedroom, a bathroom, a fully equipped kitchen, a living room with one or two comfortable sofa beds and a nice terrace with plenty of grass open space in front of it for the kids to play. The beach is only a 2-minute walk away. Services: Fully equipped kitchen Air Conditioning   Baby cot upon request Folded bed upon request Private parking   Satellite TV   Free Wi-Fi BBQ Garden   Pets are welcome Sithonia Lodge holiday home for max 4 adults: Comfortable 1-floor holiday home with a separate bedroom, a bathroom, a fully equipped kitchen, a living room and a nice terrace with plenty of grass open space in front of it for the kids to play. Sleeps max of 4 adults or 2 adults and 3 children: one double and one single bed in the bedroom and a comfortable sofa bed in the living room. Sithonia Lodge holiday home for max 5 adults Comfortable 1-floor holiday home with a separate bedroom, bathroom, living room, fully equipped kitchen and terrace with plenty of grass open space for the kids to play. Sleeps max of 5 adults or 2 adults and 3 children: one double bed in the bedroom and two comfortable sofa beds in the living room. Sithonia Lodge holiday home ARTEMIS for max 9 adults: Comfortable 3-floor holiday home with three separate bedrooms, three bathrooms, living room, fully equipped kitchen and terrace. Sleeps max of 9 adults or 2-3 families: 1st bedroom: 1 double and 2 single beds, 2nd bedroom: 1 double bed, 3rd bedroom: 1 double and 1 single bed",Greece,1.258668,,,
Hotel Konaki,1258668.0,Greece,https://www.linkedin.com/company/hotel-konaki,www.hotelkonaki.com,"On the island of poets and intellectuals, the only island in Greece known as the “mainland island”, that is no other than Lefkada; a Greek-American family returned a couple of decades ago and put all their love and affection for their homeland into a very special, small and traditional hotel. Hotel Konaki is clearly a labour of love where the spirit of Greek Philoxenia (hospitality) is found in abundance; spread throughout the property and its people. Minutes from the town of Lefkada, in the picturesque fishing village of Lygia, tucked away on a 20 acres private estate with beautifully manicured gardens bursting with scented lime-trees, rose bushes, agapanthus, olive-trees and some Mediterranean Fan palm trees, Hotel Konaki is more than just a hotel with friendly owners. It is a resort run by a team with a can-do attitude that is giving it a fantastic reputation amongst guests of all ages. With its 9 buildings comprising 69 airy and full of light rooms, all with private balconies or terraces, an extra-large swimming pool, a children’s pool, a pool and snack bar, a gym and a tennis court, Hotel Konaki is definitely ideal for families, but its unbeatable location also makes it the perfect choice for couples, solos and groups of friends.",Greece,1.258668,,,
Hotel Philippos,1258668.0,"Greece, Central Greece, Livadeiá",https://www.linkedin.com/company/hotelphilippos,www.hotelphilippos.com,"To Hotel Philippos είναι ένα ξενοδοχείο έτοιμο για να καλύψει τις ανάγκες ακόμα και του πιο απαιτητικού επισκέπτη. Πρόσφατα ανακαινισμένο ξεχωρίζει για την κομψότητα, την άνεση, την πολυτέλεια και την ευρυχωρία των δωματίων του. Επίσης διαθέτει ιδιωτικό parking.  Στο ζεστό περιβάλλον του φουαγιέ μπορείτε να απολαύσετε τον καφέ ή το ποτό σας.  Μπορείτε να επιλέξετε από τα 52 υπερπολυτελή δωμάτια με θέα στο Παρνασσό ή τις άνετες σουίτες.  Όλα τα δωμάτια διαθέτουν: Πισίνα , Αυτόνομη ψύξη – θέρμανση, τηλεόραση, μίνι μπαρ, σεσουάρ, μαρμάρινα μπάνια, room-service.  Η αίθουσα του ξενοδοχείου χωρητικότητας 250 ατόμων μπορεί να φιλοξενήσει συνέδρια ή δεξιώσεις.  ********************************************************************************************************************* Hotel Philippos is a hotel ready to cover the needs even of a very demanding guest. Recently renewed it stands out for the elegance, the comfort, the luxury of its rooms. Also at your service there is private parking area.  At the foyer you can enjoy your coffee or your drink in a friendly and warm environment. You can choose among the 52 extra-lux rooms with a view of Parnassos or the comfortable suites.  All rooms are equipped with: automatic air-conditioning, T.V., mini bar, marble bathrooms, room service.  The conversion room of the hotel which can hold up to 250 people, can host conferences, receptions, social events.",Greece,1.258668,,,
The Residence - Christokopidou Hotel & SPA,1258668.0,Greece,https://www.linkedin.com/company/athens-christokopidou-residence,www.athens-christokopidou-residence.gr,"Centrally located right in the heart of the historic centre of Athens, in the namesake alley of hip & chic Psyrri district, the eco-friendly Athens Christokopidou Residence is a brand-new oasis of urban elegance. Subversive by design, it promises euphoria and offers the much-coveted seclusion that every traveller craves after exploring the dozens of world-famous sights (including the Acropolis, Ancient Agora, Plaka, Monastiraki, Thissio, Ermou) that are less than a stone’s throw away from its main entrance. Be among the first to discover and wholeheartedly enjoy the unrivalled -for the area- facilities of Athens Christokopidou Residence such as the indoor heated pool, the fully-equipped wellness center with a Turkish hammam and sauna and the atmospheric rooftop jacuzzi and rooftop bar that offer panoramic views of the sacred rock of Acropolis. It’s seventeen -superbly decorated with handmade furniture- rooms and suites are all equipped with comfortable beds, spacious bathrooms with designer toiletries, flat-screen smart TVs (with over 200 free satellite channels and Netflix streaming), Nespresso coffee machines and the latest technology (such as the possibility for contactless check-in & check-out, keyless entry into the room and concierge service via custom smartphone application). Athens Christokopidou Residence manages to honor its glorious past (since the building was for decades the seat of local artisans) while at the same time offering a pioneering proposal for the next day of hospitality and strictly adhering to all health standards due to COVID -19. A combination that has already won the appreciation of travelers, including many couples who appreciate the discretion and refined aesthetics it so effortlessly emits.",Greece,1.258668,,,
Fito Aqua Bleu Resort,1239753.0,Greece,https://www.linkedin.com/company/fito-aqua-bleu-resort,fabresort.gr,"We have a passion for creating unforgettable experiences. Our 24-hour service, in combination with our elegant garden, astounding beach and stylish rooms, embodies a home away from home for those who want to make their dream trip come true. We have been hosting guests for over 4 decades, from 20 different countries and yet we continue to grow. All these years our people have built robust connection with our guests as well as a relationship of trust.",Greece,1.239753,,,
BabisRents,1235012.0,"Greece, Central Macedonia, Thessaloníki",https://www.linkedin.com/company/russian-center-of-thessaloniki-greece,www.babisrents.com,Live Like Locals - Authentic Hospitality as it used to be!,Greece,1.235012,,,
Grecosunotels Hotels & Resorts,1090400.0,"Greece, Crete, Herakl",https://www.linkedin.com/company/grecosunotels-hotels-&-resorts,www.grecosunotels.com,Management/Consulting company of Hotels & Resorts. Also now Franchise,Greece,1.0904,,,
Hotelier Academy Greece,1041120.0,"Greece, Attica, Athens, 105 54",https://www.linkedin.com/company/hotelier-academy-greece,www.hotelieracademy.gr,"Ξενοδοχειακά Σεμινάρια, Εκπαιδευτικά Άρθρα & Video, και Λύσεις Εκπαίδευσης Προσωπικού από την κορυφαία πλατφόρμα Hotel E-Learning, Hotelier Academy Greece Μέσα από τη συνεχή επαφή και επικοινωνία με Ξενοδοχεία και Επαγγελματίες του κλάδου από όλο τον κόσμο, η Hotelier Academy φέρνει στην οθόνη του υπολογιστή σας πολύτιμο εκπαιδευτικό περιεχόμενο, που θα σας βοηθήσει να συμβαδίζετε με όλες τις εξελίξεις της αγοράς! Αξιολογώντας τις ανάγκες του σύγχρονου ξενοδόχου και λαμβάνοντας υπ' όψιν τις διαρκείς εξελίξεις της Ξενοδοχειακής και Τουριστικής αγοράς, η ομάδα της Hotelier Academy, σε συνεργασία με καταξιωμένους επαγγελματίες του χώρου, προσφέρει εξειδικευμένα courses που παρέχουν πολύτιμη γνώση, τεχνογνωσία, αλλά και έμπνευση, στοιχεία που είναι απαραίτητα για κάθε επαγγελματία! Μέσω της πλατφόρμας greece.hotelieracademy.net, η Hotelier Academy δημιουργεί ένα προσωποποιημένο Εκπαιδευτικό Περιβάλλον για κάθε χρήστη, ενώ μέσω της Ετήσιας Εκπαιδευτικής Συνδρομής, οι χρήστες μπορούν να έχουν πρόσβαση σε μια επιλογή από τα υψηλού επιπέδου courses που διατίθενται μέσω της πλατφόρμας. Μέσω του προσωπικού του λογαριασμού, ο κάθε χρήστης της Hotelier Academy Greece, μπορεί να έχει: - Πρόσβαση σε όλα τα Courses που έχει παρακολουθήσει, από όλες τις δράσεις της πλατφόρμας. - Πρόσβαση σε νέα, υψηλής ποιότητας Courses που διατίθενται μέσω της πλατφόρμας, δημιουργημένα από την ομάδα της Hotelier Academy αλλά και καταξιωμένους εξωτερικούς συνεργάτες. - Μόνιμη πρόσβαση στα Δωρεάν Live Webinars που διοργανώνει η Hotelier Academy σε τακτά χρονικά διαστήματα. - Πρόσβαση σε δράσεις και εκπαιδευτικό περιεχόμενο τρίτων εταιρειών, που συνεργάζονται με τη Hotelier Academy. - Πρόσβαση σε εξειδικευμένα online events που διοργανώνονται σε συνεργασία με τρίτες εταιρείες του κλάδου.",Greece,1.04112,,,
Student Living Greece - You Study We Do The Rest,1038961.0,Greece,https://www.linkedin.com/company/student-living-greece,studentlivinggreece.com,"The best of student life in Thessaloniki with Student Living Greece. Our safe and secure apartments offer a convenient location near universities and local amenities, providing the perfect setting for academic success and fun-filled memories.",Greece,1.038961,,,
Flavors Of Art,1038961.0,Greece,https://www.linkedin.com/company/flavours-of-art,www.flavorsofart.com,"Flavors of Art is a new, awarded initiative offering 6-sense, premium experiences combining avant-garde flavors and participatory art activities in unconventional venues. No experience is repeated the same, while there is a limit of people that can be participate in each one of them. The firm was presented for first time in public on May 4, 2018 at Grande Bretagne Hotel in Athens, Greece, while it is participating in the program START - Create Cultural Change, the Orange Grove of the Embassy of the Netherlands and the EGG of Eurobank",Greece,1.038961,,,
Anthos Collective,1038961.0,"Greece, Attica, Athens, 10674",https://www.linkedin.com/company/anthos-collective,www.anthocollective.com,"Anthos Collective is a modern social club based in Athens, Greece. We host exclusive cultural, wellness and business events for our members and offer resources for designing a meaningful life.  Our goal is to create memorable and unique experiences, as well as opportunities for our members to connect with each other through our thoughtfully curated events.",Greece,1.038961,,,
Kostas Falangas Hotel & Tourism Consulting,1038961.0,Greece,https://www.linkedin.com/company/wego-hotel-management-consulting,www.kostasfalangas.com,"Our consulting organisation is entirely dedicated to building a meaningful, high-quality service practice. As we walk the hotel and tourism business route together. Our purpose is to support tourist enterprises and hotel assets in meeting their financial, operational, sustainable, and commercial objectives. To take the investment to the next level in an ever-changing sector, a skilled consulting business is essential.",Greece,1.038961,,,
Anemon Villas,1038961.0,"Greece, Crete, Chaniá",https://www.linkedin.com/company/anemon-villas,www.anemon-villas.gr,"In the heart of an olive grove overlooking the sea, we have created a small heaven for those that seek something special for their vacations. Three luxurious villas with a unique architectural and decorative touch, and equipped with everything a modern house requires.Experience the traditional Crete  friendliness  and hospitality in one of the villas, each with their own private pool. Surrounded by olive trees and well tended gardens, Anemon Villas is the destination that will make your holidays in Crete unique.",Greece,1.038961,,,
Lefkadio Suites,1038961.0,Greece,https://www.linkedin.com/company/lefkadio-suites,lefkadiosuites.gr,"Welcome to Lefkadio Suites Lefkadio Suites was built in 2015 offering 10 luxury suites to delight even the most demanding visitors from around the world. It is an ideal destination for those wishing to enjoy the cosmopolitan lifestyle of Lefkada, the traditional hospitality of Lefkada, the island’s beautiful landscapes and superior services in a tranquil and simultaneously luxurious environment within walking distance from the town’s restaurants and clubs.",Greece,1.038961,,,
Georgilas Cave House,1038961.0,Greece,https://www.linkedin.com/company/georgilas-cave-house,georgilascavehouse.com,"In 18th-century “Georgilas Cave House” was a family cottage with its own large production in fruits, cereals, milk, and cheese. Throughout centuries “Georgilas Cave House” has achieved to retain its authenticity, and today it offers to its guests a harmonious blend of unparalleled tranquility and down-home coziness.  From its early days “Georgilas Cave House” designed with a fortified structure, whose main purpose was to control and observe the cultivations carried out underneath it. It was functioning as the local agricultural center, where the crops got collected, weighted, and packaged to be sold both in the local and in the national markets.  Today, “Georgilas Cave House” remains not only an impressive construction, but also a unique destination for immersing in tranquility, peacefulness, privacy, and comfort!",Greece,1.038961,,,
SportsVilla.gr,1038961.0,Greece,https://www.linkedin.com/company/sportsvilla.gr,sportsvilla.gr,"The sportsvilla.gr is a modern and architectural elegant holiday villa in Rethymnon, which is open all year. Enjoy your stay in Crete, at a place that combines a modern and luxurious villa holiday with the professional equipment for exercising & relaxing of high requirements. Unique Summer & Winter holidays in Crete!  The first sports holiday villa in Greece (EOT licence 1041K91003064701) and one of few in Europe! Professional sport & leisure equipment and modern design provide the most unforgettable vacation of your life. The holiday villa sportsvilla.gr is located in Crete, in the traditional village of Pigi Rethymno and accommodates 2-7 people, for winter and summer holidays. The holiday villa sportsvilla.gr is in the traditional Cretan village Pigi located, just 10 minutes from the city of Rethymnon and 2 minutes from the sea and lovely sandy beach. The village Pigi in Rethymno is ideal for Summer & Winter Holidays! Within the traditional Cretan village you will find a pharmacy, mini market, cafe, restaurant and butcher. Walk the narrow streets and go hiking or biking on trails exploring the Cretan nature. The sportsvilla.gr is a Luxurious & Modern holiday villa in Rethymno Crete, with professional equipment for exercising & relaxing. Professional sports and wellness facilities: 1.  Fitness 2. Relaxing Area 3. Surrounding area Facebook Page: https://www.facebook.com/SportsVilla.gr/ Youtube: http://bit.ly/1W1WpjJ Google+ Page: http://bit.ly/20577Ek TripAdvisor: http://bit.ly/25b0jft Email: info@sportsvilla.gr  www.sportsvilla.gr tel: 2834 022940",Greece,1.038961,,,
Hospitality Perception,1038961.0,"Greece, Central Macedonia, Thessaloníki, Karolou Ntil, 546 23",https://www.linkedin.com/company/hospitality-perception-hope,hospitalityperceptionmanagement.wordpress.com,"At Hospitality Perception, we believe that success in any industry hinges on understanding and expertly managing your brand's image and customer experience. We empower businesses across all sectors to cultivate an unparalleled reputation, enhance client satisfaction, and achieve sustainable growth in a competitive market. Our mission is to transform how the world perceives your brand, ensuring every interaction reflects excellence and builds lasting loyalty, regardless of your industry. Our Comprehensive Services: Strategic Business Consulting: Brand Reputation Management: Proactively shaping your brand's online and offline perception. Customer/Client Experience Design: Crafting memorable journeys for your clients or guests. Market Research & Analysis: Providing actionable insights into industry trends and client expectations. Service Excellence Training: Elevating service standards for consistent, high-quality interactions. Leadership & People Development: We cultivate talent within your organization: Executive Coaching: Personalized coaching for senior leaders to enhance strategic thinking and presence. Leadership Development Programs: Tailored programs for current and aspiring leaders to inspire and guide teams. Management Skills Corporate Training: Hands-on training for managers in communication, team building, and operational efficiency. Partner with Hospitality Perception Whether refining your brand, optimizing experiences, or elevating team capabilities, Hospitality Perception offers the expertise you need. We're dedicated to helping your business exceed expectations. Connect with us to shape a brighter future for your business.",Greece,1.038961,,,
Oliaros Seaside Lodge,1038961.0,Greece,https://www.linkedin.com/company/oliaros-seaside-lodge,www.oliaros.gr,Cozy seaside accommodations on south Antiparos  island off the beaten track and the crowds offering authentic Greek hospitality,Greece,1.038961,,,
Cielotel,1038961.0,"Greece, Attica, Athens",https://www.linkedin.com/company/cielotel,www.cielotel.com,"Founded in 2016 by a team of professionals who bring a wealth of experience in the Greek hospitality sector, Cielotel commercialises properties in most popular Greek holiday destinations",Greece,1.038961,,,
Hotelier Partner 365,1038961.0,Greece,https://www.linkedin.com/company/hotelier-partner-365,www.hotelierpartner365.gr,"Η Hotelier partner 365 προσφέρει και αναπτύσσει ολοκληρωμένες υπηρεσίες που εξειδικεύονται στην διαχείριση ξενοδοχειακών μονάδων, καταλυμάτων και βιλών, καθώς επίσης και στην διαχείριση των πωλήσεων, κρατήσεων και Marketing, στην μακροχρόνια μίσθωση των τουριστικών καταλυμάτων τα οποία πληρούν όλες τις απαραίτητες προδιαγραφές.",Greece,1.038961,,,
La Maison Ottomane,1038961.0,"Greece, Crete, Chaniá",https://www.linkedin.com/company/la-maison-ottomane,www.lamaisonottomane.com,"La Maison Ottomane is a small luxury hotel inspired by the opulence of Ottoman rule and filled with fine antiques, paintings, carpets and porcelain, scents from Marrakech, silks and sweet delicacies from Istanbul.  We are located at the heart of Chania’s historical old town, 3 minutes’ walk from the Venetian Harbour and 10 minutes from the nearest beach.  Features, Services & Facilities:  - antique furniture, paintings, porcelain and objets d'art  - natural fibre mattresses & pillows, Egyptian cotton sheets  - individually regulated climate control  - in-room espresso machine and personal bar  - satellite TV and radio  - complimentary high speed wifi  - use of laptop or tablet for each room  - wireless printing  - in-room massage and other body treatments  - breakfast, refreshments, fine wines and spirits served in our private garden  - quiet, central location close to seafront, shops, restaurants, cafes and bars        La Maison Ottomane has been a labour of love conceived and built by a multilingual team that has travelled the world, trained in the industry and understands the needs and desires of those seeking comfort and efficiency. All that plus Greek hospitality.  We look forward to sharing our vision and passion with you, our guests.",Greece,1.038961,,,
Coyote Transfers,1038961.0,Greece,https://www.linkedin.com/company/coyote-transfers,www.coyote-transfers.gr,"Coyote Transfers is one of the most dynamic up & coming transfers & excursions tourism agencies in North Greece & Athens. We offer the full spectrum of Local Handling and Land Services for Travel Agents & Tour Operators who want to bring their FITs & Tourist Groups in Greece, i.e. all kinds of private & shared transfers, rent-a-car, excursions & guided tours, special interest tourism programs and team building activities. The competitive advantage of Coyote Transfers lies in our ability to deliver premium quality services at some of the most competitive rates in the market, thanks to our new fleet, our buying consistency in the local market and the know-how of our young, yet dynamic and very experienced staff, with an average of 10 years in the tourism industry. Our headquarters are in Thessaloniki and we also operate in Athens and in some of the most important summer destinations like Halkidiki, Thasos, Olympus Riviera, Rhodes & Crete. We are able to cover all your needs for private or shared transfers for both individuals and groups thanks to our own brand new fleet and our extensive affiliate network of partners all over Greece. Our privately own vehicles are brand new and those provided by our major suppliers also apply to our own very strict standards regarding quality, safety and comfort. All our drivers are trained professionals and all our vehicles, from rental cars to mini-vans to double-decker buses to limousines are fully ensured and certified for operational excellence. In its core, Coyote Transfers is committed to provide top quality transfer services according to the following standards: - All our vehicles are properly maintained and regularly serviced - All our vehicles are Air-conditioned - All our drivers have received proper professional training - All our drivers speak English - All pick-ups/drop-offs are door-to-door This way we are able to ensure to our customers: - Availability - Low-cost Rates - Comfort & Security - Top quality vehicles",Greece,1.038961,,,
Bluebell Luxury Suites,1038961.0,"Greece, Crete, Chaniá, 7 Chatzimichali Daliani, 73132",https://www.linkedin.com/company/bluebellsuites,www.bluebellsuites.com,"Bluebell Luxury Suites are five modern suites, located at the famous Old Venetian Harbor in Chania, Island of Crete, Greece.  They are appointed with minimal aesthetic and provide all the comforts for a unique boutique experience.  Specifically, they are located on Chatzimichali Daliani street, that nowadays is the most vibrant and artistic alley of the Old Town. Visitors can reach the Old Harbor of Chania by walking a five-minute route, while all points of interest (Municipal Market, Arcaheological Museum, Maritime Museum etc), as well as cafes, restaurants, bars, shops and parkings are within reach!  Combining historicity, luxury and vibrancy, Bluebell Luxury Suites can provide you with impeccable hospitality and memorable accommodation in the most beautiful island of Greece, Crete!",Greece,1.038961,,,
Ευ Ζην Hotel Ef Zin Arachova,1038961.0,"Greece, Central Greece, Arachova, Delfon, 320 04",https://www.linkedin.com/company/-studios-&-suites-arachova,www.efzin-hotel.gr,"Στο κέντρο της γραφικής Αράχωβας, το ξενοδοχείο μας αποτελεί την καλύτερη πρόταση διαμονής επιβεβαιώνοντας επάξια τον τίτλο του ΕΥ ΖΗΝ. Η προνομιακή θέση του στο κέντρο του χωριού ακριβώς δίπλα στο νέο δημοτικό Parking, η φιλόξενη ατμόσφαιρα, οι προσεγμένοι άνετοι και καλαίσθητοι χώροι του αποτελούν ιδανικό καταφύγιο απόδρασης από την καθημερινότητα. Στούντιο και σουίτες στην Αράχωβα Στη διάθεσή σας βρίσκονται studios και suites με γήινα χρώματα να «ντύνουν» την πέτρα και το ξύλο και μαζί με τα αναμμένα τζάκια να δημιουργούν μια ααίσθηση οικειότητας και χαλάρωσης. Το ΕΥ ΖΗΝ είναι η καλύτερη επιλογή για εσάς που είστε λάτρεις του βουνού και των χειμερινών αθλημάτων, αλλά και για εσάς που επιθυμείτε να διασκεδάσετε στην κοσμοπολίτικη Αράχωβα!",Greece,1.038961,,,
Blue Shades Of Greece,1038961.0,Greece,https://www.linkedin.com/company/blue-shades-of-greece,www.blueshadesofsantorini.com,"Explore Santorini  a magical tour Get ready to truly enjoy exploring our amazing island of Santorini. Experience the intense beauty of this unique paradise under the expert guidance of an experienced professional driver/guide, embarking on a magical tour you won’t soon forget!",Greece,1.038961,,,
Routes For Good,1038961.0,"Greece, Attica, Athens",https://www.linkedin.com/company/routes-for-good,routesforgood.com,"In Routes for good, we believe that travelling has unique power to make our world a better place.  We create 100% personalized, authentic and responsible travel experiences in Kenya and Madagascar, based on the principles of sustainable tourism and focusing on community (community-based tourism). Our mission is to: - aid directly our partners who are paid fairly and in a transparent way with 100% of the reward they ask for their services. - support the local community and the environment through responsible choices on accommodation, food, activities and purchases during travel  - enhance knowledge and we raise awareness around social and environmental issues faced by the destinations we visit, while making a tangible contribution to their resolution; - promote a different, positive, responsible and sustainable way of travelling that may contribute to the development of the destinations we visit. Follow us and take your first step towards a journey to a better world.",Greece,1.038961,,,
Athens Panorama Project,1038961.0,"Greece, Attica, Athens, 77 Evelpidon, 11362",https://www.linkedin.com/company/athens-panorama-project,www.athenspanoramaproject.com,"The Athens Panorama Project opened its doors in June 2020 and introduces a brand-new type of accommodation and experience called serviced apartments hotel. The key location just opposite the Evelpidon Court complex, in combination with the 24hour reception and the panoramic view of the Lycabettus Hill, Parthenon, Acropolis and the Saronic golf are just a few of the advantages that will overwhelm you. The Athens Panorama Project consists of 54 fully equipped suites and maisonettes, from 32 m2 to 80 m2 and an outdoor pool with panoramic view on the 7th floor. Rooms suitable for guests with disabilities are also available. Either you travel for leisure or business, you have the chance to enjoy a variety of comforts and your leisurely strolls all-round the historic Athens.",Greece,1.038961,,,
Comfort Suites & Rooms - Larissa Greece,1038961.0,"Greece, Thessaly, Lárisa, Οδός Υγείας, 41110",https://www.linkedin.com/company/comfort-suites-rooms-larissa-greece,www.comfortlarissa.gr,"Καλωσορίσατε! Η ομάδα μας είναι έτοιμη να σας υποδεχτεί και να σας φιλοξενήσει με κέφι, υπευθυνότητα και διακριτικότητα. Θέλουμε κατά τη διάρκεια της παραμονής σας να αισθάνεστε απολύτως ασφαλείς και σίγουροι για τα μέτρα υγειονομικής προστασίας αλλά και την εν γένει καθαριότητα των χώρων μας. Βρισκόμαστε πάντα στη διάθεση σας για οποιαδήποτε συμπληρωματική πληροφορία ή βοήθεια. Καλή διαμονή!",Greece,1.038961,,,
ConSer Greece,1038961.0,Greece,https://www.linkedin.com/company/conser-greece,www.conser.gr,Company specialized in Hospitality sector - consulting - contracting - promoting - advertising - social media presentation - web design.,Greece,1.038961,,,
Xenarchos,1038961.0,Greece,https://www.linkedin.com/company/xenarchos,www.athensfos.com,"Right at the center of Athens and the beautiful island of Hydra, a heartbeat of excitement and entertainment, our properties are perfectly suited for business, leisure and family vacations.",Greece,1.038961,,,
Cavo Delea Elegant Suites,1038961.0,Greece,https://www.linkedin.com/company/cavo-delea-elegant-suites,www.cavodelea.com,"Cavo Delea is a newly-built beachfront complex of suites located among other hotels and resorts on the coastline of Posidi, Halkidiki, Greece. The luxury suites of the complex artfully combine modern minimal architecture with traditional architectural elements of the area in a palette of earthly Mediterranean colors. All these characteristics combined with the stunning sea view make Cavo Delea the ideal choice for unforgettable vacations.Our vision is to transform Cavo Delea from a place simply offering accommodations into one that creates experiences among people united by passions and inspirations, as the true value of travel is to be found in unique meaningful moments and experiences that stay with you long after you’ve returned home.",Greece,1.038961,,,
Myrto Vacation Relaxing Homes,1038961.0,Greece,https://www.linkedin.com/company/myrto-vacation-relaxing-homes,www.myrto-apartments.gr,"Over more than 20 years, Our Family have built an unrivalled depth of reliability, trust and connection with our guests – a connection we will steadfastly uphold, now and always. Myrto Relaxing Vacation Home is a marvelous hotel situated in the noth-west side of Lefkada, near the traditional fishing village of Agios Nikita's.",Greece,1.038961,,,
LIM Hotels,1038961.0,"Greece, Attica, Athens, 25 Mitropoleos Street",https://www.linkedin.com/company/lim-hotels,lim-hotels.com,"LIM Hotels comprises a curated collection of boutique hotels in Greece.   Founded in 2021 in Athens, we are guided by the principle of finding beauty in the simple things. In today’s world, we view travelers as global thinkers and hotels as cultural hubs. We measure hospitality not just by living standards but also by local immersion, and envision a role for hotels that blend seamlessly with their local community and can connect people to a higher purpose. We celebrate originality in all shapes and forms and are inspired by hotels that are rooted in the past, challenge the present, and can define the future.  Each of our places represents a microcosm of their environment and functions as a prime cultural carrier to their locale embodying a definitive time and place.",Greece,1.038961,,,
Handshake,1038961.0,"Greece, Attica, Athens",https://www.linkedin.com/company/handshakelink,handshake.link,Send payment links to your guests and get paid instantly & securely.,Greece,1.038961,,,
Kernel Hospitality,1038961.0,"Greece, Attica, Athens",https://www.linkedin.com/company/kernel-hospitality,kernel-hospitality.com,"Engaged in the Greek hotel development and management industry, Kernel Hospitality is your partner for hospitality advisory and management in Greece. From development planning to strategy and development formulation to turnkey project management, through to revenue management, consultancy recruitment support, we chart the path to profitable operations of multicategory hotel assets.",Greece,1.038961,,,
Althea Boutique Hotel ****,1038961.0,Greece,https://www.linkedin.com/company/althea-boutique-hotel,www.altheakarpathos.com,A Boutique Hotel located on the island of Karpathos. A family orientated Boutique Hotel that offers visitors a totally new experience of hospitality. The 20 Superior-themed Art Apartments offer an extraordinary story to their visitors. Each superior apartment is fully equipped with any home's basic needs.  Simple and elegant each apartment offers the perfect experience of island life  The perfect destination to enjoy the island of Karpathos which has so much to see and so much to love.,Greece,1.038961,,,
Revprofit,1038961.0,"Greece, Central Macedonia, Thessaloníki, 163 Monastiriou, 54627",https://www.linkedin.com/company/revprofit,revprofit.gr,"Our target and mission in Revprofit are to offer integrated Sales & Marketing Services, to Hospitality Industry enterprises, Hotels,Villas and any other type of property.",Greece,1.038961,,,
Platon Hotel,1038961.0,"Greece, Moskháton Attiki, 3 Platonos, 183 44",https://www.linkedin.com/company/platonhotel,www.platon-hotel.gr,"Platon Hotel is a family-run hotel, dedicated to providing an amazing experience of the Athenian Riviera. Breakfast in our garden, View of the Sea",Greece,1.038961,,,
SALINA Villas & Residences,1038961.0,"Greece, Thessalia, 11 Stratigou Kallergi Vólos, 383 34",https://www.linkedin.com/company/salina-volos,www.salina-volos.gr,"Salina Premium Villas & Residences are located in the beautiful city of Volos, Greece. Two (2) luxury Spa Villas and eight (8) modern rental Apartments offer the guests a luxury yet affordable stay.  Salina Villas is a complex of two-holiday villas located only 50 meters away from famous Alykes beach. Each villa has a private heated pool and mini SPA facilities (sauna, jacuzzi tub), offering guests luxury and unique relaxation moments. Luxurious, spacious, and fully equipped Salina Villas are perfect for relaxing and calm vacations, away from the city buzz yet close to all its compliments. Located in one of the most dynamic urban areas of Volos, SALINA Residences are just a few minutes away from the city center, a short walk to restaurants, cafes, and clubs, and almost next door to the University of Thessaly.  Salina Premium Residences is an architecturally designed apartment hotel located in Volos, Greece. Salina's urban style and modern decor are paired with quality furniture and excellent equipment, offering a luxurious yet affordable stay. You are welcome to e-visit at www.Salina-Volos.gr.                Salina Volos' Premium Villas & Residences invite you to ""make yourself at home,"" regardless of the time, the purpose, or the duration of your visit.",Greece,1.038961,,,
SPOTS HOSPITALITY,1038961.0,Greece,https://www.linkedin.com/company/spots-hospitality,www.spots24.com,"🟢 Spots24.com A sub-brand of Spots Hospitality GmbH, Switzerland B2B travel distribution platform connecting hotels, guesthouses, and travel partners through destination-based branding, sales alignment, and global trade networks. ⸻ 🟡 SPOTInns A sub-brand of Spots Hospitality GmbH, Switzerland Branded network of independent guesthouses and boutique stays, offering authentic local experiences with global reach — powered by Spots24’s trade and tech backbone.",Greece,1.038961,,,
My Luxury Corfu Villas,1038961.0,Greece,https://www.linkedin.com/company/aphrodite-villas-in-agia-pelagia-corfu,www.myluxurycorfuvillas.com,My Luxury Corfu Villas at Agia Pelagia houses a former olive-oil press lovingly renovated into a waterfront holiday home and surrounded by 27 acres of olive trees. The only 450m. waterfront property that can host up to 24 guests in 12 rooms. The estate is comprised of a traditional stone-built round cottage for romantic getaways and 2 magnificent villas: the Olive Grove Villa and the Waterfront Villa.,Greece,1.038961,,,
TAF Beach Villas,1038961.0,Greece,https://www.linkedin.com/company/taf-boutique-villas,www.tafvillaskos.gr,"TAF villas is a small and private beach front villas at Kos island, Greece. We have put effort to every detail to create a unique environment. Surrounded by magical tropical gardens and only a 100 meters path away from a private beach, they offer a unique choice for travelers",Greece,1.038961,,,
HOTEL KAIKIS METEORA,1038961.0,"Greece, Kalabaka Thessalia, 146 Trikalon, 422 00",https://www.linkedin.com/company/hotel-kaikis-meteora,www.hotelkaikis.gr,"Hotel Kaikis was established in 1996 by the Kaikis family at the town of Kalampaka Meteora Greece. Since then it operates as a Family Business.  Our Commitment is to provide Service Quality at Affordable Price.   To do so, we emphasize on our family's principles; Integrity, Compassion, Honesty, Respect & Responsibility. Entering our premises, you find yourself in a charming establishment with a relaxed and easy going atmosphere! Rooms are comfortable, quiet and clean. Our employees are very informative, gentle and at your disposal for any support. They are local professionals with years of Experience in the fields of Hospitality & Customer Service!  In Hotel Kaikis we value the needs and feelings of both our Guests and our Business partners. Our promises are realistic & feasible. Therefore you will not hear a ""no"" or ""Cannot"" from us!   In a rapidly changing field like Hospitality, staying loyal to our moral principles & our promises is our main Competitive Advantage.",Greece,1.038961,,,
FollowmetoGreece,1038961.0,"Greece, Attica, Athens",https://www.linkedin.com/company/followmetogreece,www.followmetogreece.com,"At FollowMeToGreece, we are passionate about showcasing the beauty of Greece to the world. We provide a platform for hoteliers and vacation rental owners to list their properties on our website, giving them the opportunity to reach a targeted audience of travelers who are specifically interested in Greece. We believe in transparency and fairness, which is why we don't charge any hidden fees for our services. Instead, we redirect travelers directly to the property's website, providing a way for hoteliers and vacation rental owners to increase their direct bookings and take back control of their business. Our mission is to help showcase the unique beauty and culture of Greece while empowering small businesses in the hospitality industry.",Greece,1.038961,,,
BetterHome,1038961.0,Greece,https://www.linkedin.com/company/betterhome,www.better-home.gr,"Promotion and management of properties via Airbnb®. BetterHome takes care of everything for your property. Leave everything to BetterHome and simply earn money renting your space to visitors from all over the world. Do you want to easily make money renting out your apartment? The easiest and simplest way to manage a property on Airbnb®, without effort and expenses.",Greece,1.038961,,,
Vasiliki Guesthouse,1038961.0,Greece,https://www.linkedin.com/company/vasiliki-guesthouse,www.vasilikiguesthouse.gr,"Ο ξενώνας Βασιλική είναι ένα οικογενειακό παραδοσιακό B & B ξενοδοχείο με μοναδική ποιότητα υπηρεσιών στη Στενή Ευβοίας η οποία βρίσκεται σε υψόμετρο 400μ στα περίχωρα του ψηλότερου βουνού της Εύβοιας, του Δίρφη (1.743μ.). Η εξωτερική αρχιτεκτονική του κατασκευή ευχαριστεί τον επισκέπτη με μια ανάμειξη παραδοσιακού και σύγχρονου ντεκόρ. Ο τέλειος συνδυασμός πέτρας, ξύλου και τα κυρίαρχα χρώματα της γης δίνουν στον ξενώνα τη μοναδικότητα που αρμόζει σε ένα ορεινό τοπίο. Τα μπαλκόνια των δωματίων και το εξωτερικό της πλακόστρωτης αυλής είναι αναμφισβήτητα ένα περιβάλλον χαλάρωσης και ευεξίας. Αυτό το γνωστό γραφικό χωριό της Εύβοιας είναι Ιδανικός προορισμός για να ηρεμήσετε όλη την διάρκεια του έτος καθώς απολαμβάνετε σπιτική περιποίηση. Με συνολικά 15 δωμάτια διαφορετικού στυλ και χωρητικότητας μπορεί να εγγυηθεί την πραγμάτωση οποιασδήποτε ανάγκης που θα προκύψει στον επισκέπτη κατά την διαμονή του. Ο ξενώνας Βασιλική προσφέρει καθημερινά φρέσκο πρωινό σε μπουφέ με παραδοσιακά και χειροποίητα εδέσματα. Το δωρεάν WI-FI και ο χώρος στάθμευσης μπορούν να διευκολύνουν τη διαμονή των επισκεπτών μας.",Greece,1.038961,,,
Larva Hospitality Consulting,1038961.0,"Greece, Attica, Athens, 35 Andrea Syggrou Avenue, 11743",https://www.linkedin.com/company/larva-hospitality-consulting,larva.gr,"We are Larva, a not your business-as-usual hospitality consulting company consisted of the most innovative and enthusiastic experts in the field of hospitality and business consulting, who know firsthand what it is like to take risks. We are confident enough to state that Larva can help you transform your business into its best possible version by providing cutting edge and reliable solutions solely based on your needs, with the usage of the latest and most agile technologies and tools.",Greece,1.038961,,,
H.C.M. Hotel Management & Consulting,1038961.0,"Greece, Attica, Athens, 10680",https://www.linkedin.com/company/hotel-management-consulting,www.hotelsconsultingmanagement.com,"We are a boutique hotel consulting & management company which strives to challenge the status quo and established order. With our creative strategies and best practices we turn around hotels, and reposition them to outperform their competitors and become local market leaders. We have a firm belief that independent hotels and innovative lodging concepts have a strategic advantage over chain franchise branded hotels. With a marketplace driven by online reputation and guest reviews, a hotel with an individual character and unique customer experience can be leveraged to gain global reach and exposure. We provide personalized hospitality management services, tailored to the individual requirements of each single property. With our unique methodology, we have built up a proven track record over the last 10 years, and built up a hotel portfolio of more than 100 hotels stretching over Greece and Cyprus. We work with a great variety of hotel assets, ranging from small boutique or design hotels and luxury resorts to youth hostels and campings. We are result driven, and with our business development DNA, we strive to uncover the hidden revenue potential of your hotel. We have proven techniques to grow both top and and bottom line financial results. Highlights: •	More than 300 hotel consulting projects on pricing strategy, marketing plan design & implementation, IT infrastructure, back office performance, web production and e-commerce. •	More than 50 projects on hotel pre-opening, operational consulting, recruiting, management consulting. •	Participated at Deloitte Project Star as the exclusive hotel consulting agency for the evaluation of the hotel portfolio of one of Greece’s institutional banks.",Greece,1.038961,,,
Roomier Booking System,1038961.0,"Greece, Attica, Athens, 166a & 2 Kifisias, 15126",https://www.linkedin.com/company/roomier-booking-system,www.roomier.gr,"Roomier Booking System. Booking Engine. Site Builder. Channel Manager Roomier Booking System is a leading all in one solution for lodges, small hotels, B&Bs, Villas.",Greece,1.038961,,,
Greek Blue Diamonds | & GreekCompass,1038961.0,"Greece, Attica, Athens, 16674",https://www.linkedin.com/company/greekcompass,greekbluediamonds.com,"We support Greek local businesses in the area of hospitality, tourism and #realestate with different services to help these businesses reach international audience & grow.  Our offer to hospitality companies/ accommodation providers & hotels:  🙋🏻♀️ recruitment for hotels - visit our subpage: https://www.linkedin.com/showcase/greekcompass-hiring 💻 digital marketing - website development | web admin social media Real estate rentals | selling & buying Find with us your Greek home, holiday rental, holiday activities, wellness programs while you are in this beautiful country. Our offer to realtors:  🚀 SEO supported listing 🤖 AI supported advertising  💻 digital marketing - website development | web admin social media 🌏 international reach We work with #sustainability in mind & our vision is to contribute to economical growth & prosperity. Telegram Channel:  https://t.me/greekbluediamonds",Greece,1.038961,,,
Efchi Suites 1904,1038961.0,Greece,https://www.linkedin.com/company/efchi-suites-1904,www.efchi1904.gr,"Efchi Suites 1904 is located in the city of Rhodes. The property itself is inspired by the shapes, materials and colors of many different cultures. It belongs to the approximately 150 listed buildings of the city and has from time to time hosted prominent families of Muslim, Italian and Greek origin. This authenticity was conceived to bring a fresh and original feel that is ‘something wonderful and extraordinary’, alongside impeccable service.",Greece,1.038961,,,
Talos Luxury Villas,1038961.0,"Greece, Crete, Chaniá",https://www.linkedin.com/company/talos-luxury-villas,www.talosluxuryvillas.com,"Talos Luxury Villas is a company that deals with the management and promotion of luxury villas in Crete as well as the construction management and sale of high quality homes.! Our company was created to provide high-level services to anyone needing help and advice managing their property. Having started in Belgium in 1998 and having cooperated with influential and world-renowned companies, we decided to offer our know-how and experience to Greece as well. Since 2017 we have been active in Chania, working hard and having the vision to build strong relationships of mutual trust with real estate owners or anyone who wants to be engaged in the field of real estate exploitation. We want to share our knowledge and experience to help our clients make the right decisions by making the right and profitable choices, avoiding pitfalls and misconceptions that may well lead to capital loss.",Greece,1.038961,,,
Checkin.Travel,1038961.0,Greece,https://www.linkedin.com/company/9198712,www.checkin.travel,Hotel Management Company. Our Company is located in Crete and operating hotels around Greece.,Greece,1.038961,,,
Caldera Theros Villas,1038961.0,Greece,https://www.linkedin.com/company/caldera-theros-villas,www.calderatherosvillas.gr,"Caldera Theros Villas, part of the Caldera group are two complexes of stone villas, one located in Chania and one in Heraklio. Theros Villas in Chania consist of 7 outstanding villas, located in the area of Platanias. They are in a peaceful location full of trees and greenery, yet in a distance of only 1,5 km from the center of Platanias resort village, and only 700 m from the sea. Theros Villas in Heraklio consist of 3 distinctive villas, located in Anissaras, in the Hersonissos area of Heraklio. In a distance of 3 km there is the known Hersonissos beachfront settlement. The nearest beach is 1 km away and the nearest snack bar with morning snacks and coffee is just 500 meters away. The company S.BORAKI & SIA PP is a member of the E.KROMMYDAKIS SA group of companies which operates in the construction and tourism sectors. In particular, it has the Caldera chain of hotels with 5 units in Chania and 1 unit in Heraklion.",Greece,1.038961,,,
Hotel Porto Diakofti,1038961.0,Greece,https://www.linkedin.com/company/hotel-porto-diakofti,www.portodiakofti.gr,"Hotel Porto Diakofti is set in the seaside resort of Diakofti, in the uniquely magnificent island of Kythera.  Our furnished apartments can be found only 80m from the sea and in very close vicinity to Diakofti's beach (200m), the one with the sparkling, green waters and the white sand.  Porto Diakofti consists of 8 furnished apartments of one room (studios), which can accommodate 2 people, and 6 apartments of two rooms (suites), that can accommodate 3 or 4 people. All the apartments are very spacious, so they offer the maximum comfort that our visitors could enjoy.  The equipment of the apartments includes air-conditioner, TV, refrigerator,  telephone and hair-dryer. Also, each apartment is accompanied by its private balcony with a wonderful view of the sea and the village of Diakofti.",Greece,1.038961,,,
The Courti Estate Corfu,1038961.0,"Greece, Messonghi, Epar. Odos Vrioni-agiou Nikoloaou, 490 84",https://www.linkedin.com/company/the-courti-estate,thecourtiestate.com,"A fully restored 18th Century Venetian manor house, set in ten acres of grounds in the beautiful former fishing village of Messonghi, The Courti Estate offers total privacy. Boasting nine luxury double-bedroom suites, a professional kitchen, large dining and seating areas both inside and outside, and a dedicated team of staff.  The Court Estate features full conference facilities, which include a large meeting room with panoramic views over the estate. It is fully equipped to host work retreats, leadership offsites, board meetings, workshops and corporate events. Just a short drive from the airport, we have everything you need to supercharge team spirit and boost productivity. 30 minutes from Corfu Airport High-speed Wi-Fi Digital Projector Entertainment & Chill Out Areas Bespoke dining Heated Infinity Pool The estate can also host larger groups of 15-20+ with additional guests staying at our 5* partner hotel on Courti’s doorstep",Greece,1.038961,,,
DNA Hospitality Group,1038961.0,"Greece, Attica, Athens",https://www.linkedin.com/company/dna-hospitality-group,www.dnahospitalitygroup.com,"DNA Hospitality Group was founded in 2023 as a hotel development and hospitality consultancy business based in Greece. With the co-founders' combined experience working in New York, Barcelona, Amsterdam and Athens across the design, marketing, wellness and hospitality industries, the company is founded on a desire to create inspiring and nourishing destinations in some of the world’s most beautiful locations. DNA Hospitality Group is currently developing their first hotel property in the Greek Islands.",Greece,1.038961,,,
Purple Flower Villa - Greece - Sifnos Island,1038961.0,Greece,https://www.linkedin.com/company/purple-flower-villa---greece---sifnos-island,www.purpleflowervilla.com,"A unique traditional villa in Sifnos, one of the most beautiful islands of Greece. It is the perfect place to relax and enjoy the island’s beautiful landscape, its sunny beaches and the famously delicious local cuisine!   The house is located in Artemonas, the island’s best preserved village and the finest place to explore its traditional way of living. Having been built in the late seventeenth century, the house has a genuine example of the famed Cyclades architecture.   Its stone walls and wood decorated ceilings along with the classical furniture and decoration highlight the house’ s history; at the same time its fully renovated rooms provide all modern amenities and conveniences, like air conditioning and wireless high speed internet. The house's rooms include:    • Three bedrooms  • Living room with fireplace  • Dining hall  • Fully equipped kitchen  • Two bathrooms  • Autonomous guest room Purple Flower Villa Sifnos – Greece 0030 694 85 58 620 www.purpleflowervilla.com http://www.facebook.com/PurpleFlowerVilla e-mail: purpleflowervilla@gmail.com Greek Ministry of Tourism Authorized License No: ΜΗΤΕ: 1172K92001071701",Greece,1.038961,,,
Casa La Calera,1038961.0,Greece,https://www.linkedin.com/company/casa-la-calera,www.casalacalera.com,Welcome to Casa La Calera and enjoy a unique and authentic part of Spain. Our beautiful villa is situated in a stunning location in Andalusia at the edge of the town of Teba. The villa consists of 4 spacious self-catering studio apartments with a large swimming pool so you can fully relax and unwind during your holiday.,Greece,1.038961,,,
Bluebell Hospitality Management,1038961.0,"Greece, Crete, Chaniá, 73132",https://www.linkedin.com/company/bluebellmanagement,www.bluebellmanagement.gr,"Η Bluebell Hospitality Management είναι μια εταιρεία διαχείρισης τουριστικών καταλυμάτων στα Χανιά. Συγκεκριμένα αναλαμβάνει: 1. Δωρεάν αξιολόγηση του ακινήτου σας  2. Καταχώρηση και προβολή στις μεγαλύτερες ηλεκτρονικές πλατφόρμες κρατήσεων (Αirbnb, Βooking, Εxpedia κλπ)  3. Τιμολόγηση ανά σεζόν (low, medium, high) 4. Προώθηση στις δημοφιλείς σελίδες κοινωνικής δικτύωσης Facebook και Instagram  5. Εξ’ ολοκλήρου διαχείριση των κρατήσεων 6. Check in/out 7. 24/7 διαθεσιμότητα για τη διαχείριση των αιτημάτων/προβλημάτων/παραπόνων των επισκεπτών καθόλη την διάρκεια της διαμονής τους 8. Επαγγελματικό καθαρισμό από συνεργαζόμενο, εξειδικευμένο προσωπικό  9. Παροχή επαγγελματικής φωτογράφισης του χώρου σας από φωτογράφο συνεργάτη μας 10. Επαγγελματική πλύση του ιματισμού σας 11. Αναπλήρωση ειδών καθημερινής χρήσης (τροφίμων/ροφημάτων, ειδών προσωπικής υγιεινής, αναλωσίμων κλπ) 12. Επιδιόρθωση βλαβών από  συνεργάτες τεχνικούς όλων των ειδικοτήτων, οι οποίοι είναι διαθέσιμοι 24/7 13. Συνεχής ενημέρωσή σας για την πορεία των κρατήσεων",Greece,1.038961,,,
Mahbir Social,1038961.0,"Greece, Attica, Athens",https://www.linkedin.com/company/mahbirsocial,www.mahbir.social,"Mahbir Social is a fresh approach to short-term property rentals, designed specifically to exceed the needs, desires and lifestyles of digital knowmads (and their loved ones). This is the newest (ad)venture by go-getter entrepreneur and digital knowmad himself, Mahbir Thukral. The first Mahbir Social property will be opening this winter (2023) in Athens, Greece. Forget about your typical Airbnb rentals with only one roll of toilet paper and uncomfortable workspaces. Mahbir Social is guest-centric hospitality for the new era of working, living and travelling. Get ready to be inspired, energised, productive and professional. Bring your laptop and sunscreen, and we'll provide the home away from home-office and ouzo! Geia mas! Curious to see what we've got planned? Let's socialise on Instagram: www.instagram.com/mahbirsocial  Teamwork makes the dream work! Got a collab idea? Send Mahbir an e-mail: contact@mahbir.com",Greece,1.038961,,,
Pelion Resort Hotel,1038961.0,"Greece, Magnesia, 37011",https://www.linkedin.com/company/pelion-resort-hotel,www.pelionresort.gr,"Built 2008, 4 stars hotel, built like a «village» according to the traditional local architecture of Pelion mountain area. Due to its privileged position, it allows easy walking access to the village’s centre through picturesque pavements and offers the calm and fascination of Pelion natural environment and  the magnificent panoramic view of Thessaly Mountains, Makrynitsa village, and the port of Volos, along with the 4 stars hospitality and services.",Greece,1.038961,,,
Alexandros By The Beach - Serifos,1038961.0,Greece,https://www.linkedin.com/company/alexandros-resort,www.alexandrosbeachserifos.com,"Alexandros by the Beach is a complex of modernly equipped rooms, apartments and residencies in Livadakia Serifos, tastefully built to offer you a convenient, hospitable and ideal stay, along with friendly, affordable prices. It is directly located on one of the most beautiful golden sandy beaches in Cyclades, Livadakia caressed by Aegean’s sky-blue water. Only a few minutes distance from the center of the island, it is the ideal place for you to relax and enjoy your vacation. We invite you to live a unique experience in a picturesque environment and to fully taste the concept of Greek hospitality but also the high level of quality services we give to our clients.",Greece,1.038961,,,
Eλa Hotels,1038961.0,Greece,https://www.linkedin.com/company/elaboutiquehotels,www.elahotelsmykonos.com,"Ela Hotels, a luxury hospitality brand owned and operated by MJK Investment Group, exemplifies the Group’s commitment to excellence, innovation, and sustainability in the tourism sector. Among the distinguished properties under this brand is a 13-room boutique hotel situated on Elia Beach, Mykonos, offering guests a unique and exclusive experience in one of Greece’s most sought-after destinations. As part of MJK Investment Group’s diversified portfolio, this boutique hotel reflects the strategic focus on high-return real estate investments within the luxury tourism market. The property is designed to provide a personalized and intimate experience, catering to discerning travelers seeking both comfort and sophistication. The ownership of Ela Hotels by MJK Investment Group ensures that each property benefits from the Group’s extensive expertise in real estate investment and development. MJK’s strategic oversight guarantees that Ela Hotels consistently delivers superior guest experiences, maintains high operational standards, and achieves strong financial performance. This integration into MJK Investment Group’s portfolio underscores the Group’s vision to expand its presence in the luxury tourism market, focusing on properties that offer unique, culturally rich experiences while aligning with MJK’s long-term growth strategy.",Greece,1.038961,,,
Santorini Heights,1038961.0,Greece,https://www.linkedin.com/company/santorini-heights,www.santoriniheights.com,"Welcome to the highest spot in Santorini (480 m.), a spot where a mesmerizing view of the entire island unfolds right at your feet, a spot where living in harmony with nature meets the luxury of beautifully appointed facilities and genuine hospitality. Welcome to Santorini Heights. On the very top of the island, near the traditional village of Pyrgos and right in the heart of a ""Natura 2000"" Protected Area,  this complex of five individual, luxurious suites offers a new take in private, yet comfortable and homely accommodation that will transform your holidays in Santorini into the unforgettable experience of a lifetime! The wildness of the scenery blended with local, natural construction materials and craftsmanship and eco-friendly infrastructure and technologies has created a fusion of luxury and tradition guaranteed to please even the most eclectic of visitors. Your trip begins now. Welcome to Santorini Heights.",Greece,1.038961,,,
Klelia Hotel,1038961.0,"Greece, Laconia, Monemvasia Laconias Monemvasia, 23070",https://www.linkedin.com/company/klelia-hotel,www.klelia.gr,"This small hotel in Monemvasia is situated 120 metres from the sea. Each apartment has a balcony overlooking the water and the rock of Monemvasia. Hotel Klelia offers a gym and an outdoor chessboard. When weather is sunny, guests can enjoy breakfast in the hotel garden. Each of Klelia's rooms is equipped with a kitchenette and all cooking utensils to make a meal. The rooms also have TV, air conditioning and free Wi-Fi. Elaphonisos and the Castle of Mystras are located less than 40 km from Monemvasia",Greece,1.038961,,,
Sentimento,1038961.0,Greece,https://www.linkedin.com/company/sentimento-thassos,sentimento-thassos.com,Sentimento is inspired by our vision of how the ideal vacation home should be. We built it exactly at the place where the skirt of the mountain meets the waves of the Aegean Sea.  We created this place to gift all of our guests the pure delight of sharing a moment of happiness with their loved ones.,Greece,1.038961,,,
Naplify,1038961.0,"Greece, Central Macedonia, Thessaloníki, 6 Bizyinou, 56224",https://www.linkedin.com/company/naplify,www.naplify.com,.,Greece,1.038961,,,
Donkey Hotels & Resorts,970415.0,"Greece, Attica, Athens, 16 Filellinon Str. Syntagma Square, 10557",https://www.linkedin.com/company/yes-hotels-group,www.donkeyhotels.gr,"Originality and innovation lie at the heart of Donkey Hotels' hospitality approach, which features five distinctive properties: Intercontinental Athens, NEW Hotel, Semiramis, Periscope, and NOŪS Santorini. Each property offers a unique experience, immersing guests in local culture, cutting-edge design, and contemporary art. Every detail is thoughtfully curated to blend style, comfort, and heritage, making each stay truly unique. Hospitality here becomes an evolving art form, with each hotel serving as a tribute to its surroundings. Creativity meets destination, transforming each visit into a memorable journey.",Greece,0.970415,,,
Terotech Networks Recruitment,954464.0,"Greece, Attica, Athens",https://www.linkedin.com/company/terotechnetworksrecruitment,arahrconsultingpartners.com,"ARA HR Consulting Partners is a dynamic company with vast experience and expertise in HR and Recruitment. We provide high-quality, reliable recruitment services to global businesses in Hospitality, Constructions, Logistics, Manufacture, Telecommunications, Healthcare and more.  We strengthen your business in the field of human resources, undertaking the recruitment process (sourcing and screening of candidates, interviews and the references' check). 1) we can help you spread your network in the right places  2) we can help you raise the quality of your human resources 3) we can assure you that it will be accomplished on time Through this we achieve to:  1) Eliminate the turnover rate 2) Increase Productivity 3) Enrich your employee's morale",Greece,0.954464,,,
Vergina Beach Hotel,944444.0,"Greece, Crete, Chaniá, 73014",https://www.linkedin.com/company/vergina-beach-hotel,www.verginahotelcrete.gr,"Vergina Beach is set on the long sandy and sun blessed beach of Agia Marina, well known for its’ golden sand and crystal waters. Pamper yourself at a contemporary accommodation that joints seafront vistas and modern amenities. Be spoiled by sunbathing at the beach, swimming in the blue sea or just enjoying the sunset with a cocktail!",Greece,0.944444,,,
Porto Village Hotel,927176.0,"Greece, Crete, Irákleion",https://www.linkedin.com/company/porto-village,www.portovillage.com,Porto Village is the best companion for your vacation in Hersonissos. We understand your need to relax and we will do our best for you!,Greece,0.927176,,,
Villa Phoenix Apartments & Studios,927176.0,Greece,https://www.linkedin.com/company/villa-phoenix-apartments-&-studios,www.villa-phoenix.com,"Villa Phoenix Apartments & Studios provides summer vacation rentals (apartments and studios) in a quiet location by the sea in Keri beach (also known as Limni Keriou / Keri Lake Resort), Zakynthos Island (Zante), Ionian Islands, Greece. Provided facilities include: Air conditioning Satellite television Free high-speed Wi-Fi internet access Fully equipped kitchenette Autonomous furnished verandas In the public space you can find:  Furnished atrium for relaxation at the top of the building with uncompromised view Our green garden with trees, flowers and grass Washing machine (upon request) Free parking Services include:  Car rentals in competitive prices Boat rentals in competitive prices Taxi call (upon request) Fax & photocopy service Daily room cleaning Linens and towels change twice a week",Greece,0.927176,,,
Keep Exploring Greece,927176.0,"Greece, Attica, Athens",https://www.linkedin.com/company/keep-exploring-greece,acropolisuites.com,"Our Mission Provide hospitality services on the highest level in order to meet the needs of all our guests, enhance customer satisfaction and to become the preferred choice of accommodation for the Corporate & Leisure traveller by delivering first class customer service with our wide range of services and accommodation choices. Our Vision We aspire to be the preferred hospitality company and partner of choice for our guests, colleagues and business partners.",Greece,0.927176,,,
Bluerock Hospitality,927176.0,Greece,https://www.linkedin.com/company/bluerock-hospitality,bluerockhospitality.com,"BlueRock Hospitality is a villa rental and management company based on the well-known Paros Island, Greece. Specializing in exclusive villa properties, we offer a curated selection of luxurious accommodations to suit every taste. Our commitment to excellence extends beyond rentals, providing personalized concierge services to ensure a seamless and memorable stay.  From tailored travel itineraries to bespoke in-villa experiences, BlueRock Hospitality is dedicated to delivering unparalleled service, making us the top choice for discerning travellers seeking the best in Paros Island villa rentals.",Greece,0.927176,,,
OnlineHolidays.gr,927176.0,"Greece, Attica, Athens, Φιλελλήνων 4 Σύνταγμα",https://www.linkedin.com/company/onlineholidays-gr,www.onlineholidays.gr,"H onlineHolidays.gr είναι μία ολοκαίνουργη ιστοσελίδα τουριστικών υπηρεσιών, που φέρνει νέα δεδομένα στις online κρατήσεις. Δημιουργήθηκε αποκλειστικά από έμπειρους επαγγελματίες του τουρισμού. Από ανθρώπους που σχεδιάζουν και προετοιμάζουν προτάσεις για λογαριασμό σας. Η onlineHolidays.gr  αποτελεί μια εταιρία που φιλοδοξεί να γίνει ο προσωπικός σας σύμβουλος σε θέματα ταξιδιών, ξενοδοχείων και διακοπών. Γι’ αυτό, οι περισσότερες από τις προτάσεις μας θα έχουν και το στοιχείο της «αποκλειστικότητας» και θα είναι στην καλύτερη τιμή της αγοράς. (Οι περισσότερες από τις προσφορές μας ισχύουν μόνο για κατόχους Ελληνικού διαβατηρίου).   Η Δέσμευσή μας Να σας προσφέρουμε συνεχώς τις πιο αξιόπιστες επιλογές στον τομέα του τουρισμού, με πολλές προτάσεις και προσφορές, όσο το πιο  δυνατόν αποκλειστικές. Κλασικές αλλά και νέες, πρωτοποριακές προτάσεις, που θα βρίσκετε μόνο στην onlineHolidays.gr .  Φιλοδοξούμε να κερδίσουμε την εμπιστοσύνη σας με την πληρότητα & την ποιότητα των υπηρεσιών μας.",Greece,0.927176,,,
Levidi Suites,927176.0,"Greece, Arcadia, Levidi Arcadia Levidi, 22002",https://www.linkedin.com/company/levidi-suites,www.levidisuites.gr,"Located on the feet of Mount Mainalon, 500 metres from the centre of Levidi, this stone-built hotel offers elegant suites with fireplace and views to Orhomenos Hill. It features a stylish café and is only 11 km from the ski centre. Featuring contemporary decoration with quality linens and earthy colours, all the spacious units at the Levidi Suites feature a flat-screen TV and seating area with a modern sofa. Each has a microwave and dining area. The bathroom is stocked with toiletries, bathrobes and slippers. A gourmet breakfast including homemade jams and local cheeses is provided daily in the dining area. Drinks and coffee are served at the bar. A lounge area with fireplace and views to the countryside is available to all guests. Free Wi-Fi is offered throughout the hotel. Ancient Orhomenos is 4 km away. The scenic Dimitsana village is within 38 km. Free private parking is offered on site.",Greece,0.927176,,,
Escale Yachting,927176.0,Greece,https://www.linkedin.com/company/escale-yachting,escaleyachting.com,"Escale Yachting created by Denis Kyriazis in 1987, is the first  Greek Maritime agency specialised in cabin cruises with a concept of active sailing. Based on the Island Syros, the capital of the Cyclades, Escale  Yachting is an international team of passionate and enthusiastic professionals having a big experience of the marine environment.",Greece,0.927176,,,
FULL HOUSE Hospitality Solutions,927176.0,"Greece, Central Macedonia, Heraklion - Thessaloniki",https://www.linkedin.com/company/full-house-hospitality-solutions,www.full-house.gr,"Full House Hospitality Solutions was founded in 2020 by Manolis Manousos and is based in Heraklion, Crete. The company cooperates with the most experienced professionals in the field of hospitality, catering and hotel management. Starting from our customer-centric philosophy, we use the in-depth knowledge of the hotel industry and create trust partnerships with hotel owners, institutional or private investors in Crete and throughout Greece. Full House Hospitality Solutions offers a wide range of hotel services: consulting support, management, marketing, sales optimization, opening preparation, construction &amp; renovation supervision, etc.",Greece,0.927176,,,
Boutique Hotel Skamnos Arachova By Delphi Greece,927176.0,Greece,https://www.linkedin.com/company/boutique-hotel-skamnos,www.skamnos.com,"Perched on mount Parnassos at an altitude of 1250 meters and a stone's throw away from the cosmopolitan Arachova (12 km.) and Parnassos ski resorts (10 km), Boutique Hotel SKAMNOS is the ideally place for those who want to escape from the stress and bustle of the city, those who love the mountains, the tranquility of the nature, the sports and excursions in the woods.  Beyond the classic choice in indulging into skiing 'adventures' of the surrounding ski resorts, hiking in the spring and summer with experienced guides in the paths of Parnassus, the 4x4 rides, the mountain bike, paragliding and horse riding offered by the SKAMNOS are interesting alternatives that will fill your days. Alternatively, the cosmopolitan Arachova, the archaeological site of Delphi, the Osios Lukas monastery in Stiri, the Corycian Andron which is just 5 km away from the hotel, the peacefull fronat beach village of Itea, the nice village of Antikira and the magnificent village of Galaxidi is within striking distance from our place.",Greece,0.927176,,,
Emily's Luxury Suites,927176.0,"Greece, Kassandra, 63085",https://www.linkedin.com/company/emily-s-luxury-suites,emilysuites.gr,Newly-built beachfront boutique hotel at the center of Pefkohori offering spectacular views of the Aegean Sea and upscale hospitality in Halkidiki.,Greece,0.927176,,,
Orloff Signature Collection - Hotel And Suites Hydra,927176.0,Greece,https://www.linkedin.com/company/orloff-signature-collection-hotel-and-suites-hydra,www.orloff.gr,"The Orloff Signature Collection offers an eclectic range of luxury accommodation in Hydra for guests wishing to experience utmost relaxation and fun while becoming acquainted with the easy-going island life. It is the ideal place for a honeymoon on Hydra Island or for a dreamy wedding on Hydra Island that will forever be engraved in everyone’s hearts. Fully renovated to a luxury 4-star hotel respecting the traditional architecture and continuously updated every year, it preserves a unique character among Hydra Hotels. With an atmosphere of classic elegance and chic bohemian lifestyle, the Orloff luxury boutique hotel has inspired many artists who visit Greece and more specifically the beautiful island of Hydra. The new unit due to open in 2022, The Orloff Legacy Suites, located at breathing distance from the Orloff Boutique Hotel, occupies a fully rehabilitated Hydra mansion of the 19th century. Organized around a traditional patio, the main building comprises a first floor and dependencies, all transformed into luxury independent suites with their own kitchen. Dotted with many windows, the first floor or Virani, was devoted to mending boat sails in the old days while the ground floor was the family living area.",Greece,0.927176,,,
Archontiko Riziko,927176.0,"Greece, North Aegean, Chios, 12 Aristeidi Karava, 82100",https://www.linkedin.com/company/chios-riziko,www.chios-riziko.gr,We are a traditional family owned hotel on Chios island in Greece. Located in the fragrant area of Kampos and just 5km from the city center. The hotel is 100% stone built and was renovated from scratch to replicate its original design of the 18th century.,Greece,0.927176,,,
Evilion Sea & Sun Hotels,927176.0,"Greece, Nei Pori Pieria, 300 Daphnes Street, 60065",https://www.linkedin.com/company/evilion-hotel,www.hotel-evilion.com,"Evilion Sea & Sun hotels in Pieria are special 4 star hotels, spread across two buildings with names Evilion and Stilvi, adjacent to the pool. They are made with great care and attention to details while providing a family atmosphere with people warm and happy to serve you any time that you want to. Evilion Sea & Sun are family hotels in Nei Pori, tied in perfectly with the grandeur of nature that surrounds them and make an ideal place for unforgettable holidays.The smell of the sea is flooded throughout our hotels in Pieria and the simplicity highlights the modern architecture.",Greece,0.927176,,,
Le Ciel Santorini,927176.0,Greece,https://www.linkedin.com/company/le-ciel-santorini,leciel-santorini.com,"A unique, luxurious and elegant wedding venue in Santorini, Greece, with stunning views of the Aegean Sea.",Greece,0.927176,,,
Thymi's Home Hotel,927176.0,Greece,https://www.linkedin.com/company/thymi's-home,www.thymishome.gr,"Centrally located hotel in Skiathos island, operating since 1981. The company's main business is the management of the hotel but also running other touristic enterprises. Quality and design are the main drivers for the hotel's succesful story throughout its operation.",Greece,0.927176,,,
BOUTiE,927176.0,"Greece, Peloponnese, Kalamata, 3 Eiras, 24100",https://www.linkedin.com/company/boutiehospitality,www.boutiehospitality.com,"Our mission is to enable independent hotels & small accommodation complexes maximise their potential and return-on-investment, utilising our ahead-of-the-curve know-how and operational expertise. Our philosophy of offering hospitality based on best-in-class practices and the latest technology, is imprinted both in our privately owned hotel rooms and in our partners’ properties that trust us to bring their vision to life.",Greece,0.927176,,,
Hommrev - Revenue Management For Vacation Home Rentals,927176.0,"Greece, Crete, Ágios Nikólaos, 3 Ariadnis, 721 00",https://www.linkedin.com/company/hommrev,hommrev.com,"We are a Revenue Management Agency focusing on independent vacation home rentals. In other words, we optimize commercial performance by increasing revenue and decreasing sales costs.",Greece,0.927176,,,
Aelia Hotel,927176.0,Greece,https://www.linkedin.com/company/aelia-hotel,aelia-andros.gr,"The Cycladic-styled Aelia is a family business, designed for visitors who want to experience the ultimate Greek hospitality on Andros Island. Every morning we prepare homemade breakfast using only local products, which you may enjoy while being surrounded by the beauties of nature. Organic toiletries, soft linen and private terraces overlooking the enhanting garden will make you feel like home. The synthesis of heritage, loyalty and devotion lies at the heart of the Aelia Apartments’ success. We look forward to welcoming you, with the certainty that you will be delighted with our Greek hospitality and you will create unique summer memories.",Greece,0.927176,,,
Kouros Home Boutique Hotel,927176.0,"Greece, South Aegean, Ródos",https://www.linkedin.com/company/kouroshomeboutiquehotel,www.kouroshome.com,"The traditional Kouros Home Hotel is situated at Faliraki-Rodos, just 100 meters from the beach and next to the Nudist Beach. It offers self-catered accommodation with free Wi-Fi. Restaurants and bars can be found within a 5-minute walk. Overlooking the mountain or the garden, the air-conditioned units of Kouros Home have a kitchenette with fridge and cooking facilities. Each has a seating area and a private bathroom with shower.",Greece,0.927176,,,
Your First EURES Job Powered By ManpowerGroup,927176.0,Greece,https://www.linkedin.com/company/your-first-eures-job-powered-by-manpowergroup,www.yourfirsteuresjob.gr,"Employment opportunities for young people 18-30 years old from the Tourism & High-Tech sectors in selected EU member countries other than their own. Your first EURES job powered by ManpowerGroup, the global leader in innovative work solutions, is a job mobility scheme that supports young candidates and companies, while strengthening the EU job mobility.",Greece,0.927176,,,
Marianna Apartments Almyrida Chania Crete,927176.0,"Greece, Crete, Chaniá, 73100",https://www.linkedin.com/company/marianna-apartments,www.almyrida-apartments.gr,"Marianna Apartments in Almyrida Chania will offer you comfortable holidays during your stay in Crete! A family business that takes care of our guests!! Our 3 keys apartments complex ( Greek Tourism Organisation GTO number 1042K123K2943301)- not many 3 keys complexes in Chania- has large and airy rooms with ceiling fan, fully equipped kitchenette, bath with hairdryer, private balcony, air condition, satellite 26″ led tv (with record function to record your camera’s videos or a football game to your usb), plenty of parking space within our premises, 24h reception and a swimming pool to enjoy your swim and sunbathing.",Greece,0.927176,,,
Splanzia Hotel,927176.0,"Greece, Crete, Chaniá",https://www.linkedin.com/company/splanzia-hotl,www.splanzia.com,"We have a background of many years in hospitality. We have been working with passion taking care of our guests in order to understand and fulfill their tastes and wishes. Splanzia hotel, is our way, of suggesting a new idea of hospitality, strictly related to the concept of familiarity and design, together with the Greek taste for beautiful things that make life pleasant. Our charming little family run, eight room “boutique hotel”, emphasizes on hospitality and local traditions as well as on the comfortable, contemporary and discrete décor of this stylishly restored Venetian building. Service is intimate, relaxed and friendly, with emphasis on using fresh homemade and local produce in anything we serve – we believe the famous Cretan friendliness should not be forsaken to be “chic”! At Splanzia hotel style and comfort combine in our designer rooms. Your beautiful room, lavish and timelessly elegant, are be equipped with the best facilities. Every room at Splanzia boutique Hotel has been individually designed by (Bentley Awards World’s best architecture winner) designer John Yiannikakis with a perfectionist eye for detail and with the guest’s comfort foremost in mind creating a calming and luxurious ambience. Adorned with a mixture of contemporary and classical furniture are decorated in a mixture of quiet yet elegant style while utilizing state of the art equipment available to achieve our guest’s comfort , all within a stunning Venetian building, epitomizing the timeless style of Splanzia hotel.",Greece,0.927176,,,
Recreate Hotels,927176.0,"Greece, Crete, Chaniá",https://www.linkedin.com/company/2385870,www.recreate.gr,"Our company offers you a comprehensive proposal for the renovation and upgrading of your hospitality business. We can offer a competitive package which includes equipment / furniture, study / design, consulting and construction in small scale. In this way you have a complete result that will make your business perform better.",Greece,0.927176,,,
D&A Services,927176.0,"Greece, Attica, Athens",https://www.linkedin.com/company/d-a-services,www.daservices.gr,AirBnb Management. Let us manage your short-term rental. Let your guests experience Excellence.,Greece,0.927176,,,
MyZen Homes & Villas,927176.0,Greece,https://www.linkedin.com/company/myzen-villas,myzenvillas.gr,MyZen Homes & Villas is a Greek luxury hospitality company founded by Evangelos Anastasiou and Antonis Tsimpris in 2019.,Greece,0.927176,,,
Manthos Mountain,927176.0,Greece,https://www.linkedin.com/company/manthos-mountain,manthosmountain.com,"The elegance of the space, the cozy decoration and the exceptional attention to detail, create a unique accomondation experience. Combining the nature of Pelion with modern spaces, Manthos Mountain is a welcoming, luxurious residence making every stay a special adventure. The large windows overlooking the nature, the large fireplaces and the elegant furniture meet the indoor boutique, the open-air restaurant, the bar with fireplace and the luxurious spa area.",Greece,0.927176,,,
Bedspot Group,927176.0,Greece,https://www.linkedin.com/company/bedspothostel,www.bedspot.gr,"Introducing Bedspot Hostels and Apartments, the new standard in holiday accommodations! At Bedspot, we offer premium bunk-bed rooms, private rooms, and apartments in prime locations of highly sought-after destinations. Our inaugural venture is situated in the heart of Santorini Island, in the picturesque town of Fira. Our mission is to provide a cozy and intimate stay, allowing guests to fully immerse themselves in the local culture and attractions. With a focus on fresh and clean design, we strive to deliver an exceptional holiday experience without breaking the bank. Bedspot Hostels and Apartments is the perfect blend of affordability and quality, making it possible to enjoy the beauty of high-cost destinations without sacrificing comfort. Bedspot Apartments are designed to promote the independence of each traveler and encourage exploration of each destination. Our fully automated smart technologies ensure swift and easy check-in, while our simple yet comfortable studio designs and central locations offer a convenient and relaxing stay. Our properties are located in Santorini, Astipalaia, Paros, and Heraklion, allowing guests to experience the unique charm and beauty of each destination 1 2. Join us at Bedspot Hostels and Apartments and experience the perfect balance of luxury and value in your travels.",Greece,0.927176,,,
Head In Beds,927176.0,"Greece, Central Macedonia, Thessaloníki",https://www.linkedin.com/company/head-in-beds,www.headinbeds.com,Head in Beds is a hospitality boutique agency with years of experience and passionate about online direct sales. It was founded in 2009 and it is a certified Google Partner.,Greece,0.927176,,,
All4Greece,927176.0,"Greece, Attica, Athens",https://www.linkedin.com/company/all4greece,www.all4greece.com,Apartments and studios in Athens and Evia,Greece,0.927176,,,
RhodesRentals.gr,927176.0,Greece,https://www.linkedin.com/company/rhodesrentals,www.rhodesrentals.gr,,Greece,0.927176,,,
Agia Pelagia Hotel Bellevue,927176.0,Greece,https://www.linkedin.com/company/agia-pelagia-hotel-bellevue,www.agia-pelagia-bellevue.com,"Villa bellevue is is a family run beautiful 3 star Hotel – Apartment and studio complex . Situated 17-18 kilometers west of Heraklion in an enviable and  unique situation overlooking the small picturesque bay of Ligaria and the tourist resort and fishing village of Aghia Pelagia It is built in a quiet and hospitable environment of natural beauty , with spectacular views to the sea and of the  mountains . Only 1200 meters from the centre of Aghia Pelagia and 800 meters from Ligaria Beach . The hotel is built in 7000square metres of lush greenery of palm ,  olive , lemon and hibiscus trees . The elevated garden area provides plenty of space for guests to move around in . On arrival in their room guests will find  free of charge ;  a bottle of home made wine, fresh seasonal fruit and a bottle of mineral water      The hotel consists of 6 separate buildings of studios and apartments, which measure between 35 to 55 square metres with balconies or terraces They are all fitted with cable television , direct dial phones .King size beds, private bathrooms , with baths or showers and kitchenettes . The Hotel  also provides a safe parking area , reception with safes , A friendly, informal Greek style Tavern serving breakfast , lunch  or evening meal , a mini market And in the grounds a large pool with umbrellas and sun beds. The sea and beach areas of Ligaria and  Aghia Pelagia are ideal  for  guests to enjoy scuba diving , ski , jet ski , wind surfing and parasailing      The owners of this lovely place will welcome you ,offering a friendly and family atmosphere  Vilabellevue is in the centre of Crete and is in easy reach of many attractions and archaeological sites such as Knossos 20 km. Phaestos  60 km. and of course all the famous museums . Taxi transfers for guests from Heraklion airport to Villa bellevue is approx. 32 -35 euro .",Greece,0.927176,,,
Athens Diamond Hotel,927176.0,"Greece, Attica, Athens, 24 Voulis, 10563",https://www.linkedin.com/company/athens-diamond-hotel,www.athensdiamondhotel.com,"The Diamond Hotel is created at 2010 for people who recognize quality and demand excellence in all they do. A small intimate boutique hotel in the prime central location of the Plaka district, just 10-minute walk from the Acropolis, next to the well known commercial district of Ermou.",Greece,0.927176,,,
Loucerna Art Hotel,927176.0,Greece,https://www.linkedin.com/company/loucerna-art-hotel,loucerna.gr,,Greece,0.927176,,,
Greek Sea Sun,927176.0,"Greece, Kamena Vourla, 41 Ippokratus, 35008",https://www.linkedin.com/company/greek-sea-sun,www.greekseasun.gr,"We are TEAM of the experienced  advisers. We offer professional and innovative solutions for the hotel and tourism industry in Greece. Our team has extensive experience in the hotel and tourist services sector, gained both in Greece and abroad. We are the authors of the successes of the hotels and the travel agencies operating on the Greek market. We share our experience with investors. We perfectly know the specificity of the Greek market. We follow all changes taking place on the market and constantly improve our services. We offer our partners a wide range of solutions that guarantee success in business on the market we serve.",Greece,0.927176,,,
Hotel Kriopigi - Halkidiki,927176.0,"Greece, Greece, Main Road Kriopigi Halkidiki Region, 63077",https://www.linkedin.com/company/hotel-kriopigi,hotelkriopigi.gr,"The famous Hotel Kriopigi located in Kassandra peninsula at Halkidiki Greece. Is a holiday resort situated near the village of Kriopigi. Built at the most privileged spot of the village, at 120 m of altitude, by the woods, offers unlimited view to the Toroneos gulf and the entire area of Sithonia. The hotel is built with respect to the local architectural style and has 160 rooms and 8 junior suites fully equipped providing all commodities needed for a pleasant stay.",Greece,0.927176,,,
Epiculiar,927176.0,Greece,https://www.linkedin.com/company/epiculiar,www.epiculiar.tours,"Epiculiar is dedicated to providing you with the ultimate local experience! You’ll try some of the best local flavors and hear amazing stories from our hosts along the way. Walking tours, food and culture tours, sailing tours, evening tours and more. Athens, Thessaloniki, Chalkidiki, other locations upon request.",Greece,0.927176,,,
Lolos E.E.,927176.0,"Greece, West Greece, Pátra, Gerokostopoulou",https://www.linkedin.com/company/lolos-e-e,cafepatras.gr,"Our company, established in 1987, welcomes patrons with two distinct dining establishments. In the morning, Café Cinema, a true coffee bar with a rich history. In 2010, More Steps Naja joined the family, a bar offering a unique experience. Both venues are considered landmarks in the city of Patras, leaving behind an impressive cultural legacy.",Greece,0.927176,,,
Lipantsis - Moraitis S.A.,927176.0,Greece,https://www.linkedin.com/company/lipantsis---moraitis-s.a.,,Hotel Manager,Greece,0.927176,,,
Kuero Hospitality,927176.0,Greece,https://www.linkedin.com/company/kuero-hospitality,paxosretreats.com,"Welcome to Paxos Retreats by Kuero Hospitality, the premier vacation rental platform for those seeking the perfect getaway on the idyllic Greek island of Paxos. Our platform offers a curated selection of luxurious villas, apartments and cottages, all of which have been carefully selected and inspected to ensure they meet our high standards of quality, comfort and style. With Paxos Retreats, you can be confident that you'll find the perfect accommodation to suit your needs, whether you're looking for a romantic retreat for two or a family-friendly villa with plenty of space for everyone. At Paxos Retreats, we understand that every traveler is unique, which is why we offer a wide range of properties to choose from, each with its own unique charm and character. From stunning seafront villas with private pools and panoramic views, to rustic farmhouses nestled in the island's picturesque countryside, we have something to suit every taste and budget. Our team of experienced travel experts is on hand to help you every step of the way, from finding the perfect property to planning your itinerary and making recommendations on the best local attractions and activities. We're passionate about ensuring that our guests have an unforgettable experience, and we pride ourselves on providing exceptional customer service and support throughout your stay. So whether you're looking for a romantic getaway, a family vacation, or a group retreat with friends, Paxos Retreats has everything you need to make your dream holiday a reality. Browse our collection of properties today and start planning your perfect escape to this stunning Mediterranean island paradise.",Greece,0.927176,,,
Anthos Apartments Paros,927176.0,"Greece, Paros, Naoussa, Piperaki, 84401",https://www.linkedin.com/company/anthos-paros,www.anthos-paros.gr,"Anthos Apartments  in Naoussa, Paros, offer a wide variety of sea view  studios, suites and apartments with all modern facilities and services for a memorable vacation on the island of Paros.  You can either choose a self-catering accommodation like our studios or apartments where you can prepare your own delicacies with products from the local markets of Paros, A la carte breakfast on request. Everybody though, will cherish those sunset moments at our outdoor café, sipping a fine house wine with great company at the pool. Located  at the entrance of Naoussa, is only a 15 to 20 minutes’ walk from the cosmopolitan Cycladic town and its vibrant life style.  Around 50 m. away from the property’s entrance lays ""Piperaki"", a small sandy beach, ideal for an easy going swim at your leisure.    Anthos Apartments is owned and served by the Piertzovani/Perperoglou family, always ready and available for their guests’ wishes.",Greece,0.927176,,,
HOSTCOMPASS,927176.0,"Greece, Attica, Athens, 6 Odyssou Street Neo Psyhico, 11525",https://www.linkedin.com/company/hostcompass,www.hostcompass.net,"HOSTCOMPASS is your guiding compass for enhancing Short-Term Rental Accommodations, Hotels, and Greek Real Estate Investments in Athens, the Greek Islands, the Greek mainland and Cyprus. We are here to assist Property Owners, Investors, and Hospitality Accommodation Managers in setting themselves apart from their Competitors and enhancing Profitability through the application of Interior Architecture in their establishments. We view things through a business lens, handling Branding, space Layout, Interior Design, Renovation, Lighting, Furnishing, Hotel Equipment Delivery, and Business Decoration for your business.",Greece,0.927176,,,
Messinian Luxury,927176.0,"Greece, Pylias",https://www.linkedin.com/company/messinian-luxury,www.messinianluxury.com,"The finest  villas for rent in the prefecture of Messinia in the southwest Peloponnese, Greece! We have a growing selection of choice accommodation, all picked for their quality and/or charm, their proximity to the renouned Navarino Golf Courses and their comfort. We are dedicated to providing an unforgettable holiday experience to discerning guests and provide tailor-made concierge services with a ""nothing is impossible"" attitude!  - Limo service - Car rental - Private chef - Golf tee time bookings - Helicopter transfers - Outdoor activities (Scuba diving, rock climbing, cycling/hiking tours, water sports etc) - Motor yacht and sailing boat rental We are your peace-of-mind so that your holidays are what your dreams are made of!!",Greece,0.927176,,,
Epavli Luxury Villas,927176.0,"Greece, Attica, Irákleio",https://www.linkedin.com/company/epavli-luxury-villas,epavliluxuryvilla.com,.,Greece,0.927176,,,
Savviou Travel,927176.0,Greece,https://www.linkedin.com/company/savviou-travel,www.savvioutravel.gr,"Το Savviou Travel αποτελεί ένα από τα μεγαλύτερα ταξιδιωτικά πρακτορεία, με πολυετή εμπειρία στο νησί της Ρόδου. Προσφέρουμε κρατήσεις αεροπορικών και ακτοπλοϊκών εισιτηρίων, ολοκληρωμένα πακέτα διακοπών καθώς και οργανωμένες εκδρομές σε προορισμούς εσωτερικού και εξωτερικού. Αν θέλετε να σχεδιάσουμε μαζί το επόμενο ταξίδι σας κλείστε τηλεφωνικά το ραντεβού σας με έναν εξειδικευμένο συνεργάτη μας.",Greece,0.927176,,,
Innspitality,927176.0,Greece,https://www.linkedin.com/company/innspitality,innspitality.com,Παρέχουμε εξειδικευμένες υπηρεσίες και συμβουλές για την επιχείρηση και την λειτουργία του Καταλύματός σας!!!,Greece,0.927176,,,
EverBlue Hospitality,927176.0,"Greece, Crete, Irákleion",https://www.linkedin.com/company/everblue-hospitality,www.everblue-hospitality.com,"A professional Business Consulting Firm, that’s ready to deliver tailored solutions on time.",Greece,0.927176,,,
Medical Retreats In Greece,927176.0,Greece,https://www.linkedin.com/company/medical-retreats-in-greece,www.medicalretreats.eu,"Medical Retreats in Greece provides a free service to patients, allowing them to locate, interact with, and connect to the doctor they need. Our aim is to take the complications out of health care - making it easy to locate health information that is easy to understand. Doctors and clinics from all over Greece register with Medical Retreats in Greece and promote their services to patients. Registered doctors are shown clearly on our search map, making it easy for patients to find the health care providers closest to them. Get in touch! Medical Retreats in Greece offers a free service for patients because we think it is important for you to find the care you need, exactly when you need it. Unfortunately, sometimes we do not have a doctor for the treatment you want in your area, so please tell us! Contact us with your location and the specialized doctor you are looking for and we will try our best to find a doctor offering the treatment you need. We are constantly improving Medical Retreats in Greece and your feedback helps us understand which features you find useful, what needs improving, and not to mention what you think we should add next. If you have any suggestions as to how we can improve this site to make it even easier for you to find a doctor, let us know.",Greece,0.927176,,,
Relax In Greece,927176.0,"Greece, Attica, Athens, 16674",https://www.linkedin.com/company/relax-in-greece,www.relaxingreece.gr,"Relax in Greece began operations back in 2013, by the passion of one person to provide a quality holiday experience to travelers from around the world. With the aim to carry on the tradition of the famous Greek hospitality, we have carefully chosen a handful of beautiful holiday homes in Athens, Aegina island and Parnassos mountain for your enjoyment. An extra “touch” of personalized service is just our way of saying thank you for trusting us and we would love to help you have a wonderful time!",Greece,0.927176,,,
Daphne's Club Hotel Apartments,927176.0,"Greece, Sykia Xylokastro Corinthia, Sikelianou Street, 20400",https://www.linkedin.com/company/daphne's-club-hotel-apartments,www.daphnesclub.com,"Daphne’s Club Hotel Apartments is situated next to the pretty beach of Sykia and the unique “Pefkias” pine forest of Xylokastro. At a distance of only 90 min from the Athens and 60 min from Patras, it is a great place to stop for a few nights or spend long and memorable holidays. Surrounded by a beautiful garden, Daphne’s Club is a small oasis of peace and quiet; yet just 2km away lies the famous summer resort of Xylokastro, with its restaurants, cinemas, bars, shops, tennis courts, spa… Our spacious and sunny 1, 2 and 3-room apartments, all with fully-equipped kitchen, air-conditioning, satellite TV and their own private balcony, can accommodate from 1 to 5 persons. Guests can also enjoy the cosy living room while children play in their in- or outdoor playgrounds. Beach chairs and umbrellas, bicycles, wireless internet access and a guest business desk are provided free of charge. Daphne’s Club Hotel Apartments has been awarded the European “Ecolabel” and the international ""Green Key"".",Greece,0.927176,,,
Unexplored Kefalonia,927176.0,"Greece, Kefalonia, Skala, 28086",https://www.linkedin.com/company/unexplored-kefalonia,unexplored.gr,Unexplored is owned and run by a local family from Skala Kefalonia. Our goal is to share our love and knowledge of the region with our clients and to safely introduce them to some of Kefalonia’s most stunning sights and unique travel activities. We are especially proud of our selection of tours and activities around Kefalonia. Our cooperation with the island’s finest and most specialized tourist agencies combined with our unique travel activities offer our customers a variety of authentic travel experiences.,Greece,0.927176,,,
Hotel Anesi,927176.0,"Greece, Attica, Metamórfosi",https://www.linkedin.com/company/hotel-anesi,www.hotelanesi.gr,"Welcome to our linked in page. Hotel Anesi is located in Metamorfosis, Athens Greece, only 20 minutes from the El. Venizelos airport and very close to the National Road of Athens. We hold 44 recently renovated rooms and we target to fulfill your business or family needs.",Greece,0.927176,,,
Villas And Mansions Of Santorini Island,927176.0,Greece,https://www.linkedin.com/company/villas-and-mansions-of-santorini-island,www.santorini-villas.gr,"Villas and Mansions of Santorini Island is a selection of Villas  with private pool situated in the picturesque village of Megalochori. Sensitively restored to blend the aesthetics of the old homes , they offer privacy, spacious accommodation, comfort and luxury.",Greece,0.927176,,,
Lagoutaris Evangelos,927176.0,"Greece, Attica, Athens, 11 Pallantos, 118 53",https://www.linkedin.com/company/disaki,www.disaki.com,"Hotel Marketing and Travel Websites Management. Hotel Marketing and Hotel Management Services to Individual Hotels and Travel Websites targeted to Greek destinations. Travel Websites such as traveltoathens.eu, disaki.gr, peloponnesetour.com, islasdelegeo.com.",Greece,0.927176,,,
Yoma Cove Suites,927176.0,"Greece, Zakynthos, Volimes, 29091",https://www.linkedin.com/company/yomacovesuites,www.yomacovesuites.com,"Just built in 2022, Yoma is a complex of five, independent, caved suites in northern Zakynthos. Yoma, in the local zakynthian dialect, means noon. In English, it could translate to midday, afternoon or even signify the time of day when the sun fills the sky. For us, any journey is only complete when our visitor feels centered and full, just like the afternoon Greek sun. Full of sceneries, tastes, smells and our endless Ionian Sea. A fulfilling summer experience unfolds in the northern part of our Zakynthos. Our brand new Yoma Cove Suites is located in one of the most impressive spots of the Fiori di Levante, near the mountainous village of Volimes. Each one of our five, newly built, independent, caved suites is surrounded by a unique Mediterranean terrain which culminates with the endless blue of the Ionian Sea. Yoma truly offers a new experience of luxury holiday accommodation. Luxury, always provided by us with the most authentic way possible. The way of the distinguishable greek hospitality, serenity and relaxation.",Greece,0.927176,,,
Dandelion Villas Paxos,927176.0,Greece,https://www.linkedin.com/company/dandelion-villas-paxos,dandelionvillas.com,"Come closer to Paradise while visiting Paxos islands group. The smallest and most exotic island complex of the Ionian Sea is where all the magic happens. Experience Luxury Villas accommodation with a private pool, enjoy turquoise waters at the finest beaches and taste rare wine vintages. Want more? A hidden harbour, private boat tours, sea caves and much more. The treasures of Paxos and Antipaxos are here to explore and Dandelion Villas Paxos can make all these happen. Book now and discover the epitome of luxury holidays.",Greece,0.927176,,,
ReasonsToVisitGreece,927176.0,"Greece, Attica, Athens",https://www.linkedin.com/company/reasonstovisitgreece,www.reasonstovisitgreece.com,"ReasonsToVisitGreece was established in August 2014 by a group of young Greek minds uniting their forces and their entrepreneurial spirits with one simple mission: ‘To discover and reveal the diverse beauty of Greece’ …the most magnificent journeys are turbulent, intense and surprising. We are honored to share every unique moment with you. Let OUR journey begin…",Greece,0.927176,,,
Drios Luxury Studios,927176.0,Greece,https://www.linkedin.com/company/drios-luxury-studios,www.driosluxurystudios.gr,"Drios Luxury studios is a new project of 2021, which is designed to provide to its visitors luxury accommodation and stylish comfort… An ideal place to calm, enjoy your vacation, and fill your batteries with the sun and the magic of Cyclades. Our hidden heaven is a complex of spacious studios with modern design, beautiful balconies, and a junior suite with a spacious veranda and exterior Jacuzzi. Our studios & suites are, convenient, modern furnished, and fully equipped with a/c, free wifi, and a kitchenette.",Greece,0.927176,,,
SivotaBayVillas Lefkada,927176.0,"Greece, Lefkada, 31082",https://www.linkedin.com/company/sivotabayvillas-lefkada,www.sivotabayvillas.com,"Completely autonomous, with a private parking area. 110sqm (1184 sq ft) each, built in two levels, large porches overlooking the swimming pool and a total private land of about 800 sqm surrounding our villas. The breathtaking view to the famous islands of Ithaca, Atokos, Arkoudi bathed in the turquoise water, the summer sun, the History of the place; What a splendid way to spend your holidays! Amphitheatrically built in a lush grove of simple materials, stone and wood, the Ionian Sea gaze giving the feeling, the hours of sunset, the sea that embraces the sun. The quiet, traditional manufacturing, green environment but mostly luxury is what stands out. You can expect a magnificent view overlooking the green lawn and the olive trees which will fascinate you and store this place deeply in your memory. We guarantee that by visiting our villas you and your family will have the most memorable vacations in Greece. Both Sivota Bay and the rest of the island have unlimited places and natural beauties waiting for you to explore. There are people that come in Sivota for holidays more than 15 years and still discover new things every time.",Greece,0.927176,,,
Orizontes Hotel & Villas,927176.0,Greece,https://www.linkedin.com/company/orizontes-hotel-villas,www.santorinihotelorizontes.com,"Orizontes Hotel & Villas is ideally situated between the town of Fira and Pyrgos village offering breathtaking panoramic views of Santorini Island, the renowned Caldera and Volcano, Fira, Oia, Akrotiri, and the crystal clear blue waters of the Aegean. The hotel is built on top of a hill surrounded by vineyards and combines the traditional architecture of the Cycladic islands with modern interior design. Enjoy a relaxing swim in our beautiful swimming pool – one of the largest on the island – overlooking Santorini or explore the picturesque surrounding area.  The hotel is only 3km from Fira town and within walking distance from the traditional village of Pyrgos, the biggest winery of the island – SantoWines, Prophet Elias Monastery, the Art Space private museum of art, and many local taverns, restaurants, cafés, and shops.",Greece,0.927176,,,
White Coast Pool Suites,927176.0,Greece,https://www.linkedin.com/company/white-coast-pool-suites,www.whitecoast.gr,"Named after the spectacular seaside white rock formations that are part of the property, our adults only hotel is located on a privately owned waterfront nature preserve. Evoking a sense of tranquility and inner balance the property overlooks the sunset and shares the same coastline and stunning rock formations as the famous Sarakiniko beach. The architecture inspires a sense of luxurious simplicity that is further enhanced by private pools in every suite.",Greece,0.927176,,,
Crown Hotel Skioni,927176.0,"Greece, Nea Skioni",https://www.linkedin.com/company/crown-hotel-skioni,www.mycrownhotel.com,"Located on the seafront of Nea Skioni, Crown Hotel with its unique position offers you many possibilities for numerous activities throughout the entire year. You can enjoy your hot summer days on the beautiful private beach with sun beds and umbrellas provided for our guests, or you can experience the thermal baths in Loutra during the winter only 4 km from the hotel. Only a few steps away there are traditional Taverns where you can try some traditional Greek cuisine, overlooking the city’s Harbour. With its peaceful yet busy surroundings, we ensure you will have a pleasant and relaxing stay.",Greece,0.927176,,,
Romantza Mare Hotel,927176.0,"Greece, Attica, Kallithéa, 6o Km Kallithea Rhodes Rhodes, 85100",https://www.linkedin.com/company/romantza-mare-hotel,www.romantza.com,Hotel complex,Greece,0.927176,,,
31 BLUE Ionian Villas,927176.0,"Greece, Lefkada, 31100",https://www.linkedin.com/company/31-blue-ionian-villas,www.31bluevillas.com,"Each of our 31 Blue villas comes with its own private infinity pool, terrace, barbeque area, and parking space. Our villas are perfect for families or groups of friends who want to step away from the hustle and bustle of everyday life and enjoy some quality island life in a calm and modern environment.",Greece,0.927176,,,
MIRA S.A. - City Center Hotel | Absolute Kiotari Resort,927176.0,"Greece, South Aegean, Ródos, 85100",https://www.linkedin.com/company/city-center-hotel-absolute-kiotari-resort,www.citycenterhotel.gr,,Greece,0.927176,,,
Allure Group Hotels,927176.0,"Greece, Lefkada, 31100",https://www.linkedin.com/company/allure-boutique-hotel,allureboutiquehotel.com,"Dedicated to mastering the craft of welcoming luxury in the greek hospitality industry, Allure Group Hotels, a fast growing hotel chain in Lefkada Island, delivers unique lifestyle experiences for travelers in Lefkada’s most beautiful locations. Inspired by its superb strategic location, each of the luxury hotel,  wellness retreat and villa in the Allure collection all over Lefkada Island , is a unique architectural experience in itself and a paradise of opulent amenities, comfort rooms, and amazing people, , all embodying the essence of Greek hospitality. It all started with the creation of Allure Central Boutique Hotel which was available to the public in the summer season of 2018.In 2022 ''Allure Villa'' and ""Allure Wellness Retreat"" were created to offer more amenities and lifetime experiences to Lefkada Visitors.The company in the near future will expand ""Allure Wellness Retreat"" offering a paradise of wellbeing to its guests . ""Allure Boutique Hotel"" has been awarded with the ""BIG SEE Interior Design Award 2019"" from European BIG SEE (Big South-East Europe) - Where life is creativity Organisation, among the best architectural project from 19 European countries. The project has also been nominated for the ""Best Project (Grand Prix) in the category ""hospitality"". It has also been featured at the Domes 2018 Greek Architecture Yearbook as one of the top 100 projects of 2018. Allure Boutique Hotel is located in the center of Lefkas town. It is a city hotel that keeps some of the most traditional architectural elements of the island integrated in a contemporary design.",Greece,0.927176,,,
Higher School Of Tourism Education Of Crete - ASTEK,927176.0,"Greece, Crete, Ágios Nikólaos, 25 Latous, 72100",https://www.linkedin.com/company/higher-school-of-tourism-education-of-crete-astek,www.astecrete.edu.gr,"The Advanced (Higher) School of Tourism Education of Crete (ASTEK) was established in 1995 in the city of Agios Nikolaos to provide quality professional education at the tertiary level in the field of Hotel Management. Today, ASTEK operates under the Ministry of Tourism and offers an academic program designed to prepare senior executives for the hospitality industry.",Greece,0.927176,,,
Anemomylos Windmill Syros,927176.0,Greece,https://www.linkedin.com/company/anemomylos-windmill-syros,www.anemomylos.gr,"It is an authentic windmill which has been restored in keeping with local, traditional architecture, offering a unique experience of Cycladic civilization and a breathtaking view over the Aegean Sea. It is located on the top of the hill in the medieval settlement of Ano Syros, having a panoramic view of the Aegean whilst at the same time offering all modern facilities and home comforts.",Greece,0.927176,,,
Footscapes Of Crete,927176.0,"Greece, Crete, Kástellos Rethymno",https://www.linkedin.com/company/footscapes-of-crete,www.footscapesofcrete.com,"Footscapes of Crete is a small holiday accommodation with three spacious, modernly furnished holiday homes. From the shared pool you have unobstructed views. Our location is on top of a hill. (480m high). The view around is spectacular. We look at the sea, on the Psiloritis mountain and on the mountain chain Lefka Ori. In clear weather you can see the landmark of Chania, 80 km further. It is an ideal place for nature lovers and rest seekers. Our guests experience how the Cretans live, work and celebrate their namedays and celebrations. In the vicinity are several villages, where the inhabitants are still sincerely interested in you. They ask  you where you are coming from and sometimes they give candy or a sandwich before you go. Unique is the central location on the island. It is only 12 km from Rethymno with its long sandy beaches. By car, the southern coast of Crete is approximately 35 minutes away. Both Chania and Heraklion are easy to reach (1 hour). The E4 hiking trail, runs next to our gate. Jeroen will guide you on your walks. He knows the most beautiful places. In Spring he does flower walks and searches for wild orchids, anemones, Cretan tulips, which are growing in Crete everywhere. There are walks in various categories, from light to heavy. Cross country, across donkey paths, through gorges and over calibrated paths. A true experience, you come to places where no tourists will come, in overgrown churches with the most beautiful frescoes and where bats have found their sleeping place. There are regular Griffon vultures flying over because they build their nests in the hills near us. In Summer you witness the swarms of bee-eaters who nest in the area. Our sky at night is very special. Because we do not have light pollution you can observe thousands of stars with the naked eye. In clear weather, it seems that you can touch the Milky Way.  Footscapes of Crete is a very special place.",Greece,0.927176,,,
Athens Stay,927176.0,"Greece, Attica, Kallithéa, 18 Aristotelous, 176 71",https://www.linkedin.com/company/athens-stay,www.athens-stay.com,"A collection of 9 aparthotels and 139 serviced apartments within the city centre of Athens . The aparthotels are developed thoughtfully with contactless technology  in specific areas of Athens in order to provide the desired comfort and convenience for leisure and business travelers. The modern, tech-savvy aparthotels, consist of spacious areas with natural light. They are fully equipped with all necessary facilities and amenities in order to provide a closer feeling to a home and intimacy.",Greece,0.927176,,,
Elite In Crete,927176.0,Greece,https://www.linkedin.com/company/elite-in-crete,www.eliteincrete.com,"Online specialist in villa and boutique hotel rental properties for the independent traveler on the island of Crete, Greece.",Greece,0.927176,,,
Labyrinth Studios,927176.0,"Greece, Crete, Plakias, Plakias Lefkogia Road, 74060",https://www.linkedin.com/company/labyrinth-studios,www.labyrinth-studios.gr,"Labyrinth Studios is a family run self-catering establishment located in Plakias Rethymno. Located on the south coast of Crete, in the area of Plakias, with easy access to beautiful beaches such as: Preveli with its palm trees, Damnoni, Shinaria, Ammoudi, Souda and Plakias. Set in over an acre of olive groves, this lovely natural setting offers a friendly, secluded and relaxing atmosphere. Labyrinth Studios are 500 metres from the beach of Damnoni and one and a half kilometers from Plakias, a beautiful traditional Cretan village with all necessities such as convenience store, rent a car / motorcycle, bank cash point machines, doctors, pharmacies, super markets, restaurants, fish taverns, bars, in general anything one needs for a carefree holiday. Labyrinth Studios consists of 10 fully equipped self-catering studios. All studios are equipped with satellite and local TV, air conditioning, WC with shower, terrace/ balcony with chairs and table overlooking the olive grove, gardens and pool. In all of these studios there is the possibility of Wi-Fi internet access free of charge. In the garden there is a swimming pool, with umbrellas and deck chairs. There is also a shower for our guests. The owners, Fotis & Katerina, will give you a warm welcome and take care of their guests personally, making sure that they enjoy a comfortable and enjoyable stay. Labyrinth Studios operate from beginning of April until end of October.",Greece,0.927176,,,
Paros Exclusive Villa & Services,927176.0,Greece,https://www.linkedin.com/company/paros-exclusive-villa-services,www.parosexclusive.com,"At Paros Exclusive, we are a passionate, dedicated, and professional team based on the island of Paros offering villas and services to owners and travelers.  Our year-round presence on the island has given us a strong knowledge of the local market and tourism industry, which allows us to anticipate our guest’s needs and manage every detail. Through our vast network of local associates, we can ensure that the required high standards of service and excellence are provided to our customers either looking for a holiday rental or property owners looking to lease or manage. Guided by the things we care about as a company and as a group of individuals, our core value is being passionate about offering quality services and creating exceptional holiday experiences – it all starts here because it’s what we’ve spent our summers doing!",Greece,0.927176,,,
Hoteltraining.gr,927176.0,Greece,https://www.linkedin.com/company/hoteltraining-gr,hoteltraining.gr,"At Hoteltraining.gr, we specialize in hospitality staff training and  consulting, empowering hotel teams in Greece, Cyprus, and the Middle East with the skills and knowledge needed to excel. 🔹 Staff Training – We offer on-demand online courses and tailored in-person training designed to enhance service quality, guest experience, and operational efficiency. 🔹 Hotel Consulting – From pre-opening strategies to operational audits and staff development, we provide expert guidance to help hotels achieve sustainable success. 🔹 Industry Expertise – Our trainers and consultants have hands-on experience in hotel operations, ensuring practical, real-world solutions for today’s hospitality challenges. We believe that exceptional service starts with well-trained people. Whether you're launching a new hotel or optimizing your current operations, Hoteltraining.gr is your trusted partner in hospitality excellence.",Greece,0.927176,,,
Host,927176.0,Greece,https://www.linkedin.com/company/17985228,host.gr.com,-Bookings management- Handle bookings and marketing for an extended portfolio of clients owning vacation homes. -Listing optimization- Maximize listing efficiency and extend the presence of vacation homes on Airbnb Booking.com VRBO. -Airbnb market research- Investigate vacation rental markets to identify opportunities and see if they are worth investing in or not. -Virtual assistance- Provide outstanding problem-solving experience on frequently occurring vacation rental problems. -Greek legal framework- Provide consultation on issues related to the Greek Legal Framework for Vacation Rentals. -Real estate- Sell properties in Greece-as of 2024 we will provide real estate service to a limited number of properties.,Greece,0.927176,,,
Trustate Resort,927176.0,"Greece, Central Macedonia, Thessaloníki, 17 Komninon, 54624",https://www.linkedin.com/company/trustate-resort,trustateresort.gr,Handcrafted Bespoke Vacation,Greece,0.927176,,,
Dryopida Mansion,927176.0,Greece,https://www.linkedin.com/company/hotel-galatas,www.dryopidamansion.com,"Welcome to Dryopida Mansion, a soon to be completed 9-room boutique hotel on the Greek Cycladic island of Kythnos. Our website will become a one-stop shop for your visit, including how to get here, booking a room, our services and what to do on Kythnos. The hotel is a renovation of two traditional, neighboring houses and offers rooms for summer holidays, including for families, and has two small conference rooms for low-season use. Services include a locally-sourced breakfast and evening grill restaurant, cocktail bar, garden, lounge, terrace and jacuzzi.  The hotel plans art shows, lectures, lessons, concerts and wine-tastings. Kythnos boasts many beautiful beaches, a network of hiking trails, historic thermal baths, and scuba diving. Night life includes bars, dancing, strolling in the pedestrian village, or just sitting romantically watching the bright stars and planets in the clear unpolluted sky.",Greece,0.927176,,,
LASSION GOLDEN BAY SEA VIEW,927176.0,"Greece, Agia Fotia, 72300",https://www.linkedin.com/company/lassion-golden-bay-sea-view,www.lassiongoldenbay.com,"Séjourner au Lassion Golden Bay est synonyme de vacances réussies. Tout est fait pour et autour du client pour qu'il puisse totalement déconnecter d'une vie toujours plus stressante. Des chambres à la vue mer exceptionnelle, un hôtel à taille humaine, une crête authentique, le soleil, la mer, une cuisine crétoise raffinée, une direction franco-grecque et un personnel toujours ""Happy face"" : C'est le Lassion Golden Bay",Greece,0.927176,,,
Leno Villas In Mykonos,927176.0,"Greece, Mykonos, 84600",https://www.linkedin.com/company/leno-villas-mykonos,www.lenovillas.com,"Nestled in the south of Mykonos, the nicest part of the island, overlooking the Paranga and Platis Gialos beaches, the Leno villas are dispersed across 12,000 sq meters of land, ideally located in a remote area with easy access to the airport and the historic center. Inspired after the local traditional Cycladic architecture, the estate includes ten villas, each equipped with a private or shared swimming pool and with the services of a five stars hotel: wifi, daily cleaning, concierge service but also on request a private chef and yoga classes.  Like ideal holiday houses, the villas reflect the local interiors known in Mykonos with its white stones, arched shaped architecture and cemented bathrooms. On the terrace surrounding the pool a barbecue and an outdoor living space covered by a pergola suitable for lunches and long summer evenings.",Greece,0.927176,,,
ΤοStay,927176.0,"Greece, Attica, Athens",https://www.linkedin.com/company/tostay,www.tostay.biz,τοStay is a hospitality start up which provides fully equipped furnished apartments by offering personalized services to its guests.,Greece,0.927176,,,
FuckUp Coworking Offices Heraklion 24/7,927176.0,Greece,https://www.linkedin.com/company/fuckup-coworking,fuckup.gr,"Fuckup is a 24/7 coworking space that aims to create a community of  entrepreneurs, professionals & innovative people in need for a space  to meet, collaborate, host an event or just work. Vision: “ Fuckup’s mission is to create a world where people work to make a life, not just a living.” Contact us: https://fuckup.gr/",Greece,0.927176,,,
Eos - Traditional Guesthouse,927176.0,Greece,https://www.linkedin.com/company/eos-traditional-guesthouse,www.xenonas-ios.com,,Greece,0.927176,,,
Finix Hotels,927176.0,"Greece, Crete, Rethymno",https://www.linkedin.com/company/finix-hotels,www.finix-hotels.com,"The group Finix - Hotel Developers is the first innovative group that projects the development of any form of hotel. The goal of the group is the conversion of under performing or completely inactive hotels , into sustainable, modern and profitable companies. Innovation in design, construction, organization and operation of hotels under an absolute integrated combination of scientific, technical and business style within the group.",Greece,0.927176,,,
Naxos Plaza,927176.0,Greece,https://www.linkedin.com/company/naxos-plaza,www.plazabeachhotel.gr,4 star Hotel in Plaka beach of Naxos,Greece,0.927176,,,
HOTELLECT - Hotel Investment Advisory,927176.0,Greece,https://www.linkedin.com/company/hotellect,www.hotellect.eu,"We are a dynamic advisory firm with an exclusive focus on the hospitality industry. Our international experience and expertise span from hotel operations to franchise and operator affiliations, brokerage of leasehold and/or freehold hotel assets, debt/equity financing, and to asset management.",Greece,0.927176,,,
Montofoli Wine Estate,927176.0,Greece,https://www.linkedin.com/company/montofoli-wine-estate,www.montofoliwineestate.com,"Montofoli is a family-owned and operated wine estate in South Evia. It is a timeless place, part of the cultural heritage of Greece: Roman, Byzantine, Frankish, Catalan, Venetian, and Ottoman rulers have lived on the estate throughout it's long history. The villas on the estate were built in different historical periods and have been restored with great skill and respect for each their owned unique history.  Hospitality experience: The estate has four private villas, each in its own style, in elegance and modern amenities. They all have great views! The villas can accommodate up to 5-6 people in comfort. The Vineyard was planted in 1986 with four Greek grape varieties: Assyrtiko, Aidani, Athiri and Liatiko. On the estate we produce a unique dessert wine using the method of ""passerillage"", known since Antiquity.",Greece,0.927176,,,
Aria Di Rodi,927176.0,"Greece, South Aegean, Ródos",https://www.linkedin.com/company/ariadirodi,www.ariadirodi.com,"We are a tech-driven Property Management Company operating in Rhodes, Greece, trying to make the travel world better. Since 2014 we are active in vacation rental property management business and in 2015 we built what it's now Aria di Rodi and a boutique hotel with the same name, in the heard of Rhodes Island, Greece, the Medieval Town of Rhodes.  For the past 6 years we have been building a tech-empoered team, offering owners of vacation rentals the easiest and most efficient way to increase their income without the hasssle.  We are an ongrowing business based on trust relationships, transparency and interactive communication.  We support our partners, following the latest technology, the proper legislative framework and the right accounting standards.  #WeCare being a data-driven management team and providing our partners 24/7 communication and monthly financial reports.",Greece,0.927176,,,
Sea Breeze Hotel Apartments & Residences Chios,927176.0,"Greece, North Aegean, Chios",https://www.linkedin.com/company/sea-breeze-hotel-apartments-&-residences-chios,www.seabreezechios.com,"Small is beautiful, a personal approach to Greek Island hospitality! Surrounded by a forest of mastic trees and olive groves in Agios Ioannis, Agios Aimilianos, Sea Breeze Hotel Apartments Chios, offers apartments with breathtaking sea views & with a beach in front. The complex offers an outdoor pool, with beautiful sea views from the terrace. Turquoise the name of a greenish blue color of the Aegean Sea, unique & beautiful blue and Green together, Turquoise, The Color Of the Soul.. Aegean Sea is a relatively small sea, adjacent to the Mediterranean... first things that will strike you is the crystal clear, blue-turquoise and so transparent waters... The apartment’s hotel is in a commanding position, beautifully located between the cosmopolitan beach of Agia Fotini and the beach of Agios Aimilanos. Buffet breakfast enriched with fresh local home made flavours,  is served daily at 0830 AM till 1030 AM at outdoor area  near the outdoor pool, side sitting area wih sea view. Within 500 metres walking distance to  Agia Fotini, beach there are mini markets, restaurants and a beach bar It offers Apartments of different sizes from 50-60 to 71, & 100 sq meters, facing the Aegean Sea. Location ideal and  charming for an authentic & relaxing recreation, holiday vacation. Distance, Agios Ioannis, Agios Aimilianos is 9 kilometres away from Chios Omiros National Airport and 10 to Chios town , walking distance to Agia Fotini beach & Agios Aimilianos in between 3 marvellous beaches. The complex is of excellent standard, with full facilities of (leave your home and find your home). Guests can find on our home web site book a car, offers on car rental, search, compare & book, the island is big a car is a must recommendation for exploring this mystic island. Kalimassia Village is at a distance of 1 km and the coastal fishing village of Kataraktis is 4 km away. Facilities:  mini market, pool bar, swimming pool, free wifi access & free parking.",Greece,0.927176,,,
Hotel Amfithea,927176.0,Greece,https://www.linkedin.com/company/hotel-amfithea,www.hotel-amfithea.gr,"Hotel amfithea is located on the fringes of Mitsikeli mountain, overlooking Pamvotis lake and the beautiful city of Ioannina. A city famous for its legents and traditions. It consists of three two-floor buildings, offering 31 rooms and 2 suites, flexibly configured to meet the diverse needs of our clients. Enjoy the natural beauty for all seasons, creating unique conditions of relaxation for unforgettable holidays throughout the year. Our main concern is to make sure your stay will be comfortable, enjoyable and relaxed. Our hotel site gives you the ability to easily access all roads leading to other beautiful areas of the prefecture of Ioannina (Zagorochoria, Konitsa, Metsovo, Dodoni).",Greece,0.927176,,,
Anna Boutique Villas,927176.0,Greece,https://www.linkedin.com/company/anna-boutique-villas,www.anna-villas.gr,"'Anna Boutique villas' is a luxury residence designed to allow its guests to enjoy the unique Cretan nature in complete relaxation and privacy. Situated on the central part of the island near the Kourtaliotiko gorge, our guests are immersed in the tranquillity of the villa with its swimming pool, garden and lemon groves, overlooking an extensive view of the mountains and sea. Carefully designed to operate over the whole year for those looking for an escape to the countryside and enjoy the stillness of the Cretan mountains and gorges and the Mediterranean blue waters. The residence provides two luxury two floor villas (100m2), and each of them has two double bedrooms (one double and one twin bedroom), two bathrooms, fully equipped kitchen, living room with fireplace, balconies, terraces, barbeque, cocktail bar and swimming-pool. Each villa can accommodate one family or two couples (2-5 persons).",Greece,0.927176,,,
Vilotelia,927176.0,"Greece, Attica, Athens, 7-9 Evripidou, 10561",https://www.linkedin.com/company/vilotelia,www.vilotelia.com,"Vilotelia specializes in efficient and reliable hotel reservation management. Our comprehensive suite of services is designed to simplify the booking process, boost occupancy rates, and enhance your guest experience. Explore how Vilotelia can help your hotel thrive.",Greece,0.927176,,,
NOIMA Hospitality,927176.0,"Greece, Greece, 25th August Street Heraklion Crete",https://www.linkedin.com/company/noima-hospitality,www.noimahospitality.com,"Noima (νόημα) in Greek stands for meaningful, purposeful, anything that creates value and which is of great significance.  We do exactly that.  We provide value to our partners, through meaningful management consulting services which result from our decades of hospitality leadership, deep understanding of Business Analysis, Project Management, Human Capital and Business Development.",Greece,0.927176,,,
Ethos Hospitality Consulting,927176.0,"Greece, Attica, Athens, 16346",https://www.linkedin.com/company/ethos-hospitality-consulting,www.ethoshospitality.gr,"ETHOS Hospitality Consulting is a boutique sales and marketing agency for the hospitality industry. We have hands-on experience with hotels and resorts, short term property rentals, event venues, travel agencies, DMCs, restaurants and cafes.",Greece,0.927176,,,
Eressian Hotel & Hammam Spa,927176.0,Greece,https://www.linkedin.com/company/eressian,www.eressian.com,"The Eressian Hotel & Hammam Spa is an awarded Boutique Hotel & Spa in Lesvos island in Greece. An 1850s historic, listed building has been meticulously converted into a very special Boutique Hotel & Spa that functions as the ideal space from which to discover the unique Eressian Wellness concept.",Greece,0.927176,,,
Wavedance Accommodation,927176.0,"Greece, Attica, Salamína, 18900 Near Mykonou",https://www.linkedin.com/company/wavedance-accommodation,www.wavedance.gr,"Villas by the sea,full of amenities.Ενοικιαζομενα διαμερίσματα πλήρως ανακαινισμένα, με όλες τις ανέσεις.Aпартаменты на берегу моря, полные удобствами! Στιγμές ηρεμίας και χαλάρωσης δίπλα στο κύμα,για το ζευγάρι,την οικογένεια,τους φίλους και όποιον επιλέξει να φιλοξενηθεί στα υπέροχα καταλύματα μας. Ο περιβάλλοντας χώρος των καταλυμάτων WAVE DANCE ACCOMMODATION αποτελείται απο κήπους με γκαζόν και αυλές σε τρία επίπεδα.",Greece,0.927176,,,
Liana Beach Hotel & Spa,927176.0,Greece,https://www.linkedin.com/company/liana-beach-hotel-spa,lianahotel.com,"Your dream holidays in Naxos.The hotel is positioned in front of the beach and right next to all resort amenities, commanding stunning sea views. Offering spacious and stylish accommodation and personal service, Hotel Liana gives the ultimate holidays choice. The combination of white and blue is the characteristic of the Cycladic architecture which defines the exterior and interior areas of the hotel.",Greece,0.927176,,,
Senses Villas - Anatolia Villas Collection-,927000.0,Greece,https://www.linkedin.com/company/senses-luxury-villas-&-suites,anatoliahotels.gr,"It is with great pleasure to present you a new addition to the Anatolia Villas Collection, family “Senses ” in Mykonos near the beautiful beach cove of Elia.  This complex, managed and operated by Anatolia Hospitality, consists of 10 luxurious villas and suites, built with all modern day facilities and comforts in traditional Cycladic architecture on a beautiful landscape overlooking the sea. “Senses” offers 1, 2, 3 and 4 bedroom villas with spacious living rooms, fully equipped kitchens, a large variety of amenities and 4 infinity pools. Together with our professional and personalized service they are guaranteed to make your holiday experience unique and successful. The villas and suites are ideal for groups of friends, couples or families looking for a more exclusive and private holiday on the cosmopolitan island of Mykonos. All have balconies and/or terraces where you can relax and enjoy the beautiful views of the Aegean Sea and beach of Elia. There is also a pool bar on site where you can order cocktails and drinks, or enjoy a snack .",Greece,0.927,,,
MB Group Hotels,862571.0,"Greece, Ionian Islands, Zakynthos",https://www.linkedin.com/company/mbgrouphotels,www.mbgrouphotels.com,"MB Group Hotels is an investment of four luxury hotels in the island of Zakynthos. The Hotels names are Mirage Bleu, Magique Bleu Suites, Mer Bleu and Mythique Blue. At this time the first and second hotel Mirage Bleu and Magique Bleu Suites are already build. In each of the following years 2025 and 2026 the company will build the rest two hotels.",Greece,0.862571,,,
Thealos Village,862571.0,Greece,https://www.linkedin.com/company/thealos-village,www.thealosvillage.gr,"Thealos Village is a complex of luxurious private villas and apartments overlooking the bay of Lygia, a picturesque fishing village 6 km from the center of Lefkada island (also known as Lefkas). Situated on the edge of a lush hillside, just 200 meters from the promenade, the complex combines the beauty of a mountainous landscape with the endless blue Ionian Sea. This delightful resort was created to win a place in the hearts of the visitors. They will love this place so much that every time they plan a affordable luxurious holiday this resort will be the perfect destination.",Greece,0.862571,,,
ARION Suites Mykonos,862571.0,Greece,https://www.linkedin.com/company/arion-suites-mykonos,arionsuitesmykonos.com,"Sea-view summer apartments over the town of Mykonos, next to Megali Ammos beach.",Greece,0.862571,,,
Hideout Suites & Villas,862571.0,Greece,https://www.linkedin.com/company/hideoutsuites,www.hideoutsuites.gr,"Set on an imposing hillside of Ios island right above the awarded Mylopotas beach, overlooking the sparkling waters of the Aegean, Hideοut Suites is a white-washed Cycladic complex of 12 luxury suites and 5 luxury villas, each one with their private veranda and swimming pool. Hideout Suites is built with respect to the natural surroundings, as if it was one with the island landscape. Traditional Cycladic style harmonically balances with contemporary architecture, clear Grecian lines, spacious interiors, minimal decoration and design elements, to convey a mood of relaxation, laid-back atmosphere and the authentic vibe of Ios. The highlight of each suite is the veranda featuring a lounge area and a private pool, all with views to the endless blue. Hideοut is designed for those who seek real holiday pleasures, like waking up to mesmerizing vistas, swimming in the private pool, relaxing at the outdoor lounge, indulging in spa treatments and experiencing premium hotel services.",Greece,0.862571,,,
Skinopi Lodge,862571.0,Greece,https://www.linkedin.com/company/skinopi-lodge,www.skinopi.com,"Skinopi Lodge is a hideaway in the heart of the world’s most beautiful group of islands – the Cyclades. Surrounded by amazing landscape and history, it offers both a peaceful retreat in nature and a sense of discovery with unique opportunities for exploration.",Greece,0.862571,,,
Anita Village | Maisonettes Apartments & Studios With Private Pool,862571.0,"Greece, Περαμα, Λευκιμμης, 49084",https://www.linkedin.com/company/anita-village-maisonettes-apartments,anitavillage.com,"Anita Village has been created with innovative vision for quality and excellence in all year round accommodation in Corfu. Whether on holiday or on business, Anita Village offers supreme accommodation in the form of independent Studios, Apartments and Maisonettes amphitheatrically built around a beautiful and aromatic orange tree gardens. Natural materials have been used both inside and out to a high level of aesthetic finish that provide healthy and comfortable modern lifestyle living to an international clientele.",Greece,0.862571,,,
Ocean Beach Hotel Thassos,862571.0,"Greece, Skala Potamias, 64004",https://www.linkedin.com/company/ocean-beach-hotel-thassos,www.thassos-ocean.gr,"Ocean Beach Hotel is ideally located 5 minutes from the golden blue beach Xrisi Akti of Skala Potamia, surrounded by olive trees and our guests enjoy the tranquility and complete relaxation offered by nature and the wonderful views of the Aegean Sea combined with the elegant luxury of our hotel. You can choose between spacious classically decorated rooms and units with a more modern approach to décor, modern furniture and bright colors. All rooms have a terrace or balcony with garden or sea views, air conditioning, free wifi, flat-screen TV, private bathroom with hairdryer and complimentary amenities. By choosing us you have amenities such as library, restaurant, outdoor pool for adults and children, fully equipped pool bar and  lounge. There is a 24-hour front desk, luggage storage, a business center with photocopier and scanner, daily newspapers and magazines. Meals are served table d'hôte and buffet in the restaurant and on the beautiful terrace where you can taste our cocktails in combination with the excellent flavors suggested by our chef. The port, capital of Thasos is located at a distance of 11 km. The traditional taverns and entertainment venues of Skala Potamia are just 400 meters from the hotel",Greece,0.862571,,,
KYMĀNI Boutique Hotel & Suites,862571.0,Greece,https://www.linkedin.com/company/kymani-boutique-hotel-suites,www.kymanihotel.com,"KYMĀNI Boutique Hotel & Suites is a new entry that brings a fresh refined hospitality vibe in the region of Plakias, Crete.  It is inspired by the true substance of traveling. Its name derives from Africa and the era when pre-historic travelers started their first boat trips in the widest area of southern Crete. ""Kymani"" means ""the adventurous sea traveler"" and is an ode to the free genuine spirit of voyage.  This is what KYMĀNI calls you to be; someone who leaves his regular context behind and wakes up in a laid-back atmosphere under the Greek sun.  Designed to reflect a tranquil and discreet quality, the hotel consists of 11 suites and rooms with interiors that combine the regional authentic charm with thoughtful and stylish architecture. Earthy tones and distinctive furnishing  trigger feelings of calmness and delight as the unspoiled landscape of Plakias weaves the ethos of Cretan hospitality.",Greece,0.862571,,,
SantAnna Luxury Suites,862571.0,Greece,https://www.linkedin.com/company/santanna-luxury-suites,www.santannaluxurysuites.com,"Situated in Imerovigli, SantAnna embodies the cosmopolitan personality of the island’s capital. Its privileged location combines mesmerizing nature views with the town’s vibrant life. Featuring 14 luxurious suites with 5-star amenities, the exquisite property is designed for the modern-day, high-end traveler. SantAnna Luxury Suites is luxury at its finest guaranteeing to satisfy even the most demanding guests. Unwind in one of our extravagant suites that include outdoor seating areas with sea views and leave the rest to us.",Greece,0.862571,,,
Pelion Homes,862571.0,Greece,https://www.linkedin.com/company/pelion-homes,www.pelionhomes.com,"If you’re looking for balance in life and want to explore paradise in nature, you’re in the right place. As a family and team of like-minded people, we live and breathe Pelion mountain life and our love and passion for the natural environment and hospitality attract returning guests and friends from around the world! A few years ago, we created Pelion Homes. A collection of beautiful stone-built villas in Pelion. Our unique holidays and wellness concept harmonically combines beautiful accommodation, surrounded by lush mountainside vegetation with outdoor nature and wellness experiences in Pelion such as; Yoga & meditation retreats, trekking, community cultural events & educational workshops. Join us and discover the hidden secrets of Pelion – Feel truly at home in a beautifully designed, rustic stone-built villa. Refresh your body and mind on a wellness retreat & holistic workshop. Immerse deep in nature on a foraging adventure. Surprise your gastronomic senses with a personalised culinary experience.  Welcome to your Pelion paradise! It’s everything you dreamt of and more.",Greece,0.862571,,,
Optima Lodgings,862571.0,Greece,https://www.linkedin.com/company/optimalodgings,www.optimalodgings.com,"Organisation, hotel management and business consulting The utilization of the natural wealth of Greece through innovative tourist services, which highlight the natural environment and offer unique opportunities for unforgettable holidays, is a combination of professional genius and art.  This is the purpose of Optima team from 2017 until today. Based in Naxos, Optima provides a complete set of services for the hotel management, consulting, and marketing promotion of every business in the field of hospitality, which allows any business to leap into the constantly evolving environment of the Greek tourism market. Through innovative analysis, market research, and the use of state-of-art technological software, Optima develops the capabilities of each business, maximizes its profits, and creates the conditions to take a leading role in the competition.",Greece,0.862571,,,
Authentic Kefalonia,862571.0,"Greece, Kefalonia, 28100",https://www.linkedin.com/company/authentic-kefalonia,www.authentickefalonia.com,"Hospitality Management consists of many co-depending sectors and needs to be coordinated by professionals who understand the purpose of hospitality.  We offer quality services to house and villa owners, or small hotel owners, who wish to turn a home or an investment property into a vacation rental. Being a devotee of wide knowledge and awareness, I combine my education, experience and personal interests with my organizational, communicational and marketing skills. I am focused on developing profitable hospitality units while incorporating the local culture and honoring my homeland Kefalonia.",Greece,0.862571,,,
Sikinos Travel,862571.0,Greece,https://www.linkedin.com/company/sikinos-travel,sikinostravel.com,"Sikinos Travel was founded on 2018 and aims to reveal the hidden paradise of the Aegean, Sikinos island, providing a unique holiday experience. Our mission is  to provide our visitors with services such as: • Renting accommodations. • Cooperating with clients to determine their needs and advising them appropriate destination, modes of transportations, travel dates, costs and accommodations. • Providing relevant information, brochures and publications (guides, local customs, maps, regulations, events etc) to travelers providing the visitors with a top accommodation experience. Trust us for an unforgettable stay that pairs comfort with tradition. Our team will help you book the perfect property for the holiday of your dreams!",Greece,0.862571,,,
MELITI WATERFRONT SUITES,862571.0,"Greece, Ionian Islands, Karavomylos - Sami",https://www.linkedin.com/company/eucalyptus-apartments-kefalonia,www.melitisuites.com,"Meliti is a collection of luxury suites in Kefaloniai, inspired by the island’s scents and diverse flora, conveying a relaxing sense across all the interiors. Our spacious suites in Kefalonia relay a feeling of fulfillment; their soothing color palette, with bursts of color here and there, and an overall minimal, modernist decor create an environment that allows you to fully relax, guaranteeing comfort whether you are staying as a couple, a group of friends or as a family. Our 21 unique suites of one to three bedroom apartments promise you a proper Greek island holiday, characterized by comfort and enjoyment.",Greece,0.862571,,,
Alpha Bespoke Hospitality,862571.0,"Greece, Attica, Athens",https://www.linkedin.com/company/alpha-bespoke-hospitality,www.alphabespokehospitality.com,"We view holidaymaking and travel as an investment, an investment of capital but more importantly, an investment of time - the most valuable resource of all. Alpha’s main goal is to ensure our clients’ time is well spent.  Alpha Bespoke Hospitality, founded by Hector and Jason Verbis, is a premium travel agency providing bespoke services encompassing all aspects of holidaymaking and travel. Exclusive experiences and tailor-made solutions for our clients lie at the core of our philosophy. From travel and accommodation to F&B, wellness, and everything in between, we are here to make sure every single one of our clients’ needs and requests -no matter how big or small- are met. In short, what we offer is luxury at its finest.",Greece,0.862571,,,
KALYA SUITES,862571.0,Greece,https://www.linkedin.com/company/kalya-suites,www.kalyasuites.com,"Kalya Suites Hotel features a modern design and contemporary amenities that are perfectly combined with the bohemian spirit. Thanks to its privileged position, the property offers its guests superb views of the endless Aegean Sea. Kalya Suites hotel is characterized by the traditional cycladic architecture and its interiors are defined by a soothing, tonal color palette and natural materials creating a boho inspired styling concept as an ode to the soul of the Aegean sea & greek sun light.",Greece,0.862571,,,
Corinthian Village,862571.0,Greece,https://www.linkedin.com/company/corinthian-village,www.corinthianvillage.com,,Greece,0.862571,,,
Homm,781417.0,"Greece, Attica, Athens, 83 Poseidonos Avenue Glyfada, 16675",https://www.linkedin.com/company/hommgreece,www.homm.gr,"homm® is a 100% Greek company launched in 2004 and dealing in the market of property/hotel management in various strategic areas of Athens and Mykonos, as well as the wider area of Greece. With 70% of privately-owned real estates, we believe in treating your property as if it’s our own, ensuring the best purchase conditions. Homm® produces investment products by providing consultation regarding  the renovation/reconstruction of your property, as well as the professional advisory regarding a successful sale. homm® is here for all of  you who choose to have a home away from home, in order to obtain a VISA residence permit, fulfilling all the necessary institutional requirements set by current legislation. Collaborating with specialised lawyers and notaries, homm® is providing consulting and full support in the process of the  property purchase to third-country citizens.",Greece,0.781417,,,
Across Hotels & Resorts,752908.0,"Greece, Central Macedonia, Pylaía, 81a 17th November Str.",https://www.linkedin.com/company/across-hotels-&-resorts,acrosshotels.gr,"Across Group is an innovative company in the Greek market, offering a wide spectrum of services that cater for the dynamic sector of hotel and catering companies. The company’s activity focuses on the provision of integrated management services for the entire spectrum of operations and departments in any hotel or catering unit. At the moment, Across Hotels & Resorts has under its network 10 hotel units all over Greece.",Greece,0.752908,,,
Mykonos À La Carte,726758.0,Greece,https://www.linkedin.com/company/mykonos-à-la-carte,www.mykonosalacarte.com,"Mykonos à la Carte provides luxury accommodation, lifestyle management, private and corporate concierge services in the cosmopolitan island of Mykonos, Greece. Our Lifestyle Managers are dedicated in providing anything from last minute travel itineraries to VIP bookings and exclusive events.",Greece,0.726758,,,
Pan Hotel,702179.0,Greece,https://www.linkedin.com/company/pan-hotel,www.panhotel.gr,"Pan Hotel, located in Athens, Greece, a 3* hotel, family run since 3 generations, happily managed and welcoming guests from all over the world.",Greece,0.702179,,,
Porto Naxos Hotel,700575.0,Greece,https://www.linkedin.com/company/porto-naxos,www.portonaxos.gr,"Located just minutes from the heart of Naxos Old Town and the sandy beach of Agios Georgios, the renovated and even more inviting Porto Naxos welcomes guests in a profoundly romantic and friendly ambiance.  Thanks to its unique character, the property successfully combines the authentic Cycladic architecture to minimal aesthetics, as well as the all-time classic elegance to the modern amenities and services. The minimal designs, the ambient decoration featuring luxurious touches, along with the superb natural surroundings create a new perspective in the field of hospitality on Naxos Island.  Porto Naxos offers thirty three 30m2 rooms, which can be your holiday retreat for the summer, away from your hectic routine. Opt for a standard or superior room and enjoy moments of absolute relaxation overlooking the garden or the impressive swimming pool.  Welcome to Porto Naxos and enjoy the moment....",Greece,0.700575,,,
Amazones Hotels / G. Psarris S.A.,676377.0,"Greece, Piskopiano Hersonissos, Lyktou Road 10, 70014",https://www.linkedin.com/company/g-psarris-sa-amazones-hotels-crete,www.amazoneshotels.com,"Amazones Village Suites  Amazones Villas Apartments Amazones Kalimera Village Amazones Driades  Amazones Sun Hotel  The Amazones Hotels in Crete, Greece are small , friendly, family owned hotels that offer high quality services at affordable prices with a personal touch. You feel at home from the moment you step in. Majestic views, beautiful, well taken care surroundings and gardens, spacious rooms, fully equipped and well maintained, superb customer service, are few of the many advantages of the Amazones Hotels.  More than 65% of our yearly clientele are repeat guests.  For us nothing is impossible. We think like you, we are like you, we meet your wishes and dreams for a relaxed, unforgettable sunny break!",Greece,0.676377,,,
Akrotiri Hotel,676329.0,Greece,https://www.linkedin.com/company/akrotiri-hotel,www.akrotirihotel.gr,"The recently renovated Akrotiri Hotel with magnificent views overlooking the Parikia bay is an ideal choice of lodging for visitors seeking peaceful stylish accommodation, friendly ambience and helpful service on the island of Paros.   Akrotiri Hotel consists of 30 traditionally built rooms all equipped with sea-view balcony, TV, fridge, air-condition and a private bathroom. Free parking and free Wi-Fi access are also provided along with rich continental breakfast. Built with traditional Cycladic architecture Akrotiri Hotel is ideally placed 2km from the port and 350m from the sea offering a combination of countryside relaxation and easy access to local bars and restaurants and the famous Krios beach.",Greece,0.676329,,,
Kalypso Hotel - Malia,675750.0,Greece,https://www.linkedin.com/company/kalypso-hotel-malia,www.hotel-kalypso.com,"Kalypso Hotel is a small oasis between the large holiday resorts of the area. We offer a seductive way of living your holidays, being a niche and a tailor made resort for your vacation that is not all-inclusive, but it definitely is enticing! Built on our love to nature, one can enjoy our garden and flowers, the greens, the sun, the sea and the beautiful sandy beach. We offer hospitality making you feel welcome, in a family-run hotel giving you the space you are looking for and at the same time intimacy you need to feel like home.",Greece,0.67575,,,
Polis Luxury Apartments & Studios,658937.0,Greece,https://www.linkedin.com/company/polis-luxury-apartments-&-studios,www.polisapartments.gr,"Cozy, affordable and and foremost inviting, Polis Luxury Apartments & Studios is located in the heart of the the city’s shopping center and promises to create beautiful memories of stay for you and your loved ones. Our aim is to provide accommodation services of high quality. The large comfortable space and the luxury amenities, make Polis something more than just a regular hotel in the city of Thessaloniki. Polis is the perfect accomodation, whether you visit Thessaloniki for business or vacation and leisure. It’s two-room apartments and spacious studios, located in the center of the city, can be the ""basis""​ for a family vacation or business trip in Thessaloniki, adapted to the comforts, amenities and lifestyle you are accustomed. The main philosophy that POLIS was based on, is the outmost respect of man, as a modern traveller and as an active parent and family man. In our, fully reformed, apartments and studios, our visitor can feel the warmth and the Hearty Greek Hospitality, emphasizing on the commodities that everyone desire at home. If you are traveling with your family, then Polis is certainly the best choice. Spacious apartments with 2 separate bedrooms, living room and dining room, will make you feel that you are not in a hotel but in your own house.",Greece,0.658937,,,
The Kresten Royal Villas & Spa,658937.0,Greece,https://www.linkedin.com/company/the-kresten-royal-villas-&-spa,www.thekrestenroyal.gr,Hotel 5*,Greece,0.658937,,,
Alice Inn Athens,658937.0,"Greece, Attica, Athens",https://www.linkedin.com/company/alice-inn-athens,www.aliceinnathens.com,"Alice Inn is a funky Bnb concept located in Plaka, Athens at the foot of the Acropolis.  The concept? Nothing less than providing a welcome home away from home for visitors to Athens. John, the owner, has created 3 micro-apartments in a charming old neoclassical townhouse. Guests can enjoy the living and dining rooms on the ground floor. Alice Inn is also available for private events.",Greece,0.658937,,,
AEGEAN KEY,658937.0,Greece,https://www.linkedin.com/company/aegean-key,www.aegeankey.gr,"Founders of the company are Mr. George Spiridakis Mr. Panagiotis Kavalaris and Mr. Antonis Korais three hotel industry professionals with great love, knowledge and experience in the tourism market. They offer to the affiliate hotels their personal care and diligence, in collaboration with the professionals that manage the departments of marketing and sales, human resources etc. of Aegean Key G.P.   We determine the operating mode for each hotel department and each job position, by planning from the start all the functions or by following the process of re-engineering if needed.  We gradually form a wide network of sales promotion and the overall advertising strategy.     Furthermore, evaluation, selection and personalized training of the personnel of our hotels, creates the indispensable conditions for the provision of high-quality services.",Greece,0.658937,,,
Litsa Studios,658937.0,Greece,https://www.linkedin.com/company/litsa-studios,www.litsa-studios.gr,"Litsa Studios are just 10 meters away from the sandy beach of Agia Anna. The location of Litsa Studios, only few steps from the beach, in combination with the cleanliness of the rooms and our hospitality, create the ideal atmosphere for relaxing and unforgettable holidays. Litsa Studios consist of five bright and fully equipped rooms with simple decor and hospitable atmosphere. There are spacious double rooms, which can accommodate up to three people, and quadruple rooms.",Greece,0.658937,,,
Authentic Crete,658937.0,"Greece, Crete, Chaniá, 73100",https://www.linkedin.com/company/authentic-crete,www.authentic-crete.gr,"Are you looking to take a holiday that you are going to remember for the rest of your life? If so, it is time to consider Crete villas and all that these properties have to offer. While you have many options on where to travel, this island is truly one of the top destinations in the world. From the moment you arrive in Crete, you will realize that you made a great decision. The long history and culture ensure that there is always something to do. On top of this, the people of the island are extremely friendly. As you begin your search for holidays villas Crete, you need to keep an open mind. This is particularly true if you have never visited the island in the past. With so many options to consider, you should keep an open mind - this is the only way to ensure that you get exactly what you want. Are you looking for help? If so, you have come to the right place. A Crete holiday villas specialist is more than happy to provide you with all the information and advice you could ever need. Our knowledge of the area, combined with our customer service skills, ensures that all your questions will be answered before you ever make a final decision. And of course, we can also provide you with information on what to do upon arriving in Crete. From private boat trips to horse riding and much more, planning in advance is always a good idea. Once you visit Crete you will never want to go back home. We can help you book a villa that suits your every need, as well as your budget.  The time is now for visiting this great island. What are you waiting for?",Greece,0.658937,,,
Hotel Association Of Drama,658937.0,"Greece, Macedonia And Thrace",https://www.linkedin.com/company/hotel-association-of-drama,www.drama-hotels.gr,"The Hotel Association of Drama: Elevating Greek Hospitality Welcome to the official LinkedIn page of the Hotel Association of Drama! We are a distinguished organization representing the finest hotels in the picturesque region of Drama, Greece. Committed to excellence, professionalism, and collaboration, our association is at the forefront of the local hospitality industry. 🏨 Discover Exceptional Hotels: As a part of our community, you'll have access to some of the most renowned hotels in Drama. Our member hotels are celebrated for their unwavering dedication to quality, exceptional service, and creating unforgettable guest experiences. 🌟 Promoting High Standards: At the Hotel Association of Drama, we are passionate about maintaining and elevating the high standards of hospitality. We believe in delivering the best of Greek hospitality to every visitor. 🤝 Building Partnerships: We foster collaboration within our member hotels and actively seek opportunities for partnerships that benefit both our guests and the local community. 📈 Networking and Growth: Connect with professionals and industry leaders in the field of hospitality. Stay updated on industry trends, exchange ideas, and explore opportunities for growth and development. 🏆 Experiencing Drama's Beauty: Drama is a region known for its stunning natural beauty and rich cultural heritage. By choosing one of our member hotels, you are not only ensuring a comfortable stay but also a unique opportunity to explore this enchanting destination. Join us on LinkedIn, and be a part of our journey to provide top-notch hospitality services, fostering memorable experiences for our guests, and enhancing the allure of Drama, Greece. Follow our page for updates, industry insights, and more!",Greece,0.658937,,,
Fullybooked,658937.0,Greece,https://www.linkedin.com/company/fullybooked,www.fullybooked.gr,"fullybooked is a premium reseller of WebHotelier, the next gen booking engine for smart hoteliers We provide the following services WebHotelier booking engine eDistribution around the globe Synergy projects  Multi-property bookings Quality after sales support  Increase your occupancy",Greece,0.658937,,,
Chez Alexandre Boutique Hotel,658937.0,Greece,https://www.linkedin.com/company/chez-alexandre-boutique-hotel,www.chez-alexandre.gr,"Chez Alexandre is a boutique hotel located in heart of Konitsa, Greece. It is an old house that has been transformed to a luxury 5 star boutique hotel.",Greece,0.658937,,,
Saronikos Family House,658937.0,"Greece, Isthmia Corinth, Samou, 20100",https://www.linkedin.com/company/saronikos-family-house,www.saronikosfamilyhouse.com,"Saronikos Family House is set on a plot of half an acre with garden, BBQ and views of the Saronic Gulf. It can accommodate a family or a couple seeking space comfort. The country house is located in the most central point of the Peloponnese, just 2 km from the Isthmos, offering sun, dew, view, natural environment and direct access to Corinth and Loutraki. The garden features lawn, BBQ, flowers and fruit trees. Enjoy moments of relaxation and tranquility in our garden or the coolness of the veranda overlooking the sea.",Greece,0.658937,,,
Georgia Old Town Apartments,658937.0,Greece,https://www.linkedin.com/company/georgia-old-town-apartments,www.georgiaoldtownapartments.com,"In the heart of the old town in a quiet location is our family accommodation ""Georgia Old Town Apartments"". You can walk through the narrow streets to find us in a nice atmosphere surrounding the medieval city. It offers romantic and spacious rooms. Our lodging distinguishes the tranquility and the nice garden with, where you can relax with a coffee overlooking the walls of the medieval city. The rooms are spacious with private bathroom. Some are with separate kitchen. They include air conditioning / heating, flat screen TV, refrigerator, iron with ironing board, hair dryer, electric kettle, toaster, free internet in all rooms and garden, laundry service with extra charge and offers breakfast on request at an additional charge. Guests can borrow books from the hotel's library and enjoy reading in the sunny courtyard. We are next to you whatever you need because we are living there. We provide taxi service with extra charge and car rental. You will find nearby restaurants, bars, Mini Market, shops, banks, playground and entertainment. The Medieval Castle of the Grand Master, the Clock Tower, the Archaeological Museum of Rhodes, the Mosque of Suleiman II the Magnificent, the gate d 'Amboise is accessible only 200 meters from the accommodation. Diagoras International Airport is 20 km. The nearest beach is 20 minutes walking.",Greece,0.658937,,,
ASTROS TRAVEL EXPERT,658937.0,Greece,https://www.linkedin.com/company/astros-travel-expert,www.astrostravel.gr,"Tourist  office Paralio Astros Arcadia Greece Air / coastal tickets hotels reservation car rental vacation in Greece and in Arcadia We can organize individuals, to groups and schools in the following activities:     *  Visit  to archaeological sites such as Ancient Olympia, Ancient Corinth, Epidavros, Mycenae, Eve Doliana etc.     * Visit  to wineries and traditional oil production in the region.     * Hiking - Climbing to the signposted footpaths in  Parnonas and Mainalo mount     * Cycling     * Horseback riding     * Water Sports     * Rafting - Canoe Kayak",Greece,0.658937,,,
MORFEA'S NEST HOTEL,658937.0,Greece,https://www.linkedin.com/company/morfea's-nest-hotel,www.morfeasnest.gr,"www.morfeasnest.gr ""Morfea's Nest"" welcomes you to the Old Town of Chania!!! Situated only a couple of walking meters away from the Venetian Harbour of Chania, the Old Town of Chania is indeed a true ornament that gives light and character, and distinguishes this city  from all others in Greece. Made up from small picturesque alleys and buildings whose architecture and character has remained intact throughout hundreds of years, this place will most definitely amaze you!!!!! Cosmopolitan and yet quiet, multi-cultural, picturesque, romantic, poetic, magnificent and definitely unique, are only some of the words that can best describe this place and its energy. Once you see and feel this place, you will definitely never forget it, and surely will want to come again every chance you get.",Greece,0.658937,,,
Hotel For All,658937.0,Greece,https://www.linkedin.com/company/hotel-for-all,www.hotelforall.com,"Find your holiday home. or List your Bed and Breakfast, hostel, hotel or vacation rental on www.hotelforall.com . Choose a free or a paid listing for more benefits.  www.hotelforall.com Register at:   http://www.hotelforall.com/user/register Ad your job offers. List your property for sale.",Greece,0.658937,,,
Villa Seven,658937.0,"Greece, South Aegean, Ródos",https://www.linkedin.com/company/villa-seven,villaseven.gr,"This newly built 7 bedroom Villa which hosts up to 14 people, situated literally on the beach, will offer you unforgettable moments and fun. The interiors are consisted of a spacious living room together with a very comfortable dining area, a fully equipped modern kitchen and en-suite bedrooms. The decoration is luxurious yet refined and in complete accordance with the minimal style of the area. Amongst other luxurious features, Villa 7 offers a private outdoor pool with sitting lounge surrounded by a decorated green garden. You will undoubtedly be aroused by the delicate natural beauty and liveliness of this vibrant atmosphere. The property’s elegant luxury together with the breathtaking views of the sunset is definitely the new favorite destination and is calling you to discover it all year round.",Greece,0.658937,,,
Destinesia Luxury Appartments,629334.0,"Greece, Peloponnese, Kórinthos, Xylokastro, 20400",https://www.linkedin.com/company/destinesia-luxury-appartments,www.destinesia.gr,Destinesia Luxury Appartments is a Boutique Hospitality Business established in Xylokastro in 2018. Our primary and only goal is to offer to our hosts a recharging and joyfull experience during their stay in Xylokastro.,Greece,0.629334,,,
Greek Island Hopper,629334.0,"Greece, Attica, Kallithéa",https://www.linkedin.com/company/greek-island-hopper,,"We can arrange for a Greek Island Hopper to Visit, as many Islands as his time allows . any Island , any Hotel",Greece,0.629334,,,
Hotel Violetta - Kamena Vourla,629334.0,Greece,https://www.linkedin.com/company/hotel-violetta---kamena-vourla,www.hotelvioletta.com,"Hotel Violetta is to be found at the nicest spot on the beach of the seaside resort of Kamena Vourla, with the famous spa and the beautiful beaches, one and a half hour drive from Athens. Your stay in our attractive hotel, where you will find friendly atmosphere and a helpful personnel to serve you all around the clock, will be a pleasure for your holidays, a week-end escape or your overnight stop during a business trip.",Greece,0.629334,,,
NEORIO BAY HOTEL,629334.0,Greece,https://www.linkedin.com/company/neorio-bay-hotel,www.neoriobayhotel.com,"Enjoy beachfront stay in Poros island, at Neorio Bay Hotel, in front of Megalo Neorio beach.",Greece,0.629334,,,
ISalesBooster,629334.0,Greece,https://www.linkedin.com/company/isalesbooster,isalesbooster.com,"Η iSalesBooster, είναι μια πρωτοπόρος εταιρεία παροχής υπηρεσιών που βασίζονται πάνω σε σύγχρονες ηλεκτρονικές εφαρμογές για επαγγελματίες στο χώρο του τουρισμού αλλά και των δραστηριοτήτων σε όλη την Ελλάδα. Με σύγχρονα εργαλεία και τεχνικές μάρκετινγκ περιεχομένου, βοηθάμε συνεχώς όλο και περισσότερους επαγγελματίες να διαχειριστούν τους πελάτες τους και να προσελκύσουν ακόμη περισσότερους.",Greece,0.629334,,,
Villa Stravorina Crete,629334.0,"Greece, Crete, Irákleion, 410006",https://www.linkedin.com/company/villa-stravorina,www.stravorina.com,"The perfect place for your luxury holidays on Crete ! Villa Stravorina is located in Kalo Chorio village on Crete in Gouves area and offers you a unique and relaxing place for your summer holidays.  Only 22 klm from the main national airport of Heraklion and just 9 klm from the nearest sea shore will provide you the ultimate combination of relaxation and fun for your holiday.  It is a luxurious hideaway on the island of Crete! Offers 4 bed rooms, 3 toilets with 2 bathtubs & 2 showers, a full equipped kitchen, a living room with home cinema system and a fire place.   A fun day at the pool with a modern 28 sqm swimming pool for the hot Cretan summer days. Just 1,5 meter deep with an in pool jacuzzi will make you feel relaxed and rested. Addiitonaly the pool has a in pool jet stream for your morning swimming exercise.   A wooden pergola that can facilitate 8 people seated for lunch or dinner barbeque. If you are swimming or sunbathing, Villa Stravorina offers you breath taking views from its 200 sqm garden.   Additionally the wooden deck with its sitting late evening area will easily make your experience unique and create romantic unforgettable moments.",Greece,0.629334,,,
Diles Villas Mykonos,629334.0,Greece,https://www.linkedin.com/company/dilesvillas,www.dilesvillas.com,"In a world where travel has become a pursuit rather than a pleasure, we invite you to join us in changing the narrative. Discover the perfect fusion of Mediterranean allure & island living, only at Diles Villas Mykonos. Redefine what really matters!",Greece,0.629334,,,
Vieras,629334.0,"Greece, Attica, Athens",https://www.linkedin.com/company/vieras,www.vieras.eu,"Streamline marketing initiatives with Vieras, a SaaS business intelligence platform for the hospitality industry. Vieras is one single interface that handles all the details of your hotel’s online reputation.",Greece,0.629334,,,
Alba Mare,629334.0,Greece,https://www.linkedin.com/company/afitos-villa-kristy,www.afitos.com,"The economic activity of the company is related to the provision of Accommodation Services in the areas of Afytos and Kallithea in Halkidiki, the provision of Web Development Services and the provision of Accounting and Financial services. The headquarters of the company is located in Afitos Halkidiki and also has branches in Kallithea.",Greece,0.629334,,,
TourisThings.gr,629334.0,"Greece, Attica, Athens",https://www.linkedin.com/company/touristhings-gr,www.touristhings.gr,"Δεν είναι μια κλασσική σελίδα για τον τουρισμό. Δε θα βρεις τα νέα που τρέχουν, δεν είμαστε δημοσιογράφοι. Δε θα βρεις διαφημίσεις, ο στόχος δεν είναι να κάνουμε προβολή προϊόντων. Δε θα βρεις εφαρμογές για να βρεις δουλειά, δεν είμαστε recruiters.  Εδώ θα βρεις ιδέες, σκέψεις, γεγονότα που αφορούν τα πάντα για αυτό που ονομάζουμε τουρισμό ή φιλοξενία.",Greece,0.629334,,,
Porto Delfino Hotel,629334.0,Greece,https://www.linkedin.com/company/portodelfino-hotel,www.portodelfino.gr,"We are a 3 star Hotel Bungalows, recently renovated, located at the unique Greek island Kythera and we are seeking corporation with you by offering quality accommodation service to whom it might want to experience an alternative way of vacations. Our 25 year-old experience, our devotion, our endless effort to offer the best quality service and last but not least, the beauty of the island, results to the fact that many of our clients are steady throughout the years. After all, making our clients satisfied is a top priority for us.",Greece,0.629334,,,
Bassa Maina,629334.0,"Greece, Laconia, Areopoli Peloponnese, 23062",https://www.linkedin.com/company/bassa-maina,www.bassamaina.com,"The Bassa Maina complex consists of nine incredibly, yet subtly luxurious villas and suites, amphitheatrically built in a fantastic location of Deep Mani, away from the bustling crowds and usual tourist hot spots of the southern Peloponnese. All villas enjoy unobstructed sea views and boast impressive architectural design, sophisticated elegance, and unbelievable home-like ambiance. The meticulously designed services and amenities of both the villas and complex ensure nothing short of a memorable stay, inspiring a deep sense of relaxation, regardless of time of year. The complex includes a restaurant with a three-level outdoor patio with scintillating sea and coastline views, ideal for weddings, parties, yoga sessions, and various social or professional outdoor events, a boutique conference center / multipurpose room, with a capacity of up to 50 people that can be used for small conferences, meetings, small exhibitions, seminars, and workshops, as well as a gym with modern fitness equipment. The unobstructed vistas, landscape peacefulness, and stunning location make Bassa Maina the ideal retreat for incredible holidays combined with impeccably organized events of any kind.",Greece,0.629334,,,
K4KYTHNOS,629334.0,Greece,https://www.linkedin.com/company/k4kythnos,www.kforkythnos.com,"We believe that the construction of spaces and dwellings is the means of creating experiences and memories. We create for our guests apt and fully equipped spaces that will bring comfort, familiarity and security from the first moment. But mainly we create the conditions that will form unforgettable experiences. Our ally, a simple and hospitable community of people, ready to welcome the visitors and to help them discover the beauties of the landscape with respect to which we incorporate our buildings. The landscapes, of a rocky and special island that remains even today an innocent and pure place, gifted with beauty.",Greece,0.629334,,,
Elea Mare Hotel,629334.0,Greece,https://www.linkedin.com/company/elea-mare-hotel,www.eleamare.gr,"Elea Mare Hotel is situated in Elea, a picturesque fishing village of Monemvasia. The location is ideal, with beautiful view to the sea, incredible sunset and easy access to the beach. The hotel stands 400 meters from the center of the village, in an advantageous position for visiting all the beautiful and historical places of Laconia. Guests can explore the medieval castle of Monemvasia at 25 km from the hotel. Also, the Caves of Diros, the fortified town of Mystras and the famous Simos of Elafonisos are basic one-day excursions starting from Elea Mare.",Greece,0.629334,,,
Valia Calda Hotel,629334.0,Greece,https://www.linkedin.com/company/valia-calda-hotel,www.valiacalda.com,"Valia Calda Hotel is a mountain Hotel located close to Pindo’s National Park 'Valia Calda', 1400 meters above sea level with an unobtrusive view of the traditional village of Perivoli and the National Park's northern entrance. The hotel was created with the ambition to offer to its guests unique experiences build upon adventure, culture and outdoor activities in the region, combined with the relaxation and peacefulness that only mountain vacation can offer.",Greece,0.629334,,,
THE LUXURIANS - Icon Villas & More,629334.0,"Greece, Attica, Maroúsi, 31 B6 Makrygianni",https://www.linkedin.com/company/the-luxurians,www.theluxuriansvillas.com,"THE LUXURIANS, is a Luxury Travel & Villa Rental Company that aims to provide the most discerning clientele with exceptional tailored made services and deliver the best Luxury Travel Experiences in Greece.  Experiences that promise unique encounters, not only with the most exceptional “Icon Villas” portfolio, but also with our refined level of Services, introducing to our guests the finest Greek gastronomy, luxury yachting, events of entertainment,  cosmopolitan nightlife, history & culture and many “More”… We are guided by OUR VISION: To become the No. 1 choice of the most luxuriant travelers of the world, when it comes to luxury travel in Greece. We are inspired by OUR MISSION: To share with our demanding clients our common passion for excellence and luxury travel. We are motivated by OUR PHILOSOPHY: To spread the word all over the globe of the Myth of Greek Hospitality – still alive - which is the main inspiration of all of our efforts.   We offer the most Fresh and Exclusive Villa Portfolio of more than 300 of the best-designed, awarded and famous villas in Greece in more than 25 destinations, in the islands and the mainland. All of our villas are selected and inspected one by one, in order to combine unsurpassable quality, luxury design & privacy.  We craft the most unique and customized travel experiences that go far beyond a luxury accommodation. Working with high-profile clients on a regular basis, THE LUXURIANS – together with an incredible Network of Reliable Professionals and Partners - focus on treating our demanding clients  with unwavering attention to special desires and needs and offering tailor made V.I.P. concierge services, bridging the gap between global and local. OUR PROMISE: To offer high-end quality services based on our culture of building relationships of trust and provide them with the best resources and services that our clients and partners request. OUR SERVICES: Villa rental, Concierge & Hospitality Services, Real Estate.",Greece,0.629334,,,
Messina Mare Seaside Hotel,629334.0,Greece,https://www.linkedin.com/company/messina-mare-seaside-hotel,www.messinamare.com,"Messina Mare, is a modern Messinia hotel complex (opening in 2006), located in the seaside village of “Kalo Nero” only 5 km away from the picturesque area of Kyparissia. Recognized as one of the best Messinia hotels is situated on the seafront under a traditional architecture, offering comfort and high level hospitality. Guests can enjoy the sun and the sea on a sandy beach, which stretches in front of Messina Mare. For those who prefer to spend their time in the swimming pool, they can enjoy a variety of coffees, beverages and snacks, overlooking the blue Ionian sea. Messina Mare hotel consists of 10 buildings with 64 spacious and fully equipped rooms, divided into studios, apartments and maisonettes, decorated with a modern style. All rooms have balconies with sea or garden view, with split A/C units and kitchenettes. Everything in Messina Mare is selected, making the holidays memorable for visitors.",Greece,0.629334,,,
Vilelmine S.A.,629334.0,"Greece, Crete, Chaniá",https://www.linkedin.com/company/vilelmine-s-a-,www.vilelmine.eu,"Hospitality & Commerce business, based on the west part of the island of Crete, with a focus on quality and local experience.",Greece,0.629334,,,
Emotions Country Resort,629334.0,Greece,https://www.linkedin.com/company/emotions-country-resort,www.emotions.com.gr,"Emotions Country Resort, a small stone-built jewel located in Evrytania, offering you traditional hospitality in a friendly ambiance, being the optimal choice for your escape throughout the year. A unique view in a remarkable environment to enchant your senses and ease your mind offering you at the same time a range of creative ways to make the most of your precious time. Escape from the stress in your everyday life, enjoy the modern conveniences of a mountain resort in a peaceful, luxury environment and experience unique moments of relaxation. Emotions Country Resort is located within a natural environment in a village called Voutiro in Evrytania very near to Karpenisi. The Resort has suites, rooms with fireplace, a specially arranged breakfast room and a lovely outdoor space to enjoy snow, rain, or sun according to the season you choose to visit.",Greece,0.629334,,,
Airquest Travel Services,629334.0,Greece,https://www.linkedin.com/company/airquest-travel-services,www.airquest.gr,"Welcome to Airquest Travel Services, your premier incoming travel agency in Crete, Greece. With nearly 30 years of experience, we specialize in providing unforgettable travel experiences that showcase the rich culture, history, and natural beauty of this beautiful island. At Airquest Travel Services, we believe that travel should be personalized and tailored to your unique interests and preferences. That’s why we offer customized travel itineraries in Crete, Greece that cater to your every need, from transportation and accommodations to tours and activities. Our team of expert travel planners is dedicated to providing personalized service that exceeds your expectations, with a commitment to transparency, honesty, and exceptional value. We work with you every step of the way to ensure that your journey is seamless, stress-free, and truly unforgettable. As a trusted travel agent in Crete, Greece, we have the expertise and knowledge to create the perfect itinerary for you. Let us help you discover the hidden gems and local secrets of Crete, Greece, and make memories that will last a lifetime. Contact us today to start planning your dream trip to Crete, Greece with Airquest Travel Services, your premier incoming travel agency in Crete, Greece.  Our Mission At Airquest Travel Services, our mission is to provide unparalleled travel experiences that showcase the rich culture, history, and natural beauty of Crete, and Greece in general. With nearly 30 years of experience as an incoming travel agency, we offer customized itineraries and personalized service to ensure our clients have a truly unforgettable journey. We are committed to providing exceptional value, transparent pricing, and unrivalled customer service, with the goal of building lasting relationships with our clients and partners in the travel industry.",Greece,0.629334,,,
IACUDIT - International Association Of Cultural & Digital Tourism,629334.0,"Greece, Attica, Athens, 47 Vyzandiou Str. New Smirni, 17122",https://www.linkedin.com/company/iacudit,www.iacudit.org,"International Association of Cultural and Digital Tourism (IACUDIT) is a global network of people, projects and events, that bear on a wide range of issues of concern and interest in cultural and digital tourism, in an era of major global changes. We promote and sponsor discussion, knowledge-sharing and close cooperation among scholars, researchers, policy makers and tourism professionals. We believe that: “Technological changes do not influence the missions of cultural  tourism actors in the areas of promotion and product development, but rather the manner of carrying them out.” IACUDIT’s core operations are funded by membership fees, meeting registration fees, event sponsorship and partnership fees. Meeting  and conference content, including contributed issue panels, workshops, and research and plenary sessions are determined by independent evaluators selected from the diverse membership of the Association. IACuDiT is an independent and Not for Profit Organization (NPO), with the purpose to conduct business for the benefit of the general public without shareholders and without a profit motive (i.e., if any profits are earned, they are not and cannot be distributed as such). IACuDiT is activated in the field of culture, tourism and digital innovation, with an objective aimed at the public good.",Greece,0.629334,,,
Mediterranean Hotel Management,629334.0,"Greece, Attica, Athens",https://www.linkedin.com/company/mediterraneanhotelmanagement,mediterranean-hm.com,"Mediterranean Hotel Management  specializes in Hotel Management, Consulting and Hotel Marketing. It's the subsidiary of “Spyrou Group of Companies” ,a dynamic brand with 40 years of constant presence and hospitality experience in Greek tourist market.  Contact us for more details at contact@mediterranean-hm.com or at +30 2106910429",Greece,0.629334,,,
Villa Paradise Naxos,629334.0,Greece,https://www.linkedin.com/company/villa-paradise-naxos,www.villa-paradise.gr,"A PARADISE MADE JUST FOR YOU Villa Paradise is the seaside heaven you have been dreaming of. Located at the Plaka beach, it is the harmonious combination of the enchanting sea, the fertile land, the mysterious rock and the endless sky. The spaces, the images and the sublime beauty of the Naxian landscape make Villa Paradise the ultimate place for ideal holidays and an unforgettable stay.   PLAKA - NAXOS Luxurious villas with a unique style, environment friendly in complete harmony with the unravelled island philosophy, equipped with everything you may need for a comfortable and relaxing stay, the Villa Paradise complex is definitely a heaven created jut for you in our wonderful island, Naxos! The experience of your stay here will never be forgotten. We are certain that Villa Paradise will be the most beautiful place you have ever stayed in! OUR BEACH The clean and deep blue waters, the sand covering it from one end to the other, together with its unimaginable beauty, make our beach ideal and friendly for both adults and children, providing anything you might need to enjoy swimming, relaxing, … day-dreaming, watching the magnificent sunset, even enjoying a cup of coffee or a meal! If you feel ready to dive into a beautiful island experience, our sea is expecting you, waiting to contribute in its turn in creating the most wonderful moments of your life.",Greece,0.629334,,,
PYRGOS RALLI ESTATE,629334.0,"Greece, Greece, 51 Nik. Kazantzaki Ave., 18010",https://www.linkedin.com/company/pyrgos-ralli-estate,www.pyrgosralli.gr,"Located on the island of Aegina, Greece, only an hour away from the main port of Piraeus, an island with over 5000 years of history and exceptional natural beauty. Set in a magnificent location within a luscious garden, overlooking the sea and the archaeological site of Kolona, ""Pyrgos Ralli Estate"" includes the listed, historical 19th century villa “Pyrgos Ralli” and its surrounding grounds, as well as a small new complex of premium, independent suites & apartments. In close proximity to the main town and the sea, the Estate, with its imposing chateau and spectacular views, presents a unique venue to host business meetings, retreats, wedding receptions and other events. Also available as a film location.  .................................................................................................................................................... Στην Αίγινα, μόνο μία ώρα από το λιμάνι του Πειραιά, ένα νησί με ιστορία άνω των 5000 ετών και φυσικό κάλλος. Σε μοναδική τοποθεσία με θέα τη θάλασσα και τον αρχαιολογικό χώρο της «Κολώνας», μέσα σε ένα κατάφυτο κτήμα, το «Pyrgos Ralli Estate» περιλαμβάνει τον ιστορικό «Πύργο Ράλλη» του 19ου αιώνα, καθώς και ένα καινούριο, μικρό συγκρότημα ανεξάρτητων διαμερισμάτων, το καθένα με αυτόνομη είσοδο. Σε κοντινή απόσταση από την πόλη της Αίγινας και τη θάλασσα, το κτήμα, με τον επιβλητικό Πύργο και τη θέα του, είναι ιδανικό για να φιλοξενήσει  μικρές επαγγελματικές συναντήσεις, retreats, και γαμήλιες ή άλλες εκδηλώσεις.",Greece,0.629334,,,
Job4summer,629334.0,Greece,https://www.linkedin.com/company/job4summer,job4summer.eu,Job4summer is a company based out of Greece.,Greece,0.629334,,,
Syncrez,629334.0,"Greece, Attica, Athens",https://www.linkedin.com/company/syncrez,www.syncrez.com,"Online Booking Engine & Channel Manager SyncRez is an online booking engine for hotels which is easy to setup and easy to use. It enables reservations through hotels’ websites. Manage your data, availabilities and prices on the most popular online travel websites from one and unique panel (Booking.com, Expedia, Agoda, Hostelworld, etc). For more information please contact us by: Mail:  info@codibee.com Tel: 0030 212 1041576 Address: Voulis 21, 105 63 Athens, Greece",Greece,0.629334,,,
La Maison Blanche Mykonos,629334.0,Greece,https://www.linkedin.com/company/lamaisonblanchemykonos,www.lmbmykonos.com,"La Maison Blanche properties are located in Agios Stefanos, Mykonos and consist of three villas built like eagle nests in the rock, protected from the summer winds of the island.  Here, you will enjoy absolute privacy and the most breathtaking view and sunsets of the island from the large windows and the terraces that overlook the Aegean Sea, Mykonos Town and the surrounding Cyclades islands.",Greece,0.629334,,,
L,629334.0,"Greece, Attica, Piraeus, 185 31",https://www.linkedin.com/company/roland-partners,www.rpstonemasons.com,.,Greece,0.629334,,,
Hotel Flora/Sifnos,629334.0,Greece,https://www.linkedin.com/company/hotel-flora-sifnos,www.hotel-flora.gr,,Greece,0.629334,,,
Petal Apartments,629334.0,"Greece, Central Greece, Athens, 3 Konstantinos",https://www.linkedin.com/company/petalapartments,www.petal-apartments.com,"Petal apartments are five brand new designed and built luxurious apartments in Mets , a quiet and friendly neighborhood in the center of Athens. It’s considered to be the eastern district of the city’s center right next to the Temple of Olympian Zeus. Even though it’s only a 7 min walk to the Acropolis and most of the Historical landmarks around, it doesn’t have the traffic nor has the noise of the city’s center. It’s a residential area that used to have old neoclassical mansions (some of them still remain). It’s independent as a neighborhood as it offers a market, bakeries, a few restaurants and some bars. It also has a Metro station close (Acropolis Station) which is a 10 min walk and a Tram station (L.Vouliagmenis tram station) which is a 3 min walk. Mets as the eastern district of the city’s center it offers more by being a friendly and quiet neighborhood to be in and also as a great starting point to explore the city and all its beautiful Landmarks. The apartments are fully furnished spacious bright apartments with a great configuration of spaces designed by architects and an interior designer. They will make you feel like home as you explore Athens life and its great Historical Landmarks. We have fully equipped kitchens, spacious lounges, comfortable bedrooms with big cupboards and we offer a high quality of sheets, pillows and blankets. The balconies will let you enjoy the beautiful Athens weather while having your coffee or your dinner. The Penthouse which consists in three levels has a great view of the Acropolis and a roof terrace that you get to enjoy relaxing looking at the view. Each apartment can comfortably accommodate from four to six people and also we can provide two portable cots for children up to two years old. If you wish to visit our apartments you will feel like home and you will be able to explore all of Athens beautiful landmarks and we will offer you whatever we can to make your stay in Athens a very unique experience.",Greece,0.629334,,,
Oreiades Village,629334.0,"Greece, Thessalia, Lake Karditsa, 43067",https://www.linkedin.com/company/oreiades-village,www.limni-plastira.gr,"“Oreiades Village” is a small, agro-touristic company offering high quality accommodation and recreational services. Our premises are situated in  Plastiras’ lake, near Karditsa town, in Greece.",Greece,0.629334,,,
Jennifer Home Hotel,629334.0,Greece,https://www.linkedin.com/company/jennifer-home-hotel,www.hotel-jennifer.com,"The Jennifer Home Hotel is a cosy family business where you can rent holiday rooms for 2 to 3 people. This beautiful facility is located in the Taxiarches village, at only 8 km away from the city of Drama in the north of Greece. Our boutique Hotel is available all through the year. Every room is elegant, cosy and comfortable and offers a wonderful view of the valleys and mountains of the region. If you are travelling in the Northern Greek region of Drama for private or business purpose, our rooms are here for you anytime in the year. We will make sure that your stay remains unforgettable. For more than 12 years Jennifer Home Hotel under Vasilis direction is the best hotel in northern Greece according to Trip Advisor and with a score of 9.8 for 10 consecutive years at Booking.com. I follow a green policy and is certified with the international certificate GREEN KEY and GREEN CHOICE. It also a Silver Green Leader in Trip Advisor. It was awarded as the best business in the region by the Drama Chamber in 2006. In 2017 was nominated by International Awards ""Travel and Hospitality"" as one of the best hotels in Greece.",Greece,0.629334,,,
Avant Garde Suites,629334.0,Greece,https://www.linkedin.com/company/avant-garde-suites,avantgarde-suites.com,"Nestled in the magnificent area of Akrotiri, the Avant Garde Suites hotel offers amazing views of the caldera and the breathtaking island of Santorini. For further info please visit our official website: https://avantgarde-suites.com/",Greece,0.629334,,,
Arpathea Villas,629334.0,Greece,https://www.linkedin.com/company/arpathea-villas,www.arpatheavillas.com,"Embraced by the picturesque scenery of Karpathos Island in Greece, Arpathea Villas invite you to live a luxury hotel experience during your summer holidays in Greece.  Arpathea Villas provide the highest degree of privacy and indulgence, ideal for couples and families seeking for a luxury holiday retreat over the deep blue of the Aegean Sea and the rocky slopes of Karpathos island.  The white interiors and the natural white stucco facades along with the earthy coloured decoration of Arpathea Villas, offer a warm welcoming environment to escape from your daily routine and enjoy tranquil escapes and luxury vacations in Karpathos Island.  With a name inspired by the mythological designation given to the island by its first inhabitants, in order to host the Gods they “kidnapped” from Olympus, Arpathea Villas invite you to live the unique luxury experiences that are offered by -perhaps- the most “authentic” island of the Aegean Sea.",Greece,0.629334,,,
Akron Seascape Resort,629334.0,Greece,https://www.linkedin.com/company/akronseascaperesort,,"Formerly known as Zafiris Hotel, Akron Seascape Resort is a 4-star resort hotel near Canal d'Amour that will open its doors in May 2019 after a major makeover. Owned and run by the same family, Akron will be offering an even higher quality of services, while keeping its friendly atmosphere that has made it a perfect destination for families and couples for the past 30 years! Facilities include: -70 rooms in total (of which 32 swim-up rooms) -a Buffet-Style Restaurant -an A' La Carte Seaside Restaurant -a brand new Steak & Burger House -a renovated pool area -a brand new Kids' Club -a brand new Spa Center -a brand new Gym -a brand new Reception",Greece,0.629334,,,
Aurora Beach Hotel Corfu,629334.0,"Greece, Ionian Islands, Corfu, 49084",https://www.linkedin.com/company/aurora-beach-hotel-corfu,www.aurorahotelcorfu.com,Aurora Beach Hotel Corfu. Discover more adout Aurora Hotel and Book now at www.aurorahotelcorfu.com,Greece,0.629334,,,
E-Koufonisia,629334.0,Greece,https://www.linkedin.com/company/koufonisia,e-koufonisia.com,"It’s no coincidence that when anyone hears the word “Koufonisia,” their soul smiles. They close their eyes and immediately transport themselves to the site where clear blue water reflects their dream…to the endless beaches, to the vibrations of the island and the hidden caves where their worries find solace. To Chora, where the local inhabitants drink together and open their homes to say “Welcome.” There, southeast of Naxos and west of Amorgos, on Koufonisia you lose all concept of time and simply put, feel free. Koufonisia is part of the Small Cyclades, a cluster of islands in the southeastern Cyclades. Koufonisia is composed of two small islands, Ano (Upper) and Kato (Lower) Koufonisi as well as Keros. They’ve been inhabited since prehistoric ages. So many people, customs, traditions and different societies have taken root in these places and have left vital traces to be unraveled and understood by the rest of the world. Findings suggest the existence of a Cycladic civilization with evidence from its very early years. Archaeologist Ulrich Köhler in 1884, excavated and discovered The Harpist and The Flute Player along with two female statuettes, which were clear samples of marble sculptures from the Early Cycladic period. Remnants from an ancient Roman civilization were used to establish the present village of Chora which was part of a large Roman settlement that extended up to Loutro. Relics and marble slabs from Early Christianity were discovered on the premises of Saint George and Saint Nicholas churches.",Greece,0.629334,,,
Minos Village,629334.0,"Greece, Crete, Chaniá",https://www.linkedin.com/company/minos-village,minosvillage.gr,"""Minos Village"" is a 3-star hotel, located just a few minutes walk from the famous beach of Agia Marina and 8 kilometres from the cosmopolitan and picturesque city of Chania.  The beautiful gardens decorate the exterior part of the block offering serenity and relaxation. The facilities of the hotel include a swimming pool, bar, restaurant, playground and free private parking.  The hotel consists of 36 autonomous renovated and well-equipped one or two-bedroom flats, with a simple design and soft colorations.  Minos Village is ideal for couples, families or any group of people who wish to spend unforgettable moments of enjoyment and pleasure.  Visitors will be able to enjoy the traditional famous Cretan cuisine and more gourmet options in the area of Agia Marina, while for the night-life lovers there are numerous bars and clubs.  Our well-trained and friendly staff can offer concierge services and is able to arrange car rentals.",Greece,0.629334,,,
IRIS Skiathos,629334.0,Greece,https://www.linkedin.com/company/skiathosiris,www.skiathosiris.gr,"IRIS is a family business that welcomes visitors to the centre of Skiathos town for more than 25 years. The second generation has turned it into a stylish Aparthotel, designed for the visitors that want to explore the Greek island lifestyle. It is equally convenient for couples, families and friends as it offers different sizes of studios and apartments with a range of amenities.",Greece,0.629334,,,
Little Lindos,629334.0,"Greece, South Aegean, Ródos, 85107",https://www.linkedin.com/company/little-lindos,www.littlelindos.com,"Little Lindos consist of 3 split level studios and 2 studios, able to accommodate 2 persons each. All of our units are tastefully decorated, sharing a common 200 sqm terrace overlooking the Acropolis, the village of Lindos and the sea. The property is located in the center of Lindos, but still away from the noisy streets. The main square is 600m away, Lindos beach and St Paul’s bay can be reached within 10 minutes on foot. Within walking distance you may find a great choice of restaurants, cafes, bars, souvenir shops etc. Public parking available (fee required) 300m away. We offer daily maid service and free Wi-Fi internet access",Greece,0.629334,,,
P+V Hospitality,629334.0,"Greece, Attica, Athens, 13 15 Endimionos Str, 17564",https://www.linkedin.com/company/p-v-hospitality,www.pvhospitality.gr,P+V Hospitality is a dynamic hospitality management-advisory company,Greece,0.629334,,,
Agora Suites Chania,629334.0,"Greece, Crete, Chaniá, 55 Chatzimichali Ntaliani, 73132",https://www.linkedin.com/company/agora-suites-chania,www.agora-suites.com,"""Modern Suites in Chania, Crete Greece. "" Welcome, Allow yourselves to experience the most exclusive, real and authentic Cretan life. Get carried away by the luxury and the design of a cosy and friendly environment. Choose Agora suites: Stay in the heart of the city and we reassure you that your holidays in Chania, Crete will be a unique and unforgettable experience! Come to discover and explore one of the most beautiful and picturesque cities in Greece and surrender into its millennial history and magical atmosphere! Agora Suites  www.agora-suites.com info@agora-suites.com",Greece,0.629334,,,
DIAMOND HOMES,629334.0,Greece,https://www.linkedin.com/company/diamond-homes-greece,www.diamondhomes.gr,"DIAMOND HOMES is a firm operating in the wider tourism, refurbishment, and decoration industry. We renovate, furnish, equip, and decorate homes, in order to get them ready to provide short-term accommodation to travelers from all over the world. As professional hosts, we are responsible for managing bookings and accommodating visitors. We provide advice and expertise to homeowners and hosts who operate by themselves. In late 2015, George and Ira came up with the idea of DIAMOND HOMES. The emerging trend of providing hospitality through Airbnb, George's multifarious talent in construction, the joy of creating, and the opening of new horizons, led us to the decision of getting involved in the apartment rental business. We started in February 2016, and one-and-a-half year later we had 7 apartments completed and made available for rental. What we did was to turn them into well-designed and aesthetically pleasing spaces, fully equipped for the provision of short-term daily hospitality to visitors from all over the world. We put our own work and care in all cases, paying attention even to the slightest detail. We wanted our homes to be unique; to express our love for aesthetics, detail, functionality, and quality. In a nutshell, we wanted our homes to shine like small diamonds in the city. And this is what we achieved. In January 2018, the idea was turned into reality, and DIAMOND HOMES was born. Its aim is to grow its chain of diamonds as fast as possible. We are looking forward to entering new premises, detecting their special character, and turning them into ideal destinations, ready to offer hospitality. It will be our pleasure to work together with people who own or operate properties and wish to put them to use in the wider tourism industry. We are eager to help them offer the market the best possible “product,” with the smallest possible investment. And since there is no better way to learn about us than getting to know us, please, contact us in order to arr",Greece,0.629334,,,
Hellenic Tourism Society,629334.0,"Greece, Attica, Athens",https://www.linkedin.com/company/hellenic-tourism-society,www.tourismsociety.gr,"The Hellenic Tourism Society aims to be the professional membership body for people working in all sectors of the visitor economy, such as airlines, cruise lines, national tourist offices, hotel firms, retail travel agencies and other special travel interests.  The group is open to people working in every sector of the industry - public, private or voluntary - and to those well-established in their career path as well as those starting out on a travel or tourism course at college or university.",Greece,0.629334,,,
Blue Escape,629334.0,Greece,https://www.linkedin.com/company/blueescape,www.blueescape.gr,"World's most romantic resorts, located in the scenic village of Imerovigli, offering accommodation with breathtaking view over the Calder - Aegean Sea.",Greece,0.629334,,,
The White Villa At Sani,629334.0,Greece,https://www.linkedin.com/company/the-white-villa-at-sani,www.saniwhitevilla.com,"Boasting an outdoor pool and an exterior Jacuzzi, The White Villa at Sani is located in Sani Beach. It offers a well-tended garden and self-catering accommodation opening out to a terrace with mountain and Thermaic Gulf views. Decorated with earthy tones, Sani White Villa is fitted with modern style furnishings. It includes two fireplaces and a satellite, flat-screen 46 inch HDTV with DVD/Blue Ray player and a Home Cinema with an HD Projector, in the living rooms. A fully equipped kitchen and a dining area are also available. A washing machine and a dishwasher are equally provided. Guests can make use of the barbeque facilities provided in the premises or relax in the sunbeds by the pool. A basketball court are also found on site, while the property can assist with car and bicycle rentals. Free WiFi is provided. Restaurants, bars and mini markets are at a distance of 1 km. Free private parking is available in the premises.",Greece,0.629334,,,
Iliessa Mountain Resort,629334.0,Greece,https://www.linkedin.com/company/iliessa-resort,www.iliessa-resort.gr,"Βρίσκεται  στις νότιες πλαγιές της Πίνδου. Το Iliessa Resort  είναι ένα  Ελβετικού τύπου σαλέ, χτισμένο εξ ολοκλήρου από φυσικά υλικά που ταιριάζουν απόλυτα με το τοπίο. Απαρτίζεται από κορμούς ξύλου και πέτρα. Διαθέτει ευρύχωρα δωμάτια με όλες τις σύγχρονες ανέσεις, 2 πισίνες και 2 μπαρ. Παρέχεται δωρεάν Wi-Fi σε όλους τους χώρους και δορυφορική τηλεόραση Nova & OTE TV. Στην περιοχή μπορεί να απολαύσει κανείς την πλήρη χαλάρωση ή να συμμετάσχει σε πλήθος από δραστηριότητες που θα καλύψουν απόλυτα τους φανατικούς φίλους του βουνού.Αν ανήκετε σε αυτούς που γνωρίζουν την μοναδικότητα της Ευρυτανικής φύσης σίγουρα θα εκτιμήσετε την τοποθεσία του",Greece,0.629334,,,
Toulas Apartments,629334.0,Greece,https://www.linkedin.com/company/toulas-apartments,www.toulascorfuapartments.com,"On the northwest coast of Corfu, the accommodation Toulas apartments with care and love of a family business based on the natural beauty of outdoor surroundings and absolute cleanliness, away from the noise but also close enough to the main strip. This good-value-for money Sidari lodging offers cosy apartments and studios, allowing for a relaxing holiday in the northern part of the Island of Corfu. Is in an extremely key position 3-minute walk from the famous Canal d Amour and all adjacent charming bays shown in pictures and just 600 meters from the busy bars, restaurants and tourist shops area of Sidari. Our visitor can enjoy the beautiful surroundings of the accommodation, the rare charm of the famous rocks of Canal d amour, and can easily be seen both sides of the lovely Corfu through agencies offering excursions.",Greece,0.629334,,,
Heart Of Paros Apartments,629334.0,"Greece, Paros, Eirinis Kondili, 84400",https://www.linkedin.com/company/heart-of-paros-apartments,www.heartparos.com,"Modern, fully equipped, family-run apartments in the the heart of Paros island, Greece.",Greece,0.629334,,,
Hotelbop,629334.0,"Greece, Attica, Athens",https://www.linkedin.com/company/hotelbop,hotelbop.com,"How about last-minute getaways in Greece's luxury hotels at the most tempting prices and with an experience included? Hotelbop took care of all of us who want a pleasant and refreshing break from the routine, without much preparation and long distances, a city escape, a small dose of vacation that will brighten our daily lives. Stay tuned! 😎",Greece,0.629334,,,
Cameo Club Hersonissos,629334.0,Greece,https://www.linkedin.com/company/cameoclub,www.cameoclub.gr,"Cameo holds a special place in the history of Crete’s night life entertainment since 1993. Situated in the vibrant seaside town of Hersonissos, it has held parties and welcomed thousands of people from all over the world, including many recurring fans! The atmosphere in Cameo is owed to its legendary nights; an explosive mix of sexy crowds, banging music, ice cold killer drinks and spectacular events. There have been many over the years: fire dancers, street dancing, capoeira  shows, live percussion drums, pirate themed nights and many others The DJs add to the flavour by spinning the latest dance, r’n’b, house and other hits, adding some masterful remixing that produces a tingle in the spine…We have also hosted various DJs from Holland and the UK, making surprise guest appearances And let’s not forget the rest of our staff members. They put the ‘E’ in Entertainment. From the bar tender shows that Tom Cruise himself would be proud of, to the warm smiles of our waitresses as they serve your fish bowls and freshly prepared orgasmic cocktails, Cameo staff will make you feel special and become lifelong Facebook friends! With an average of 5 languages spoken between them every year, we won’t let language be a barrier to your fun either Join us on this crazy journey. Carpe diem right here with us! Because in this place, the party never, ever ends… Love life. Love Cameo",Greece,0.629334,,,
House Collection,629334.0,Greece,https://www.linkedin.com/company/house-collection,www.housecollection.gr,"House Collection is a property management company that operates Sales & Reservations for vacation rentals, like villas, apartments, condos, mansions and other types of properties. Our deep knowledge in hotel sales and reservation management is now available for any type of tourism property.",Greece,0.629334,,,
Anthea Hotel,629334.0,Greece,https://www.linkedin.com/company/anthea-hotel,www.anthea-tinos.gr,"Anthea is a fresh yet subtle approach to hotel living. A total welcoming experience in a village-like setting, designed to make you feel at home. Twist by the pool, relax in the open Jacuzzi, rejuvenate yourself in the spa, taste our island at the restaurant and get your cheers at the bar. Rooms 25 rooms accommodating 2-4 persons, styled in the traditional Tinian architecture with all the contemporary amenities you would expect for high quality island living. Restaurant/Bar Anthea features a contemporary Greek cuisine with a careful chosen combination of light healthy meals and traditional island recipes, served in a welcoming dining setting. We pride in our Chef’s creativity and persistence in selecting the finest materials, mostly from the local market, renowned for the quality of meat, unique cheese and fresh produce. The pool bar will spoil you with refreshing smoothies in the day and vibrant cocktails at night. Spa An unexpected journey for your senses with our professional massage staff. Anthea’s Spa offers treatments with Phyt’s natural products. Phyt’s has been a concentrate of nature for over 40 years, where each product is formulated with the purest actives, oils, vitamins and minerals that nature can offer. The therapeutic actions of the natural formulas have an intense effect on the cells metabolism and function to give you a beautiful healthy looking skin.",Greece,0.629334,,,
Eco Green Living,629334.0,"Greece, Toroni, Toroni Coastal Road, 63072",https://www.linkedin.com/company/eco-green-living-toroni,www.ecogreenliving.eu,"Eco Green Living offers its guests the opportunity to experience the art of eco living where comfort meets high energy performance standards. Eco Green Living is a reference hotel that was designed to integrate the most advanced energy efficiency technologies. High energy performance is achieved through the use of renewable and environmental-friendly energy sources. Visitors may enjoy swimming and sun lying on the beautiful beach of Toroni awarded with a Blue Flag, watching the unique natural landscape and exploring the broader area, tasting fresh sea-food and local cuisine, and lots more. Eco Green Living features 4 apartments all with view to the sea and two of them with view to the sea and the mountain, all of them are brand new and are fully equipped with hotel furniture, among others double king size beds with three layer sleep system, two different pillow choices, kitchenettes, private bathrooms, balconies with view to the sea and the mountain, flat TVs, dining tables. Umbrellas and sunbeds in the beach front are offered for free. Mountain bikes are available for rent. All apartments have Free Wi-Fi internet. Eco Green Living welcomes you to live a true eco luxury experience.",Greece,0.629334,,,
DANIEL LUXURY APARTMENTS,629334.0,Greece,https://www.linkedin.com/company/daniel-luxury-apartments,www.danielapartments.com,"Daniel Luxury Apartments is a unique 4* ApartHotel located at Lindos area in Kalathos Village, Renovated in 2014. It is situated only 600 meters away from Kalathos Beach and a five minute drive from Lindos Village. Daniel Luxury Apartments offer 1 and 2 bedroom apartments full of amenities and services. It is your Home Away from Home. The 27 Apartment Complex is located in the center of the island giving you quick access to the whole island. Transportation is very convenient with regular bus service and taxis. At the surroundings you may find services such as Pharmacy, Supermarket, Bakery, Restaurants and bars. It is the perfect location for a relaxing and stress free holiday.",Greece,0.629334,,,
Faros Villa,629334.0,Greece,https://www.linkedin.com/company/farosvilla,www.farosvilla.gr,"Drawing inspiration from the surrounding nature, the Greek culture and our family ideals we have turned our little place into a unique destination. There are more stories in our walls and in our grounds than we can count – and it’s this rich and varied past that guides everything we do.",Greece,0.629334,,,
Sarpidon Suites,629334.0,Greece,https://www.linkedin.com/company/sarpidonsuites,sarpidonsuites.gr,"Sarpidon Suites:  A milestone in modern luxury accommodation and full private experience in Chania Full privacy, No common-use areas! Built in 2020, just 10 km west of the city of Chania in cosmopolitan Agia Marina and right next to Platanias, it offers great options for accommodation, relaxation, tranquility, Sarpidon Suites was built with the vision of being a landmark hotel for modern luxury accommodation in the area of Chania. Combining the traditional elements of Greek hospitality with the imposing luxury structures, innovation and excellent services, Sarpidon Suites was created with an emphasis on its special character, enriched with luxurious features. The creative and innovative architectural design of Sarpidon Suites is inspired by the urgent need for luxury accommodation in complete privacy. The most striking feature is that all suites have a private pool.",Greece,0.629334,,,
OLVIOS HOTEL SA,629334.0,"Greece, Peloponnese, Kórinthos, Goura, 20014",https://www.linkedin.com/company/olvios-hotel-sa,www.olvioshotel.gr,"Olvios Hotel was created with love and passion to offer great hospitality combined with the beauty of nature. A few hours from the fast city life visitors will feel the peace that generously Greek nature offers all year round for ultimate relaxation. Olvios hotel is situated in the village of Goura of the City of Corinth Feneos and it is made from natural materials, wood and stone which gives visitors a unique sense of intimacy and warmth at an altitude of 1050!. The view from the basin of Feneos impresses every visitor and the scent from the green roots of the mountain Kyllini who ""carries"" a large part of Greek mythology will make your stay an unforgettable experience.  Definitely need more than a weekend to know one's location!",Greece,0.629334,,,
Mykonos HouseKeepers,629334.0,Greece,https://www.linkedin.com/company/mykonos-housekeepers,www.mykonoshousekeepers.com,"Mykonos HouseKeepers is a dynamic company provides cleaning, maintenance and operation services in and around your house on Mykonos island throughout the year. Every service we provide is mostly important to us, as we strive to the highest customer’s and guest’s satisfaction. Mykonos HouseKeepers not only undertakes your house’s full operation but also customizes special packages according to your needs. Our difference from the competitors is that we train our team to the highest level while we make personal inspections to each property we manage ensuring a standard of excellence. Mykonos HouseKeepers addressed to villa owners and villa managers who wish to trust their cleaning-maid services and every other housekeeping service in an external reliable partner.",Greece,0.629334,,,
Aggidia Guest Houses,629334.0,Greece,https://www.linkedin.com/company/aggidiaguesthouses,www.aggidiaguesthouses.com,Apartments & houses to rent.,Greece,0.629334,,,
Active Holidays In Greece - Gnosis Active Travel,629334.0,"Greece, Koukaki, Athens Attika, 11741",https://www.linkedin.com/company/activeholidaysingreece,www.activeholidaysingreece.com,"We are a Greek specialist adventure tour operator & travel designer that offers hiking, cycling, nature and culture trips, MTB touring, small group authentic travel experiences, guided and self-guided tours, unique tailor-made holidays, sightseeing tours that can include outdoor activities. Our goal is to show you authentic Greece; a beautiful, safe to visit, relatively small but incredibly diverse and biodiverse country with thousands of miles of coastline, innumerable beaches and islands as well as high mountains and dense forests; a country brimming with famous ancient monuments associated with democracy, philosophy, theatre and so much more. Greece is a unique adventure and culture destination.",Greece,0.629334,,,
The Voyager Voice,629334.0,"Greece, Attica, Athens",https://www.linkedin.com/company/the-voyager-voice,www.thevoyagervoice.com,"The voyager voice [www.thevoyagervoice.com] is the first travel community blog site designed in Greece, now travelling around the world, notably addressed to truly cosmopolitan and sophisticated world voyagers. It follows a distinct route with a vision to co-formulate a world travel map together with voyagers, who check-in to an integrated view of destinations, people, services and their interrelationships.  	 The aim of the voyager voice is to reposition travel and tourism, through unique destination experience, monitoring and promotion of best practices in hospitality, restaurant and other high-value services, which compose the Puzzle of the 4Ps to travel with: •	Priceless:  tips, hospitality reviews and feature articles [www.thevoyagervoice.com/priceless] •	Places: must-see destinations [www.thevoyagervoice.com/places] •	People: interviews with key-experts [www.thevoyagervoice.com/people] •	Perspectives: critical views, trends and prospects on global hospitality, travel and tourism [www.thevoyagervoice.com/perspectives] Based on the concept of Priceless Places & People Perspectives, all forces collude to the next travel and the passport of indulgence is stamped on every next click. the voyager voice your world sophisticated travel map",Greece,0.629334,,,
Sivota Seascape,629334.0,Greece,https://www.linkedin.com/company/sivotaseascape,www.sivota-seascape.gr,"Luxury Villas & Residences in Greece, on the beach of Agia Paraskevi, at Sivota. The perfect retreat, overlooking  Corfu and Paxi, two of the most scenic islands of Ionian sea.  Our spacious and modern yet cozy, self catering Villas and Residences with fully equipped kitchens have been created to provide a truly unique and luxurious holidays experience.",Greece,0.629334,,,
Irida Resort Suites,629334.0,Greece,https://www.linkedin.com/company/irida-resort,www.iridaresort.gr,"The Irida Resort Suites is located on one of the most beautiful beaches of Greece, where Sea Turtles Caretta-Caretta choose to build their nests. We are just 12 steps from the sea, inside a green area of seven acres. This family run hotel is open all year round. We are a fully equipped luxurious apartment property offering panoramic sea views. Relax on the verandas where you can enjoy your drink or your coffee or just spend the day on the spectacular beach, under the forest of tree-pines. Our staff will help you plan your excursions in the area in order to visit the unique Neda's River Gorge and Waterfalls, the Ancient Olympia, Temple of Zeus on Mountain, Lykaion, Epicurean Apollo Temple and Nestor's Palace. •	Description The Irida Resort is situated in Kalo Nero, one of the most beautiful beaches of Kyparissia, 6m from the beach, in an area of 7.000 sm. The wide balconies offer magnificent unobstructed views of the Ionian Sea, while the parking has capacity of 20 cars, with unlimited comfort and security, close to beach, Daily Maid Service •	Room Facilities AC, Bath/Shower Tub, Central Heating, Fully Equipped Kitchen, Electric or Microwave Oven, Fridge, Color TV/remote, Satellite TV, Non-smoking rooms available, Coffee maker w/complimentary daily tea or coffee, hairdryers, anatomical mattress, Shaver plug, Room service, Wi-Fi free Internet, Sound proof windows, Safe deposit box, Full-Length Mirror, Iron and Ironing Board, Steam-Free Mirrors, Designer Toiletries, Sewing Kit, Egyptian Cotton Linen, Make Up Mirror. Hotel Facilities Parking, sea view, Garden with fruitful trees and pines, Internet services, 1 Lounge(s), Mosquito meshes, covering,  Panoramic view mountains and Ionian Sea, near train station, Express check in, Express check out, Laundry room with Washing Machine and Dryer, Laundry/Dry cleaning services, Wake-up service, car rental, Fax-photocopying, ticket service, excursions, Wheel chair access, Doctor on call, Computer use available,",Greece,0.629334,,,
Aberratio Boutique Hotel,629334.0,"Greece, Epirus, Zagorochoria (zagori",https://www.linkedin.com/company/aberratio-boutique-hotel,www.aberratio.com,"Aberratio Boutique Hotel at Aristi, Zagoria, Ioannina, Epirus. A stylish hotel into the nature. The architecture of hotel is connected with the enviroment and Aristi's village and gives to the hoster the felling that ""I'm at home"". Come and join us!!",Greece,0.629334,,,
Carbonaki Boutique Hotel Mykonos,629334.0,Greece,https://www.linkedin.com/company/carbonaki-boutique-hotel-mykonos,www.carbonaki.gr,"A traditional Mykonos styled boutique hotel renovated in 2013, ideally situated in a quiet area of Mykonos Town, just a few steps from the town’s main attractions. Located in the heart of Mykonos town, Hotel Carbonaki is a popular, family run boutique hotel, offering delightful ambience blending with Mykonos domestic living experience.",Greece,0.629334,,,
Hotel Balcony Agorianis,629334.0,"Greece, Central Greece",https://www.linkedin.com/company/hotel-balcony-agorianis,www.balcony.gr,"To LE GRAND CHALET και το Μπαλκόνι της Αγόριανης, σας προσφέρει ένα μοναδικό πακέτο για διαμονή, διασκέδαση και διαμονή για 2 άτομα και 2 διανυκτερεύσεις με πρωινό σε δίκλινο δωμάτιο. Το πακέτο περιλαμβάνει: 2 διανυκτερεύσεις με πρωινό στο Μπαλκόνι της Αγόριανης Γεύμα 2 ατόμων στην ταβέρνα του ξενοδοχείου 2 coffees + πορτοκαλόπιτα με σοκολάτα και 2 cocktails στο grand opening season party του Le Grand Chalet …μόνο 180€ για 2 άτομα",Greece,0.629334,,,
Arokaria,629334.0,Greece,https://www.linkedin.com/company/arokaria-hotel-group,arokaria.gr,"“Where friendship begins… …and the tradition of true hospitality finds its roots” We offer a friendly service to our guests in an environment that feels like home away from home. Our love for sharing ideas, moments, knowledge and our life beliefs is our inspiration. On Paros island we renovate and manage small hotels respecting the environment and maintaining a consistency in Cycladic style throughout. Every year, we welcome guests from all over the world and we offer daily a warm and friendly service with a touch of Greek tradition. Supporting the local life and believing in the magic of nature’s beauties, we share with you what life on the island offers, from greek cuisine to various activities. Come stay with us and join us in your home away from home! With enthusiasm, taste and care we have recreated in Paros small hotels, Arokaria Dreams, Arokaria Seaside and Arokaria Hideaway.",Greece,0.629334,,,
Loxandra Studios,629334.0,Greece,https://www.linkedin.com/company/loxandra-studios,www.loxandra-studios.gr,"Fully equipped studios in Metamorfosi of Halkidiki. All studios have a private bathroom with shower, Led TV 32'', air condition, anatomic bed layers, balcony with nice view to the astonishing pine forest and the sea, hairdryer, Wi-Fi etc. There is also a cafe creperie in the ground floor and the relaxing bar in the atrium at the first floor.",Greece,0.629334,,,
EUROXENIA,629334.0,Greece,https://www.linkedin.com/company/euroxenia-s.a,www.euroxenia.com,"Hotel Management & Tourism Consulting. Our team of experts is specialized in specific sectors in Hospitality & Tourism like, Hotel Operation, Sales & E-Sales, Food & Beverage Operation, Accounting, Tourism Law, Human Resources. We focus on our client needs and we apply analized methodology in order to increase competitivenes and efectivnes in the mid long term.",Greece,0.629334,,,
Fanis Hotel - Naxos,629334.0,Greece,https://www.linkedin.com/company/fanis-hotel---naxos,www.fanishotel.com,"Fanis Hotel is ideally situated on the beach to make the most of Agia Anna Βeach Resort in Naxos Island and it offers an excellent standard of accommodation, just 10 metres from the gorgeous sandy beach of Agia Anna. It is a complex that consists from three buildings of fully furnished and equipped studios offering everything for a splendid holiday. It occupies a prime front position at Agia Anna beach a couple of minutes walk from all amenities. Our accommodation places you within walking distance to lots of tavernas, beach-bars and shops. The small port of Agia Anna where boats depart to nearby islands is only 3 minutes walk away. The warm atmosphere, the wonderful views, the cleaness, the services and the excellent location draw many guests back to Fanis Hotel year after year. Complex facilities and Services include Swimming pool Free Wi-Fi Internet access Transfer to and from the port and airport Private parking Daily maid Daily change of towels Bed linen change every 3 days more information at:  http://www.fanishotel.com",Greece,0.629334,,,
POLYXENIA HOTELS,629334.0,Greece,https://www.linkedin.com/company/polyxenia-hotels,www.epicblue.gr,"POLYXENIA S.A. has 30 years of experience in hospitality and owns and manages two uber-luxury hotels in Mykonos, Greece. The San Marco, Luxury Hotel & Spa, with 80 rooms & suites and the brand new (June 2020), Epic Blue Mykonos, Suites and villas with 34 suites & villas, all with private pool or jacuzzi.",Greece,0.629334,,,
Avra Nafpliou Hotel,629334.0,Greece,https://www.linkedin.com/company/avra-nafpliou-hotel,avranafpliou.gr,"Welcome to Avra Nafpliou Hotel Aura Nafplio is located at the entrance of the city of Nafplio, within walking distance from the city center. Relax and know that you will be staying in one of the modern and totally renovated hotels in the city of Nafplio. You will be next to archaeological sites of the Argolida region. Some of these include: Mycenae, Epidavros, Nemea, Argos, Palamidi, Bourtzi and more. Avra nafpliou offers the ideal environment for your rest and stay during your visit in the beautiful town of Nafplio",Greece,0.629334,,,
Mareggio Exclusive Residences And Suites,629334.0,Greece,https://www.linkedin.com/company/mareggio-exclusive-residences-and-suites,www.mareggiosuites.gr,"Mareggio Exclusive Residences & Suites is the optimal luxury place to stay while exploring the southern Peloponnese. ,Nestled in the secret bay of Selinitsa, near the picturesque port of Gythion and surrounded by the natural beauty of Mani and Mt Taygetos, each autonomous residence offers the utmost in comfort, privacy and tranquility.  Mareggio Exclusive Residences & Suites is a secluded intimate hotel for offering a delightful stay to nature lovers, romantic couples and families. All the Residences and Suites combine style and comfort, while remaining eco-friendly. Guests can enjoy personalized quality services onsite as well as a number of additional activities nearby. The crystal clear water, the sun and its reflection in the sea coupled with the morning breeze will soothe mind, body and spirit.",Greece,0.629334,,,
Margarita Studios Apartments Suites - Cooking Courses,629334.0,Greece,https://www.linkedin.com/company/margarita-studios-apartments-suites---cooking-courses,www.margaritastudios.com,"“Margarita Studios” is a boutique hotel located right in the heart of the lovely traditional village of Ambelas, close to cosmopolitan Naoussa, surrounded by some of Paros most spectacular sandy beaches. The famous traditional houses of the island are completely renovated and transformed into deluxe rooms made for one, two or three quests, for families, into elegant suites and into stylish stone houses. History, luxury and tradition coexist, in order to serve our guests' needs. Each material is carefully chosen and connected to the area, the people and their origin. All rooms feature modern amenities which offer warm hospitality and genuine personalised services. “Margarita Studios” was built having in mind both design and comfort.  Drink your cocktail by the pool, enjoy the spectacular view of the Aegean Sea, relax with yoga, entertain yourself with zumba, take cooking lessons and impress your friends back home by making them a dinner using all the secrets of the Greek cuisine! Margarita is not just a hotel. Margarita is the Greek friend that everyone would love to have. Margarita provides you with a different kind of holidays. More personal, more you!",Greece,0.629334,,,
Mumua Mykonos,629334.0,Greece,https://www.linkedin.com/company/mumua-mykonos,mumuamykonos.com,"Mumua Studios is a collection of contemporary accommodations located right in the heart of Mykonos Town, that offer the comforts of a fully-equipped modern studio and the convenience of staying in the most central area of Mykonos island.",Greece,0.629334,,,
Planbnb.gr,629334.0,Greece,https://www.linkedin.com/company/planbnb-gr,planbnb.gr,"Planbnb is a Professional Airbnb Management in Kavala – Maximize Your Rental Income with Ease Planbnb is a professional Airbnb management service based in Kavala, designed to help property owners earn more with less effort. Many owners understand the potential of short-term rentals through platforms like Airbnb, but lack the time, experience, or systems to manage them effectively. That’s where Planbnb comes in. Since 2014, we’ve helped homeowners unlock the full value of their properties by offering complete Airbnb hosting solutions in Kavala and nearby areas. From creating optimized listings and dynamic pricing to handling guest communication, check-ins, cleanings, and reviews – we manage every detail of your Airbnb rental. What makes us different? We combine digital efficiency with real, human hospitality. We personally welcome every guest with a smile, assist with their arrival, and provide ongoing support throughout their stay. After each checkout, we thoroughly inspect and clean the home, ensuring it’s ready for your next 5-star review. Whether you’re new to Airbnb or want to grow your rental income without the stress, Planbnb offers trusted Airbnb property management in Kavala — tailored to your needs.",Greece,0.629334,,,
Ninemia Stay & Play,629334.0,"Greece, Karpenissi, Prousos Str, 36100",https://www.linkedin.com/company/ninemia-bungalows-hotel-&-farm,www.ninemia.gr,"Close to Karpenissi next to the river  Ninemia  means, the absolute calm, this was our dream after 16 years in windy  Mykonos, a small paradise, in the forest with view the mountains.  It includes: Traditional guesthouses , reception and cafeteria with play area, green area , lake with goldfish, children's charms, overhead pass, mini soccer , basket volley  , bicycles, ping-pong, funny choo choo train, labyrinth, BBQ, wood oven, spaces for Picnic and parking. The farm,  sample of rural family, includes, domestic animals,horses, ecological traditional farming, collection of wild herbs, mushrooms and berries for sweets and jams  The estate is environmental waste management and energy “Ninemia” could say that it constitutes a narration of Greek delivery as we received it  from yesterday, enriched with the care today, perpetuating it in tomorrow through the eyes of children that constitute the overwhelming majority of our customers, which it experience through their game, the sounds, smells but also almost forgotten flavours.",Greece,0.629334,,,
Casa Dei Venti,629334.0,Greece,https://www.linkedin.com/company/casa-dei-venti,www.casadeiventi.gr,Casa Dei Venti. Discover more about Casa Dei Venti and Book now at www.casadeiventi.gr,Greece,0.629334,,,
Arivia Group,629334.0,Greece,https://www.linkedin.com/company/arivia-group,www.ariviagroup.com,"ARIVIA GROUP is a Greek company for the development and management of villas and vacation rentals focusing on the provision of specialized proposals and services to accommodation owners as well as on the day-to-day management of hotels providing successful results with optimization of benefits and the total value of the business. ARIVIA GROUP offers personalized services oriented towards business development based on the ‘’social ’’ and ‘’luxury stay’’ from our know-how and experience we have gained in the hospitality sector. Accommodation and hotel management solutions are designed to maximize visitor’s quality and services as well as profitability, reduce operating costs and improve efficiency. We operate in the hospitality sector as both owners and managers of accommodation facilities and offer our services the unique experience of the traveler in absolute harmony with the owner’s needs. The services we offer are considered a ""second class"" as well as ""given"", which is far from reality. We recognize that we are attempting at a time when there is a growing demand for individuality and originality. Successful accommodations and hotels will be the ones that will recognize that ‘’things are changing’’, ‘’needs changing’’, ‘’requirements changing’’, ‘’people's expectations are changing’’, and they have to be adjusted accordingly. We believe in quality, personal contact with the visitor on a daily basis, if possible on a 24-hour basis, and the effects achieved by adopting our high standards, along with a holistic approach where each member of our team is aligned to a common goal: our interest is identical to the owner's interest and touches the absolute pleasure of the visitor. Contact Us:  www.ariviagroup.com Email: info@ariviagroup.com Tel: +3022860 23356 Fira Santorini, PC: 84700, Greece",Greece,0.629334,,,
DELPHICAMP,629334.0,"Greece, Galaxidi, 33052",https://www.linkedin.com/company/delphicamp,www.delphicamp.gr,"Camp Delphicamp has been operating since the summer of 1994. It is located just 2 km outside the town of Galaxidi, in an isolated bay admist the pine and cedar trees and next to the crystal blue sea of the Corinthian gulf. Boys and girls 6 -16 years of age are accepted at the camp in three 22-day sessions during the summer. It is the ideal place for children to be entertained and enjoy themselves through participation in sight seeing excursions, arts and sports. Children at camp swim at the pool and the beach; they canoe all day and make friends with other children. We guarantee that a summer spent at DELPHICAMP is a unique, enjoyable and unforgettable summer!",Greece,0.629334,,,
Hotel Profit,629334.0,"Greece, Attica, Athens, 55 Kipwn, 14564",https://www.linkedin.com/company/hotelprofit,www.hotelprofit.gr,"HOTEL PROFIT, offers comprehensive services in hotels, boutique hotels, studios , villas, resorts and wedding venues. Our extensive experience in hotel bookings, sales and general tourism operations will give your business a distinct competitive advantage. Our goal is to provide you with an integrated system of reservations and services and to provide you with a competitive advantage in the field of tourism. The constant increase in sales through our services as well as the constant relationship of trust with our company are a necessity for the growth of the profits of every tourist business.",Greece,0.629334,,,
Margo Wine Routes,629334.0,Greece,https://www.linkedin.com/company/margo-wine-routes,margowineroutes.gr,"My professional background, my love for wine, food and quality ingredients, along with travel and honest hospitality, brought me to lay the foundation of what developed into the concept behind Margo wine routes: putting together wine & food tours in Greek wine-producing areas with all of you on board! ‘Kalo taxidi’!",Greece,0.629334,,,
Mastoris Mansion Hydra,629334.0,Greece,https://www.linkedin.com/company/mastoris-mansion-hydra,www.mastoris-hydra.gr,"A few words about our guesthouse: Our guesthouse is just 90m from the port. It was originally built back in 1750 and we rebuild it with an industrial – traditional character. My husband’s grandfather was a well known construction builder and his nickname was “Mastoris”. He has been, and still is, our inspiration in every step of our project.  We offer a sunny veranda where you can enjoy your breakfast or evening drink and a living – breakfast room when the days are a bit more chilly.  All guests have free access to the gym across our entrance door. All rooms are fully equipped with wireless internet, A/C, TV 24”, safe box, fridge – mini bar, boiler, coffee machine, hair dryer, bathrobe, slippers and personal products such as: toothbrush – toothpaste, loofah shower sponge, shower cap, nail file, cotton swabs, shower gel, shampoo, conditioner, body cream and hand soap. Smoking is not allowed in all inside areas (rooms and living room).  Buffet breakfast hours are from 08:00 – 10:00 a.m",Greece,0.629334,,,
CASASIVOTA,629334.0,Greece,https://www.linkedin.com/company/casasivota,www.casasivota.gr,,Greece,0.629334,,,
Aquarius Beach Aparthotel Corfu,629334.0,Greece,https://www.linkedin.com/company/aquarius-beach-aparthotel-corfu,www.aquarius-aparthotel.com,"Welcome to Aquarius Beach Aparthotel, where each guest finds a home away from home ! Situated 10 m from the sandy beach of Mesongi, Aquarius Aparthotel provides an outdoor pool with sun loungers. Free Wi-Fi internet is available in public areas. All spacious units are air conditioned and offer a furnished private balcony. The rooms and studios come equipped with a TV, safe, refrigerator and kettle, and feature private bathrooms with showers. The studios include a dining area and a fully equipped kitchen. A water sports centre is available at 200 m. The centre of the village is only 50 m away, and offers a wide choice of taverns, bars, snack bars and a supermarket and bakery. Aquarius Beach Aparthotel is 20 km from Corfu Town. Free public parking is possible at a nearby location.",Greece,0.629334,,,
Hotel Zeus Platamonas,629334.0,"Greece, Platamonas Nei Pori Platamonas Pieria, Coastal Road, 60065",https://www.linkedin.com/company/hotel-zeus,www.hotelzeus.gr,"Το Ξενοδοχείο ZEUS είναι ένα σύγχρονο οικογενειακό ξενοδοχείο στον Πλαταμώνα, δίπλα στη θάλασσα, με παραδοσιακά στοιχεία αρχιτεκτονικής (πέτρα & ξύλο). Διαθέτει ευρύχωρα και καλαίσθητα δίκλινα, τρίκλινα καθώς και οικογενειακά δωμάτια διαφόρων τύπων. Οι λιτές και γήινες αποχρώσεις συνθέτουν την παραδοσιακή φιλοξενία, δένουν το μοντέρνο με το παραδοσιακό και εκπέμπουν ζεστασιά και φιλικότητα χωρίς υπερβολές τονίζοντας την ομορφιά της φύσης και το περιβάλλον δίπλα στη θάλασσα.",Greece,0.629334,,,
Greece Beyond,629334.0,"Greece, Attica, Athens, 25 Vasilissis Sofias Avenue, 106 74",https://www.linkedin.com/company/greece-beyond,concierge-greece.com,"Greece Beyond was created by a team of professionals with many years of experience in the field of tourism, who were united by the vision and the need to develop a unique customer experience. The services of a successful travel agent must not only follow the trends, but also anticipate them and even sometimes create them. That is why we have created our agency, beyond any conventional mentality to date, we are ready to show the traveler the true and genuine side of Greece. To avoid tourist stereotypes, to captivate the traveler by offering unforgettable experiences and services.",Greece,0.629334,,,
Blue Note Resort And Club,629334.0,Greece,https://www.linkedin.com/company/blue-note-resort-and-club,www.bluenotehub.com,"Bluenote residence started on early January 2019, as one of the biggest Chinese investment provider in the Greek capital well known as Sunmix investments. We recently lunched our first point on our project’s pipeline, The Bluenote Club & Resort. A Club which was created based on ingredients such as, elite, luxury, health, fitness and environmental care, blending the most iconic and innovative cocktail of living. We offer top tier services from accommodation and co-working spaces  to well-being and relaxation services.",Greece,0.629334,,,
ATHENS ATRIUM HOTEL & SUITES,599920.0,"Greece, Attica, Athens, 21 Okeanidon Street, 11745",https://www.linkedin.com/company/athens-atrium-hotel-&-suites,www.athensatrium.gr,"Known for its comfort, personal service and classic elegance, Athens Atrium Hotel & Jacuzzi Suites is one of the most promising 4 star hotels in Athens. Athens Atrium Hotel & Jacuzzi Suites offers both affordable luxury and convenience from its quiet location only minutes away from the heart of Athens busy city centre.  The hotel is close by public transport, to the best shopping, art, music and sightseeing Athens has to offer.  Athens Atrium Hotel & Jacuzzi Suites is located 3km from the centre of Athens, the capital of Greece, 2 km from Acropolis and Parthenon and 5 km from Athens Riviera. It is the ideal place for all Athens visitors, whether they travel for business or leisure.  The spacious guest rooms and shared areas offer moments of relaxation and entertainment and they are noted for their comfort and distinctive luxury. The decoration combines classical and modern elements and will certainly impress you.",Greece,0.59992,,,
Monastery Estate Hotel,596628.0,"Greece, Crete, Chaniá, 73009",https://www.linkedin.com/company/monastery-estate,www.monasteryestate.com,"A recently renovated complex of houses originally built in early 19th century when was accommodating Vourakis family. The guesthouse is built on the foothills of Leuka Oroi offering an amazing view of the mountains from inside the apartments. It is also situated just a breath away from the famous beach of Sougia in the South coast of Chania in Lybean Sea. The recent renovation combines uniquely the traditional rural architecture of the area and the village, with a contemporary essence of design and amenities offering a beautiful premise for romance, relaxation and family vacations.  Each two rooms’ apartment includes a spacious living room, a separate large bedroom, a fully equipped kitchen as well as its own private terrace.",Greece,0.596628,,,
Xanthakos Gourmet,584807.0,"Greece, Attica, Athens",https://www.linkedin.com/company/xantha-group,xanthakosgourmet.com,Our mission is to make high-quality products accessible to all. Everyone deserves to eat healthy.,Greece,0.584807,,,
NEPHELI HOTEL Thessaloniki,574344.0,Greece,https://www.linkedin.com/company/nepheli-hotel-thessaloniki,www.nepheli.gr,"One of the finest 4-star hotels in Thessaloniki! Nepheli Hotel is located in the heart of Panorama, Thessaloniki's most exclusive district. Right next to the city's green lung yet only 20 meters from Panorama's commercial center and 3km from the ring road, the Nepheli hotel allows easy access to all of Thessaloniki's key sites. All rooms and suites at the Nepheli Hotel, are spacious with large private balconies and panoramic city and mountain views. TV-sets with satellite & pay tv, Wi-Fi, individual a/c, mini bar, free in-room coffee and tea-making facilities, same-day laundry service, 24-hour room service as well as free around the clock doctor–on call services are provided for all guests. The hotel has a restaurant and a bar next to the lobby, a roof-bar restaurant at the 6th floor as well as 8 fully equipped meeting and events halls that can accommodate up to 1000 persons. There is free parking around the hotel.",Greece,0.574344,,,
Golden View Beach Hotel,564038.0,"Greece, Poros, Askeli, 18020",https://www.linkedin.com/company/golden-view-beach-hotel,www.goldenview.gr,"The Golden View Hotel is one of the first and most famous hotels to be built on Poros. The hotel has starred in many Greek films and over the years has developed a following of fiercely loyal clients who come regularly for its unique hospitality and atmosphere. Recently, the Golden View underwent a complete renovation and now offers even more modern comforts, increasingly specialized service and many more opportunities for fun and entertainment. The hotel has a fine restaurant featuring traditional Greek cuisine and fresh fish every day, as well as a cafe and bar on the spacious veranda and in the enclosed salon right over the sea.",Greece,0.564038,,,
Mozaik Hospitality,562421.0,"Greece, Attica, Athens",https://www.linkedin.com/company/mozaik-hospitality,www.mozaikhospitality.com,"Our experience on travel and tourism industry has led to some of the best performing websites and campaigns within the sector. We create both User and Search Engine friendly websites with branded content, elegant and modern design, reflecting the core values of the brands as destinations, as travel agencies or hotel units. We plan and execute online campaigns for luxury hotel chains, including members of Leading Hotels of the World and Conde Nast listed hotels. Mozaik Hospitality is the driving force of your sales and marketing strategy. We believe in the individual character of every hotel and the unique customer experience it can offer. With an online market place driven by reputation and guest reviews, an original hotel concept can be leveraged to gain global reach and exposure. With creative strategies and proven best practices we turn around hotel properties. We challenge the status-quo; we re-position hotels to outperform their competition and to become leaders in their local market.",Greece,0.562421,,,
Olympus Terra Boutique Hotel,552108.0,Greece,https://www.linkedin.com/company/olympus-terra-boutique-hotel,www.olympus-terra.gr,"Το ξενοδοχείο μας χτίστηκε το 2016 και ατενίζει τις πλαγιές του Ολύμπου.  Χαρακτηρίζεται από την εμπνευσμένη νεοκλασική αρχιτεκτονική του και διαθέτει όλες τις σύγχρονες ανέσεις, αποτελώντας ιδανική επιλογή για κάθε επισκέπτη.  Οι εγκαταστάσεις του στεγάζονται σε τρεις ορόφους, οι οποίοι έχουν σχεδιαστεί με τέτοιο τρόπο έτσι ώστε να προσφέρουν υπηρεσίες υψηλής ποιότητας και διευκολύνσεις στους πελάτες του.  Στους χώρους του  Olympus Terra Boutique Hotel σας δίνεται η δυνατότητα να εξασφαλίσετε με απόλυτη επιτυχία την επαγγελματική ή κοινωνική δραστηριότητά σας, σε μία από τις τέσσερις αίθουσες που διαθέτει στο κάτω χώρο του ξενοδοχείου. Όλες οι αίθουσες είναι πλήρως εξοπλισμένες και διαθέτουν όλη την απαραίτητη τεχνική υποστήριξη για να ανταποκριθούν στις προσδοκίες σας και να καλύψουν κάθε ανάγκη των συνεδρίων και εκδηλώσεων σας.  Η δυναμικότητα των τεσσάρων σύγχρονων συνεδριακών αιθουσών κυμαίνεται από 15 έως 150 άτομα, ενώ υπάρχει η δυνατότητα φιλοξενίας έως και 280 ατόμων για την κάλυψη της εκδήλωσής σας. Δύο μόνο βήματα στο εσωτερικό του φτάνουν για να σας συναρπάσουν.  Ο χώρος της υποδοχής, το εστιατόριο και το μπαρ του Olympus Terra Boutique Hotel, που βρίσκονται στο ισόγειο το κτιρίου,  διακοσμήθηκαν αντλώντας έμπνευση από την πλούσια ιστορία της περιοχής και κυρίως από τους μυθικούς θεούς του Ολύμπου. Στους δύο ορόφους του ξενοδοχείου στεγάζονται τα καλαίσθητα μονόκλινα, δίκλινα και τρίκλινα δωμάτια, με θέα σε ήσυχη τοποθεσία της πόλης, στην περιοχή της Γιάννουλης, ενώ ορισμένα από αυτά στην βόρεια κυρίως πλευρά του ξενοδοχείου ατενίζουν το επιβλητικό ορεινό όγκο του Ολύμπου.",Greece,0.552108,,,
Trikorfo Beach,526699.0,Greece,https://www.linkedin.com/company/trikorfo-beach,www.trikorfobeach.gr,"Trikorfo Beach is an 18.5 acre summer resort built amphitheatrically in an olive yard with respect to the unique environmental conditions and the local architecture. Set on a 250 meter golden-sand beach it extends from the crystal clear waterfront to the near mountain with panoramic and magnificent views of Toroneos Gulf. Trikorfo Beach is a self-sufficient development that features red ceramic-tiled roofs and wooden furniture that bring chic contemporary luxury to your vacation. The resort has independent spacious maisonettes, which stretch on 2 floors, all with a private terrace and garden. Plazas and playgrounds are evenly spaced and independent from the maisonettes. The resort’s beach maisonettes range from family appropriate beach-houses that can accommodate up to four guests to larger maisonettes that are ideal for larger families or groups of friends. The household of each maisonette is more than sufficient to cover the needs of a family. Individually controlled air conditioning and water heating offer perfect living conditions to each guest separately. There is a pleasant lounge and private terrace in every maisonette as well as a fully equipped kitchen and a bathroom with bath products. Our most popular suite is the Junior Maisonette, a 65 sq.m. maisonette, developed in two levels. It has a sloped tiled roof, separate entrance and a balcony with panoramic view. The design allows for exclusive use of a 15 sq.m. stone-paved terrace which is shaded by a wooden pergola in direct contact with the landscaped garden. The maisonette consists of a living room, a fully equipped kitchen-dining room, two bedrooms, a WC-shower and can accommodate up to 4 guests. TRIKORFO BEACH is the ideal summer resort for individual and family vacation.",Greece,0.526699,,,
Destsetters,513402.0,Greece,https://www.linkedin.com/company/destsetter,www.destsetters.com,"Destsetters is one of the most innovative tourism companies that studies the needs of international hoteliers and creates new projects filling the gaps of the industry. Over the last 6 years, the young and passionate team of Destsetters has created 3 successful travel projects, becoming one of the fastest developing group of companies in the global hospitality industry. The well-known Destsetters projects are: Travel by Interest An online platform that helps hoteliers create targeted content easily connecting their booking engine, giving them at the same time effective promotional packages to reach a wide ready-to-buy audience. The online platform www.travelbyinterest.com is already considered the most effective tool for targeting Gay, Luxury, Gastronomy and Wellness travellers and is expected to become the most important hotel content generator for international hoteliers. Hotelier Academy A next-generation Educational Media that focuses on keeping hoteliers updated with new methods, ideas and trends, as well as on creating amazing B2B content that will inspire the global hospitality industry. The modern website www.hotelieracademy.org hosts only top quality content produced by top-level professionals. The project is also expected to launch premium educational content and smart seminars for hotels who want to stand out the competition. Upselling Hotel A new premium service that creates advanced personalised hotel reporting & consulting, for increasing the hotel service sales from current guests. On top of that, the highly qualified Hotel Experts of www.upsellinghotel.com, give birth to strategically specified new hotel concepts that make hotels more attractive. The concepts ensure unique experiences for the guests and high revenue margins for the Hoteliers. What is the key to success of the Destsetters Projects? The high expertise on the global Hotelier Industry and the consistent research on the market's evolutions and new trends.",Greece,0.513402,,,
Ivy Vacation Rentals,468912.0,Greece,https://www.linkedin.com/company/ivyvacationrentals,ivyvacationrentals.com,"Ivy Vacation Rentals (IVR) is a company established by hospitality professionals built around the idea of providing a variety of services and solutions to owners who aim to elevate either their short-term lease property or expand their own brand. Each managed unit is dedicated to complying with high standards while meeting its profitability, customer satisfaction and employee satisfaction goal. IVR offers expertise in sales management, online reservations systems (IDS) and advisory services. We are able to assist our partners gain competitive advantage as well as achieve a growth of their establishment by offering tailor made solutions designed to meet client expectations.  We offer a wide range of personalized services which responds to all owners’ needs, providing its innovative and holistic model of boutique hotels, villas and apartments management, development and consulting. Our cooperation with travel agencies, as well as our ability to adapt our strategies to the business environment of a business unit, will lead it to the forefront of the tourism market. Experience in the hospitality industry enables us to help our partners grow their business capacity, increase their occupancy, their sales and revenue while reducing labor costs.  Our Vision is to offer high quality and hassle-free accommodation to our guests surpassing their expectations, but at the same time, ensuring our offering is of great value. Working with IVY VACATION RENTALS increases your business’ presence and awareness in the market. SALES AND RESERVATION MANAGEMENT At Ivy Vacation Rentals we analyze the uniqueness of the business environment of the business unit, we study the competition and capitalize on opportunities, with specific strategies to lead us into an integrated framework of actions. Responding to the market needs, we identify the appropriate pricing policy and we create targeted offers.",Greece,0.468912,,,
HOTEL DOGE,463328.0,"Greece, Crete, Chaniá",https://www.linkedin.com/company/hotel-doge,www.dogehotel.com,Welcome to DOGE Hotel in the heart of the Venetian port of Chania. DOGE TRADITIONAL HOTEL is an old Venetian house of the 15th century in the old town of Chania. It includes 12 traditional style comfortable rooms for 2-5 people. There is also rooftop terrace where our guests can enjoy the sun. Very close to the hotel is the old Venetian port and 500m away there is a large sandy beach. DOGE HOTEL is 16km from the airport and 7km from Suda bay seaport where is the departure point for the daily sailings to Athens.,Greece,0.463328,,,
Perivolas Hotel,456528.0,Greece,https://www.linkedin.com/company/perivolas-hotel,www.perivolas.gr,"Originally designed as a family home, Perivolas still feels like a private residence. Intimate in scale and atmosphere, every house is different. Built by native craftsmen using local materials, interiors embody Cycladic style, with its organic forms and smooth surfaces.  Breezy rooms are naturally cooled by sculpted stone walls and vaulted ceilings pierced by skylights. Beds are built into snug alcoves, adorned with a posy of hand-picked flowers. Niches and archways are scooped out of whitewashed walls, low-slung sofas offset by hand-woven rugs and cushions in vivid fuschia and lilac.  Timeless and quietly glamorous, interiors are pared down so that nothing distracts from the show-stopping views and nothing disturbs the intensity of the stillness. Nothing is superfluous, yet nothing has been overlooked. There are no TVs and DVDs – this is a place to switch off.",Greece,0.456528,,,
Loriet Hotel,443408.0,"Greece, North Aegean, Mytilene",https://www.linkedin.com/company/loriet-hotel,www.loriet-hotel.com,"Amid the jewels of the Aegean, we find the island of Lesvos, birthplace of Sappho and Alkaios, both famous poets, of the seventh century before Christ. Situated 2km from the capital city, Mitilini, we find the Loriet Hotel, 20 meters opposite the beach and within walking distance of the famous Terriade Museum. The hotel comprises of the Mansion, over 170 years old and restored to its original beauty, including its sixteen hand painted ceilings. The building houses Seven Luxury Suites, Saloon Lounge and Bar, all decorated in antiques. The Hotel The modern complex is comprised of Studios and Modern suites, surrounded by many beautiful fully developed trees. A feature of the Garden is the century old Oleander and Laurel Avenue once used by the Mansion’s horse and carriage. The sea water, in an in ground swimming pool, partly shaded by giant pine trees, is a feature of our Recreation area. A green Garden of Eden where particular attention has been placed to preserve every tree possible, during building the complex, which has created a tranquil haven for many birds and squirrels. All units feature bathrooms, with full size bath, hair-dryer, air condition/heating, free Wireless Internet, refrigerator and room service. All studios and modern suites have a kitchenette. In summer our poolside Cocktail bar, are to be enjoyed by all, and can also be used for a variety of functions, from small to large dinner parties or buffets, handheld with professional care by our expert staff. We at the LORIET Hotel feel we have created a place of beauty, and now invite you to visit us and enjoy its many features.",Greece,0.443408,,,
Santikos Collection,376395.0,"Greece, Attica, Athens, 40 Agiou Konstantinou, 15124",https://www.linkedin.com/company/santikos-hotels-&-resorts,www.santikoscollection.com,"About us The Santikos Collection, a family run company, was established in 1984, in the small island of Alonissos. Since then we have grown significantly, always striving to create memorable experiences for our guests. We work with a lot of passion and perseverance and have created a brand with an irresistible blend of heritage, lifestyle, culture and elegance. Our collection embraces the local, blending it with a laid-back vibe of luxury. We believe that a hotel can only exist in harmony with its surroundings and the local community, thus we have created the Santikos Selection, a selection of goods from small local producers, for you to enjoy and take back home. We take a lighter, fresher take on luxury and we hope you will enjoy it as much as we do. Santikos Collection properties:   •	Princess Resort, Skiathos  •	Aegean Suites, Skiathos  •	Marpunta Resort , Alonissos  •	Santikos Mansion, Vizitsa, Pelion  •	The Alex, Piraeus Athens",Greece,0.376395,,,
AVA Hotel Athens,346152.0,"Greece, Attica, Athens, Lysikratous 9-11, 105 58",https://www.linkedin.com/company/ava-hotel-athens,www.avahotel.gr,"AVA is a boutique hotel, offering some of the most spacious & self contained suites in Athens, fully renovated in January 2010. A sanctuary for business and leisure travellers alike, who desire a sense of space, comfort, exclusiveness and personalized service. Environmentally friendly & a non-smoking hotel.",Greece,0.346152,,,
Elakati Luxury Boutique Hotel,310443.0,Greece,https://www.linkedin.com/company/elakati-luxury-boutique-hotel,www.elakati.com,"Elakati Luxury Boutique Hotel is the perfect place to experience true Greek Hospitality. It is an adults only (minimum age of 16 years) themed hotel located in the center of Rhodes, just a few minutes away from all shops, restaurants, bars and a walk away from one of the most beautiful and cosmopolitan beaches on the island of Rhodes, Elli Beach. As a themed hotel the architecture itself takes you on a whole other journey, where each level has a unique design with a theme that reflects the beauty and history of Rhodes. While nature is one of Greece’s beauties, ecological materials are combined to create a traditional atmosphere with modern comforts. Aromas, flavors, and tastes conveniently displayed, ease the search for the perfect gift to take back home. Embracing a healthier lifestyle physically and environmentally, guests can explore the center of Rhodes on an Elakati bicycle made with natural materials itself. Elakati offers a diversity of unforgettable experiences, an adventure unlike no other to discover the treasures of Greek History in modern life. With hospitality running deeply in our roots from ancient times, generosity and courtesy at Elakati Luxury Boutique Hotel are a way of life and all who enter as guests, leave as friends.",Greece,0.310443,,,
Live In Athens,269788.0,"Greece, Attica, Athens, Agion Anargiron 5, 10554",https://www.linkedin.com/company/live-in-athens,www.liveinathens.net,"Hospitality Services in Athens Greece. Live in Athens is about bringing together our team, our guests and the city we love. Since 2012, we select and renovate properties with respect to their history and an intention to elevate both our city and our guests’ experience. We put loads of thought, creativity and excitement in everything we do. We believe that humor, honesty and positive attitude can make the world a better place. Be our guest and become part of our growing family.",Greece,0.269788,,,
Modus Amplio | Hospitality Unlimited,207735.0,"Greece, Attica, Athens, 20 Voukourestiou, 10671",https://www.linkedin.com/company/modus-amplio,www.modus-amplio.com,"Modus & Amplio is an independent hospitality company in Greece, providing Hotel & Resort Management, Asset & Brand Management services, Strategy & Operations consulting to hotel owners, developers, investors and lenders. Our approach is different. We ask new questions and open new routes. We create a capability for innovation. Our people are experienced, analytical and passionate providing tailor-made effective solutions. Maximizing our client's business performance is our key objective & adding value to our clients’ business is our mission. Our associates are available to support you with any aspect of Managing, Developing, Owning, or Operating a hospitality property.",Greece,0.207735,,,
HELLAS GROUP,188492.0,"Greece, Attica, Athens, 1 Vasilikis Street, 10560",https://www.linkedin.com/company/hellas-group,www.hellasg.com,"HELLAS GROUP - HG - is a group of remarkable companies dedicated to sharing the spirit and quality of Greek Hospitality and Gastronomy with the world. A group created with the aim to spread, preserve and encourage the integration of the Greek culture along with all its dimensions in the global landscape. Hellas Group with headquarters in Athens and Shanghai continues pioneering new paths of spreading Greek hospitality to the corners of the world through EROSANTORINI, MY ODYSSEY, HELLAS HOUSE and its respective brands. MY ODYSSEY TRAVEL, a luxury travel agency providing bespoke travel to Greece and Europe (Athens & Shanghai) EROSANTORINI, year round, first truly private estate on Santorini island HELLAS HOUSE, the Greek Culture & Lifestyle Center in Shanghai  AGAVE, design boutique hotel in Santorini ELAION, top early-harvest olive oil  TSELEPOS, finest Greek wines MILOS, authentic Greek restaurant in Shanghai  AMPHORA, food & spirits import trade enterprise in Shanghai HOW, authentic experience retail store featuring natural Greek products including honey, olive oil, wines and cosmetics in Shanghai",Greece,0.188492,,,
Crucial Hospitality,169091.0,"Greece, Attica, Athens, 5 Sofokleous Street, 105 65",https://www.linkedin.com/company/crucial-hospitality,www.crucialhospitality.com,"Crucial Hospitality is a professional full service Hotel, Villas and Apartments Management Company. The organization’s aim is to assist property owners in developing their investment value and at the same time, to create a housing portfolio that, through capital investment, will be upgraded, repositioned on the tourism market and will increase its commercial value. CRUCIAL is the sole management company which offers a wide range of personalized services which responds to all owners’ needs, providing its innovative and holistic model of hotel, villas and apartment’s management, development and consulting. Experience in the hospitality industry enables us to help our partners grow significantly their business capacity, increase their occupancy, their sales and revenue while reducing labor costs.  Crucial Hospitality offers expertise in sales management, global management, online reservations systems (IDS) and advisory services.  It is able to assist its partners to gain competitive advantages as well as achieve a growth of their establishment by providing the most advanced tools to run a property and by offering tailor made solutions designed to meet client expectations. Our Vision is to offer high quality and hassle-free accommodation to our guests surpassing their expectations, but at the same time, ensuring our offering is of great value.",Greece,0.169091,,,
Sparrow,151367.0,"Greece, Attica, Athens, 39 Leoforos Dimarchou Aggelou Metaxa, 16674",https://www.linkedin.com/company/sparrow-gr,www.thesparrow.gr,"Sparrow is a property management company operating in Greece that helps property owners to lease their property on accommodation-sharing sites with the best terms. For us, the proper management of your property concerns both the organization, supervision and optimization of digital channels, as well as the organization, supervision and maintenance of your property itself. Our goal is to differentiate your listing from competition and increase your bookings and income. We recommend realistic solutions and we create with you the optimal strategy for the promotion and best performance of your space. But we do not stop there; we find, evaluate and communicate with potential guests while keeping you informed of the bookings and your income at all times.",Greece,0.151367,,,
Hospitality Investment | Greece,126501.0,Greece,https://www.linkedin.com/company/hospitality-investment,www.hospitalityinvestment.gr,"Hospitality Investment is a boutique firm involved in business study, renovation, marketing and commercial development, management and operations of hospitality properties, as well as property hunting, on both the island of Aegina and Attica.",Greece,0.126501,,,
Hosthub,111969.0,"Greece, Attica, Maroúsi, 11b Konitsis, 151 25",https://www.linkedin.com/company/syncbnb,www.hosthub.com,"Hosthub helps vacation rental owners manage their listings on multiple channels like Airbnb, Vrbo, Booking.com, Tripadvisor, etc thus multiplying their revenue by 2X.",Greece,0.111969,,,
Athens Wine Tasting,82551.0,Greece,https://www.linkedin.com/company/athens-wine-tasting,www.athens-winetasting.com,"ATHENS WINE TASTING Private Company specializes in intimate, unforgettable wine and food attractions. We offer small, semi-private and private wine tastings and excursions to explore the magnificent wine region of Attica and the most noteworthy wines of Greece. Our passionate and sophisticated wine experts will ensure you experience the best wine tasting courses and tours. A must-do experience for all wine lovers. We love to nurture our guests about Greece’s tastiest wines many of which they have never heard of. Our fun but professional approach will deliver an unforgettable experience and when you leave, you know much more about the wines of this country and wine tastings.",Greece,0.082551,,,
TU Events,78821.0,Greece,https://www.linkedin.com/company/tu-events,www.tuevents.gr,"Όλα ξεκίνησαν από αγάπη, μεράκι και αφοσίωση στο κρασί, την γαστρονομία και την επιμονή στην δημιουργία υπηρεσιών υψηλής ποιότητας. TU σημαίνει Touratzis Umami και ιδρύθηκε σαν εταιρία από τον Γιώργο Τουρατζή MSc το 2014.  Οι αμέτρητες δοκιμές και τα ταξίδια σε κορυφαία εστιατόρια και οινοποιεία του κόσμου, ήταν ίσως οι σημαντικότερες σπουδές, για έναν γαστρονομικό ουρανίσκο. Με την επιστροφή του στην Αλεξανδρούπολη, ξεκίνησε μια νέα σειρά γαστρονομικών & οινικών event, μαζί με το website πρότασης εστιατορίων με την ονομασία Touratzis Umami. Η Εξέλιξη Έπειτα από επανειλημμένες παρουσιάσεις οίνου και γαστρονομικά δείπνα με γνωστούς και ανερχόμενους σεφ, ιδρύθηκε η διοργανώτρια εταιρεία premium εκδηλώσεων, TU events. Μια δυναμική ομάδα νέων ανθρώπων δημιουργήθηκε, που με αγάπη, πείσμα και χαμόγελο αναπτύσσεται και πραγματοποιεί με παραδειγματικό τρόπο κάθε νέα ιδέα. Η TU events αναλαμβάνει, σχεδιάζει και διοργανώνει πρότυπα projects, όπως είναι τα One Wine Stand, τα γαστρονομικά δείπνα και φυσικά το μεγαλύτερο μας project, το Umami Festival! Boutique Hospitality Projects Κάθε project, που δημιουργούμε ή αναλαμβάνουμε, έχει δικό του μοναδικό σχεδιασμό με στόχο μας πάντα, να “γράφουμε τη δική μας σελίδα”, ξεφεύγοντας από οτιδήποτε άλλο έχουμε δει. Όσο για την ποιότητα και την επιμονή στις λεπτομέρειες, κρατάμε πάντα την υπόσχεση μας για premium αποτελέσματα, έτσι αν θέλουμε να περιγράψουμε με τρεις λέξεις αυτό που εκφράζουμε, είναι “Boutique Hospitality Projects”! Γιατί Umami; Το Umami (ουμάμι) είναι η πέμπτη γευστική αίσθηση (γλυκό, ξινό, πικρό, αλμυρό & Umami). Είναι δάνειο από την Ιαπωνική, όπου μπορεί να μεταφραστεί ως «ευχάριστη νόστιμη γεύση». Σε μια επέκταση του ουμάμι λοιπόν, βασίζεται η ονομασία TU, προβάλλοντας αντίστοιχα κάτι νέο, διαφορετικό και φυσικά νόστιμο!",Greece,0.078821,,,
Prima Lodging,64179.0,Greece,https://www.linkedin.com/company/primalodging,www.primalodging.com,"Prima Lodging offers smart homes for short-term and long-term accommodation in Thessaloniki. The first apartment opened in November 2018 in the municipality of Kalamaria Thessaloniki. This innovative self-catering accommodation offers a new way of self check-in via video doorbell and smart lock, available 24 hours a day, without the presence of a host or other staff. The Google Home assistant inside the apartments can be used for in-house commands such as voice control of the smart lights or information regarding the local area. Guests may relax on the furnished balcony with city view, play any of the console’s pre-installed video games or watch Netflix on the large full HD TV. Our goal is to offer small affordable smart homes combined with competitive amenities using smart interior design choices for space saving.",Greece,0.064179,,,
Batis Multiplex,48310.0,Greece,https://www.linkedin.com/company/batis-multiplex,batis-sa.gr,"With a breathtaking view, MULTIPLEX Batis in Kavala, Greece, will enchant you from the first moment ... The autonomous Batis Multiplex, located in one of the most beautiful beaches 4km. west of Kavala, Greece, is one of the most tempting incentive to visit the region of Kavala. It impresses with its independence, functionality, modern aesthetics and natural beauty. Batis Multiplex is the ideal meeting place for any personal, social or professional time. It is a well-organized recreation area, which offers unlimited residence to kids and adults, relaxation and entertainment throughout the day from early morning until late evening.",Greece,0.04831,,,
