Name,Revenue,HQ Location,LinkedIn URL,Website,Company description,Country,Revenue_M,Main Broker,Main Insurer,Hubspot
Sokos Hotels,1000000000.0,"Finland, Uusimaa, Helsinki",https://www.linkedin.com/company/sokos-hotels,www.sokoshotels.fi,"Sokos Hotels is a prominent hotel chain in Finland, dedicated to providing exceptional hospitality experiences for both business and leisure travelers. With a mission to elevate guest satisfaction through personalized services and unique local offerings, Sokos Hotels aims to create memorable stays that reflect the charm of their locations. The company caters to a diverse clientele, including corporate travelers who benefit from exclusive SCard advantages, such as discounted parking and complimentary gym access. Partnering with local businesses, Sokos Hotels emphasizes community engagement and cultural authenticity, ensuring that guests enjoy a taste of the region's traditions. With a focus on comfort and convenience, Sokos Hotels targets both domestic and international visitors seeking quality accommodations and a warm, welcoming atmosphere.",Finland,1000.0,,,
Forenom,173825141.0,"Finland, Uusimaa, Helsinki, 2 Firdonkatu",https://www.linkedin.com/company/forenom,www.forenom.com,"Forenom. #StayEasy We make your stay easy, so you can feel at home. We are Forenom - the Nordic region’s leading corporate housing provider and one of the top serviced apartment brands in Europe.  Book online 24h a day with real-time availability to any of our 9000+ locations at Forenom.com. Forenom is a brave pioneer of the accommodation industry with over 20 years of experience in the changing and challenging corporate housing market.  Forenom manages over 9000 furnished apartments and aparthotel and hostel rooms in all major Scandinavian cities, accommodating over 1 million nights every year. We operate in Finland, Sweden, Norway, Denmark and Germany with over 30 local offices and over 500 employees. We also provide corporate housing in Central Europe by request. Go to forenom.com to book your accommodation. For our customer care contact details, please visit forenom.com/customer-support/.",Finland,173.825141,,,
Bob W.,125572976.0,"Finland, Uusimaa, Helsinki",https://www.linkedin.com/company/bobw,bobw.co,"Bob W is a modern hospitality company that offers stylish and comfortable accommodations in prime locations across major cities, including Munich. With a mission to provide guests with a seamless and enjoyable stay, Bob W combines the convenience of digital access with the charm of local neighborhoods, allowing travelers to experience the authentic culture of each destination. The company caters to a diverse clientele, including business travelers and leisure seekers, who appreciate well-equipped spaces that prioritize cleanliness and sustainability. Bob W's commitment to environmental responsibility is evident in its initiatives to offset carbon emissions and utilize renewable energy sources. By partnering with local businesses for amenities like breakfast and gym access, Bob W enhances the guest experience while supporting the community.",Finland,125.572976,,,
Messukeskus Helsinki Expo And Convention Centre,64713040.0,"Finland, Uusimaa, Helsinki",https://www.linkedin.com/company/messukeskushelsinki,www.messukeskus.com,"Messukeskus Helsinki Expo and Convention Centre is Finland's leading venue for exhibitions, conferences, and events, hosting around 50 exhibitions and over 1,000 meetings annually. With a mission to create inspiring experiences and facilitate meaningful interactions, Messukeskus aims to enhance brand visibility and foster connections among businesses and consumers. The centre features 58,000 square meters of versatile space, including seven exhibition halls and 40 meeting rooms, catering to a diverse clientele ranging from local businesses to international organizations. Notable events include Habitare, the Helsinki Book Fair, and the Helsinki International Boat Show, attracting approximately one million visitors each year. Committed to sustainability, Messukeskus integrates eco-friendly practices into its operations, ensuring a positive impact on the community and environment.",Finland,64.71304,,,
Tampere-talo,61351800.0,"Finland, Pirkanmaa, Tampere",https://www.linkedin.com/company/tampere-talo,www.tampere-talo.fi,"Tampere Hall is a premier cultural venue located in Tampere, Finland, dedicated to hosting a diverse range of events, including concerts, operas, and theatrical performances. Its mission is to enrich the cultural landscape of the region by providing high-quality artistic experiences that cater to a wide audience, from classical music enthusiasts to contemporary art lovers. The venue collaborates with renowned partners such as the Tampere Philharmonic Orchestra and Tampere Opera, showcasing both local and international talent. Tampere Hall aims to create memorable experiences for its clients, which include concertgoers, families, and tourists, while also offering group booking options to enhance accessibility. With a vision to be a leading cultural hub, Tampere Hall continues to innovate and expand its programming, ensuring that it remains a vital part of the community's artistic expression.",Finland,61.3518,,,
Kämp Collection Hotels,59944301.0,"Finland, Uusimaa, Helsinki",https://www.linkedin.com/company/kämp-collection-hotels,www.kampcollectionhotels.com,"Kämp Collection Hotels, which is part of Nordic Hotels and Resorts, is a group of Finnish hotels, which consists of Helsinki’s most reputable hotels and restaurants, and Kämp Spa and St. George Care spa. Kämp Collection Hotels’ most well-known hotel is Hotel Kämp, which was established in 1887. In addition, also the luxury and design hotel St. George, lifestyle hotels Klaus K, Hotel Haven, Hotel Fabian and Lilla Roberts as well as the popular hotel chain GLO, which includes the GLO Kluuvi, GLO Art, GLO Sello and GLO Airport hotels are part of the group. http://www.kampcollectionhotels.com",Finland,59.944301,,,
Sunborn Group,56525753.0,"Finland, Finland Proper, Turku, 23 Juhana Herttuan Puistokatu, fi-20100",https://www.linkedin.com/company/sunborn-group,sunborn.com,"Sunborn Group is a prominent Finnish company that operates in the hospitality, restaurant, and event sectors, employing approximately 700 staff across various roles. The company is dedicated to providing exceptional service in its hotels, restaurants, and event venues, including Naantali Spa & Hotel and Ruissalo Spa & Hotel, among others. Sunborn Group's mission is to create memorable experiences for its guests while fostering a supportive and dynamic work environment for its employees. The company actively seeks skilled professionals for positions such as servers, chefs, and payroll specialists, emphasizing the importance of teamwork, flexibility, and continuous improvement. With a diverse clientele ranging from leisure travelers to corporate event organizers, Sunborn Group aims to be a leader in the Finnish hospitality industry, committed to quality and innovation.",Finland,56.525753,,,
Wilderness Hotels,33243000.0,"Finland, Lappi, Inari, 4230 Nellimintie, 99860",https://www.linkedin.com/company/nellim-wilderness-hotels,wildernesshotels.fi,"Wilderness Hotels is a leading tourism company based in Lapland, specializing in providing immersive holiday experiences in close proximity to nature. Established in 2004, the company operates multiple destinations within the municipality of Inari, offering a range of accommodations, dining options, and diverse activities tailored for international clients. The mission of Wilderness Hotels is to create memorable vacations that connect guests with the natural beauty of the region. With a workforce of nearly 400 employees during the winter season, the company fosters a multicultural work environment that emphasizes teamwork and camaraderie. Wilderness Hotels collaborates with various partners to enhance guest experiences, making it a preferred choice for travelers seeking adventure and relaxation in the Finnish wilderness.",Finland,33.243,,,
Primehotels Oy,32039195.0,"Finland, Uusimaa, Helsinki",https://www.linkedin.com/company/primehotels-oy,www.primehotels.fi,"Primehotels Oy is a private Finnish company whose hotel family includes premium hotels in several locations around Finland. Primehotels Oy is a chain of hotels, where each of our hotels is an independent, personal, high-quality and unique unit - both in terms of settings and services. Our hotels are united by genuine passion for hospitable service. www.rantapuisto.fi www.spahotelcasino.fi www.hoteloscar.fi",Finland,32.039195,,,
Hotel Kämp,27605540.0,"Finland, Uusimaa, Helsinki",https://www.linkedin.com/company/hotel-kämp,www.hotelkamp.com,"Hotel Kämp is a prestigious luxury hotel located in Helsinki, renowned for its exquisite accommodations and exceptional service. The hotel offers a range of elegantly designed rooms and suites, including the grand Kämp Suite, which features modern luxury and timeless elegance, ensuring a refined retreat for its guests. With a mission to provide an unforgettable hospitality experience, Hotel Kämp caters to discerning travelers seeking comfort and indulgence, offering personalized services such as in-room dining, wellness access, and exclusive lounge privileges. The hotel also hosts unique experiences, such as whisky tastings and romantic getaways, appealing to both leisure and business clients. By partnering with local experts and focusing on high-quality offerings, Hotel Kämp aims to create memorable moments for its guests while showcasing the best of Finnish hospitality.",Finland,27.60554,,,
Santa's Hotels,26594400.0,"Finland, Lapland, Rovaniemi",https://www.linkedin.com/company/santashotels,www.santashotels.fi,"Santa's Hotels provides high quality accommodation, restaurants and conference services in Finnish Lapland. The hotel chain consists of Hotel Santa Claus, Santa's Igloos Arctic Circle and Santa's Hotel Rudolf in Rovaniemi, Santa's Hotel Aurora, Igloos and Villa Borealis in Luosto, Santa's Hotel Tunturi in Saariselkä, Santa's Chalets Rakka in Kilpisjärvi, Santa's Villas in Levi and Santa's Resort&Spa Hotel Sani in Kalajoki. Santa’s Hotels has the best holiday destinations for you: First-class dining, high-quality hotel rooms, premium glass igloos, full-service chalets and fully-equipped apartments.",Finland,26.5944,,,
Apukka Resort,24378200.0,"Finland, Lapland, Rovaniemi",https://www.linkedin.com/company/apukka-resort,apukkaresort.fi,"Apukka Resort is a premier destination located in Rovaniemi, Lapland, Finland, specializing in unique Arctic experiences, particularly through reindeer sleigh rides and winter activities. The resort aims to provide guests with an authentic connection to the Arctic wilderness, offering immersive experiences that highlight the region's rich cultural heritage and natural beauty. With a focus on family-friendly adventures, Apukka Resort caters to a diverse clientele, including families, couples, and adventure seekers looking to explore the enchanting winter landscape. The resort partners with local guides and reindeer farms to ensure a memorable and educational experience for all visitors. Through its offerings, Apukka Resort aspires to create lasting memories while promoting sustainable tourism in the heart of Lapland.",Finland,24.3782,,,
VALO Hotel & Work,23254254.0,"Finland, Uusimaa, Helsinki",https://www.linkedin.com/company/valo-hotel-work,www.valohotel.fi,"Uusi tapa ajatella vapaa-aikaa ja työtä. VALOsta löydät saman katon alta modernit työtilat, lämminhenkisen hotellin ja ravintolat. Keskity omassa työhuoneessa, sparraile upeissa yhteistiloissa ja kokousta maailmanluokan tapahtumatiloissa.",Finland,23.254254,,,
Kämp Group,20670448.0,"Finland, Uusimaa, Helsinki",https://www.linkedin.com/company/k-mp-group,www.kampgroup.fi,"We have a new LinkedIn page, please #joinus: https://lnkd.in/e_JhVVk  Kämp Collection Hotels  Kämp Collection Hotels Ltd is a Finnish hotel group that includes a number of the most renowned hotels and restaurants in Helsinki, as well as Kämp Spa.  Kämp Collection Hotels employs around 400 people and its target turnover for 2014 is around EUR 55 million. Kämp Collection Hotels brand portfolio includes Hotel Kämp, an internationally renowned hotel founded in 1887; luxury and lifestyle hotel Klaus K, popular lifestyle hotel chain GLO Hotels, as well luxury hotels Hotel Haven, Hotel Fabian and Hotel Lilla Roberts.  Kämp Collection Hotels is owned by funds managed by CapMan, Berling Capital Oy and Rake Group. Hotel Kämp Established in 1887, the internationally renowned Hotel Kämp is today a five-star luxury hotel with a unique market position in Finland and an important landmark in the Helsinki city center.  GLO Hotels, in turn, is the only lifestyle hotel chain in the country, with four popular hotels located in the center of Helsinki, at the Helsinki Airport and in the Sello shopping center in Espoo.  Klaus K is a personal contemporary hotel inspired by Finland’s national epic Kalevala. Kämp Spa - An oasis of ultimate relaxation and rejuvenation.   Hotel Haven is designed to provide homely warmth, exclusive comfort, and high-quality services for the discerning guest. Hotel Fabian is a 58-room boutique hotel with a uniquely welcoming atmosphere. We don't mind if you stay longer. Hotel Lilla Roberts Taking center stage in the service philosophy is the Nordic ""hygge""​ thinking. Hygge is originally a Danish concept, referring to all that is good and pleasant in life. Hotel St. George Opening in summer 2017, St. George is an enchanting Helsinki hotel, characterized by long-lasting elegance – with a twist of the unexpected.",Finland,20.670448,,,
Vanajanlinna,20138688.0,"Finland, Tavastia Proper, Hämeenlinna",https://www.linkedin.com/company/vanajanlinna-oy,vanajanlinna.fi,"Hotel Vanajanlinna is a reputable conference and golf hotel in Hämeenlinna, Finland. The unique castle hotel together with the internationally acclaimed golf course and the surrounding Finnish nature, creates an unbeatable combination.",Finland,20.138688,,,
Clarion Hotel Finland,15733350.0,"Finland, Uusimaa, Helsinki",https://www.linkedin.com/company/clarion-hotels-finland,www.strawberry.fi,"Clarion Hotel is more than just a hotel. We create meeting spots that increase the quality of life for our guests. With us, you will always be where it happens, right in the heartbeat of the city.",Finland,15.73335,,,
Krapihovi Oy,15104016.0,"Finland, Uusimaa, Tuusula, 2 Rantatie, 04310",https://www.linkedin.com/company/krapihovi-oy,bit.ly,"Hotelli, Ravintolat, Kulttuuri Krapin herkullinen tarina elää keittiössä. Se syntyy vuodenaikojen kiertokulusta, puhtaista suomalaisista raaka-aineista ja talon historiasta. Hyvään ruokaa laitetaan kaikki mitä on, mitään vähättelemättä, mitään liioittelematta, jokaiseen makuun koko sydän. Ravintola Krapihovin lisäksi pihapiirin puistossa on Krapin Paja, Palvaamo, Aitta, Alitupa, Viinikellari, Ravintola Mankeli & kesäterassi, Hotelli vanhassa navetassa sekä kesäteatteri. Golfkentän läpi mutkittelevan tien päässä Tuusulanjärven rannalla lämpiää savusauna.  Krapin Onnelan alue sijaitsee 800 metrin päässä Krapilta, Tuusulanjärven rannalla, omassa niemenkärjessä. Onnelan vastarannalla siintää Sarvikallio, joka aikoinaan on inspiroinut alueen taiteilijoita, kuten Järnefeltiä, luovaan työhön. Onnelan alueella sijaitsee Toukola, Eino-sali ja Leino-sali, kolme rantasaunaa; Jannen sauna, Elvilä sekä Järvisauna. Majoitustilat Tammisto- ja Viertolarakennuksessa, Männistön mökki, Taabor- ja Tammikabinetti. Lisäksi alkuperäinen Majatalo Onnela-rakennus, Impivaara, jossa Johanna Sofia Björklund piti majataloa taiteilijoiden kultakauden aikaan. Majatalon tunnetuin asukki oli Eino Leino.",Finland,15.104016,,,
Yopuu Yhtio Oy,15104016.0,"Finland, Central Finland, Jyväskylä",https://www.linkedin.com/company/yopuu-yhtio-oy,www.yopuuyhtio.fi,"Yöpuu Yhtiö Oy is a privately held company located in Jyväskylä, Finland. We provide amenities in 2 locations for both, businesses and consumers. Our two hotels and a fine dining restaurant form a compilation of 154 hotel rooms & 9 conference rooms that are ready to serve you with the best possible and always personal service. Boutique Hotel Yöpuu: Boutique Hotel Yöpuu is a historically valuable stone house in calm, peaceful surroundings in the centre of Jyväskylä. Hotel Yöpuu is a cosy culture experience for our guests with individually decorated rooms and attentive service. A first-class breakfast, the flavour journeys of Restaurant Pöllöwaari and our personal wine bar transform a hotel stay into a relaxing and truly enjoyable experience. Restaurant Pöllöwaari: Considerate, first-class service, personal, rewarded selection of beverages. Stylish and atmospheric surroundings, Wine bar and during summertime, Wine yard. Refined dishes, seasonal ingredients, thrilling, surprising journeys of flavour. Urban Hotel Verso: Verso lives in the urban beat of the city. We are here to cherish life-enriching experiences, spontaneous encounters, passing moments. We are unique and free to try something new. We want to offer you urban enjoyment, self-indulgence, home-baked cinnamon rolls and café latte, fresh tastes from local produces, refreshing events and, of course, a good night’s sleep. Our new conference-, meeting and festivity facilities combined with our own kitchen make the best possible home for your meetings and events. Verso Bar: Welcome to our cosy living room, Verso Bar, in the city centre of Jyväskylä. You will find great a variety of Finnish craftbeers and red, white and sparking wines carefully selected by our somlier. We have a wide, first-class selection of alcohol, from Finland and worldwide. Enjoy tasty, salty tapas with your cocktail or just delicious pastries with your cappuccino. Salty snacks and filled bagels are available until late at night.",Finland,15.104016,,,
Hilton Helsinki Hotels,14474682.0,"Finland, Uusimaa, Helsinki",https://www.linkedin.com/company/hilton-helsinki-hotels,hravintolat.fi,"Hilton Helsinki Hotels, specifically the Hilton Helsinki Kalastajatorppa, is a premier hospitality provider that specializes in offering versatile meeting and catering packages tailored to both corporate and leisure clients. The hotel is committed to delivering exceptional service and high-quality experiences, with a mission to create memorable moments for guests through its generous buffet breakfast and diverse menu options that cater to various dietary needs. Targeting business travelers, event organizers, and leisure tourists, Hilton Helsinki aims to be a preferred choice for meetings and events in the region. The hotel partners with local suppliers to ensure the use of organic and sustainable products, reflecting its vision of promoting wellness and environmental responsibility. With a focus on customer satisfaction, Hilton Helsinki Kalastajatorppa strives to exceed expectations and foster long-lasting relationships with its clients.",Finland,14.474682,,,
GLO Hotels,13435791.0,"Finland, Uusimaa, Helsinki, 4 C Erottajankatu, 00120",https://www.linkedin.com/company/glo-hotels,www.glohotels.fi,"GLO HOTELS - AT THE CENTRE OF EVENTS, YOU CAN EXPERIENCE THE WORLD IN ALL OF ITS COLOURS GLO Hotels is a lifestyle hotel chain that provides to urban enthusiasts. All members of the GLO family share the same DNA: we don’t just offer accommodation, but we invite our guests to become part of our story, we enjoy all the colors in the world and we are where things happen. We are passionate about our services, appreciate genuine encounters, believe in an authentic presence and want to surprise our guests over and over again. GLO Hotels also shares a green dream towards a more ecologic world. Our Green Dream vision gives our dream roots and wings. Our operations have been certified with the international Green Key label for sustainable tourism. A distinct GLOwing approach to personalized service made us into a major lifestyle hotel chain in Finland. With hotels in Helsinki, Espoo and Vantaa regions, this is a GLOrious place to work at!",Finland,13.435791,,,
Hotel Kakola,13435791.0,"Finland, Finland Proper, Turku",https://www.linkedin.com/company/hotel-kakola-oy,www.hotelkakola.fi,"Hotel Kakola is a private, Finnish boutique hotel located on former prison grounds. The only chains here, however, are the ones decorating the ceiling of our wine room. Excellent personal service is the foundation of everything we do. Hotel Kakola has 151 unique rooms. Our prison hotel allows you to choose between a suite, a family room or even a hotel room built right into an actual former prison cell. Arranging events has never been this easy! We offer exceptional facilities, delicious catering and, if desired, inspiring and fun supplementary programs. A dedicated conference host from the hotel always ensures that your meeting comes off without a hitch. At Restaurant Ruben, the recipe for an amazing dining experience includes locally produced ingredients, brilliant service and a historical setting.",Finland,13.435791,,,
Hotel St. George,13404526.0,"Finland, Central Finland, Helsinki, 13 Yrjönkatu, 00120",https://www.linkedin.com/company/hotel-st-george-helsinki,www.stgeorgehelsinki.com,"Hotel St. George is a luxurious hospitality destination in Helsinki, offering a unique blend of comfort, wellness, and culinary excellence. The hotel features a diverse range of accommodations, including suites and studios, designed to cater to both leisure and business travelers. With a mission to provide exceptional experiences, Hotel St. George emphasizes sustainability and well-being, offering a spa, gym, and various wellness treatments. The hotel also hosts events, weddings, and special dining experiences, making it a preferred choice for both local and international guests. Its target market includes discerning travelers seeking a refined stay, as well as corporate clients looking for meeting and event spaces. Through partnerships with local businesses and a commitment to quality service, Hotel St. George aims to create memorable moments for all its visitors.",Finland,13.404526,,,
TripStax Hotels,12684670.0,"Finland, Uusimaa, Espoo, 6 Linnoitustie, 02600",https://www.linkedin.com/company/tripstax-hotels,www.tripstaxhotels.com,"Provide an easy and convenient hotel booking process for business travellers, whether you're a corporate or an agency, enjoy an abundance of benefits and access to more than a million hotels globally from multiple providers. It’s never been easier to search for hotels, book within policy and get your reservation confirmed in no time at all. And, post booking? Well, you can easily amend your reservation on-the-go in our handy mobile app and get access to our friendly support team if anything does go wrong.",Finland,12.68467,,,
HUONE Meeting And Event Venues,12631672.0,"Finland, Uusimaa, Helsinki, 16 Länsisatamankatu, 00180",https://www.linkedin.com/company/huone-events-hotel,www.huone.events,HUONE is an exceptional place for B2B meetings & events. Creative rooms and excellent service combined with free booking & event management system make meeting organizing easy.    www.huone.events What Huone truly is? https://vimeo.com/177252900,Finland,12.631672,,,
Skyline Airport Hotel,11957346.0,"Finland, Uusimaa, Vantaa, 9 Elannontie, 01510",https://www.linkedin.com/company/airport-hotel-bonus-inn,www.airporthotelskyline.fi,"Independent, friendly Skyline Airport Hotel near Helsinki-Vantaa (HEL) airport, offers you quiet and relaxing accommodation between flights, for Helsinki stopover, or after a long business day. We have 214 newly renovated rooms, all with air-condition.  We offer free minibus shuttle to the airport/ back to the hotel and free parking during your holiday. Family operated, contemporary Skyline Airport Hotel is a member of Private Hotels Finland. Our friendly multi-lingual staff is always available to assist you.  Come alone, with your family or friends – we got you!",Finland,11.957346,,,
Nelio Concepts,11368746.0,"Finland, Uusimaa, Helsinki",https://www.linkedin.com/company/nelio-concepts,nelioconcepts.com,"Nelio Concepts manages serviced living platforms currently operational in Denmark, Poland, Finland and Norway. We want to provide spaces not only for living but also for community. The most innovative ways of serviced living for students, young professionals and everyone looking for more than just a place to live.",Finland,11.368746,,,
Ålandhotels,11328012.0,"Finland, Mariehamn, 7 Hamngatan, 22100",https://www.linkedin.com/company/-landhotels,www.alandhotels.fi,"Ålandhotels is a hotel group with three hotels and restaurants in Mariehamn, Åland.    The group's hotels include Hotel Adlon, Hotel Savoy and Hotel Pommern offering a total of 234 rooms. Restaurant Bistro Savoy serves breakfast and a popular lunch with a roustic touch. At Adlon Pizzeria & Sportsbaryou can enjoy your favourite sports and Adlon's famous pizzas. Kvarter5 in hotel Pommern is a White Guided listed restaurant serving breakfast, lunch and dinner in a modern and relaxing atomsphere.",Finland,11.328012,,,
Snowhotel Family,11257672.0,"Finland, Lapland, Rovaniemi",https://www.linkedin.com/company/arctic-snowhotel,snowhotel.fi,"Snowhotel Family operates the Arctic SnowHotel & Glass Igloos, a unique accommodation experience located near the Polar Circle in Finnish Lapland. The company offers guests the opportunity to immerse themselves in the beauty of the Arctic through three distinct seasonal experiences: autumn, early winter, and winter, each showcasing the region's stunning natural transformations and activities. With a mission to provide unforgettable Arctic adventures, Snowhotel Family combines their expertise in snow and ice to offer a range of winter activities, including ice sculpting and Northern Lights viewing, from early September to the end of March. Their target market includes adventure seekers and travelers from around the world looking for a magical winter getaway, while partnerships with local businesses enhance the overall guest experience. The Arctic SnowHotel features unique accommodations, such as ice rooms and glass igloos, making it a sought-after destination for those wishing to explore the enchanting landscapes of Rovaniemi.",Finland,11.257672,,,
Bon Group Oy,11081000.0,"Finland, Uusimaa, Helsinki",https://www.linkedin.com/company/pro-restaurants-oy,www.bongroup.fi,"GREAT TO MEET YOU! We are a beverage, entertainment, and food restaurant group operating in growth centers. As a passionate and growing business, we are committed to developing our restaurants and operations sustainably. For us, the restaurant business is all about connections – we aim to grow profitably and become the leading developer of a culture built on meaningful encounters. THE BEST PLACE TO BE RIGHT NOW We are synonymous with world-class experiences. Here, people are welcomed and feel part of a community where fun happens on both sides of the counter. We embrace ambition and innovation, always striving to ensure the best place to be right now—for owners, employees, and customers alike. NOT A RESTAURANT CHAIN, BUT A CHAIN OF RESTAURANTS We specialize in identifying regional meeting spots and fine-tuning businesses to match. We expertly blend music, flavors, ambiance, and people, taking each location’s identity to the next level while honoring unique traditions and adding that special something. WE EMPLOY PROFESSIONALS IN CREATING UNFORGETTABLE MOMENTS We believe in meaningful, motivating work. Whether new or experienced, we are dedicated to developing professionals – it's central to our identity, values, and community spirit. We measure job satisfaction and the sense of purpose in the workplace, believing that a meaningful environment allows employees to reach their full potential. We prioritize their experiences with purpose, leadership, community, and personal growth. As owners, we are deeply motivated by our love for people and our desire to create unforgettable moments while enjoying the journey ourselves. OUR VISION IS TO BE THE LEADING FORCE IN A CULTURE OF INNOVATIVE ENCOUNTERS OUR VALUES: Authenticity & Joy | Professionalism | Community FACTS: €10M Revenue in 2024 €50M Growth Target by 2033 6,000 Customer Seats 100+ Employees 50,000+ Social Media Followers ¡The only time to be happy is now! Bon Group Oy",Finland,11.081,,,
Arctic TreeHouse Hotel,10698678.0,"Finland, Lapland, Rovaniemi, 3 Tarvantie, 96930",https://www.linkedin.com/company/arctic-treehouse-hotel,arctictreehousehotel.com,"Arctic TreeHouse Hotel provides a unique blend of luxury comfort in the heart of Arctic nature, local Lappish traditions and modern Scandinavian design. In contrast to the meticulously designed accommodation and nest-like cosiness, the panoramic views from the windows provide impressive spectacles of the forest and Arctic skies: the Northern Lights and Midnight Sun can be admired from the comfort of your bed. Our exceptional Rakas restaurant serves culinary delights prepared in stylish surroundings using Arctic ingredients. Arctic TreeHouse Hotel is a part of SantaPark Arctic World.",Finland,10.698678,,,
Suomen Hotelliportieerit / The Golden Keys Of Finland,10680479.0,"Finland, Uusimaa, Helsinki",https://www.linkedin.com/company/les-clefs-d-or-finland,www.hotelliportieerit.org,,Finland,10.680479,,,
Helsinki-Ravintolat.fi,10680479.0,"Finland, Uusimaa, Helsinki",https://www.linkedin.com/company/helsinki-ravintolat-fi,helsinki-ravintolat.fi,"Olemme pitkäaikainen helsinkiläinen perheyritys, johon kuuluu viisi ravintolaa, hotelli ja viinimaahantuonti: www.ravintolakuu.fi www.ravintolacarelia.fi www.kuukuu.fi www.tintintango.fi www.viinibaariapotek.fi www.hotellifinn.fi www.careliawines.fi Tavoitteenamme on olla alamme houluttelevin työnantaja ja vastuullinen kumppani kaikessa toiminnassamme. Ravintoloistamme löydät tilat ja tarjoilut monenlaisiin tapahtumiin perhejuhlista yritystilaisuuksiin. Huolella tehty ruoka ja pientuottajien viinit takaavat sen, että meillä hinta-laatusuhde aina on asiakkaan puolella. Tutustu tarjontaamme ja löydä sopiva paikka seurueellesi.  Tervetuloa vieraaksemme!",Finland,10.680479,,,
Tawastia Group,10680479.0,"Finland, Tavastia Proper, Hämeenlinna",https://www.linkedin.com/company/tawastia-group,www.tawastia.fi,"Tawastia Group on yksityinen, hämeenlinnalainen perheyritys, joka tarjoaa laadukkaita ja yksilöllisiä majoitus-, ravintola- ja kokouspalveluja Hämeenlinnan keskustassa sekä Tampereella.  Tawastia Groupiin kuuluvat Hämeenlinnassa Hotelli Emilia, Ravintola Piparkakkutalo, Tapahtumaravintola Skogster, Musiikkipubi Albertin Kellari sekä Tampereella Vanha Monttu. Lisäksi yrityksemme vuokraa erilaisia toimitiloja Hämeenlinnassa ja toimialaamme kuuluvat myös kiinteistönhoito sekä erilaisten tilojen siivous sekä siistiminen.",Finland,10.680479,,,
The Hotel Maria,10027953.0,"Finland, Uusimaa, Helsinki",https://www.linkedin.com/company/the-hotel-maria,www.hotelmaria.fi,"The Hotel Maria is a premier wedding destination located in the historic Kruununhaka neighborhood of Helsinki, offering a luxurious and elegant setting for unforgettable wedding celebrations. With a mission to create lasting memories, the hotel features exquisite venues such as the intimate Maria’s Chapel and the grand Maria Ballroom, accommodating various wedding styles from intimate ceremonies to lavish receptions. The hotel prides itself on providing personalized services, including bespoke culinary experiences and assistance with wedding planning details, ensuring that every couple's vision is brought to life. Targeting couples seeking a sophisticated and memorable wedding experience, The Hotel Maria collaborates with a network of trusted suppliers to enhance each celebration. With a commitment to exceptional service and attention to detail, The Hotel Maria is dedicated to making every wedding a dream come true.",Finland,10.027953,,,
MeetingPackage,10000000.0,"Finland, Uusimaa, Espoo",https://www.linkedin.com/company/meetingpackage-com,meetingpackage.com,"At MeetingPackage, we revolutionize meeting and group booking, making it as effortless as reserving a hotel room. Our platform is designed specifically for hotel venues, empowering them to significantly boost their Meetings and Events (M&E) and group accommodation sales while cutting operational costs through automated service processes. By streamlining the group booking experience, we bridge the gap between hoteliers, and clients, ensuring seamless transactions and enhanced customer satisfaction. Our group booking feature simplifies organizing large-scale events, allowing coordinators to manage multiple reservations and requirements in one place efficiently. Join us in transforming the hospitality industry with innovative technology that drives efficiency and maximizes revenue for venues. Whether you're a hotel looking to optimize your group sales or a venue owner seeking a hassle-free booking experience, MeetingPackage is your trusted partner in achieving your goals.",Finland,10.0,,,
Kylpylähotelli Rauhalahti,9818463.0,"Finland, Northern Savo, Kuopio",https://www.linkedin.com/company/kylpylähotelli-rauhalahti,www.rauhalahti.fi,"Inspiroiva kokousympäristö Kylpylähotelli Rauhalahti on vetovoimainen viihteen ja hyvän olon keskus Kuopiossa, 5 km keskustasta etelään. Kallaveden rannalla, luonnonkauniin järvimaiseman syleilyssä sijaitseva kylpylähotelli tarjoaa elämyksiä ja aktiviteetteja niin kokouksiin kuin lomailuunkin.  Kylpylähotellissa on yhteensä 106 huonetta ja monipuoliset kokous-, ravintola- ja liikuntatilat. Lisää majoitustilaa on huoneistohotellissa (32 m2 ja 67 m2 huoneistoja) ja hostellissa. Yhteensä Rauhalahteen majoittuu jopa 500 henkilöä. Oheisohjelma piristää Monipuolisesta valikoimastamme voitte valita viihdettä tai tekemistä pariksi tunniksi tai vaikka koko päiväksi. Mieleenpainuva ja humoristinen ohjelma tekee kokouksesta ikimuistoisen elämyksen. Ei kannata myöskään unohtaa kylpylähotellin vilkasta iltaviihdettä! Katso ohjelmisto: www.rauhalahti.fi/ohjelmisto Työhyvinvointi, virkistys ja kuntoremontit Rakennamme ryhmällenne virkistävää ohjelmaa muutaman tunnin paketeista jopa useamman päivän kokonaisuuksiin. Ohjelma voi sisältää esim. hyvinvointiaiheisia luentoja ja henkeä nostattavia yhteisaktiviteetteja. Ryhmässä koetut asiat antavat uutta puhtia hyvinvointiin ja työssä jaksamiseen. Rauhalahden erikoisuus - aito 1950 luvun tukkilaiskämppä  Jätkänkämppä on unohtumaton paikka illanviettoihin ja edustustilaisuuksiin. Kallaveden rannalla sijaitsevaan Jätkänkämppään mahtuu 130 ja savusaunaan jopa 60 henkeä. Ohjelmavaihtoehtoja on runsaasti, esim. hanuristi, kämppäkaraoke, tukkilaisnäytös tai erilaisia kisailuja. Jätkänkämpällä valmistetaan ryhmälle toiveiden mukaan erilaisia savolaisilla erikoisuuksilla höystettyjä noutopöytiä ja lisäksi muita teemaruokailuja. Spa Hotel Rauhalahti, 5 kms from Kuopio city center on Lake Kallavesi, offers variety of holiday programmes for all ages. Spa & saunas, treatments, fitness, gym, holiday programmes, meetings, evening programmes and Finnish traditional  smokesauna evenings at Jätkänkämppä Lumberjacks' Lodge.",Finland,9.818463,,,
Courtyard By Marriott Tampere City,9301701.0,"Finland, Pirkanmaa, Tampere, 57 Yliopistonkatu, 33100",https://www.linkedin.com/company/courtyard-by-marriott-tampere-city-hotel,www.courtyardtamperecity.com,"The Courtyard by Marriott Tampere City hotel is a brand new business hotel located in the Tulli business district of the city center and minutes away from the main shopping street, entertainment areas and central train station. This is the only hotel that is directly connected to the Tampere Hall Conference and Concert center, making your visits to this world class and largest event venue of its kind in the Nordics convenient and comfortable. The hotel boast all modern business facilities you expect from the Courtyard by Marriott hotels. Make yourself at home in one of our 229 spacious hotel rooms and suites, featuring plush bedding, flat-panel TVs and complimentary Wi-Fi. The hotel has a modern well equipped 24/7 gym and a market opened around the clock. The city of Tampere offers a wide range of cultural experiences, with the Moomin Museum and Tampere Philharmonic Orchestra directly connected to the hotel.",Finland,9.301701,,,
Omena Hotels,8784940.0,"Finland, Päijänne Tavastia, Lahti, 14 Rauhankatu, 15110",https://www.linkedin.com/company/omena-hotels,www.omenahotels.com,"Maailman ensimmäinen itsepalveluhotelli Omena Hotels on kaikille, joille yöpymisessä tärkeintä on hyvät unet. Meillä saat hyvät unet hyvillä paikoilla. Hotellimme sijaitsevat aina keskeisellä paikalla hyvien liikenneyhteyksien äärellä, joten pääset nopeasti nukkumaan, laadukkaaseen kotimaiseen Hilding Andersin luksussänkyyn. Meillä saat vapauden valita omat elämyksesi. Kaupungin parhaat palvelut ja meidän hotellimme ovat samalla alueella, siis keskustassa. Kun valitset hotellin fiksusti, voit käyttää rahaa muihin juttuihin, niihin sinun omiin juttuihisi.  Vältä hotellien huonot puolet - pääset suoraan sänkyyn ja sängystä pois, koska sinun ei tarvitse jonottaa respassa ja täytellä lomakkeita. Jos saavut myöhään, sinun ei tarvitse jännittää, että annetaanko huoneesi pois, koska emme ikinä ylibuukkaa. Sinulla on yksityisyytesi ja voit olla oma itsesi – ei respaa, ei arvioivia katseita. Ja mikä ehkä hauskinta, voit kertoa kokeneesi jotain ainutlaatuista.  Kun valitset Omenan, tiedät aina tismalleen mitä saat. Hotellimme sijaitsevat aina keskustassa, aina kunnon sänky, aina huoneita kolmelle ja neljälle sekä aina oma kylppäri. Jokaisessa huoneessa on omia eväitä varten mikro, jääkaappi ja vedenkeitin ja toisaalta vinkit kaupungin parhaisiin ravintoloihin.  Nuku hyvin! _ _ _ _ _ _ _ _ _ _ _ _ _ _ _ _ _ _ _ _ _ _ _ _ _ _ _ _ _ _ _ _ _ _ _ _ _ _ _ _ _ _ _ _ _ _ _ _ _ _ _ _ _ _ _ _  Sleep well!",Finland,8.78494,,,
Hanaholmen - Hanasaari,8753990.0,"Finland, Uusimaa, Helsinki",https://www.linkedin.com/company/hanaholmen,www.hanaholmen.fi,"Hanaholmen is a cooperation centre for Sweden and Finland as well as a conference hotel and a meeting place in Espoo, just outside Helsinki. Hanaholmen arranges topical seminars and events where important social issues are discussed and debated.",Finland,8.75399,,,
Klaus K Hotel,8652289.0,"Finland, Central Finland, Helsinki, 2 Bulevardi, 00120",https://www.linkedin.com/company/klauskhotel,www.klauskhotel.com,"Klaus K Hotel is located in the heart and center of Helsinki. We are the first Preferred Hotels & Resorts property in Finland. Inspired by the national epic Kalevala we provide you modern, indigenous, memorable and uncomplicated experience. Our Italian restaurant Toscanini and Klaus K Bar & Lounge will make sure to keep you satisfied.",Finland,8.652289,,,
Ranuan Kunta,8514580.0,"Finland, Lappi, Ranua, 34 Keskustie, 97700",https://www.linkedin.com/company/ranuan-kunta,www.ranua.fi,"Ranuan Kunta is a municipal organization located in Ranualla, Finland, dedicated to providing a range of construction and development services. The company's mission is to enhance the local community through effective urban planning and infrastructure development, ensuring sustainable growth and improved living conditions for its residents. Ranuan Kunta collaborates with various partners, including local contractors and service providers, to deliver comprehensive solutions in construction, maintenance, and urban development. Its target market includes local businesses, residents, and governmental entities seeking reliable and efficient construction services. By focusing on community needs and fostering partnerships, Ranuan Kunta aims to create a vibrant and sustainable environment for all its stakeholders.",Finland,8.51458,,,
Hiisi Homes & Hotels,8268179.0,"Finland, Uusimaa, Nummela, 2 Matinkuja, 03100",https://www.linkedin.com/company/hiisi-experience-group,www.hiisihomes.fi,"Hiisi Homes believes homelike living belongs to everyone. Hiisi Homes provides homes for temporary need from couple of days to several months in Southern Finland. All temporary homes are fully furnished and well equipped. Hiisi Homes family company was born by the lake Hiidenvesi from Homies’ passion for entrepreneurship. Homies Ari, Markus, and Niklas put their shirts aside and work gloves on. It was time to start working hard offering better living for people on the go. Our mission is simple. We want to provide local and personal experience in Your home away from home with outstanding service with the means of self-service. Nothing beats home right? But hey we are not a lot worse than home. We do things in a way that represents our crazy team of Hiisi Homies. We can tap ourselves on the shoulder once our resident Homies still remember us on the week after the departure. Hiisi Experience Group Ltd operates self-service accommodation properties in the Greater Helsinki area and in Turku.  Our hosts are more than happy to assist you:  by phone: +358 20 7780 777 or  by e-mail: host@hiisihomes.fi Choose us and be our Homie! Yours truly, Hiisi Homies  Homes for Homies!  #hiisilivin #painuhiiteen",Finland,8.268179,,,
GoSleep,8181342.0,"Finland, Southern Ostrobothnia, Pieksämäki, 6 Hallipussi, 76100",https://www.linkedin.com/company/gosleep-oy,www.gosleep.fi,"Welcome to GoSleep - Premium pods for airports and workplaces. We're dedicated to redefining the way people rest, recover and recharge - all within the privacy of our premium pods. Organizations like Dubai Airport, Adidas, UFC and Tesla have all chosen GoSleep. Whether you're at an airport waiting to catch your flight or at your workplace seeking a moment of rejuvenation, our innovative pods are designed to provide you with the ultimate comfort and privacy you deserve. Crafted with premium materials and equipped with advanced technology, our pods ensure that every moment of rest is maximized for your benefit. Visit our webpage to explore our range of premium pods and learn more about how GoSleep can transform your travel and work experience. Experience the future recharged with GoSleep and discover a new level of comfort and privacy wherever you go. Rest is more.",Finland,8.181342,,,
Hotel Arthur,8099021.0,"Finland, Uusimaa, Helsinki, 19 Vuorikatu, 00100",https://www.linkedin.com/company/hotel-arthur,www.hotelarthur.fi,"Hotel Arthur on yksityinen ja kodikas hotelli Helsingin keskustassa. Hotelli sijaitsee Helsingin päärautatieaseman läheisyydessä Kaisaniemessä. Helsingin tärkeimmät nähtävyydet, suuret tavaratalot, ravintolat, teatterit ja Casino Helsinki ovat vain kävelymatkan päässä. Vuonna 1907 rakennetussa hotellissa on 203 yksilöllistä huonetta jotka jaetaan 14 eri huonekategoriaan, 11 ajanmukaista kokoustilaa 6-250 hengelle sekä Ravintola Arthur. Hotellissa majoittuu vuosittain noin 100 000 matkailijaa suomesta ja ulkomailta. **** Hotel Arthur is a privately owned conference hotel in the heart of Helsinki, in Kaisaniemi, 200m from central railway station. 11 Conference facilities, ranging from Jugend-style Ball room for 250 people to small meeting rooms for effective meetings. There is 203 rooms in the hotel and also 240 seated Restaurant Arthur Built in 1907, Hotel Arthur has 203 rooms and 400 beds. When you are looking for a location for conferences, Hotel Arthur’s individual conference rooms in downtown Helsinki are a great choice, we are easily accessible by all forms of public transport. Hotel Arthur accommodates almost 100,000 guests from Finland and abroad annually **** Follow us and find more: - Website: www.hotelarthur.fi - Facebook: /hotelarthurhelsinki - Instagram: /hotelarthur - Tripadvisor: / Arthur Hotel - Vkontakte: /hotel_arthur",Finland,8.099021,,,
Northern Lights Village,8082101.0,"Finland, Saariselkä, 3222e Rovaniementie",https://www.linkedin.com/company/northern-lights-village,northernlightsvillage.com,"At midnight, a white arctic fox dashes up the fells, trailing its tail through the snow shooting flickers into the sky. The aurora borealis burst into flame over the Northern Lights Village. Only the protective glass dome separates you and your warm bed from the sky and you feel like you are floating in the infinite expanse of space.",Finland,8.082101,,,
Delfin,7763146.0,"Finland, Northern Savo, Kuopio",https://www.linkedin.com/company/delfin-foodservice,delfinfs.com,"Delfin is a stylish source of foodservice and food merchandising ware. Our collections include metal, melamine, acrylic, ABS, and Bamboo. With a variety of materials, years of experience, a design savvy team and in-house manufacturing at our fingertips; Delfin can create innovative solutions for any situation.  We believe in: -Impeccable Design -Perfectly executed -With agility and speed -Through communication and collaboration -Within a vibrant community -That wisely and responsibly uses its resources",Finland,7.763146,,,
Hotel Lilla Roberts,7234657.0,"Finland, Uusimaa, Helsinki",https://www.linkedin.com/company/hotel-lilla-roberts,www.lillaroberts.com,"Hotel Lilla Roberts is a boutique hotel located in the heart of Helsinki, dedicated to promoting Finnish design through its innovative fashion partner concept. Since 2017, the hotel has collaborated with local designers, such as milliner Paula Kasu, to showcase unique, handcrafted fashion pieces that blend art and style. The hotel's mission is to provide guests with an exceptional experience that celebrates Finnish craftsmanship while offering exclusive benefits, such as special check-in perks for hotel guests. Targeting both leisure and business travelers, Hotel Lilla Roberts aims to create memorable escapes from everyday life, complemented by its modern cocktail bar, Bar Lilla e, and a commitment to ecological fashion. With a focus on community and collaboration, the hotel invites guests to immerse themselves in the vibrant local culture and design scene.",Finland,7.234657,,,
Regatta SPA Hotel Hanko,6922674.0,"Finland, Uusimaa, Hanko, 2 Torikatu, 10900",https://www.linkedin.com/company/regatta-spa-hotel,www.regattaspahotel.fi,"Regatta SPA Hotel is a charming boutique hotel and SPA in Hanko, the most southern town in Finland. Famous Finnish architect Lars Sonck designed the hotel in 1898 and the totally renovated hotel reopened in 2012. Regatta SPA opened in April 2017. This exquisite hotel resort offers unique experiences and individual services for meetings and leisure.  48 unique rooms, 110 beds, in some of the spacious rooms a kitchenette, 2 suites.  A banquette hall for 30 – 100 persons, Lounge and Piazza for more informal gatherings. The new Regatta Spa is a unique spa resort which combines the seaside atmosphere of Hanko city and the varied services of a luxury spa to form a unique experience. You can pamper yourself next to the beautiful sea-shore, train with top instructors as well as delight in the tastes conjured up by our chef.",Finland,6.922674,,,
Ravintolamestarit Oy,6732698.0,"Finland, Northern Savo, Kuopio",https://www.linkedin.com/company/ravintolamestarit-oy,www.ravintolamestarit.net,"Ravintolamestarit Oy is a culinary company that operates the restaurant Musta Lammas, offering guests an unforgettable dining experience that transports them beyond the everyday. Led by the passionate and creative chef Jere Hakkarainen, the kitchen team at Musta Lammas crafts each dish with enthusiasm and innovation, ensuring a unique flavor journey for patrons. The company's mission is to provide exceptional culinary experiences in a captivating atmosphere, highlighted by the ambiance of its vaulted cellar. Targeting food enthusiasts and those seeking memorable dining moments, Ravintolamestarit Oy aims to create lasting impressions through its carefully curated menu and inviting environment. The restaurant's commitment to quality and creativity positions it as a sought-after destination for both locals and visitors alike.",Finland,6.732698,,,
Home Hotel Katajanokka,6717895.0,"Finland, Uusimaa, Helsinki, 1a Merikasarminkatu, 00160",https://www.linkedin.com/company/881893,www.strawberry.fi,"Home Hotel Katajanokka is ready to fulfil the expectations of travellers looking for exceptional quality. Inside the old brick walls, a fascinating world of contrasts opens up - a modern premier-class hotel built in a historic prison setting. The red brick walls house 106 magnificent and luxurious rooms. Stylish decor and a unique atmosphere effectively take your mind off the busy working day and intensive trip. The thick walls ensure a good night's sleep and first class conveniences are available to meet even the most demanding requirements. Restaurant Linnankellari provides food enthusiasts with a fine selection of delicious meals, with the old jail setting adding an exotic touch to the experience. Try a relaxing drink after work or an outstanding full-course meal.",Finland,6.717895,,,
Hotel U14,6490304.0,"Finland, Central Finland, Helsinki, 14 Unioninkatu, 00130",https://www.linkedin.com/company/hotel-u14,www.hotelu14.fi,"Hotel U14, Marriott Autograph Collection is a new family owned boutique-hotel located in the heart of Helsinki, opening 9th of March 2020. Unioninkatu 14, 00130 Helsinki.",Finland,6.490304,,,
Långvik Congress Wellness Hotel,6321019.0,"Finland, Uusimaa, Kirkkonummi",https://www.linkedin.com/company/långvik-congress-wellness-hotel,www.langvik.fi,"Långvik Congress Wellness Hotel is located in the seaside setting of Kirkkonummi – just half an hour from Helsinki and the Helsinki-Vantaa Airport. The internationally high-glass hotel offers you a luxurious stay, culinary moments and spa treatments in the middle of the beautiful Finnish nature.",Finland,6.321019,,,
Visit Inari - Safaris & Accommodation,6294140.0,"Finland, Lappi, Inari, 40 Inarintie, 99870",https://www.linkedin.com/company/visit-inari-safaris-accommodation,visitinari.fi,"Visit Inari Safaris & Accommodation is family owned, private company providing tourism services in Inari region year-around.  We offer accommodation in Visit Inari Hotel and Visit Inari Holiday Village.  From our services you'll find suitable solution for many needs. Our Aurora restaurant offers you tasty experience with good food and perfect location in the middle of Inari village and view to Lake Inari. We have a long experience on safari production and we have a wide selection of different activities year around.  One of our specialties is the Cruise on Lake Inari during the summer and autumn time.  Add to activities we also provide transfers from Inari-Saariselka area to Kirkenes airport and Hurtigruten. Come and experience more with us.",Finland,6.29414,,,
Nuorisokeskus Marttinen Youth Centre Marttinen,6293340.0,"Finland, Pirkanmaa, Virrat, 16 Herrasentie, 34800",https://www.linkedin.com/company/nuorisokeskus-marttinen,marttinen.fi,"Mikä Marttinen on? Meille yhteiskunnallinen työ on tärkeää – etenkin lapset ja nuoret. Marttinen on yksi Suomen kymmenestä opetus- ja kulttuuriministeriön tukemista ja valvomista valtakunnallisista nuorisokeskuksista. Perustehtävämme on tukea nuorten (0-29-vuotiaiden) kasvua ja kehitystä. Pedagogisen osaamisen ja toiminnallisten menetelmien kautta nuoret saavat meiltä hyödyllisiä kokemuksia yksin ja ryhmässä toimimisesta. Yhteishengen muodostuminen, ongelman ratkaisu porukalla ja itsensä voittaminen ovat muutamia niistä ainutlaatuisista asioista, joihin meillä tähdätään. Kokouksia, seminaareja, virkistyspäiviä, koiraleirejä... Marttinen on myös suosittu juhlien, kokousten ja virkistyspäivien pitopaikka ympäri vuoden. Keskus sijaitsee Virroilla kulttuurihistoriallisesti arvokkaalla alueella kauniin vesistön ympäröimänä, jonka korkeimmalla paikalla komeilee vuonna 1892 rakennettu Marttisen Vanha Pappila upeine saleineen. Vuosittain useat hääparit viettävät ikimuistoista juhlapäiväänsä Pappilassa läheistensä kanssa. Käyttämällä Marttisen palveluita olette edesauttamassa yhteiskunnallista tehtäväämme sekä lasten ja nuorten hyvää tulevaisuutta! Youth Centre Marttinen is located in Virrat in the middle of Finland. Marttinen is surrounded by very varying nature with many lakes and forests. The Center offers non-formal education for young people from 0 to 29-years old. Marttinen is an excellent choise for camp schools, youth camps and acitivities all over the year for children and youngsters under 29-years old. In addition of the youth work the center has excellent facilities for having family, parties, weddings and conferenes in the fascinating Old Virage of Marttinen.",Finland,6.29334,,,
Ruka Safaris,6224750.0,"Finland, Rukatunturi, 4 Myllylahdentie, 93830",https://www.linkedin.com/company/ruka-safaris,rukasafaris.fi,,Finland,6.22475,,,
Metsäkartano Youth Centre - Nuorisokeskus Metsäkartano,6224750.0,"Finland, Rautavaara, 700 Metsäkartanontie, 73900",https://www.linkedin.com/company/metsakartano,www.metsakartano.com,"Come and join a wilderness adventure in the shadows of the forest in Metsäkartano Youth Centre and Nature Holiday Resort, where the air is as clean as it can get and where you really can hear the sound of nature. Experience a guided nature snowshoe expedition or hiking through forest trails, and take a moment to rest by a campfire. Feel the life rushing in your veins after dipping in a refreshing lake, or have the gentle waves rock your canoe on a warm summer day. Metsäkartano wilderness centre is a stunning retreat situated in Finland’s Lakeland region, only 1,5 hours from central Kuopio. Specialising in groups, we provide the perfect setting for a fabulous holiday or a camp adventure. You will enjoy many exciting outdoor experiences among vast forests, tranquil lakes and rivers which weave in and out of the lush countryside. Everyone will love discovering many surprises found in the great outdoors as they embark on fun activities together all year. Youth camp, camp school or nature holiday - which one is it for you? Metsäisten harjujen suojassa ja kimaltelevan erämaajärven rannalla, luonnonkauniissa niemessä sijaitseva Nuorisokeskus Metsäkartano on todellinen kätketty aarre! Tämä upea paikka tarjoaa unohtumattoman miljöön leireille, perhejuhlille ja kokouksille sekä luontolomille. Läheinen Tiilikkajärven kansallispuisto ja muut Rautavaaran upeat luontokohteet, sijainti kolmen maakunnan rajamailla ja lyhyt 1,5 tunnin matka Kuopiosta mahdollistavat sen, että pääset helposti irti arjesta, mitä puhtaimman luonnon ääreen - kokemaan unohtumattomia luontoelämyksiä. Ne, jotka kerran löytävät tiensä Metsäkartanolle, palaavat sinne yhä uudelleen - oletko sinä seuraava? Suomenkieliset verkkosivut: https://www.metsakartano.com/",Finland,6.22475,,,
Hotelli-Ravintola Alma,5940740.0,"Finland, Southern Ostrobothnia, Seinäjoki, 4 Ruukintie",https://www.linkedin.com/company/hotelli-ravintola-alma,www.hotelalma.fi,"Hotelli-Ravintola Alma consists of three different style of buildings right next to Seinäjoki railway station. Main building has 160 seats restaurant in old railroad house from 1909, renovated in 2006 to restaurant, hotel rooms and meeting rooms. Old water tower from 1920´s renovated 2015 as hotel room; 6 Junior Suites with Sauna and Tower Suite with sauna and bath tub. New Tower, built 2020, holds 52 rooms, including two Executive Suites and meeting rooms, one with sauna. Altogether 79 hotel rooms and 13 meeting rooms.",Finland,5.94074,,,
Virkistyshotelli Yyteri,5938123.0,"Finland, Satakunta, Pori, 1 Sipintie, 28840",https://www.linkedin.com/company/virkistyshotelli-yyteri,www.virkistyshotelli.fi,"Hotellimme tarina juontaa juurensa aina kuusikymmenluvun lopulle, jolloin pitkään haaveiltu hotellihanke Yyterin rannoille nytkähti viimein liikkeelle. Silloinen Rantaloma Oy rakennutti Jan Söderlundin ja Erkki Valovirran suunnitteleman rakennuksen Rantasipi -ketjulle, ja hotelli valmistui 1974 nimellä Rantasipi Yyteri. Valmistuessaan hotelli oli Suomen korkeatasoisimpia, ja sen ravintoloihin mahtui jopa 2000 asiakasta ja se työllisti 110 henkeä. Huoneita valmistuneessa hotellissa oli 130. Hotelli ajautui 70-luvun lopulla vaikeuksiin ja Rantasipi luopui hotellista 1984. Uusien omistajien myötä nimi vaihtui pariinkin otteeseen ollen mm. Meriyyteri ja Merimaailma. 90-luvun alussa hotelli laajeni kylpyläosastolla ajan hengen mukaisesti ja nimeksi vaihtui Yyterin Kylpylähotelli. 2000-luku on ollut voimakasta hotellin tilojen uudistamisen aikaa, joka jatkuu yhä tänäpäivänä. Viimeisin laajennus, kahden lisäkerroksen rakentaminen, valmistui tammikuussa 2019, lisäten koko Yyterin alueelle ennennäkemättömän korkeatasoisia palveluita tilaussaunoineen, kattoterasseineen ja sviitteineen. NYT — JA HUOMENNA Seinien uudistuessa hotellin ydin on myös kypsynyt ja kehittynyt, ympäröivän Yyterin mukana – tätä muutosta säteilee nykyinen nimemme, Virkistyshotelli Yyteri. Haluamme uudistaa mielikuvia Yyteristä ja muistuttaa, että majesteettisen hiekkarannan lisäksi meillä on kaartuva taivas, eksoottinen rantaluonto ja aina aava meri. Yyterissä voit virkistyä levon ja rauhan merkeissä tai purskahdella ympäriinsä ja purkaa energiasi monipuolisten aktiviteettien parissa. Tai löytää monista vaihtoehdoista oman, ainutlaatuisen yhdistelmäsi. Hotellina valttikorttimme ovat selkeät. Olemme itsenäinen toimija, jolla on vapaus ja kyky reagoida nopeastikin mitä erilaisimpiin kysymyksiin ja muutoksiin. Majatalomainen toimintatapamme tarkoittaa aitoa välittämistä ja mutkatonta yhteistyötä. Tervetuloa virkistäytymään – teemme kaikkemme, että lähdet meiltä uutena iloisena versiona itsestäsi.",Finland,5.938123,,,
Kansan Raamattuseura - Logos Ministries Of Finland,5852625.0,"Finland, Uusimaa, Lohja",https://www.linkedin.com/company/logos-ministries-of-finland,www.kansanraamattuseura.fi,"Evankeliointi-, diakonia- ja sielunhoitotyö Suomessa. Kansan Raamattuseura on evankeliumityöhön keskittyvä seurakuntien palvelujärjestö, joka on kristilliselle yhteistyölle avoin. Kansan Raamattuseuran päätoimipiste on Vivamon toimintakeskus Lohjalla. Meillä on myös 5 muuta toimintakeskusta ja kaupunkikeskukset.",Finland,5.852625,,,
Holiday Inn Hotels - Finland,5684373.0,"Finland, Uusimaa, Helsinki",https://www.linkedin.com/company/holiday-inn-hotels-finland,www.finland.holidayinn.com,"Holiday Inn Hotels in Finland is dedicated to providing a welcoming and comfortable stay for both business and leisure travelers. With a mission centered on exceptional hospitality, the hotel focuses on delivering high-quality service and amenities tailored to the diverse needs of its guests. The hotel features modern accommodations, a well-equipped fitness center, and a variety of dining options, including the Bookmakers Restaurant & Lounge, where visitors can enjoy a fresh morning buffet and sumptuous evening dining.  Targeting a wide range of clientele, from corporate guests attending nearby business meetings to families exploring local attractions, Holiday Inn Hotels in Finland aims to create memorable experiences for all. The hotel emphasizes family-friendly services, highlighted by its ""Kids Stay & Eat Free"" program, which allows children 19 and under to stay free with their families and those 11 and under to eat for free.  In addition to its focus on guest comfort, the hotel collaborates with local businesses and event planners to provide tailored services for meetings and special occasions, reinforcing its commitment to customer satisfaction and community engagement. Conveniently located within walking distance to various shopping and dining options, the hotel also offers a complimentary local area shuttle service within five miles, enhancing accessibility for its guests.  Overall, Holiday Inn Hotels in Finland strives to deliver exceptional service and a relaxing environment, ensuring that every guest leaves with a positive and memorable experience.",Finland,5.684373,,,
VillaGo,5034672.0,"Finland, Central Finland, Jorvas, 230 Morsfjärdintie, 02420",https://www.linkedin.com/company/villago,www.nettimokki.com,"We offer high-class rental villas in Kirkkonummi, Finland for nature lovers, families and corporate guests. The first villa details 4 bedrooms, a bright, open-concept living room/kitchen, sauna and a large, partly covered terrace, complete with a hot tub. On the beach, we have a traditional, wood-heated Finnish sauna. Views to the sea and the unique nature of Morsfjärd. Opening in late 2020. Follow this space for further information!",Finland,5.034672,,,
Matkailukeskus Kuopion Saana,4650850.0,"Finland, Northern Savo, Kuopio, 12 Siikaranta, 70620",https://www.linkedin.com/company/kuopionsaana,kuopionsaana.fi,"Matkailukeskus Kuopion Saana is located in Kuopio, Eastern Finland, and more importantly, in the Bellanranta area that is known for its beautiful Lake Kallavesi scenery and wide range of cultural, sports and year-round activities. In Saana you can indulge all your senses. Our restaurant leans heavily on locally grown food to offer you a wide spectrum of spectacular tastes, and our pools pamper your skin together with the gentle steam of our saunas. You can also enjoy the magnificent view from our restaurant and terraces and be enthralled by the nostalgic scent of our smoke sauna mixing subtly with the exquisite aromas from our kitchen. You can come to Saana to refresh yourself, nourish your body and soul, relax, celebrate and to hold a meeting or seminar. We are also happy to tailor special theme days for you and your group with our large network of partners. Right next door to us you can find several adventure services, a high-quality gym and group-fitness room, an indoor karting track as well as a multi-training centre, sports equipment rental shop, mini-golf course and a brewery that offers tours. In addition, Lake Kallavesi provides a terrific setting for different boat cruises, canoeing trips or for example standup paddleboarding polo. We at Saana aim to provide you and your group a magnificent time and memorable moments whether you are just dropping in or spending the entire day in the area. You are warmly welcome – Saana and its saunas are waiting for you! Feel free to Follow us on Social Media: Facebook: http://facebook.com/kuopionsaana Instagram: @kuopionsaana #kuopionsaana #kuopio #visitkuopio #visitfinland #bellanranta #saanaonlämmin #sauna #pool #spa #restaurant #activities #relaxation #harmony #memorable",Finland,4.65085,,,
Hotel Kokkola,4650850.0,Finland,https://www.linkedin.com/company/hotel-kokkola,www.hotelkokkola.fi,,Finland,4.65085,,,
Hotel Helka,4589192.0,"Finland, Uusimaa, Helsinki, 23 Pohjoinen Rautatiekatu, fi-00100",https://www.linkedin.com/company/hotel-helka,www.hotelhelka.com,"Helka on ainutlaatuinen, Helsingin keskustassa sijaitseva 1920-luvulla rakennettu hotelli. Asiakaspalvelu on meille helkaisille intohimo ja onnellisuutenne on tärkein prioriteettimme. Panostamme sisustuksessamme suomalaisiin klassikoihin, kuten Aaltoon ja Artekiin. Hotellissamme on 150 tyylikästä ja mukavaa huonetta. Viisikerroksisesta hotellistamme löytyy kolme erilaisiin käyttötarkoituksiin sopivaa kokoustilaa 10-60 henkilölle. Lemmikkieläimet ovat myös tervetulleita Helkaan.  Omistajamme Suomen NNKY-liitto perusti hotellin vuonna 1969. Yhä tänä päivänä Helkan tuotot ohjataan NNKY:n kautta tyttöjen ja naisten hyväksi tehtävään työhön. Nauttimalla Helkan palveluista teet samalla hyvää. Hotelli Helka on syrjinnästä vapaa alue. Hotel Helka is a unique private hotel in the heart of Helsinki, built in an old 1920s building. For us, its all about you. We are passionate about customer service and making you happy is always our first priority.  Our stylish interior is decorated with carefully chosen Finnish design classics such as Alvar Aalto and Artek, to name a few. All in all, we have 150 rooms on five floors where design and functionality are well combined. Our three meeting rooms  accommodates from 10 to 60 people and are suitable for many occasions. Pets are also welcome to Helka.  The hotel was founded 1969 by one of the oldest women’s organizations in Finland (YWCA of Finland). Today, Helka is still owned by the YWCA, whose goal, among others, is to empower girls and women and to promote human rights. The profits of Hotel Helka are directed to YWCA’s work for girls and women in Finland and abroad. So, you also can do good by being our guest in Hotel Helka. Helka is a discrimination-free zone.",Finland,4.589192,,,
Hotel F6,4470712.0,"Finland, Central Finland, Helsinki, 6 Fabianinkatu, 00130",https://www.linkedin.com/company/hotel-f6,www.hotelf6.fi,"This unique boutique hotel is all about service. Our staff is here for the guest. Hotel F6 is a family owned hotel and also all of us, the staff, are like a family. We believe that this shows in everything we do; it makes the hotel a home-like place, more than just a hotel.  Hotel’s 66 rooms are elegant and stylish but at the same time very cozy and warm. We have used high quality materials, not just for style but also for sustainability as we care about the environment. This shows in all of our choices, for example, our electricity is produced with wind and water.",Finland,4.470712,,,
Borgo I Vicelli,4405338.0,Finland,https://www.linkedin.com/company/borgo-i-vicelli,borgoivicelli.com,"Borgo I Vicelli adults only relais, è un villa rinascimentale, agriturismo e borgo diffuso immerso tra le colline del Chianti, circondato da una tenuta coltivata ad olivi, con spa e piscina. Una location unica ed esclusiva per viaggi su misura e lune di miele romantiche.",Finland,4.405338,,,
Kyyhkylä Wellbeing Resort,4216830.0,"Finland, Southern Savonia, Mikkeli, 6 Kyyhkyläntie, 50700",https://www.linkedin.com/company/kyyhkylä-wellbeing-resort,www.kyyhkyla.fi,"Kyyhkylä Wellbeing Resort is surrounded by wonderful and peaceful nature, located on the shores of Lake Saimaa in Mikkeli. You are welcome to stay as long as you want and take in the unique mansion environment or enjoy our wellness services, restaurants and cafe. Offering unforgettable experiences, Kyyhkylä Wellbeing Resort offers a wide selection of wellness services fit for guests of all ages, all year round.  Embrace the beautiful serenity of the surrounding nature during our summer season, by going hiking, swimming in the refreshing lake, playing a round of mini golf, touring the lake on a stand-up paddle board, playing some tennis, or go canoeing either independently or with a guide. Annila Golf Course is also nearby! During the winter, the same landscapes are transformed into a wintry paradise; inviting you to ski, snowshoe, hike or enjoy a toasty campfire experience in a hut.  Our restaurants serve quality, local ingredients. After dinner, it’s always a wonderful idea to go for a hot steam in the sauna and go for a dip in Lake Saimaa, regardless of the season. Our resort is located 7km from Mikkeli Market Square, offering accommodations to suit your desires and needs; including the wellness oasis, the hotel and the mansion whose walls have more than a few stories to tell. You are most warmly welcome to be our guest!",Finland,4.21683,,,
Noli Studios,4213049.0,"Finland, Central Finland, Helsinki, 1 Kanavakatu, 00160",https://www.linkedin.com/company/noli-studios,nolistudios.com,"Noli Studios offers an alternative to traditional rental apartments, with flexible stay and the amenities of a hotel. Choose from a collection of contemporary, move-in ready studios, or opt for a more affordable room with just the essentials. With a passion for making you feel at home, our staff and services allow you to concentrate on life itself.",Finland,4.213049,,,
AHoP - Hotel Automation Solution,4134089.0,"Finland, Uusimaa, Jorvas, 11 Hirsalantie, 02420",https://www.linkedin.com/company/ahop-management,www.ahopmanagement.com,"Passionate about simplifying hotel management and boosting profitability! As the driving force behind AHoP, 𝗼𝘂𝗿 𝗺𝗶𝘀𝘀𝗶𝗼𝗻 𝗶𝘀 𝘁𝗼 𝗺𝗮𝗸𝗲 𝘆𝗼𝘂𝗿 𝗹𝗶𝗳𝗲 𝗲𝗮𝘀𝗶𝗲𝗿 𝗯𝘆 𝘀𝗲𝗮𝗺𝗹𝗲𝘀𝘀𝗹𝘆 𝗵𝗮𝗻𝗱𝗹𝗶𝗻𝗴 𝗱𝗮𝗶𝗹𝘆 𝗵𝗼𝘁𝗲𝗹 𝗼𝗽𝗲𝗿𝗮𝘁𝗶𝗼𝗻𝘀. Whether it's a staffed or self-service hotel, we've got you covered! ✨𝗔𝗛𝗼𝗣 𝗶𝘀 𝘁𝗵𝗲 𝘂𝗹𝘁𝗶𝗺𝗮𝘁𝗲 𝘀𝗼𝗹𝘂𝘁𝗶𝗼𝗻 𝗳𝗼𝗿 𝘀𝗺𝗮𝗹𝗹 𝘁𝗼 𝗺𝗶𝗱-𝘀𝗶𝘇𝗲𝗱 𝗵𝗼𝘁𝗲𝗹𝘀, 𝗼𝗳𝗳𝗲𝗿𝗶𝗻𝗴 𝗮 𝗽𝗲𝗿𝗳𝗲𝗰𝘁 𝗯𝗹𝗲𝗻𝗱 𝗼𝗳 𝘁𝗼𝗽-𝗻𝗼𝘁𝗰𝗵 𝗰𝘂𝘀𝘁𝗼𝗺𝗲𝗿 𝘀𝗲𝗿𝘃𝗶𝗰𝗲, 𝗰𝘂𝘁𝘁𝗶𝗻𝗴-𝗲𝗱𝗴𝗲 𝘁𝗲𝗰𝗵𝗻𝗼𝗹𝗼𝗴𝘆, 𝗮𝗻𝗱 𝗲𝗳𝗳𝗶𝗰𝗶𝗲𝗻𝘁 𝗽𝗮𝘆𝗺𝗲𝗻𝘁 𝗺𝗮𝗻𝗮𝗴𝗲𝗺𝗲𝗻𝘁.✨ With AHoP, you get tested and proven systems tailored to your preferences, allowing you to outsource almost any hotel operation activity to us. Let us show you the magic! 𝗕𝗼𝗼𝗸 𝘆𝗼𝘂𝗿 𝘁𝗶𝗺𝗲 𝗳𝗼𝗿 𝗮 𝗱𝗲𝗺𝗼 𝗮𝗻𝗱 𝗶𝗻𝗶𝘁𝗶𝗮𝗹 𝗱𝗶𝘀𝗰𝘂𝘀𝘀𝗶𝗼𝗻 𝘁𝗼 𝗲𝘅𝗽𝗹𝗼𝗿𝗲 𝗵𝗼𝘄 𝗔𝗛𝗼𝗣 𝗰𝗮𝗻 𝗮𝘂𝘁𝗼𝗺𝗮𝘁𝗲 𝘆𝗼𝘂𝗿 𝗵𝗼𝘁𝗲𝗹 𝗼𝗽𝗲𝗿𝗮𝘁𝗶𝗼𝗻𝘀 𝗮𝗻𝗱 𝗴𝗼 𝗯𝗲𝘆𝗼𝗻𝗱 𝘁𝗵𝗲 𝘁𝗿𝗮𝗱𝗶𝘁𝗶𝗼𝗻𝗮𝗹 𝗣𝗠𝗦.  🚀🛎️ Running a hotel has never been easier – because we run for you! 🏃♂️💼 Experience profitable operations and more time for yourself with our one-stop-shop solution. AHoP manages your daily operations so you can focus on what matters most. #HotelManagement #AHoP #Automation #Innovation",Finland,4.134089,,,
Kultaranta Resort Oy,4105489.0,"Finland, Finland Proper, Naantali, 178 Särkänsalmentie, 21100",https://www.linkedin.com/company/kultaranta-resort-oy,kultarantaresort.fi,"Kultaranta Resort is a scandinavian recreation centre in Turku Archipelago. The beautiful nature and high quality premises and services nurture both body and soul.  We offers high-quality accommodation, meeting facilities, nordic and international cuisine and a wide range of activities from wellness services to nature explorations. Kultaranta Resort is an ideal destination for work or leisure, for businesses or families. Contact information: myyntipalvelu@kultarantaresort.fi +358 75 326 6000",Finland,4.105489,,,
Vitec Hotellinx Oy,4069910.0,"Finland, Finland Proper, Turku, 14-18 B Lemminkäisenkatu, 20520",https://www.linkedin.com/company/hotellinx,vitec-hotellinx.com,"Vitec Hotellinx on ohjelmistoyritys, joka on erikoistunut tietojärjestelmien ja palveluiden tarjoamiseen hotelli- ja matkailualalle. Tuotteemme eivät ainoastaan tue operatiivista työtä, vaan tekevät koko organisaatiosta tehokkaamman ja menestyvämmän. Palveluidemme perusta on Hotellinx Cloud -(PMS) -ohjelmistojärjestelmä, joka on kokonaan kotimainen järjestelmä.  Hotellinx Cloud -ohjelmistopaketti kattaa hotellin, konferenssin ja ravintolan toiminnot ja sisältää työkaluja muun muassa päivittäiseen operatiiviseen työhön, laskutukseen, markkinointiin, seurantaan, tuottojen hallintaan.  Integroimalla Hotellinx Cloudia edelleen muihin järjestelmiin, kuten kanavahallintaan ja verkkovarausportaaleihin, puhelimiinn, avainjärjestelmiin, viihdejärjestelmiin ja kirjanpitoon, voimme tarjota ratkaisun, joka kattaa koko organisaation, olipa kyse sitten yksittäisestä hotellista tai hotelliryhmästä.",Finland,4.06991,,,
Hotelli Korpilampi,3806572.0,"Finland, Uusimaa, Espoo, 5 Korpilammentie, 02970",https://www.linkedin.com/company/hotelli-korpilampi,www.korpilampi.fi,"Hotel Korpilampi in Espoo stands on the shores of beautiful Lake Korpilampi, surrounded by scenic forests. The hotel is less than 30 minutes from the centre of Helsinki and Helsinki-Vantaa International Airport. Korpilampi offers an excellent setting for efficient and inspiring conferences, a mini-holiday from everyday hustle and bustle, and for weddings or anniversaries. Exercise, relax, and enjoy the peace and quiet of the wilderness. Hotel Korpilampi awaits!",Finland,3.806572,,,
RUNO Hotel Porvoo,3788357.0,"Finland, Central Finland, Porvoo, 4 Rihkamakatu, 06100",https://www.linkedin.com/company/runo-hotel-porvoo,www.runohotel.com,"A 56-room full service boutique hotel in Porvoo Old Town, Finland. RUNO – the Finnish for poem – was founded on a dream to create a luxury hotel experience elevated above everyday life, yet approachable and inviting. Each detail in the RUNO Hotel has been well-planned and designed, respecting the old while searching for the new. In addition to a lounge, restaurant, and bar that are open to all, you are welcome to use a unique sauna and spa section in the attic as well as the modern meeting room facilities. The ambience in all of the 56 rooms is calming and relaxing. Each room is a unique experience worth a visit.",Finland,3.788357,,,
Fregatti Oy,3776004.0,"Finland, Uusimaa, Helsinki, 4b Meritullinkatu, 00170",https://www.linkedin.com/company/fregatti-oy,www.fregatti.fi,"Fregatti Ltd, operating in the greater Helsinki area all year round, specialises in high-quality corporate and customer events. A satisfied client is our top priority. We listen to your requirements and tailor each event to meet your specific needs. Our aim is to create the ultimate experience for you and your guests.",Finland,3.776004,,,
Concierge Finland,3776004.0,"Finland, Uusimaa, Espoo",https://www.linkedin.com/company/19056924,www.conciergefinland.com,"Concierge Finland is a service company that produces Business, Concierge and Event Services. We provide services to companies and individuals in Finland and internationally. Concierge Finland's cornerstones are care, trust, and flexibility.",Finland,3.776004,,,
Caio Bar,3776004.0,"Finland, Northern Ostrobothnia, Oulu, 10 Sammonkatu, 90570",https://www.linkedin.com/company/caiooulu,www.caiobar.com,"Friendly pub & Dancing bar, with fresh drinks and local beers. Combining  Finnish culture and international spirit Caio Oulu provides a unique  atmosphere, matching your mood: whether you want to chill, meet people,  dance or sing karaoke. We have a friendly pub with a nice dance floor –  so everything you need. Our charming bartenders are professional  psychologists…ok, not really; but they are good listeners always ready  to serve you fresh drinks and local beers.  When  the snow melts you are welcome to tan on our summer terrace. Yet, our  sauna and meeting room are available for bookings any season. Our facilities are perfect  for any event from birthday, graduation and karonkka parties, meetings,  corporate conferences to student and karaoke parties. Additionally, catering  services are also available on demand. For all your bookings, contact us :      Info@caiooulu.com     +358 40 170 1990",Finland,3.776004,,,
Aida Hotel,3776004.0,"Finland, Central Finland, Helsinki, 16 Länsisatamankatu",https://www.linkedin.com/company/aida-hotel-seaside,www.aidahotels.fi,"This small, 5th-floor hotel overlooks a canal in Ruoholahti Harbour's business district, and features free WiFi. Ruoholahti Metro Station is 700 m away from Hotel Aida. Free parking in the area is possible when using a parking disk.  Shall you look for Nordic comfort and peacefulness - we are here for you! We care about sustainability, healthy and fresh products; safety and friendly atmosphere.",Finland,3.776004,,,
Majvik Congress Hotel,3652223.0,"Finland, Central Finland, Kirkkonummi, 1 Majvikintie, 02440",https://www.linkedin.com/company/majvik-congress-hotel,www.majvik.fi,"Majvik is located in beautiful surroundings on the shore of Espoonlahti, only 25 kilometres from Helsinki city centre, along Ring Road III.  Personalized service and customer care are one of the most important things in Majvik. Our congress hosts personally take care of the facilities in your meeting room and check that all the equipments are functioning properly. They will help your meeting to a good start and they will help you in any possible problems during your event. Majvik has a number of excellent lecture halls, conference and meeting rooms that have been planned with advice from professional educators. Meeting rooms are located in the hotel and on the shore. The largest meeting room for 350 guests, Congress Hall, is very adaptable and suitable for various seminars, exhibitions and celebrations. All the meeting rooms have daylight, modern, updated technology and stylish furnishings.  There are 106 hotel rooms in Majvik, 85 rooms of them are recently renovated. Sauna an restaurant facilities play an important role in all events. Majvik has an excellent reputation in serving tasty food with good service. Beautiful nature and peaceful surroundings by the sea offers many opportunities for recreation days and outdoor activities. In Art Nouveau Villa you will spend your birthday parties or weddings in atmosphere of old time glamor..",Finland,3.652223,,,
Gustavelund Oy Hotel Gustavelund,3644614.0,"Finland, Uusimaa, Tuusula, 36 Kirkkotie, 04310",https://www.linkedin.com/company/gustavelund,www.gustavelund.fi,"Kokous, koulutus, kurssi, kongressi, seminaari, näyttely, lounas, illallinen, cocktailtilaisuus, juhla, TYHY –ja virkistyspäivä, saunailta – Hotelli Gustavelund tarjoaa inspiroivat puitteet pieniin ja suuriin yritystapahtumiin sekä kaikkeen siltä väliltä. Asiakkaamme onnistuneiden kokousten ja tilaisuuksien toteuttaminen on meille sydämen asia. KAIKKI YHDESSÄ -toimintamallilla tarjoamme aikaa ja vaivaa säästävän tavan varata kaikki tarvitsemasi palvelut myyntipalvelustamme.  Hotelli Gustavelund sijaitsee kulttuuririkkaassa Tuusulassa, Tuusulanjärven rannalla, vanhassa puistomiljöössä. Matka Helsingistä vie vain puolisen tuntia, lentoasemalta vieläkin vähemmän. Gustavelund on myös suosittu perhejuhlien pitopaikka.",Finland,3.644614,,,
Tahko Spa Hotel,3617328.0,"Finland, Northern Savonia, Tahkovuori, Keitaankatu, 73310",https://www.linkedin.com/company/tahko-spa-oy,tahkospa.fi,"Dreamy holidays in the middle of Finland  Tahko Spa Hotel is a versatile experience center and apartment hotel located right in the heart of North Savo. Enjoy our spacious and cozy apartments with your own Finnish sauna, fully-equipped kitchen and terrace. Diverse activities give you the opportunity to customize your vacation just the way you want it.  💙Bowling with six lines 💙Pool Area for all ages 💙Tahko Gym  💙Glow Mini Golf 💙Beauty Treatments by Beauty Salon Organica 💙Massage by HieronTahko 💙Padel & Tennis 💙Restaurant Riemu  💙Indoor Activity Park SuperPark Tahko 💙Fitness & Sports Services 💙Meeting and group work facilities for up to 250 participants Tahko is a must-visit destination in Finland, offering breathtaking lake views, a central location, and endless activities all year round. Nestled by the stunning Tahko Mountain and Lake Syväri, it’s the perfect place for relaxation and adventure alike. Welcome! 💙",Finland,3.617328,,,
Nova Skyland Hotel,3617328.0,"Finland, Lapland, Rovaniemi, 6 Tähtikuja, 96930",https://www.linkedin.com/company/nova-skyland,www.novaskyland.com,"Luxury hotel in Santa Claus Village, Rovaniemi Lapland",Finland,3.617328,,,
Casino Tower,3617328.0,"Finland, Southern Savonia, Savonlinna, 7 Kylpylaitoksentie, 57130",https://www.linkedin.com/company/casino-tower,www.casinotower.fi,"Savonlinna will feature a new high-rise estate, Casino Tower in spring 2019. The estate is 16 floor high and it is connected to Spahotel Casino. The tower features 60 high-end apartments and a 20 hotel suites . The top floor features a restaurant offering magnificent views, overlooking lake Saimaa. The estate also offers a large variety of new and exciting sports and entertainment activities for the whole family and business travels. The pre-marketing of apartments has started - for more information get in touch! You can get in touch through our website, email or social media. Our Facebook page can be found under the name Casino Tower.",Finland,3.617328,,,
Haltia Lake Lodge,3617328.0,"Finland, Central Finland, Espoo, 2 Solvallanrinne, 02820",https://www.linkedin.com/company/haltia-lake-lodge,www.haltialakelodge.com,"Haltia Lake Lodge is a place where you can live amidst nature, like a bird in it’s nest. The vast Nuuksio national park is the very picture of nature at it’s purest, yet only a 30 minute drive from the airport and Helsinki, Finland’s lively capital. Everything we do is based on having a positive impact, both environmentally and on the local economy as well – giving you an unforgettable and inspiring experience with care and without compromising our values. Haltia Lake Lodge has 20 cozy hotel rooms, 5 luxurious glamping tents, Forest Lounge & Bar, NOOX meeting space and sauna.",Finland,3.617328,,,
HVC Asunnot,3533743.0,"Finland, Pirkanmaa, Tampere, 5 Hämeenkatu, 33100",https://www.linkedin.com/company/hvc-asunnot,www.hvcasunnot.fi,"HVC Asunnot is providing accommodation services over 40 locations in Finland.  Our specialty is to arrange project accommodation starting from one apartment to even over thousand people solutions.  Flexibility, fast service and cozy apartments is same as HVC Asunnot.   Go to hvcasunnot.fi or contact our Customer Service to book your accommodation: Finland: +358 40 130 3330",Finland,3.533743,,,
Space Of Mind,3450287.0,"Finland, Uusimaa, Helsinki, 7 Mariankatu, 00170",https://www.linkedin.com/company/space-of-mind-fi,www.spaceofmind.fi,"Have you dreamed about a space of your own? In today’s modern world, finding somewhere to free your mind and focus on yourself can be harder than ever before. Space of Mind is a spatial solution that can become ay space you dream it to be, no matter whether it’s a few steps from your home or on a remote mountainside.",Finland,3.450287,,,
Premium Resorts,3439361.0,"Finland, Central Finland, Vierumäki, 440 Urheiluopistontie, 19120",https://www.linkedin.com/company/premium-resorts,www.premiumresorts.fi,High quality resort properties.,Finland,3.439361,,,
Lecator Oy,3398929.0,"Finland, South Karelia, Imatra",https://www.linkedin.com/company/lecator-oy,www.lecator.fi,"Lecator Oy on raikas, nuorekas ja energinen siivousliike, joka huolehtii aina ammattitaitoisesti toimistojen, liiketilojen ja hotellien siisteydestä. Olemme yritys- ja majoitussiivouksen luotettava kumppani. Luotettava yrityssiivouksen kumppani kaikenkokoisille yrityksille Olemme luotettava yrityssiivouksen kumppani kaikenkokoisille yrityksille toimialaan katsomatta. Räätälöimme siivoussopimukset aina yhdessä asiakkaan kanssa – huomioimme muun muassa aikataulut ja tilojen mahdolliset erityisvaatimukset asiakkaan toiveiden mukaan. Majoitustilojen siisteys on onnistuneen asiakaskokemuksen avain Hotellihuoneen ja majoitustilojen siisteys on yksi tärkeimmistä seikoista onnistuneen asiakaskokemuksen synnyssä. Huolehdimme huonesiivouksesta ja yleisten tilojen puhtaanapidosta kaikissa hotelli- ja majoituskohteissa. Ammattitaitoiset siivoojamme ovat erikoistuneet hotellien puhtaanapitoon. Käytössämme ovat hotelliympäristöön parhaiten soveltuvat työmenetelmät ja -välineet, joilla siivous sujuu tehokkaasti. Räätälöimme kohteeseen soveltuvan palvelukokonaisuuden yhteistyössä asiakkaan kanssa. Haluamme tarjota asiakkaillemme samaa luottamusta ja läsnäoloa, jota luomme yrityksessämme päivittäin. Tavoitat meidät helposti, ja viestisi kulkee joutuisasti perille ilman turhia mutkia ja hidasteita. Ota yhteyttä, sovitaan yhdessä juuri sinun yrityksellesi sopiva siivoussopimus!",Finland,3.398929,,,
StayLapland,3392157.0,"Finland, Lapland, Rovaniemi, Poutapilvenpolku, 96190",https://www.linkedin.com/company/staylapland,www.staylapland.com,"Staylapland, a premier provider of luxury accommodations and immersive experiences in the breathtaking Lapland region of Finland.",Finland,3.392157,,,
Hellsten Hotel Apartments,3392157.0,Finland,https://www.linkedin.com/company/hellsten-hotel-apartments,www.hellstenhotels.fi,"Rent your own apartment with hotel support from a 24h reception. Hellsten Hotel Apartments offer spacious, furnished apartments for short or long term stay, for a day, week, or months. When you travel to Finland on business or on vacation, with or without the family, stay in your own quarters. All apartments have equipped kitchenettes for cooking your own food.  Hellsten Hotels are centrally located hotels in Helsinki near the Market Square and the Parliament House and in Espoo, Leppävaara.  Welcome to Hellsten Hotel Apartments, your home away from home!",Finland,3.392157,,,
Wild About Lapland,3392157.0,"Finland, Lapland, Rovaniemi, 24 Rovakatu, 96200",https://www.linkedin.com/company/wild-about-lapland,wildaboutlapland.com,"We are a small group tour operator based in Rovaniemi, Lapland! Offering high end nature tours, our motto:- The smaller the group, the bigger the experience!",Finland,3.392157,,,
West Side Hotel,3392157.0,"Finland, Finland Proper, Turku, 2 Nuijamaankatu, 20320",https://www.linkedin.com/company/westsidehotel,www.westsidehotel.fi,"West Side Hotel provides Superior, Comfort and Budget rooms for both businesses and individual customers. We have been in the accommodation business since 1997. Whatever is your accommodation need - whether it's one night in a hotel or serviced apartment for a 6-month project at the shipyard - let our local knowledge and experience help you with that.",Finland,3.392157,,,
Design Hotel Levi,3392157.0,"Finland, Lappi, Kittila, 1590 Levintie, 99130",https://www.linkedin.com/company/design-hotel-levi,www.designhotellevi.fi,"Design Hotel Levi invites you to another reality where design and nature intertwine. A contemporary and stunningly beautiful second home amidst the Lappish wilderness.  From this landscape rises Design Hotel Levi, with its greying pinewood exterior, carefully designed to fuse with the surrounding highlands. A truly magical and luxurious hotel with rooms as beautiful as the arctic nature. Total 77 rooms;  Deluxe doubles and twins with kingsize beds, Deluxe Suites with magnificent view and sauna, luxorius Premium Suites with sauna and bath. Welcome!",Finland,3.392157,,,
Access Lapland,3392157.0,"Finland, Lapland, Rovaniemi, 19 Korkalonkatu, 96200",https://www.linkedin.com/company/access-lapland,accesslapland.com,Access Lapland is a company specialized in providing premium outdoor activities year around. We offer guided tours and private guiding around Rovaniemi and all Lapland. Our professional local nature guides have the experience and know-how to guarantee you a safe and unforgettable adventure.,Finland,3.392157,,,
Hotel Carlton Helsinki,3392157.0,"Finland, Uusimaa, Helsinki",https://www.linkedin.com/company/hotel-carlton-helsinki,www.carlton.fi,"Our family-owned hotel is a merge of a laid-back atmosphere, easy accommodation and genuine customer service.",Finland,3.392157,,,
Keurusselkä Resort,3392157.0,"Finland, Central Finland, Keuruu, 134 Keurusseläntie, 42700",https://www.linkedin.com/company/keurusselkaresort,www.hotelkeurusselka.fi,"Loma-asunto rantaharjun laelta vai makoisat unet järvenrantahotellissa?  Haluamme tarjota elämyksiä, hyvää ruokaa ja juomaa ja puitteet lomailuun, rentoutumiseen tai työskentelyyn. Toimimme ympäri vuoden kauniin Keurusselkä-järven rannalla. Yhteensä alueelta löytyy majoitusta hotelleissa yli 200 hengelle ja mökeissä 180 hengelle Kaikkien vakiovarusteena on viihtyvyys, upea luontomiljöö ja hyvät palvelut. Keurusselkä Resort haluaa olla vastuullinen yrityskumppani ja työnantaja ja edistää kestävää matkailua. Osoituksena tästä meillä on Green Key- sertifikaatti ja oikeus käyttää Sustainable Travel Finland- merkkiä.  Luomme teidän ryhmällenne sopivan tapahtuman. Meiltä löydät monipuolisia tiloja niin pieneen palaveriin, päivän kokoukseen kuin suureen viikonloppuseminaariin (jopa 300 hengelle). Keurusselän kokouspaketeissa yhdistyvät hyvät työskentelymahdollisuudet, sujuvat oheispalvelut ja ainutlaatuiset elämykselliset aktiviteetit. Welcome to Keurusselkä Resort, the center of entertainment, activities, wellness and events. Sleep well surrounded by lake view, enjoy the activities in the nature and relax in the moment in our spa.  Restaurant and spa are located in the main floor. In total, the area offers accommodation in hotels for more than 200 people and in apartments for 180 people. Comfort, great natural surroundings and good service come as standard.",Finland,3.392157,,,
Kenkävero,3392157.0,"Finland, Southern Savonia, Mikkeli, 6 Pursialankatu, 50100",https://www.linkedin.com/company/kenkävero,www.kenkavero.fi,"Kenkävero is a magnificent tourist attraction in Mikkeli at Lakeland area of Finland. It prides itself on having the biggest and most beautiful vicarage in all Finland, in an impressive milieu. It has something to interest everyone at all times of the year: fine restored buildings, exciting exhibitions and events, exquisite handicrafts as gifts, souvenirs or simply to enjoy. In summer it is further enhanced by a garden and handicraft workshops. Delicious food  is served in the restaurant daily all year round. In the vicarage restaurant you can enjoy the menu consisting of local cuisines, prepared with love and skill. The restaurant is situated in the Kenkävero’s main building, which is steeped in old atmosphere and modern decor.  Kenkävero is also home to one of Finland's largest design boutiques that sells Finnish handicrafts, clothing, accessories and delicacies. Kenkävero is open all year around from Monday to Friday 10-18, Saturday 10-16, Sunday 10-18.",Finland,3.392157,,,
MajataloRespa,3392157.0,"Finland, Finland Proper, Turku, 22 Läntinen Pitkäkatu, 20100",https://www.linkedin.com/company/majatalorespa,www.majatalo.fi,"Founded in May of 1997 and based in Turku, Finland, Majatalo is a trusted community marketplace for people to list, discover, and book unique accommodations around the world — online or from a mobile phone. Whether an apartment for a night, a castle for a week, or a hotel room for a month, Majatalo connects people to unique travel experiences, at any price point. And with world-class customer service and a growing community of users, Majatalo is the easiest way for people to monetize their extra space and showcase it to an audience of millions.",Finland,3.392157,,,
PihlasResort,3392157.0,"Finland, Northern Savonia, Joroinen, 345 Kaitaistentie, 79690",https://www.linkedin.com/company/pihlasresort,pihlasresort.com,"PihlasResort is a luxurious eco-resort in the beautiful Lakeland of Finland, Saimaa region. We have combined a luxury resort with first-class service and versatile activities together with authentic and beautiful local nature. In addition to our suites and villas you can find lovely lounge Winter Garden, top-quality restaurant Siimes, lakeside sauna Henki, scenic clubhouse Koto, tennis and padel courts, indoor sports hall, and fully equipped gym from our resort. With us, you can focus on enjoying the experiences with all your senses, every moment. All you need to do is book a visit, and we will make your stay an unforgettable journey.",Finland,3.392157,,,
Hotel Sorsanpesä,3392157.0,"Finland, Southern Ostrobothnia, Seinäjoki, 27 Törnäväntie, 60200",https://www.linkedin.com/company/hotelli-sorsanpesä,sorsanpesa.fi,"Hotel Sorsanpesä on vuonna 1971 perustettu, jo 50-vuotias paikallinen legenda. Sijaitsemme Seinäjoen Törnävällä kauniin luonnonsuojelualueen kupeessa, noin 3km Seinäjoen keskustasta. Sorsanpesällä voit majoittua tyylikkäissä huoneissa sekä nauttia hyvästä ruoasta ja juomasta. Virkisty altaalla, ulkoillen tai jokimaisemaa ihaillen. Meillä järjestät kokouksen, koulutuksen tai muun tärkeän tilaisuuden helposti. Asiantunteva henkilökuntamme takaa palveluiden sujuvuuden. Tiloistamme löytyy 134 hotellihuoneen lisäksi 10 erilaista ja eri kokoista kokoustilaa. Meiltä löydät sopivimmat tilat pienestä yhtiökokouksesta aina hääjuhlaan, ja kaikkeen siltä väliltä.",Finland,3.392157,,,
Restbar Group Oy,3337656.0,"Finland, Pirkanmaa, Tampere",https://www.linkedin.com/company/restbar-oy,www.restbar.fi,"Restbar Group on yli 30 vuotta vanha perheyritys Tampereella. Toimintamme pohjana on ravintolatoiminta ja tällä hetkellä meillä on viisi omaa ravintolaa Pirkanmaalla. Tiiviisti ravintolatoiminnan kyljessä toimii catering-liiketoiminta. Näiden lisäksi Restbar Groupiin kuuluu DJ- ja karaoketoimintaan erikoistunut ohjelmayhtiö, joka toimii koko Suomen laajuisesti.",Finland,3.337656,,,
Greenstar Hotels Oy,3337472.0,"Finland, North Karelia, Joensuu",https://www.linkedin.com/company/greenstar-hotels-oy,www.greenstar.fi,"New and affordable accommodation right in the center. GreenStar® is a sustainable, newly built hotel concept that’s both affordable and environmentally friendly. The savings in energy consumption save the customer’s money too! GreenStar also actively participates in Unesco MAB- and ENO Environment Online- programs and it the first hotel in the Northern Carelia to receive Nordic Ecolabel (4055 0012 hotels and youth hostels). GreenStar’s basic product is a 2+1 person hotel room. Room price - starting from 62€ per night only- is the same regardless of how many guests stay in the room. Breakfast and parking can be bought separately. The outcome: lower price without compromising comfort of living.  Using the hotel is easy and effortless. Reservations can be made online or with our friendly reception staff and check-in can be done either at our reception or 24/7 via our automated check-in machine in the lobby.   Welcome to GreenStar® Hotel in Joensuu!",Finland,3.337472,,,
Messilä Maailma Oy,3318177.0,"Finland, Päijänne Tavastia, Hollola",https://www.linkedin.com/company/messila-maailma-oy,messila.fi,"Vain tunnin ajomatkan päässä pääkaupunkiseudulta sijaitsee Etelä Suomen suurin hiihtokeskus Messilä, jota ympäröivät Salpausselän metsäiset harjut ja järvimaisemat. Ainutlaatuinen luonto antaa virikkeitä erilaisille harrasteille. Kaikki palvelut sijaitsevat samassa pihapiirissä vain kävelymatkan päässä toisistaan: 10 rinnettä, hissejä 4,5 kilometriä, 70 kilometrin latuverkosto, hiihtokoulu, suksivuokraamo ja neljä erilaista ravintolaa: Kartanoravintola, Markkinaravintola, Bistro ja Laason kahvila. Kesäaikaan ravintolat ovat avoinna tilauksesta ryhmille. Messilä tarjoaa myös monipuolista majoitusta aittahuoneista saunallisiin hirsimökkeihin.  Messilä, the biggest ski center in Southern Finland, is located only one-hour drive from Helsinki area. Messilä is surrounded by woody ridges of Salpausselkä and beautiful lake scenery. Unique nature offers multiple options to spend time outdoors. All services are in the same yard just walking distance from each other: 10 slopes, ski tracks for 70 kilometers, Ski School, Rental Shop and four different restaurants: Manor restaurant, Market restaurant, Bistro restaurant and Café Laaso. In summertime restaurants are open only on order for groups. Messilä also offers versatile accommodation from Old Store rooms to Log cottages with sauna.",Finland,3.318177,,,
Hotel Haaga Central Park,3292435.0,"Finland, Uusimaa, Helsinki, 10 Nuijamiestentie, 00320",https://www.linkedin.com/company/best-western-plus-hotel-haaga,www.hotelhaaga.fi,"Hotel Haaga Central Park is a wellness hotel offering diverse services in the Haaga district by the Central Park of Helsinki. The hotel has 122 comfortable guest rooms, premises for various sizes of events and a wide range of meeting rooms for up to 240 people. Your well-being is important to us: wellness services are offered by the Fit Haaga fitness club, Spa Verso, a sauna and a swimming pool as well as extensive opportunities for outdoor recreation. Nordic walking poles and bikes are available for loan at reception, giving you a chance to exercise in the fresh air outdoors.  Hotel Haaga Central Park is conveniently located just 15 minutes from the city and Helsinki-Vantaa International Airport.",Finland,3.292435,,,
Silmu Hotel,3146670.0,"Finland, Uusimaa, Kirkkonummi, 21 Opistotie, 02550",https://www.linkedin.com/company/ekofin,www.silmuhotel.fi,"We offer the cheapest accommodation for construction, service and installation workers in South Finland",Finland,3.14667,,,
Taitotalon Kongressikeskus,3146670.0,"Finland, Uusimaa, Helsinki, 8 Valimotie",https://www.linkedin.com/company/taitotalon-kongressikeskus,www.taitotalo.com,"Holding events at the Taitotalo Congress Centre is trouble-free. Everything is thought of ahead of time so participants can concentrate on the task at hand. Get energy for a day of meetings with a tasty breakfast and lunch, interspersed with revitalizing coffee breaks. The Taitotalo Congress Centre’s central location, functional meeting facilities, flexible and professional services, modern AV technology and delicious food all contribute to our success. Before every corporate event, whether it is a meeting, training event, seminar or the like, all of the technical equipment that will be used is tested to see if it works properly. If needed, we will walk you through how to use the equipment when you arrive. All of the meeting equipment and any services required for the meeting participants are included in the package price for rooms for hire. We promise that you will be satisfied that your event was carried out in the correct setting and was successful. The comprehensive package price is quoted per person. All of the conference rooms in the Congress Centre, along with the two restaurants and the foyer, have access to a free and fast WLAN Internet network connection. Bring your team and let off some steam! Arrange your next company meeting with us. Arranging any kind of event at Taitotalo Congress Centre is easy and convenient. Everything here is ready – welcome!",Finland,3.14667,,,
Arctic Hotel Collection,3100567.0,"Finland, Lapland, Rovaniemi",https://www.linkedin.com/company/arctic-hotel-collection,www.arctichotelcollection.fi,"Arctic Hotel Collection is a collection of two family-owned unique hotels with outstanding facilities in Rovaniemi, the capital of Lapland. We offer warm and friendly hospitality, fabulous dining options in our range of restaurants.",Finland,3.100567,,,
Javri Lodge,3100567.0,"Finland, Lapland, Saariselkä, 9 Tievapolku, 99830",https://www.linkedin.com/company/javri-lodge,www.javri.fi,"The independent family-owned Jávri Lodge is Lapland’s most luxurious boutique hotel, some 250KM north of the Arctic Circle in the wilds of northern Finland, open to just 26 guests at a time. The hotel invites adults 18 and over to indulge in an ultimate luxury arctic experience including Lappish-style accommodations - six Cozy Doubles, three Presidential Suites and four SkyView Suites - coupled with purity of nature, local delicacies, such as fish from nearby lakes and matsutake, and Nordic outdoors with opportunities for reindeer and husky safaris, snowmobiling, cross-country skiing, snowshoeing, the combination of sauna and ice swimming and exploring the wilderness in search of the Northern Lights and more.  After the day’s exploits, warm up in the authentic Finnish sauna and take a dip in the swimming pool to wind down for the evening. Jávri Lodge invites guests to enjoy all this at their leisure.",Finland,3.100567,,,
Flamingo,3029823.0,"Finland, Uusimaa, Vantaa",https://www.linkedin.com/company/flamingo-spa,www.flamingospa.fi,"Flamingo tarjoaa lukemattomia elämyksiä saman katon alla – valinta on sinun. Suomen suosituin Spa ja Vesipuisto, viidakkoteemainen Funpark-sisäleikkipuisto, MySensen hemmottelevat hoidot sekä Waffles & Wine -kahvila-ravintolan herkut tekevät Flamingosta paikan, jossa jokainen löytää oman tapansa viihtyä, yksin tai yhdessä. Olemme suomalaisomisteinen yksityisyritys ja kävijämäärältään mitattuna Suomen suosituin kylpylä. Ota yhteyttä myyntipalveluumme yritysmyynti@flamingospa.fi, kun haluat järjestää unohtumattoman tilaisuuden. Mikäli olet kiinnostunut työskentelemään meillä, voit laittaa avoimen hakemuksen ja CVn osoitteeseen rekry@flamingospa.fi.",Finland,3.029823,,,
The Folks Hotel Konepaja,3009823.0,"Finland, Uusimaa, Helsinki, 21-23 Aleksis Kiven Katu, 00510",https://www.linkedin.com/company/the-folks-hotel,folkshotels.fi,"The Folks Hotel Konepaja opened it's door's for Guests in October 2020. Vallila-Pasila region in Helsinki is the most developing part of Helsinki at the moment. It combines together old historical building, new designs, work, urban city culture and local people. #myurbaninspiration The interior takes into account the architecture and the atmosphere of the building. The old red brick is revealed in outer walls of Our Loft-rooms which brings naturally together the original and authentic and the new spirits. Sustainable values play an important role in material-, lighting- and furniture choices. The grout and industrial feeling blends into stylish materials and details indoors. The appearance of the spaces is minimalistic. The graphic surfaces, elements and shapes of the furniture gives a hint of playfulness. Contrasts and surprising combinations keeps the entity away from boredom. The Folks Hotel Konepaja in a nutshell: * 140 hotel rooms in 8 different room types * Wellness department with Yoga space, gym and two saunas (traditional Finnish sauna and a large steam room)  * Lobby Bar  * 24/7 reception  * Common Kitchen  * A High-Class restaurant Albina * Roof top terrace * Meeting Rooms  * Laundry Room * Parking  #thefolkshotelkonepaja #thefolkshotel",Finland,3.009823,,,
Kokouspiste Oy,2884352.0,"Finland, Uusimaa, Helsinki, 5 C Nuijamiestentie, 00400",https://www.linkedin.com/company/kokouspiste-oy,www.kokouspiste.fi,"Kokouspiste on palveleva kokous-tapahtuma-ja kongressipalvelutoimisto, joka yhdistää monella tavalla tilaisuuksien järjestäjät ja loistavat kokouskohteet. Palvelemme kokousten, tilaisuuksien ja tapahtumien järjestäjiä yhdessä luotettavien yhteistyökumppaniemme kanssa. Toimimme avoimesti, rehellisesti ja ekologisten arvojen mukaisesti.  Palvelemme tilaisuuksien järjestäjiä kaikissa kokouksen, kongressin, tapahtuman, seminaarin tai muun yritystilaisuuden järjestämiseen liittyvissä asioissa nopeasti ja luotettavasti. Saat koko tilaisuuden samasta pisteestä, myös ulkomailla.  Kokouspisteen yhteistyökumppanit ovat Suomen kärkikokouskohteita ja kaikki yhteistyökumppanimme täyttävät heille asettamamme laatu- ja palveluvaatimukset. Edellytämme yhteistyökumppaneiltamme kanssamme yhteneviä eettisiä- ja kestävän kehityksen arvoja. Autamme kokous- ja kongressikohteita löytämään potentiaalisia asiakkaita ja teemme konkreettista myyntityötä. Järjestämme erilaisia tilaisuuksia, jossa kokous- ja kongressikohteiden edustajat voivat tavata potentiaalisia asiakkaita ja kertoa palveluistaan.",Finland,2.884352,,,
Livv.fi,2825845.0,"Finland, Uusimaa, Helsinki, 29 Merimiehenkatu, 00150",https://www.linkedin.com/company/guest-comfort-oy-ab-ltd,www.livv.fi,"Livv provides hotel supplies featuring exclusive brands, unique concepts and proactive delivery. We know what makes the difference.",Finland,2.825845,,,
Spot Apartments Oy,2740244.0,"Finland, Uusimaa, Helsinki, 109 Mannerheimintie, 00280",https://www.linkedin.com/company/spot-apartments-oy,spotapartments.fi,Real estate operation Spot Apartments is a strongly growing property management company.,Finland,2.740244,,,
The Barö,2661711.0,"Finland, Central Finland, Ingå, 679 Barösundintie, 10270",https://www.linkedin.com/company/thebarohotel,www.thebaro.fi,"In the summer of 2021, Finland's highest-quality boutique archipelago hotel opened in Barösund, located less than an hour's drive from Helsinki. The hotel consists of a main building with an elegant panoramic restaurant and lounge, a beach-club-style beach sauna building, and 18 innovative accommodation buildings. Our hotel offers its guests first-class food and drink, relaxation in nature and interesting activities carried out together with local partner companies.",Finland,2.661711,,,
Kassiopeia Hotels & Restaurants,2657140.0,"Finland, Uusimaa, Espoo",https://www.linkedin.com/company/kassiopeia-hotels-restaurants,kassiopeia.fi,"Kassiopeia Hotels & Restaurants is a Finnish hospitality chain that operates Hotel Levi Panorama, among other establishments, focusing on providing sustainable and responsible services in the tourism sector. The company's mission is to develop environmentally friendly and socially responsible experiences for its guests, emphasizing the importance of sustainability in all operations. Kassiopeia is committed to minimizing its environmental impact, as evidenced by its certifications, including the Nordic Swan Ecolabel and the Sustainable Travel Finland mark, which reflect its dedication to climate action, biodiversity, and circular economy practices. The company serves a diverse clientele, including tourists seeking unique experiences in the beautiful landscapes of Lapland, and partners with local organizations like the Levi Ski Club to promote community engagement and support local tourism. Kassiopeia Hotels & Restaurants aims to create memorable experiences while ensuring the well-being of its staff and the safety of its guests.",Finland,2.65714,,,
Kruunupuisto Oy,2627766.0,"Finland, Southern Ostrobothnia, Punkaharju, 44 Vaahersalontie, 58450",https://www.linkedin.com/company/kruunupuisto-oy,www.kruunupuisto.fi,"Kruunupuisto tarjoaa asiakkailleen kuntoutus- ja työhyvinvointipalveluja  sekä hotelli- ja ravintolapalveluita , kokouspalveluja sekä lomia ja vapaa-ajanpalveluita. Kruunupuiston omistaa Punkaharjun Kuntoutussairaalasäätiö ja liiketoiminnasta vastaa Kruunupuisto Oy. Kruunupuiston toimintaa ohjaavat arvot ovat reilu, kehittyvä ja tavoitteellinen.",Finland,2.627766,,,
Hotelli Linnasmäki | Kokoushotelli Hostelli,2587715.0,"Finland, Finland Proper, Turku, 7 Lustokatu, 20380",https://www.linkedin.com/company/kokoushotelli-ja-hostelli-linnasmäki,linnasmaki.fi,"Sustainable Travel Finland -merkin saanut ja Green Key -sertifioitu kokous-, majoitus- ja juhlapaikka rauhallisella, luonnonkauniilla ja historiallisella paikalla, vain nelisen kilometriä Turun keskustasta.",Finland,2.587715,,,
Pilot Airport Hotel,2517336.0,"Finland, Central Finland, Vantaa, 1 Veromäentie, 01510",https://www.linkedin.com/company/pilot-airport-hotel,www.airporthotelpilot.fi,"Independent, friendly Pilot Airport Hotel near Helsinki-Vantaa (HEL) airport, offers you quiet and relaxing accommodation between flights, for Helsinki stopover, or after a long business day. The hotel is newly renovated with 112 modern rooms.  We offer free minibus shuttle to the airport/ back to the hotel and free parking during your holiday.  Family operated, contemporary Pilot Airport Hotel is a member of Private Hotels Finland.  Our friendly multi-lingual staff is always available to assist you.  Come alone, with your family or friends – we got you!",Finland,2.517336,,,
Urban Hotel Verso,2517336.0,"Finland, Central Finland, Jyväskylä",https://www.linkedin.com/company/urban-hotel-verso,www.hotelliverso.fi,"Verso lives in the urban beat of city. We are unique and free to try something new. We want to offer you urban enjoyment, self-indulgence, home-baked cinnamon rolls and café latte, fresh tastes from local produces, refreshing events and, of course, a good night’s sleep.",Finland,2.517336,,,
Hotel Hirvihaaran Kartano,2430467.0,"Finland, Uusimaa, Mäntsälä, 56 Kartanonlenkki, 04680",https://www.linkedin.com/company/hirvihaaran-kartano,hirvihaarankartano.fi,"Hotelli Hirvihaaran Kartano tarjoaa ainutlaatuiset puitteet kokouksille, konferensseille, virkistyspäiville, yritysjuhlille, häille sekä muille merkittäville päiville. Suunnitellaan yhdessä Teille sopiva kokonaisuus! Helsingin seudulla sijaitsevalla Hotelli Hirvihaaran Kartanolla on 9 kokoustilaa, pöytämuodoista riippuen 4-300 henkilölle. Lasipaviljonki on avoinna kaikkina vuodenaikoina. Uuden Hotelli Kartanon Meijerin avauduttua vierailla on nyt käytössään 40 korkeatasoista ja tunnelmallista hotellihuonetta. ""Vain puoli tuntia Kehä III:ta, Lahdesta, Porvoosta ja Hyvinkäältä"" Hotel Hirvihaaran Kartano offers unique and spectacular surroundings for meetings, conferences, recreational days, company events, weddings, and other remarkable events. We tailor the experience for you! Located in the Helsinki metropolitan area, the hotel has 9 meeting rooms, holding 4-300 guests. The one of a kind Glass Pavilion is open throughout all four seasons. After recently opening Hotel Kartanon Meijeri the guest has the possibility to choose from 40 unique and high-quality hotel rooms. After recently opening Hotel Kartanon Meijeri the guest has the possibility to choose from 40 unique and high-quality hotel rooms. “Only half an hour from Helsinki, city of Lahti, Porvoo, and Hyvinkää.”",Finland,2.430467,,,
Nallikari Holiday Village - Nallikari Seaside Ltd,2345683.0,"Finland, Northern Ostrobothnia, Oulu, 10 Leiritie, 90510",https://www.linkedin.com/company/nallikari-holiday-village,www.nallikari.fi,"Nallikari Holiday Village is a year-round holiday resort just a stone’s throw away from the centre of Oulu, Finland.  The most beautiful sandy beach in the shores of the Bothnian Bay, maybe even in the whole of Finland, lies by Nallikari Holiday Village. When you need peace and quiet, relaxed atmosphere and quality accommodation in a scenic setting, Nallikari Holiday Village is the place for you. Four Star Accommodation Nallikari Holiday Village provides year-round accommodation: 24 high-quality villas and 28 holiday cottages and a number of camper pitches. In summer, visitors may also choose to stay in a summer cabin or tent pitch. We also have modern maintenance buildings, sauna and conference room facilities and a café on the site. Year-round Masto cottages locate on the campsite. The camper site with facilities for every season and tent pitches in summer complete the holiday village. Oulu city centre is about four kilometres away by car and a bus stop for the centre a few steps away from the campsite. The route to Oulu Market Place by bike or on foot along the scenic bike paths across the islands is about three kilometres.",Finland,2.345683,,,
Polku Hotel & Business Resort,2329009.0,"Finland, Nuuksio Nuuksio",https://www.linkedin.com/company/polku-nuuksio,www.polkunuuksio.com,"Hotelli ja idyllinen kokouspaikka kauniin luonnon keskellä ja kirkkaan veden äärellä Nuuksion kansallispuistossa - vain puoli tuntia Helsingistä. Tervetuloa työskentelemään, innovoimaan ja virkistymään luonnon keskelle! Hotel & Business Resort in the middle of the purest nature - inside the Nuuksio national park. Only 30 minutes from Helsinki. Working, innovating and relaxing in the peaceful nature. Welcome!",Finland,2.329009,,,
Koto Hotel Pihtipudas,2329009.0,"Finland, Central Finland, Pihtipudas, 2 Keskustie, 44800",https://www.linkedin.com/company/koto-hotel-pihtipudas,www.kotohotel.fi,"Koto Hotel is a boldly different country hotel. You will find us in the centre of Finland in the lively village of Pihtipudas off the E75. Breath easy in the pure air of the heart of Finland, sleep well in our comfortable beds and enjoy tasty local food.",Finland,2.329009,,,
The Torby,2329009.0,"Finland, Uusimaa, Fiskari, 9 Fiskarsintie, 10470",https://www.linkedin.com/company/the-torby,www.thetorby.fi,"The hotel's main building is located in the old Cutlery Mill in Fiskars Village. 24 hotel rooms have been built in the historic property, all of which have a view of the old ironworks area of Fiskars. The hotel has four meeting rooms of different sizes, a cozy lounge area and a sauna.",Finland,2.329009,,,
Billnäs Gård,2329009.0,"Finland, Uusimaa, Raseborg, 42 Vasarasepäntie, 10330",https://www.linkedin.com/company/billnäs-gård,billnasgard.fi,"Billnäs Gård is a beautiful Italian-style manor from 1912 by the river in the heart of the cultural Billnäs village. The restored manor will include 6 guest rooms, 5 meeting spaces, a restaurant kitchen, a lush garden with an outdoor pool & wellbeing activities. The focus will be on business retreats, rental and private events including weddings & other festivities.",Finland,2.329009,,,
Isojoen Kunta,2325563.0,Finland,https://www.linkedin.com/company/isojoen-kunta,www.isojoki.fi,,Finland,2.325563,,,
Levin Alppitalot Oy / Levi Alpine Chalets Ltd.,2301282.0,"Finland, Sirkka, 7b Hissitie",https://www.linkedin.com/company/levin-alppitalot-oy,www.levinalppitalot.fi,"Levi Alpine Chalets Ltd (officially Levin Alppitalot Oy), founded in 2000, is located in Kittilä municipality, in the heart of ski resort Levi. Levi Alpine Chalets consists of 55 apartments of varying levels, accommodating 360 people in total. The best-known high-standard Alpine Star apartments are situated in the best location in Levi, opposite the front slopes. An extensive international customer base is made up of both companies and private travellers.",Finland,2.301282,,,
Tapahtumakeskus Koskenranta,2285900.0,"Finland, Uusimaa, Helsinki, 9 Katariina Saksilaisenkatu, 00560",https://www.linkedin.com/company/tapahtumakeskus-koskenranta,www.koskenranta.net,"Tapahtumakeskus Koskenranta tarjoaa inspiroivat puitteet ja tasokkaat ravintolapalvelut jopa 1400 hlön tapahtumille, kuten kokouksille ja konferensseille sekä arvokkaille illallisille ja rennoille after-work cocktail-tilaisuuksille. Upea terassimme kosken partaalla tarjoaa valloittavan lisän tapahtumallesi.  Kapasiteetti 1400 vierasta *illallinen suorakaidepöydissä 800 vierasta *illallinen pyöreillä pöydillä 550 vierasta *seisova cocktail-tilaisuus 1000-1400 vierasta *kokous tuoliriveillä ja ruokailutilalla 550 vierasta ja ilman erillistä ruokailutilaa 900-1000 vierasta Koskenranta sijaitsee Helsingin Vanhankaupunginkoskella, vain 7,7 kilometriä Helsingin rautatieasemalta hyvien kulkuyhteyksien päässä sekä Helsingin keskustasta että Helsinki-Vantaan lentoasemalta.  Tutustu lisää sivuillamme ja ota yhteyttä, suunnitellaan yhdessä vaikuttava tapahtuma! www.koskenranta.net",Finland,2.2859,,,
Comodo Asunnot Oy,2084810.0,"Finland, Uusimaa, Helsinki, 44 Mechelininkatu, 00250",https://www.linkedin.com/company/comodo-apartments,comodo.fi,"Feel like at home. Comodo Serviced Apartments. Comodo Apartments offers fully furnished apartments in the Helsinki regionTurku and in Tampere for long and short term rental needs. Our homes come in many sizes, in convenient locations, with one thing in common: they’re environments you enjoy living in and want to come back to. Quick and flexible service is our strength. We believe that staying in a Comodo home should always be easy and convenient.  ”Comodo” means comfortable in Italian. Our apartments are for anyone who appreciates easy, fresh and homelike living. Essential cooking equipment, tableware, flat-screen television and WiFi connection are always included. Most homes come with a washing machine.  Comodo homes are perfect for:  Extended business travelers (4+ days)  Project and research assignees  Companies requiring short to long term fixed accommodations (excluding hotels) Vacations  Private use Planning to stay in Finland for work or for pleasure? Don’t hesitate to reach out  by phone +358 10 470 4380  by email info@comodo.fi We’re looking forward to accommodating you!",Finland,2.08481,,,
Tampere Dream Hostel Oy,2067044.0,Finland,https://www.linkedin.com/company/tampere-dream-hostel-oy,www.dreamhostel.fi,Five times in a row the Best Hostel in Finland. New Hotel expansion opened in 2014 with a world wide recognition in architectual magazines. Family owned and professionally run Dream Hostel & Hotel is the most modern and international accommodation you can find in Tampere.,Finland,2.067044,,,
Hotelli Milton,2067044.0,"Finland, Central Finland, Jyväskylä, 29 Hannikaisenkatu, 40100",https://www.linkedin.com/company/hotelli-milton,www.hotellimilton.com,,Finland,2.067044,,,
Hotel Metsähirvas,2067044.0,"Finland, Lapland, Rovaniemi, 49 Toukolantie, 97130",https://www.linkedin.com/company/hotel-metsahirvas,www.metsahirvas.fi,"The building of Hotel Metsähirvas is historical. It is from the 1920s and it is one of the rare buildings in Rovaniemi which has remained after the Second World War. Hotel Metsähirvas has 23 unique rooms and some rooms have a view to Kemijoki river. Standard double rooms are located on the top floors and spacious family rooms are on the first floor.  The rooms have high ceilings and spacious windows so you can feel the old 1920s atmosphere. In the surrounding area of the hotel you can see old buildings, Kemijoki river and Finnish nature. Nearby the hotel you can enjoy the silence of nature, walk in the forest and make a campfire. There are also many activities that you can do independently.",Finland,2.067044,,,
Golden Resort,2067044.0,"Finland, Northern Savonia, Tahkovuori, 1 Kultapallo, 73310",https://www.linkedin.com/company/tahkochalet,www.tahkochalet.fi,"Tahko Chalet is a traditional family-owned company offering a wide range of accommodation, restaurants and meeting and banqueting facilities. Our four branches include Piazza arena, Ristorante & Lounge Cervina, Ukko rooms and versatile Golden Resort with villas and restaurant. Golden Resort restaurant is functioning as a celebrations and meetings venue and hosts golfers during summer.  Tahko is widely known for its superb natural surroundings and various activities.",Finland,2.067044,,,
KVP Group Oy,2067044.0,"Finland, Uusimaa, Järvenpää, 15 Yrittäjänkatu, 04460",https://www.linkedin.com/company/kvp-group-oy,kvp-group.fi,"Asunnon vuokraaminen on helppoa, sillä käytännössä kaikki hoituu yhdellä vuokrasopimuksella. Valmiiksi kalustetut asuntomme on tarkoitettu erityisesti pidempiaikaiseen majoittumiseen työkomennuksen tai esimerkiksi kotisi remontin ajaksi. Etsimme asiakasyrityksemme työntekijöille tai alihankkijoille tarkoitukseen sopivan työsuhdeasunnon nopeallakin aikataululla. Olemme toimineet vuodesta 1985 Suomessa lukuisilla eri paikkakunnilla, minkä myötä meille on muodostunut kattava yhteistyöverkosto. Renting an apartment is easy, as practically everything is taken care of with one contract. Our pre-furnished apartments are especially intended for longer stays during a work assignment or renovation of your home, for example. We are looking for a suitable employment home for the employees or subcontractors of our client company, even on a fast schedule. We have been operating in Finland in a number of different locations since 1985, which has formed a comprehensive co-operation network for us.",Finland,2.067044,,,
Eurohostel,1891882.0,"Finland, Uusimaa, Helsinki, 9 Linnankatu, 00160",https://www.linkedin.com/company/eurohostel,www.eurohostel.eu,"Modern Scandinavian city hostel in the centre of Helsinki! Eurohostel is one of the largest all year around open hostels in Scandinavia. The hostel is located in central Helsinki in a unique part of the town close by the Market Square and in neighbourhood of art nouveau buildings. The city centre sights, shops, restaurants are all within walking distance and the ferries from Stockholm and Tallinn arrive just a few steps away. Eurohostel: Close to the centre, easy to come by tram and free morning sauna! https://www.facebook.com/eurohostelhelsinki https://www.instagram.com/eurohostelhelsinki",Finland,1.891882,,,
Alands Turisminvest,1888002.0,"Finland, Eckerö, Käringsundsvägen, 22270",https://www.linkedin.com/company/alands-turisminvest,www.ati.ax,Ålands Turisminvest is hands on in the tourism and hospitality industry. We are constantly open for business opportunities in small and mid sized investment projects,Finland,1.888002,,,
Vuokatin Aateli,1888002.0,"Finland, Vuokatti, 2 Ilkanmäentie, 88610",https://www.linkedin.com/company/vuokatin-aateli,majoitus.vuokatinaateli.fi,"Vuokatin Aateli has a spectacular Ski in / Ski out hotel and 22 high-class apartments and villas right at the heart of Vuokatti Slopes. We offer accommodation from double suite to spacious 7 bedroom luxury villas.  One of the villas is on a private paradise island in the middle of a beautiful lake with breathtaking views (The Aateli Island). Aateli Island offers a unique service in Finland, because anyone can book the whole island to own private use to relax in peace. The Vuokatti region is surrounded by beautiful lakes and forests, which is particularly known as a year around full four seasons’ popular vacation destination. Vuokatti offers a wide variety of different outdoor and indoor activities for all age groups. Hotel Aateli is located at the heart of the Vuokatti slopes, serving both holiday-goers, groups and business visitors. Hotel Aateli features 15 premium level rooms, of which 3 are suites with saunas. Our guests have a chance to enjoy the Northern Lights and the impressive landscape of lakes and hills in the Aurora tower of the hotel. Visitors can also taste local delicacies in the hotel's restaurant and after an active day relax in the pleasant atmosphere of the hotel's Zen Spa.",Finland,1.888002,,,
ULEABO OY,1888002.0,"Finland, Northern Ostrobothnia, Oulu, 19 Pakkahuoneenkatu, 90100",https://www.linkedin.com/company/uleabo-oy,www.uleabo.com,"We provide furnished, fully equipped apartments for temporary and extended stays in the heart of Oulu.",Finland,1.888002,,,
Majatalo Onnela Oy,1888002.0,"Finland, Uusimaa, Tuusula, 34 Rantatie, 04310",https://www.linkedin.com/company/majatalo-onnela-oy,www.onnela.com,"Tarjoamme laadukkaita majoitus-, kokous-, sekä ravintolapalveluita oheisohjelmia unohtamatta Tuusulanjärven rannalla, viidentoista minuutin ajomatkan päässä Helsinki-Vantaan lentoasemalta. Missiomme on yhdistää pitkä kokemuksemme ja osaamisemme hotelli- sekä kokoustoiminnasta historiallisen kauniiseen Onnelaan. Majatalo Onnela (Onnela Inn) is an accommodation-, meeting and restaurant provider by Lake Tuusula, within a fifteen minutes’ drive from the Helsinki-Vantaa airport.  Our mission is to compound our knowledge of accommodation and meeting management services to the beautiful surroundings alongside a museum road.",Finland,1.888002,,,
Hotel Astor Wasa,1856320.0,"Finland, Ostrobothnia, Vaasa, 4 Asemakatu, 65100",https://www.linkedin.com/company/hotel-astor-wasa,www.astorvaasa.fi,"Charming Hotel Astor is located in the center of Vaasa. The privately owned hotel is of a high standard and all 49 rooms are individually decorated and all rooms are unique. As is the Finnish tradition, many rooms have their own sauna (superior room). The famous breakfast and brunch are served in the Gustavian-style decorated breakfast room.   Mostly local products are used for our breakfast and brunch and oven-baked homemade cakes and pastries spread wonderful scents. The hotel’s quiet location and the customer focused service offered by the small family hotel is our strength. The hotel is just across the street from the railway station and the city center attractions, shopping malls and theaters are just around the corner. A high-quality broadband internet connection is free of charge for our customers.",Finland,1.85632,,,
Hotelli Nuuksio,1833720.0,"Finland, Uusimaa, Espoo, 68 Naruportintie, 02860",https://www.linkedin.com/company/hotellinuuksio,www.hotellinuuksio.fi,"Hotelli Nuuksiossa voit järjestää tilaisuuksia, kokouksia ja tapahtumia kansallispuiston kupeessa, Siikajärven rannalla. Hotelli Nuuksiossa herkuttelet erinomaisella ruualla ja nukut viihtyisissä hotellihuoneissa. Monipuoliset kokoustilamme palvelevat aina 200 hengen ryhmiin asti. Ulkona pääset nauttimaan luonnosta, opastetuista aktiviteeteista ja retkistä tai omasta seikkailusta luonnon keskellä.  Sijaitsemme 30 minuutin ajomatkan päässä Helsingistä ja alle 40 minuutin päässä Helsinki-Vantaan lentokentältä. In Hotel Nuuksio you can arrange meetings and events right next to the Nuuksio National park in the shore of Lake Siikajärvi. Hotel Nuuksio serves great food and offer comfortable accommodation. Our versatile meeting rooms are suitable for up to 200 guests. Outdoors you can enjoy the nature, guided activities or have an adventure of your own. We are situated 30 minutes from Helsinki and under 40 minute from Helsinki-Vantaa airport. myynti@hotellinuuksio.fi sales@hotellinuuksio.fi www.hotellinuuksio.fi +358 9 8567 6880 Asiasanat: Kokoustilat, kokouspalvelut, konferenssit, hotelli, hotellivaraus, hotellit, VisitEspoo, VisitFinland",Finland,1.83372,,,
TMG Events Oy,1819589.0,"Finland, Uusimaa, Helsinki, 5 B Köydenpunojankatu, 00180",https://www.linkedin.com/company/tmg-events-oy,tmgevents.fi,"We produce, promote and market official hospitality-services.  With over 10-years of experience in the hospitality business our aim is to give excellent service to our customers as well as to our co-operators. TMG Events Oy tuottaa, toteuttaa ja markkinoi korkealaatuisia VIP-paketteja urheilu- ja viihdetapahtumiin. Myyntitiimimme palvelee teitä yli 10 vuoden tapahtumatuotannon kokemuksella. Soita ja kysy lisää. p. 09 68999800 myynti@tmgevents.fi www.tmgevents.fi #tmgevents #vipevents #vip #vippackages",Finland,1.819589,,,
Hotelli Jämsä,1803745.0,"Finland, Central Finland, Jämsä, 111 Kauhkialantie, 42100",https://www.linkedin.com/company/hotelli-jämsä,www.hotellijamsa.fi,"Hotelli Jämsä on persoonallinen itsepalveluhotelli. Huoneemme ovat tasokkaita ja jokaisesta löytyy oma kylpyhuone. Hotelli sijaitsee loistavien liikenneyhteyksien varrella sekä lähellä Jämsän ja Himoksen palveluita – helppo saapua ja viihtyä! Huoneen varaus on helppoa ja ennen saapumista asiakas saa koodin, jolla pääsee kirjautumaan sisään huoneeseen. Meillä on 53 huonetta monen kokoisille seurueille, 1 sviitti omalla saunalla, lemmikkihuone, 3 allergiahuonetta sekä esteetön huone. Tervetuloa – meillä majoitut mukavasti!",Finland,1.803745,,,
Tarina-Aho Resort,1803745.0,"Finland, North Karelia, Koli, Kelvänsaari, 81590",https://www.linkedin.com/company/tarina-aho,www.tarinaho.com,"🇫🇮 Tarina-Aho on uniikki saariresort Pielisellä, keskellä Kolin kansallismaisemaa Kelvänsaaressa.  Pihapiirimme koostuu kolmesta perinteisestä hirsirakennuksesta, jotka on alunperin valmistettu Pohjois-Karjalalaisena käsityönä ja myöhemmin siirretty Kelvänsaareen. Majoitustoiminta alkoi uudelleen pitkän tauon jälkeen 2021.  Meille Tarina-Aho on paikka joka yhdistää luonnon, Pielisen, mielenrauhan, asioiden yksinkertaisuuden sekä Pohjois-Karjalalaisen perinteen. Saapuminen Tarina-Ahoon on kuin matka ajassa taaksepäin - kiireinen arki ja huolet jäävät mantereelle veneeseen astuessa. 🇬🇧 Tarina-Aho is a unique island resort destination on an island in Lake Pielinen, in the middle of the Koli national landscape. Our yard consists of three traditional log buildings, which were originally made by hand in North Karelia and were later moved to Kelvänsaari. We started offering accommodation after a long 12-year break in 2021. For us, Tarina-Aho is a place that combines nature, Lake Pielinen, peace of mind, the simplicity of things and the North Karelian tradition. Arriving at Tarina-Aho is like a trip back in time - busy everyday life and worries remain on the mainland as you board the boat.",Finland,1.803745,,,
Camp Land Oy,1803745.0,"Finland, Muurame, 40950",https://www.linkedin.com/company/camp-land-oy,www.campland.fi,"Camp Land offers a five-star camping experience for people who love both nature and quality. Our most important values are reflected in respect for the natural environment, Finnish luxury and holistic design. Respect for the natural environment Camp Land tents do not damage the environment. They do not require cracking, drainage pipes or landscaping. When we take a tent away, the area around it remains as intact as it was before the tent was put up. The Finnish outdoors is for everyone to enjoy. Public access rights allow for many options, including temporary accommodation, collecting mushrooms and berries, and fishing, regardless of who owns the land. We want to honour this unique freedom and teach our customers to enjoy Finland’s natural areas responsibly.  Finnish luxury We use local Finnish products whenever possible. The tents are made by hand in Finland out of strong, flexible, and sustainable Finnish spruce.  We offer our customers meals made from fresh, clean, and high-quality raw Finnish ingredients. Our suppliers and service providers, such as travel companies, food companies and haulage companies, are all local Finnish businesses that can be trusted.  Holistic design We would like to offer you a starting point from which to experience the wilderness of the north. You will see nature so close that you become part of it, but without any reduction in comfort. All of your senses will be alert and you will feel energized. To achieve this, every aspect of the tents is of the highest quality from beginning to end.",Finland,1.803745,,,
Lentohotelli,1803745.0,"Finland, South Ostrobothnia, Kauhava, 22 Loppusuora, 62200",https://www.linkedin.com/company/lentohotelli,www.lentohotelli.fi,"Tarjoamme majoituspalveluiden lisäksi monipuolisia kokous-ja koulutustiloja, erilaisia palveluita tyky- ja tyhy-päiviin sekä herkullisia tarjoiluja. Meiltä löytyy tiloja muutaman hengen  neukkarista 200-paikkaiseen auditorioon, useita saunatiloja, juhlatiloja ja majoituskapasiteetti jopa 500 henkilölle. Kaikki palvelut joustavasti ja räätöiltyinä juuri teidän yritykselle! Hotellissamme on useita eri huonevaihtoehtoja. Hotellihuoneidemme lisäksi tarjoamme sesonkiaikaan hostel-majoitusta. Tapahtumien aikaan pystymme tarjoamaan majoituksen jopa 700 hengelle. Useimmissa huoneissa on lisävuodemahdollisuus. Hotellihuoneiden sisustuksessa on suosittu kotimaisia ja paikallisia tuotteita.",Finland,1.803745,,,
WeHost,1739154.0,"Finland, Central Finland, Helsinki, 10 Lintulahdenkatu, 00500",https://www.linkedin.com/company/wehostfinland,wehostfinland.com,"WeHost. The highest-quality furnished apartment rental service in the Helsinki Metropolitan Area - for both, owners and guests. We rent premium fully-furnished homes for carefully selected specialist companies and private individuals with a full-service principal. We serve homeowners who want to earn with their home without the hassle of finding tenants or handling maintenance. Our team of three entrepreneurs and 15 housekeepers and maintenance staff make sure that our customers will enjoy their stay from the beginning to the end. Our service is already trusted by over 90 satisfied homeowners in the Helsinki Metropolitan Region. Are you looking for a furnished apartment in the Helsinki region? Or do you want to earn with your apartment? Go to wehostfinland.com and contact us.",Finland,1.739154,,,
Levi Spirit Luxury Villas & Resort,1550283.0,"Finland, Kittilä, 1 Honkatie, 99130",https://www.linkedin.com/company/levi-spirit-luxury-villas-resort,vanajanlinna.fi,"Levi Spirit was born, a place where awe-inspiring nature meets the unique and welcoming spirit of the local people. You may be in cold climate, but you feel warm inside. Levi Spirit has all the elements that make special holidays and memorable times together. This unique resort is a combination on comfort and arctic wilderness, which is not found anywhere else. After visiting this magical part of the globe where we breath the purest air in the world, drink water straight from the rivers and streams, and where the snow is always white… You will see the world in a different way, and you will know why we call this place Spirit.",Finland,1.550283,,,
Hotel Seaport,1550283.0,"Finland, Finland Proper, Turku, 4 Toinen Poikkikatu, 20100",https://www.linkedin.com/company/hotel-seaport-turunsatama,www.hotelseaport.fi,Hotel Seaport is a very convenient option for tourists or business travelers looking for affordable accommodation near the port of Turku.  We offer breakfast every day of the week as well as dinner. We have lunch from Monday to Friday 11-14. We have many options for different types of conferences that your group can choose from.  Let's connect!,Finland,1.550283,,,
Ylläs Villas,1550283.0,"Finland, Lapland, Äkäslompolo, 95970",https://www.linkedin.com/company/ylläs-villas,yllasvillas.com,Ylläs Villas rents out high-class wooden holiday chalets in Äkäslompolo in Finnish Lapland.  Our four villas are fully equipped and rented out per week.  - Villa Stella - Modern (8 people in 2 bedrooms and a loft) - Villa Astra - Stylish (12 people in 6 bedrooms) - Villa Aurora - Convenient (16 people in 4 separate apartments) - Villa Polaris - Traditional (8 people in 4 bedrooms) Find out more about our villas at yllasvillas.com.  Book your stay with us for an unforgettable experience in the Arctic wilderness!,Finland,1.550283,,,
Salonki Travels,1550283.0,Finland,https://www.linkedin.com/company/salonki-travels,salonkitravels.fi,"Our passion is to deliver authentic and sustainable travel experiences in the North. Turning trips into everlasting memories is what we do. Salonki Travels is a Finnish DMC company that represents the gems of Finland, from the coast to the fells, without forgetting our neighbouring countries. When you choose us, you can be sure your visit truly benefits the local economy. For accommodation service providers, restaurants and activity providers, we offer sales and marketing services to bring you the customers you need. It’s normal for DMC’s to focus on services and regions that the customers are already interested in. Our network reaches even those not in the know yet.",Finland,1.550283,,,
Villa Hummerheim,1550283.0,"Finland, Central Finland, Kirkkonummi, 56 Kariholmenintie, 02480",https://www.linkedin.com/company/villa-hummerheim,www.villahummerheim.fi,"Oletko järjestämässä juhlia tai etsitkö kokouspaikkaa? Villa Hummerheim savusaunoineen tarjoaa ainutlaatuiset puitteet erilaisten tilaisuuksien järjestämiseen. Upean luonnon ja meren ympäröimä tila ( 2,35 ha) sijaitsee Läntisellä Uudella-maalla, Kirkkonummen Porkkalassa – vain reilun puolen tunnin ajomatkan päässä Helsingistä.",Finland,1.550283,,,
Original Sokos Hotel Vaakuna Vaasa,1550283.0,"Finland, Uusimaa, Helsinki",https://www.linkedin.com/company/original-sokos-hotel-vaakuna-vaasa,www.sokoshotels.fi,"Original Sokos Hotel Vaakuna Vaasa is a premier hospitality destination that caters to both business and leisure travelers, offering a blend of comfort and convenience. The hotel is committed to enhancing guest experiences through exclusive benefits, such as access to local fitness facilities and discounted parking for SCard members. With a focus on providing a delightful start to the day, the hotel features a diverse breakfast buffet inspired by local traditions, ensuring guests can enjoy their meals in various settings, including in-room dining or takeaway options. Targeting a wide range of clients, from corporate guests to families, Original Sokos Hotel Vaakuna Vaasa aims to create memorable stays that reflect the charm of the region while fostering partnerships with local businesses to enrich the overall guest experience. The hotel's mission is to deliver exceptional service and hospitality, making every visit a unique and enjoyable experience.",Finland,1.550283,,,
Challenge Trade Ltd,1550000.0,Finland,https://www.linkedin.com/company/challenge-trade-ltd,,Managing director,Finland,1.55,,,
CheapSleep Helsinki,1441818.0,"Finland, Uusimaa, Helsinki, 27 Sturenkatu, 00510",https://www.linkedin.com/company/cheapsleep-finland-oy,www.cheapsleep.fi,"CheapSleep Helsinki is Finlands largest leading Hostel, based out of Sturenkatu 27, 00510 Helsinki.",Finland,1.441818,,,
Golfkamari,1433443.0,"Finland, Uusimaa, Vantaa, 3 Härkälenkki, 01730",https://www.linkedin.com/company/golfkamari,golfkamari.fi,"Trackman 4 -simulaattoreilla varustettu jokaisen golfarin olohuone huippusijainneilla Vantaalla, Kauniaisissa, Klaukkalassa ja Järvenpäässä. Kaiken ikäisille ja tasoisille golfareille suunnattu oleskelutila, jossa voi pelata maailman huippukenttiä yksin tai porukalla, kuten Pebble Beach ja St. Andrews Old Course. Trackman lyöntitutka on myös erinomainen laite harjoitteluun. Se analysoi lyönnistä kaiken, kuten mailanpään nopeus, mailan liikerata, pallon nopeus, spinni, osumakohta ja paljon muuta. Trackman on markkinoiden paras laite niin pelaamiseen kuin harjoitteluun ja sitä käyttää myös PGA-tourin huiput. Täällä vietät pimenevät syys- ja talvipäivät sekä treenaat kesällä svingiä paremmaksi! Avoinna läpi vuorokauden.",Finland,1.433443,,,
Lapland Welcome Ltd,1352459.0,"Finland, Lapland, Rovaniemi, 26 Rovakatu",https://www.linkedin.com/company/laplandwelcome,www.laplandwelcome.fi,"Lapland Welcome is a pioneer company in Lapland, which has been providing nature holidays and activities in Finland for about 20 years. We are called Nature and Aurora Experts of Lapland, merged with the talented activity organizer. We have been awarded by TripAdvisor Certificate of Excellence since 2015 every year.  We offer a wide variety of holiday packages, programmes and accommodation throughout Finland and Lapland. From the Northern Lights to Icebreaker cruises, we arrange unique and unforgettable experiences both for individuals and groups, all year round. Located in Rovaniemi – the capital of Finnish Lapland – we are a registered package tour operator and an incoming travel agency, a destination management company (DMC) and an activity programme provider. Whether you wish to see the Northern Lights, experience snowmobile riding, husky trips, reindeer safaris or reserve any services in Lapland, we will arrange all the elements of your package holiday with meticulous care, allowing you to concentrate on having fun. There are many ready-made packages to choose in wintertime and summertime. Particularly popular with visitors is the Aurora hunting, a guided tour where you go out on a search for the Northern Lights. Lapland Welcome offers Northern Lights trips every evening from August 21st to April 21st, taking you to the best viewing locations. In summertime, we offer our famous Moose Spotting Safaris, where you have a chance to see the biggest wild animals in Europe, in the heart of nature! Make your stay in Finland and Lapland even more enjoyable! Let us plan the details!",Finland,1.352459,,,
Hilltop Forest,1340643.0,"Finland, Inkoo, 10230",https://www.linkedin.com/company/hilltop-forest,hilltopforest.fi,"A laid-back luxury eco-resort near Helsinki. Set in a 16 hectare private forest, we offer relaxing getaways with friends, romantic nights away and inspirational spaces for teams and events.  Picture perfect interior and architecture, beautiful nature, true boutique service, fresh food and carefully selected wines.   Accommodation, spa, team days, meetings, events, private dining, pr-events, catering and shoot locations.",Finland,1.340643,,,
Levi White House,1340643.0,"Finland, Lappi, Sirkka, 37 Sompiontie, 99130",https://www.linkedin.com/company/leviwhitehouse,www.leviwhitehouse.com,"Showcasing two bedrooms, a barbecue, sauna and year around outdoor hot tub LEVI White House is located in Levi, Finland. Äkäslompolo is 38.6 km away. Kittilä is 17.7 km from LEVI White House. The nearest airport is Kittila Airport, 12.9 km from the property. An airport shuttle bus runs from the Kittilä airport to Levi after all scheduled flights throughout the year. The bus departs once the luggage has been cleared. The bus also runs from Levi to the airport before the flights. Schedule enquiries: www.tunturilinjat.fi or Levi tourist information (+358 16 639 3378).  Levi Ski Bus stop number 13 is just two minutes walk from the Levi White House front door. On high season busses freaquent every 30 minutes from early morning till evening. Taxi to Levi village costs approximately 14 euros.    Free private parking is available on site.The accommodation is fitted with a big flat-screen TV.  There is also a kitchen, equipped with a microwave, toaster and refrigerator. A stovetop and coffee machine are also provided. Bed linen are available. LEVI White House also includes a sun terrace. Free WiFi is available. AV services include Samsung Smart TV apps, Apple TV and Chromecast.",Finland,1.340643,,,
Levi Suites Oy,1340643.0,"Finland, Lappi, Levi, 6 Mariankuja, 99130",https://www.linkedin.com/company/levi-suites-oy,levisuites.fi,"Three unique apartment hotels with 100 apartments to choose from. Levi Suites Unna Mànnu and Levi Suites Levi Gold are located right in the center of Levi. All the services are within walking distance and the main ski lift and Zero Point are only 100 metres away. Levi Suites Levin Klubi is the place for an active holiday, location nearby Levi golf and ski lift number 6. Ski-in ski-out apartments are also a great place to hunt northern lights. In the summer time you may start your golf round almost from your door step. Let us help you to create your drem vacation or meeting arrangements. Our luxury apartments are located in Unna Mànnu, Levi center, above the all ordinary. Check our website Levisuites.fi and learn more about the apartments and services.",Finland,1.340643,,,
VB Experience,1340643.0,"Finland, Uusimaa, Helsinki",https://www.linkedin.com/company/vbexperience,www.vbexperience.com,"When you want to compound motorsports, nature, and unbelievable experiences from the beauty of Arctic Lapland to F1 Grand Prix weekends, this experience family is for you. If you have dreamed to visit the Arctic North, the Arctic Edition is your choice. It takes you above the Arctic Circle to Finnish Lapland and an area called Kilpsijärvi, where we have our own hideaway. Here you will breathe the world’s purest air, meet reindeers, drive a snowmobile through the Arctic scenery, visit the highest peak in Finland, Halti, and much more. Our second tailored experience is the Grand Prix edition. This all-inclusive experience gives you an opportunity to choose your favorite GP from the F1 race calendar and enjoy the race weekend in a completely new way. Our personal hospitality team manages everything from accommodation to ground transportation and race tickets of your choice. The third part of this experience family is built around our own passion project OATH Gin. We are delighted to offer you a bespoke and exclusive lounge experience, and the Lounge is accessible for the event of your choice. The concept of OATH Lounge is based on the vision, to provide unforgettable experiences, no matter the occasion or location. The fourth member of the family is the Gravel edition. It can be tailored to be your ultimate cycling experience. From Finnish Lapland to mountain routes in Souther France you can share this with us.",Finland,1.340643,,,
Arctos Lapland,1340643.0,"Finland, Lapland, Rovaniemi, 16 Loivaniemenkuja, 96900",https://www.linkedin.com/company/arctos-lapland,www.arctoslapland.com,"We are a young Finnish-Dutch couple who fell in love with Lapland. We organise private Arctic spa experiences on the beautiful shore of lake Norväjärvi, just 15 minutes away from Rovaniemi central and Santa Clause village. You are welcome to enjoy our traditional wood-heated sauna, relax in the hot tub, take a dip in the frozen lake and grill some snacks in a typical Lappish hut.   We believe a spa should be enjoyed without a rush so there is plenty of time to enjoy this authentic experience with your private group. During the day session, you can experience the Arctic beauty to its fullest. Straight from the sauna and hot tub, you have a perfect view of the frozen lake. It’s time to recharge body & soul on your well-deserved relaxing day. When the days in Lapland are getting shorter, the nights are getting cosier. Candles and cosy lighting turn the spa area into a magical place at night. Our hot tub is facing the Northern sky making it the perfect place for Northern Lights spotting if the sky is clear.",Finland,1.340643,,,
AuroraCottage Oy,1340643.0,Finland,https://www.linkedin.com/company/auroracottage-oy,www.auroracottage.com,,Finland,1.340643,,,
UGGO Resort,1340643.0,"Finland, Kainuu, Hyrynsalmi, 12 Rantapulevaarti, 89400",https://www.linkedin.com/company/uggo-resort,www.uggoresort.com,"Eventful experience,  Destination Yamaha by UGGO resort  Destination Yamaha by UGGO resort is Finland´s first and only Destination Yamaha attraction and an speedy programme. Worldwide Destination Yamaha-concept has landed now to Finland as well. Our private race track, in the closeness of Ukkohalla Sport resort and Villa UGGO, in Hyrynsalmi offers speed and excitement carried out safely. As our racetrack´s vehicles, we have Yamaha four-wheel drive exclusive YXZ 1000R SS Side-by-Side sport buggies.  In UGGO resort we also have a diverse selection of other things to do, where you are the motor. These products are intended, primarily for Villa UGGO and Destination Yamaha by UGGO resort dear customers.",Finland,1.340643,,,
Basecamp Oulanka,1340643.0,Finland,https://www.linkedin.com/company/basecamp-oulanka,www.basecampoulanka.fi,"Responsible travel in Oulanka National Park. In everything that we do (planning, investments, equipments, activities, accommodation, food) we take acts only towards sustainability. Our foot print is minimum – or there is no foot print at all. Our slogan is: Our carbon is balanced. This includes, that we do not generate pollution but we cut away pollution in such operations in which is normally accepted all kind of pollution.",Finland,1.340643,,,
Lillan Hotel & Kök,1340643.0,"Finland, Pirkanmaa, Tampere, 35 Kurjentaival, 33100",https://www.linkedin.com/company/lillan,www.lillan.fi,"LILLAN IS EXPERIENCE FOR ALL SENSES Lillan is a tiny boutique hotel with in Viinikka, Tampere with warm atmosphere.  Beside our hotel our restaurant Kök is about creating memorable experiences with our breakfast, lunch and dinner, not to forget special events and meetings. We are located only 1.5 km from the center of Tampere, next to the Nokia Arena. Lillan’s wooden building is dating back to 1927, and the hotel has 11 unique rooms and a peaceful atmosphere. High-quality buffet breakfast is included in the room rate. Our beautiful garden and the cozy neighborhood guarantees an enjoyable and relaxed stay in our white sheets.",Finland,1.340643,,,
Hämeenkylän Kartano,1340643.0,"Finland, Uusimaa, Vantaa, 1 Juustenintie, 01630",https://www.linkedin.com/company/hämeenkylänkartano,www.hameenkylankartano.fi,"Hämeenkylän kartano on uniikki kartanohotelli, joka tarjoaa upeita kokous- ja juhlatiloja. Kartanoa ja sen upeaa puutarhaa ympäröi kaunis maalaisidylli piilossa pääkaupunkiseudun vilinältä. Hämeenkylän kartanon juuret ovat 1800-luvulla. Kartano uudistettiin täysin v. 2012-2014 ja nyt se on yksi pääkaupunkiseudun vaikuttavimmista kokous- ja juhlapaikoista sekä rentouttava vapaa-ajan viettokohde.",Finland,1.340643,,,
Nurmiranta Holdings Oy,1340643.0,"Finland, Pirkanmaa, Tampere, 14 C 25 Hämeenkatu, 33100",https://www.linkedin.com/company/nurmiranta-holdings-oy,www.nurmiranta.fi,Nurmiranta is a group of independent companies each of which has exceptional expertise in its own business area. These companies build their business in customer centric way and see customers success and satisfaction as their first priority.They represent many industries but share same values.,Finland,1.340643,,,
Malski,1258668.0,"Finland, Central Finland, Lahti, 9 Päijänteenkatu, 15140",https://www.linkedin.com/company/malski,www.malski.fi,"Malski on Lahden keskustaan, 1912 rakennettuun panimorakennukseen, avattu luovan työn ja kulttuurielämysten keskus. Historiallinen rakennus kätkee sisäänsä seitsemän kokoustilaa, lähes 500 henkilön Sammiosalin, loungen keittiöllä, valokuvastudion, 10 luovien alojen toimistoa, 20 pientoimistoa cowork-yhteisössä ja LAD museo avautuu yleisölle 2021",Finland,1.258668,,,
Kuerkievari KuerHotel KuerHostel Oy,1258668.0,"Finland, Kolari Ylläs, 5 Kievarintie, 95970",https://www.linkedin.com/company/kuerkievari-kuerhotel-kuerhostel-oy,www.kuerkievari.fi,"Kuerkievari - experience Lapland! Kuerkievari is a family-owned intimate small hotel&hostel situated by the spectacular Kuer Fell, only 2 kilometres from Äkäslompolo village, Ylläs, Finland. Ylläs resort is known for its year round activities offered by Mother Nature herself. Kuer Fell offers great experiences whether by skiing, snow shoeing, hiking or even biking. By nightfall, take a look at the sky to marvel at beautiful Aurora Borealis. Your adventure starts at our doorstep!  KuerHotel offers 10 cozy and individually designed rooms which are the perfect choice for outdoor lovers. Private rooms are equipped with flat screen TV and private bathrooms.  KuerHostel - the less expensive Lapland experience. Book a bed to get to know new people, or book the whole room when traveling with friends. Toilets and showers are located in the corridors as well as a shared kitchen to prepare your own meals.",Finland,1.258668,,,
Villa Solgården,1258668.0,"Finland, Uusimaa, Hanko, 4 Tähtikuja, 10960",https://www.linkedin.com/company/villasolgarden,www.villasolgården.fi,"B&B majoitusta kaunissa 1904 rakennetussa, 2015 uudistetussa Villa Solgårdenissa.",Finland,1.258668,,,
Rental Store Finland Oy - Yritysmajoittaja,1258668.0,"Finland, Satakunta, Pori, 29600",https://www.linkedin.com/company/rental-store-finland,www.rentalstore.fi,"Tarjoamme majoitusta yrityksille, jotka tarvitsevat sitä työntekijöilleen pitkäkestoisten rakennusprojektien aikana Suomessa. We offer accommodation for companies who need their workers accommodation during long term construction projects in Finland.",Finland,1.258668,,,
Motelli Online Oy,1258668.0,"Finland, Central Finland, Porvoo, 2 Pienteollisuustie, 06450",https://www.linkedin.com/company/motelli-online-oy,www.motelli-online.fi,"Tasokasta budjettimajoitusta Porvoon pienteollisuustie 2 osoitteessa. Motelli sijaitsee vain kymmenen minuutin ajomatkan päässä Neste Kilpilahden jalostamolta helsingintie 170 varrella. Kaikissa huoneissa on oma sisäänkäynti, joten sopii myös yksityisyyttä haluaville.  Kaikkien huoneiden varusteina mm. kaksi hyvää sänkyä, oma suihku, wc + käsienpesuallas. TV, iso jääkaappi, mikro ja vedenkeitin. Asukkaiden vapaassa käytössä myös uusittu sauna ja yhteiskeittiö. Vuodevaatteet ja pyyhkeet kuuluvat huoneiden varustukseen.  Ilmaista parkkitilaa on runsaasti isommallekin autolle.  Kaikki kiinteistön 28 huonetta on nyt uusittu ja talotekniikka on käyty läpi. Keväällä 2020 alamme kunnostamaan motellin julkisivua ja piha-aluetta. Tulemme kehittämään myös muita palveluja pikkuhiljaa. Tällä hetkellä paikan päällä urheilun ystäville mm. Koripalloteline, leuanvetotanko kahdessa eri korossa ja dippiteline.  Kysy tarjousta pidempiaikaismajoitukseen --> 0440456006. Palvelemme mielellämme.",Finland,1.258668,,,
Fiskars Village,1258668.0,"Finland, Central Finland, Fiskars, 18 Fiskarsintie, 10470",https://www.linkedin.com/company/fiskars-village,www.fiskarsvillage.fi,"Founded in 1649, Fiskars Ironworks marked the beginning of the Fiskars Corporation. Over the centuries, the village has transformed from an iron manufacturing hub into a center of creativity and craftsmanship. Today, Fiskars Village is home to over a hundred creative professionals and is recognized as a leading destination for Finnish art, design, and innovation. Visitors can enjoy high-quality conference facilities, charming hotels, top-tier restaurants, and a wide variety of shops and artisan workshops – open year-round. With unique venues capable of hosting several hundred guests, Fiskars Village offers an inspiring setting for business events, meetings, and corporate retreats.",Finland,1.258668,,,
Wilderness Hotel And Restaurant Rapukartano,1258668.0,Finland,https://www.linkedin.com/company/koivulahden-rapukartano-hotelli-ja-ravintola,www.rapukartano.fi,"The massive main building of Rapukartano warmly welcomes visitors. The idyllic and cozy venue, surrounded by beautiful countryside and lakes, invites you to relax and indulge yourself. During events we can also provide accommodation for groups. The meeting facilities of Rapukartano are first-class, and they are equipped with the latest technique. Our facilities can be adapted to suit your event, whether it is large or small. Enjoy your party, have a training seminar, reward your customers – and let the Rapukartano team take care of all the arrangements. The manager and his attentive staff guarantee your comfort and make your event succesful and unique.",Finland,1.258668,,,
Hotel Anna Helsinki,1258668.0,"Finland, Uusimaa, Helsinki, 1 Annankatu, 00120",https://www.linkedin.com/company/hotel-anna-helsinki,www.hotelanna.fi,"Hotel Anna is a 64 room hotel in the very centre of Helsinki, Finland. The hotel is situated in the Helsinki Design District. The easy reach of Administrative Authorities and Business Centres as well as Shopping Malls and sights makes the hotel a good choice for both business and leisure travellers.",Finland,1.258668,,,
Pitopalvelu Hupli,1149511.0,"Finland, Uusimaa, Espoo, 1 Aseveljentie, 02650",https://www.linkedin.com/company/pitopalvelu-hupli,www.pitopalveluhupli.fi,"Pitopalvelu Hupli (Lounaspalvelu Oy) on perustettu Tapiolassa vuonna 1976. Perheyrityksemme on hoitanut yli 40 vuoden ajan juhlia ja tilaisuuksia 20-2500 hengelle. Vuoden 2013 lopussa muutimme uusiin toimitiloihin Lintuvaaraan ja vuoden 2014 helmikuussa avasimme verkkokaupan, josta voi ostaa noudettavia ruokia alle 20 henkilön tilaisuuksiin. Järjestämme juhlat kotonanne, yrityksenne tiloissa, vuokratuissa tiloissa tai sopimassamme paikassa. Lähes kaikki pääkaupunkiseudun juhlapaikat ovat meille entuudestaan tuttuja. Meillä on kokemusta pitopalvelun toimituksista saariin, tilausveneisiin ja ulkotapahtumiin.",Finland,1.149511,,,
Bella Lake Resort,1033522.0,"Finland, Northern Savo, Kuopio, 4 Siikaranta, 70620",https://www.linkedin.com/company/bella-lake-resort,www.bellalakeresort.fi,Uniikkia elämysmajoitusta Kuopiossa Kallaveden äärellä.,Finland,1.033522,,,
Seurahuone.fi,1033522.0,"Finland, Tavastia Proper, Riihimäki, 29 Hämeenkatu, 11100",https://www.linkedin.com/company/seurahuonefi,www.seurahuone.fi,"~Sudennälkäisille, elämänjanoisille ja seurankipeille ~ Finlandia Hotel Seurahuone, Riihimäki Bull'et American Diner, Riihimäki J. A. Sandels Pub, Riihimäki Iskelmäbaari, Riihimäki R35 Bar&Kitchen, Riihimäki Fresno Bar&Kitchen, Hämeenlinna Toriterassi, Hämeenlinna Lyylinpuiston kesäterassi, Turenki www.seurahuone.fi myynti@seurahuone.fi",Finland,1.033522,,,
Arctica Estates,1033522.0,"Finland, Kainuu, Kuhmo",https://www.linkedin.com/company/arcticaestates,www.arcticaestates.com,"Unwind in safe luxury at the Villa Cone Beach paradise with your family or friends. In the new world of travel your privacy at the 286 m2 villa is first-class, the nearest tourist destination staying 40 km away. The scenic lake, private 500 m lakefront, endless wilds and lovely garden make a unique milieu. Numerous in-house activities are available without reservation, including Aurora chasing in Lapland. Services extend from private transfer tours from/to any Finnish airport to wines and meals.",Finland,1.033522,,,
Kartano Kievari,1033522.0,"Finland, Central Finland, Äänekoski, 434 Saarijärventie, 44170",https://www.linkedin.com/company/kartano-kievari,www.kartanokievari.fi,"Kartano Kievari sijaitsee keskellä Keski-Suomea, Äänekosken Hietamalla, aivan 13-tien varressa, 4 km valtatie 4 risteyksestä Kokkolan suuntaan. Peltoaukeamien keskellä kohoava massiivinen kivinavetta kätkee sisäänsä A-oikeuksin varustetun tilausravintolan, sekä yli 360 neliötä tilaa yläkerran salissa, joka toimii talvi-lauantaisin myös tanssipaviljonkina. Asiakaspaikkoja koko talossa on yhteensä 970 ja istuviin kattauksiin mahtuu helposti jopa 500 ruokailijaa. Alakerran tunnelmalliset ravintolatilat kabinetteineen takaavat puolestaan intiimin ja viihtyisän ilmapiirin pienemmillekin ryhmille. Kartano Kievarilla järjestetään säännöllisesti erilaisia tapahtumia, kuten stand-up viihdettä, konsertteja ja kilpailuja. Myös ohjelmalliset pikkujoulut ovat tärkeä osa Kartano Kievarin tapahtumatarjontaa.  Kesän aikana oleellisena osana talon toimintaa on Kievarin Kesäteatteri. Päärakennuksen takana kohoaa selkänojallisin tuolein varustettu teatterikatsomo, jonka akustiikka ja arkkitehtuuri ovat vertaansa vailla. Sekä lava että katsomo ovat katettuja, ja 500 hengen katsomosta löytyy myös anniskeluoikeuksin varustettu aitio. Kievarin Kesäteatterin tuotannosta vastaa Suomen suurin kiertävä ammattiteatteri Teatteri Eurooppa Neljä.  Tapahtuma- ja kokousasiakkaat voivat halutessaan hyödyntää myös Kartano Kievarin majoituspalveluita. Majoitukset sijaitsevat eri puolilla Kievarin pihapiiriä. Kaikissa huoneissa on oma TV, jääkaappi, kahvinkeittomahdollisuus, pyyhkeet ja liinavatteet. Perushuoneissa on myös oma WC ja suihku, kun taas Economy-huoneiden WC ja suihku sijaitsevat käytävällä. Osa Teatterimajoituksen huoneista on lisäksi varustettu omalla saunalla.  Palvelualueen kokonaisvaltaiseen ekologisuuteen on panostettu omavaraisella lämmitysjärjestelmällä. Kartano Kievarin päärakennus sekä piha-alueen kaikki 20 hotellihuonetta lämmitetään maalämmöllä ja lämmin käyttövesi tuotetaan aurinkoenergialla.",Finland,1.033522,,,
Kokoushotelli Murikanranta,1033522.0,Finland,https://www.linkedin.com/company/kokoushotelli-murikanranta,www.murikanranta.fi,"Murikanranta on ainutlaatuinen kokoushotelli keskellä ei mitään. Juuri siksi meillä on kaikki, mitä onnistuneelta hotellielämykseltä toivot. Pirkanmaan järviluonnon ympäröimässä, vasta remontoidussa hotellissa on helppo järjestää juuri sellainen tilaisuus kuin haluat. Samoissa tiloissa toimii myös Murikka-opisto. Tervetuloa!",Finland,1.033522,,,
Digital Nature,1033522.0,"Finland, Uusimaa, Helsinki",https://www.linkedin.com/company/digital-nature-fi,www.digitalnature.fi,Digital Nature creates digital attractions and interactive experiences for the hospitality industry. The company designs and develops content that transforms spaces via a digital art and entertainment delivery platform.,Finland,1.033522,,,
Hotelli Sodankylä,1033522.0,"Finland, Sodankylä, 15 Unarintie, 99600",https://www.linkedin.com/company/hotelli-sodankylä,sodankylahotel.fi,"Accommodation & restaurant & meeting services in Sodankylä, Peurasuvanto and Pyhä. http://peerahotels.fi/",Finland,1.033522,,,
Nuuksion Taika,1033522.0,"Finland, Central Finland, Otalampi, 115 Paratiisintie, 03300",https://www.linkedin.com/company/nuuksion-taika-magic-of-nuuksio,www.nuuksiontaika.fi,"Specialised in short stays, companies and private customers, suitable for film groups etc.  Experience the Magic of Nuuksio and the deep beauty of the Finnish nature. Take part in our guided trips to the woods and lakes of Nuuksio National Park, enjoy wild food by the campfire. Relax in a traditional Finnish sauna by the lake and have a dip in a lake, even in the winter time. Learn about Finnish traditions and folklore, listen stories and songs of the Kalevala, the Finnish national epic and take part on our programs.  Our family-run company has premises less than 40km from the city center of Helsinki and the airport of Helsinki, next to the Nuuksio National Park. Villa Paratiisi is a comfortable cottage by the lake with accommodation to 14 people, wood-heated sauna and hot tub. Wäinölä is a hand-carved log-house in the woods for 40 people, a perfect location for small weddings, birthday party and folklore programs.",Finland,1.033522,,,
Sunrise Flow,1033098.0,"Finland, Uusimaa, Helsinki, 16 Lapinlahdenkatu, 00180",https://www.linkedin.com/company/sunriseflow,sunriseflow.fi,"Sunrise Flow specializes in management solutions tailored for the hospitality industry. We are committed to transforming businesses with strategies that inspire growth, enhance operations, and elevate guest experiences. Leveraging innovative technology and data-driven insights, we tackle the challenges unique to the hospitality sector. Our approach ensures measurable results, empowering you to stay ahead in a dynamic industry.",Finland,1.033098,,,
Kotimaailma Apartments Finland,964143.0,"Finland, Pirkanmaa, Ikaalinen, 193 Halliantie, 39500",https://www.linkedin.com/company/kotimaailma-apartments,www.kotimaailma.com,"Furnished apartments all around Finland. Great choice for a pleasant stay whether it´s for a few days or several months. Kotimaailma Apartments Finland tarjoaa yritys- ja julkiselle puolelle sekä vakuutusyhtiö- ja yksityisasiakkaille kalustettuja kodinomaisia asuntoja ympäri Suomen. Vuonna 2007 toimintansa aloittanut yritys toimii valtakunnallisena ketjuna ympäri Suomea. Löydät valikoimastamme laadukkaasti varustellut kodit, hyvien kulkuyhteyksien ja palveluiden lähellä ympäri Suomen. Hintamme sisältävät aina kotivakuutuksen, liina- ja vuodevaatteet, loppusiivouksen, vesi- ja sähkömaksut ja kaiken sen varustelun, joka on jokaisessa Kotimaailman asunnossa. Väliaikaiset asuntomme ovat täysvarusteltuja, jolloin asiakkaidemme tarvitsee tuoda mukanaan vain vaatteet ja hygieniatarvikkeet. Lemmikit ovat meille tervetulleita.",Finland,0.964143,,,
Lietsu Boutique Aparthotel - Joensuu Finland,897838.0,"Finland, Southern Ostrobothnia, Joensuu, 26 Rantakatu, 80100",https://www.linkedin.com/company/lietsu-boutique-aparthotel-joensuu-finland,www.lietsuhotel.fi,"Lietsu Boutique Aparthotel on vastuullisesti toimiva hotelli Joensuussa. Lietsu tarjoaa ainutlaatuista ja rentoa majoitusta. Oli tarpeena majoitus, aamupala, saunatilat tai kokoustilat, vastaa hotellimme Joensuun keskustassa tarpeisiisi. Jokainen hotellihuoneisto on uniikki ja teemallisesti sisustettu, tarjoten viihtyisän ympäristön niin liikematkojen kuin lomamatkojen ajaksi. Hyvin varustellut huoneet takaavat mukavan oleskelun. Lietsun aamupala Joensuussa tarjoaa herkullisia paikallisia leipiä ja perinneherkkuja, ja on avoinna jokaiselle. Lisäksi käytössä ovat upeat kokoustilat ja saunatilat Pielisjoen maisemilla. Tarjoamme myös monipuoliset matkapaketit. Karjalainen makumatka, teatteriretki, kalastusretki ja muut opastetut kierrokset ovat saatavilla kauttamme. Hotellin omistautunut henkilökunta huolehtii vieraiden hyvinvoinnista karjalaisella sydämellisyydellä. Kunnioitamme karjalaista kulttuuria ja vihreitä arvoja, luoden täydellisen ympäristön kulttuurimatkailijoille ja maakuntamatkaajille. Ryhmämatkat on myös helppo järjestää monipuolisen palvelutarjonnan ansiosta. Olipa tarpeesi aamupala tai majoitus Joensuussa, Lietsu Boutique Aparthotel tarjoaa unohtumattoman kokemuksen kaupungin keskustassa. Tutustu hurmaaviin huoneisiimme ja varaa suosikkisi!",Finland,0.897838,,,
Villa Kataya,891749.0,"Finland, Uusimaa, Helsinki",https://www.linkedin.com/company/villa-kataya,www.villakataya.fi,"Ainutlaatuinen Villa Kataya  tarjoaa korkeatasoiset puitteet unohtumattomiin tilaisuuksiin, aivan Helsingin keskustan tuntumassa, Lauttasaaressa. Järjestä itsesi tai yrityksesi näköiset tilaisuudet modernissa huvilassa, meren rannalla.  Villa Kataya taipuu moniin tarpeisiin; tyylikkäät asiakastilaisuudet, inspiroivat workshopit, rennot kesäjuhlat, tunnelmalliset häät ja moneen muuhun. Palvelu on meille kaikki kaikessa ja teemme sitä sydämestä!",Finland,0.891749,,,
Ruka Peak - Boutique Hotel & Restaurant,882161.0,"Finland, Northern Ostrobothnia, Kuusamo, 27 Juhannuskalliontie, 93830",https://www.linkedin.com/company/ruka-peak-boutique-hotel-restaurant,www.rukapeak.fi,"Ruka Peak is an exclusive family-run boutique hotel in one of the most beautiful areas in Northern Finland. A unique location on top of Ruka fell in Kuusamo, right next to ski slopes offers a great view to breath-taking natural landscape. Travellers looking for a peaceful and chic experience, natural luxury and warm hospitality will find their new home away from home with us.  Elevating the experience of our remarkable surroundings is the ethos of Restaurant Peak. Our on-site restaurant is ran by acclaimed chef Matti Jämsén together with his passionate and creative team of professionals. Regular Michelin star chef visits and locally-curated menus will bring you to a journey around northern Finland that you will never forget. Local fish, game and other ingredients are at the heart of Peak’s culinary journey.",Finland,0.882161,,,
Harjattulan Kartano Oy,863055.0,"Finland, Finland Proper, Turku, 81 Harjattulantie, 20960",https://www.linkedin.com/company/harjattulan-kartano-oy,harjattula.fi,"Tervetuloa Harjattulaan! Harjattulassa onnistuvat monimuotoiset juhlat, tilaisuudet ja tapahtumat. Tarjoamme ruokaa monessa herkullisessa muodossa sekä lukuisia majoitusvaihtoehtoja. Harjattulasta löydät myös erikokoiset juhla- ja kokoustilat tarpeisiisi sekä rantasaunat rentoutumiseen. Tutustu tarkemmin ja ota yhteyttä niin kerromme, miten Harjattulasta löytyy juuri se mitä etsit. Me olemme täällä sinua varten.  Harjattulan kartano kokoaa yhteen historiallisen arvokkuuden, saaristomaiseman ja palveluhengen. Kartano tiluksineen on todistanut jo pitkään erilaisia kohtaamisia, juhlia ja rakkautta. Tutustu ja liity perinteen jatkajien joukkoon. Olet tervetullut Harjattulaan sekä teitse että laineita pitkin.",Finland,0.863055,,,
Freese Coffee Co.,862572.0,Finland,https://www.linkedin.com/company/freese-coffee-co-,,"At Freese Coffee Co. we want to make you happy. We aspire to do that by serving you better coffee - coffee that doesn't just taste better but is also ecologically and financially sustainable for everyone involved. Our flagship coffee bar is located at Freesenkatu 5, 00100 Helsinki, Finland. Freese Coffee Co. is run by Kalle Freese, Finnish Barista Champion 2013.",Finland,0.862572,,,
Boiju,862571.0,"Finland, Finland Proper, Turku",https://www.linkedin.com/company/boiju,www.boiju.fi,"Boiju on palvelualusta, jossa saariston ja rannikkoalueiden yksityishenkilöt ja yritykset voivat vuokrata laituripaikkojaan, rantasaunojaan ja mökkejään mahdollisine lisätiloineen ja -palveluineen vierailijoille. Tarkoituksena on monipuolistaa saariston matkailu- ja yöpymistarjontaa, sekä tarjota laiturien ja kiinteistöjen omistajille mahdollisuus hyödyntää kiinteistöjään myös silloin, kun eivät itse ole paikalla.",Finland,0.862571,,,
Arctic Apartments & Villas,862571.0,"Finland, Lapland, Rovaniemi, 3 Lh 3 Kansankatu, 96100",https://www.linkedin.com/company/arctic-apartments-villas,www.arcticapartments.fi,Airbnb-siivous ja hosting-palvelut Majoituspalvelut,Finland,0.862571,,,
Cafe Aalto,841316.0,"Finland, Central Finland, Helsinki, 39 Pohjoisesplanadi, 00100",https://www.linkedin.com/company/cafe-aalto,cafeaalto.fi,A design café in the heart of Helsinki.,Finland,0.841316,,,
Tehtaan Hotelli / Factory Hotel In Karkkila Högfors,807925.0,"Finland, Central Finland, Karkkila, 2 Bremerintie, 03600",https://www.linkedin.com/company/tehtaanhotelli,www.tehtaanhotelli.fi,"Tehtaan Hotelli is charming historical entity of buildings, dating from 1860 to 1950. Previously, the houses served as homes and private premises of factory owners. Since January 2019, Tehtaan Hotelli operates as a unique historical hotel and restaurant with ample possibilities for staycations, gastronomic getaways, meetings and events.",Finland,0.807925,,,
Huoneistohotelli Gella Oy | Gella Serviced Apartments Ltd,796750.0,"Finland, Central Finland, Helsinki, 00150",https://www.linkedin.com/company/huoneistohotelli-gella-oy-gella-serviced-apartments-ltd,www.huoneistohotelli.com,"Huoneistohotelli Gella Oy on 25 vuoden ajan vuokrannut täysin kalustettuja ja varustettuja korkeatasoisia huoneistoja liikematkustajien tarpeita ajatellen. Samanaikaisesti olemme palvelleet myös matkailijoita ja remonttia paossa olevia pääkaupunkiseudun asukkaita. Huoneistomme sijaitsevat Kampissa, Eiranrannassa, Punavuoressa, Jätkäsaaressa, Ruoholahdessa, Töölössä ja Pitäjänmäellä. Kehitämme tarjontaamme jatkuvasti. Huoneistot ovat täysin varustettuja ja hintoihimme sisältyy aina siivous. Palvelemme asiakkaitamme ja pyrimme vastaamaan kaikkiin toiveisiin. Mahdolliset ongelmat korjaamme yleensä saman päivän aikana. Meiltä löytyy huoneisto jokaiseen tarpeeseen: yksiöistä kolmen makuuhuoneen huoneistoihin ja erikseen vielä Luksushuoneistot-kategoria vaativimmille asiakkaille. Majoitamme paljon mm. yritysjohtoa, asiantuntijoita ja suurlähetystöjen asiakkaita. Tervetuloa tyytyväisten asiakkaittemme joukkoon !",Finland,0.79675,,,
Hawkhill Resort,771749.0,"Finland, Uusimaa, Vihti, 100 Haukkamäentie, 03220",https://www.linkedin.com/company/hawkhill-nature,www.hawkhill.fi,"Hawkhill is family eco-friendly company  providing top-of-the-line sustainable accommodation, conference services, and nature experiences by the beautiful Nuuksio National Park only 45 minutes from Helsinki.  Our accommodations range from luxurious deadwood villas to traditional Finnish cottages. All of them are located by a lake. We also arrange: -Guided hiking trip to Nuuksio National Park,  -Open fire cooking in traditional Finnish manner, -Guided wild herb excursion -Guided berry and mushroom picking excursions",Finland,0.771749,,,
SP Hygiene Innovations Oy,758233.0,"Finland, Central Finland, Hollola, 14 Terveystie",https://www.linkedin.com/company/sp-hygiene-innovations-oy,www.sphi.fi,"Perustettu vuonna 2004, uniikki hygieniasektorin tuotteiden toimittaja ja palvelun tarjoaja. Meiltä tilataan mm. paperiannostelijat, paperit, saippuat, käsidesinfektio tuotteet. Palveluun kuuluu asentaminen, huolto ja täydennystuotteiden toimittaminen. Tutustu www.sphi.fi  Touchfree - Hygiene - Service",Finland,0.758233,,,
HotelComp,655935.0,"Finland, Finland Proper, Turku, 37 Eerikinkatu, 20100",https://www.linkedin.com/company/hotelcomp,www.hotelcomp.fi,"HotelComp on hotellitarvikkeisiin ja digitaalisiinpalveluihin erikoistunut kotimainen yritys. Tuotevalikoimaamme kuuluu digitaalisten ratkaisujen ja lukitusjärjestelmien lisäksi kylpyhuone-, kylpylä- ja hotellitarvikkeita. Toimitamme myös asiakkaillemme mittatilaushuonekaluja sekä tuotteita yrityksen omalla logolla. Asiakkaitamme ovat matkailu- ja hyvinvointialan yritykset: Hotellit, lentoyhtiöt, varustamot, junat, kylpylät sekä liikunta- ja kuntoutuskeskukset. Edustukseemme kuuluvat useat laadukkaat kotimaiset ja ulkomaiset brändit. Suunnittelemme suuren osan tuotteistamme itse.",Finland,0.655935,,,
Ruusuniemi,629334.0,"Finland, Uusimaa, Helsinki, 3 Merenkulkijankuja, 00980",https://www.linkedin.com/company/ruusuniemi,www.ruusuniemi.com,"On a tip of a marine cape, a unique meeting and event venue Ruusuniemi serves with only 20-minute drive from the center of Helsinki. Built in the 1970s, Ruusuniemi’s wooden building has an interesting history full of stories about the visits of highest industry and political leaders of Finland. Its high-functional premises offer an inspiring, private and relaxing setup for all kinds of events and corporate meetings. Ruusuniemi’s modern interior, beautiful ocean view, considerate service and huge sunbathing terrace create an exclusive atmosphere. Add in high-quality meeting technology and a serene pool and sauna area, and your guests will surely enjoy themselves. Delicious Scandinavian taste sensations and blazing fires in the several fireplaces around the building complete the welcoming ambience.  --- Helsingin tyylikkäin ja viihtyisin kokous- ja juhlatila palvelee merellisen Ruusuniemen kärjessä, vain reilun 20 minuutin ajomatkan päässä Helsingin keskustasta. 1970-luvulla rakennetulla puurakennuksella on kiinnostava historia teollisuuden ja politiikan ylimmän johdon edustuskäytössä. Kauniit tilat tarjoavat nyt tasokkaat ja toimivat puitteet kokouksille, yritystilaisuuksille ja juhlille. Ruusuniemen ainutlaatuinen tunnelma syntyy varmalla maulla sisustetuista monikäyttöisistä sisätiloista, auringossa kylpevästä laajasta terassialueesta ja upeasta merinäköalasta. Kun tähän lisätään huipputason kokoustekniikka, huomaavainen palvelu sekä iso, edustava uima-allas saunaosastoineen, vieraiden viihtyminen on taattu. Skandinaaviset makuelämykset ja illan pimetessä isoihin takkoihin sytytettävät tulet viimeistelevät lämpimän ilmapiirin.",Finland,0.629334,,,
Merilän Kartano Merila Manor,629334.0,"Finland, Utajärvi Oulu, 1 Meriläntie, 91600",https://www.linkedin.com/company/merilankartano,merilankartano.com,"Merilän Kartano sijaitsee Utajärvellä Oulujoen varrella, noin 55 kilometrin päässä Oulusta. Kartanorakennuksen lisäksi pihapiiristä löytyy majoitusrakennus, kokous- ja juhlatilat sekä kolme saunaa. Kokous- ja juhlatiloja 10 – 285 henkilölle Ravintoloita  10 – 260 henkilölle Hotelli 42 henkilölle, VARAA HUONE: JOHKU.COM TAI BOOKING.COM Pääsaleja 5 kpl Ryhmätyötiloja 6 kpl Saunamaailma /en/ Merilä is located alongside river Oulujoki in Utajärvi, about 55 kilometers from Oulu. In addition to the main building the Merilä courtyard includes a separate accommodation building, venues for celebrations and conferences and three saunas. Meeting and banquet facilities for 10 – 285 persons Restaurants 10 – 260 persons Hotel 42 persons, BOOK YOUR HOTEL ROOOM: JOHKU.COM OR BOOKING.COM! The main halls 5 pcs Group facilities 6 pcs Sauna World",Finland,0.629334,,,
Friday Flats,629334.0,Finland,https://www.linkedin.com/company/friday-flats,www.fridayflats.com,"Friday Flats provides a marketplace for unique travel experiences. Travel enthusiasts can list unique experiences and properties bookable by travellers around the world. We currently list over 6000 bookable properties and experiences, from bike tours in Tallinn to luxury villas on Santorini. We employ adventurous individuals with competence specific backgrounds with a passion for travel in all it's different shapes and forms. We put pride in building a team of professionals dedicated to upholding the Friday Spirit.",Finland,0.629334,,,
Elves Holiday Resort,629334.0,"Finland, Lappi, Sirkka, 5 Rakkavaarantie, 99130",https://www.linkedin.com/company/elves-holiday-resort,www.elvesholidayresort.com,"The family owned Elves Holiday Resort welcomes you to Levi, Finland. For more than 25 years our resort has been operating hotels, restaurants and an elves experience village in the arctic Lapland. Times have changed a great deal since I opened the Porogrilli restaurant in 1981. We opened Hullu Poro, our first hotel, in 1988. It is now very well known and loved amongst the visitors from all over the world. Our restaurants and pubs cater many tastes of the local and international travellers offering everything from local cuisine to Asian delicacies.  Our two boutique hotels Taivaanvalkeat and Blueberry Villa are situated in the middle of the nature in a beautiful country setting by the Ounasjoki river. This location offers our guests unique access to our Elves Village experience village with adventures and activities for the whole family. In 2013 we also opened Hullu Poro hostel for those who prefer high quality rooms with competitive prices. As time has passed and our business has grown from one restaurant to multi-site resort, we were facing the fact that we need a new internationally recognizable family brand to bring all our different operations underthe same umbrella.  Lapland is the home of Santa Claus, Elves and many magical creatures and every year thousands of families travel here to experience the magic. Our Elves Holiday Resort concept was born out of our love to the local heritage and Nordic nature. All of our hotels, restaurants, activities and adventures are now part of Elves Holiday Resort concept bringing individual travellers, couples, friends and families together. We and our team of elves welcome you to experience the wonders of the arctic Lapland. Päivikki Palosaari Entrepreneur",Finland,0.629334,,,
Suomen Hostellijärjestö - HI Finland,629334.0,"Finland, Uusimaa, Helsinki, 38 Yrjönkatu, 00100",https://www.linkedin.com/company/hostelling-international-finland,www.hostellit.fi,"The Finnish Hostel Association (Suomen Hostellijärjestö ry, former Suomen Retkeilymajajärjestö – SRM oy) is a non-profit organization for hostel operations that was established in 1935. The Finnish Hostel Association has about 35 member associations, consisting of Finnish youth-, student-, sports-, pensioners-, professional and tourism associations. Finnish Hostel Association maintains and develops on behalf of their member associations the hostel network in Finland, which provides in particular comfortable, cozy and affordable accommodation in Finland for more than one million Finnish members. The Finnish Hostel Association is part of the global network Hostelling International (HI). Located in some of the world’s most inspiring locations, the Hostelling International network offers 3.500 unique hostels in 90 countries worldwide. All HI-hostels meet assured standards, which guarantee a range of good quality safe accommodation, in friendly surroundings at affordable prices.",Finland,0.629334,,,
Place To Sleep Hotels,629334.0,"Finland, Uusimaa, Espoo, 02200",https://www.linkedin.com/company/placetosleephotels,www.placetosleep.com,"This is the official LinkedIn page of Place to Sleep Hotels, a privately-held and rapidly expanding hotel chain that offers easy and comfortable accommodation in fresh and well-equipped rooms. Our autonomous hotel concept allows us to operate in locations of all sizes. Welcome to stay in smart comfort with a local twist! - Unique experience. Every Place to Sleep Hotel is different. Only the amenities and fresh interior design are the same. Additional services are offered by local companies, so you always get a unique experience. - Easy access. All our hotels are centrally located and you get your PIN-code key on the morning of your arrival. The room is at your disposal from 3 PM and until noon on the day of your departure.  Our concept allows us to always offer a high-quality place to sleep and at the same time operate the hotels profitably even in smaller localities. The winners are equally the travelers and the local community. Our vision is to be the best solution for agile accommodation needs across Finland, Scandinavia, Europe and beyond.",Finland,0.629334,,,
Puukarin Pysäkki | Karelian Restaurant & Guesthouse,629334.0,"Finland, Valtimo, 844 Kajaanintie, 75770",https://www.linkedin.com/company/puukarin-pysakki,,"Moderneille herkkusuille ja lähiruuan ystäville Majatalo Puukarin Pysäkki tarjoaa  ainutlaatuisen ruokamatkan karjalaiseen keittiöön. Majatalon kiireetön tunnelma pysäyttää rauhattomimmankin mielen. Ruuat valmistetaan käsityönä uunissa hauduttamalla ja nautitaan perinteiseen tapaan kippuja ja kuppeja kierrättäen pitkän pirtin pöydän ääressä.  Majatalo Puukarin Pysäkin toimintaa ovat ohjanneet kestävän kehityksen periaatteet jo vuodesta 1991. Raaka-aineet keittiöömme tulevat suoraan lähiseudun tuottajilta, kalastajilta ja marjastajilta. Vihannekset ja villiyrtit keräämme Majatalon viereisiltä pelloilta, metsistä ja niityiltä. Majoitushuoneet ovat saaneet kalustuksensa aikojen saatossa läheisiltä maatiloilta ja huutokaupoista eikä niitä vaihdella sisustustrendien muuttuessa. Liinavaatteet pestään pesupähkinöillä tai muilla luontoystävällisillä pesuaineilla. Ulkona kuivatun pyykin tuoksu on yleellisyyttä, jota on harvoin tarjolla. Majatalo sijaitsee valtatie 6 varrella vain reilun puolen tunnin ajomatkan päässä Vuokatin ja Kolin matkailukeskuksista. Meidän “omia” kansallispuistoja ovat Tiilikkajärven, Kolin ja Hiidenportin kansallispuistot. _ _ _ _  A famous indie guesthouse specializing in Karelian style craft food and drink from organic ingredients. Restaurant seats up to 50 persons and can be seen as a forerunner for the New Nordic cuisine since establishment in 1991.  Comfortable accommodation for individuals and groups up to 20 persons alike. Guesthouse Puukarin Pysäkki can be reached by the Road 6 and is located just half an hour drive from Vuokatti and Koli Skiing Resorts and is within easy reach of three different national parks.  Guesthouse Puukarin Pysäkki serves business clients with authentic smoke sauna experience and signature dinners that cannot be found anywhere else in the region. Puukarin Pysäkki is also one of the service providers of the highly awarded ""Guesthouse to Guesthouse"" Skiing and Culinary Tours.",Finland,0.629334,,,
Katisten Kartano - Katinen Manor,629334.0,Finland,https://www.linkedin.com/company/katisten-kartano,www.katistenkartano.fi,"Katinen Manor is an excellent venue for a wide variety of corporate events due to its location in inspiring, peaceful surroundings. It offers ideal facilities for conferences, product launches, kick-offs, meetings, staff recreation and motivation events, anniversary celebrations, training seminars, trade fairs and corporate banquets and festivities. Whether you are planning a top-management meeting for ten or a garden party for 500, your event in the Katinen Manor will be unforgettable. We offer you 15 meeting rooms of different sizes and styles. Our hotel has 23 spacious twin-bedded rooms with all modern conveniences, two Finnish saunas and a Turkish steam bath. Ideal location in beautiful lake scenery The Manor is situated in Hämeenlinna, amidst some of the most spectacular nature in Southern Finland, and only an hour's drive away from Helsinki. It is easy to organise exciting adventures and nature activities at the Manor as it has 850 hectares of land and forest, with the beautiful Lake Katumajärvi in its immediate vicinity.",Finland,0.629334,,,
Helsinkiboats.com,629334.0,"Finland, Uusimaa, Helsinki, 1 Tervasaarenkannas, 00170",https://www.linkedin.com/company/helsinkiboats,www.helsinkiboats.com,"Helsinkiboats.com offers unique experiences in the Helsinki archipelago. Boat&Yacht charter always includes a professional captain and petrol.  Also a chef/vip hostess is available.  Rent a luxury yacht or 2 for max 24 people <3  We Also Italian-style daycruiser available for 5 people.  Our mission is to provide our customers with a marine boating experience. HelsinkiBoats charter boats can be used for example: corporate cruises, party cruises,stag / hen cruises, wedding cruises, sunset cruises, champagne cruises, and transports. We also arrange events in different island around Helsinki/Espoo More than 100 5-star ratings from the past 4 years are the guarantee of high and quality service",Finland,0.629334,,,
Rukan Salonki Chalets,629334.0,"Finland, Rukatunturi, 2 Salongintie",https://www.linkedin.com/company/rukan-salonki,www.rukansalonki.fi,"”Local delicacies, innovative Authentic Sauna Experiences and the Natural Luxury of traditional log buildings ensure peaceful and unique moments of relaxation.” Welcome to enjoy our award winning services in Ruka, Kuusamo-Lapland - Finland Natural Luxury accommodation - your privacy is prioritized Rukan Salonki Chalets & Veskaranta Sky View Villas offer you high-quality accommodation in grey log chalets and villa-apartments in the middle of arctic nature. Our 14 robust deadwood chalets are set in the wilderness by Lake Salonkijärvi, only 2 km from Ruka Ski Resort center. Further, the 10 semi-detached villa-apartment, also built of robust deadwood are located at the other end of the resort, overlooking Lake Veskajärvi. Wild Food Restaurants Our on-site private restaurant Kultala's features local wild food and home-cooking at its best. We are happy to cater to the chalets and villa-apartments, where you can enjoy your meal by the fireplace with your loved ones. In the wintertime Kultala features an outdoors ice-bar and the area has several kota-huts for the use of our guests.  For further local culinary experiences you find our a la carte restaurant Rukan Kuksa in the middle of Ruka Village. Restaurant Rukan Kuksa serves seasonal wild food dishes.  Wellbeing in Wilderness and Authentic Finnish Sauna Finns have always used the Sauna and surrounding wilderness for rejuvenating the body and mind. From the forests we still gather today the remedies for our SaunaTour body scrub. Finnish Sauna itself is almost a sacred place of relaxation. At Rukan Salonki's High-tech Smoke Sauna, the Starsauna you can get a proper insight to Finnish sauna culture by taking part in our Sauna Tour. The sauna resort & nature spa, Pyhäpiilo is at a secluded location and features authentic smooke sauna, ice-sauna (wintertime) and traditional sauna for an all-round sauna experience.  Rukan Salonki is Finland's Best Ski Chalet 2013-2019 Luxury Travel Guide  Global Awards 2016",Finland,0.629334,,,
Collection Catering Oy,629334.0,"Finland, Uusimaa, Helsinki, 00100",https://www.linkedin.com/company/collectioncateringoy,collectioncatering.fi,"In collaboration with high-end trending restaurants, cafeterias and catering companies, we take care and coordinate the whole catering process for you. The only thing you need to do is press the button, and we will fix the rest. Simple and easy! Exquisite food. Expert coordination. Gracious service. Beautiful set-up.",Finland,0.629334,,,
Nordic Revenue Forum,629334.0,"Finland, Finland Proper, Turku, 4 Nunnankatu, 20700",https://www.linkedin.com/company/nordic-revenue-forum,www.nordicrevenueforum.com,"Ensimmäinen matkailualan tuottojohtamiseen keskittynyt tapahtuma Suomessa. Tiivispaketti alan uusista ja hyväksi koetuista keinoista kasvattaa liikevaihtoa ja tuottavuutta sekä verkostoitua.  Tapaa asiantuntijat, vaihda ajatuksia alan tulevaisuuden suunnista kollegoiden kanssa. Parhaimmat vinkit käytäntöön heti.  Data - Analyysi - Digitalisaatio - Trendit - Viestintä - Teknologia - Nordic Revenue Forum - Recovery & New Opportunities 19-21 October 2020.  Original Sokos Hotel Tripla, HELSINKI www.revenueforum.fi - rekisteröidy ennakkoon, lipunmyynti alkaa elokuussa.  The first revenue management focused hospitality event in Finland. A day full of the latest industry developments and proven concepts on leading with data for improved revenue and profits and for networking. Meet industry experts, exchange ideas and ideas of the future of the event with colleagues. Implement the best ideas back at the office. Data - Analysis - Digitalization - Trendis - Communication - Hospitality Technology Nordic Revenue Forum - Recover and new Opportunities October 19-21, 2020 Original Sokos Hotel Tripla, HELSINKI www.nordicrevenueforum.com - Pre-register - tickets available in August.",Finland,0.629334,,,
HotelEngine.eu,629334.0,"Finland, Finland Proper, Turku, 22 F Pitkă¤katu, 20100",https://www.linkedin.com/company/hotelengine-eu,www.hotelengine.eu,"Hotelengine.eu is recognized as a professional and trusted partner in delivering online reservation systems. We have over 10 years of experience on implementing online booking systems e.g. with Opera PMS and MyFidelio. We take pride in our reliable, fast and flexible deliveries. The one thing our customers value most is that we make fully tailored booking engines. With Hotelengine.eu, you get the solutions that match your unique needs.",Finland,0.629334,,,
Hotel Midpoint Helsinki,629334.0,"Finland, Uusimaa, Helsinki",https://www.linkedin.com/company/hotel-midpoint-helsinki,www.midpointhelsinki.fi,,Finland,0.629334,,,
Guesthouse Golden Goose Majatalo,629334.0,"Finland, Lappland, Kittilä, 42 Valtatie, 99100",https://www.linkedin.com/company/guesthouse-golden-goose-majatalo,www.goldengoose.fi,Comfortable Accomodation in the Village of Kittilä.Close to the biggest skiing resort´s (Levi and Ylläs) in Finland. for more information visit our Website www.goldengoose.fi or email to info@goldengoose.fi Guesthouse Golden Goose Majatalo  Valtatie 42 99100 Kittilä +358 (0) 16642043,Finland,0.629334,,,
The Yard Concept Hostel,585859.0,"Finland, Uusimaa, Helsinki, 3 Kalevankatu, 00100",https://www.linkedin.com/company/the-yard-hostel,theyard.fi,"THE YARD is a concept hostel in the heart of Helsinki.  We are your home away from home, a place were you will always feel welcome and valued. The Yard is brand new, but our values are traditional: Be welcoming to travellers and treat them the way you would wish to be treated when abroad. So you’ll feel right at home from the moment you come through our doors. What defines us besides our core values? We definitely look good as well. Casual interior meets style, meets local art, meets urban jungle. We are a hostel with both private rooms and dorms. We also offer a large lounge where you can hang out with your friends or make new ones. Plus free Wi-Fi for all and lots of real plants to keep the air fresh. Above all else, THE YARD IS ABOUT HELSINKI - our Helsinki. The city is in our veins, we live and breathe it. Our mission is to make you fall in love with it.  So come and enjoy our hospitality. At The Yard you will be right in the middle of the giggle, on one of the only walking streets in Helsinki that is crammed with restaurants, bars and cafes. And then, if you want the full-on experience of our city, immerse yourself in the bar culture of Kallio, the chic lifestyle of Punavuori or the parks and nature surrounding the city. All are within just 15 minutes reach of The Yard – Helsinki's first and only concept hostel.",Finland,0.585859,,,
Matkustajakoti Ykspihlaja / Elävä Ykspihlaja Oy,556594.0,"Finland, Central Ostrobothnia, Kokkola, 5 Sahakatu, 67900",https://www.linkedin.com/company/matkustajakoti-ykspihlaja,www.ykspihlaja.fi,Elävä Ykspihlaja is a legal company behind the small boutique-hotel called Matkustajakoti Ykspihlaja.,Finland,0.556594,,,
Villa Jokivarsi Bed And Breakfast,556594.0,"Finland, Uusimaa, Vantaa, 10 Rauskumäki, 01480",https://www.linkedin.com/company/villa-jokivarsi,www.villajokivarsi.com,"Villa Jokivarsi Bed and Breakfast offers five pleasant rooms for single travellers as well as small groups in Vantaa, Helsinki metropolitan area. The Villa was built only three years ago, so the premises are new, in good shape, and host all modern comforts. Located in a quiet neighbourhood, you can ease yourself on a terrace or in traditional Finnish sauna, yet only 15 minutes from the Helsinki International Airport.",Finland,0.556594,,,
Hotelli Vanha Postitalo - Majoitus Varkaus,556594.0,"Finland, Northern Savo, Varkaus, 78250",https://www.linkedin.com/company/vanhapostitalo,www.vanhapostitalo.fi,Autonominen huoneisto hotelli Varkauden keskustassa. Voit varata edukkaan huoneen suoraan nettisivuiltamme. Systeemi lähettää kirjautumistiedot ja pääsykoodin huoneeseen varauksen jälkeen.,Finland,0.556594,,,
Nuorisokeskus Piispala,525007.0,"Finland, Kannonkoski Kannonkoski West And Inner, 40 Kurssitie, 43300",https://www.linkedin.com/company/nuorisokeskus-piispala,www.piispala.fi,,Finland,0.525007,,,
Sjömansro - Merihotelli Ja Kokoustila Hankoniemellä,519883.0,"Finland, Uusimaa, Hanko, 40 Satamatie, 10820",https://www.linkedin.com/company/sjomansro,www.sjomansro.com,"Sjömansro on merihotelli ja kokoustila Hankoniemellä - Hangon ja Tammisaaren välissä, upean eteläisen hiekkarannan äärellä. Tarjoamme kokous- ja majoituspalveluita ryhmille.",Finland,0.519883,,,
Cospace Finland,516761.0,"Finland, Central Finland, Porvoo, 2 Rihkamatori, 06100",https://www.linkedin.com/company/cospace-finland,www.cospace.fi,"Cospace is a coworking community specialising in high-quality solutions and networking between companies. In addition, we offer meeting and sauna facilities in the heart of Porvoo Old Town.",Finland,0.516761,,,
Aerocom Apartments,516761.0,Finland,https://www.linkedin.com/company/aerocom-apartments,www.aerocom.fi,"Aerocom Apartments offer high standard furnished design apartments for short and long term accommodations in Helsinki. Our cozy apartments are all well located in the hearth of Helsinki city center within walking distance of  the shopping streets, restaurants and all the main sites. In addition to rental services, all Aerocom Apartments include high class amenities, snacks  and we also offer room services such as cleaning, laundry and in room dining. To book on line, visit www.aerocomapartments.fi or https://www.facebook.com/aerocomapartments/",Finland,0.516761,,,
Have You Done...,516761.0,"Finland, Uusimaa, Helsinki",https://www.linkedin.com/company/haveyoudone,haveyoudone.com,"""Have You Done"" is an experience tourism platform, providing travellers with meaningful and memorable experiences while fostering a positive impact on the destinations and communities they visit. With a passion for promoting local culture, the platform curates a diverse range of immersive activities, ensuring unforgettable journeys and meaningful connections. At Have You Done we believe in authenticity, personalisation, and trust.",Finland,0.516761,,,
Kattava Catering,516761.0,"Finland, Central Finland, Lappeenranta, 3 Satamatie, 53900",https://www.linkedin.com/company/kattavacatering,kattavacatering.fi,"Enemmän kuin pitopalvelu  - Me huolehdimme järjesteleyistä, sinun vastuullesi jää vain juhliminen, rentoutuminen ja nauttiminen - Meidän kauttamme hoituu kaikki tilaisuudet ja tapahtumat; muistotilaisuudet, häät, yritysjuhlat, henkilöstöjuhlat, tyky-päivät, tapahtumat, festivaalit, kokoustarjoilut, You name it, we do it.  Toimimme ympäri Suomen, etelästä pohjoiseen ja idästä länteen.  Ota yhteyttä myyntiimme, sales@kattavacatering.fi niin tehdään yhdessä juhlistasi unohtumaton.  Varastostamme löytyy myös kattavasti kalustoa, tarvitset sitten kylmäkaappia, telttaa tai vaikka haarukkaa, niin kysy pois.  Lappeenrannassa meiltä löytyy myös erinomainen juhlatila http://kattavacatering.fi/juhlatila/ jossa onnistuu niin juhlat, kokoukset kuin saunaillatkin. Loistavan sijainnin johdosta meille on helppo poiketa 6-tieltä vaikka ohi kulkumatkalla. Varaa siis lounasruokailu bussiryhmällesi meiltä.",Finland,0.516761,,,
Enter Housing Ltd,516761.0,Finland,https://www.linkedin.com/company/enter-housing-ltd,www.enterhousing.com,"Enter Housing is an accommodation service provider, established in 2012. Enter Housing offers flexible accommodation services for businesses and private persons under the name Vuokrahuone.com. The first location, Vuokrahuone Vallila, was opened in May 2012 at Sturenkatu 27. Enter Housing is at the forefront of modern day living and our rooms reflect the needs of urban dwellers. We aim at providing functional solutions for affordable living. Enter Housing operates in Helsinki, Finland and will be active in other growth centers in the near future.",Finland,0.516761,,,
Ilkka-Palvelut,516761.0,"Finland, Uusimaa, Helsinki, 00100",https://www.linkedin.com/company/ilkka-palvelut,www.ilkka-palvelut.com,Ilkka-Palvelut on ammattimainen lyhytaikaisten vuokrasuhteiden välitys ja hosting-palvelu.  Teemme kaiken asiakkaidemme puolesta avaimet käteen periaatteella.,Finland,0.516761,,,
Käringsund Resort & Conference,516761.0,"Finland, Eckerö, 194 Käringsundsvägen, 22270",https://www.linkedin.com/company/käringsund-resort-conference,www.karingsund.ax,"Active chillax @ Käringsund Resort & Conference! Käringsund is an idyllic archipelago village in Eckerö, the westernmost part of the Åland Islands. Admire the rustic boathouses by the harbour and the beautiful Baltic sea and island scenery: it was no coincidence that director Olle Hellbom filmed Astrid Lindgren’s Seacrow Island TV series right here at Käringsund. Come to the beautiful Käringsund and experience an authentic archipelago atmosphere, Baltic cuisine and seasonal flavours. You can dive into the sea or a heated pool, and bathe in a wood-fired hot tub by the sea. Our long and beautiful sand beach is perfect for making sand castles and sunbathing. You can rent a canoe or a pedal boat, or play minigolf, tennis or beach volley, among other activities.  Käringsund is a perfect venue for all kinds of meetings, events and activities. We have nearly 400 bed spaces, so we are able to accommodate large groups as well. The magnificent scenery of the archipelago provides a unique setting for holding events all year round. Welcome!",Finland,0.516761,,,
Boutique Hotel Yöpuu,516761.0,"Finland, Central Finland, Jyväskylä",https://www.linkedin.com/company/boutique-hotel-yöpuu,www.hotelliyopuu.fi,"Boutique Hotel Yöpuu is a historically valuable stone house in calm, peaceful surroundings in the centre of Jyväskylä.  Unique rooms and a first-class breakfast, the flavour journeys of Restaurant Pöllöwaari and our personal wine bar transform a hotel stay into a relaxing and truly enjoyable experience.",Finland,0.516761,,,
Sweet Side Of Life,516761.0,"Finland, Uusimaa, Helsinki, 00100",https://www.linkedin.com/company/sweet-side-of-life,www.sweetsideoflife.net,"We offer highly personalised luxury concierge and travel concierge services. Our services are designed for individuals and companies that are looking for high quality travel experiences in Finland. We specialise in the creation of one of a kind culinary experiences, culture expeditions, events as well as travel & business support services for clients looking to travel for business, leisure or bleisure.",Finland,0.516761,,,
Tefismart Ltd.,516761.0,"Finland, Uusimaa, Helsinki, 30 Korkeavuorenkatu, 00130",https://www.linkedin.com/company/tefismart-ltd.,www.tefismart.com,"Tefismart offers textiles with special surfaces based on patented technologies and a comprehensive design and care related service concept for companies renting out restaurant textiles. The offered Tefismart concept includes dirt and liquid resistant tablecloths made of patented textiles according to end customer’s requirements and care related consultation during the contract period. The products may be manufactured according to ready and displayed collections, end customer’s designs or patterns or in cooperation with designs offered by the Company.",Finland,0.516761,,,
Guerilla Hotel Klipphus 3 - Geta Åland,516761.0,"Finland, Geta, 90 Havsviddsvägen, 22340",https://www.linkedin.com/company/guerilla-klipphus3,www.klipphus3.com,"Guerilla Hotel - Klipphus® 3 är beläget på allra nordligaste Åland. 45 min från Mariehamn längst ut, med havet som granne. Huset är ritat av Thomas Sandell, och byggt 2009. Boytan är 112 kvm och har 2 sovrum och 2 badrum och en storslagen utsikt. På verandan finns en jacuzzi för upp till 7 personer. Alla bekvämligheter finns att tillgå.  Vår vision är att kunna erbjuda en upplevelse, helt stöpt i ekologisk skandinavisk form. Och givetvis fantastiska nätter, oavsett om du vill tillbringa dem i sängen eller under den stjärnklara himlen.",Finland,0.516761,,,
Abisko Guesthouse,516761.0,"Finland, Lapland, Kalle Jons Väg",https://www.linkedin.com/company/abisko-guesthouse,www.abiskoguesthouse.com,"We are situated in Lapland, Northern Sweden, North of the Arctic Circle. The fantastic sky above Abisko  with the Aurora Borealis, also called Aurora, Northern Light, and Lapland Light, is visible from September to April during clear sky days. Also, for eight weeks in the summer you can experience the Midnight Sun. Experience them from the top of the Swedish Lapland mountains, by dog-sled, hiking, ice-climbing/fishing and while you BBQ underneath the awesome sky.   Abisko Guesthouse offers the most convenient accommodation in the area, with private rooms and self-catering facilities, so you can truly experience a lifetime’s worth of exciting and memorable activities and adventures. We are close to Abisko National Park and Lake Torneträsk with amazing views and nature trails close by. For more info contact us:  contact@abiskoguesthouse.com",Finland,0.516761,,,
Pyhä Igloos Oy,516761.0,"Finland, Lappi, Pyhätunturi, 3 Kerontie, 98530",https://www.linkedin.com/company/pyhaigloos-fi,pyhaigloos.fi,"Eco-Friendly Pyhä Igloos offer you a unique experience in the embrace of the Northern Lights and Nordic nature.  The wilderness flows in through the glass ceilings; the dance of the Northern Lights above the Arctic Circle, the nightless midsummer night and the spectacular foliage of Autumn. These can all be admired from the comfort of an electric adjustable bed, wrapped in high-quality bed linens. Before you retire for the night in this beautifully decorated cottage, you can enjoy a Finnish sauna and outdoor hot tub during all seasons.",Finland,0.516761,,,
Panorama Landscape Hotel,516761.0,"Finland, Nilsiä, 1 Panoramantie, 73310",https://www.linkedin.com/company/panorama-landscape-hotel,www.panoramahotel.fi,"We are located at a serene slope at the top of Tahko Mountain, the most beautiful one around, looking for moments to relax, pause and the joy found in genuineness. Our hotel is an experience that blows you away – but allows you to pause.  The forest spa brings seasons near, for all of our saunas and pools are outside. Three wood-burning saunas bring to their unique scents and sounds to the top of the mountain.",Finland,0.516761,,,
Lomamokkila,516761.0,"Finland, Southern Savonia, Savonlinna, Mikonkiventie 209, 57310",https://www.linkedin.com/company/lomamokkila,lomamokkila.fi,"Lomamokkila provides an excellent setting for a holiday in Savonlinna in the heart of Saimaa lake area. You can choose Bed&Breakfast in rooms of high quality or enjoy peace and quiet in lakeside cottages all around the year. We also offer delicious meals and use our own products. In Lomamokkila you can enjoy the relaxing atmosphere of a genuine farm, use a rowing boat or go to the sauna by the lake. The surrounding region offers you a lot to see and experience – you can reach Savonlinna in fifteen minutes by car and Punkaharju as well as the National Parks of Linnansaari and Kolovesi in less than an hour. Lomamokkila has long traditions in accommodating guests. Now you will be welcome by the fourth generation. The farm has received recognition for a high quality and has been awarded several prizes. Laura, Kalle, Anna, Ella and Eero warmheartedly welcome you to Lomamokkila!",Finland,0.516761,,,
Valpas,516761.0,"Finland, Uusimaa, Helsinki, 1 A Katariinankatu, 00170",https://www.linkedin.com/company/valpasio,valpashotels.com,"Valpas is the platform for safe, sustainable, bed bug-free travel. We certify hotels to the highest hospitality standard in hygiene and sustainability: bed bug safety. 🌍 300+ certified hotels worldwide 🇫🇷 100+ in Paris – and growing fast Look for the Valpas label to travel carefree. It guarantees: A safe and toxic-free room A safe stay and return home At certified hotels, our patented in-room technology ensures these guest promises are kept 24/7. Let’s get your hotel certified bed bug safe.",Finland,0.516761,,,
Villa Heponiemi,516761.0,"Finland, Uusimaa, Lohja, 21 Heponiementie, 09210",https://www.linkedin.com/company/villa-heponiemi,www.heponiemi.fi,,Finland,0.516761,,,
Kuuru Suites,516761.0,"Finland, Pohjois-pohjanmaa, Iso-syöte, 6 C/o Kide Hotel By Iso-syöte Romekievarintie, 93280",https://www.linkedin.com/company/kuuru-tunturilaakso-suites,hotellikide.fi,We offer wonderful nature accommodation experiences and peace of mind.,Finland,0.516761,,,
Bizarre Globe Hopper,516761.0,"Finland, Uusimaa, Helsinki, Aleksis Kiven Katu, 00510",https://www.linkedin.com/company/bizarreglobehopper,www.bizarreglobehopper.com,"Adventure travel blog showcasing to off-the-beaten-path destinations, adrenaline activities, cultural treats and less visited sights. Join us for mountain hikes and white-water rafting, bungee and underwater adventures, venture with us into virgin jungles, touring jungle temples and forgotten ruins.  We are passionate about wildlife conservation and photography. It's not a secret that we've lost our hearts to Africa. Some of our favorite destinations include, but are not limited to: Zambia, the DRC, Borneo, Colombia, Nicaragua, and Montenegro. We've traveled through more than 50 countries and are committed to cross the rest of our endless bucket list. We love adventures – and we love to tell stories about them! Bizarre Globe Hopper reaches tens of thousands of active travelers every month, all around the world. We’re a member of Professional Travel Bloggers Association (PTBA). We are strong travel influencers with a vast digital marketing knowlegde. Niina has more than 13 years of experience in marketing and PR. Piritta is an emerging photographer and digital marketer.",Finland,0.516761,,,
Rest Hosting Ab,481528.0,"Finland, Uusimaa, Helsinki, 10 Kaarlenkatu, 00530",https://www.linkedin.com/company/resthelsinki,www.resthelsinki.fi,"Rest is a Helsinki, Finland based start-up company founded in 2019 by three young guys with diverse work experiences. We offer a service for owners that are eager to maximise earnings from their apartments but might not have the expertise or simply just don't have the time to do it themselves. By listing the apartments on the appropriate platforms, making the apartment listings irresistible and offering the guests hotel-like service we can increase your earnings on the apartment significantly. We are also proud to announce that we take one of the smallest commissions on the market to date. Read more about our service on our website.",Finland,0.481528,,,
Thai Street Food Finland Oy,430441.0,"Finland, Uusimaa, Porvoo, 31 Aleksanterinkatu, 06100",https://www.linkedin.com/company/thaistreetfoodfinland,thaistreetfood.fi,"A Fresh, Fast and Authentic Thai Takeaway Business in Finland. Our High quality focused Restaurant Chain is growing rapidly throughout Finland with currently 2 Locations in Porvoo and Sörnäinen and Number 3 being developed in Turku (2018). We don't ever sacrifice quality for quantity and we strive to bring a good food alternative to the takeaway options around Finland. We pride ourselves on our company vision and the future we strive to have for the business and our employees. With constant development being a must without our company it allows us to build a strong team and a strong culture focused on customer experience and satisfaction.",Finland,0.430441,,,
Villada,405412.0,"Finland, Uusimaa, Helsinki, 33 D 2 Meritullinkatu, 00170",https://www.linkedin.com/company/villada,villada.fi,"Vuonna 2014 perustettu Villada on suomalainen yritys, joka tarjoaa luksushuvilat, incentive-matkat, palkintomatkat ja muut yritysmatkat vaativimpaankin makuun.  Meiltä löydät luksusta edustavat villat Italiassa, Kreikassa, Kroatiassa ja Portugalissa – kaikki vuokrahuvilat ovat huolella valittuja ja laatutarkastettuja luksushuviloita, jotka täyttävät korkeat laatuvaatimuksemme. Palveluihimme sisältyvät niin huvilavuokraus kuin matka-asiantuntijoidemme räätälöimät matkaohjelmat. Toivoessasi yritysmatka järjestetään esimerkiksi yksityisen kokin, spa-hoitojen ja muiden elämysten, kera. Valitse esimerkiksi häikäisevän merinäköalan sisältävä villa Kreikasta tai nauti Italian villasta keskellä kaunista maaseutua. Oli mielessäsi sitten ison huvilan vuokraus virkistysmatkalle tai lomahuvilan vuokraus perheelle, löytyy Villadalta ratkaisu. Villadan kokeneet matka-asiantuntijat auttavat sinua löytämään unelmiesi luksushuvilan ja suunnittelemaan yritysmatkan pienintäkin yksityiskohtaa myöten. Ihastu luksushuviloihin sivuillamme!",Finland,0.405412,,,
THE Roomz,272830.0,"Finland, Kymenlaakso, Hamina, Raatihuoneentori, 49400",https://www.linkedin.com/company/the-hotel-finland-oy,roomz.fi,"THE Truly Hospitable Experience  THE Roomz tarjoaa kotoisan majoituksen yrityksesi työntekijöille Kotkassa ja Haminassa. Valittavana on monipuolisista asumisratkaisuistamme juuri teidän tarpeita palveleva kokonaisuus. Meiltä löydät ratkaisut aina lyhytaikaisesta majoittumisesta pidempiaikaiseen asumiseen. Haluamme, että tunnette olonne kotisaksi myös kotoa poissaollessanne! ------ THE Roomz provides a cozy stay for your company's employees in Kotka and Hamina. Choose from our diverse living solutions to find the perfect fit for your needs. From short-term stays to longer residencies, we want you to feel at home even when you're away!",Finland,0.27283,,,
Hotelway | Travel & Leisure Customer Communication,261960.0,"Finland, Finland Proper, Turku, 49 Puutarhakatu, 20100",https://www.linkedin.com/company/hotelway,hotelway.ai,"We are Hotelway, an agile team of industry professionals with years of experience in hospitality, technology and customer care. Our company specializes in AI based chatbots, making hotel guest communication simple, meaningful and profitable. Awarded as the most promising hospitality startup in 2019 by HFTP, we continue to work hard to make our digital solution for everyone. Our intent is to save time and increase sales through our easy-to-implement offer.   We are experts in guest engagement, making sure no customer goes unnoticed. Our team members have worked with leading global hotel brands, advanced airlines and top hospitality tech companies, experience that endorses our fast-growing startup.    We firmly believe that technology is a tool that can improve our lives and bring us together. Making the hospitality industry better one guest at a time, is everything Hotelway stands for.",Finland,0.26196,,,
Behind Bars Oy,217394.0,"Finland, Pirkanmaa, Tampere",https://www.linkedin.com/company/behind-bars-oy,www.behindbars.fi,Three bartenders on a mission to make the drinking culture in Finland a little bit better. -Cocktail catering -Consulting -Training,Finland,0.217394,,,
De Gamlas Hem Hotel & Restaurant,204351.0,"Finland, Northern Ostrobothnia, Oulu, 54 Kirkkokatu",https://www.linkedin.com/company/degamlashotel,degamlashotel.fi,"”Meillä täällä De Gamlas Hemissä se on ihanteellista elämää. Täällä on jokaisella oma huone, johon on saanut luoda oman kodin.” De Gamlas Hem Hotel & Restaurant on historiallinen täysin remontoitu, suojeltu 17 huoneen boutique-hotelli Oulun keskustan läheisyydessä. Jo vuonna 1906 meillä majoitettiin, hoivattiin ja ruokittiin sivistyneitä ja kunniakkaita wanhoja naisia talon toimiessa yksityisenä Oulun herrassäädyn vanhustentalona. Myös ruotsalaiset hävittäjälentäjät ovat pitäneet tämän katon alla majaansa talvisodan melskeissä. Nykyään toivotamme sinut tänne puiseen art nouveau -huvilaan nauttimaan rauhasta ja erinomaisesta ruuasta vanhojen kaakeliuunien ja hirsiseinien hellässä huomassa! KOKOUKSET I TAPAHTUMAT I JUHLAT I RAVINTOLA I HOTELLI",Finland,0.204351,,,
Sure - Suomen Restonomiliitto,173748.0,"Finland, Central Finland, Helsinki, 4 Maistraatinportti, 00240",https://www.linkedin.com/company/sure-restonomiliitto,sure.fi,"Sure - Suomen Restonomiliitto on restonomien suunnannäyttäjä ja yhteisö, mahdollistamassa restonomien unelmia. #suunnannäyttäjä. Restonomiliitto on Akavan Erityisalojen jäsenjärjestö ja restonomien ammattiliitto. Sen tarkoituksena on edistää restonomien ammatti-identiteettiä, yhteenkuuluvuutta ja yhteistyötä sekä valvoa liiton jäsenten yleisiä, yhteisiä ja sosiaalisia etuja.  Jäsenten edunvalvontaa hoidetaan muun muassa toimimalla työryhmissä sekä antamalla lausuntoja ja kannanottoja ministeriöiden lausuntoihin.",Finland,0.173748,,,
Son Of A Punch,151418.0,"Finland, Uusimaa, Helsinki, 5 Erottajankatu",https://www.linkedin.com/company/barb-k,www.sonofapunch.com,"We are Finland's best bar catering company! Over 2000 events and more than 2 million cocktails served for happy cocktail lovers. Son of a Punch is a creative bartending agency formed in 2011 with a bunch of bartenders having a bright vision for the future of the bar industry. SOAP has a clear target in which to aim; creating new possibilities, experiences and options for consumers. Through our expertise we provide our clients with unique and interesting strategies, concepts and business development. SOAP works in many different fields, from bar business to cocktail catering, co-operation with alcohol distributors to event planning and execution.  Mission Our mission is to develop and enhance the Finnish restaurant and cocktail culture. We put ourselves on the game with passion and we are genuinely committed to our clients. Vision Our vision is to establish Son of a Punch as “the go to” option amongst the leading hospitality-consulting firms in Finland. And to offer together with our partners high-quality service culture and products throughout the country.  Values Our company’s essential values are: - To promote the general well-being of our team - To promote the general well-being of our clients - Commitment, presence, and engagement People Son of a Punch is completely independent and owned by its team. Our owners personal backgrounds and experiences are very diversified, but we all have a combined vision of international level and trend-setting within the hospitality industry.",Finland,0.151418,,,
Lakeland Travel,111038.0,"Finland, Southern Savonia, Savonlinna, 1 Kauppatori, 57130",https://www.linkedin.com/company/lakeland-travel,www.lakeland.travel,"Lakeland Travel is a licensed finnish in-bound tour operator. We produce and sell travel packages and other services for group and individual tourists. The services designed for Finnish-, English- and Russian speaking audience. We also provide custom-made travel services for groups with native German, Swedish, Spain, Chinese and Japanese languages.",Finland,0.111038,,,
Ollero Eco Lodge,108296.0,"Finland, Lapland, Rovaniemi",https://www.linkedin.com/company/ollero-oy,www.olleroecolodge.com,"Ollero Eco Lodge is a unique and eco-friendly hideout place equipped with a glass igloo and a river view in the Arctic Circle in Rovaniemi, Lapland. This unique and private location offers an environmentally friendly stay any time of the year by the Ounasjoki River in the heart arctic nature and local Lappish traditions, only 10 minutes’ drive from the city center. Ollero Eco Lodge serves as perfect base during your stay in Rovaniemi, providing comfortable and authentic accommodation for 6 people (max 8).",Finland,0.108296,,,
Asuntosi.com,96000.0,"Finland, Pirkanmaa, Tampere, 54 Insinöörinkatu, 33720",https://www.linkedin.com/company/asuntosi.com,,"Asuntosi.com offers high-quality short-term lodging for business and leisure travelers in Tampere, Finland. Our main focus is in building long-term relationships with our corporate customers.  Contact:  http://www.asuntosi.com  contact@asuntosi.com",Finland,0.096,,,
Arctic Hospitality,75807.0,"Finland, Sirkka, 37 Sompiontie, 99130",https://www.linkedin.com/company/nordichospitalitymanagement,www.nordichospitality.fi,"Hospitality consultancy and IT solutions. Representing Mews Systems, Letshare meeting software and Lightspeed POS in Finland.",Finland,0.075807,,,
Fish & Fun Holiday Village,73914.0,"Finland, Estern, 1-6 Kaislantie, 19260",https://www.linkedin.com/company/fish-fun-holiday-village,fish-fun.fi,"Fish & Fun is a boutique holiday village in Paaso, Pertunmaa. We have comfortable cottages, saunas, play field, canoes, kayaks and boats for rent. Lots of hiking areas within one and a half hours drive from the village. Pirunkirkko is 15km from us.  We cook meals on preorder at our coffeehouse.",Finland,0.073914,,,
B8b Hospitality Consultancy Ltd.,35870.0,"Finland, Central Finland, Helsinki, 7 Mariankatu, 00170",https://www.linkedin.com/company/b8b-hospitality,b8bhospitality.com,"My purpose and passion on this Page is to share tips and tricks how and why customer experience and the   digital transformation is relevant to hotels and  hospitality businesses survival. The entire customer experience must be at heart of a digital transformation. Whether it is for a 15 unit wellness center to 250 room hotel. When we talk about customer experience, we are talking about the buyer's journey. Think about the following: What social media activity are there between you and the buyer, before, during and after their stay¨? If the answer is none to one of the three, you lost an opportunity to connect with the guest, and lost the opportunity to promote your brand. Even if there is an engagement but it is by your corporate team or by your appointed marketing agency, it is not the same. Having your own social media team engaging with the buyer is one of the best ways to humanise your brand. Every buyer's journey start with discovery and subsequent interaction. Todays customer is smart and savvy on the internet and on social media platforms, and it is crucial for the success of your business to keep up with all the changes happening. I will share some best practises, to help you out in the Social Media Jungle. This Page will also address the upgrades the hotel will need to make to keep up with  the demands of the global travellers.",Finland,0.03587,,,
ROND,18109.0,"Finland, Central Finland, Helsinki, 9 Mikonkatu, 00100",https://www.linkedin.com/company/28630153,www.rond.fi,"Experience the perfect stay with our hotel, coliving and event solutions.",Finland,0.018109,,,
