Name,Revenue,HQ Location,LinkedIn URL,Website,Company description,Country,Revenue_M,Main Broker,Main Insurer,Hubspot
CPI Hotels,124608132.0,"Czech Republic, Praha, Prague, 17 Vladislavova, 100 00",https://www.linkedin.com/company/cpi-hotels,www.cpihotels.com,"CPI Hotels is one of the largest hotel groups in the Czech Republic. Our hotels can be found in 6 European countries and 15 destinations. In our portfolio you can find stylishly-furnished hotels from the brands Clarion, Quality, Comfort, Mamaison, Holiday Inn, Buddha-Bar, Spa & Kur, as well as other hotels that boast their very own brand. The chain of 4-star and full-service Clarion Hotels covers strategically the most important regional towns, currently involving 9 Clarion hotels in 7 Czech towns with a future view that Hotel Černigov operated by CPI Hotels in Hradec Králové will be presented under the Clarion brand. In January 2009 CPI Hotels introduced the unique project of the 5-star Buddha-Bar Hotel Prague, the first hotel of the international chain Buddha-Bar Hotels & Resorts. CPI Hotels operates a total of 3 middle-category hotels under their own brand Fortuna Hotels and 2 spa hotels under the brand Spa & Kur Hotels in Frantiskovy Lazne. In 2014 the portfolio of CPI Hotels has expanded by Mamaison Hotels & Residences brand. The company now therefore operates 9 hotels and residences of this brand in Prague, Ostrava, Bratislava, Warsaw, Budapest and Moscow. The independent Parkhotel Vienna Bielsko-Biała in Poland was added to the company portfolio. The CPI Hotels portfolio is supplemented by an offer of long-term and affordable accommodation at Ubytovny.cz.",Czech Republic,124.608132,,,
Hote OYA***,89365428.0,"Czech Republic, Praha, Prague, 1337/109 Na Pankráci, 14000",https://www.linkedin.com/company/hote-oya-,www.hoteloya.cz,"Hotel OYA*** is a mid-range hotel in Prague downtown. All members of staff including me tries to perform bespoken services with a friendly but professional approach.  The hotel is within walking distance of the brand-new Arkady shopping mall and the historical Vyšehrad area, which will certainly suit both groups. Close surroundings of the hotel also include for example the Prague Congress Centre or Pankrac office centre. Furthermore, visitors can relax in the local large park Kavči hory that offers a tremendous view of the Prague Castle and a breathtaking panorama of the city.",Czech Republic,89.365428,,,
Restaurant BLUE WAGON,76963000.0,Czech Republic,https://www.linkedin.com/company/restaurant-blue-wagon,www.bluewagon.cz,"Motto - Užijte si čas „být tady“... Co - Blue Wagon vám nabízí moderní gastronomii tak, jak má vypadat. Vaříme z kvalitních a čerstvých surovin, které zpracováváme šetrnými, zdravými metodami. Jak - K dobrému jídlu vám pochopitelně doporučíme vhodné víno – nabízíme nejen česká, francouzská či španělská, ale především vína rakouská, jejichž výběr máme největší v Praze. Proč - Skvělé jídlo a vynikající víno by ovšem neznamenalo nic bez dokonalého servisu. Vaše návštěva je pro nás vždy svátkem, a proto servis patří mezi klíčové ukazatele vaší spokojenosti. Kde - Blue Wagon naleznete na Královských Vinohradech, nedaleko od Náměstí Míru. Světlý a vzdušný interiér vás osloví svou jednoduchostí a důrazem na detail. Něco navíc - Rádi pro vás připravíme firemní setkání, jako jsou business obědy, promoce, pro teambuildingové aktivity nabízíme řízené degustace s naším sommelierem nebo pro vás připravíme speciální akce na objednávku. Anebo přijďte jen na romantickou večeři...",Czech Republic,76.963,,,
Zátiší Group,76149414.0,"Czech Republic, Praha, Prague, 5 Novotneho Lavka Prague",https://www.linkedin.com/company/zatisi-catering-group,www.zatisigroup.cz,"Zátiší Group is our family – yours and ours alike. It has had its ups and downs since its establishment in 1991 developing into a group of four exceptional restaurants V Zátiší, Bellevue, Mlýnec and Žofín Garden, Zátiší Catering providing services all over Europe and innovative Fresh&Tasty division.",Czech Republic,76.149414,,,
Hotel Perla,66709404.0,"Czech Republic, Praha, Prague, 412/1 Perlová, 110 00",https://www.linkedin.com/company/hotel-perla,www.perlahotel.cz,Hotel Perla in Prague.,Czech Republic,66.709404,,,
Pytloun Hotels,54752058.0,"Czech Republic, Liberecký, Liberec, 206 Hodkovická",https://www.linkedin.com/company/pytloun-hotels-group,www.pytloun-hotels.cz,"Zažijte českou pohostinnost tam, kde toto slovo naplňuje svůj pravý smysl. PYTLOUN HOTELS ve své stále rostoucí nabídce nabízí pohostinnost a péči o hosta již od roku 2003 a to ve 12ti ubytovacích zařízeních, která uspokojí jedinečné cestovní potřeby domácích i zahraničních hostů. PYTLOUN HOTELS patří k ceněným českým značkám. Jsou rodinou designových i tradičních hotelů nacházejících se jak v srdci hlavního města Prahy nebo v centru Liberce, tak i v krásných horských lokacích. Díky důsledné diverzifikaci portfolia nabízí ubytování pro všechny typy cestujících. Hostí si mohou vybrat z mnoha typů ubytování i odpovídajících cenových hladin. Díky nedávným akvizicím nyní skupina disponuje kapacitami pro městskou turistiku nebo business a konference, stejně jako pro pobyty v přírodě a wellness. Nesmí chybět potěšení způsobené skvělým jídlem umocněné čerstvými, nejlépe místními surovinami. Každý segment portfolia má svou vlastní osobnost a styl. Všechny ale sdílejí stejný závazek poskytovat klientům vynikající služby, moderní vybavení a výjimečnou hodnotu. K hodnotám, které považujeme za důležité, patří životní prostředí: Používáme pouze ekologickou kosmetiku a ekologické čistící prostředky v obalech ze 100% rozložitelného plastu. Recyklujeme teplo z použité odpadní vody. Používáme pouze energeticky úsporné zařízení, automatické řízení pokojů, efektivní hospodaření s energií (např. led žárovky, automatické elektrické závěsy, apod.). Máme dobíjecí stanice pro elektromobily. Ing. Lukáš Pytloun majitel",Czech Republic,54.752058,,,
Jan Hotels,52143124.0,"Czech Republic, Praha, Prague, 492 Teplická",https://www.linkedin.com/company/jan-hotels,www.janhotels.cz,"Our hotels are different in style but have in common the same principles of high hospitality standards. We make sure that when you enter any of our properties, you will be positively surprised, personally pampered and you will sense our family atmosphere. Hotel DUO Hotel Duo offers a wide range of quality and value for money services for leisure and business. Organize your perfect meeting in our newly-refurbished conference center with a big congress hall and 10 smaller meeting rooms. Tired after a long day? Enjoy your well-deserved relax in our Sport Center. Hotel Růže Hotel Růže is a celebration of Czech heritage. Unparalleled luxury and incredible attention to detail are what you'll experience from the moment you arrive at the hotel Hotel Old Inn OLDINN is a hotel of real charm, comfort, and service appealing to today’s sophisticated traveler seeking for local authenticates. We are here to provide you with all the needed information making sure you don’t miss a thing. Hotel Leonardo Enjoy an oasis of elegance and sophisticated hospitality located directly in the Old Town. Hotel Leonardo enjoys a very unique central and quiet location and offers.",Czech Republic,52.143124,,,
Scott.Weber Workspace,41985373.0,"Czech Republic, Hlavní Město Praha, 47 Václavské Náměstí, 110 00",https://www.linkedin.com/company/scott-&-weber,www.scottweber.cz,"Scott.Weber Workspace is more than just offices—we create inspiring environments where productivity meets wellbeing. Since 2009, we’ve been redefining the way people work, becoming the leader in premium flexible offices and event spaces in the Czech Republic. With 17 locations, nearly 67,000 m² of workspace, and over 8,500 workstations, we offer tailored solutions that blend flexibility, comfort, and community. We go beyond workspace. Our members enjoy professional workshops, networking events, and curated programs designed to foster professional growth. Wellbeing is just as essential—with dedicated spaces for fitness, yoga, massages, and even an in-house barber. To complete the experience, our Executive Chef crafts fresh, high-quality cuisine and exceptional coffee, creating an atmosphere where collaboration and creativity thrive. Our motto, Live Your Workday, captures our mission: integrating work and life seamlessly so everyone can grow, succeed, and feel inspired",Czech Republic,41.985373,,,
Mamaison Hotels & Residences,40906710.0,"Czech Republic, Praha, Prague, 26 Na Porici",https://www.linkedin.com/company/mamaison-hotels-&-residences,www.mamaison.com,"Mamaison Hotels & Residences – as individual as you! Mamaison Hotels & Residences are a unique collection of Boutique Hotels, Business & Conference Hotels, and All-Suites Residence Hotels, all leaders in the hospitality world across Central & Eastern Europe’s finest destinations like: Prague – Czech Republic Warsaw – Poland Bratislava – Slovakia Budapest – Hungary Moscow - Russia Appealing to both discerning leisure and business travelers alike, our individual flair is felt in everything that we do. From our charm and cuisine, to our service and facilities; we are as special and original as the people who stay with us. Each of our properties is individually designed, with attention to detail ensuring that our signature touches of welcoming warmth and coziness are present at every stage. Staying true to our name Mamaison, guests feel as comfortable as they do at home, while enjoying personalized service and truly stunning surroundings at some of the more famous historical, cultural and business hotspots within the heart of New Europe’s most beautiful, exciting and prestigious cities. With its blend of unique midscale to upscale deluxe properties and offering spacious rooms and suites, Mamaison both fulfils the expectations of international standards and exceeds them, while still providing excellent value-for-money for short and extended stays.",Czech Republic,40.90671,,,
Clarion Congress Hotel Prague,38599455.0,"Czech Republic, Praha, Prague, 33 Freyova",https://www.linkedin.com/company/clarion-congress-hotel-prague,www.cchp.cz,"Clarion Congress Hotel Prague - this leading congress hotel property in Prague is focused on international conferences, congress events and business travellers. The hotel is also very convenient for leisure. This multi functional property provides wide range of services under one roof – restaurants, bars, wellness & fitness centre, shopping mall, indoor garage parking and an easy access to historical city centre thanks to the underground station, busses and trams.",Czech Republic,38.599455,,,
BOHO CO,38599455.0,"Czech Republic, Praha, Prague",https://www.linkedin.com/company/bohemian-hostels-&-hotels,www.bohoco.cz,"BOHO CO is a dynamic, upmarket accommodation provider, offering both independent travellers and groups a wide selection of choices from shared hostel rooms to boutique hotel rooms and tastefully appointed apartments. BOHO CO now comprises: in Prague, Czech Republic: - Sir Toby’s: a traditional, community-spirited hostel for backpackers - Czech Inn: a design-led hostel for “flash-packers” which is ideal for big groups - Miss Sophie’s New Town Hotel: a cozy boutique hotel with just a little bit different design - Sophie’s Hostel: a sophisticated hostel also featuring all-girl shared dormitory room with their own kitchenettes and bathrooms and which also offers self-catering apartments, with world famous all you can eat breakfast - The Nicholas Hotel Residence: charming little boutique hotel directly at the footsteps of Charles bridge - Amadeus Hotel: boutique and budget friendly hotel in the heart of Prague's less travelled Žižkov neighborhood - Miss Sophie’s Downtown - new boutique hotel close to the main train station, to be opened very soon in Olomouc, Czech Republic: - Miss Sophie’s Hotel & Sophie's Cafe: unique boutique hotel with a charming cafe serving homemade cakes and speciality coffees in Ghana, Africa: - Somewhere Nice: an authentic, relaxed and sustainable hostel where everyone feels like home Our main goal is to “make a difference far and near” which is also why we are working on a sanitation project in Ghana right at this moment.",Czech Republic,38.599455,,,
Prague Marriott Hotel,35213538.0,"Czech Republic, Praha, Prague, 10 V Celnici, 110 00",https://www.linkedin.com/company/prague-marriott-hotel,www.marriottprague.com,"Ideally located in the historic Old Town, Prague Marriott Hotel has gained a reputation over the last 20 years as a city-center address that appeals to both corporate and leisure guests. Combining a charismatic approach, uncomplicated design, sophisticated spaces and thoughtful service, it is a smart, integrated backdrop for social interaction and distinctive experiences. Just a 30-minute drive from Václav Havel Airport Prague, the hotel is the perfect base for those travelling to the Czech Republic’s capital city. Situated on the border of ancient streets, Prague Marriott Hotel offers inventiveness, quality and state-of-the art facilities and is within walking distance of the center’s most visited sites.",Czech Republic,35.213538,,,
Panorama Hotel Prague,33984036.0,"Czech Republic, Praha, Prague, 7 Milevska",https://www.linkedin.com/company/panorama-hotel-prague,www.panoramahotelprague.com,"Ideally situated in a peaceful area just outside the city centre, the Panorama Hotel Prague is the perfect base from which to explore the city. It offers all the comforts and services of an international first class hotel, while being excellent value for money. With 450 king size double and twin rooms (mostly non-smoking), it is renowned for its deluxe American breakfast buffet, as well as the MEZZO restaurant, which offers mid-week business lunches and a-la-carte dinners. The casual Panorama Café is ideal for meeting friends or, for guests seeking some rest and relaxation, there is a wellness and fitness centre located on the top floor featuring a panoramic pool. “Shop-till-you-drop” at the next-door shopping arcade featuring more than 100 international branded designer boutiques, and in the evenings, guests can visit the hotel casino and play blackjack, poker or roulette. Apart from birthday, cocktail and private parties, EVENTS AT PANORAMA offers a wide range of flexible meeting, incentive, conference and event possibilities. From small to medium size meetings up to 100 delegates or large conferences up to 286 delegates in the “City Meeting & Conference Centre” located next to the hotel, you can count on our team to organise a stress free and successful event, while still being value for money.",Czech Republic,33.984036,,,
Manifesto Market,33354702.0,"Czech Republic, Praha, Prague, 14 Narodni, 110 00",https://www.linkedin.com/company/manifesto-market,www.manifesto.city,"Manifesto is a hospitality group focusing on food & beverage, real estate, technology, and culture. We create stylish places that provide a variety of food and drinks for people who want to enjoy cool, exciting vibes, cultural experiences and a high-quality customer experience.  Uniquely, we are one of the first fully cashless places in Europe. That means we create and utilize digital technology products and data to provide an enhanced customer and tenant experience. Manifesto is the brainchild and first hospitality project from landscape architect and entrepreneur Martin Barry. Welcome to the future of retail, food and culture.",Czech Republic,33.354702,,,
Corinthia Hotel Prague,31915159.0,Czech Republic,https://www.linkedin.com/company/corinthia-hotel-prague,www.corinthia.cz,539 rooms a modern conference hotel with capacities for up to 2000 attendees. 25 stories above the city it sports the most impressive views over Prague,Czech Republic,31.915159,,,
PERFECT By Filip Sajler,27764520.0,"Czech Republic, Praha, Prague, 1138/1 Jemnicka, 140 00",https://www.linkedin.com/company/perfectcanteen,www.perfectcanteen.cz,"Poskytujeme moderní firemní stravování pro vaše zaměstnance. Nabízíme cateringové, restaurační, kavárenské, samoobslužné a další individuální gastronomické služby.  Klademe důraz na profesionální kuchařský servis a otevřenou komunikaci s klienty.",Czech Republic,27.76452,,,
Le Hotels Group,27764520.0,"Czech Republic, Praha, Prague, 125 Ostrovní, 11000",https://www.linkedin.com/company/le-hotels-group,www.le-hotels.cz,"Le Hotels Group in Prague, cluster of 5 downtown venues operating 1.215 rooms and extensive conference facilities for up to 1,400 pax with 10-15min walking distance to both major historic squares the Old Town and the Wenceslas. Have your clients experience your event in the heart of Prague! Grandior Hotel Prague, 4* Superior category, city center location close by the Republic square opened in 2014 with 393 rooms, meeting for up to 515 pax plus additional 5 meeting rooms https://www.hotel-grandior.cz/en/ Grandium Prague Hotel Prague, 4* Superior category, city center location close by the Wenceslas square remodeled 2018, relaunching with 365 rooms, meeting space with flexible airwalls for 728 pax https://www.hotel-grandium.cz/en/ Grand Majestic Prague hotel, 4* Superior category, city center location by the Republic square opened in 2009 with 196 rooms, meetings for up to 289 pax plus additional 4 breakouts https://www.hotel-grandmajestic.cz/en/ Majestic Prague hotel, 4* Superior category, city center location by the Wenceslas square opened in 2007 with 182 rooms, meetings for up to 170pax https://www.hotel-majestic.cz/en/ ÉLITE hotel Prague,4* category city center location close by the National Theatre near Wenceslas and Old Town squares, 79 rooms, no conference facility there. https://www.hotel-elite.cz/en/ LHG venues portfolio serves all industry events including pharmaceutical, automotive sector with car launch or other machines display and others. Majority of our meeting rooms do have natural light; conference facilities are equipped with the latest built in AV technology equipment. Enclosed pre-function areas with natural light are ready for your social events or events exhibitions. We are looking forward to welcome you in our hotels! https://www.le-hotels.cz/en/",Czech Republic,27.76452,,,
Fairmont Golden Prague,27764520.0,"Czech Republic, Praha, Prague, 30 Parizska, 110 00",https://www.linkedin.com/company/intercontinental-prague,www.goldenpraguehotel.com,"Fairmont Golden Prague combines history, brutalist architecture, and art with modern elegance. Overlooking the Vltava River, the hotel features seven restaurants and bars, a private garden, Prague’s only indoor–outdoor pool, a grand ballroom, and a serene spa. A trailblazing and stylish design concept extolling the history of Parizska Boulevard through high-quality furnishings and an extensive collection of Bohemian glass and artworks by renowned Czech artists, paired with the latest trends and sustainability practices will make for a beautiful display of art, culture, conservation, and an overarching spirit of community once she opens her doors.   Distinguished by its relaxed interpretation of luxury infused with local flair, Fairmont Golden Prague is poised to become an exclusive hotspot for international hotel guests and locals alike, where they go to stay, mingle, dine, relax, work out and celebrate in style or enjoy the regular movie screenings on offer.  Located at the gate of Parizska Boulevard, in the UNESCO Old Town and next to the historical Jewish Quarter, 320 rooms,  suites and residences that offer prime views of the Vitava river and the ancient city, 6 restaurants and bars, meeting facilities for up to 600 guests, a 1400m2 Fairmont Spa inclusive of a selection of saunas and steam rooms, an indoor and outdoor pool, a group exercise studio and a gym await our guests, all within walking distance of designer boutiques and restaurants, as well as the most notable architectural and cultural sights. We care deeply about our people and the cultures and ecosystems we are part of and are an equal rights employer. Our focus is on our internal and external guests’ wellbeing and their individual wishes, down to the very last detail. With our cultural empathy, we create unexpected experiences and pure enjoyment in life, in which time becomes infinite, as our guests’ most precious commodity is time, which our guests entrust us with.",Czech Republic,27.76452,,,
Hotel Port,27061362.0,"Czech Republic, Doksy, 530 Valdštejnská",https://www.linkedin.com/company/hotel-port,www.hotelport.cz,"Čtyřhvězdičkový HOTEL****PORT leží přímo na břehu Máchova jezera, obklopen vlastním lesoparkem, pláží a přístavním molem. Skvělé konferenční zázemí, krásné prostory, výhled na jezero, ochotný a vtřícný personál, výborná gastronomie, diskrétnost, kreativita, pružnost a hlavně jedinečný génius loci jsou důvody, proč se k nám naši klienti vždy rádi vrací a my je vždy rádi vítáme.",Czech Republic,27.061362,,,
Almanac X Alcron Prague,26410154.0,"Czech Republic, Praha, Prague, 40 Štěpánská, 11000",https://www.linkedin.com/company/almanac-x-alcron-prague,www.almanachotels.com,"ALMANAC X ALCRON PRAGUE  is a lifestyle hotel steeped in tradition since 1932, set in the heart of Prague. It’s the perfect place to put your finger on the pulse of this vibrant and thriving city. With 204 chic and stylish rooms, 22 of them exclusive suites, the former legend of Czech hospitality the Alcron Hotel has been completely redesigned and reinvented in 2022 to reflect the architectural beauty of Prague. Each room is richly appointed for an unforgettably elegant experience, just a stone’s throw away from the world-famous Wenceslas Square and Prague’s National Museum. The cobbled streets and colourful buildings of Prague’s Old Town will take your breath away, while the area is also home to stylish shopping, restaurants, and bars. The hotels famous restaurant, bar, as well as the new coffee shop will be the main center of gatherings for locals and visitors alike. If you want to live an authentic Prague experience, soaking in the history of one of Europe’s most beautiful cities, this is the place to be.",Czech Republic,26.410154,,,
Blahobyty,25802694.0,"Czech Republic, Praha, Prague, 17 Revoluční, 11000",https://www.linkedin.com/company/18064506,blahobyty.cz,"With us, your property will always be in perfect condition and its use will match the current market situation. Whether it's short-term accommodation, business stays, filming or classic long-term rentals, we will find the right tenant, take care of everything and ensure you a superior return. We are heavily data and process based company with unmatched experience on the market. Feel free to contact us to find out more!",Czech Republic,25.802694,,,
Mozart Hotel Group,25173360.0,"Czech Republic, Praha, Prague",https://www.linkedin.com/company/mozarthotelgroup,mozartmc.com,"Mozart Hotel Group is a professional management company operating nine hotels in five European countries. We are specialized in taking care of hospitality business: managing hotels, restaurants and other service facilities. We provide our clients stable profits and growing figures with less care and stress from their side. With our 10-year experience we dispel the myth that hospitality business is always a headache and prove that it can really be a dream. Based in the 3 and 4 star plus category the Mozart Hotels are designed to cater to the special requirements of business travellers as well as those of event participants, travel groups or weekend travellers. Located in well-known cities and destinations Europe-wide the Mozart Hotel Group guests benefit from attractive locations with airport proximity, city centre or the seaside resort area.",Czech Republic,25.17336,,,
Aquapalace Hotel Prague,24544026.0,"Czech Republic, Praha, Prague, 137 Prazska",https://www.linkedin.com/company/aquapalace-hotel-prague,www.aquapalacehotel.cz,Aquapalace Hotel Prague offers Á la carte & full buffet restaurant “Astra” Á la carte restaurant “Terresa” with international cuisine Lobby bar “Barracuda” Modern & high tech extensive conference centre Underground hotel parking with 126 parking spaces  14 km / 25 min from Prague historical city centre  34 km / 35 min from Prague International Airport,Czech Republic,24.544026,,,
Lidi Z Baru,24544026.0,"Czech Republic, South Moravian, Brno, 5 Kozi, 602 00",https://www.linkedin.com/company/lidi-z-baru,lidizbaru.cz,"Tisíc lidí, tisíc myslí, ale jedno nás spojuje. Je to pohostinnost. Pohostinnost pro nás neznamená jen prostřít stůl a položit na něj talíř nebo láhev, ale prostřít stůl před někým cizím. Pohostinnost je pozornost, otevřenost a komunikace. Je to základ, na kterém stojí všechno to, jak spolu umíme nebo neumíme být. S pohostinností souvisí pohostinství, a to my bereme supervážně. Snažíme se ho totiž změnit, krůček za krůčkem. Svůj vpád na brněnskou gastroscénu jsme začali nenápadně, ale za sedm let jsme se od prvního malinkého stánku na vánočních trzích prokousali až k několika stálým podnikům v centru města. Za to děkujeme především Vám. A můžeme Vám taky slíbit, že ještě nekončíme. Věříme, že pohostinství má svůj největší rozkvět ještě před sebou. A chceme být u toho. Jsme posedlí vzděláváním. Většina našeho týmu znala ještě pár let zpátky z gastroprostředí jedině židličku před barem, a teď patří mezi špičky oboru. Takže víme, že to jde. Pořád rosteme. A nezastavíme se. Je Vás ještě spousta, před které chceme prostřít stůl. Díky, že jste! Turbomošt – Bar, který neexistuje – Super Panda Circus – Úplně všude – Nepiju břečky – Na Brno dobrý – Mluvící hlavy – Zázračná – Slast – 4pokoje – Whiskey bar, který neexistuje – Anybody",Czech Republic,24.544026,,,
OREA Hotel Pyramida,23701420.0,"Czech Republic, Praha, Prague, 24 Belohorska",https://www.linkedin.com/company/998546,www.hotelpyramida.cz,"OREA HOTEL PYRAMIDA ****, member of the Czech largest hotel chain Orea Hotels a.s., welcomes you to Prague. All of our employees are ready to ensure you have a quiet and pleasurable stay. Your satisfaction is our priority. The hotel is situated by Hradčany and Strahov, within walking distance from the Prague Castle, Loreta, Strahov monastery and the Lesser Town.",Czech Republic,23.70142,,,
Vyšehrad 2000 A.s.,23475695.0,"Czech Republic, Praha, Prague, 1090/5 Náměstí Republiky, 11000",https://www.linkedin.com/company/vyšehrad-2000-a-s-,vysehrad2000.cz,Vyšehrad 2000 a.s. is a company based out of Czech Republic.,Czech Republic,23.475695,,,
Resort Beach Nová Živohošť,22026690.0,"Czech Republic, Křečovice, 68 Nová Živohošť",https://www.linkedin.com/company/resort-beach-nov-ivoho-,www.resort-beach-novazivohost.com,"Hledáte ideální místo pro dovolenou na Slapech či firemní akci v okolí Prahy? Chcete si užít příjemnou rodinnou dovolenou v klidném českém kempu na Slapech, nebo naopak vybíráte lokalitu s ubytováním na Slapech a příjemným prostředím pro uspořádání teambuildingu ve Vaší společnosti? Nabízíme stylové ubytování u Slapské přehrady s veškerým komfortem hotelového pokoje a malebnou přírodou kolem.",Czech Republic,22.02669,,,
H&Hotels Group,20768022.0,"Czech Republic, Praha, Prague, 839/7 Václavské Náměstí, 110 00",https://www.linkedin.com/company/h&hotels-group,www.hhotels.cz,"H&Hotels Group is a purely Czech company with more than 30 years of tradition in the tourism market. It was founded in 1992 and since then has undergone extensive development and modernization to its current form, where it operates several four-star hotels, mainly in the territory of the Capital City of Prague and in Karlštejn, and several restaurant operations, whether integrated into hotel complexes or independent restaurants. Other activities of the company include the operation of the Zoo with complete facilities and sport fishing. The latest activities include the operation of a three-star hotel in the very heart of Florence, Italy, which is the company's only international activity. More than 150 experienced employees using the most modern technologies of today take care of the company's operation and customer satisfaction. For its employees, it provides continuous professional development, professional training and various internal trainings and activities, which have the task of maintaining the services provided at the highest level. Our goal is to provide clients with facilities and services at such a level that they feel at home in our hotels and restaurants, or even better.",Czech Republic,20.768022,,,
BEST WESTERN PREMIER Hotel International Brno A.s.,20315503.0,"Czech Republic, South Moravian, Brno",https://www.linkedin.com/company/best-western-premier-hotel-international,www.hotelinternational.cz,"BEST WESTERN PREMIER Hotel International Brno je luxusní čtyřhvězdičkový hotel, pod hradem Špilberkem. Jen necelých 100 metrů od náměstí Svobody, ale přesto citlivě stranou historické tváře města. Hostům nabízíme vedle nadstandardního ubytování také konferenční služby, gastronomické speciality, možnost parkování před hotelem a v podzemních garážích a využití moderního wellness & fitness centra.",Czech Republic,20.315503,,,
Hotel Passage,19509354.0,"Czech Republic, South Moravian, Brno, 23 Lidická",https://www.linkedin.com/company/hotel-passage,www.hotelpassage.eu,"Hotel Passage je novým boutique hotelem s velkým kongresovým zázemím v centru města Brna. Disponuje dostatečnou kapacitou parkovacích míst ve vlastních hotelových garážích a nachází se pouze 100 metrů od zastávky MHD. Nabízí ubytování ve 4* standardu, restauraci s denním barem a kongresové zázemí s kapacitou až 1 000 osob. Těšíme se na Vaši návštěvu v hotelu Passage! Hotel Passage is a new boutique hotel with large conference rooms in the city centre of Brno. The hotel offers private parking in its own hotel garage and is located just 100 meters away from a tram station. It offers a 4* accommodation, restaurant, bar and conference rooms with the capacity for up to 1 000 people. We are looking forward to welcoming you at Hotel Passage! ⁎⁎⁎⁎⁎⁎⁎⁎⁎⁎⁎⁎⁎ ✔ Konferenční prostory • 7 konferenčních místností s maximální rozlohou 1157 m2 • Největší sál s kapacitou až 700 osob • Denní světlo ve všech salóncích • LED videostěna v hlavním sále s rozměry 5m x 2,8m • Variabilita konferenčních sálů • Vše zařízeno ve vkusném a moderním designu ✔ Conference Facilities • 7 conference and meeting rooms with total area of 1157 m2 • Our largest room has the capacity for up to 700 people • Daily light in all our conference rooms • LED TV 5m x 2,8m • Wide variety of food and beverages • High speed internet",Czech Republic,19.509354,,,
Hotel International Prague,19509354.0,"Czech Republic, Praha, Prague, 15 Koulova, 160 45",https://www.linkedin.com/company/international-prague,www.internationalprague.cz,"Hotel International Prague is included on the list of Czech cultural monuments and is located in a quiet residential area in Prague 6, in immediate proximity to the city centre (just two kilometres away). Václav Havel airport is just a 20-minute drive away, and you can take a pleasant walk to Prague Castle in just ten minutes. Hotel International Prague offers accommodation in 278 comfortable rooms in the categories Standard, Superior, Executive Tower, Executive and Tower Suite. In addition, one Executive room and two Standard rooms are fully wheelchair accessible.   Every room is fitted with individually controlled air-conditioning, a bathroom with a shower or bath, satellite TV, high-speed internet, an electronic safe, an iron and ironing board, and a kettle for making coffee or tea. A cot can be provided upon request for our very youngest guests.  All of the rooms meet the standards of a four-star hotel.  Hotel International Prague rightly ranks among the hotels with the largest conference facilities in Prague. Fourteen meeting rooms offer multifunctional facilities for meetings and conferences of various types, including two congress halls with capacities of up to 350 and 450 persons. All of the halls are primarily characterised by their unique high-quality decorations created by Czech artists, their high ceilings, and daylighting. The largest congress hall with a capacity of 450 persons provides access to a terrace connected to our extensive garden, which will certainly be a pleasant change for your meetings in the summer months, and which can be used for a light lunch or coffee break.",Czech Republic,19.509354,,,
HARMONY CLUB HOTEL,18880020.0,"Czech Republic, Královéhradecký, Hradec Králové, 543 51",https://www.linkedin.com/company/harmonyclubhotel,www.harmonyclub.cz,Wellness hotel,Czech Republic,18.88002,,,
Dudes & Barbies S.r.o.,18880020.0,"Czech Republic, Praha, Prague, 791/31 Tusarova, 17000",https://www.linkedin.com/company/dudes-barbies,www.dudesandbarbies.cz,"My, co stojíme za Dudes&Barbies, neoddělujeme práci a zábavu, protože děláme to, co nás baví. Pořád hledáme inspiraci, jak věci zdokonalovat a posouvat o kus dál. Ve všem fungujeme zásadně na doraz – jsme už prostě takoví.",Czech Republic,18.88002,,,
Alcron Hotel Prague,18250686.0,"Czech Republic, Praha, Prague, 40 Stepanska, 110 00",https://www.linkedin.com/company/alcron-hotel-prague,www.alcronhotel.com,"Built in 1932, the Alcron Hotel has always been at the center of the city’s cultural scene. The luxurious Art Deco property is home to The Alcron, Michelin-starred restaurant 2012 – 2017, and the Be Bop Lobby Bar, a world-class bar serving unique and entertaining cocktails as well as rare spirits. The Alcron Hotel is close to the Old Town Square, Charles Bridge, Wenceslas Square, and Prague Castle. After its opening, this 5-Star Hotel in Prague became the preferred destination of statesmen, politicians, and artists. Our guests appreciate the world-class hospitality and unparalleled service our team delivers at any point of contact. We offer the friendliest and most personable service around.",Czech Republic,18.250686,,,
Asten Hotels,17621352.0,"Czech Republic, Praha, Prague",https://www.linkedin.com/company/asten-hotels,www.astenhotels.com,"Asten Hotels is young and dynamic company, which was introduced to the hotel market in April 2012 and it is a modern and dynamic group enhanced in management and representation of independent luxury boutique hotels. The firm was created and is actively managed by company partners Mr. Jiří Gajdošík a Mr. Vladan Hájek. Asten Hotels is creating a portfolio of luxury boutique hotels in the Central European region. The company wants to be reliable partner for individual travellers as well as for business professionals in the upscale hotel business. Simply – Asten Hotels offers one stop shop for luxury boutique hotel in Central European region. In August 2012 the portfolio of Asten Hotels counts in total 7 properties – some in Prague and some in the countryside. Our current partners are Alchymist Hotels in Prague, Chateau Mcely, Augustiniánský Dům in Luhačovice, Grund Resort Golf & Ski in Mlade Buky a Bellevue Hotel in Benešov. Two more properties will be added during the autumn 2012. Excellence and care – we live up to these promises every day for our clients and our partners. Asten Hotels staff undergo a comprehensive training program, thus our main goal is maintained at all times – to ensure the best possible guest experience at our luxury hotels in Czech Republic with world renowned spas, so that our visitors become our regular clients, friends and ambassadors.",Czech Republic,17.621352,,,
The Emblem Hotel,17621352.0,"Czech Republic, Praha, Prague, 19 Platnerska",https://www.linkedin.com/company/the-emblem-hotel,www.emblemprague.com,"The Emblem Hotel is a Luxury Boutique hotel based in Prague, catering to individuals who want to feel a part of Prague's historic city.  Opened in September 2013, the property boasts 59 beautifully designed rooms, a world-class restaurant and bar, a roof-top spa and terrace with amazing views over the city, and a private lounge.  We are located just a stone throw away from Prague's Old Town Square, the ancient astronomical clock and the famous shopping street Parizka. Taking a stroll in the opposite direction will take you to the Charles Bridge offering spectacular views of the Prague Castle within minutes.",Czech Republic,17.621352,,,
Design Hotel Josef Prague,17621352.0,"Czech Republic, Praha, Prague, 20 Rybná",https://www.linkedin.com/company/hotel-josef-prague,www.hoteljosef.com,"Exquisite architecture & remarkable minimalist design by acclaimed Czech architect Eva Jiřičná. Commitment to modern luxury & thoughtful hospitality. Welcome to Hotel Josef.  Located on a quiet side street in Prague’s charming Old Town quarter. Just a stone’s throw away from the main tourist attractions of Prague. Surrounded with twisted cobblestone streets filled with unique restaurants, cafes, native Czech design shops and architectural wonders.  HOTEL ROOMS Soaring glass-and-steel interiors of all 109 rooms blend clean lines and refined textiles. A calming beige and gray backdrop accented by bold reds and oranges creates a truly inviting atmosphere. Bathrooms are another stand-out feature: wall-to-wall glass or refined limestone create a space of ultimate relaxation. MEETING ROOMS Stylish and inspiring event & meeting spaces can conveniently accommodate up to 80 attendees. Most suitable for off-site meetings, multi-day conferences, brainstorming and presentations, our conference rooms come fully furnished & equipped with built-in audio-visual capabilities, complimentary high-speed WiFi, on-site event coordinators and Beverage Service. FINE DINING Eat, drink, unwind: a city-center oasis. Hotel Josef’s restaurant, a bright and airy 130 m2 space furnished with timeless Thonet hand-woven cane chairs, houses an authentic in-house French bakery where breads and pastries are made fresh every morning. A selection of locally sourced meats, cheeses and produce as well as a “healthy corner” with an abundant selection of superfoods and grains and an à la carte menu are served daily each morning.",Czech Republic,17.621352,,,
Chateau Mcely,16992018.0,"Czech Republic, Středočeský Kraj, Mcely, 28936",https://www.linkedin.com/company/chateaumcely,www.chateaumcely.cz,"Chateau eco-chic hotel situated just 40 minutes drive from Prague. It’s an ideal location for romantic getaways, spa breaks, families, weddings and company meetings.",Czech Republic,16.992018,,,
Revo Hospitality Group CZ & SK,16929585.0,"Czech Republic, Praha, Prague, 16000",https://www.linkedin.com/company/hrg-czech-republic,revo-hospitality-group.com,"In the Czech Republic Revo Hospitality Group operetes at Vienna House by Wyndham Diplomat Prague, Vienna House by Wyndham Andel's Prague, Vienna House Easy by Wyndham Pilsen and Amedia Express Prague, Trademark Collection by Wyndham, and Vienna House Easy by Wyndham Bratislava in Slovakia.",Czech Republic,16.929585,,,
OREA Hotels & Resorts,16532643.0,"Czech Republic, Praha, Prague, 24 Bělohorská, 169 00",https://www.linkedin.com/company/orea-hotels,www.orea.cz,"OREA HOTELS - that is almost 6000 available, comfortable beds, 1200 comfortable seats at tables groaning with high-quality foods, dozens of prestigeous international awards, thousands of beautiful experiences of our honourable guests and more than a thousand of professionals who feel happy to take care of you in the largest Czech hotel chain with more than 20 hotels in the most attractive destinations all over the Czech Republic.",Czech Republic,16.532643,,,
STAGES HOTEL Prague A Tribute Portfolio Hotel,16362684.0,"Czech Republic, Praha, Prague, 19a Českomoravská, 19000",https://www.linkedin.com/company/stages-hotel-prague,www.stageshotel.com,Modern Superior first class hotel opposite to O2 arena and O2 universum. 300 rooms incl. 27 suites 6 multifunctional conference rooms Backstage Bar with external terrace (piazzetta) Lifestyle restaurant for 160 guests with access to inner atrium Music hall for stylish events Lobby lounge Fitness Underground parking for 100 cars,Czech Republic,16.362684,,,
Hotel Praha,16252402.0,"Czech Republic, Praha, Prague, 20 Susicka",https://www.linkedin.com/company/hotel-praha,www.htlpraha.cz,"Exclusive 5* hotel in Prague with 136 guest rooms and suites. All guest rooms benefit private terrace and amazing view to the Prague Castle. Usual layout of our guest rooms is from 27 to 150 sq.m.  Guests can use Spa Magnolia fitness, sauna and swimming pool free of charge. Companies are more than welcome to hold their meetings, conferences and social events. Individualy you can enjoy great view from the terrace when dinning in the Lavande Cuisine Restaurant.",Czech Republic,16.252402,,,
Le Palais Art Hotel Prague,15733350.0,"Czech Republic, Vinohrady, 1 U Zvonarky",https://www.linkedin.com/company/le-palais-art-hotel-prague,www.lepalaishotel.eu,"The luxury Le Palais Art Hotel Prague is a striking example of Belle Époque architecture. The historic ornamental stucco and magnificent wall paintings help to create an unforgettable impression. A special atmosphere can be found in the spacious rooms and suites at our luxury hotel in Prague. The intimate size of  Le Palais (72 rooms) guarantees a different approach to our guests, a personal, refined approach in every single detail. This attention to the details, the personal touches and guest oriented assistance distills in a uniquely Italian artistic atmosphere.",Czech Republic,15.73335,,,
Don Giovanni Hotel Prague,15575219.0,"Czech Republic, Praha, Prague, 3 Vinohradska, 13000",https://www.linkedin.com/company/don-giovanni-hotel-prague,hotelgiovanni.cz,"Don Giovanni Hotel Prague is a 4-star hotel located in Prague's popular residential area of ""Vinohrady"" in close proximity to the city centre. It is a modern city hotel built in 1995 and it is named after Mozart's opera Don Giovanni. The Hotel provides 411 spacious, air conditioned guest rooms, the majority of them offer exceptional views of Prague. Don Giovanni has 5 restaurants and bars (Allegretto, Teatro I and Teatro II, Amadeus lobby bar and on 12th floor the Executive Lounge with roof terrace). The Hotel also has one of the biggest conference / meeting capacities in Prague. Conference rooms offer daylight and are connected with the hotel terrace. Leisure time facilities include the ""Spa and Fitness Centre"" on the 12th floor of the Hotel. Other services provided by the Hotel are the beauty salon, gift shop, concierge, secretarial services, internet centre, indoor car parking and porterage.",Czech Republic,15.575219,,,
GASTRO MACH S.r.o.,15104016.0,"Czech Republic, Olomoucký, Olomouc, 449 Za Podjezdem, 790 01",https://www.linkedin.com/company/gastro-mach,gastromach.cz,Zabýváme se projektovou činností v oblasti technologie stravování. Kompletní kuchyni Vám na míru dodáme a zaškolíme. Nabízíme záruční i pozáruční servis. *Projektová činnost gastronomických provozů. *Dodavatelská činnost zařízení pro gastronomii. *Servisování zařízení v oboru gastronomie.,Czech Republic,15.104016,,,
Design Hotel Neruda,14474682.0,Czech Republic,https://www.linkedin.com/company/design-hotel-neruda,www.designhotelneruda.com,"Design Hotel Neruda is located directly below Prague Castle, at the top of Neruda Street, in historic building from the 1348, which combines atmosphere of the original interior with modern elements and materials designed by famous architect and designer Borek Sipek and Barbora Skorpilova.",Czech Republic,14.474682,,,
Maximilian Hotel Prague,14474682.0,"Czech Republic, Praha, Prague, 14 Haštalská, cz-110 00",https://www.linkedin.com/company/maximilian-hotel,www.maximilianhotel.com,"Maximilian Hotel fuses refined design with deluxe comfort and flawless service, welcoming travelers from all over the world. Conveniently situated within walking distance of Prague’s Old Town Square, Charles Bridge, the Astronomical Clock and Wenceslas Square.   HOTEL ROOMS Maximilian Hotel features 71 cozy, newly renovated guest rooms across two historical buildings.  MEETING ROOMS Two spacious meeting facilities, the Garden Room and Library, provide ample natural daylight and large windows to create a working space that is functional yet thoughtfully furnished. The more intimate Library is ideal for smaller board meetings, private dinners and events. BRASSERIE Renowned Viennese restaurateur, Marco Simonis, known for his Urban Appetite franchise, has brought his casual-chic concept to the Czech capital. Combining artful interiors with sustainable local cuisine, Brasserie Maximilian serves classic European cuisine with a modern touch. PLANET ZEN SPA A firm favorite with both locals and hotel guests, our peaceful in-house spa is staffed with well-trained massage therapists highly skilled at immersing body, mind and spirit in all aspects of health and wellness.",Czech Republic,14.474682,,,
Hotel Victory,13845348.0,"Czech Republic, Popůvky, 35 Vintrovna, 664 41",https://www.linkedin.com/company/hotelvictory,www.hotelvictory.cz,"Resort Victory se skládá z hotelu Victory, restaurace Signature, casina Victory a thajských masáží ThaiStar. Hotel Victory poskytuje ubytování v moderně a designově zařízených pokojích.  Restaurant Signature a tým šéfkuchaře Pavla Veltruského, který byl mimo jiné privátním kuchařem Julie Roberts nebo sous chef ve 3* michelinské restauraci Waterside Inn u Alaina Roux, pro Vás připraví menu, které uspokojí i toho nejnáročnějšího zákazníka.  Dokonalý relax zajistí thajské masáže ThaiStar - odevzdejte se do náručí profesionálních thajských terapeutek, které se postarají o Vaši tělesnou a duševní harmonii. Vychutnejte si velmi příjemný zážitek, který pozitivně ovlivní Vaše tělo i mysl. Součástí resortu je také Casino Victory - svým hostům zaručuje diskrétnost a nezapomenutelný zážitek ze hry. Nadchne Vás skvělá atmosféra tvořená profesionálně vyškoleným personálem a luxusní prostředí.  špičková gastronomie | konferenční prostory | eventy na míru | rodinné oslavy | rodinné brunche | svatby | catering | ****ubytování | snídaně | business meeting point | thajské masáže",Czech Republic,13.845348,,,
Mosaic House Design Hotel Prague,13845348.0,"Czech Republic, Praha, Prague, 4 Odborů, 120 00",https://www.linkedin.com/company/3005282,www.mosaichouse.com,New sustainable hotel in Prague for an unforgettable city break or business trip. In a prime yet quiet location. Enjoy and experience unique installations by renowned national and international designers and artists. New Mosaic House is the urban oasis. 94 rooms Café Private SPA,Czech Republic,13.845348,,,
Olšanka Congress & Wellness Hotel Prague,13543668.0,Czech Republic,https://www.linkedin.com/company/hotelolsanka,www.hotelolsanka.cz,"The Olsanka Congress & Wellness Hotel Prague is a leading hotel, which has been offering business and leisure travellers the finest in accommodation, conferences, sports amenities, catering and value in the Czech capital since 1991. Currently, the hotel offers 264 guest rooms, 17 conference halls, ten sports facilities, three restaurants and bars. Essential to our success is the employment of high-quality people. Our employees profit from a wide range of benefits we provide them. We employ over 100 employees made up of over six nationalities, who receive a competitive salary, five weeks paid holiday and a benefits package, and are offered professional development opportunities to further their careers. If you are a high-performer seeking a career challenge, personal and professional development, and reward and recognition for your contributions, then our hotel is the perfect opportunity for you.",Czech Republic,13.543668,,,
AZ Catering Services S.r.o,13216014.0,"Czech Republic, Plzeňský, Pilsen, 4 Sladovnická, 326 00",https://www.linkedin.com/company/az-catering-services-s-r-o,naspilce.com,AZ catering services s.r.o is a company based out of Czech Republic.,Czech Republic,13.216014,,,
Prague City Apartments,13216014.0,"Czech Republic, Praha, Prague, 4 Karoliny Svetle",https://www.linkedin.com/company/prague-city-apartments,www.prague-city-apartments.cz,"Naše společnost Prague City Apartments má v oblasti pronájmu servisovaných apartmánů již dlouholetou tradici - vznikla už v roce 1993. V současnosti spravujeme 72 moderních, kompletně zařízených apartmánů, které se nacházejí přímo v centru Prahy. Naši klientelu tvoří převážně hosté, kteří zde pobývají dlouhodobě, ale samozřejmě poskytujeme také krátkodobé i střednědobé pronájmy.  Našim klientům jsme k dispozici 24 hodin denně, a to na jedné ze dvou recepcí, která sídlí přímo naproti Národnímu Divadlu. Zde se nachází i veškeré zázemí a kanceláře společnosti. Druhá recepce, která je v blízkosti Pařížské ulice, poskytuje klientům servis 12 hodin denně. Součástí našeho kompletního servisu jsou služby housekeepingu, technického oddělení a concierge. V Prague City Apartments se staráme nejen o pohodlí klientů, ale také našich zaměstnanců. Pravidlně organizujeme teambuildingy do Čech i do zahraničí a zaměstnanci mají možnost využívat výhody Multisport karty a jazykových kurzů. Pracovníci oddělení Guest Services, kteří jsou denně v osobním kontaktu s našimi klienty, mají také k dispozici přípěvek na oblečení. Naše apartmány si mohou zaměstnanci dokonce několikrát do roka ""půjčit"" pro sebe, nebo své blízké. S našimi kolegy si také zpestřujeme pracovní čas například každo-pátečními tématickými dny a nebo naší tzv. ""Mood board"", kde si označujeme naši aktuální náladu. Tohle všechno tvoří ten největší benefit práce u nás - velmi zábavný, uvolněný a přátelský kolektiv.  O tom, jak to u nás doopravdy chodí, se můžete přesvědčit v tomto videu: https://www.youtube.com/watch?v=YxbF5T-Ez3g Pokud Vás naše firma zaujme a už se vidíte v našem PCA kolektivu, neváhejte nás kontaktovat - práce je tu dost a neustále hledáme někoho zajímavého do našeho týmu!  Ozvat se nám můžete na PRACE@PRAGUE-CITY-APARTMENTS.CZ a nezapomeňte přiložit tvoje CV s fotografií a pár řádků o Vás - PROČ zrovna VY byste měl patřit do našeho týmu?  Těšíme se na Vás! :)",Czech Republic,13.216014,,,
THERMAL-F A.s.,12682430.0,"Czech Republic, Karlovarský, Karlovy Vary, 2001/11 I. P. Pavlova, 360 01",https://www.linkedin.com/company/thermal-f-a-s-,www.thermal.cz,"Společnost THERMAL-F, a.s., provozuje SPA hotel Thermal v Karlových Varech, který je ve světě známý zejména díky Mezinárodnímu filmovému festivalu v Karlových Varech. Hotel Thermal patří ke klenotům československé architektury 20. století. Vznikl na základě projektu významných architektů Věry a Vladimíra Machoninových (navrhli také např. obchodní dům KOTVA). Hotel spojuje lázeňskou část s ostatními čtvrtěmi Karlových Varů a je tak umístěn na strategicky významném místě v samém centru lázeňského města. Stavba je zajímavě začleněna do terénu, přízemní prostory jsou otevřené do okolí a interiér odděluje čistá skleněná plocha. Hlavními použitými materiály jsou beton, sklo a kov. V interiéru se uplatňuje různě barvené dřevo a originální interiérové doplňky (např. lustr, navržený ikonou českého sklářského designu René Roubíčkem). Budově dává výraz její originální konstrukce. Na panelové věži jsou navlečeny kovové rámy, na kterých z přední strany visí balkóny. Půdorys hotelu připomíná tvar promítačky, obrys velkého a malého sálu tvoří při pohledu shora dvě filmové cívky.  Hotel je jednou do roka srdcem mezinárodního filmového festivalu. Mimo toto období funguje jako lázeňský hotel zaměřený na klasickou karlovarskou lázeňskou léčbu a samozřejmě také využívá rozsáhlé konferenční prostory pro pořádání velkých kongresů. Misí zaměstnanců hotelu je s využitím jedinečných přírodních zdrojů navracet hostům zdraví a elán do života a vytvářet jim na jejich cestách druhý domov.",Czech Republic,12.68243,,,
Amenity Resorts S.r.o.,12586680.0,"Czech Republic, Praha, Prague, 1113 Ratajova, 148 00",https://www.linkedin.com/company/amenity-resorts,www.amenity.cz,"Amenity Resorts offers various kinds of accommodation in the midst of nature in the most beautiful places in the Czech Republic: Lipno, Spindlerův Mlýn and Czech Canada. Each location is different, but they all share something in common: beautiful nature, comfortable accommodation and excellent premises for organising social and company events.   Amenity Resorts currently operates three four-star resorts with 350 beds in total. It offers accommodation in hotel rooms or spacious family houses, all with the most modern furnishings. Guests can enjoy modern wellness and sporting facilities, playgrounds for children and restaurants that serve regional specialities and international cuisine.",Czech Republic,12.58668,,,
Art Nouveau Palace Hotel Prague,12586680.0,"Czech Republic, Praha, Prague, 12 Panská",https://www.linkedin.com/company/art-nouveau-palace-hotel,www.palacehotel.cz,"The Art Nouveau Palace Hotel embodies traditional elegance and luxury, with Viennese Art Nouveau-style façades and interiors. Soft lights in the warm and inviting guestrooms create a cosy atmosphere where guests can forget the hustle and bustle of the city below. The hotel is located in the city centre of Prague just off Wenceslas Square and within walking distance of historical sightseeing attractions and close to the business, shopping and entertainment areas.",Czech Republic,12.58668,,,
Hotel Leonardo Prague,12586680.0,"Czech Republic, Praha, Prague, 27 Karoliny Svetle",https://www.linkedin.com/company/hotel-leonardo-prague,www.hotelleonardo.cz,"Just a few steps away from the Charles Bridge and the Old Town Square, in the very heart of Prague, lies the boutique Hotel Leonardo Prague. The hotel offers 82 spacious elegant rooms and suites that have been furnished with unique antique pieces from Prague’s extensive art nouveau heritage. An open-air ambient courtyard is the pride of our 4 star hotel in Prague. This is the ideal spot to catch your breath and relax to the sounds of falling water from our Art Deco fountain in an oasis of peace in the center of Prague. Hotel Leonardo Prague, located in the heart of Old Town, offers unique and multifunctional meeting rooms and facilities that are suitable for business meetings & events, corporate trainings, press releases, smaller conferences or any type of social events as receptions, graduation parties, banquets, birthday parties, company events or Christmas parties. Hotel Leonardo is the ideal conference and business hotel in Prague with a high quality service to ensure your event is successful. Our Prague boutique hotel lies in the middle of the historical city center. Everything can be reached on foot from here – be it the Charles Bridge, Old Town Square or Jewish Quarter. Recently the hotel has achieved various traveler awards such as TripAdvisor Travelers' Choice® 2014 Winner for Top Hotels as well 2014 Certificate of Excellence Award. Hotel Leonardo Praha is a proud member of the WORLDHOTELS First Class Collection.",Czech Republic,12.58668,,,
Ventura Group,12586680.0,"Czech Republic, Praha, Prague, 60/114 Nádražní, 15000",https://www.linkedin.com/company/venturagroup,www.venturagroup.cz,"Ventura Group svádí dvě větve jedné společnosti – Ventura Food & Catering a VENTURA, spol. s r.o. – pod společnou střechu. Jsme ryze česká rodinná firma, jejíž kořeny jsou napevno zapuštěné do milovaného pražského Smíchova. Většinu našich podniků proto hledejte právě tady.  Provozujeme 4 vyhlášené restaurace – Plzeňský restaurant Anděl, Kozlovnu Lidická, Plzeňský restaurant Kamera a Restauraci U Černého orla. Víme, co lidem chutná, a rádi jim to naservírujeme i formou cateringu. Český catering pravidelně mění hosty hladové v hosty spokojené, a to na svatbách, soukromých oslavách i velkých firemních večírcích.  Naše restaurace a catering mají tři věci společné. Zaprvé bezva lidi, kteří za nimi stojí. Bez nich by to nešlo. Za druhé poctivou českou gastronomii, která se neobejde bez domácích surovin od našeho řezníka, pekařky a knedlíkářky. A za třetí sakra dobře ošetřené plzeňské pivo.           Restaurace se u nás běžně vyskytují v tandemu spolu s ubytováním. Zatímco Anděl Apartments na Smíchově nabízejí moderní apartmány a studia s kuchyňkou přímo v centru dění, luxusní Residence U Černého orla na Malé Straně je komornějšího ražení a jako stvořená pro odpočinek a romantické chvilky ve stínu Pražského hradu.        Kdo nás chce mít za sousedy, ať se podívá na naši nabídku volného ubytování. Apartmány Kamera na Barrandově a prostorné byty v ulicích Lidická, Kroftova a Štefánikova na Smíchově jsou zařízené pro dlouhodobé bydlení.    Provozujeme hotely a restaurace s chutí, od srdce.",Czech Republic,12.58668,,,
Art Deco Imperial Hotel Prague,12586680.0,"Czech Republic, Praha, Prague, 15 Na Poříči",https://www.linkedin.com/company/art-deco-imperial-hotel-prague,www.hotel-imperial.cz,"A gem of genuine Art Deco architecture, Prague Art Deco Imperial Hotel provides luxury accommodation and superior services to business and leisure travellers who prefer intimacy and individual approach of a boutique hotel to busy big brand places.  Centrally located unique property in historic ambience of an original building from 1914. The magnificent rooms of Café Imperial boast exquisite ceramic mosaics, the tile-decorated walls and pillars overflowing with rich floral and animal ornamentation. Combining latest technology and modern comfort with fabulous original Art Deco interiors, Art Deco Imperial Hotel features 126 fully equipped rooms and suites, highly variable conference facilities, famous Café Imperial and Imperial Restaurant, as well as a Fitness & Spa Club.",Czech Republic,12.58668,,,
Botanique Hotel Prague,11957346.0,"Czech Republic, Praha, Prague, 11 Sokolovska, 186 00",https://www.linkedin.com/company/botaniquehotelprague,www.hotelbotanique.com,"Botanique Hotel Prague is a contemporary lifestyle hotel focused on guest comfort located in Prague City Centre - Florenc, just a short walk from Prague Old Town. Our 214 modern rooms, spacious, bright & cosy rooms are equipped with comfortable beds, full HD Samsung Smart TVs, fast free Wi-Fi and all you need amenities. The hotel also offers several state-of-the-art conference rooms, Bistro & Bar serving comfort food classics as well inspiring cocktails, gym and onsite parking garage.",Czech Republic,11.957346,,,
Buddha-Bar Hotel Prague,11957346.0,"Czech Republic, Praha, Prague, 8 Jakubska",https://www.linkedin.com/company/buddha-bar-hotel-prague,www.buddhabarhotelprague.com,"A creative and innovative concept of Buddha-Bar presents the first ever Buddha-Bar Hotel in the world.  This boutique hotel, located in the vibrant heart of Prague close to the Old Town Square, strives to exceed the highest standards of a luxurious hotel while enhancing every guest’s stay with a lifestyle atmosphere which caters to absolutely all senses, in a pure Buddha-Bar style. The Buddha-Bar Hotel goes beyond expectations to ensure a relaxing and rejuvenating experience through its mystical fusion, exquisite designs and culinary delights served in two unique “eatmosphere” venues. Highly personalized services, designer furniture, superb materials, state-of-the-art technology and top-end amenities turn the stay into a pure joy.  Trendy guest rooms are fitted with HD Interactive TV Solutions (40´´ B&O) with possibility to tune the chic compilations or live DJ, Nespresso Coffee Machines and Subzero Private Bars.  Soothing comfort, flair and contemporary Asian-Colonial ambience create the perfect environment for a memorable experience.  It is “not just another hotel, it’s a lifestyle...”",Czech Republic,11.957346,,,
The Grand Mark Prague A Member Of The Leading Hotels Of The World,11957346.0,"Czech Republic, Praha, Prague, 12 Hybernská",https://www.linkedin.com/company/the-grand-mark-prague,www.grandmark.cz,"The Grand Mark hotel situated in Hybernska street is perfectly located 5* hotel right next to the most demanded Prague sightseeing. From hotel balcony you may see one of the history icons – the Powder Tower.   History of the building reaches to 15th century, when it was built as two town houses and afterwards it became a baroque palace. It was used as a residence of many historical person. Through the hall were crossing for example earl Felix Vršovec Sekerka from Sedčice, earl František Věžník from Věžník (according to him public named the palace to Věžníkovský palace) or František Josef, earl from Vrtba, who pass on the palace to family of Lobkowic. The first reconstruction of the building happen at 1928 and the second one became in next millennium, year 2008. During last rebuilding many of neoclassical items have been restored and added with modern design delivered from London galleries. The opening ceremony of the hotel took a place in October 2008, from when can guests accommodate them self in 75 luxurious and spacious rooms and suites. Every room is its own original and offers biggest possible comfort, starting from double floored suites through rooms with balcony with a view to city center, to biggest suites with private terraces and Jacuzzi.",Czech Republic,11.957346,,,
The Mozart Prague,11512118.0,"Czech Republic, Praha, Prague, 34 Karolíny Světlé, 11000",https://www.linkedin.com/company/pachtuv-palace-prague,www.themozart.com,"The Mozart Prague (formerly Pachtuv Palace & Smetana Hotel) is a luxury boutique hotel with a dazzling history. In 2015 hotel becomes privately owned and operated by Ott Properties s.r.o. This hotel has unique location and very special selection of rooms and suites. The special features of the building such as frescoes, vaulted chapel ceilings, sculptures and fireplaces make perfect bled of romance, coziness and comfort. The team of The Mozart do its best every day to make the stay of each guest unforgettable experience. Experience sightseeing from your room with the best view of all Prague from our hotel.",Czech Republic,11.512118,,,
TOP HOTEL PRAHA & CONGRESS CENTRE,10834935.0,Czech Republic,https://www.linkedin.com/company/top-hotel-praha-&-congress-centre,www.tophotel.cz,"TOP HOTEL Praha & kongresové centrum je rozsahem svých služeb zcela unikátní hotel. Hostům nabízí ubytování ve více než 800 pokojích a apartmá, kapacitu až 5000 kongresových míst, restaurace a bary s českou i mezinárodní kuchyní, catering, wellness, japonskou zahradu či rozlehlé parkoviště. Díky své velké kapacitě, dobré dostupnosti do centra a široké nabídce je TOP HOTEL Praha**** ideálním místem nejen pro konání kongresů, konferencí či školení, ale i pro konání svateb, sportovních akcí, večírků a koncertů a samozřejmě i pro individuální a organizovanou turistiku.",Czech Republic,10.834935,,,
Hotel KING DAVID Prague,10834935.0,"Czech Republic, Praha, Prague, 42 Hybernska",https://www.linkedin.com/company/5090475,www.hotelkingdavid.cz,"We are a five-star boutique hotel that provides comfortable accommodation and dining in the centre of Prague. Enjoy your stay at this new property, that has recently refurbished all bedrooms and the Café & Lobby bar. For those who require, the hotel offers full kosher services and in-house Synagoge.",Czech Republic,10.834935,,,
Chateau Herálec ***** Boutique Hotel & Spa By L Occitane,10834000.0,"Czech Republic, Vysočina, Havlíčkův Brod, 582 55",https://www.linkedin.com/company/chateau-herálec-spa-by-l-occitane,www.chateauheralec.travel,"We offer you the luxury of a five-star boutique hotel, unique and sleek interior design and exclusive services in one of the most beautiful and romantic castles in the Czech Republic. Our luxury chateau has an excellent location with direct access from the D1 highway and very good proximity to the international airports in Vienna, Prague, and Brno. Helicopter landing in the chateau premises is also possible. Accompanied by an English park from the 18th century, Chateau Herálec is located in the Vysocina region that has the highest amount of UNESCO World Heritage sites in the country and is dominated by pristine and beautiful nature filled with deep forests, blooming pastures, and breathtaking panoramas. For its visitors, it represents a true zen oasis as time spent at our hotel in its spacious rooms and apartments is time spent in absolute privacy and undisturbed peace. Specialties of Chateau Heralec include one of the largest collections of branded Bordeaux wines in the Czech Republic as well as an exquisite cuisine providing an authentic gastronomy experience based on fresh and local ingredients without any chemical additives. Chateau Herálec, one of the most luxurious hotels in the Czech Republic, provides you also with a unique wellness &spa concept. Our castle Spa by L’OCCITANE guarantees a spa experience equivalent to the one you would receive in the original Spa L’Occitane in the 5* hotel Couvent des Minimes in Provence. Experience true relaxation and indulge yourself in the luxurious comfort of our castle hotel with the natural cosmetics of the highest quality, L’OCCITANE.",Czech Republic,10.834,,,
Amici Pizza & Burgers,10157751.0,"Czech Republic, South Moravian, Brno",https://www.linkedin.com/company/amici-pizza-and-burgers,www.amici.cz,,Czech Republic,10.157751,,,
Garzotto Hotels & Resorts S.r.o.,10069344.0,"Czech Republic, Praha, Prague, 90/17 Spálená, 11000",https://www.linkedin.com/company/garzotto-hotels-&-resorts-s.r.o.,www.ghotels.cz,"Garzotto Hotels & Resorts is a hotel chain founded by the Italian family Garzotto. It has been operating in the Czech Republic since many  years enlarging in few time its portfolio up to 8 properties. Garzotto & Hotels Resorts runs 5 hotels in Prague and 3 hotels in the spa resort of Marienbad. Garzotto´s properties represent the Italian quality and professionality in the field of 4 star accommodation making this hotel chain a reality in the tourism environment in the Czech Republic. Garzotto Hotels & Resorts offers accommodation services meeting all types of guests´needs, both travellers and businessmen. Its wide hotel offer includes: stylish hotels, boutique and romantic hotels, spa wellness hotels, hotel with conference facilities.  All the hotels are located in very central areas both of Prague and Marienbad providing the best services in their categories.",Czech Republic,10.069344,,,
Hotel Amarilis,10069344.0,"Czech Republic, Praha, Prague, 18 Štěpánská, 11000",https://www.linkedin.com/company/hotel-amarilis,www.amarilis.com,"Hotel Amarilis nabízí 4hvězdičkové ubytování v samotném centru Prahy. Najdete nás jen několik kroků od Václavského náměstí. Budova z roku 1929 prošla rekonstrukcí, přesto jsme se pokusili zachovat kouzlo prvorepublikového funkcionalismu a zkombinovali příjemný a dobový design s moderním vybavením. Kromě ubytování nabízíme také zdravé stravování v restauraci Amaryla, konferenční prostory s kapacitou až 150 osob a wellness centrum Energia, kde zregenerujete tělo i duši. Skvělá lokalita umožňuje našim klientům navštěvovat památky, nakupovat a užívat si nočního života dle libosti. A to vše pár minut od pokoje s pohodlnou postelí a nadstandardním vybavením. Set na přípravu kávy a čaje, LCD televize, WiFi a trezory jsou na našich pokojích samozřejmostí. Hotel se vyznačuje tím, že společné prostory i jednotlivé pokoje dodržují zásady čínského učení Feng Shui. Můžete si vybrat pokoj dle vašeho elementu. Během vašeho pobytu se budeme snažit udělat maximum pro to, abyste se k nám rádi vraceli.",Czech Republic,10.069344,,,
Duplex Club & Restaurant,9889138.0,"Czech Republic, Praha, Prague, 21 Václavské Náměstí Prague",https://www.linkedin.com/company/duplexprague,www.duplex.cz,"During the day, Duplex is an ideal location for deliciously lunch, or dinner. At night it transform itself into one of Prague´s most exclusive club. It is designed as huge glass cube, built on the roof (6th and 7th floor) of a building on Wenceslas square. There are unforgettable views of the magic Prague city from the terrace balcony. Two platforms, four bars, great sound, lights and highly proffesional staff provide you with a comfort you would expect. Duplex club was awarded with membership of The World´s Finest Clubs.",Czech Republic,9.889138,,,
Your Prague Hotels,9440010.0,"Czech Republic, Praha, Prague, 5 Zitna",https://www.linkedin.com/company/your-prague-hotels,www.yourpraguehotels.com,"Private chain owns 5 four stars hotels in Prague connecting the functionality and elegant design in Italian style.  We have central reservation department located in HOTEL ROMA PRAGUE * * * *, which is conveniently settled down in picturesque area of Lesser Town, closed to famous Petrin look out tower. Our second property, HOTEL CAESAR PRAGUE * * * *is located in the city center closed to Charles square or famous Dancing house, just 500 metres from our third property called HOTEL PRAGA 1 * * * *  with its 31 rooms. HOTEL BESEDA PRAGUE includes 136 rooms is just around the corner and offers accommodation for families with children or larger groups. HOTEL GALILEO PRAGUE * * * * is in quiet Prague area, appropriate especially for pairs or guests looking for privacy and wish not to be in the center of night life. All of the hotels are 4stars and located about 1 km - 2 km from the city center. We offer free Wireless connection and you can find also place for parking in the garage, taxi service from the airport or business corner with printer. More information you may find here: www.yourpraguehotels.com We offer to our guests: Accommodation in 4 star hotels Inclusive buffet breakfast Free WiFi-connection Complimentary coffee and tea making facilities Refreshment on the Lobby Bar Laundry Service Parking possibilities Paid sauna & free gym facilities Hotel transportation Meeting rooms for corporates                                                      and more! Do not hesitate to visit our official website: www.yourpraguehotels.com",Czech Republic,9.44001,,,
N-GASTRO CZ A.s.,9009126.0,"Czech Republic, Hlavní Město Praha, 1640/65 5.května, 14021",https://www.linkedin.com/company/n-gastro-cz-a-s-,www.cateringmelodie.cz,"Jsme ryze českou cateringovou společností, která se po celou dobu svého úspěšného působení na trhu řídí heslem, že každý realizovaný event je originálem připraveným na míru pro jednotlivé zákazníky. Stejný důraz je kladen na cateringové akce jak pro desítky, tak pro tisíce hostů. Společnost N-GASTRO CZ a.s. provozuje mimo jiné síť restaurací denního stravování značky LUNCH GARDEN, resp. FOOD GARDEN.",Czech Republic,9.009126,,,
Golf Hostivař,8810676.0,"Czech Republic, Praha, Prague, 565 U Golfu",https://www.linkedin.com/company/golfhostivar,www.golfhostivar.cz,"Multi-use modern golf resort with great training grounds and high quality 9 hole course right in the heart of Prague. You can find all necessary facilities on the grounds including restaurant with delicious culinary treats, meeting and conference facilities, club room with fireplace indoor and outdoor kids playground, changing rooms and deposit boxes for your golf equipment. Golf Hostivař belongs among the most frequented golf resorts because of the easy access from Prague city center.",Czech Republic,8.810676,,,
Parkhotel Praha,8803384.0,"Czech Republic, Praha, Prague, 20 Veletržní",https://www.linkedin.com/company/parkhotel-praha,www.parkhotel-praha.cz,"PARKHOTEL Praha, 4 star hotel built in 1967, is the fascinating building of the 1960’s by award winning architect Mr Edel. If you are coming to Prague our location is 8 minutes from the historic center with all its fascinating sights. We are close to Stramovka Park, Veletrizni Palace and all major high ways. The hotel is superb choice for exclusive conferences of up to 220 people.",Czech Republic,8.803384,,,
ANYBODY - Hotel Který Neexistuje,8181342.0,"Czech Republic, South Moravian, Brno, 10 Zelny Trh, 602 00",https://www.linkedin.com/company/anybody-hotel-ktery-neexistuje,www.hotelkteryneexistuje.cz,"Hotel, který neexistuje: ANYBODY Zatím neexistuje, teprve se tvoří. Hledá svůj tvar. Slovo hotel teď vystihuje jenom jednu funkci tohoto magického místa – strávíte tady parádní noc. Ale kdo by chtěl zůstat jen u přenocování, když může prožít cokoli, stát se kýmkoli, ponořit se hluboko pod hladinu obyčejného. Můj velký sen je, že zažít ANYBODY bude stejně lákavé, ať už přijíždíte přes celou republiku, letíte z Měsíce, nebo bydlíte na druhé straně Zelňáku.  Protože jiný svět se dá objevit i pár metrů od domova.",Czech Republic,8.181342,,,
Adrez Living,8126201.0,"Czech Republic, Praha, Prague, 55 Žatecká, 110 00",https://www.linkedin.com/company/pragueresidences,www.adrezliving.com,"Adrez Living is the largest serviced-apartment operator in the Czech Republic, blending the space and autonomy of an apartment with reliable, hotel-grade service. Its 24-property portfolio in the center of Prague offers fully equipped units, seamless digital check-in, and 24/7 guest support—delivering “home comfort, hotel convenience” to leisure and business travellers alike. Backed by nearly two decades of operating know-how and strong investment support, Adrez Living is charting further expansion across key European gateway cities.",Czech Republic,8.126201,,,
Kongresove Centrum U HAJKU,8126201.0,Czech Republic,https://www.linkedin.com/company/kongresove-centrum-u-hajku,www.kongresyuhajku.cz,"Kongresove centrum U HAJKU is a large conference centre located inside of Pasaz U HAJKU, development project at Na Porici and Na Florenci streets. Easily accesible, in the centre of Prague (tram Bila labut, metro Florenc). Conference centre offers up to 8 different meeting rooms with capacity from 10 to 500 persons.",Czech Republic,8.126201,,,
Eden Group A.s.,7578814.0,"Czech Republic, Karlovarský, Karlovy Vary, 25 Mariánskolázeňská, 360 01",https://www.linkedin.com/company/eden-group-a-s-,edengroup.cz,Eden Group a.s. is a company based out of Czech Republic.,Czech Republic,7.578814,,,
Aria Hotel Prague,7552008.0,"Czech Republic, Praha, Prague, 9 Trziste, 118 00",https://www.linkedin.com/company/aria-hotel-prague,www.ariahotel.net,"ARIA Hotel Prague is a luxury hotel in Prague, located just steps away from The Charles Bridge or Prague Castle adjecent to The Vrtba garden.  Composed of 51 well appointed suites and rooms, each dedicated to a specific style of music or particular artist or composer, the hotel features a first class CODA restaurant with a rooftop terrace, gym, steam, sauna, home cinema and music library.  The 5 star ARIA Hotel harmonizes the unique musical concept with luxurious accommodations, exceptional service and surprising amenities to offer its guests a symphonic experience. Nestled in enchanting Mala Strana, the Little Quarter, ARIA Hotel provides the perfect accompaniment to your stay in „the golden city“ whether it is for a business meeting, a magical holiday, or a romantic Prague wedding and honeymoon.",Czech Republic,7.552008,,,
Graficon DMC,7552008.0,"Czech Republic, Praha, Prague, 23 Senovážné Náměstí",https://www.linkedin.com/company/graficon,www.graficon.cz,"Graficon is one of the leading Czech DMC‘s providing luxury hotel accommodation, spa, medical & conference services in the Czech Republic. We are a growing company founded in 1997 with young, creative and professional staff looking after long-term satisfying relationships with both our clients and business partners. Thanks to our profound experience in arranging accommodation, tours and treatment programs for our multinational clientele together with our rich language and cultural background, we are able to meet all the special needs of our honoured guests and business partners.. We specialize mainly in providing services in the following fields: Leisure accommodation in luxury hotels and residential apartments organised trips tailored to meet our clients‘ special requirements   M.I.C.E. (Meeting, Incentive, Convention, Event) complete conference services, variety of themed teambuilding activities, flexible transfers, delicious catering, remarkable locations, friendly & helpful assistance   Spa & Medical complete spa services and professional healthcare   Our clients and business partners can choose from a wide range of services offered online or can have service packages tailored to meet their specific needs. Our main concern is our clients and the high quality of service we provide to them - this includes a constant search for new ideas and concepts. All hotels, restaurants and locations are carefully chosen, all buses and vans are modern and comfortable and our experienced staff is always on hand to assist.",Czech Republic,7.552008,,,
Hotel Flora Olomouc,7552008.0,"Czech Republic, Olomoucký, Olomouc",https://www.linkedin.com/company/hotel-flora-olomouc,www.hotelflora.cz,Hotel Flora is a modern ten-storey hotel with an international clientele situated in a quiet part of the city of Olomouc next to the city parks where the Flora Olomouc flower shows are held. The hotel is just a ten-minute walk from the historical heart of the city and within reach of tram or rail transport.,Czech Republic,7.552008,,,
Restaurant MOOD,7552008.0,Czech Republic,https://www.linkedin.com/company/restaurant-mood,www.restaurantmood.cz,,Czech Republic,7.552008,,,
SunCafe,7449000.0,Czech Republic,https://www.linkedin.com/company/suncafe,www.suncafe.cz,"SUN CAFE je stylovou nekuřáckou kavárnou s moderním interiérem, kam si můžete zajít na vynikající italskou kávu značky Oro a další sortiment. Díky nekuřáckému prostředí je kavárna ideální také na obchodní setkání či jiné příležitosti, kde můžete využít WiFi připojení k internetu zdarma. Parkovací místa přímo u kavárny.",Czech Republic,7.449,,,
Hotel Albion,7449000.0,Czech Republic,https://www.linkedin.com/company/hotel-albion,www.albionhotel.cz,"Albion Hotel is situated in a quiet residential area of Prague 5, only 6 stations by public transportation to the shopping centre Nový Smíchov Metro station. Families with children will enjoy the stay thanks to the immediate vicinity of a playground. Albion Hotel is a perfect place to meet your friends as well as organize conferences and social events in two conference halls and four banquet rooms. Maximum capacity is 600 seats. It also provides very comfortable accommodation in 290 rooms. Our advantage is a car park with free parking located within the hotel complex. In the hotel, there are two restaurants, a lobby bar with an open fireplace, an outdoor terrace and a beauty salon. Albion Hotel is a great choice for everyone who seeks a peaceful and friendly atmosphere.",Czech Republic,7.449,,,
Hotel UNIC Prague,7449000.0,"Czech Republic, Praha, Prague, 25 Soukenicka",https://www.linkedin.com/company/hotel-unic-prague,www.hotel-unic.cz,"Hotel UNIC Prague is a four star hotel opened in June 2013 right in the heart of the historical city centre, within walking distance to all major historical and cultural attractions and also largest shopping mall and shopping areas. 90 spacious rooms provide a stylishly designed and comfortable accommodation.  All rooms are non-smoking, air-conditioned and equipped with complimentary high speed Wifi, flatscreen TV with international channels, minibar, coffee/tea maker, safe and a work desk to fully satisfy all of your needs. Hotel UNIC Prague offers two private meeting facilities, ideal for your business gatherings:  • Meeting room, capacity up to 30 people • Restaurant ""home by UNIC"" with capacity up to 120 people  Both meeting spaces feature natural light, cosy terrace, free high speed Wi-Fi and audio visual equipment (flip chart, overhead projector and 60” UltraHD Smart TV).  Private parking, tailor made catering, concierge service and an airport transfer are only a few services that Hotel UNIC Prague offers to ensure your business runs as smoothly as possible.",Czech Republic,7.449,,,
Café Louvre,7035606.0,"Czech Republic, Praha, Prague, 20 Národní, 110 00",https://www.linkedin.com/company/cafe-louvre,www.cafelouvre.cz,"Dveře Cafe Louvre se poprvé otevřely v roce 1902. Za ta léta Národní třídou kráčely dějiny, u kavárenských stolků vznikala přátelství, spolky i romány. Za ta léta doba zrychlila, přesto trváme na zachování nejlepších kavárenských tradic. I dnes si tak můžete vychutnat jedinečnou atmosféru historické velkokavárny, jak ji znal Franz Kafka, Albert Einstein nebo T. G. Masaryk.",Czech Republic,7.035606,,,
Volcano Complex Praha,6922674.0,"Czech Republic, Praha, Prague, 839/30 K Sopce, 15000",https://www.linkedin.com/company/volcano-complex-praha,www.volcanocomplex.cz,"Objevte novou dimenzi a načerpejte síly v butikovém Volcano SPA Hotelu inspirovaném krásou okolní přírody. V komplexu naleznete luxusní wellness, spa & beauty, thai massage, nejmodernější fitness ČR, design a jedinečné gastronomické zážitky. Volcano Spa Hotel**** je luxusní čtyřhvězdičkový hotel inspirovaný krásou přírody, která jej obklopuje. Tento butikový hotel na úpatí sopky avšak nedaleko centra Prahy nabízí 21 pokojů a apartmá pojmenovaných po nejznámějších sopkách světa. Unikátní koncept tohoto luxusního hotelu se doplňuje s vybavením pokojů a výjimečnými službami. Hostům je k dispozici rozsáhlé fitness a welness–spa, které zahrnuje saunu s ochlazovacím bazénkem, parní kabinu s éterickými oleji, whirlpool, vyhřívaná lehátka, indoor a outdoor relaxační zónu s pohodlnými lehátky i servis občerstvení s nabídkou čerstvých fit–pokrmů a nápojů. Pobyt ve stylovém Volcano Spa Hotelu je ideálním místem pro milovníky přírody a zdravého životního stylu. Hotel se nachází v prostředí obklopeném uklidňující zelení překrásné přírodní rezervace Prokopské údolí protkaného sítí značených cest a cyklostezek (hotel zajišťuje pronájem jízdních kol). U hotelu se nachází stanice metra ""B"" — Nové Butovice a letiště Václava Havla (12 km, 15 min. jízdy).",Czech Republic,6.922674,,,
Boscolo Prague Autograph Collection,6771834.0,Czech Republic,https://www.linkedin.com/company/boscolo-prague-autograph-collection,www.prague.boscolohotels.com,"Prague is a magic and unique city, where past times have left an indelible and mysterious mark. One of those is a luxury Boscolo Prague hotel, Autograph Collection. The incredible Neo-renaissance palace is now one of a leading luxury designed hotel in Prague. Near to celebrated Prague sights: Old Town Square, Czech State Opera or Wenceslas Square, it exudes the intimate air of a boutique hotel, from the sleek Lobby scented by exotic flowers, to elegant guest rooms appointed with luxurious bedding, marble bathrooms and high-speed Internet access. Master the art of relaxation at the Boscolo Spa with a stunning indoor pool with massage beds, sauna, steam room, treatment salons, and a well-equipped fitness studio. Enjoy culinary surprises with innovative cuisine at the Salon Fine Dining restaurant or the New York Café and relax at the Cigar Bar. The Boscolo hotel in Prague, Autograph Collection offers a refined conference and meeting facilities to please the most demanding clients and meeting planners Websites: www.marriott.com/prgak; www.prague.boscolohotels.com",Czech Republic,6.771834,,,
Designex Food - Provozovatel Stylových Občerstvení,6771834.0,"Czech Republic, Hlavní Město Praha, 73 Dubečská, 10000",https://www.linkedin.com/company/refreshbistro,www.refreshbistro.cz,"NEJLEPŠÍ BISTRO PRO VAŠI ŠKOLU. Kvalitní a prověření dodavatelé spolu s čerstvými surovinami a širokou nabídkou jsou zárukou, že v bistru dokážeme nabízet jen to nejlepší za rozumné ceny. Vždy bez kompromisů.",Czech Republic,6.771834,,,
Super Panda Circus,6771834.0,"Czech Republic, South Moravian, Brno, 3 Šilingrovo Náměstí, 60200",https://www.linkedin.com/company/super-panda-circus,www.superpandacircus.cz,"Rozhrňte závěs a vstupte! V tomto Japonskem inspirovaném barovém šapitó nic nedává smysl, ale o to víc vás to bude bavit. Sedíte na tribuně a před vámi se odehrává vzrušující barmanská podívaná na jejímž konci ochutnáte ten nejúžasnější a zároveň nejdivnější drink svého života.",Czech Republic,6.771834,,,
HOTEL****HORIZONT,6771834.0,"Czech Republic, Pec, 141 Velká, 542 21",https://www.linkedin.com/company/hotel-horizont,www.hotelhorizont.cz,"The corporate event in the HOTEL****HORIZONT in Pec pod Sněžkou is not limited to the classic indoor activities, meeting venues and great level of sedrvices only.Thanks to our partners in the region we can offer an exceptional programme - does not metter if it is during the summer or winter. Become a mountain guide, rescuer, , záchranářem, climber, musher, caver or farmer in Giant Mountains. Then relax in our sport and wellness center or in our famous SKY CLUB 18.",Czech Republic,6.771834,,,
Hotel Růže Český Krumlov,6771834.0,"Czech Republic, Jihočeský, Český Krumlov, 154 Horní",https://www.linkedin.com/company/hotel-růže-český-krumlov,www.hotelruze.cz,"Unique 5 star Hotel Růže located in the former Jesuit dormitory is a charming boutique hotel in historic centre of the town of Český Krumlov, a UNESCO World Heritage Site. Hotel offers 70 luxury rooms, elegant restaurant serving Czech and international cuisine, meeting facilities perfect for all types of events and a Wellness Center with swimming pool, sauna, whirlpool and massages. Should you be interested to join our Hotel Růže team, check out actual job opportunities on janhotels.cz/careers-en.html.",Czech Republic,6.771834,,,
Quality Hotel Brno Exhibition Centre,6293340.0,"Czech Republic, South Moravian, Brno, 20 Křížkovského, 60300",https://www.linkedin.com/company/brno-inn-a-s-,www.qualityhotelbrnoexhibitioncentre.com,"Quality Hotel Brno Exhibition Centre is a great choice when traveling to the Moravian capital. We offer you a pleasant environment, comfortable rooms and relaxation in wellness or sports activities in fitness. We are part of one of the largest hotel companies CPI Hotels, a.s.  Pleasant rooms, modern equipped conference halls, experience and relaxation areas and restaurants scented with world cuisine…. simply the comfort you will love. This is what the services of CPI Hotels, one of the largest hotel groups in the Czech Republic, guarantee you.",Czech Republic,6.29334,,,
Carlsbad Plaza Medical Spa & Wellness Hotel,6293340.0,"Czech Republic, Karlovarský, Karlovy Vary, 25 Marianskolazenska, 360 01",https://www.linkedin.com/company/carlsbad-plaza-medical-spa-wellness-hotel,www.carlsbad-plaza.com,"The Carlsbad Plaza Medical Spa & Wellness Hotel 5* Superior, located in the city center of Karlovy Vary offers its guests accommodation in 151 luxurious rooms including 27 suites measuring up to 216m2. You can find modern conference facilities, luxurious shops, the cozy Sorrento restaurant offering a rich buffet, our new modern #ID Bar and Restaurant which features fusion cuisine as well as live evening music and last but not least 3 daytime bars and 1 night bar with live music. The Carlsbad Plaza is unique especially for its wide range of medical services, including more than 250 types of treatments in the extraordinary Medical Spa & Wellness premises with an area of 3500m2, this includes the Medical Spa Gallery, which uses traditional methods of Karlovy Vary treatments, the Wellnessland with five types of pools and seven types of saunas, the unique treatment Spa Suites for treatments in total privacy and maximum comfort and the Carlsbad Clinic with a wide range of diagnostics, aesthetic and relaxation treatments. As well as the exceptional and luxurious Majestic Medical Suite that offers, as the only one in Karlovy Vary, a completely innovative approach to traditional spa treatment. All under the careful supervision of doctors in 14 different medical specializations.",Czech Republic,6.29334,,,
The Grillhouse,6094000.0,"Czech Republic, Plzeňský, Sušice, 49 Náměstí Svobody",https://www.linkedin.com/company/the-grillhouse,thegrillhouse.cz,"V blízké době otevřeme novou restauraci, která se bude specializovat na grilovaná jídla, kvalitní nápoje a přátelskou atmosféru. Součástí restaurace bude i skvělá kavárna The Coffeehouse a na své si tedy přijdou i milovníci kvalitní kávy.",Czech Republic,6.094,,,
JANÁK BROS.,6067566.0,"Czech Republic, Plzeňský, Pilsen",https://www.linkedin.com/company/janák-bros-spol-s-r-o-,www.janakbros.cz,"JANÁK BROS. je jednou z nejvýznamnějších gastronomických společností podnikajících převážně v západočeském regionu. Pod její křídla patří několik významných gastronomických podniků jako je restaurace PIJEZPI, dvě Potrefené Husy, Restaurace Bohemia, kavárna Měšťanská Beseda, hudební klub PH+ nebo areál Sokolovny v plzeňském Bolevci. Společnost zajišťuje také komplexní cateringový servis. Krédem JANÁK BROS. je poskytovat nadstandardní kvalitu služeb za ceny dostupné běžnému českému zákazníkovi. JANÁK BROS. je prosperující a stále rostoucí společnost, která poskytuje svým zaměstnancům stabilitu, možnost kariérního růstu a  kvalifikovaného uplatnění.",Czech Republic,6.067566,,,
The Julius,6067566.0,"Czech Republic, Praha, Prague, 838/9 Václavské Náměstí, 110 00",https://www.linkedin.com/company/thejuliusglobal,www.thejulius.eu,"Next-generation hospitality, drawn from a proud history of service and quality. Our beautifully designed residences are places to sleep, to stay, and to live, offering sustainable luxury at an accessible price point in prime central locations. Our flagship property is conveniently located in Prague’s historical centre at the heart of all this beautiful city has to offer.",Czech Republic,6.067566,,,
Grand Hotel Hradec,6067566.0,"Czech Republic, Pec, 137 Pec Pod Sněžkou, 54221",https://www.linkedin.com/company/grand-hotel-hradec,www.grandhotelhradec.cz,"Grand Hotel Hradec v Peci pod Sněžkou je designový horský hotel, který nabízí prvotřídní ubytování a širokou škálu služeb pro své hosty. Jeho poloha v srdci Krkonoš ho činí ideálním místem pro aktivní odpočinek, turistiku, lyžování a relaxaci.  Moderní prostorné pokoje jsou vkusně zařízené a nabízejí výhledy na okolní hory, což je nezapomenutelný zážitek. Hotel také disponuje wellness centrem, kde si můžete užít relaxaci po náročném dni venku. Profesionální tým hotelu je vždy ochotný pomoci s jakýmkoli dotazem nebo požadavkem, aby vytvořil příjemnou atmosféru během pobytu. Hotelová restaurace nabízí vynikající gastronomický zážitek s místními specialitami. Pokud hledáte luxusní horské ubytování v Peci pod Sněžkou, Grand Hotel Hradec je skvělou volbou. Doporučujeme ho všem, kteří hledají kombinaci kvalitního ubytování, výborných služeb a malebného horského prostředí. Těšíme se na Vaši návštěvu Grand Hotelu Hradec a věříme, že si zde užijete nezapomenutelný pobyt. Grand Hotel Hradec. Jediný Grandhotel pod Sněžkou.",Czech Republic,6.067566,,,
Hotel Zámek Valeč,6067566.0,"Czech Republic, Valeč, 1 Valeč, 67553",https://www.linkedin.com/company/hotelzamekvalec,www.hotel-valec.cz,"Hotel Zámek Valeč se nachází v kraji Vysočina, hodinu cesty z Brna a dvě hodiny cesty z Prahy. Je proto ideálním místem pro pořádání celorepublikových kongresů a firemních akcí. Od roku 2013 nabízí svým hostům ubytování v historických i moderně vybavených pokojích. V hotelovém komplexu může přespat až 400 hostů. Hotel disponuje prostornou restaurací, pohádkovým wellness centrem s celoročně vyhřívanými vnitřními i venkovními bazény, 9 saunami, Kneippovými chodníčky, fitness centrem, kongresovými sály a salonky různých velikostí.  Uspořádáte zde firemní večírek, ples, kulturní i společenskou akci. Hosté se pobaví při prohlídce zámku, mohou si zahrát bowling, zapůjčit kola, elektrokola, elektrokoloběžky i segway. Relaxovat mohou při masážích, kosmetice, pedikúře nebo parafínovém zábalu. Pro rodinné wellness pobyty hotel nabízí bohatý doprovodný program, pro děti je k dispozici venkovní hřiště i vnitřní dětská herna, tvořivá dílna a v létě dětské brouzdaliště. Celý zámecký komplex je propojený podzemními chodbami, které usnadňují organizaci firemních akcí a svateb, ale i pohodlný pohyb po hotelu ubytovaným hostům. Parkování je zajištěno v nově vybudovaných podzemních garážích a v blízkém okolí hotelového komplexu.",Czech Republic,6.067566,,,
Tower Park Prague,6067566.0,"Czech Republic, Hlavní Město Praha, Mahlerovy Sady, 13000",https://www.linkedin.com/company/tower-park-praha,www.towerpark.cz,"Unique panorama 360°view wil lbe your unforgettable memory from Prague. Apart from observatory, you can also visit bar, restaurant, bistro and one room hotel. The tower is easy to access and it has its own car park.",Czech Republic,6.067566,,,
Hotel Boho Prague,6067566.0,"Czech Republic, Praha, Prague, 4 Senovázná, 11000",https://www.linkedin.com/company/hotel-boho-prague,www.hotelbohoprague.com,"BoHo Hotel in Prague, an Icon of Exclusiveness and Luxury in the Heart of Prague. A symbol of excellence in The Golden City where culture, elegance, wellbeing and hospitality define our commitment. Located just a few steps from the Old Town Square, BoHo Hotel provides our guests an ideal opportunity to enjoy and discover Prague. Whether they come for business or tourism, this luxury hotel in Prague meets the highest expectations of those who seek exclusivity and excellence in a hotel in the centre of Prague. BoHo Hotel redefines comfort, elegance and charm in the Golden City of a hundred Spires. SPA: BoHo Hotel offers its guests an oasis in the middle of the city combining exclusive and natural elements of life and a mixture of essences. The water area is a heaven of tranquillity focused on the individual needs of our guests. Escape the limits of time and immerse yourself in a soothing atmosphere to pamper your mind and body. RESTAURANT: BoHo's restaurant concept brings forward a show cooking open to Prague. This restaurant in Prague offers a wide variety of delicious healthy international meals with a big range of drinks and selected wines in an elegant and actual atmosphere. You will travel to the 20th century at the same time as you will be tasting international dishes made of fresh products. Interior design completes the gastronomic excellence, with innovating daring lines, which enhance the amazing verticality of the spaces. All the elements of the space result in a highly sophisticated atmosphere.",Czech Republic,6.067566,,,
Cobbler's Prague Bakery,6038003.0,"Czech Republic, Praha",https://www.linkedin.com/company/cobbler's-prague-bakery,www.cobblersbakery.cz,"Firma Cobbler´s Prague Bakery byla založena v roce 2015, jedná se o první pekárnu svého druhu v Praze. Naším cílem je nabídnout zákazníkům kvalitní produkty s co největším podílem domácí výroby. Zároveň klademe důraz na vzhled cupcaků, který je pro nás stejně důležitý. Mise společnosti: Naše mise je poskytovat nejchutnější americké dezerty a přinášet nezapomenutelný zákaznický zážitek. Hodnoty:  Čerstvost a kvalita – veškeré naše výrobky jsou připravovány z čerstvých surovin od lokálních výrobců. Vstřícnost – každého zákazníka si ceníme bez ohledu na výši útraty. Spokojený zákazník je pro nás nejdůležitější aspekt úspěchu. Dostupnost – naše produkty budou vždy ekonomicky dostupné pro každého. Otevřenost – naše společnost je otevřena všem druhům spolupráce, stačí nás kontaktovat. Ohleduplnost – chováme se ohleduplně k naší planetě a používáme recyklovatelné materiály všude, kde to je možné. Co nabízíme? Od roku 2015 se specializujeme na pečení vynikajících cupcaků domácí výroby. V současné době nabízíme 12 druhů (například Kokosík, Barevná exploze, Red Velvet a další), nabídku však průběžně rozšiřujeme a doplňujeme limitovanými edicemi, jmenovitě se jedná například o Duhový cupcake ke Dni dětí nebo podzimní Dýňový cupcake. Dokážeme připravit taktéž cupcaky dle Vašeho přání na jakékoliv oslavy, firemní akce nebo svatby.  Jak to děláme? Základem našich výrobků jsou kvalitní suroviny a vysoký podíl ruční práce, čímž chceme zaručit opravdovou kvalitu. V praxi to znamená, že při výrobě Vanilkovo-čokoládového rozbřesku používáme pravý vanilkový extrakt z Madagaskarské vanilky, nikoliv pouze aroma. Jablečný štrůdlík plníme domácím jablečným pyré. V cupcaku Karamelová káva zase naleznete domácí karamel. Mrkvový mls zdobíme tradičním americkým fondánem domácí výroby. Naše práce pro nás představuje standard, který chceme protlačit (nejen) do povědomí Čechů a nabídnout všem to nejlepší, co lze na trhu ochutnat.",Czech Republic,6.038003,,,
Con Gusto Brno,5916917.0,"Czech Republic, South Moravian, Brno, 532/76 Údolní, 602 00",https://www.linkedin.com/company/con-gusto-brno,www.congusto.cz,"Con Gusto je síť brněnských prémiových restaurací a cateringu. Každý z podniků se specializuje na jinou kuchyni, ať už je to tradiční česká a moravská, tak ty světové. Italská, středomořská, jihoamerická a mexická. Con Gusto Catering tyto oblasti propojuje a svým zákazníkům po celé České republice nabízí komplexní servis a cateringové služby na míru dle jejich požadavků, typu akce a preferované kuchyně.",Czech Republic,5.916917,,,
Courtyard By Marriott Brno,5699890.0,"Czech Republic, South Moravian, Brno, 12 Holandská, 63900",https://www.linkedin.com/company/courtyard-by-marriott-brno,www.courtyardbrno.cz,"Ubytování, restaurace, konferenční prostory a fitness na úrovni spojené s Marriottem už od pradávna. Té nejlepší. --- Accommodation, restaurant, conference venues and fitness with a class associated with Marriott since forever – the best.",Czech Republic,5.69989,,,
Aldrov Resort,5699890.0,"Czech Republic, Liberecký, Liberec, 445 Vítkovice, 51238",https://www.linkedin.com/company/aldrov-resort,www.aldrovresort.cz,"Horský rezidenční komplex s hotelovými službami.V osmi horských chatách bude umístěno celkem 139 moderních apartmánů v dispozicích 1+kk, 2+kk, 3+kk a 4+kk o velikosti od 37 do 119 m². Apartmány budou nabízeny jako plně vybavené včetně kuchyně, nábytku a veškerého vnitřního zařízení. Ke každému apartmánu náleží jedno podzemní parkovací stání a sklepní kóje pro uložení sezónního vybavení. Další dvě samostatné budovy pak budou vyhrazeny službám prvotřídního horského hotelu – recepci, službám concierge, wellness & spa, snídaňové lounge, restauraci s vinným barem nebo vlastní pekárně. Aldrov Apartments & Resort se nachází doslova několik metrů od skiareálu Aldrov ve Vítkovicích v Krkonoších, který nabízí celkem pět sjezdových tratí všech stupňů obtížnosti a dva vleky včetně čtyřsedadlové lanovky. K dispozici je zde i dětský vlek a lyžařská škola. V dojezdové vzdálenosti 10 minut autem nebo skibusem leží Špindlerův Mlýn, který bude od roku 2021 propojen s Hromovkou a Svatým Petrem, čímž vznikne největší lyžařské středisko českých hor s celkovou délkou sjezdových tratí 40 km.",Czech Republic,5.69989,,,
Courtyard By Marriott Pilsen,5699890.0,"Czech Republic, Plzeňský, Pilsen, 3 Sady 5 Května Pilsen, 30100",https://www.linkedin.com/company/courtyard-by-marriott-pilsen,www.courtyardpilsen.cz,"Ubytování, restaurace, konferenční prostory a fitness na úrovni spojené s Marriottem už od pradávna. Té nejlepší. --- Accommodation, restaurant, conference venues and fitness with a class associated with Marriott since forever – the best.",Czech Republic,5.69989,,,
Wellness Hotel WINDSOR / Restaurace LEGENDA / Hotel ZÁTIŠÍ,5699890.0,Czech Republic,https://www.linkedin.com/company/wellness-hotel-windsor-restaurace-legenda-hotel-zátiší,www.hotel-windsor.cz,"ABOUT THE HOTEL A four-star hotel with a welcoming atmosphere and a long tradition since 1894 of offering comfortable accommodation in the centre of Špindlerův Mlýn with views of Medvědín and Svatý Petr. For many years, it has been one of the most popular hotels in the Giant Mountains. Wellness Hotel Windsor Spindleruv Mlyn is an ideal place for family holidays, stays with children or for those who are looking for active holidays, wellness stays, adrenaline .... Wellness Hotel Windsor consists of two buildings, which are not interconnected.Wellness Hotel Windsor consists of two buildings, which are not interconnected. The main building has 36 rooms, a restaurant, conference facilities, children's playroom, bar CUBAR, manicure and pedicure salon. Wellness building (depandance) is located just 8 m from the main building. It has 20 rooms, wellness, Tawan massage parlour and underground parking. Four-legged pets welcome for 500, - CZK / night. We are baby friendly and pet friendly. Children under 6 years stay free with two paying adults. HOTEL SERVICES Restaurant dining (non-smoking)  Wellness & Relax Thai massage (Tawan) Manicure  Conference facilities Children's playroom Cubar (www.cubar.cz) 4 bowling lanes Billiards Underground garage with 33 places, and car park with 18 places Wheelchair access to the main building Lift Wi-Fi connections Cancellation insurance Reception services 24/7 Gift shop Bike and ski storage room",Czech Republic,5.69989,,,
Hotel AVANTI Brno,5699890.0,"Czech Republic, South Moravian, Brno, 61 Střední, 602 00",https://www.linkedin.com/company/hotel-avanti-brno,www.hotelavanti.cz,Accommodation in 99 comfortable rooms for up to 250 guests. 8 modernly equipped congress halls. Wellness and fitness on the roof of the hotel for free for staying guests. Free parking for staying guests. Private wellness. Restaurant with excellent food. Bowling Massages,Czech Republic,5.69989,,,
The ICON Hotel & Lounge,5664006.0,"Czech Republic, Praha, Prague, 6 V Jámě",https://www.linkedin.com/company/the-icon-hotel-&-lounge,www.iconhotel.eu,"The ICON is a comfortable, stylish, and sophisticated hotel located in Prague’s historic city center. The unique design combines modern style and amenities with elements of the city’s artistic and architectural golden age.  Tucked cozily away on a peaceful side street, The ICON resides a mere stone’s throw away from the heart of Prague’s finest fashion, entertainment, dining, and nightlife.         Each of the 31 rooms comes equipped with hand-made Hästens beds.  Customers can feel free to leave this luxurious bed in a stress free fashion, as The ICON offers a la carte breakfast all day long.    For innovative design, friendly and attentive staff, convenient and lively location, and comfortable sleeping quarters, The ICON Hotel & Lounge is unmatched.         The location sitting just outside the edge of lively Wenceslas Square, The ICON Hotel places its guests in a truly ideal position to experience everything Prague has to offer. This central location puts visitors within short walking distance to the city’s primary historic, artistic, shopping, dining, and nightlife attractions. Nearby tram and metro lines provide easy public transportation access anywhere in the city. Despite all of the surrounding action, the hotel itself hides on a serenely secluded side street, ensuring customers sleep peacefully and quietly upon return.",Czech Republic,5.664006,,,
Hotelový Resort SEN,5664006.0,"Czech Republic, Senohraby, 344 Malostranská, 25166",https://www.linkedin.com/company/resort-senohraby-a-s,www.hotelsen.cz,"V hotelu Sen pracujeme s dokonalou souhrou všech služeb. Od příjemného ubytování ve stylu Feng Shui, přes snídaňové dobroty, co skvěle nastartují váš den, až po krásnou zámeckou zahradu, kde si můžete říci své ano, nebo se jen tak procházet a čas nechat plynout kolem vás. To vše v obklopení přírody Ladova kraje, který je jako stvořený pro projížďky na kole s větrem ve vlasech a starostmi daleko za hlavou. V hotelu se nachází pokoje ve tří a čtyřhvězdičkovém standardu, gurmánská restaurace, romantická zámecká zahrada se svatebním paloukem a venkovní bazén s přilehlou restaurací v moderním selském stylu.  Pro konání kongresů má hotel Sen k dispozici nové kongresové prostory.  Naším cílem bylo vybudovat moderní kongresové prostory se zachováním původního genius loci. Díky celkové rekonstrukci vám tak nyní můžeme nabídnout prostory se skvělým technickým zázemím a veškerým servisem. To vše navíc v těsné blízkosti Prahy. Pokud plánujete svatbu, u nás najdete vše, co pro svůj dokonalý den potřebujete, na jednom místě. Nádhernou zámeckou zahradu s jezírkem, u kterého si řeknete své ANO, prosklenou restauraci v moderním selském stylu pro svatební hostinu, přilehlý venkovní bazén pro letní osvěžení a především ochotný personál, který vám bude s úsměvem neustále po ruce. Těšíme se na Vás :)",Czech Republic,5.664006,,,
Royal Court Hotel And Apartments,5664006.0,Czech Republic,https://www.linkedin.com/company/10336084,royalcourthotel.cz,"Cozy hotel Royal Court, located in the very heart of New town, will be your new home for the time of your stay in Prague. The nearest metro station is just 5 minutes walk from the hotel, and stroll to Wenceslas square will take about 15 minutes. Modern and comfortable Royal Court apartments with a kitchen the perfect place for those who want to feel ""at home"" anywhere in the world. Located in 5 minutes walk from the hotel, apartments have non stop reception and nice cafe on the ground floor.",Czech Republic,5.664006,,,
Golden Fish Hotel Apartments,5664006.0,"Czech Republic, Plzeňský, Pilsen, 27 U Borského Parku",https://www.linkedin.com/company/golden-fish-hotel-apartments,,"The Highlight of Accommodations in Pilsen - Do you know one of the top attractions of the city of Pilsen? Accommodations in the four-star Golden Fish Hotel Apartments, which shine like gold among the hotels in Pilsen. You will feel at home in its luxurious apartments, and should you make use of the long-term rental option, they will become a true home for you that you will remember fondly later on. Fall in love right now, during our virtual tour. The hotel is located in a beautiful area right next to Borský Park in Pilsen, which offers a pleasant and quiet environment and rooms overlooking green foliage. However, it is easily accessible thanks to its proximity to key access roads and it is easy to reach both the center of Pilsen and the industrial zone of Borská pole from the hotel. The mere 50-minute trip to the airport in Prague represents a positive advantage, too. As concerns other advantages of staying in our hotel, you can count more of them than stars in the sky, guaranteed. You will certainly appreciate personal approach and professionalism of our personnel, modern furnishing of rooms as well as the extensive offer of services. The golden fish wishes maximum comfort for and satisfaction of the visitors and it satisfies this wish really conscientiously.",Czech Republic,5.664006,,,
MOONCLUB,5664006.0,"Czech Republic, Praha, Prague, 709/26 Dlouha, 110 00",https://www.linkedin.com/company/moonclubprague,www.moonclub.cz,"MOONCLUB je ideální podnik pro celou dobu, kdy na obloze září Měsíc. Povedlo se nám zrenovovat krásný historický objekt a přizpůsobit ho tak, abyste prožili jedinečný zážitek. Kromě tanečního parketu s výhledem na noční oblohu vám poskytneme i pohodlí při posezení v naší alchymistické lounge. Můžeme se pyšnit jedinečnými drinky, ale rádi vám umícháme i to, na co už jste zvyklí. Kromě koktejlů připravujeme i chutné pokrmy. Snažíme se naplnit všechna vaše přání najednou a naším jediným je, abyste přišli a užili si perfektní večer, ať už Měsíc zrovna září nebo ne.",Czech Republic,5.664006,,,
Hotel Astra Špindlerův Mlýn,5417000.0,Czech Republic,https://www.linkedin.com/company/hotel-astra-pindler-v-ml-n,www.hotel-astra.cz,"Hotel Astra is situated in the centre of the highest Czech mountain range - the Giant Mountains - in the popular resort of Špindlerův Mlýn, 800 m above sea level. Špindlerův Mlýn is one of the best tourist and skiing resorts in the Czech Republic. Nearby are the popular skiing areas of Medvědín, Svatý Petr and Mísečky. These offer wonderful downhill and cross-country skiing trails, lifts and chair lifts of the highest quality. Astra is a three-star hotel with facilities equal in quality to similar fine establishments in the world. The hotel has 55 rooms with accommodation in double/twin rooms, as well as family suites with 5 beds in two interconnected rooms. All rooms are equipped with a shower, WC, satellite, telephone and most have a balcony.",Czech Republic,5.417,,,
Bristol A.s. - BRISTOL GROUP,5256390.0,"Czech Republic, Karlovarský, Karlovy Vary, 19 Sadová",https://www.linkedin.com/company/bristol-a-s-,www.bristolgroup.cz,Bristol a.s. belonging to Bristol Group is a Hospitality company located in Karlovy Vary in Czech Republic.,Czech Republic,5.25639,,,
KU BAR LOUNGE,5175431.0,Czech Republic,https://www.linkedin.com/company/ku-bar-lounge,www.kubar.cz,"K.U.bar.lounge is situated in the heart of Prague and belongs to one of the most attractive bar & lounge concepts in Prague. The history dates back to the year 2000 when the bar & lounge concept was started and it successfully continues to do so for more than eleven years. The concept encompasses life music, tasty bar&lounge snacks and unique cocktails. Ku Bar is famous for its audience that mainly comprises cool and trendy people with no age difference and mainly the most beautiful girls.Music production of k.u.bar consists of various music styles, from happy and vocal house, to commercial dance music, up to RNB and black music. From Tuesday to Saturday you can party with the best czech and foreign deejays alike. K.u.bar.lounge often turns into place where the best parties in Prague take place.  First drink is just the beginning, welcome to k.u.bar.lounge.",Czech Republic,5.175431,,,
Pinelli Hotels,5055295.0,"Czech Republic, Praha, Prague",https://www.linkedin.com/company/pinelli-hotels,www.pinellihotels.com,Pinelli Hotels is a family-owned hospitality company located in the centre of Prague.,Czech Republic,5.055295,,,
COSMOPOLITAN Hotel Prague,5034672.0,"Czech Republic, Praha, Prague, 1126/3 Zlatnická, 11000",https://www.linkedin.com/company/cosmopolitan-hotel-prague,www.hotel-cosmopolitan.cz,"Discover contemporary luxury and traditional glamour at The Cosmopolitan Hotel set in the heart of Prague. Perfectly placed on a quiet street of the Old Town within the city’s vibrant shopping and sightseeing district.  106 lavishly appointed rooms and suites are decorated in elegant cream colours and sleek design, and feature luxurious bathrooms with heated floors and mirrors.",Czech Republic,5.034672,,,
Hotel Florenc,5034672.0,"Czech Republic, Praha, Prague, 275/11 Krizikova, 186 00",https://www.linkedin.com/company/hotel-florenc,www.hotel-florenc.cz,"Hotel Florenc is located near Prague city center, just opposite the Karlín Theatre and close to all major sights, a 10 minute walk only to Powder Gate and two metro stops from Wenceslas Square. The main bus station Florenc, which runs all international bus lines, is just cross the street so you can easily reach us from either Bratislava or Berlin.",Czech Republic,5.034672,,,
First Czech Restaurant MGT Co S.r.o. Old Town Square Hotel,5034672.0,"Czech Republic, Praha, Prague, 20 Staromestske Namesti",https://www.linkedin.com/company/first-czech-restaurant-mgt-co-s.r.o.-old-town-square-hotel,www.otsh.com,"The company currently operaets hotel Old Town Square with 10 spaceous rooms, restaruant and a cafe. The rooms range from 50-110 sq meters most benefiting with lovely views of Old Town Square. Rooms are designed in modern style, with bathrooms featuring Phillipe Starck design.  Emphasis was placed on minimalistic approach.",Czech Republic,5.034672,,,
Grandhotel Brno,4760829.0,"Czech Republic, South Moravian, Brno, 18 Benešova, 60200",https://www.linkedin.com/company/grandhotel-brno,www.grandhotelbrno.cz,"Hotel se nachází v samém centru Brna, v blízkosti autobusového a hlavního vlakového nádraží, brněnského výstaviště a zároveň nejvýznamnějších historických památek. Pro odpočinek a sportovní vyžití je možné bezplatně využít hotelovou saunu a fitness centrum. Ve všech hotelových prostorách, stejně jako na pokojích, je zdarma vysokorychlostní Wi-Fi. Hotel disponuje vlastními parkovacími místy přímo před budovou hotelu. V hotelu se nachází unikátní zahradní restaurace Le Grand. Servírují se zde bohaté bufetové snídaně a výtečné večeře pro hotelové hosty i širokou veřejnost. Nabízíme českou i mezinárodní kuchyni vždy z čerstvých a kvalitních surovin. Ideální místo k setkání kdykoliv během dne nabízí hotelový Lobby Bar. Podávají se zde lehká jídla, polední menu a domácí dezerty. Vybrat si můžete také z pestré nabídky alkoholických i nealkoholických nápojů a různých druhů kávových specialit. K dispozici jsou čtyři prestižní klimatizované konferenční a společenské místnosti. Skvěle se hodí pro konání rodinných oslav, svatebních hostin, stejně tak i pro pořádání obchodních jednání, firemních prezentací, či večírků. Standardní pokoje jsou vybaveny elektronickými zámky, trezory, LCD televizemi se satelitním připojením a vysokorychlostním Wi-Fi připojením. Pokoje kategorie Superior jsou oproti kategorii Standard vybaveny setem pro přípravu čaje a kávy. Díky své velikosti nabízí možnost přistýlky, a tak jsou ideální volbou při cestování s dětmi. Pokoje kategorie Executive nabízí svou velikostí 40 m2, nádhernými kazetovými stropy z hnědého dřeva a historickými lustry neopakovatelný zážitek z ubytování. Samozřejmostí je malé občerstvení ve formě minerální vody.",Czech Republic,4.760829,,,
SPA & WELLNESS HOTEL ST. MORITZ,4755513.0,"Czech Republic, Karlovarský, Mariánské Lázně, 599 / 37 Třebízského, 353 01",https://www.linkedin.com/company/spa-wellness-hotel-st-moritz,www.saint-moritz.cz,"Výtečně hodnocený Spa & Wellness hotel St. Moritz je ideálním místem pro letní dovolenou s vašimi dětmi, přáteli či pouze v páru. Nachází se v samém srdci Slavkovského lesa nedaleko centra Mariánských Lázních  ( cca 950m ). Přijeďte se nadechnout nejčistšího vzduchu, po probuzení poslouchat ptačí zpěv a ševelení stromů, které máte na dotek. Dát si snídani na terase, naordinovat si digitální detox a jen tak BÝT… Nabízíme  Vám ubytování v luxusních pokojích v hotelové budově nebo nově vybudovaných apartmánech/cca. 80 m2/, moderně zařízených,  které se nachází cca. 20 m od hotelové budovy. K dispozici Vám je restaurace s krbem a balneo centrum, které nabízí jak léčebné, tak i relaxační wellnessové procedury.  Využít můžete  i  bazén s úchvatným výhledem a vyhřívanou lavicí. Součástí Spa Apartments je nádherné voňavé AROMA SPA, kde ve finské či bylinné sauně zapomenete na okolní svět, energii načerpáte na vyhřívaných lůžkách solného tepidaria a zážitková sprcha vás přenese do světa barev.  Přidejte se k našim spokojeným hostům a vydejte se s námi do světa vůní a jemné energie….",Czech Republic,4.755513,,,
TOPREST Food S.r.o.,4755513.0,"Czech Republic, Královéhradecký, Hradec Králové",https://www.linkedin.com/company/toprest,www.panoramico.cz,"Největší odměnou je Vaše spokojenost. V naší rodinné restauraci připravujeme poctivou italskou kuchyni založenou na originálních surovinách. Přijďte ochutnat, těšíme se na Vás.",Czech Republic,4.755513,,,
Cook For Life PLUS S.r.o.,4755513.0,"Czech Republic, Praha, Prague, Ctiradova, 14000",https://www.linkedin.com/company/cook-for-life-plus-s-r-o,www.cookforlife.cz,"Přinášíme kvalitní a zdravé stravování do firemních jídelen. Zajišťujeme catering pro firemní akce. Rádi vám poradíme s nastavením školního stravování. Gastronomie bez prášků, chemie a polotovarů. Společnost - Cook for life - byla založena v roce 2014 s jasným cílem – přinést kvalitní a zdravé stravování do firemních jídelen, vysokoškolských menz a školních jídelen. Vydáváme se cestou opravdové gastronomie, kulinářství bez prášků, chemie a polotovarů. V nabídce máme jídla tradiční i moderní s důrazem na použití čerstvých a sezónních surovin",Czech Republic,4.755513,,,
Jitravský Dvorec,4755513.0,"Czech Republic, Mladé Buky, 445",https://www.linkedin.com/company/golf-club-u-hrádečku-s-r-o,www.jitrava.cz,"Jítravský Dvorec se skládá z apartmánů a restaurace, penzionu a pivnice, jezdeckého areálu a hřebčína. Ochutnejte to nejlepší z naší vlastní farmy i od okolních dodavatelů. Čerstvé bio hovězí a jehněčí z našich pastvin, zvěřina z blízkých lesů, sezonní zelenina, bylinky a další lokální suroviny, ze kterých je radost vám vařit, jsou základem našich menu jak v Restauraci, tak i v Lokále. Na vás je jen vybrat si styl, na jaký máte právě chuť. Ať už zvolíte více soukromí a servisu v prostorných Apartmánech nebo raději útulné a jednoduché bydlení v Penzionu, v Jítravském dvorci najdete přesně to, co hledáte. Odpočinek, přírodu na dosah, řadu sportovních možností i wellness, ale hlavně opravdové gurmánské nebe.",Czech Republic,4.755513,,,
Amerex Trade S.r.o.,4755513.0,"Czech Republic, Dolní Břežany, 3 K Břežanům, 25241",https://www.linkedin.com/company/amerex-trade-s-r-o,www.amerex-gastro.com,Prodej a servis gastro zařízení špičkové kvality ...od projektu až k realizaci Vaší profesionální kuchyně...,Czech Republic,4.755513,,,
Student Republic,4755513.0,"Czech Republic, Praha, Prague",https://www.linkedin.com/company/student-republic,www.studentrepublic.cz,"Student Republic, known for its excellent accommodation for students all over the world, is the fastest-growing company in Czech Republic. Combining a proud heritage with effective support, as well as sophisticated marketing, revenue management and sales, we enhance the performance of our business.",Czech Republic,4.755513,,,
Boutique Hotel Nautilus,4755513.0,"Czech Republic, Paraná, Tábor, 20 Žižkovo Náměstí",https://www.linkedin.com/company/boutique-hotel-nautilus,www.hotelnautilus.cz,"The 4 star Boutique Hotel Nautilus is located on the hostorical Zizka square, at Tabor center. The hotel offers accommodation in 22 luxury rooms several categories, including a unique President Suite. Part of the hotel is also a newly built wellness center and restaurant Goldie offering a high level of gastronomy. Tabor is an ideal starting point for exploring Souther Bohemia which offer a number of attractive tourist spots. Hotel is easily reached by car and by train or bus. For example, the way from Prague to Tabor or Cesky Krumlov takes an hour.",Czech Republic,4.755513,,,
GAMA HOLDING PRAHA A.s.,4755513.0,"Czech Republic, Středočeský, Jesenice, 220 Budějovická, 252 42",https://www.linkedin.com/company/gama-holding-praha-a-s,www.gamaholding.cz,"Již více než 25 let pomáháme byznysům v gastronomii inovovat a optimalizovat jejich kuchyně. Dodáváme špičkovou gastrotechnologii, která zvyšuje efektivitu, šetří energii a přináší dlouhou životnost zařízení.✔️ Více než stovkám klientů jsme pomohli inovovat jejich gastronomické provozy a vytvořit udržitelné pracovní prostředí, protože víme, co kuchyně po celé ČR nejvíce trápí. Našim cílem je posunout Váš byznys a vybavit každou kuchyň technologií nejvyšší kvality, kontaktujte nás na 📲 +420 737 281 502 a posuňte Váš gastrobyznys na vyšší úroveň. 🤝🏻",Czech Republic,4.755513,,,
Chutnej,4755513.0,"Czech Republic, Praha, Prague, 755/50 Letohradská, 17000",https://www.linkedin.com/company/chutnej,www.chutnej.cz,Plant-based restaurace a culture-hub na Letné.,Czech Republic,4.755513,,,
Hotel Hoffmeister & Spa,4755513.0,Czech Republic,https://www.linkedin.com/company/hotelhoffmeister,www.hoffmeister.cz,"The hotel is inspired by the romantic atmosphere of Old Prague. It´s located at the foot of the Old Castle Steps, center of Prague and it´s all historical sites and attractions – Old Town, Prague Castle and Charles Bridge are just a pleasant walk away. Luxury five-star accommodation, professional service and homely comfort at the family-run Hoffmeister Hotel are the basis of a high standard. The family atmosphere of the Hotel Hoffmeister is multiplied by the gourmet tradition of the Hoffmeister Restaurant.  Among the top hotels in Prague the Hotel Hoffmeister is also renowned for its unique Spa and Wellness area.",Czech Republic,4.755513,,,
HHJelenovska,4755513.0,"Czech Republic, Valašské Klobouky, 099 Jelenovská, 76601",https://www.linkedin.com/company/jelenovska,www.jelenovska.com,Pobyty v rekonstruovaném hotelu uprostřed lesa. Jsme připraveni i na firemní a rodinné akce do 150 osob.,Czech Republic,4.755513,,,
Lobster Group,4740284.0,"Czech Republic, Olomoucký, Olomouc, 1221/2a Tř. Kosmonautů, 779 00",https://www.linkedin.com/company/lobstergroup,www.lobster-group.cz,"Jsme Lobster Group. Nabízíme profesionální gastro služby. Pořádáme vyladěné akce. Děláme dobré jídlo pro lidi. Na řadě míst, na mnoho způsobů. Za každou porcí a skleničkou se skrývá příběh, každý event slibuje spoustu zážitků. ⊛ LOBSTER FAMILY RESTAURANT [pravá Itálie] ⊛ FRANČESKO FOOD TRUCK [neapolská pizza] ⊛ BOWLAND BOWLING CENTER [zábava pro každého] ⊛ BISTRO PAULUS [moderní kantýna] ⊛ PAULUS CATERING [pro každou událost] ⊛ MASO V HOUSCE [street food] ⊛ LOBSTER BISTRO [s italskou lehkostí] ⊛ HELEN SOUL [výjimečný prostor] ⊛ CHÂTEAU ESCOT [francouzská vína] ⊛ FORT XX [místo pro vaše zážitky]",Czech Republic,4.740284,,,
Prague Urban Adventures,4740284.0,"Czech Republic, Praha, Prague, 2 Purkynova",https://www.linkedin.com/company/prague-city-adventures,www.pragueurbanadventures.com,"Here in Prague, our Urban Adventures team is a tight-knit collection of different people who simply want to take to the streets and show off the city in all its strange and absurd beauty, from the stunning façades to the quirks that make this city tick. For those travellers and wanderers who look for authenticity, stories, and memories, we offer Prague tours that dig into the history, culture, and psyche of the city and its inhabitants. Of course, it’s Prague itself that makes our tours so great, but we can enliven the city by helping you to understand and participate in the local experience, showing you the oft-missed underbelly of Prague. By acting more as a local friend than a guide, we like to think of ourselves as self-proclaimed ambassadors of the city, sharing our love of it with you. Follow in our footsteps over the cobbled streets, taste delicious food and drinks, hear the stories, soak up the surroundings, and be a part of this captivating city with a deep and incredible history. Discover the city on one of our walking tours of Prague or specialty culture or food tours with Prague Urban Adventures!",Czech Republic,4.740284,,,
KávovýKlub.cz,4740284.0,"Czech Republic, Praha, Prague, 46/51 Sokolovská",https://www.linkedin.com/company/kavovyklubcz,www.kavovyklub.cz,"Profesionálně se věnujeme výběrové kávě - její přípravě i zvyšování informovanosti o ní. Pořádáme školení profesionálů i zájemců z řad veřejnosti, zajišťujeme kávový catering na míru. Provozujeme espresso bary Kafe Karlín a Kafe Kolej a pravidelné stánky na farmářských trzích (Jiřího z Poděbrad, Náplavka, Kulaťák).",Czech Republic,4.740284,,,
TOMGAST Czech Republic S. R. O.,4708277.0,"Czech Republic, Moravskoslezský, Karviná, 1876/2 Bohumínská",https://www.linkedin.com/company/tomgast-czech-republic,www.tomgast.cz,"Jsme velkoobchodní firma, která se zaměřuje na prodej gastronomického vybavení do segmentu HORECA.",Czech Republic,4.708277,,,
Jalta Boutique Hotel,4474870.0,"Czech Republic, Praha, Prague, 45 Václavské Náměstí, 110 00",https://www.linkedin.com/company/prague-boutique-hotel-jalta,www.hoteljalta.com,"The most glamorous and cool boutique hotel in Prague The Jalta Boutique Hotel is situated directly on the famous Wenceslas Square in Prague city centre. Its location is ideal for an easy passage to Prague’s entertainment, access to the financial centre of the city and the historical site. The most renowned monuments in Prague are all reached by a leisurely walk.",Czech Republic,4.47487,,,
Blackberry Café,4405338.0,"Czech Republic, Praha, Prague, 31 Michelská",https://www.linkedin.com/company/blackberry-cafe-catering,www.blackberrycafe.cz,"Our mission is to cater by freshly produced organic supplies and pay attention to every detail of our service. With our lunch catering service, we cater as small events like regular five people lunches. On the flip side, we cater festivals and summits. Give us a shot!",Czech Republic,4.405338,,,
Dvur Hoffmeister,4405338.0,"Czech Republic, Praha, Prague, 25268",https://www.linkedin.com/company/dvur-hoffmeister,www.dvur-hoffmeister.cz,"Dvůr Hoffmeister is a newly renovated farmhouse offering its customers a gastronomic restaurant, a small boutique hotel and comfortable meeting facilities in the set up of Czech countryside only 8 km from the Vaclav Havel Airport, Prague. En equestrian complex is an integral part of the property. Restaurant Dvůr Hoffmeister offers modern Czech cuisine, serving daily specials, home made bread as well as offering special menus for business lunches, family celebrations, weddings etc. You will find a wide range of  local as well as French, German and Austrian wines on the wine list, local beer as well as a whole range of home made lemonades.  In summer visitors can benefit from covered outside seating area at the summer terrace offering BBQ facilities, the inside restaurant is decorated with paintings and caricatures of famous personalities of 20th century drawn by Adolf Hoffmeister, an ancestor of the owner family. The hotel offers 11 spacious well equipped rooms with comfortable beds, AC, flat screen TVs and WiFi access. The meeting room is equipped with projector and screen,  AC and flipcharts.  This  the ideal meeting point for business partners who do not wish to spend the day in the city. Also just 10 minutes away from the airport it offers great opportunity to meet up in privacy with out the hassle of city traffic however within easy reach of the capital. The equestrian centre boards up to 45 horses and ponies. Small riding school for children is open to public, the rest of the horses are privately owned.",Czech Republic,4.405338,,,
Cacao Prague,4405338.0,"Czech Republic, Praha, Prague, 4 V Celnici",https://www.linkedin.com/company/cacao-prague,www.cacaoprague.cz,"cacao is a unique blend of confectionery, restaurant, and lounge. Our customers are always able to enjoy a relaxing atmosphere and to get the most unexpected experience.  Located in the very heart of Prague, Cacao can offer a big selection of Italian ice creams, cakes, deserts and drinks- all made out of natural ingredients. Moreover, Cacao is proudly bringing new healthy and trendy alternatives to traditional sweet deserts. Among our specialties are raw cakes, home made cookies, 100% natural drinks with special boosts and light snacks. The interior of Cacao was specially created for those who value sense of style and taste. Our open terrace will become your favorite place to enjoy sunny summer days with your friends or to spend romantic evening in a cozy atmosphere, we offer you to try specially created for Cacao alcoholic cocktails.",Czech Republic,4.405338,,,
F&B Concepts,4405338.0,"Czech Republic, Praha, Prague, 84 Nádražní, 15054",https://www.linkedin.com/company/f-b-concepts,www.fbconcepts.cz,We help small and large gastronomic businesses on their way to success,Czech Republic,4.405338,,,
Ambassador Zlata Husa Hotel,4405338.0,Czech Republic,https://www.linkedin.com/company/ambassador-zlata-husa-hotel,www.ambassador.cz,"Accommodation in 5 star hotel in Prague, located right in the Prague's center on Wenceslas Square. . Hotel provides accommodation in tastefully furnished rooms. The Hotel Ambassador – The Golden Goose is ideal for individuals, groups or executives . The hotel’s services always meet the highest expectations of its guests. With its Thai & Wellness Club, the hotel provides its guests with a unique combination of relaxation and tranquility while they admire the historic monuments in the centre of Prague. Hotel Ambassador offers a distinctive conference centre with exclusive catering facilities at an international level.",Czech Republic,4.405338,,,
AppnosticWorx,4063100.0,Czech Republic,https://www.linkedin.com/company/appnosticworx,www.appnosticworx.com,"AppnosticWorX™ is a global digital development company headquartered in Brno, Czech Republic. Founded in 2012 by technology entrepreneur Brian Dass (Appnostic Hospitality, Open Hospitality, Timeless Hospitality), our nimble, 10-member team marries youth with experience, innovation with passion, and diversity with a consistency of mission: Lead. Customize. Integrate. Wow.",Czech Republic,4.0631,,,
Food N Beverage Foundation Czech,4063100.0,"Czech Republic, Praha, Prague, 1138/1 Jemnická, 14000",https://www.linkedin.com/company/czechgastronomy,www.czechgastronomy.cz,"NAŠE MISE Chceme u jednoho stolu společně s aktivními partnery formovat celé gastro odvětví a jeho profesionální standardy, vytvářet profesionální a kreativní prostředí pro své členy, tedy zaměstnance a podnikatele v gastronomii, hotelové a gastronomické školy, jejich učitele a studenty a institucionální stravování, ve kterém se mohou profesionálně vzdělávat, růst nebo realizovat své obchodní, stravovací a studijní záměry.",Czech Republic,4.0631,,,
Dvůr Pecínov S.r.o.,4063000.0,"Czech Republic, Struhařov, 256 01",https://www.linkedin.com/company/dvůr-pecínov-s-r-o,www.pecinov.com,Hotel complex near Prague (situated on D1). Suitable for corporate events and weddings.,Czech Republic,4.063,,,
Zámecké Návrší Litomyšl,4056497.0,"Czech Republic, Pardubický, Litomyšl, 133 Jiráskova, 57001",https://www.linkedin.com/company/zámecké-návrší-litomyšl,www.zamecke-navrsi.cz,"Zámecké návrší je komplex historických budov v těsné blízkosti zámku UNESCO. Historie se tu prolíná s moderní architekturou a kompletně vybaveným zázemím pro pořádání eventů.  Najdete tu ubytování, velké i malé sály, klubovny, zasedácí místnosti a venkovní prostory v kulisách sgrafitových psaníček renesančního zámku. Můžete zde uspořádat kongresy a konference, open-air festivaly, nebo menší firemní výjezdy, team-buildingy, koncerty a výstavy, oslavy a také svatby. Unikátní je možnost využití barokního kostela s prvky moderního umění a architektury pro kulturní události nebo pro slavnostní přípitek na vyhlídce mezi věžemi.  Zámecké návrší se nachází v samém centru malebné Litomyšle, která oplývá bohatým uměleckým a kulturním životem, ale i mnohými možnostmi sportovního vyžití. Také místní gastro-scéna se stále více rozvíjí a díky několika výjimečným podnikům, kavárnám a restauracím, je Litomyšl významným bodem na Gastromapě Lukáše Hejlíka.  Vše pro vaši výjimečnou akci je pro vás k dispozici na Zámeckém návrší v Litomyšli :)",Czech Republic,4.056497,,,
Pincopallino,4056497.0,"Czech Republic, Praha, Prague",https://www.linkedin.com/company/pincopallino,pincopallino.cz,"PincoPallino was founded in 1998 and developed several projects involved in the hotel management and the construction of new hotels, and other installations, as advice for project. Since the 2006 PincoPallino have participate with your staff in the pre opening, opening and restructuring of several hotel installations in Europe, especially in Czech Republic, Hungary, Italy and Spain with expansion in the east Europe countries and the ambition to increase your projects and collaborations of expansion abroad. In recent years PincoPallino have made all investments, concentrate in the investigation and application of the last Innovations technologies. Products and materials for the hotel installations that make them unique. PincoPallino are in connection with the most modern and innovative companies, and your products are selected, and being implemented in actual and future projects, as key master. The “top number one technologies,” are implemented from the Technical Development Department of PincoPallino to assure the highest energetic and operative efficiency, so as the Excellence in the guest satisfaction assurance. Maintenance efficiency specialist. Global certifications providers. PincoPallino it's specialist also, in the rescue of hotel installations that have negative results, making a total reorganization and changing completely the direction, into the way of the positive return for the owners or investors.",Czech Republic,4.056497,,,
Pekárna Praktika,4056497.0,"Czech Republic, Hlavní Město Praha, 6/85 Sokolovská, 18300",https://www.linkedin.com/company/pekarnapraktika,www.pekarnapraktika.cz,Mouka + voda + sůl + kvásek = VSL,Czech Republic,4.056497,,,
Augustine A Luxury Collection Hotel Prague,4054127.0,"Czech Republic, Praha, Prague, 12/33 Letenská",https://www.linkedin.com/company/the-augustine-hotel,www.augustinehotel.com,"The Augustine Hotel occupies a 13th-century monastery and brewery that was once home to the friars of the Order of Saint Augustine. A complex of seven different buildings which date back to 1284, we span the entire architectural spectrum of Baroque, Renaissance and Gothic styles. The luxuriously refurbished property comprises lavish rooms, sumptuous cuisine, and state-of-the-art relaxation and recreational services. Our unequaled, discreet service pampers our guests and accommodates all of their needs.",Czech Republic,4.054127,,,
Pole Position Travel,4022150.0,Czech Republic,https://www.linkedin.com/company/pole-position-travel,www.polepositiontravel.com,"MotoGP event & travel specialists. It's ALL we do. Our mission is to make every MotoGP an unforgettable weekend experience! Inclusive packages for ALL MotoGP events, individually tailored. Authorized MotoGP VIP Village agency. Extensive 'insider' experience and sponsors of several riders and teams; Travel partner for Red Bull MotoGP Rookies Cup. Expert guides at all events and hospitality areas; full local services: total care from the moment you arrive. Serving individuals, groups, corporates, agencies, sponsors & teams.",Czech Republic,4.02215,,,
Ace Hotel Alliance,4022150.0,"Czech Republic, Hlavní Město Praha, 1716/2b Hvězdova, 14078",https://www.linkedin.com/company/ace-hotel-alliance,ace-hotels.com,"Skupina soukromých a nezávislých hotelů v Čechách a na Moravě. Našim cílem je stát se spolehlivým partnerem pro firemní klientelu a nabídnout klientům jeden jediný kontakt pro možnost cestování v tomto regionu. Všechny naše hotely mají svůj vlastní individuální charakter, který respektuje daný region. Ideální poloha hotelů nabízí obchodním cestujícím únik z normálu za přijatelné ceny.",Czech Republic,4.02215,,,
Hotel Atlantis Brno,3992010.0,"Czech Republic, Venkov, 177 Brána, 664 34",https://www.linkedin.com/company/hotel-atlantis-brno,www.hotel-atlantis.cz,"The Hotel Atlantis in Brno offers quality service, friendly staff ready to fulfill the wishes of our customers. All of this in a relaxing atmosphere of an outdoor, natural complex of the hotel with a large outdoor swimming pool, a large car park, tennis courts, a playground and a grill park and large garden, a part of which is also a rose arch for wedding ceremonies.",Czech Republic,3.99201,,,
MOODs Boutique Hotel Prague,3776004.0,"Czech Republic, Praha, Prague",https://www.linkedin.com/company/hotel-moods,www.hotelmoods.com,"Hotel Moods is brandly new city centrally situated design hotel. Moods is few steps from all well known tourist attractions as well as from the main Prague business district but still in quite street to guarantee you a good night sleep.  Moods offers comfortable accommodation at  51 rooms in 3 different categories, very special conference room, design lobby bar, 3 asian treatment rooms.   Hotel Moods is high tech friendly. High speed WiFi and LAN complimentary , each room is equipped with home office desk incl.  iPod/iPhone, HDMI, USB, audio, video and LAN connections.  To guarantee your best comfort your room is equipped with handmade Swedish Hastens beds made from natural materials, the best beds worldwide, 1 King size 2,0 x 2,1 meters or 2 twins each 1,05 x 2 meters  and luxury 100 % cotton bed linen and duvets. Free breakfast service which you can get 24 hours a day.",Czech Republic,3.776004,,,
Primavera Hotel & Congress Centre****,3776004.0,"Czech Republic, Plzeňský, Pilsen, 128 Nepomucká, 32600",https://www.linkedin.com/company/primavera-hotel-congress-centre,www.primaverahotel.cz,"PRIMAVERA Hotel & Congress centre**** je moderní, čtyřhvězdičkový hotel, který se nachází nedaleko centra města Plzeň, umístěný v klidné městské čtvrti Plzeň – Bručná, a 1km od sjezdu z dálnice D5 směr Praha-Rozvadov. Nákupní centrum a multikino je 1km od hotelu. Zastávka hotelu MHD směrem do centra je přímo před hotelem. Hotel nabízí kvalitní ubytování v celkem 92 pokojích kategorie First Class, dále moderní kongresové centrum s víceúčelovým sálem PRIMAVERA HALL až pro 280 osob a čtyřmi salónky. Součástí hotelu je i restaurace Primavera s venkovní terasou, vinárna-bar a café. Celý hotel je vybavený klimatizací a WIFI zdarma. V areálu zaparkuje až 180 osobních aut a 3 busy, parkování je zdarma.",Czech Republic,3.776004,,,
Louren Hotel**** Prague,3776004.0,"Czech Republic, Praha, Prague, 55 Slezska",https://www.linkedin.com/company/louren-hotel-prague,www.louren.cz,Louren Hotel is family-run four-star hotel with 27 rooms and suites. Hotel is an excellent choice for business clients as well as for those looking for friendly staff and luxurious accommodation. Located in a quiet Prague part called Vinohrady our hotel is an ideal place to relax and also a great starting point to reach all the Prague historical sights and places of interest. Luxurious accommodation Outstanding service  Unforgettable experience  Reliable partner  Enjoyable stay  Noiseless environment,Czech Republic,3.776004,,,
GOLGOT S.r.o.,3776004.0,"Czech Republic, Central Bohemia, Nymburk, 725 Podebradska",https://www.linkedin.com/company/golgot-s.r.o.,www.golgot.eu,"Golgot is a privately held company, which was set up in 1990. Its main business is providing industrial laundry services mainly to hotels and medical institutions and others.",Czech Republic,3.776004,,,
LAPET Gastro S.r.o.,3776004.0,"Czech Republic, Bílovec, 278/27 Opavská, 743 01",https://www.linkedin.com/company/lapet-gastro-s-r-o-,www.lapetgastro.cz,"Rádi bychom Vás seznámili s naší společností LAPET gastro s.r.o., která poskytuje závodní stravování pro společnosti, působící v Moravskoslezském kraji. Jelikož na trhu působíme již řadu let, můžeme Vám a Vašim zaměstnancům nabídnout jen ty nejlepší služby s možností spolufinancování Vašeho stravovacího zařízení dle dohody. Naším cílem je najít ta řešení, která povedou k maximální spokojenosti našich klientů.",Czech Republic,3.776004,,,
Special Tours Prague,3768840.0,"Czech Republic, Praha, Prague, 30 Ostrovní",https://www.linkedin.com/company/special-tours-prague,www.spectours.cz,"Special Tours Prague specialises in organising travel to the Czech and Slovak Republic since 1991. We serve clients from many countries across Europe and from overseas. Therefore, we draw from rich experience of itineraries, programs, and special customer requirements and have the necessary flexibility. We provide fast responses to inquiries, professional customer services and create specialised offers. As an agency we also manage 5 hotels ourselves. Our 4* Hotels: Hotel Astoria is located in Prague's Old Town and is ideal for those who want to explore Prague on foot or are on business in Prague, Design Hotel Metropol, a design hotel in the heart of Prague and Hotel Ambiente, a tourist clas 4* hotel, located close to the Wenceslas square. We are especially proud of the 5* Art Deco Imperial Hotel, which is a boutique hotel in the centre of Prague, and the 5* Hotel Palace radiates tradition and luxury. In addition, we have fixed allocation of more than 600 beds daily, especially in the 3* and tourist 4* categories.",Czech Republic,3.76884,,,
Schulering S.r.o.,3428055.0,"Czech Republic, Praha, Prague",https://www.linkedin.com/company/schulering,bit.ly,"Schulering is revolutionizing hospitality hiring and training. Its platform offers a unique job matching service, connecting businesses and job seekers directly.  Schulering's MVP stands out with its SOP builder, and competence micro-course feature, allowing applicants to understand a business's culture pre-engagement, enhancing the chances of a perfect match.  Schulering adds value by simplifying hiring, fostering employer-employee alignment, potentially reducing turnover, and improving job satisfaction. Key solutions include: - A subscription-based SOP builder for efficient staff onboarding. - A transparent review system for both employers and employees. - A consultant marketplace for e-learning content, enhancing industry training. Schulering's holistic approach is set to transform the hospitality recruitment and training sector, offering comprehensive solutions for its employment challenges.",Czech Republic,3.428055,,,
Café Level,3385917.0,Czech Republic,https://www.linkedin.com/company/cafélevel,www.cafelevel.cz,Česká frančízová sít kaváren,Czech Republic,3.385917,,,
Rêvelton Hotels&Apartments,3385917.0,Czech Republic,https://www.linkedin.com/company/rêvelton-studios,revelton.com,"Welcome to Rêvelton - a group of apart-hotels offering a genuine and caring approach to hospitality. At Rêvelton, we pride ourselves on providing contactless service with a personal touch and character, ensuring every guest receives exceptional care during their stay. Rêvelton operates 8 hotels across three different countries: Czech Republic, Latvia, and Estonia.  Since our establishment in 2018, we have garnered significant recognition: - Winner of the World Travel Awards - Recipient of the Traveler's Choice Award - Over 4000 positive reviews, with our ratings reaching 9.8/10 on Booking.com and 5/5 on TripAdvisor. Join us at Rêvelton for an exceptional hospitality experience that exceeds expectations!",Czech Republic,3.385917,,,
SKØG Urban Hub,3385917.0,"Czech Republic, South Moravian, Brno, 5 Dominikánské Náměstí, 602 00",https://www.linkedin.com/company/skogbrno,www.skog.cz,"Objevování ať už výběrové kávy od domácí pražírny Rusty Nails Coffee Roasters nebo koktejlů, které vznikají pod rukama našich barmanů. Strávit tak u nás můžete v podstatě celý den, a to i díky naší Skøg kitchen a její vegetariánské nabídce. Vězte, že slovem skog na severu označují les. Tak vstupte do našeho lesa a usaďte se, ale nečekejte ticho jako v přírodě. Náš les je plný přátelských rozhovorů, hudby, cinkaní skleniček a naší vrzající podlahy..",Czech Republic,3.385917,,,
Majordo,3385917.0,Czech Republic,https://www.linkedin.com/company/goodnite-brno,www.majordo.cz,"Partner pro správu a krátkodobé pronájmy bytů. Provozovatel designových hotelů a apartmánů pod značkou @goodnitebrno. Pomáháme majitelům bytů zhodnocovat jejich nemovitosti prostřednictvím bezstarostné správy a efektivního krátkodobého pronájmu. Zároveň budujeme síť digitálních hotelů, které spojují moderní technologie s osobním přístupem k hostům. 🔑 Kompletní servis pro vlastníky 🏨 Provoz vlastních hotelů a apartmánových domů 📍 Brno & další lokality na cestě www.majordo.cz www.goodnite.cz",Czech Republic,3.385917,,,
Hotel Clement Prague,3385917.0,"Czech Republic, Praha, Prague, 1213/30 Klimentská, 11000",https://www.linkedin.com/company/hotel-clement-prague,www.hotelclement.cz,"Our 4 star Hotel Clement Prague is located only a few steps from the Vltava River and the Palladium shopping center and just a short distance from major historic sites located in Prague Old Town , but at the same time lies in the heart of Peter’s quarters, aside from rush and hush of touristic routes. Enjoy the place where locals live, with small corner shops and cosy restaurants, with people walking their dogs and jogging in the morning. Enjoy the real Prague! Warm and friendly service, helpful staff, comfortable rooms, rich breakfast and pleasant ambience – those are the experiences our guests evaluate high in their reviews. Right in the city center, yet in a quiet neighbourhood close to park and river, our boutique hotel offers the perfect base for exploring Prague Old Town and relax after the rush of a busy day, always with a smile and warm welcome of our friendly receptionists.",Czech Republic,3.385917,,,
Irish Pubs Prague,3385917.0,Czech Republic,https://www.linkedin.com/company/irish-pubs-prague,irishpubs.cz,,Czech Republic,3.385917,,,
Hotelis S.r.o.,3385917.0,"Czech Republic, Karlovarský, Karlovy Vary, 36001",https://www.linkedin.com/company/hotelis-s-r-o,hotelis.cz,,Czech Republic,3.385917,,,
RENTeGO,3385917.0,"Czech Republic, Praha, Prague",https://www.linkedin.com/company/rentego,,"RENTeGO provides accommodation in apartment-hotels in the Heart of Prague. All our apartments are in Prague 1 and Prague 5 (Mala Strana) -  within a maximum of 10 minutes by walking from the most famous sights (Charles Bridge, Old Town Square, The Castle, and Wenceslas Square).Our multilingual team is in Prague and reachable 24/7. Great reviews - Free Wi-Fi Internet and Mobile Hotspot -Easy-check-in - Electronic door locks",Czech Republic,3.385917,,,
Courtyard By Marriott Prague City,3385917.0,"Czech Republic, Praha, Prague, 46 Lucemburska, 130 00",https://www.linkedin.com/company/courtyard-by-marriott-prague-city,www.courtyardpraguecity.com,"Whether you are visiting Prague for business or leisure, Courtyard Prague City will welcome you with excellent service, travel-inspired amenities and a prime downtown location.  Set only minutes from historic Zizkov, hotel guests can easily visit attractions like Old Town Square, Charles Bridge, Prague Castle and Wenceslas Square. Unwind and recharge in our spacious, pet-friendly hotel rooms that offer comfortable bedding, mini-refrigerators, large desks, Wi-Fi, flat-screen TVs and a grocery shopping service. Family rooms and junior suites are ideal for anyone needing additional living space.  Indulge on delicious, classic Czech cuisine and other favorites at The Farmers' Market Bar & Grill and work out at our 24-hour gym. If you are planning a business meeting or social event downtown, you'll appreciate our versatile venues, expertly supported by catering and audiovisual technology, in the heart of Prague's busy city center. We look forward to welcoming you to Courtyard Prague City.",Czech Republic,3.385917,,,
DejKafe.cz,3385000.0,"Czech Republic, South Moravian, Brno, 10 Kounicova",https://www.linkedin.com/company/dejkafe-cz,www.dejkafe.cz,We are subscribtion based mobile application for coffee lovers. We are connecting our partner cafés with our customers. They are allowed to enjoy one coffee a day and discover new partner cafés.,Czech Republic,3.385,,,
Art Hotel Praha,3385000.0,Czech Republic,https://www.linkedin.com/company/arthotelpraha,www.arthotel.cz,,Czech Republic,3.385,,,
Vista Resort & Club,3251180.0,"Czech Republic, Praha, Prague, 2 Nad Hlinikem, 150 00",https://www.linkedin.com/company/vista-resort-club,www.vistaresort.cz,"Semi-private club nearby Prague center. The main services are membership, tennis, fitness, wellness, restaurant, hotel, and long stay apartments.  A unique project set in a unique natural environment. The goal is to provide superior services to our customers and club members.",Czech Republic,3.25118,,,
Plzeňský Catering,3227435.0,Czech Republic,https://www.linkedin.com/company/plzeňský-catering,www.plzenskycatering.cz,"Zajišťujeme kompletní cateringové služby na klíč a to nejen v Plzni a okolí, ale téměř v celé Evropě. Máme dlouholeté zkušenosti v gastronomii. Vlastníme kompletní technické zázemí potřebné pro tyto služby.",Czech Republic,3.227435,,,
Sharedd.co,3146670.0,"Czech Republic, Praha, Prague, 43 Jana Masaryka, 12000",https://www.linkedin.com/company/sharedd,sharedd.co,Sharedd.co is an online housing platform offering co-living and flatshare accommodation for digital nomads and young professionals around Europe! 👋Community-oriented housing for digital nomads and remote workers!,Czech Republic,3.14667,,,
MMX Beertel,3146670.0,"Czech Republic, Středočeský, 452 Dobřichovická Lety, 29",https://www.linkedin.com/company/mmx-pivotel,mmxpivo.com,"MMX BEER The best beer and constant high quality are the foundations for us. We always have on tap light bottom-fermented pilsner beer made from local raw materials of the highest quality – Czech and Moravian malt, Žatec hops – Poloraný červeňák, Sládek and Premium, and local water with the quality parameters of infant water from our own 60 meter well. We have 10° and 12° beer always on tap, and during the year we also have special and festive light, semi-dark, dark, wheat, lower and upper fermented beers. How does our beer differ from the standard diluted Euro beer? The main difference is the fact that our beer remains unfiltered, unpasteurized, unstabilized and undiluted by a HGB system (High Gravity Brewing). Therefore, all of the beneficial substances remain in the beer. MMX Pivotel boasts a state of the art and fully automated brewing technology. This comes from the very best in the industry – the company Kaspar Schulz with almost 340 years of tradition from Bamberg, German, which is surrounded by over 150 breweries. That is why Bamberg is known as the center of world brewing. The stainless steel brew house has a volume of 10 hl and the cylinder-shaped larger tanks allow annual production of approximately 3,000 hl. The technology of our brewery is fully automated, thus enabling us to produce beer with a constant high quality, character and flavor, which is our goal. We never intend to offer variable production.",Czech Republic,3.14667,,,
Hotel Bila Ruze,3146670.0,"Czech Republic, South Moravian, Brno, 672 Svatopetrska, 617 00",https://www.linkedin.com/company/hotel-bila-ruze,hotel-bilaruze.cz,"OUR HOTEL PROVIDES A FREE DINNER FOR EACH NIGHT OF ACCOMODATION. WE APPRECIATE OUR CUSTOMERS. Hotel is located approximately one kilometer from the historic centre of Brno, city of many national and international events, such as exhibitions and fairs, expositions, motorbike or car races. For example Moto GP Czech Republic - Grand Prix, fireworks competition Ignis Brunensis and theatricals. The hotel is near the Exit 196B of the motorway Prague-Bratislava. Accomodation capacity belongs to the family type hotel. Its facilities and services are suitable for individual travelling. Our location is especially suited for businessmen, as we placed near the Brno Exhibition Centre fairgrounds Our guests can use tennis courts in the immediate vicinity of hotel.",Czech Republic,3.14667,,,
IDEEA Hospitality Investment Forum,3146670.0,"Czech Republic, Praha, Prague",https://www.linkedin.com/company/adria-hotel-forum,www.ideea-forum.com,"Hospitality and investment leaders from across Europe will gather at the IDEEA Hospitality Investment Forum on 18-20 September 2023 at the Prague Marriott Hotel, Czech Republic. The two-day event will bring together the region’s elite for discussions, deals and insights into opportunities as well as developments within the hospitality & tourism sector in Central & Southeast Europe. IDEEA stands for Investment in the Development of Eastern & Central European Assets.",Czech Republic,3.14667,,,
Czech Hookah Club,3146670.0,"Czech Republic, Moravskoslezský, Ostrava, 152/8 Čs. Legií, 70200",https://www.linkedin.com/company/czech-hookah-club,www.hookahclub.cz,"Premium hookah lounge in Ostrava, Czech Republic. We provide a selection of the most unique and luxury hookahs on the market.  Our goal is to deliver the best possible experience of smoking a hookah.",Czech Republic,3.14667,,,
HOTEL SKALSKÝ DVŮR,3146670.0,"Czech Republic, Bystřice Nad Pernštejnem, 52 Lísek, 593 01",https://www.linkedin.com/company/hotel-skalsk-dv-r,www.skalskydvur.cz,"Mezi Prahou a Brnem, v malebné krajině Vysočiny najdete hotel Skalský dvůr - skvělé místo pro pořádání velkých i malých firemních akcí. Nabízíme variabilní kongresové prostory, kvalitní technické vybavení a profesionální servis. Díky bohatým zkušenostem jsme schopni zajistit plynulý průběh akcí. Dokážeme pomoci s organizací doprovodného programu. Ke spokojenosti našich hostů přispívá také výborná domácí kuchyně. Poloha hotelu uprostřed luk a lesů, v bezprostřední blízkosti rybníka je ideální pro rozmanité teambuildingové hry a outdoorové aktivity jako třeba let balonem, paintball, aquazorbing nebo vyjížďky na koních. - 182 lůžek - 750 konferenčních míst - parkování až pro 300 aut - 2 prostorné sály, 5 učeben, salonky - 60 km od Brna, 170 km od Prahy, 200 km Ostrava, 200 km Bratislava",Czech Republic,3.14667,,,
Cukrárna Alchymista,3146670.0,"Czech Republic, Praha, Prague, 7 Jana Zajíce, 170 00",https://www.linkedin.com/company/cukrarna-alchymista,www.alchymista.cz,"Cukrárna Alchymista is a combination of traditional Austrian-type café with modern 3rd wave. Family business with 20 years of tradition.  Our staff and family members take care of every visitor of Letenský Montmartre with very gentle approach.  Cakes, coffee and different special artisan drinks are just one part of the experience we offer.",Czech Republic,3.14667,,,
The President Hotel Prague,3146670.0,Czech Republic,https://www.linkedin.com/company/the-president-hotel-prague,www.hotelpresident.cz,"Hotel President is located on the right-hand side bank of the Vltava River, with breath-taking views across to Prague Castle, the President Hotel Prague benefits from one of the best locations in the City. Just a minute’s walk from the centre of the Old Town, the hotel is also close to some of the best shops and restaurants in the City, as well as being within easy access to the main banking and commercial centres both by road and using the public transport system. Whether visiting Prague for business or leisure, the President Hotel Prague offers guests that little bit extra; all the amenities and convenience of a first-class hotel, in friendly and comfortable surroundings. 6 multi-functional meeting rooms suitable for meetings, seminars, conferences, as well as gala dinners and other events, can accommodate up to 200 persons. Audio-visual equipment is available in all conference rooms. Pre-function areas in front of the meeting rooms are ideal for coffee breaks, quick working lunches, as well as cocktail receptions. Our professional service and attention to detail ensure that you will enjoy an unforgettable meeting experience.",Czech Republic,3.14667,,,
Cool Cafe,3146670.0,"Czech Republic, Jihočeský, České Budějovice",https://www.linkedin.com/company/cool-cafe,www.coolcafe.cz,"Kavárna v nákupním centru 4 Dvory v Českých Budějovicích. Nabízíme široký sortiment káv, alkoholických i nealkoholických nápojů. Součástí kavárny je i dětský koutek.",Czech Republic,3.14667,,,
Camping2000.com,2804172.0,"Czech Republic, Liberecký, Liberec, 15 Januv Dul, 46352",https://www.linkedin.com/company/camping2000-com,www.camping2000.com,"Camping 2000 ligt aan de voet van de heuvels van de ""Jested"". In een prachtig natuurgebied in Noord-Bohemen Tsjechie. De camping heeft 135 plaatsen en 55 accomodaties. Er is een zwembad van 20 x 11 meter met een glijbaan  van 42meter, een peuterbadje en een heerlijk terras. In 2011 is er een nieuw sanitairgebouw gebouwd wat van alle gemakken is voorzien.",Czech Republic,2.804172,,,
Hotel U Zlatého Stromu,2708733.0,"Czech Republic, Praha, Prague, 6 Karlova, 11000",https://www.linkedin.com/company/hotel-u-zlatého-stromu,www.uzlatehostromu.com,"Hotel U Zlatého stromu se nalézá v Karlově ulici na Starém Městě, jen několik kroků od Karlova mostu. V tomto jedinečném místě nabízí luxusní ubytování v 19 dvoulůžkových pokojích a 3 apartmá. Pokoje jsou originální svými rozměry i stylovým zařízením, mnohé z nich mají malované renesanční stropy. Všechny pokoje disponují koupelnou, toaletou, minibarem, barevnou TV se satelitními kanály, telefonem s přímou volbou, bezpečnostní schránkou. Recepce a room servis jsou v provozu plných 24 hodin denně. Kryté parkoviště se nachází přibližně 300 m od hotelu. V restauraci jsou podávány ty nejlepší speciality z české i mezinárodní kuchyně. Příjemné posezení skýtá zastřešené atrium a terasa s mořským akváriem, v suterénních prostorách se nachází věhlasný Music Club s proměnlivou programovou nabídkou.",Czech Republic,2.708733,,,
HOTELPRO LTD. - Hotel Management Co. In The Czech Republic,2708733.0,"Czech Republic, Praha, Prague",https://www.linkedin.com/company/hotelpro-ltd-,www.hotelpro.cz,"HOTELPRO has been running and operating hotels since 1998. The market value of the hotels operated by the HOTELPRO company in the present and in the past highly exceeds 37 million EUR. The company focuses on smaller and middle-sized hotels with the capacity under ca. 150 rooms, which it either owns or operates based on a lease agreement or contract of agency (management). Since 2003 HOTELPRO has also been operating chain hotels under the Best Western Company. Managers of the company have extensive experience in running both independent and branded/chain hotels. HOTELPRO is accepted as a hotel operator by two leading banks on the Czech market for the purposes of granting credit. The average length of engagement in the project is 9 years! In the recent years, HOTELPRO has been regularly achieving a turnover over 3,7 million EUR a year and has over 100 employees.",Czech Republic,2.708733,,,
Hotel Termal Mušov,2708733.0,"Czech Republic, Pasohlávky, 69122",https://www.linkedin.com/company/hotel-termal-mušov,www.hoteltermal.cz,"Hotel Termal Mušov je hotelový komplex na břehu Novomlýnských nádrží s krásným výhledem na vodní hladinu a Pálavu.  Hotel nabízí ubytování ve 3 kategoriích: ""Freedomky"" - krásné apartmány až pro 4 osoby s vlastní kuchyní a terasou s výhledem na Pálavu a hotelové pokoje kategorie ""Komfort"" a ""Standart"".  Restaurace hotelu Termal Mušov má dostatečnou kapacitu pro pořádání větších i menších rodinných oslav nebo firemních večírků. V jídelním lístku restaurace najdete speciality české kuchyně a samozřejmě nemůže chybět ani Pohořelický kapr. Pro firemní klientelu jsou k dispozici 3 konferenční sály s kapacitou pro 20, 60 nebo 100 osob. Dataprojektor, flip-chart, WI-FI, coffee breaky a ostatní služby, které si klient přeje, zajistíme. Pro večerní zábavu je připravený noční bar. V létě i v zimě je na Pálavě krásně. Ostatně, určitě si to mysleli i naši předci, kteří na jejím úpatí žili již 25 000 let př.n.l, jak vím z nálezů profesora Absolona, nálezce slavné Věstonické Venuše, nejstarší hliněné sošky na světě. Toto území si oblíbili i Římané, císař Marcus Aurelius ho chtěl připojit k římské říši, jako svoji novou provincii Markománii. Ano, i Germáni to tu měli rádi. Nenápadný kopec nad hotelem je toho důkazem. Ne nadarmo se mu říká ""Římský kopec"", stále na něm probíhá průzkum Archeologického ústavu, který se snaží odhalit tajemství vojenského ležení (Oppidum) legií Marca Aurelia. A pátrání nebylo marné, kromě zlatých mincí, různých zbraní a podobných nálezů našli i kamenné základy budov, jsou to jediné kamenné římské stavby na území ČR. Z terasy restaurace se můžete kochat výhledem na Pálavu, vodní hladinu ""Mušovských"" jezer a když se budete dívat pozorně, uvidíte siluetu kostela, který jako by plul na vodní hladině. Uvidíte kostel sv. Linharta, nejstarší stojící románský kostel na Jižní Moravě, který připomíná místo, kde stála, dnes již zaniklá, obec Mušov.",Czech Republic,2.708733,,,
HM Management S.r.o.,2708733.0,"Czech Republic, Vimperk, 88 Pivovarská, 385 01",https://www.linkedin.com/company/hm-management-s-r-o,www.hmcatering.cz,"Společnost provozuje gastronomické a ubytovací provozy v Jižních Čechách. www.dobrachata.cz, www.pizzeriemarco.cz, www.vimperk-ubyovani.cz a www.hmcatering.cz.",Czech Republic,2.708733,,,
Hotel Ryzlink,2708733.0,"Czech Republic, Mikulov South Moravia, 2 Zlámalova, 692 01",https://www.linkedin.com/company/hotelryzlink,www.hotelryzlink.cz,Poznejte nezaměnitelnou atmosféru magického Mikulova na jižní Moravě. Spojení krásných přírodních vín s designovým apartmánovým ubytováním. Unikátní poloha hotelu s dechberoucím výhledem na Svatý kopeček Vám navždy zůstane ve Vaší mysli. 🍷 Firemní akce: @David Lazarov & @Hana Jech  🍷 Online rezervace: https://www.hotelryzlink.cz/booking/ 🍷 Degustace: https://www.hotelryzlink.cz/o-hotelu-ryzlink/degustace/ 🍷 Vinarstvi Fucik : https://www.vinarstvi-fucik.cz/,Czech Republic,2.708733,,,
Café Chloé,2708733.0,"Czech Republic, Hlavní Město Praha, 21 Senovážné Náměstí, 11000",https://www.linkedin.com/company/café-chloé,www.cafechloeconcept.com,"Café Chloé je kavárna v Praze. Jsme tým mladých lidí, kteří rádi vytvářejí nejrůznější cool (a růžové) věci, cokoli, co rozzáří den. Snažíme se, abychom vždy nabídli něco originálního od vkusu až po skutečný design jídla, talířů a dokonce i příborů. Naším cílem je vytvořit jedinečný zážitek pro naše hosty přidáním malých, ale znatelných doteků ke všemu, co najdete v kavárně Chloé, a zároveň být přístupný a cenově dostupný. Naše láska ke kávě, zejména k výběrové kávě, je hluboce zakořeněna, a proto je naší hlavní prioritou pracovat s kvalitními a spravedlivými pražírnami z celého světa..",Czech Republic,2.708733,,,
IMS Prague,2708000.0,"Czech Republic, Josefov, 135/7 Elišky Krásnohorské",https://www.linkedin.com/company/ims-prague,www.ims-prague.com,"IMS is the Leading DMC in Central & Eastern Europe, with its head office in Vienna, Austria and fully owned subsidiarys in Budapest, Hungary; Prague, Czech Republic. IMS specializes in handling Incentives and Corporate Meetings in the above mentioned countries.",Czech Republic,2.708,,,
Štramberk Spa,2708000.0,Czech Republic,https://www.linkedin.com/company/štramberk-spa,www.stramberkspa.cz,,Czech Republic,2.708,,,
XFood,2587715.0,"Czech Republic, Praha, Prague, 15800",https://www.linkedin.com/company/xfood-solution-s-r-o,www.xfood.cz,We deliver catering services and offer wide range of dishes at festivals in Central Europe.,Czech Republic,2.587715,,,
Dolce Vita Suites Boutique Hotel,2517336.0,"Czech Republic, Praha, Prague, 443/8 Vejvodova, 11000",https://www.linkedin.com/company/dolce-vita-suites-boutique-hotel,www.dolcevitasuite.com,Italian styled hotel in the heart of Old Town in Prague,Czech Republic,2.517336,,,
BOHEMIA CLUB A.s.,2517336.0,Czech Republic,https://www.linkedin.com/company/bohemia-club-a.s.,www.savoy.cz,"Savoy Royal hotel * * * * * Špindleruv Mlýn.  Luxury Royal Hotel Savoy is synonymous with modern taste, combined with the tradition and attitude of one of the leading hotel houses in Europe - the Savoy label. A well-known and very popular hotel is situated in a fabulous natural scenery in the heart of the national park, a favorite mainly fans of winter sports and mountain tourism. This combination combined with professionalism and helpfulness of our staff creates a guarantee of satisfaction and comfort for even the most demanding guests. Royal Savoy Hotel will provide comfort and luxury through 43 luxury rooms and elegant suites and luxury standard, with an area of 28-108 square meters with high quality sanitary fittings.Guests who like to use the services of the World Wide Web, we provide high-speed internet access in every room and also a free Wi-Fi access in other public areas for maximum flexibility and satisfaction. At your service is also available Savoy new wellness center that elevate your experience of relaxation through a unique and private atmosphere. For the ultimate gourmet experience and a pleasant meeting with family or friends are there for your excellent and elegant Savoy Restaurant Ski Club Savoy is a need for a business meeting here for you and your partners Luxury Meeting Room. All this and much more can be found in our hotel which is situated in the beautiful natural scenery fabulous national park..",Czech Republic,2.517336,,,
The Emerald Prague,2517336.0,"Czech Republic, Praha, Prague, 7 Zatecka, 110 00",https://www.linkedin.com/company/the-emerald,emeraldprague.com,"The Emerald Prague is stylish, fully equipped & serviced hotel apartment house with 13 beautifully designed apartments, conveniently located in the historical center of Prague. They are suitable for short term rental, various exhibitions or experiences.",Czech Republic,2.517336,,,
Perfect Catering S.r.o.,2517336.0,"Czech Republic, Praha, Prague",https://www.linkedin.com/company/perfect-catering-s.r.o.,www.perfectcatering.cz,"Již deset let vám Perfect Catering nabízí přátelský servis, profesionální řešení, vždy osvěžující nápoje a úžasné jídlo tradičně z čerstvých surovin a z rukou zkušeného kuchařského týmu pod vedením šéfkuchaře a spolumajitele Filipa Sajlera. Perfect Catering vždy vytváří z klienta dokonalého hostitele a pro jeho hosty kromě perfektního jídla a nápojů vytváří příběh, zážitek, emoce a zábavu.",Czech Republic,2.517336,,,
Hotel Zlatá Váha,2517336.0,"Czech Republic, Praha, Prague, Senovážné Náměstí, 110 00",https://www.linkedin.com/company/hotel-zlata-vaha,www.zlatavaha.cz,"Hotel Zlatá váha, which was opened after a complete reconstruction from April 2012, offers accommodation in 92 comfortable and well equipped rooms with own sanitary facilities, TV with satellite and wireless connection.",Czech Republic,2.517336,,,
Chateau Hostačov - Hotel & Restaurant,2517336.0,"Czech Republic, Vysočina, 582 82",https://www.linkedin.com/company/chateau-hostacov,www.chateau-hostacov.cz,"Chateau Hostačov is a relaxing countryside escape with an enchanting historic ambiance.  The 16th century chateau has been sensitively renovated to house a boutique hotel and restaurant.  It is tucked away in the central Bohemian countryside at the foothills of the Czech/Moravian highlands, surrounded by its own 12 Hectare forest park.  The mission is to not only breathe life back into a historic building, but provide a venue where guests can escape the stresses of their every day life and truly unwind.   All of the hotel rooms are appointed with antique furniture, and the lack of televisions means guests are encouraged to spend time together making the most of the many facilities in the building and surrounding gardens and park.  An in-house restaurant serves dishes inspired by the international and Czech roots of the owners, as well as what is currently growing in the home-grown vegetable garden.   The venue welcomes individual guests who are looking for an out-of-town getaway, travelers to the area, but we are also experts at hosting weddings, both large and small, as well as corporate events, teambuilding seminars, private parties and boutique package holiday guests.  In 2017 Chateau Hostačov was awarded the prestigious 'best venue for a wedding in a castle or chateau in the Czech Republic' by the expert panel of Marriage guide magazine. The Chateau has been progressively renovated since 2008, and the work and inspiration drawn from the unique setting never stops.  Guests can take inspiration from the fact that their stay will help fund further blossoming of the location back to the glory of old.  As well as the hotel and restaurant, the Chateau halls are home to a gallery of world-renowned modern impressionist Judy Talacko's works.   The forest park is home to the longest and most prestigious permanent disc-golf course in the Czech Republic, which is available for hotel and outside guests to play in.  Thanks to generous underground cellars, the owners import select wines direct from Australia that are exclusive to the Czech Republic, and offer regular wine tastings.",Czech Republic,2.517336,,,
J&T Café,2517336.0,Czech Republic,https://www.linkedin.com/company/jtcafe,www.jtcafe.cz,"Kavárna, kterou navrhl architekt Petr Hrůša, navazuje na to nejlepší, co regionálně silný funkcionalismus v Brně nabízí. Na mlýnku italskou kávu Veloce a výběrovou kávu RebelBean. Nabízíme širokou nabídku snídaní a specifických nápojů.  Lze přijmat platby také v cryptoměnách: Bitcoin, Litecoin, Ethereum, PIVX, Dash",Czech Republic,2.517336,,,
NO BOX Catering,2517336.0,"Czech Republic, Praha, Prague, 1339/3 Poupětova, 17000",https://www.linkedin.com/company/no-box-catering,www.noboxcatering.cz,Jsme dynamická cateringová společnost sídlící v Holešovicích a nabízející moderní gastronomii a profesionální tým pod vedením oceněného šéfkuchaře Ondřeje Bárty.  Bezpečnost především NO BOX Catering plně ctí pravidla Nocovid maximálně snižující riziko přenosu nákazy. Současně dbáme na zdraví personálu - náš tým je testován na přítomnost koronaviru. Záleží nám na přírodě Podporujeme strategii NO WASTE - využíváme ekologické jednorázové nádobí a minimalizujeme zbytky i odpady. Byli s námi spokojeni TV NOVA Seznam.cz Hewlett Packard Enterprise Accenture Philip Morris International a mnoho dalších,Czech Republic,2.517336,,,
Hotel A Školicí Centrum Samechov,2198306.0,"Czech Republic, Chocerady, 50 Samechov, 25724",https://www.linkedin.com/company/hotel-a-školicí-centrum-samechov,www.hotelsamechov.cz,"Náš hotel Vám nabízí únik od ruchu velkoměsta. Díky tomu, že se hotel nachází necelou hodinku od Prahy je ideálním místem, kde můžete nejen relaxovat, ale i pracovat či se scházet s obchodními partnery. Hotel nabízí služby především pro firmy a různé teambuildingové akce či sportovní eventy. Naším posláním je váš dobře strávený čas.",Czech Republic,2.198306,,,
PASSION FOR PRAGUE,2198306.0,"Czech Republic, Praha, Prague, 716/24 Rybná, 110 00",https://www.linkedin.com/company/passion-for-prague,www.passionforprague.com,"Are you planning your next conference or  incentive trip? Eager to make your employees happy? But without all the stress around? Just leave it on us, we will take care of every single detail.",Czech Republic,2.198306,,,
Spa Hotel Ulrika,2198306.0,"Czech Republic, Karlovarský, Karlovy Vary",https://www.linkedin.com/company/hotel-ulrika-s.r.o.,www.spa-ulrika.cz,"The SPA Hotel ULRIKA **** is situated very close to the mineral springs. Thanks to unique location we offer our clients comfortable, modern accommodation right in the heart of of the spa town. Enjoy yourself relaxing in the modern wellness centre with the wide range of indulgent treatments, such as, relaxation massages, packs and some wellness treatments which prevent and help in the treatment of various deseases, metabolic regulation,  stress reduction, to upgrade the natural balance of the body.  The hotel restaurant has ranked among the best hotel restaurants in Karlovy Vary for several years. Our restaurant offers you the menu, which is carefully made, offers a few kinds of diets which are always made individually by a nutrition specialist and recommended by an attending physician.",Czech Republic,2.198306,,,
Friesovy Boudy,2198306.0,"Czech Republic, Strážné, 95 Strážné, 543 52",https://www.linkedin.com/company/friesovy-boudy,friesovyboudy.cz,Dva hotely na střeše Čech v Krkonoších s přátelskou atmosférou.  ubytovní | restaurace | firemní akce | wellness | pivovar,Czech Republic,2.198306,,,
SLAVIA,2037457.0,"Czech Republic, South Moravian, Brno, 17 Solniční, 60200",https://www.linkedin.com/company/slavia-hotel,www.slaviabrno.cz,.,Czech Republic,2.037457,,,
To Je Bistro.,2031550.0,Czech Republic,https://www.linkedin.com/company/to-je-bistro,www.tojebistro.cz,Sousedské bistro s vlastním chlebem a sladkým. vaříme snídaně a mame i jídelnu.,Czech Republic,2.03155,,,
Dean&david Franchising Czech Republic S.r.o.,2031550.0,"Czech Republic, Praha",https://www.linkedin.com/company/dean-david-franchising-czech-republic-s-r-o,www.deananddavid.cz,"Jsme víc než jen food bar. Jsme lifestyle food bar, kde se spojuje skvělá chuť, kvalita a moderní gastronomie bez zbytečných přísad a kompromisů. 🍃 Čerstvé suroviny, autentické chutě Věřili jsme, že rychlé jídlo nemusí znamenat nezdravé. A tak jsme přinesli dean&david – koncept, který od roku 2007 mění pravidla hry v gastronomii po celém světě. Vše, co nabízíme, je poctivé, jednoduché a nekompromisně chutné. 🥗 Bowls, wrapy, sendviče, kari i skvělá káva Naše menu je inspirované mezinárodní kuchyní, postavené na kvalitních a přírodních surovinách. Od bowls se superpotravinami až po kari s nádechem Thajska či Indie. To vše doplněné o kvalitní kávu, smoothies a za studena lisované džusy. Autenticita a odpovědnost v každém detailu V dean&david se držíme jednoduché filozofie: čisté ingredience, žádná umělá dochucovadla a udržitelnost jako standard. Naše obaly jsou recyklovatelné, suroviny pečlivě vybrané a přístup k jídlu férový. CHANGE FOR BETTER. Jsme součástí mezinárodní rodiny dean&david, která mění pohled na moderní stravování ve více než 180 pobočkách po celém světě.",Czech Republic,2.03155,,,
Tvrz KRASSA,2031550.0,"Czech Republic, Osečná, 17 Chrastná, 04087151 463 52",https://www.linkedin.com/company/tvrz-krassa,www.krassa.cz,"Tvrz KRASSA je čtyřhvězdičkový soukromý areál, který se nachází na velmi klidném místě nedaleko městečka Osečná v Podještědí. V současné době je tvrz KRASSA nově zrekonstruovaným objektem, který poskytuje zázemí především firmám. Zaměřujeme se také na svatby a soukromé oslavy. Nejsme lhostejní ani k akcím pro veřejnost. Tradičně pořádáme například vánoční trhy, módní přehlídky nebo letní kino. Tvrz KRASSA je exkluzivním místem poskytující především klid a soukromí. Je doslova protkaná přírodními materiály, každý váš krok provází vůně dřeva, květin i blízkého lesa. Její neotřelý genius loci zklidní vaši mysl a nabije vás čistou energií.Udržujeme vysoký standard servisu a hlavně gastronomie. Tvrz KRASSA je výjimečná stavba nejen svou historií a možnostmi, které návštěvníkům nabízí, ale i nejmodernějším technologickým vybavením a individuálním přístupem k hostům.",Czech Republic,2.03155,,,
Hotel Ungelt,2031550.0,Czech Republic,https://www.linkedin.com/company/hotel-ungelt,www.ungelt.cz,"Stylish accommodation in an apartment hotel in the city center of Prague,  shrouded in an unforgettable historical atmosphere.",Czech Republic,2.03155,,,
Dvůr Perlová Voda,2031550.0,"Czech Republic, Budyně Nad Ohří, 13 Kostelec Nad Ohří",https://www.linkedin.com/company/dvůr-perlová-voda,www.dvurperlovavoda.cz,"Jsme statek, ve kterém najdete vyhlášenou restauraci, minipivovar, ubytování a wellness. K dispozici máme několik sálů, výstavní galerii, multifunkční travnaté hřiště, koupací biotopové jezírko, nádhernou zahradu a spoustu aktivit. Jsme ideálním místem pro Vaše firemní akce, nezapomenutelnou svatbu, atraktivní rodinný pobyt nebo odpočinkový víkend.",Czech Republic,2.03155,,,
Ambiente Hotel,2031550.0,"Czech Republic, Praha, Prague",https://www.linkedin.com/company/10292945,www.ambientehotel.cz,"A 4 Star Hotel in center of Prague The hotel is situated in the heart of the historical Prague. The building the hotel occupies was built in the 19th century in the eclectic style combining renaissance and baroque features. The lobby of the hotel and many of the common areas present original contoured ceilings and walls with historical lighting. The recent complete renovation of the building was performed with the intention to preserve and restore as many of the historical features as possible. The hotel offers a 24 hour reception with refreshments and nibbles available. Guests can either relax on sofas and chairs in the lobby or take advantage of the clubroom with original features including arched ceilings and exposed brickwork. Free Wi-Fi connection is offered throughout the hotel. The hotel maintains a complete non-smoking environment in the guest rooms as well as in the public areas.  The tranquil, smartly furnished 99 guest rooms provide comfortable accommodation in single, double and tripple rooms. There is a possibility to fit in an extra bed into all of the room types. Each of our tastefully decorated rooms feature individually controlled air conditioning and heating, safety deposit box, free Wi-Fi connection, LCD TV with satellite reception and a phone.  Breakfast is served daily 07:00 a.m. till 10:30 a.m. offering wide selection from a buffet. Additional meals can be ordered upon request and either catered or cooked in the hotel kitchen. In the summer months the terrace on the yard of the hotel presents a perfect opportunity to relax in a calm place away from the buzz of the city. Ambiente Hotel is an ideal choice for exploring Prague: Wenceslas Square, Old Town Square, The Astronomical Clock, The Powder Tower, Municipal house, Jewish quarter Josefov, Charles Bridge, The Prague Castle 99 guest rooms provide comfortable accommodation, and a range of accommodation types including single, double and triple rooms.",Czech Republic,2.03155,,,
Zámek Berštejn Hotel & Golf Resort,2031550.0,"Czech Republic, Doksy Dubá, 10 Nový Berštejn, 472 01",https://www.linkedin.com/company/château-berštejn-hotel-&-golf-resort,www.berstejn.com,"Welcome to the Château Berštejn Hotel & Golf Resort located near Prague, the capital of the Czech Republic in Europe. The Château Berštejn, dating back to the 16th century, is a family owned 4-Star Boutique Hotel that feels more like a private club with outstanding hospitality. The owners being present to personally take care of the guests. The unique concept, facilities and passion for event planning excellence have resulted in a host of awards including Hotel of the Year 2016, Czech Hotel Awards, Category ""Congress"" and Hotel Four Diamond Award 2010. Make yourself at home at the Château Berštejn and feel the wonderful atmosphere around!  Surrounded by beautiful countryside, the Château Berštejn introduces a romantic guest bedrooms and family suites with total capacity of 70 beds, meetings and events rooms, restaurant with terrace, billiard saloon, outdoor Swimming Pool, Spa, Fitness, Yoga, QiGong, Playground, Trampoline, Table Tennis, 9-holes Private Golf Course, Lawn-Tennis, Boules and much more.   Just minutes away from the motorway network, Vaclav Havel Airport Prague, and less than 60 minutes regular bus journey from Prague city center. Open seasonally, from April to October.",Czech Republic,2.03155,,,
Penzion Na Kraji Lesa,2031550.0,"Czech Republic, Zlín, Valašské Meziříčí, 610 Podlesí, 75701",https://www.linkedin.com/company/penzion-na-kraji-lesa,www.nakrajilesa.cz,"Najdete nás Na kraji lesa, na konci cesty, na hranici valašské divočiny, mezi duby a buky. Nabízíme klid rodinného penzionu spojeného s moderní restaurací, wellness a prostory pro firemní workshopy, meetingy nebo teambuildingy.",Czech Republic,2.03155,,,
Botel Marina,2031550.0,"Czech Republic, Praha, Prague, 1 U Libeňského Mostu, 18000",https://www.linkedin.com/company/botel-marina,www.botelmarina.cz,"Vítejte na palubě botelu Marina! Už jste někdy strávili noc na lodi? Chcete se probouzet při východu slunce v okolí klidné řeky? Nabízíme vám jedinečný zážitek, na který jen tak nezapomenete. Jsme místo, které vás zavede do oázy klidu, štěstí a naprosté pohody. Dáme vám pocit domova a odjíždět budete plní nezapomenutelných okamžiků. Okolní příroda, kouzlo řeky a naprostý klid je to, na co budete vzpomínat po návratu domů. Vydejte se na vlnu splněných přání s námi.",Czech Republic,2.03155,,,
KXG Hospitality,2031550.0,Czech Republic,https://www.linkedin.com/company/kxghospitality,www.kxghospitality.com,"KXG Hospitality is a hospitality asset management company based in Prague in the Czech Republic. We support property owners to maximise profit, by delivering a professional operation with a high focus on guest satisfaction. Our aim is to achieve long-term asset-value growth.",Czech Republic,2.03155,,,
Galerie Vín Onyx Lednice,2031000.0,"Czech Republic, Lednice, 176 Nejdecká, 69144",https://www.linkedin.com/company/galerie-vín-onyx-lednice,www.onyxlednice.cz,,Czech Republic,2.031,,,
Hotel A Restaurace Čertousy,2031000.0,"Czech Republic, Praha, Prague",https://www.linkedin.com/company/hotel-a-restaurace-čertousy,www.hotel-certousy.cz,,Czech Republic,2.031,,,
JEZ KONCEPT S. R. O.,1994383.0,Czech Republic,https://www.linkedin.com/company/jez-koncept-s-r-o,www.jezkoncept.cz,"Gastronomická společnost provozující restaurace a kavárny. Dále zajišťujeme rauty, oslavy, koktejly či office catering.",Czech Republic,1.994383,,,
Hotel Republika & Suites,1888002.0,Czech Republic,https://www.linkedin.com/company/hotelrepublika,www.hotelrepublika.cz,"Nabízíme velmi pohodlné a dostupné ubytování v klidné části centra Prahy. Od základních luxusně vybavených pokojů, přes prostorné apartmány, až po exkluzivní skvosty v podobě dvoupodlažních apartmánů s krásným výhledem na panoramata Prahy. Možnost krátkodobého i dlouhodobého pronájmu pokojů pro Vaše zaměstnance či partnery, kteří se vydávají do Prahy za pracovními schůzkami, dojednávat důležité obchody, nebo klidně jen hledají nějaký ten odpočinek.  Náš přátelský servis umožní plnou soustředěnost na práci a o Vaše problémy se budeme starat dříve, než vůbec vzniknou.  O stravu se postará naše vkusně zařízené Bistro Republika, které také může posloužit na klidné schůzky s partnery.  Po náročném pracovním dni nebo cetě Vám dokonalý relax zajistí naše privátní Wellness prostory s vířivou vanou a saunou a masáže. Pokud máte zájem o ubytování nebo dokonce korporátní smlouvu, neváhejte nám napsat na e-mail: reservations@hotelrepublika.cz nebo zavolat na telefonní číslo: +420 605 288 458",Czech Republic,1.888002,,,
Office Catering,1888002.0,"Czech Republic, Praha, Prague, 13 Bucharova, 15800",https://www.linkedin.com/company/wineworld-cz,www.officecatering.eu,"Zaměřujeme se na špičkové cateringové služby pro firemní zákazníky. Firemní či týmová snídaně, svačina nebo coffe break pro celodenní jednání? Čerstvé, lahodné a trendy. Řekněte nám koho chcete pohostit a my vám připravíme nabídku.",Czech Republic,1.888002,,,
The Mark Luxury Hotel Prague,1888002.0,Czech Republic,https://www.linkedin.com/company/the-mark-luxury-hotel-prague,www.themark.cz,"The Mark Hotel Prague is nestled within a stunning Neo-Classical building in the centre of Prague. With its 75 large and beautifully appointed rooms, the hotel offers timeless elegance with tasteful contemporary features and fittings. For the complete luxury experience most of the rooms feature separate bedroom, comfortable living area and a well fitted kitchenette. The Le Grill Restaurant, Two Steps Bar and the 1.800 sq m large courtyard garden offer central Prague's best possible setting for unique private events as well as enjoying great food. For those visiting the city on business, two conference rooms for up to 150 guests provide ideal solutions for exclusive meetings. If you would like to apply for job in The Mark Hotel Prague, please send your CV and brief information about your preferences to the contact persons below. We will be delighted to inform you as soon as we have a position that meets your requirements.   F & B Martin Otradovec       F&B Operation Manager         martin.otradovec@themark.cz Housekeeping Karla Kutláková          Executive Housekeeper         karla.kutlakova@themark.cz Others Martina Součková                                                          martina.souckova@themark.cz",Czech Republic,1.888002,,,
Londoners - Sports Bar,1888002.0,"Czech Republic, Praha, Prague, 23 Stepanska, 110 00",https://www.linkedin.com/company/londoners-sports-bar,www.londoners.cz,The Londoners is a sports bar with multicultural cuisine.,Czech Republic,1.888002,,,
Donuter Donuts,1888002.0,"Czech Republic, Praha, Prague, 31 Seifertova, 130 00",https://www.linkedin.com/company/donuter-donuts,www.donuter.cz,Pochutnejte si na denně čerstvých donutech a plněných koblížkách různých variací. Donuty jsou s láskou ručně dělané dle originální americké receptury.,Czech Republic,1.888002,,,
Residence Agnes,1888002.0,"Czech Republic, Praha, Prague, 19 Hastalska",https://www.linkedin.com/company/residence-agnes,www.residenceagnes.cz,"Residence Agnes**** is small boutique hotel located in the heart of charming Old Town, just a few steps from Old Town Square, Charles Bridge and the Jewish Quarter of Josefov containing preserved synagogues that attract tourists from around the world; it is also close to the attractive Palladium shopping centre. Due to its location, the residence is the ideal base for your visit to Prague – whether for a shopping spree, or to visit cultural and historical sites. The historical Residence Agnes building is located in one of the oldest parts of Old Prague which is listed by UNESCO.",Czech Republic,1.888002,,,
Hotel Caesar Prague,1888002.0,Czech Republic,https://www.linkedin.com/company/hotel-caesar-prague,www.hotelcaesarprague.com,"Welcome to official site of 4 star Hotel Caesar in Prague, managed by Your Prague Hotels, the newly renovated building in Art Nouveau style, situated in the historical centre of Prague, enchant Lesser Town.  After a few minutes' walk you can admire the National Theatre, Charles Bridge, Wenceslas Square or enjoy a beautiful view of Prague Castle from the famous café Slavia just across the river Vltava. Hotel Caesar Prague offers you a high value of services in an elegant and comfortable setting. Provides warm welcome, enjoyable stay in the centre and unforgettable memories of beautiful city such as Prague.",Czech Republic,1.888002,,,
Jídlo A Čas,1888002.0,"Czech Republic, Hlavní Město Praha, 510 Antala Staška, 14000",https://www.linkedin.com/company/jidlo-a-cas,www.jidloacas.cz,"Ne nadarmo se jmenujeme jako dvě nejdůležitější věci v životě. Jsme Jídlo a Čas. Nová možnost, jak jíst chutně a vyváženě bez zbytečných starostí s přípravou.  Na začátku našeho konceptu stála myšlenka spojit skvělé jídlo a minimum času s jeho přípravou či objednáním. Firmám tak nabízíme delivery službu jakožto alternativu k vlastní kantýně a zajímavý zaměstnanecký benefit, který zajistí bezstarostné stravování na každý den. Věříme, že oběd u pracovního stolu může chutnat stejně dobře jako ve špičkové restauraci, jen je potřeba k jeho přípravě přistupovat stejně vážně. A přesně to jsme se rozhodli začít dělat od výběru surovin, přes způsob přípravy, až po uskladnění a přepravu. Využíváme metodu šokového zchlazení, která zachová maximum chutí, živin, vůní a barev. Ohřáté jídlo z krabičky díky tomu chutná jako právě dovařená specialita. V této formě se stihnou najíst i ti, kdo se pod tíhou pracovních úkolů většinu týdne odbývají, nebo rovnou hladoví. Asi ani nemusíme říkat, že tento styl (ne)stravování nemá příliš pozitivní dopad na pracovní výkony, zdraví a duševní pohodu.",Czech Republic,1.888002,,,
Dhotels.cz,1888002.0,"Czech Republic, Praha, Prague",https://www.linkedin.com/company/dhotels.cz,www.dhotels.cz,"Hotel Grand, Český Krumlov The hotel is located right in the centre of the historical part of the town, listed by UNESCO. 14 spacious and comfortable rooms are at your service. On 1 April 2010 at least we will open 7 brand new rooms. Then the capacity will increase to 21 rooms. Hotel Máchova, Prague The hotel is situated in the attractive part of Prague called ""Královské Vinohrady"". The hotel disposes of 26 comfortable rooms. Hotel Amadeus, Prague The hotel is located in the historic area of ""Vyšehrad"" next to the Congress Centre. At your disposal are 13 comfortable rooms. Hotel Jana, Prague The three-floor villa with a large garden and terrace is located in a residential district ""Vinohrady"". Total capacity is 120 beds in 30 simply equipped rooms. Hotel Royal Plaza, Prague Royal Plaza is located in the centre of Prague, just a few meters from Wenceslas square, in a quiet street. There are 90 beds on five floors with in-built elevator.",Czech Republic,1.888002,,,
Basket Bar,1888002.0,"Czech Republic, Zlín, Zlín, 5413 Dukelská, 76001",https://www.linkedin.com/company/basket-bar,www.basketbar.cz,Basket Bar is restaurant in Czech Republic,Czech Republic,1.888002,,,
King Charles Boutique Residence ****,1888002.0,"Czech Republic, Praha, Prague",https://www.linkedin.com/company/king-charles-boutique-residence,www.kingcharles.cz,"King Charles Boutique Residence is conveniently located in the historic part of Prague, a few minutes walk from Vysehrad Castle, the Vltava River and other famous sights of Prague. Friendly and experienced staff are happy to assist the guests with their every need. Our 33 comfortable rooms offer a high level of comfort and service.  Each room has hardwood flooring and is furnished with antique replica furniture made of genuine mahogany wood. Despite the old world ambience of our rooms, there is also up to date technology with LCD monitors and computers connected to satellite TV and video library.  Our guests can surf the internet from their rooms, while free WiFi covers the lobby area and the garden.",Czech Republic,1.888002,,,
Hotel Praga 1,1888002.0,"Czech Republic, Praha, Prague, 1670/5 Žitná",https://www.linkedin.com/company/hotel-praga-1,www.hotelpraga1prague.com,"The 4 star Hotel PRAGA 1, managed by Your Prague Hotels, is situated in the centre of New Town of Prague. There is an underground and tram station nearby (approx. 100 m) named ″Karlovo náměstí″, from where you can get anywhere you need to go.  The famous Wenceslas square is only 5 minutes' walk from our residence. It is very easy to get to the National theatre, Dancing house or the Old Town with Jewish quarter in few minutes, all of them are in walking distance. The Palladium, shopping mall with international brands are very favourite place for your shopping and very recommended. Don´t miss it on your way to the Old Town square! Buffet breakfast, Wi-Fi connection and tea & coffee making facilities in the room are included. We look forward to your visit and we wish you a pleasant stay in charming city of Prague!",Czech Republic,1.888002,,,
Sanduga Fusion Restaurant,1888002.0,"Czech Republic, Praha, Prague",https://www.linkedin.com/company/sanduga-fusion-restaurant,www.sanduga.cz,"V srdci Karlína jsme našli prostor pro fusion, která je podstatou naší filosofie: fusion jako empatické spojení kulinářských tradic moderní Evropy i Asie. Naše kuchyně je místem radosti — a je otevřená vašim zrakům i přáním. Zveme vás k rozhovoru mezi vašimi smysly a naší intuicí.",Czech Republic,1.888002,,,
Bis.tro,1725143.0,"Czech Republic, Praha",https://www.linkedin.com/company/bis-tro,www.bis.tro.cz,"Cateringová společnost, která váří čistě rostlinná jídla. #prozvířata #probudoucnost",Czech Republic,1.725143,,,
Taste Of Prague,1511142.0,"Czech Republic, Praha, Prague",https://www.linkedin.com/company/taste-of-prague,www.tasteofprague.com,"Travel smart. Go beyond the sights. Experience the local. We like to think of ourselves as Prague ambassadors, showing our guests that our city is much more than a mere collection of sights. We create experiences we would love to take ourselves when we travel: experiences that let travelers be locals for a little while. Follow us for Prague tips and advice over at www.tasteofprague.com.",Czech Republic,1.511142,,,
Hotel U Zlatého Jelena,1511142.0,Czech Republic,https://www.linkedin.com/company/hotel-u-zlatého-jelena-golden-deer,www.goldendeer.cz,"We call ourselves a true Old Town hotel not only for the fabulous location but also for the historic building, room design and atmosphere. The history of the building goes back to 1366 and thanks to its architecture you have a chance to stay in a unique place. The hotel rooms are very spacious compared to standard hotel rooms and are tastefully equipped with antique furniture and metal sculpture masterpieces to conform with the atmosphere. You will find all things and services you need for a comfortable stay. Our dedicated staff will do their best to make you feel welcome and will take care of you. We are a place with a friendly and open-minded athmosphere, local feel and personal attitude.",Czech Republic,1.511142,,,
Koláčové Království,1511142.0,"Czech Republic, Praha, Prague, 583/28 Táborská, 14000",https://www.linkedin.com/company/kolacovekralovstvi,www.kolacovekralovstvi.cz,"Koláčové království je místem, odkud se linou vůně čerstvě upečených koláčů a dortů, jakoby je připravila maminka nebo babička. Denně si tak můžete vybrat na 15 druhů koláčů, dezertů a sušenek. Všechny dobroty se pyšní dobrými vejci, máslem, kvalitní moukou, netradičními chutěmi a ruční výrobou. Denně si tak u nás zamlsáte kousek království nad šálkem čerstvé kávy v naší kavárně nebo vám ho zabalíme i s sebou.",Czech Republic,1.511142,,,
Felicity Hotels S.r.o.,1425512.0,"Czech Republic, Špindlerův Mlýn, 183 Okružní, 54351",https://www.linkedin.com/company/felicity-hotels-s-r-o-,www.felicity.cz,"Family company founded in 1999. Now we offer accomodation in 4 buildings with more than 250 beds within Špindlerův Mlýn and Vrchlabí. Our goal is to provide the highest quality of service to the world's visitors with remained family attitude. We are focusing on family with children, the source of some of our fondest memories, both as kids and as parents. Theme parks, kids' clubs, and all the indoor and outdoor activity. Mission & Vision:  Our mission is to completely delight and satisfy our guests. We are committed to making a difference every day; continually getting better to keep us the best in the area.",Czech Republic,1.425512,,,
Folklore Garden S.r.o.,1423778.0,"Czech Republic, Praha, Prague, 18 Na Zlíchově",https://www.linkedin.com/company/folklore-garden-s-r-o-,www.hlubocepskyzamecek.cz,"Již více než 9 let naše společnost nabízí všem milovníkům lidové kultury večerní folklórní program za doprovodu hudby, zpěvu a tance. Areál Hlubočepského zámečku, kde sídlíme, je inspirován českou lidovou architekturou. Navštivte nás - budete si připadat, jako byste se ocitli v malebné krajině z obrázků Josefa Lady... Jak se k nám dostanete? Do areálu Hlubočepského zámečku se dostanete tramvají 12, 14 a 20, zastávka Hlubočepy. Cesta z centra města tvá cca 20 minut. K dispozici je též prostorné parkoviště.",Czech Republic,1.423778,,,
EM3 Coffee,1354366.0,"Czech Republic, Praha, Prague, Geologická, 152 00",https://www.linkedin.com/company/em3-coffee,www.em3coffee.cz,,Czech Republic,1.354366,,,
Hotel Consultancy And Real Estate,1354366.0,Czech Republic,https://www.linkedin.com/company/hotel-consultancy-and-real-estate,www.hotel-consultancy.cz,"H.C.R.E. offers full service Hotel Consultancy, Interior Design Consultancy and Concept Development Advisory. Some of the current projects: - Advisory services for the (re)-development Grand Hotel Evropa Prague into a 160 room   prestigious luxury top life-style hotel at top location in the very centre of Prague. - Operator sourcing and project advisory: five star hotel development Switzerland - Operator sourcing spa development Switzerland - Operator sourcing and project advisory: five star luxury hotel development in France - Operator sourcing luxury spa development France - Operator sourcing and project adviser including interior design consultancy: two top luxury medical spa hotels, Czech Republic - Operator sourcing and full project advisory: Luxury boutique hotel Istanbul - Concept development for the Živnostenská banka, Na Příkopě, Prague. One of the most beautiful historical buildings, 18.000 sqm, located at the highest pedestrian-traffic zone in the historical centre of Prague. Client CPI. - Equity Point Prague: organizing of interior design competition among young Czech artists, operator sourcing, cost management and sourcing of General Manager.                                        Clients include Equity Point Hostels, North Africa Holding (a Kipco company), CPI (largest real estate investor/hotel operator in the Czech Republic), CTP Invest and many more. Client advisory on Hotel Management contract with Mandarin Oriental, Marriott, Hilton, Accor, Rocco Forte, Four Seasons, Melia and Starwood.",Czech Republic,1.354366,,,
Theresian Hotel & Spa,1354366.0,"Czech Republic, Olomoucký, Olomouc, 5 Javoříčská, 779 00",https://www.linkedin.com/company/theresian-hotel-&-spa,www.theresian.cz,"A flavour of experience - THERESIAN HOTEL & SPA,  a hotel with a lovely story… Hotel is located in the centre of Olomouc city, close to one of the most famous historical monuments –  The Theresian Gate. Newly renovated luxury 4* hotel offers 33 designed superior rooms including spacious Junior suites. Theresian restaurant has been inspired by home made cuisine, focusing on Czech specialities made in a modern way. The cooperation with a nearby farm makes our cuisine and restaurant unique. Enjoy our  delicous meat together with a selection of wines, fruit spirits, whiskies & cognacs. SPA centre is placed on the roof of the building and offers an amazing view over the city centre. Spa is divided into several zones. In Sauna World you can find a finnish sauna, an infra sauna & a steam room,  whirlpool, Kneipp therapy bath, spray shower bath and relax zone with comfortable terraces. Part of the SPA center is a fittness  and massage procedures available every day.   For your seminars, we provide you two variable conference rooms which can be connected into one large room with daily light or a lounge next to the restaurant is at disposal for smaller meetings.",Czech Republic,1.354366,,,
Golden Apple Hotels,1354366.0,"Czech Republic, Praha, Prague, 227 Na Struze, 11000",https://www.linkedin.com/company/golden-apple-hotels,www.goldenapplehotels.com,"Golden Apple Hotels is a professional Hotel Management Company with proofed results and stable background. We provide full-scale hotel management services to hospitality project owners/investors.  We offer taking over of all operational issues with guarantee of maximization of revenue and economical results.  Possible ways of cooperation are as follows: Management contract, Rent, Joint-venture, Acquisition or Consultation & Supervising",Czech Republic,1.354366,,,
Semmering Restaurace,1354366.0,"Czech Republic, Praha, Prague, 77 1 Slivenecká, 152 00",https://www.linkedin.com/company/semmering,www.semm.cz,"Pohledy na skály, sezonní jídlo, skvělé víno a výborná káva… co víc si přát?",Czech Republic,1.354366,,,
Cizovka,1354366.0,"Czech Republic, Kněžmost, 7 Čížovka, 29402",https://www.linkedin.com/company/cizovka,www.cizovka.com,"Cizovka is an old Czech stone mansion (as Czechs say - ""chalupa"") and a modern holiday villa in one. It is a countryside cottage at its heart, a place you can't wait to go to for the weekend, to get out of the city. During the reconstruction, we preserved what you love about an old house and what cannot be rebuilt, such as the 150-year-old sandstone walls and wooden windows. At the same time, we equipped the house in  a way so that everyone here feels like on vacation, can do the things they like and has the necessary background and equipment for that. So for instance, There is a panoramic glass wall, through which you see the forest. But in front of the forest there is a large heated pool and a terrace with a barbecue.",Czech Republic,1.354366,,,
Hotel Jizerka 4,1354366.0,"Czech Republic, Kořenov, 4 Jizerka, 468 50",https://www.linkedin.com/company/hotel-jizerka-4,hotel-jizerka.cz,"**** Hotel v srdci jizerských hor. Nejlepší výchozí bod pro všechny cyklisty, turisty a běžkaře s vyhlášenou restaurací.",Czech Republic,1.354366,,,
Medlov Hotel,1354366.0,"Czech Republic, Fryšava Pod Žákovou Horou, 143",https://www.linkedin.com/company/medlov-hotel,www.medlovhotel.cz,Vítej zpátky!,Czech Republic,1.354366,,,
Villa Michle,1354366.0,"Czech Republic, Praha, Prague, 47 Pod Sychrovem Ii, 101 00",https://www.linkedin.com/company/villa-michle,villamichle.com,"Семейный мини-отель расположен в тихом экологическом районе Прага 10 (вблизи лес) Вилла состоит из 6 номеров для 1,2,3 человек. Удобно для приема небольших тургрупп, семейных пар и путешествующих на авто. Есть апартаменты двухкомнатные.Номера оснащены бытовой техникой: холодильник, чайник,фен. Вокруг виллы яблоневый сад.Место для посиделок и шашлыков. В номерах балконы.  Для наших гостей бесплатная парковка и интернет. Свежий ремонт,чистота,порядок.Хорошая атмосфера.",Czech Republic,1.354366,,,
U Dvou Buchet,1354366.0,"Czech Republic, Týniště Nad, 71 Nová Ves, 51721",https://www.linkedin.com/company/u-dvou-buchet,udvoubuchet.cz,"✔ Firmám zajištujeme slaný a sladký catering na firemní eventy a večírky. ✔Dodáváme dezerty a slané pochutiny do řetězců kaváren a lokálních restaurací. Kontakt: info@udvoubuchet.cz / 731803452 Jsme nadšenkyně do gastronomie a cukrařiny. Milujeme to, co děláme a děláme to s úctou a péčí k dané surovině. Je pro nás radost a potěšení vidět reakce na naše jídlo od našich zákazníků. Naše pokrmy a dezerty lidi spojují a proto věříme, že tomuto krásnému řemeslu dáváme smysl a čest.",Czech Republic,1.354366,,,
TVM Tower,1354366.0,"Czech Republic, Hlavní Město Praha, Kutilova, 14300",https://www.linkedin.com/company/tvm-tower,tvmtower.cz,"O nás TVM Tower je specialista na dlouhodobé ubytování pro společnosti, agentury a jejich zaměstnance v Praze. Poskytujeme řešení “na klíč”, nejen prostor k přespání, ale komplexní servis a komfort, díky kterému se vaši lidé budou cítit jako doma. Co nabízíme • Ubytovací jednotky - 240 apartmánů a dalších ubytovacích možností v moderním prostředí s vybavením odpovídajícím potřebám dlouhodobého pobytu. • Bezpečnost a dohled - 24/7 recepce, kamerový systém, přístupový “card system”, nonstop ostraha. • Servis na míru - vysokorychlostní internet, úklid, prádelna, taxislužby, stravování, finská sauna, zkrátka vše, co usnadní život i práci. • Prostředí vhodné pro práci i odpočinek - budova má kanceláře, prostory pro služby, společenské zázemí, plně vybavenou kuchyni/restauraci, prostory pro školení, konference, semináře. • Flexibilita & individuální přístup - řešení přizpůsobíme potřebám vaší firmy nebo agentury, smlouvy i služby jsou možné upravit podle požadavků. Pro koho je TVM Tower • společnosti a agentury, které potřebují ubytovat větší počet zaměstnanců dlouhodobě • studenti a Erasmus hosté • firmy hledající komfortní a ucelené řešení s minimem administrativy Proč si vybrat nás Máme rozlohu přes 10 800 m² moderních ubytovacích a kancelářských prostor v Praze se skvělou dostupností a kompletním zázemím. Vaši zaměstnanci získají nejen střechu nad hlavou, ale místo, které podporuje produktivitu, bezpečnost a pohodlí. Kontaktujte nás, rádi probereme váš projekt, přizpůsobíme nabídku a postaráme se, abyste se mohli soustředit na to, co je pro vás nejdůležitější.",Czech Republic,1.354366,,,
The Clock Inn Hostel Prague,1354366.0,"Czech Republic, Praha, Prague, 83 Spálená, 110 00",https://www.linkedin.com/company/the-clock-inn-hostel,www.theclockinn.cz,"#theclockinn  The Clock Inn, located in the historic city center of Prague, offers a versatile accommodation solution with a total capacity of 150 beds, comprising both private and shared room options. This capacity renders the establishment particularly suitable for accommodating large groups. A notable feature is the expansive rooftop terrace, which can be utilized for event hosting, with a maximum capacity of 100 guests. The hostel was founded by Juraj Fojtik and architecturally designed and developed by Daniel Goris. Initial inventory acquisition was facilitated by Marie Švábová and David Fiala.",Czech Republic,1.354366,,,
Hotel Beseda Prague,1354366.0,"Czech Republic, Praha, Prague, 1477/20 Vladislavova, 110 00",https://www.linkedin.com/company/hotel-beseda-prague,,"Hotel Beseda Prague is conveniently located in the historic town centre, just a few steps from famous Wenceslas Square, in one of the most attractive areas of Prague. All major points of interest are located within easy walking distance. You can reach Wenceslas Square and the National Theatre within 5 minutes, the Old Town Square within 10 minutes and Charles Bridge within 15 minutes. All rooms are equipped with stylish period furniture and feature anti-allergic bedding. Connecting rooms for large families as well as barrier-free rooms are also available. Total capacity of Hotel Beseda is 135 rooms. The hotel provides conference and meeting rooms for up to 250 guests. Free Wi-Fi is available in the entire hotel. www.hotelbesedaprague.com info@hotelbesedaprague.com",Czech Republic,1.354366,,,
Value Connect S.r.o.,1354366.0,"Czech Republic, Praha, Prague, 24 Rybná, 11000",https://www.linkedin.com/company/value-connect-s-r-o,www.value-connect.cz,"We provide real estate services for building owners, operators and brands - hotels & aparthotels, student housing, serviced residences & apartments, co living, administrative & office buildings We are group of professionals working together. Keeping our word, reliability, trust, fairness, dialog, face to face conversation, care, in depth knowledge, that is all you can find with us for Your project or services you need. Local and international experience of working on several projects in hospitality and in several industries. We understand people. We will make your investment and business strive for success.",Czech Republic,1.354366,,,
Panský Dům A Pyramida,1354366.0,"Czech Republic, Kořenov, 20 Jizerka, 46850",https://www.linkedin.com/company/panský-dům-a-pyramida,www.jizerka.cz,"Comfortable and stylish. In the grounds of the Panský dům and Pyramida in Jizerka we live surrounded by fascinating mountain surroundings and magical night sky. You can also enjoy this in one of the 32 mostly double rooms. Two restaurants with home cooking, traditional dishes, specialties and daily menus attract you to sit, celebrate and enjoy your meal. We also offer an indoor sports hall.",Czech Republic,1.354366,,,
Lovecká Chata Horka Nad Moravou,1354366.0,"Czech Republic, Horka Nad Moravou, 6 Vodní, 783 35",https://www.linkedin.com/company/lovecká-chata-horka-nad-moravou,www.naloveckou.cz,"Lovecká chata je místem dobrého jídla, pití a aktivního odpočinku v přírodě Litovelského Pomoraví. Rodinný penzion, lovecká restaurace se zázemím dvou sálů a sportovně jezdeckým areálem s minigolfem, hřištěm a okolní kouzelnou přírodou protkanou pěšinami, cyklostezkami a řekou Moravou. Vaši dovolenou, víkend, rodinnou, školní nebo firemní akci můžete prožít uprostřed krásné přírody Litovelského Pomoraví. Lovecká chata má ubytovací kapacitu 45 lůžek. Nabízí pobyt ve 2 a 3 lůžkových rekonstruovaných pokojích s vlastní koupelnou, sprchovým koutem, WC a TV.  K firemním školením či společenským akcím jsou k dispozici 2 sály s kapacitou 60 a 130 míst. K dispozici je též krytá hala využitelná pro různé sportovní, výstavní i jezdecké aktivity.",Czech Republic,1.354366,,,
EUROPA STARTOUR - DMC Incoming Tour Operator In Prague Czech Republic,1354366.0,"Czech Republic, Praha, Prague, 12 Rumunska, 12000",https://www.linkedin.com/company/europa-startour,www.europastartour.com,"EUROPA STARTOUR - full service DMC Incoming Tour Operator in Prague Czech Republic Central Europe. Best Prague Trips & Central Europe tour packages for groups. 500+ hotels, transfers, 20+ Tours & vacation packages. Unforgettable UNESCO Sites itineraries: Prague, Cesky Krumlov, Dresden, Berlin, Vienna, Krakow, Budapest, Nuremberg.",Czech Republic,1.354366,,,
Revolution Cocktail Bar,1354366.0,"Czech Republic, Jihočeský, Písek, 101 Heydukova, 39701",https://www.linkedin.com/company/revolution-cocktail-bar,www.revolutionbar.cz,Designový cocktailový bar přímo v centru historického města Písek. Dopřejte si některý z cocktailů či spousty jiných tradičních i netradičních nápojů.,Czech Republic,1.354366,,,
Dolce Villa Hotel,1354366.0,"Czech Republic, Praha, Prague",https://www.linkedin.com/company/dolce-villa-hotel,www.dolcevilla.cz,"Located in Nebusice, Prague's most upscale residential area, the family run hotel Dolce Villa offers a retreat from the bustle of the Golden City into a world of calmness and well-being. The Dolce Villa creates an urban sanctuary where you can slow down and rejuvenate. Under the same roof you can find Burger Bar - restaurant with selection of american, european and Czech dishes and fabulous beers and wine.",Czech Republic,1.354366,,,
Kavárna Náš Bar,1354366.0,Czech Republic,https://www.linkedin.com/company/náš-bar,www.nas-bar.cz,"Devoted to our own coffee blend, cherishing you & living for neverending smile & music. Since 2011. Do not miss us. Let us make your day. Tram stop Paloucek, Prague.",Czech Republic,1.354366,,,
LUMI Dobroty,1354000.0,Czech Republic,https://www.linkedin.com/company/lumi-dobroty,,"Pohoštění na jakoukoli akci - Vám přesně na míru! Svatby - narozeniny - firemní večírky. Sladké nebo slané, ovoce i zelenina.",Czech Republic,1.354,,,
Zamek Luzec,1354000.0,"Czech Republic, Nová Role, 1 Lužec, 36225",https://www.linkedin.com/company/zamekluzec,www.zamek-luzec.cz,"SPA hotel Zámek Lužec**** stylizovaný jako lovecký zámeček českého krále Karla IV nás svým vzhledem a zařízením interiérů přenáší do slavných dob minulosti. Jediné, co působí současně, je vynikající úroveň péče a maximální komfort, počínaje krásně zařízenými pokoji a konče širokým sortimentem léčebných a relaxačních programů ve SPA hotelu «Zámek Lužec»****.  Nejčistší vzduch a pramenitá voda, ticho a okouzlující příroda, krásný výhled a neopakovatelná středověká atmosféra v kombinaci s komfortem a prvotřídním servisem – náš hotel nedaleko Karlových Varů Vám nabídne pohádkovou dovolenou, dodá Vám sílu a dobrou náladu!",Czech Republic,1.354,,,
CityHotel Brno,1354000.0,"Czech Republic, South Moravian, Brno, 124 Videnska",https://www.linkedin.com/company/cityhotel-brno,www.cityhotelbrno.cz,"Nabízíme Vám ubytování v našem nově rekonstruovaném hotelu poblíž křižovatky významných komunikací - dálnice D1, D2 a silnice R52 směrem na Vídeň.",Czech Republic,1.354,,,
Evento Coffee,1354000.0,Czech Republic,https://www.linkedin.com/company/evento-coffee,www.eventocoffee.cz,,Czech Republic,1.354,,,
ASTORIA Hotel & Medical Spa,1354000.0,"Czech Republic, Karlovarský, Karlovy Vary, 92/21 Vřídelní, 360 01",https://www.linkedin.com/company/astoria-hotel-medical-spa,www.astoria-spa.cz,"The ASTORIA Hotel & Medical Spa occupies an entirely unique position in Karlovy Vary. It is found in the spa’s historical centre, directly across from the Mill Colonnade (Mlýnská kolonáda) and its therapeutic mineral springs, and near other colonnades, principal monuments, and other attractions of our picturesque city. You will not find anywhere better for your stay. Accommodation in Karlovy Vary The ASTORIA Hotel & Medical Spa has 144 rooms in five connected buildings as part of the Astoria complex as well as at Depandance Wolker, standing only 300 metres away.  All buildings are situated in the city’s monument zone – Depandance Wolker is also a listed cultural monument. Spas in Karlovy Vary We build on the tradition of therapeutic spa treatments in Karlovy Vary that developed at the beginning of the 20th century, treating patients and helping improve their health. Treatment is based on thermal mineral water fed directly into our balneotherapy premises.  We extend everyone a warm welcome, whether visiting Karlovy Vary for health, relaxation, sightseeing, culture, or business. We are certain that our range and quality of services will satisfy your expectations. Accommodation in the centre of Karlovy Vary With a capacity of 144 rooms, we are one of the largest accommodation facilities in Karlovy Vary. Children are welcome – in fact, they can stay in a room with their parents on a fold-down bed free-of-charge until the age of 12. You may even bring your pet with you.",Czech Republic,1.354,,,
Rezidence Emmy,1354000.0,"Czech Republic, Praha, Prague",https://www.linkedin.com/company/rezidence-emmy,www.rezidenceemmy.com,The Emmy Residence is a well-appointed four-star hotel located in a peaceful area of Prague 4 – Krč in the neighbourhood of Kunratice Forest and the Institute for Clinical and Experimental Medicine (IKEM). The hotel features cheap accommodation in Prague 4 with above-standard spacious rooms with free WiFi and free parking places right at the hotel.,Czech Republic,1.354,,,
Grandhotel SALVA,1258668.0,"Czech Republic, Ústecký, Litoměřice, 12 Mírové Náměstí, 412 01",https://www.linkedin.com/company/grandhotel-salva,,"Nově zrekonstruovaný čtyřhvězdičkový hotel v historickém centru Litoměřic. V renesanční budově z 15. století se nachází 20 moderně vybavených pokojů ve variantách Standard, Superior, Suite a suite SALVA. Konferenční prostory jsou ideálním místem pro pořádání firemních akcí, školení a svateb.",Czech Republic,1.258668,,,
Rolls Bros.,1258668.0,"Czech Republic, Praha, Prague, 28 18 Václavské Náměstí, 110 00",https://www.linkedin.com/company/rolls-bros1,rollsbros.cz,We craft and sell happiness in form of rolled ice cream.,Czech Republic,1.258668,,,
Internesto,1258668.0,"Czech Republic, South Moravian, Brno, 14 Veselá",https://www.linkedin.com/company/internesto,www.internesto.com,"Internesto is an unique place to stay on your way. Warm nest with theme apartments for open-minded travelers. For those, who love to discover city not like tourists but like locals.  Based in Brno and run by four friends who believe that traveling and discovering new cultures are the only things we buy that makes us richer. Book our unique apartments at www.internesto.com and get ready for discovering Brno like a local! And yes, you can afford this.",Czech Republic,1.258668,,,
Příměstský Tábor Plzeň,1258668.0,"Czech Republic, Plzeňský, Pilsen, 1 Nade Mží, 31800",https://www.linkedin.com/company/p-m-stsk-t-bor-plze-,www.primestsky-tabor-plzen.cz,"Příměstský tábor Plzeň http://www.primestsky-tabor-plzen.cz Vám nabízí možnost přihlásit děti na letní dětské příměstské tábory probíhající v týdenních cyklech. Děti mohou navštěvovat Příměstský tábor Plzeň každodenně po celý týdenní běh, nebo jen v některých dnech. Dětské příměstské tábory jsou určeny především pro děti zaměstnaných rodičů z Plzně a okolního Plzeňského kraje.",Czech Republic,1.258668,,,
Pomáháme Hoteliérům,1258668.0,Czech Republic,https://www.linkedin.com/company/pomahamehotelierum,www.pomahamehotelierum.cz,"Naučíme vás jak dostáhnout vyšších tržeb a získat více spokojených klientů. Osvědčený systém soft-skills a technologie, použití revenue managementu v praxi funguje dokonale. Případová studie ke stažení na www.viceprimychrezervaci.cz. Jsme výhradními zástupci: Profitroom (Booking Engine, Channel Manager, WWW design, online marketing), TrustYou (Online reputace a dotazník s integrací na Google). Školení a workshopy > https://pomahamehotelierum.cz/skoleni-pro-hotely-penziony/.",Czech Republic,1.258668,,,
Familiata,1258668.0,"Czech Republic, Praha, Prague, 24 Hybernská, 11000",https://www.linkedin.com/company/familiata,www.familiata.cz,"Familiata:	A nanny that becomes part of the family. We will find for you: Nanny for several hours a week or even full-time one. Nanny for a newborn child, toddler or schoolboy/schoolgirl. Nanny with appropriate qualification, which may include:  - foreign language knowledge  - driving licence - cooking skills - health care - other skills as necessary",Czech Republic,1.258668,,,
Best Time Opočno,1258668.0,"Czech Republic, Solnice, 555 Družstevní, 517 01",https://www.linkedin.com/company/best-time-opocno,www.best-time.eu,"Provozujeme malý rodinný penzion v Opočně a Restauraci ve společenském domě v Solnici. Zároveň také zajišťujeme kompletní catering na akcích - oslavy, svatby, konference atd.",Czech Republic,1.258668,,,
Panorama Garden Pasohlavky,1258668.0,"Czech Republic, South Moravian, Pasohlavky",https://www.linkedin.com/company/panorama-garden,panoramagarden.cz,Panorama Garden Pasohlavky is one of the best and most beautiful camps in Czech Republic with magical view on lakes and mountains. This is a family operated camp on a professional level with the our guests enjoyment in the first place. We are looking for excellence in service and in perfection of doing our job.,Czech Republic,1.258668,,,
Boutique Hotel Constans,1258668.0,"Czech Republic, Praha, Prague, Břetislavova, 118 00",https://www.linkedin.com/company/hotel-constans,www.hotelconstans.com,"Boutique Hotel Constans Prague is a four star luxurious hotel, ideally located in the heart of historic and government district of Prague just a few steps from Charles Bridge, The Prague Castle and St. Nicholas Church. Due to a perfect location, large spacious rooms and high quality of services provided is Boutique Hotel Constans an ideal place for business clientele, who especially appreciate the close location to the place of their appointments and the quiet environment in the city center, but also for those guests, who wish to spend an unforgettable moments in historic Prague environment. Boutique Hotel Constans Prague offers spacious, luxurious and stylishly furnished rooms and suites equipped with all modern amenities. Our guests can expect a warm welcome with a complimentary Welcome drink and free high-speed WI-FI internet connection throughout the whole hotel. Why Boutique Hotel Constans? • Complimentary Welcome Drink • Free WIFI Internet • Private garage parking in the hotel • Complimentary Buffet Breakfast included • Spacious luxurious and stylish rooms • Best location in the heart of historic and Government district of Prague • Free Coffee/Tea in rooms • Exclusive Corporate & Government offers • Loyalty VIP program",Czech Republic,1.258668,,,
Hotel Kocour,1258668.0,"Czech Republic, Vysočina, Zerotinovo Namesti, 674 01",https://www.linkedin.com/company/hotel-kocour,www.hotelkocour.cz,"Boutique hotel and a stylish czech restaurant in Třebíč, at the entrance to the historical Jewish Quarter (UNESCO). More at",Czech Republic,1.258668,,,
Zámek Ratměřice,1258668.0,"Czech Republic, Ratměřice, 25703",https://www.linkedin.com/company/zamek-ratmerice,zamek-ratmerice.cz,"Zámecký resort Ratměřice se nachází v okrese Benešov ve Středních Čechách. Rychlá dostupnost z Prahy, exkluzivně pojaté prostory a gastronomické služby na špičkové úrovni z něj dělají ideální místo pro pořádání konferencí a jiných firemních akcí.",Czech Republic,1.258668,,,
Hotel Suite Home Prague,1258668.0,"Czech Republic, Praha, Prague, 658/2 Pricna",https://www.linkedin.com/company/hotel-suite-home-prague,www.hotelsuitehomeprague.com,"The Hotel Suite Home Prague is a beautiful 4* hotel situated directly in the city centre of Prague, just a few steps from the Wenceslas Square.   What makes Hotel Suite Home Prague special? • Accommodation in large suites for the price of a standard room • Suites includes luxury fully equipped kitchen and exclusive style furniture • Perfect location with easy access to the historical centre of Prague • Great for families - suites with capacity up to 8 people in range from 37mq to 120mq • Complimentary buffet breakfast • Complimentary Wi-Fi in public areas and rooms • Complimentary Tea & Coffee making facilities We are looking forward to welcome you!",Czech Republic,1.258668,,,
La Pisa Pizzerie,1258668.0,"Czech Republic, Milovice, 1302 Braniborská",https://www.linkedin.com/company/planningfoods.r.o.,www.lapisa.cz,síť minipizzerií La Pisa - pizzerie,Czech Republic,1.258668,,,
Swiss Hospitality Management,1258668.0,"Czech Republic, Praha, Prague, 1864/13 Na Konvářce, 150 00",https://www.linkedin.com/company/swiss-hospitality-management,www.swisshm.eu,"The Company Swiss Hospitality Management, s.r.o. is the result of our desire to create a network of hotels with one philosophy, top quality and highest standards of services. Let us open the door for you into a world of great and unique accommodation experience. Swiss Hospitality Management consists of a chain of elegant boutique hotels and restaurants located in attractive locations of the country, in Benešov, Český Krumlov and Červená Lhota. We hope to welcome you among us soon. Our company will ensure the complete operation of your hotel or accommodation facility and will take care of personnel management and marketing services. It's up to you to what extent you want to be part of the operational business. We will take care of the hotel via lease agreement, or we will include you under a management contract. https://www.bellevuehotelbenesov.cz/ https://www.bellevuehotelkrumlov.cz/ https://www.bellevuehotelkrumlov.cz/diamond https://www.villabeatika.cz/ https://www.cervenalhota.cz/",Czech Republic,1.258668,,,
Wonderlust Coffee & Restaurant,1258668.0,Czech Republic,https://www.linkedin.com/company/wonderlust-coffee-restaurant,wonderlustcoffee.cz,"Wonderlust Coffee is a coffee shop located at the center of Prague. The purpose of Wonderlust Coffee is to create a community of people that can support each other. In today’s world, where everything goes fast, it’s often easy to forget what we truly want. We want to create a place where everyone can feel welcomed and where we can for a while escape the responsibilities of the everyday life. Wonderlust tries to evoke that inner artist that was inside everyone of us. That desire to go explore new things and go after your dreams.",Czech Republic,1.258668,,,
Uhelna Hookah Lounge,1258668.0,"Czech Republic, Moravskoslezský, 1364/20 Čs. Legií, 70200",https://www.linkedin.com/company/uhelna-hookah-lounge,www.uhelna-ostrava.cz,"Když jsme podnik Uhelna zakládali, chtěli jsme, aby svým názvem i prostředím odkazoval na náš region, do kterého chceme přinést něco nového. Proto jsme se rozhodli vydat trochu netradiční cestou a přinést vám spojení toho, co máte nejraději!",Czech Republic,1.258668,,,
The Immigrant,1258668.0,"Czech Republic, South Moravian, Brno",https://www.linkedin.com/company/the-immigrant,theimmigrant.cz,"The Immigrant - the only English speaking piano bar in Brno.  The Immigrant was opened in March 2010, aiming at both English speaking foreigners living in Brno and young Czech professionals, creating a blend of acceptance & cooperation between resident and visiting expats and the local community that's hard to find anywhere else in the city. Uniting teachers with students, employers with job seekers, flat owners with tenants and singles of both genders, bringing together cultures that would otherwise never occur. All of this combined creates a unique atmosphere that is difficult to find nowadays. After one year of opening we extended the bar to a second floor and we now cater to both smoker and non smokers.",Czech Republic,1.258668,,,
Hero Hotel,1258668.0,"Czech Republic, Praha, Prague, 55 Pernerova",https://www.linkedin.com/company/hero-hotel,www.herohotel.cz,"Nabízíme volné pokoje hotelů a penzionů těm, kteří to potřebují nejvíc. Zároveň chceme zviditelnit dobrý úmysl majitelů a provozovatelů ubytovacích zařízení ve snaze získat zájem veřejnosti podpořit cestovní ruch v České republice a na Slovensku. S pomocí této silné komunity zprostředkováváme nouzové ubytování lidem v první linii a tvoříme programy, které mají za cíl nabídnout těmto skromným hrdinům možnost rekonvalescence jako poděkování za jejich nasazení.",Czech Republic,1.258668,,,
KINGSTON&HAMILTON,1253766.0,"Czech Republic, Praha, Prague",https://www.linkedin.com/company/kingstonhamilton,kingstonhamilton.com,"С 2007 года мы глубоко анализируем чешский рынок недвижимости и специализируемся на объектах недвижимости в Праге. Анализ рынка помогает компании выбирать экономически выгодные объекты недвижимости и оперировать только с рентабельными домами, квартирами, коммерческими объектами. Для наших клиентов предоставляем полный спектр профессиональных услуг, связанных с чешской недвижимостью - покупка, продажа, аренда, инвестиции.  Среди наших клиентов представлены как физические лица, так и крупные заграничные фонды, банки и другие финансовые организации.",Czech Republic,1.253766,,,
Loreta Golf Club Pysely,1159834.0,"Czech Republic, Pyšely, 520 Šibeniční, 251 67",https://www.linkedin.com/company/loreta-golf-club-pysely,www.loretagolf.cz,"18 holes championship golf course with Keith Preston design. The course was opened in the late spring of 2013. You will also find there a spacious practice area, driving range and a clubhouse with restaurant, spa and 10 rooms. The course is situated in a beautiful landscape just half an hour from the center of Prague. The golf club welcomes new annual and lifetime members. Find more on www.loretagolf.cz or join us on www.facebook.com/Loreta.Golf Have a great time at Loreta Golf Club Pyšely!",Czech Republic,1.159834,,,
Ontdek Tsjechie Sro,1122214.0,Czech Republic,https://www.linkedin.com/company/ontdek-tsjechie-sro,www.ontdektsjechie.nl,"ONTDEK TSJECHIE sro. Bernartice u Trutnova, Tsjechie De locatie voor vakantie in elk seizoen, onthaasten en teambuilding. Informeer vrijblijvend naar de vele mogelijkheden die wij u kunnen bieden. U bent van harte welkom in ons (t) huis in Tsjechië. OntdekTsjechie S.R.O. Bernartice 94 542 04 Bernartice okr. Trutnov Ceska Republika www.ontdektsjechie.nl nasdum@ontdektsjechie.nl Tel: 033 2880114",Czech Republic,1.122214,,,
Charles Bridge Hostel And Apartments Prague,1053003.0,"Czech Republic, Praha, Prague, 53 Mostecká, 11800",https://www.linkedin.com/company/charles-bridge-hostel-and-apartments-prague,charlesbridgehostel.com,"Small charming property in the very heart of historic centre of Prague. You can´t stay more central – our hostel is located literally frewsteps from the Charles Bridge. The history of the hostel building goes back to the late 14th century and it belongs to protected cultural heritage. This means you can strongly feel Prague´s history here, but you have to get over a lack of elevator while staying here. But not to worry, we will help you to carry your bags up the stairs (this applies to girls and women only) 🙂",Czech Republic,1.053003,,,
Savoia Castle,1053003.0,"Czech Republic, Central Bohemia, Škvorec, 1 Smirickych, 250 83",https://www.linkedin.com/company/savoia,www.savoia.cz,"Once a middle aged fortress then became the favorite palace to Maria Theresa of Savoia and today it serves as a home to an aristocratic family. This castle has been destroyed, forgotten and reborn.",Czech Republic,1.053003,,,
Penzion Kůlna,1053003.0,"Czech Republic, Senetářov, 679 06",https://www.linkedin.com/company/penzionkulna,kulna-jedovnice.cz,"Penzion Kůlna nabízí osm nadstandardně vybavených pokojů. Dvoulůžkové pokoje či apartmány s přistýlkami a třílůžkový pokoj. Penzion se nachází uprostřed lesů Moravského krasu. Panuje zde ticho a klid, takže vás během pobytu nebude nic rušit.",Czech Republic,1.053003,,,
Hotel Sharingham,1053003.0,"Czech Republic, South Moravian, Brno, 1 Vídeňská, 639 00",https://www.linkedin.com/company/hotel-sharingham,www.sharingham.cz,Tříhvězdičkové ubytování v centru Brna.,Czech Republic,1.053003,,,
Bohemian Homes,1053003.0,"Czech Republic, Horní Podluží, 40757",https://www.linkedin.com/company/bohemianhomes,www.bohemianhomes.cz,"Luxury Mountain Views Dream wooden homes in Bohemian Switzerland. Bohemian Homes is located just thirty minutes drive from the center of Bohemian Switzerland National Park, set in stunning northern bohemian nature. It’s an ideal spot for a natural holiday. The homes are equipped with all the modern furniture and equipment's so you can spend quality time in connection to nature and relax. There are three wooden homes for you to choose from. All our cozy wooden homes have a fully equipped kitchen, Chill out terrace, and big outdoor area. You can greet Bohemian Switzerland's natural beauty and wildlife right outside your door. There are plenty of activities to do nearby. To make the experience even more special Bohemian homes is on the border with nearby forest and lake. The homes also consist of a wellness area that facilitates a wood and glass sauna and whirlpool. The wellness area gives you amazing mountain and forest views in addition to calming water creek. From the comfort of the couch, you can watch the sunsets and the crackling fire in the fireplace. It's an ideal location for trips to the beautiful surroundings of Bohemian Switzerland and the Lusatian Mountains, which offer many opportunities for hiking, biking, skiing, and many other outdoor activities. The popular bike and hiking path is right behind the house. Adrenalin park Jedlová, swimming pool, and sports center are only 5 minutes drive, as well as ski slopes with cross-country trails. We invite you to explore this perfect mountain getaway in the northern Czech republic close to German borders. This nature-rich area is also known for its beers and food and amazing prices. It's a gateway for nearby skiing slopes and mountain-based sports. One thing is guaranteed that you'll never run out of things to do here.",Czech Republic,1.053003,,,
Kafekolo,1053003.0,Czech Republic,https://www.linkedin.com/company/kafekolo,www.kafekolo.cz,"Mobilní eko-kavárna, její baristé vytváří svojí péči to nejnašlapanější kafe a s každkým šálkem lahodné kávy darují tak každému kus sebe.",Czech Republic,1.053003,,,
Farma Klokočov,1053003.0,"Czech Republic, Vítkov, 84 Klokočov, 74747",https://www.linkedin.com/company/farma-klokočov,farmaklokocov.cz,"We are a family-owned farm that has branched out into hospitality in the past years, offering our guests a stay on a historical, working farm in a beautiful countryside. Apart from providing accommodation, we also raise cattle, breed horses and grow various crops.",Czech Republic,1.053003,,,
ABA Apartments,1053003.0,"Czech Republic, Olomoucký, Olomouc, 13 Lipenská, 77900",https://www.linkedin.com/company/aba-apartments,www.abaapartments.cz,"Celkem disponujeme 59ti apartmány. Všechny jsou moderně vybaveny vším, co potřebujete ke komfortnímu ubytování nejen na jednu noc, ale také na delší pobyt. Kromě pohodlné postele, smart TV s O2TV a wifi nabízí každý apartmán také plně vybavenou kuchyňskou linku. V objektu je možnost parkování zdarma v garáži či zezadu budovy - bez možnosti rezervace předem. Ve společných prostorech je k dispozici automat s lehkým občerstvením.",Czech Republic,1.053003,,,
DownTown Suites Prague,1053003.0,"Czech Republic, Hlavní Město Praha, 3 Jugoslávská, 12000",https://www.linkedin.com/company/downtown-suites-prague,www.downtownsuites.cz,DownTown Suites Prague 72 moderně vybavených a prostorných servisovaných apartmánů ve 4 lokalitách v Praze. 72 modern and spacious serviced apartments in Prague at 4 strategic locations,Czech Republic,1.053003,,,
M&J Hotel Advisor,1053003.0,"Czech Republic, Praha, Prague",https://www.linkedin.com/company/m&j-hotel-advisor,www.mjhoteladvisor.cz,"Hotel Management and Professional Consulting Company Our Services:  Hotel Consulting & Management, Hotel Development & Optimization  E-commerce and Social Media  Customer Care and E-commerce Training  Mystery Shopping, Quality standards implementation  Sales and Marketing strategy, Revenue Management",Czech Republic,1.053003,,,
Kavárna VLNNA & PlavbyBudějovice,1053003.0,"Czech Republic, Jihočeský, České Budějovice, Sokolský Ostrov, 37001",https://www.linkedin.com/company/kavárna-vlnna-plavbybudějovice,www.kavarna-vlnna.cz,"Na VLNNě se rázem ocitnete mimo veškerý ruch, i když v samém centru královského města. Naleznete nás na Slepém rameni Malše, v klidném a zelení obklopeném prostředí.  Samozřejmostí je u nás výběrová káva pražená přímo na míru, domácí dezerty, vstřícná a milá obsluha. Vlastní toalety a parkoviště pár metrů. Součástí kavárny jsou Komentované plavby dvanáctimístnou lodí Sv. Rozálie na řekách Malše a Vltava v historickém centru města.  V průběhu plavby uvidíte nejstarší dochované památky – městské hradby, včetně hradebních věží a bašt. Proplujete soutokem Malše s Vltavou, pod pěti architektonicky zajímavými mosty a mezi významnými historickými budovami.  Zažijete tedy město jinak, z vodní hladiny.",Czech Republic,1.053003,,,
ProZAMS,1053003.0,"Czech Republic, Praha, Prague",https://www.linkedin.com/company/prozams,www.prozams.cz,"Víme, že kvalitní jídlo má pozitivní vliv nejen na pracovní výkon, ale i na zdraví a pohodu člověka. Naším cílem proto je podpora moderního a kvalitního stravování zaměstnanců v České republice. Kantýna roku je společný projekt Sdružení pro zaměstnanecké stravování a Klubu zaměstnavatelů. Věříme v perspektivu  podnikání v oboru gastronomie a společného stravování, protože způsob a kultura stolování je nedílnou součástí životního stylu a ukazatelem vyspělosti společnosti. Oceňujeme: podnikající v segmentu zaměstnaneckého stravování Oceňujeme: zaměstnavatele pečující o své zaměstnance Oceňujeme:  vytváření zdravého pracovního prostředí Oceňujeme: talenty v gastronomii",Czech Republic,1.053003,,,
ENDEAVOR Luxury Hotel Amenities Toiletries Cosmetics,1053003.0,"Czech Republic, Šlapanice U Brna, 66451",https://www.linkedin.com/company/b2b-fastrade-solutions,www.endeavorczech.cz,"Elevate your Hotel's Brand image and your Guests' Stay  to a new level with our Exclusive Collections of Hotel Cosmetics. Our Cosmetics are carefully Selected and Crafted with the Finest ingredients to ensure an unparalleled level of quality, and are preferred by the Top Hotel Brands in Europe. Find a variety of Cosmetics that are suitable for Business Hotels, Resorts, Casino Hotels, Suite Hotels, Bed and Breakfast Hotels, City Center Hotels, Boutique Hotels, Service Apartments, and even Cruise Ships. Contact us and Find Out What We Are Capable To Do info@endeavorczech.cz",Czech Republic,1.053003,,,
Synergy Hotel Consultants,1053003.0,"Czech Republic, Praha, Prague, Korunni Dvur, prague-3 130 00",https://www.linkedin.com/company/synergy-hotel-consultants,synergyhotelconsultants.com,"Synergy Hotel Consultants (“SHC”) is a group of professionals based in Prague, Czech Republic, that between them offer extensive experience in the hotel industry.  Each member of the SHC team is an expert in his or her specific field, with skills ranging from design and management, to marketing, sales and F&B, to packaging hotels for sale or purchase.  . SHC was born out of the realization that there are many hotels from 5 star luxury to small boutiques that have one or more of the following issues: * Opened some time ago and are now in need of an upgrade or refurbishment * Do not have the budget for a full-time marketing or sales person or team, but need to promote themselves hard in order to stay competitive * Are hindered by inefficient or out-dated facilities which now require a re-think * Are relatively new but have entered a market that is extremely competitive and where there is a huge number of hotels and restaurants, all trying to get a slice of what is a relatively small cake, or * Are doing OK, but are in need of some sort of change to move them from good to great Each member of the SHC team is able to work as an individual consultant, or together with one or other of his/her colleagues, in order to provide clients with quick and high-value solutions that may require anything from a few hours’ consultancy to a long-term relationship.  They are also supported by their own colleagues and specialists, each of whom is able to be brought onto a project as and when needed.",Czech Republic,1.053003,,,
Horská Bouda Zvonařka,1053003.0,"Czech Republic, Královéhradecký, Hradec Králové, 32 Strazne, 543 52",https://www.linkedin.com/company/horská-bouda-zvonařka,www.boudazvonarka.cz,"My tomu říkáme bouda lyžákového typu, protože máme společná sociální zařízení a podlahy místy vržou stejně jako před sto lety. Jenže nenechte se zmást: pokud se rozhodnete do toho s námi jít, už nebudete chtít odjet, protože co nemáme na komfortu a luxusu, to máme na dobrém jídle z čerstvých surovin, čistotě a majitelích se srdcem bijícím pro Krkonoše, zamilujete si je instantně a oni vás.  Nacházíme se v blízkosti klidné silnice, máme jídelnu v dřevě jako kdysi, osobně vám nachystáme snídaně, obědy, točené pivo... Před večeří si můžete zahrát kulečník nebo fotbálek, k tomu popít sklenku dobrého rumu, abyste ráno usedli ve společenské místnosti ke svému laptopu v dobrém rozmaru.  I tu vaši prezentaci vám umíme na stěnu promítnout a až budete mít dost úřadování, máte od nás skvělý výchozí bod na hřebenové túry směr Špindlerův Mlýn či Pec pod Sněžkou. Pěšky nebo kolmo v létě, na běžkách, lyžích či na skialpech v zimě, se vším pomůžeme.  Zvonařka není chata, Zvonařka je životní styl.",Czech Republic,1.053003,,,
Luma Terra Prague Hostel,1053003.0,"Czech Republic, Praha, Prague, 619/72 Legerova, 12000",https://www.linkedin.com/company/luma-terra-prague-hostel,www.lumaterra.cz,"Fascinující zcela nový projekt komfortního ubytování v kategorii hostel, hotel, apartmán. Vynikající lokalita v historickém centru Prahy jen pár kroků od Václavského náměstí",Czech Republic,1.053003,,,
Black Fries,1053003.0,"Czech Republic, Praha",https://www.linkedin.com/company/black-fries-czech,www.blackfries.cz,"Naše belgické hranolky fritujeme na vepřovém sádle, brambory odebíráme z české malé farmy a naše dipy si vyrábíme sami z kvalitních surovin od tuzemských dodavatelů.",Czech Republic,1.053003,,,
Hotel Golf Garni Mikulov,1053003.0,"Czech Republic, Mikulov, 54 Vídeňská, 692 01",https://www.linkedin.com/company/hotel-golf-garni-mikulov,www.hotelgolfgarni.cz,"Family Boutique Hotel Golf Garni nabízí příjemné a moderní ubytování v malebném historickém městě Mikulov, ve kterém patří k nejlépe hodnoceným hotelům na Booking.com.",Czech Republic,1.053003,,,
Lagarto Group S.r.o.,999814.0,"Czech Republic, Ústecký, Chomutov",https://www.linkedin.com/company/lagarto-group,www.lagartocafe.cz,"Lagarto je největším kavárenským řetězcem v Ústeckém kraji. Společnost byla založena jako kavárna výběrové kávy v Chomutově v roce 2010, postupně jsme se vypracovali a otevřeli další kavárny. Dnes činí naše průměrná měsíční návštěvnost 156 000 zákazníků, což představuje 1/5 Všech obyvatel spádové oblasti Ústeckého kraje. Patříme mezi špičku v oblasti gastronomie v naší lokalitě s vlastní cukrářskou, lahůdkářskou a zmrzlinovou výrobnou. V rámci řetězce nabízíme z 96% pouze produkty naší výroby. Nově se zabýváme distribucí šumivých vín zejména prosecca. Spravujeme čtyřívbrandy - Lagarto, Deli, Vinogarto a Cake Factory.",Czech Republic,0.999814,,,
REPRESERVIS,956120.0,"Czech Republic, Hlavní Město Praha, 21 Václavské Náměstí, 11000",https://www.linkedin.com/company/represervis,www.represervis.cz,"Vize: Být díky prvotřídním službám součástí úspěchu našich partnerů a budovat tím dlouhodobá a silná spojení. Naše služby: Obsluha - pomocný číšník/servírka, samostatný číšník/servírka, barman/barmanka, barista/baristka Kuchyně - pomocný kuchař, samostatný kuchař  Ostatní - hosteska, recepční, front office, příprava a stěhování banketních a cateringových akcí, portýři a další",Czech Republic,0.95612,,,
Cafedu,938206.0,"Czech Republic, Praha, Prague, 490/12 Škrétova",https://www.linkedin.com/company/cafedu,www.cafedu.cz,"Cafedu is a quiet day-and-night study room (opened 24/7) together with a cosy coffee bar in the center of Prague. Created for students, professionals, and start-ups to strengthen motivation, encourage cooperation and spread inspiration among the youth.",Czech Republic,0.938206,,,
KH Hotels S.r.o.,862571.0,"Czech Republic, Central Bohemia, Kutná Hora",https://www.linkedin.com/company/kh-hotels-s-r-o-,www.khhotels.cz,"Hotelová a gastronomická společnost působící v Kutné Hoře a okolí. Provozujeme 3*** wellness a kongres hotel U Kata v centru historického města UNESCO. Hotel je vhodný pro firemní i individuální klientelu. Dalším zařízením je apartmánový penzion U Babky bylinkářky, vhodný především pro rodiny s dětmi. V letních měsících provozujeme kavárnu na zámku Kačina, který se nachází 8 km od Kutné Hory. Tento empírový skvost je ideálním místem pro konání svateb či jako cíl Vašeho výletu. Mimo uvedených provozů zajišťujeme cateringové služby v atraktivních lokacích jako je GASK (Galerie Středočeského kraje), středověká tvrz Malešov či Vámi vybraném místě.",Czech Republic,0.862571,,,
John Liquid,862571.0,"Czech Republic, Praha",https://www.linkedin.com/company/alkobutik,www.johnliquid.cz,"DOTVÁŘÍME VAŠE EVENTY K DOKONALOSTI Jsme tým profesionálů z gastronomie, který dodá šťávu vašemu večírku, párty nebo oslavě. Nabízíme: koktejlový servis kávový servis,  degustace destilátů, vína a champagne doutníky a zážitky s němi vlastní designové mobilní bary",Czech Republic,0.862571,,,
Krkonoše Relax S.r.o.,862571.0,Czech Republic,https://www.linkedin.com/company/krkonoše-relax-s-r-o,krkonoserelax.cz,Xxx,Czech Republic,0.862571,,,
Belgicka Apartments,858774.0,"Czech Republic, Praha, Prague, 26 Belgicka, 120 00",https://www.linkedin.com/company/belgicka-apartments,www.belgickaapartments.cz,"Belgicka Apartments University Campus (BAUC) is a newly renovated residence drafted in conjunction with University of New York in Prague as the first private university in the Czech Republic to have housing offered to its student body. Each apartment has a fully equipped kitchen, furnished bedrooms and brand new bathrooms. The BAUC is a space where students can interact with each other as well as find a calm and quiet space to study. Total capacity of 118 beds across 25 apartment units in variety of double and single bedroom arrangements. Located in the very city centre, Prague 2.",Czech Republic,0.858774,,,
Hotel Romania,680482.0,"Czech Republic, Karlovarský, Karlovy Vary, 948 Zahradní, 36001",https://www.linkedin.com/company/hotel-romania,www.romania.cz,"Hotel Romania je situován v centru města Karlovy Vary s výbornou dostupností do obchodní a lázeňské zóny (3 min). Hotel Romania nabízí svým klientům ubytování ve 32 pokojích. Všechny pobyty jsou se snídaní. Ostatní stravování mají naši hosté s 10% slevou (plný oběd, plná večeře).",Czech Republic,0.680482,,,
Letovisko Studánka,677183.0,"Czech Republic, Královéhradecký, Rychnov Nad Kněžnou, 505 Studánka, 516 01",https://www.linkedin.com/company/letovisko-studánka,www.hotelstudanka.cz,"Ráj klidu uprostřed lesů prověřený staletími. Pokud si ke své dovolené nebo třeba obchodnímu jednání vyberete letovisko Studánka, vydáte se do malebné krajiny v podhůří Orlických hor. Nedaleko Rychnova nad Kněžnou se nachází lázeňská a rekreační oblast, která má historii sahající do 17. století. Už více než dvanáct let návštěvníky vítá krásně zrekonstruovaná budova s moderními pokoji, rozsáhlým wellness zázemím a prvotřídní kuchyní.",Czech Republic,0.677183,,,
TvůjDezert,677183.0,"Czech Republic, Praha",https://www.linkedin.com/company/tvůjdezert-cz,tvujdezert.cz,"SLADKÉ NÁS SPOJUJE. Moderní doba vyžaduje moderní řešení, a tak můžete  právě skrze aplikaci TvůjDezert.cz objevovat, učit se a ušetřit. - Naše cíle - Podporujeme lokální cukrárny a kavárny, protože každý podnik je jedinečný a má své vlastní kouzlo. Šíříme tyto jedinečné podniky do podvědomí lidí a budeme komunitu našich dezerťáků. - Naši uživatelé - Objevujte tyto kouzelné podniky, dozvídejte se nové tipy, triky a novinky ze světa cukráren a kaváren. Pořiďte si předplatné, které si upravíte podle svých potřeb a vychutnávejte si dezerty a zákusky za zvýhodněnou cenu. - Naši partneři - Mezi našimi partnery jsou lokální a rodinné cukrárny a kavárny, které rádi uvítají nové zákazníky. Pomáháme jim lépe cílit na zákazníky, kterým mají co nabídnout, a tak navázat i pouto mezi nimi.",Czech Republic,0.677183,,,
Sklípek Brno,677183.0,"Czech Republic, South Moravian, Brno",https://www.linkedin.com/company/uragano-company,sklipekbrno.cz,Uragano company zprostředkovává krátkodobý pronájem prostor vinného sklepa s kompletním servisem. Více na www.sklipekbrno.cz,Czech Republic,0.677183,,,
Občanská Plovárna,677183.0,"Czech Republic, Praha, Prague",https://www.linkedin.com/company/občanská-plovárna,www.obcanskaplovarna.cz,"V nádherně zrekonstruovaných interiérech Občanské plovárny jsme otevřeli restauraci, založenou na kombinaci české a francouzské kuchyně. Za unikátním konceptem stojí dvojice mladých českých kuchařů, Jan Mužátko mladší a Filip Hošek. Oba tito kuchařští nadšenci vystudovali prestižní kulinářské lyceum Paula Bocuse v Lyonu a nabízejí zkušenosti z obou kuchyní. Hosté se mohou těšit na klasické i netradiční pokrmy, nové a neotřelé kombinace, špičkové a čerstvé suroviny a jedinečnou atmosféru. Menu doplňuje domácí pivo Český lev i skvělá vína z francouzských i českých vinic.",Czech Republic,0.677183,,,
Hotelgram,677183.0,"Czech Republic, Praha, Prague, 882/5a Kolbenova, 19000",https://www.linkedin.com/company/hotelgram-ltd,www.hotelgram.com,"All-In-One Cloud-based Hotel Management Software shares advice on how to run smarter hotel business.  If you are a small to medium size hotel owner, manager or entrepreneur looking to build your own hotel business, you'll find useful tips & tricks at Hotelgram. We cover topics ranging from starting your own business to online marketing, customer relationship management, revenue management and ways how to run more efficient hotel operations leaving your guest more satisfied and you with more profit.",Czech Republic,0.677183,,,
Askiburgion Z.s.,677183.0,Czech Republic,https://www.linkedin.com/company/askiburgion-z-s-,www.skion.cz,"Team of dedicated tourism, hospitality and fundraising experts based in Jeseniky Mountains, Czech Republic. For tour operators or companies we work as incoming operator, PCO, DMC or simply local experts for all tourism and MICE events needs. Whether you are interested in active holidays, ski holidays, spa experience or city escape tours, we are here to help.",Czech Republic,0.677183,,,
Honour And Grace Hotel,677183.0,"Czech Republic, Karlovarský, Karlovy Vary, 31 Horní Žďár, 36301",https://www.linkedin.com/company/honour-and-grace-hotel,www.honourandgrace.com,"Honour and Grace Hotel is a first class jewel conveniently located in west Bohemia in the Czech Republic, belonging to the Karlovy Vary region. Our hotel is nestled in a unique location, at the heart of the abundant, all-green Bohemian forest, among the tourist destinations Karlovy Vary, Ostrov, Jachymov and Bozi Dar. Masterfully renovated -by paying attention to every detail- and highly equipped with all prestigious features and safety standards, our hotel is ready to warmly welcome you and offer you a chance to create a bouquet of lasting memories always accompanied by a discreet, personalised service. An elegant 4-star superior boutique hotel with 20 prestigious and comfortable rooms, complemented by the stylish “Royal Leaf“ restaurant offering gastronomic experiences of modern cuisine with a Czech twist. The cozy and sophisticated “In the woods” Lounge-Bar, the relaxing and tranquil private wellness area, the functional gym, the fresh-breathing terrace and the children playground. A wide variety of experiences to relish, such as family anniversaries and celebrations, fairytale weddings, romantic couple weekends, spa getaways, meetings and banquets up to 120 people, or everyday treats such as lunches, dinners, relaxing picnics and afternoon teas.",Czech Republic,0.677183,,,
Pár Pokojů Microhotel,677183.0,"Czech Republic, Zlínský, 5431 Potoky, 76001",https://www.linkedin.com/company/par-pokoju-microhotel,www.parpokoju.cz,Brand new minimalist hotel located in the heart of Zlín offers 5 cosy and soothingly tranquil rooms for your business or leisure visit to the city. We are small and we are proud o fit. We are microhotel.,Czech Republic,0.677183,,,
Hotel Lexor,677183.0,"Czech Republic, Příbor, 2 Politických Vězňů, 742 58",https://www.linkedin.com/company/hotel-lexor,www.lexor.cz,"Hotel Lexor je moderní a stylový apartmánový hotelu v srdci města Příbora. Jsme tu proto, abychom vám poskytli ubytovací a jiné služby nejvyšší kvality a zanechali ve vás nezapomenutelné zážitky, které vás budou provázet ještě dlouho poté, co opustíte naše prostory. V našem hotelu se můžete těšit na luxusní UBYTOVÁNÍ, které naplní veškerá vaše přání. Ale to není vše! Nabízíme SPOLEČENSKÉ PROSTORY S VENKOVNÍM ATRIEM, které jsou ideální pro uspořádání vašich společenských akcí. Ať už plánujete svatbu, oslavu, večírek u nás najdete vše, co potřebujete. Nejen v těchto prostorách pořádáme také akce pro veřejnost jako jsou zážitkové obědy a večeře, degustační aj. akce.  FIRMÁM nabízíme prvotřídní prostředí pro firemní večírky, setkání s obchodními partnery, školení a semináře s veškerým potřebným zázemím. Co víc, náš hotel se stává oblíbeným místem pro PRODUKČNÍ nebo BRANDOVÁ focení. Pokud se u nás budete chtít UBYTOVAT, máme pro vás připraveny 4 luxusní apartmány: Soft, Metal, Industrial a Mariane. Každý z nich vyzařuje svůj originální duch a kouzlo, které vás nadchne. Ať už si zvolíte kterýkoli apartmán, můžete se spolehnout na prvotřídní vybavení a pohodlí, které předčí vaše očekávání. Věříme, že základem skvělé služby je individuální přístup a schopnost předvídat potřeby našich hostů. Vaše spokojenost a nezapomenutelné vzpomínky jsou naší největší odměnou. Sledovat nás můžete nejen zde na LinkedIn, ale také na Facebooku a Instagramu:  https://www.facebook.com/lexor.cz https://www.instagram.com/lexor.cz/",Czech Republic,0.677183,,,
GastroSense,677183.0,Czech Republic,https://www.linkedin.com/company/gastrosense,gastrosense.cz,"Poskytujeme celkové poradenství v oblasti gastronomie. Naše služby nabízíme jak stávajícím gastronomickým zařízením, tak i nově vznikajícím. Poradíme vám s marketingem - vytvoříme korporátní identitu včetně webových stránek a profilech na sociálních sítích, pomůžeme s výběrem vhodných zaměstnanců a jejich školeními nebo sestavíme jídelní a nápojové lístky s ohledem na moderní trendy. Nabízíme dlouhodobou spolupráci ve formě mystery shoppingu, pravidelné správy vašich webových stránek a jiných profilů nebo tvorby grafiky a tisku propagačních materiálů a podpory reklamních kampaní.",Czech Republic,0.677183,,,
DELETE S.r.o.,677183.0,Czech Republic,https://www.linkedin.com/company/delete-s-r-o-,www.delete.cz,.,Czech Republic,0.677183,,,
Jidelna Open,677183.0,"Czech Republic, Moravskoslezský, Ostrava - Vítkovice",https://www.linkedin.com/company/jidelna-open,www.jidelnaopen.cz,"Veřejné stravování, závodní stravování, výroba a distribuce balených pokrmů , catering, rozvoz...Jídlena Open.Ostrava!!!",Czech Republic,0.677183,,,
P&B Travel SRO,677183.0,"Czech Republic, Praha, Prague, 640/2 Jablonskeho, 170 00",https://www.linkedin.com/company/pnbtravel,www.pnbtravel.eu,"Prague and Beyond Provids tourism-related services for individuals and whole sellers A young dynamic DMC that is located in Prague, Czech Republic, with More than 15 years in the tourism business in Czech Republic and central Europe. Prague and Beyond (P&B) s.r.o. is aims to provide tourism-related services in the Czech Republic and central Europe, for individuals and whole sellers. Prague and Beyond is obligated for fast, full and reliable service, and is obligated in giving you the best rates and finding you the best offers. Prague and Beyond can offer solutions for any service required, regardless the size of your group. from small expeditions to large venues. Prague and Beyond can provide you anything from accommodation, certified guides in almost any language, Coaches and other means of transportation, Restaurants, shows and events.",Czech Republic,0.677183,,,
Glamlife.cz,677183.0,"Czech Republic, Vrch Baba",https://www.linkedin.com/company/glamping-u-baby,www.glamlife.cz,"Zaměňte ruch města za krásnou přírodu a klid našich glampingů. Nechte se ukolébávat zvuky ohně, šustících stromů a probouzejte se zpěvem ptáčků. Pokud hledáte klidné místo, kde hodíte každodenní starosti za hlavu, tak je pro vás náš glamping tím pravým místem pro relaxaci a odpočinek.",Czech Republic,0.677183,,,
Chateau Šanov,677183.0,"Czech Republic, Šanov, 250 Šanov",https://www.linkedin.com/company/chateau-šanov,www.hotel-sanov.cz,Přijďte zažít jeden z nejlepších relaxačních zážitků k nám do Chateau Šanov,Czech Republic,0.677183,,,
Whiskey Bar A.s.,677183.0,"Czech Republic, Praha, Prague, 14 Kaprova, 11000",https://www.linkedin.com/company/whiskey-bar-a-s,www.whiskeybar.cz,"Whiskey bar, setkavani lidi, dobre piti, jfhjkn jksh",Czech Republic,0.677183,,,
Yellow Cottage,677183.0,Czech Republic,https://www.linkedin.com/company/yellow-cottage,,"This rural cottage is located in the village Zacler in the eastern part of the Giant Mountains (Karkonosze) and is excellent for as well winter as summer holidays.  It breaths an ancient atmosphere but has at the same time all required comfort of modern times. Sleeps up to 8 people.  The house is very well suited for families with small children, since the master bedroom with baby bed is on the ground floor. High chair is also at your disposal.  Charming bars and restaurants + a supermarket for daily groceries within walking distance.  Division:  Ground floor: spacious, charming entrance, cosy living room with fire place, radio CD player, TV with Dutch and Belgian channels, DVD player and possibility to plug in an MP3 player. Kitchen with 4 ring electric cooking range, fridge/freezer combination, dishwasher, washing machine, water cooker and coffee maker.  Bedroom with double bed, baby bed and wash basin. Bathroom with shower and 2 wash basins. Toilet with wash basin. Store room for skis. All rooms have heating with thermostat.  1st floor: can be reached through permanent stair case, spacious landing area, 2 bedrooms each with wash basin (sleep 4 and 2 people). All rooms on this floor have thermostat as well.  Garden: large garden (1400m2), the house is surrounded with a spacious natural stone terrace with barbecue.",Czech Republic,0.677183,,,
JÍDELNA OPEN,677183.0,"Czech Republic, Moravskoslezský, Ostrava, 1148/45 Mostárenská, 04176138 70300",https://www.linkedin.com/company/j-delna-open,www.jidelnaopen.cz,"Jsme Ostravská společnost, která vaří jídlo a nabízí služby v oblasti Gastronomie. Provozujeme firemní jídelny pro zaměstnance, děláme cateringy, balíme jídlo do krabiček a rozvážíme kam je třeba po celém regionu.",Czech Republic,0.677183,,,
Domovjanka,677183.0,"Czech Republic, Bílá Moravskoslezký Kraj, 155 Bílá, 73915",https://www.linkedin.com/company/domovjanka,www.domovjanka.cz,"Domovjanka je provoz, který chcete potkat na horách - rychlé kvalitní jídlo, čerstvé pečivo, všechny druhy kávy od komoditní italské směsi po výběrovku na filtr, regionální specialitky, velký dětský koutek, dvě terasy a soukromý salonek. Fungujeme ve smyslu pohostinnosti a máme Vás rádi.",Czech Republic,0.677183,,,
Lávka,677183.0,"Czech Republic, Praha, Prague, 201/1 Novotného Lávka, 11000",https://www.linkedin.com/company/lavka,lavka.cz,"Klub Lávka u Karlova mostu je jedním z nejdéle fungujících podniků svého druhu v Praze. Pravidelně se zde pořádají divadelní představení, koncerty, firemní večírky, svatby, soukromé oslavy a nejrůznější kulturní a společenské akce. Lávka má také vlastní přístav, kde si lze zapůjčit šlapadlo nebo objednat okružní plavbu lodí.",Czech Republic,0.677183,,,
FRANCIS PALACE S.r.o.,677183.0,Czech Republic,https://www.linkedin.com/company/francis-palace-s-r-o,www.francispalace.cz,"Hotel Francis Palace se nachází v klidné části Františkových Lázní. V hotelu je k dispozici 42 elegantně a komfortně vybavených dvoulůžkových pokojů.  Hotel se nachází v centru světově proslulých Františkových Lázních s výhledem do městského parku, vzdálený cca 250 m od lázeňské promenády. V hotelu je k dispozici 40 elegantně a komfortně vybavených dvoulůžkových pokojů.",Czech Republic,0.677183,,,
Resort Darovanský Dvůr,677183.0,"Czech Republic, Břasy, 3 Darová, 338 24",https://www.linkedin.com/company/resort-darovansky-dvur,www.darovanskydvur.cz,"Kouzelné místo uprostřed čisté přírody s výbornou dopravní dostupností (20 min z Plzně, 45 min z Prahy).  Co zde najdete? - Moderní kongresové centrum s kapacitou 300 osob. Multifunkční prostory pro pořádání kongresů, školení, teambuildingů a dalších firemních akcí se špičkovým zázemím. - 27 jamkové golfové hřiště se třemi devítkami Panorama, Svatá Anna a Jezírka s celoročním provozem. - 102 hotelových pokojů s výhledem na historické nádvoří se stoletými kaštany a nebo na golfové hřiště. - Hotelová restaurace s lobby barem a venkovní terasou.  - Luxusní wellness centrum vybudované ve stylu Antických lázní. - Venkovní i vnitřní sportovní vyžití (fotbal, plážový volejbal, tenisové kurty, venkovní krytý bazén, turistické a cyklistické stezky nebo adrenalinové singletrailové trasy v hlubokých lesích, bowling, lasergame, kulečník, šipky nebo stolní fotbálek). - Parkování pro 200 aut v areálu resortu.",Czech Republic,0.677183,,,
Purger S.r.o.,677000.0,Czech Republic,https://www.linkedin.com/company/purger-s.r.o.,loungehostel.eu,"backpacker social club FEEL FREE TO USE OUR SAFE – LOCKERS – FAST INTERNET WE HOPE YOU’LL STAY IN OUR HOSTEL FOR AS LONG AS POSSIBLE HOWEVER, IMPROPER BEHAVIOUR MAY SHORTEN YOUR STAY: DO NOT USE OTHER BEDS THAN YOURS, DO NOT DISTURB ANOTHER GUESTS, DO NOT SMOKE IN ROOMS",Czech Republic,0.677,,,
ResMaster Systems,677000.0,"Czech Republic, Praha, Prague, 1119/20 Truhlarska, 11000",https://www.linkedin.com/company/resmaster-systems,www.resmaster.eu,The web booking engine ResMaster was developed by hotel managers for hotel managers. More than 120 000 of bookings since 2005 via our system have allowed us to optimize its functions and structure so that it can best combine the requirements of clients and the needs of hotel managers. We offer complex solution for all types of accommodation facilities: - Web Booking Engine - Responsive website - Channel management - Loyalty program  - Ecommerce & marketing consultancy For more information visit our website!,Czech Republic,0.677,,,
Autoklub Servisní S.r.o.,677000.0,"Czech Republic, Praha, Prague",https://www.linkedin.com/company/autoklub-servisní-s-r-o,www.autoklub-servisni.cz,"Krásné a členité prvorepublikové interiéry přímo v centru Prahy jsou ideální pro pořádání konferencí, školení, rautů, galavečeří, koncertů, plesů či modních přehlídek, firemních či soukromých večírků či jiných podobných akcí. Máme k dispozici prostorný Smetanův sál s balkonovými ochozy, který lze buď uzavřít, nebo naopak propojit s prostorným Foyer a trojsálím Elišky Junkové (sál Elišky Junkové, salonek Praga a salonek Laurin & Klement) a využít tak celé první patro budovy s vlastním barem a technickým zázemím. V přízemí budovy můžeme nabídnout samostatný salonek Aero nebo restauraci Autoklub společně s dvěma komornějšími salonky. V 5 patře budovy se nachází moderní prosvětlený salonek Club, s vlastním zázemím, barem a kuchyní, na který navazuje romantická terasa s výhledem na Pražský hrad a pražské střechy. Zajišťujeme také catering na míru přesně podle představ zákazníka, špičkově vybavená kuchyně s vyškoleným personálem zvládne od lehkého občerstvení až po čtyřchodové menu.",Czech Republic,0.677,,,
Resort Nová Polana,677000.0,"Czech Republic, Dolní Lomná, 126 Dolní Lomná",https://www.linkedin.com/company/resort-nova-polana,www.novapolana.cz,"Resort Nová Polana is a local hospitality company focused on providing affordable, high quality accommodation as well as food and dining services. The Resort is located in a beautiful area of Beskdy mountains (Dolní Lomná).",Czech Republic,0.677,,,
The Point Agency S.r.o.,658937.0,"Czech Republic, Central Bohemia, Kutná Hora, Kremnická, 284 01",https://www.linkedin.com/company/the-point-agency-s-r-o,thepoints.cz,,Czech Republic,0.658937,,,
INSTITUT OBCHODU A CESTOVNÍHO RUCHU S.r.o.,658937.0,Czech Republic,https://www.linkedin.com/company/institut-obchodu-a-cestovního-ruchu-s-r-o-,www.iocr.cz,Institut obchodu a cestovního ruchu poskytuje vzdělávací a poradenské služby zaměřené na oblast cestovního ruchu a systémy řízení kvality podle norem ISO.,Czech Republic,0.658937,,,
Apartmány Magion,658937.0,"Czech Republic, Zlínský Kraj, Luhačovice, 86326",https://www.linkedin.com/company/apartmány-magion,www.ubytovaniluhacovice-magion.cz,Family owned business  |  Rodinné ubytovací zařízení,Czech Republic,0.658937,,,
Hotel Yasmin,658937.0,"Czech Republic, Praha, Prague, 913/12 Politickych Veznu",https://www.linkedin.com/company/hotel-yasmin,,"Design Hotel Yasmin Prague, is a 4 star hotel, located in the heart of the city centre of the Old Town of Prague. All main sightseeing points such as Wenceslas Square, Municipal Hall, Old Town Square are within walking distance. Our luxury hotel exudes a fresh and modern design with light shades of green, grey and brown colours, which make for a comfortable and pleasant atmosphere for a unique Prague experience. In the Restaurant Café Bar Noodles we serve pasta from all around the world, as well as local and international dishes. Free Wi-Fi is available throughout hotel Yasmin.",Czech Republic,0.658937,,,
Hotel Commander,658937.0,Czech Republic,https://www.linkedin.com/company/hotel-commander,hotelcommander.net,Hotel Commander is a solution for hoteliers which analyzes their market position and their direct competitors to set an optimal price for their listings to make sure that they maximize occupancy and then automatically updates it when necessary to make sure they always have an advantage. Our approach combines a simple interface with a powerful interface.  Let us know if you would like to know more.  Via email: info@hotelcommander.net Or telephone: +420776899195,Czech Republic,0.658937,,,
Nalej S.r.o.,658937.0,"Czech Republic, Moravskoslezský, Ostrava, 1797/4 Janáčkova, 70200",https://www.linkedin.com/company/nalej-s-r-o,nalej.to,A company that specializes in gastronomy and related marketing projects in Czech republic.,Czech Republic,0.658937,,,
Mamaison Residence Downtown Prague,629334.0,"Czech Republic, Praha, Prague, 9 V Tůních",https://www.linkedin.com/company/mmdp,www.mamaisondowntown.com,"We offer a warm welcome to Mamaison Residence Downtown Prague, located directly in the city centre and only a 6 minute walk from Wenceslas Square. Easy to reach by car, you’ll enjoy quiet and peaceful central accommodation.",Czech Republic,0.629334,,,
Pension Primus,629334.0,"Czech Republic, Central Bohemia, Beroun, 665 Na Cibulce, 26601",https://www.linkedin.com/company/primusberoun,www.pensionprimus.cz,descrition to be added soon descrition to be added soon descrition to be added soon descrition to be added soon descrition to be added soon descrition to be added soon descrition to be added soon descrition to be added soon descrition to be added soon descrition to be added soon descrition to be added soon descrition to be added soon descrition to be added soon descrition to be added soon descrition to be added soon descrition to be added soon,Czech Republic,0.629334,,,
H7 Palace,629334.0,Czech Republic,https://www.linkedin.com/company/h7-palace,www.h7palace.com,"Spacious, quiet and welcoming, our exquisite accommodations will usher you into a world of discreet elegance. Every one of our 49 units features a full range of amenities including A/C, flat-screen TV and complimentary wireless internet. And with a variety of layouts ranging in size from 21 to 92 square metres, we're sure we have exactly what you're looking for. Prague’s Designer Apart-Hotel Ideally located at the heart of New Town (Nove Mesto) and a stone’s throw from Wenceslas Square, H7 Palace is Prague’s first designer Apart-Hotel, set within the stunning context of two entirely renovated historic buildings. A uniquely intriguing yet surprisingly discreet ambiance blends the charm of the original spaces with the cool charisma of Italian interior design. Large, bright and comfortable accommodations let you to explore the Golden City from from a welcoming home base, while flexible modular solutions allow even large families and groups to stay together in total privacy. ITALIAN DESIGN AND ART When you visit a place as beguiling as Prague, the magic shouldn’t stop once you get back to your hotel. Therefore, we strove to create an inspiring atmosphere that is soothing and sophisticated but at the same time warm and welcoming.",Czech Republic,0.629334,,,
Hartman & Szarafinski SRO,629334.0,Czech Republic,https://www.linkedin.com/company/hartman-szarafinski-sro,www.harski.com,"Hartman & Szarafiski is an investment project in the south-west of the Czech Replublic.  The company is specialized in international training & workshops, trading, media technology & production.",Czech Republic,0.629334,,,
Limosky.cz,629334.0,"Czech Republic, Praha, Prague, 172c Plzeňská, 150 00",https://www.linkedin.com/company/limosky,www.limosky.cz,Kvalitní domácí limonády a popcorn.,Czech Republic,0.629334,,,
PetPunk,629334.0,"Czech Republic, Moravskoslezský, Ostrava, 112/50 Nádražní, 70200",https://www.linkedin.com/company/petpunk,www.petpunk.cz,"Love elixir secret formula? Coffee it is! When you pass over a cup of beautiful coffee to anybody, you see how their day gets enlightened immediately. Their sight gets brighter, heart races, worries left behind.  When you deal with caffeine, you deal with love. We have tuned up PetPunk coffee even more, with stress on the compassion, joy and wellness.  Get your package straight away or stop by in our love café in Ostrava.  What does the cow say?! Woof! Woof! #PetPunk",Czech Republic,0.629334,,,
Hotel Bermuda Znojmo,629334.0,"Czech Republic, South Moravian, Znojmo, 10 Mariánské Náměstí, 669 02",https://www.linkedin.com/company/hotel-bermuda-znojmo,hotelbermuda.cz,"Hotel Bermuda se nachází na okraji historického centra města Znojma přímo u hlavního tahu Praha – Brno – Vídeň. Kromě nově zrekonstruovaných a komfortních pokojů, Vám náš tříhvězdičkový hotel může také nabídnout prostornou restauraci s výbornou kuchyní, denní a noční bar, krytou letní zahrádku, catering, konferenční prostory s vybavením a technickým zázemím, vlastní uzamykatelné parkoviště, masáže, ochutnávky vín nebo zapůjčení kol. V blízkosti hotelu můžete také využít plno nákupních, turistických, kulturních i zábavních aktivit, se kterými Vám rádi poradíme.",Czech Republic,0.629334,,,
Luxury Bloc,629334.0,"Czech Republic, Praha, Prague, 459/1 Nebovidská",https://www.linkedin.com/company/luxury-bloc,www.luxurybloc.com,"The very first edition of Luxury Bloc, Central & Eastern European travel luxury market tradeshow. Over top 50 region’s decision making travel agents will meet hoteliers to enhance luxury travel relationships and business in the fast-growing CEE market.",Czech Republic,0.629334,,,
BAM BU DAH,629334.0,"Czech Republic, Praha, Prague, 1 U Libeňského Mostu, 180 00",https://www.linkedin.com/company/bambudah,bambudahexperience.com,"The name Bam Bu Dah reflects it’s asian fusion roots, with each of the 34 suites being named after popular Asian cities and decorated accordingly. We seek to become a gathering point for the local community and simultaneously offer accommodation to visitors of the city from far afield.",Czech Republic,0.629334,,,
Hotel Galileo Prague,629334.0,"Czech Republic, Praha, Prague, 239/3 Bruselská",https://www.linkedin.com/company/hotel-galileo-prague,www.hotelgalileoprague.com,"4 star GALILEO hotel, managed by Your Prague Hotels, is situated in the Vinohrady historic residential area of the centre of Prague. It has been renovated recently and our guests may really enjoy the stay in the magical atmosphere of the golden city in elegant, comfortable surroundings.  The hotel is easily served by public transportation close by and the famous Wenceslas Square is only 10 minutes' walk away. The most of Prague attractions are in walking distance.  Breakfast buffet, Wi-Fi connection and coffee & tea making facilities in the room are included.  Enjoy your successful business meeting or a lovely honeymoon in the Prague city and stay at Hotel Galileo!",Czech Republic,0.629334,,,
Hotel Roma Prague,629334.0,"Czech Republic, Praha, Prague",https://www.linkedin.com/company/hotel-roma-prague,www.hotelromaprague.com,"Experience the 4 star Hotel ROMA, managed by Your Prague Hotels – an unforgettable hotel in Prague just few steps from the enchanting Petřín look-out tower, closed to the National Theatre, baroque Church of St Nicholas, Church of Our Lady of Victory, Charles Bridge or Prague Castle. Hotel Roma provides the perfect accompaniment to your stay in the „City of hundred towers“, suitable for your business meeting, an enjoyable holiday, or a romantic Prague anniversary and honeymoon. Guests of our 4 star hotel Roma may expect a warm welcome, information about hotel services and free Wi-Fi connection during their stay.",Czech Republic,0.629334,,,
Rango Restaurant & Hotel,629334.0,"Czech Republic, Plzeňský, Pilsen, 10 Pražská, 301 00",https://www.linkedin.com/company/rango-restaurant-hotel,www.rango.cz,"Restaurant Hotel Rango je rodinný boutique hotel v centru Plzni.  hotelová restaurace je velice populární a díky svým sklepním prostorům, které jsou součást Plzeňského podzemí je oblíbená jak u místních obyvatel, tak cizinců.",Czech Republic,0.629334,,,
AvenTouro Z.s.,629334.0,"Czech Republic, Moravian, 2417/14 Foerstrova Brno",https://www.linkedin.com/company/aventouro-z-s,www.aventouro.eu,"AvenTouro, z.s. is the non-profit organization, our goal is to support and benefit from the creation of sustainable adventure travel market in the Czech Republic and Slovakia with focus on people, ecology, and growth. We are dedicated to providing authentic and personalized program and cultural trips in the Czech Republic and Slovakia. We are a group of educated and positive young people who decided to make their hobbies into a job. Most of the travel agencies will take you only to the cities but we believe that is not enough, nature is always the answer. AvenTouro‘s mission is to show the beauty of the Czech Republic and Slovakia in a different way, in an outdoor way. We hike in all natural parks in Slovakia and the Czech Republic. Spending time outside with nature really set us free. In today's world, many people have lost touch with our land and the freedom that nature gives us. We encourage people to go and have fun outside, to feel the fresh air and the sunshine in their bodies. Perfect country to experience the outdoors life and to discover the healing power of our Pachamama We organize not only public trips but also private tailor-made tours for smaller groups or companies. We are here for you that is why we are able to adjust the whole program to your needs. The level of hiking is adjusted. You sometimes don’t have to hike a lot and you can see stunning places anyway.",Czech Republic,0.629334,,,
Proseccolo,629334.0,"Czech Republic, Praha, Prague",https://www.linkedin.com/company/proseccolo,www.proseccolo.cz,"Pitoreskní dodávka, která za sebou zanechává tři stopy. Piaggio Ape. Nenechte se zmást, není to reklamní poutač, ale malá pilná včelka. A my jsme ji přetvořili v exkluzivní, stylový mobilní bar. Díky tomu vám umožníme neotřele podávat perlivé nápoje a především perlivé víno do jehož kategorie patří neodmyslitelné italské Prosecco při jakékoliv příležitosti.",Czech Republic,0.629334,,,
Easy Housing Hostel In Prague,629334.0,"Czech Republic, Praha, Prague, 6 Spytihnevova, 128 00",https://www.linkedin.com/company/easy-housing-hostel-in-prague,www.imeasyhousing.com,"In order to make sure our Hostel in Prague provides you with comfortable accommodation please check the facilities we offer in our Hostel to really enjoy your accommodation in Prague. Quiet surroundings with plenty of shops and restaurants. Next to our Hostel there is an enormous park called Folimanka. The park is 1 minute away from our Hostel, yet so close to the city’s heart. There is a private parking space 3 min from our Hostel. The private parking place is called parking Folimanka and is secured. The best services from our staff which will help in every big or small need you have. Just what you need to make your stay in Prague a beautiful memory.",Czech Republic,0.629334,,,
Prague Foodie Experts,629334.0,"Czech Republic, Hlavní Město Praha, 212/1 Údolní, 147 00",https://www.linkedin.com/company/prague-foodie-experts,www.praguefoodieexperts.cz,"Prague Foodie Experts je profesionální tým lidí, kteří milují skvělé jídlo a rádi své zkušenosti předávají dál. Řešíte firemní akci, občerstvení na poradu, hledáte prostory pro event či oslavu narozenin? Jsme tu pro váš, my z Prague Foodie Experts! Vítejte ve světě skvělého jídla, přívětivého a srdečného týmu a jedinečných lokalit.",Czech Republic,0.629334,,,
Hospitality Marketing Asia,629334.0,"Czech Republic, Praha, Prague, 32 Narodni, 110 00",https://www.linkedin.com/company/hospitality-marketing-asia,www.asiamarketing.eu,"HMA provides services and consulting in online and traditional marketing within Asian markets. Unlock the Chinese market. An extensive knowledge of culture and language is an essential component to achieve your business goals in the Chinese market. Expand your reach through targeting Chinese travelers through their exclusive online marketing tools. Ensure your hotel is well positioned to take advantage of the rise in Chinese travelers. We have a solid understanding of the Chinese travel industry, and can bring you both visibility and conversions whilst improving satisfaction of your hotel guests.",Czech Republic,0.629334,,,
GASTRONOMY MUSEUM PRAGUE,629334.0,"Czech Republic, Praha, Prague",https://www.linkedin.com/company/gastronomy-museum-prague,www.muzeumgastronomie.cz,"Museum dedicated to history of food and drink preparation, conservation and consumption from early days of humanity till today. 3D reconstructions of historical kitchens, original illustrations are, together with texts in English and Czech language, are giving complete information on history of culinary arts. Famouse chefs from Apicius till Paul Bocuse are listed in the Hall of Fame.",Czech Republic,0.629334,,,
BusinessHeaven,629334.0,"Czech Republic, Praha, Prague, 1 Kongresová",https://www.linkedin.com/company/businessheaven,www.businessheaven.cz,"BusinessHeaven is a private owned company that offers superior and most representative meeting facilities including an unmatched variety of benefits and services such as fully serviced lounges with the most breathtaking view, Complimentary refreshments at the lounges for the member and up to 2 guests at a time, parking and valet parking, wireless internet access, Complimentary usage of the computers at the lounges, laundry service, concierge service, boardroom, spa facilities, restaurants, networking, discounted room rates, in-house car wash, private transport, babysitting, hairdresser, flower service and a lot more...",Czech Republic,0.629334,,,
MOOo Apartments,629334.0,"Czech Republic, Praha, Prague, 8 Jansky Vrsek, 110 00",https://www.linkedin.com/company/mooo-apartments,www.mooo-apartments.com,"The concept of our MOOo hotel apartments - MOOo Downtown and MOOo by the Castle, is to mix countryside hospitality with the urban way of living. We love the countryside for its relaxing, soul-nourishing, friendly and welcoming nature. We love the city for its urbanness, its vibrant energy, and for its plethora of things to experience. We love combining these two worlds to create an exceptional experience for everyone that passes through our door.",Czech Republic,0.629334,,,
The Centre Of Transformation,629334.0,Czech Republic,https://www.linkedin.com/company/the-centre-of-transformation,www.thepathsoftransformation.com,"The Centre of Transformation (former Tantra Centre) was born in a renovated mill near Blatna in the charming countryside of South Bohemia which is full of flower meadows, deep forests and sparkling lakes, about 90 km southwest of Prague. This quiet location, not affected by stress, frenetic civilization or tourism, is ideal for an uninterrupted experience of tantric, shamanic and bioenergy activities and also for resting and relaxing when not in teaching sessions.   Within the grounds, there is a lake where you can bath or take a romantic trip on a boat. There is a shamanic stone circle below the dam next to the creek which magically transfers you to the atmosphere of the birthplace of the owner of the Centre John Hawken - sacred Cornwall.  A variety of self-development and retreat courses run by international teachers take place at The Centre of Transformation, including the weekend and weekly courses of John Hawken himself. John Hawken is one of the first teachers of tantra in Europe (he has been teaching Tantra, Bioenergetics and Shamanism for over 40 years). The whole surroundings of The Centre of Transformation is magical, including the hill nearby with the remains of an ancient castle and a group of stones - a great place to experience the atmosphere of Czech Celtic sacred places as well as an ideal destination for relaxing walks, biking and meditation. The Centre of Transformation offers a wide variety of services and amenities to assure the guests satisfaction, both indoors and outdoors, such as charismatic mill room with the fireplace, relaxing greenhouse chill-out lounge, romantic Eagle's Nest, a spirit-lifting cafe, outdoor table tennis, joyful and stress-relieving trampoline, cheerful kids corner, uniquely designed old barn Pigeon House and free-spirited maringotka.   If you are interested in hiring the centre, please contact The Centre Manager Katarina Nemcova, tel.: +420 702 272 621 or email her at katarina@thepathsoftransformation.com.",Czech Republic,0.629334,,,
Grill Nor,629334.0,"Czech Republic, Královéhradecký, Trutnov, 509 Lípová, 541 01",https://www.linkedin.com/company/grillnor,www.grillnor.cz,"Zajišťujeme rozvoz obědů po Trutnově a blízkém okolí. Široký výběr a kvalitní obědy. Zajišťujeme také catering a občerstvení na firemní i domácí akce. Naší prioritou je spokojenost zákazníka a garance dobře zvládnutého řemesla, které má velmi dlouhou tradici. Provozovna Grillnor zahájila svou činnost 10. 11. 1997 od počátku se zaměřila na kvalitní stravování a rychlou obsluhu.",Czech Republic,0.629334,,,
Wine Travel In Czech,629334.0,Czech Republic,https://www.linkedin.com/company/winetravelinczech,www.winetravelinczech.cz,"Wine Travelin Czech is an agency that enables the discerning traveller, wine amateurs and epicuriens to go beyond touristic areas in Prague . We encourage him to discover untouched regions that have more to offer than museums, crowded sightseeings, busy streets and noisy restaurants through its Wine, Food & Heritage. Czech wines deserve indeed a much better reputation. Mostly fresh, crisp whites, along with some some deep, oaky ones, and lighter, fruity reds on top. Find out how Czech Republic is more than beer and Charles bridge !",Czech Republic,0.629334,,,
AWIS Global Systems S.r.o.,629334.0,"Czech Republic, South Moravian, Brno, 17 Gorkého",https://www.linkedin.com/company/awis-global-systems-s-r-o-,www.awisglobal.cz,"Jsme konzultanti a poradci v oblasti moderní gastronomie. Posouváme restaurace a gastronomické provozy na úroveň, na které se nacházely ve zlaté éře českého pohostinství za První republiky. Pro restaurace, kluby, bary, hotely, penziony a další podobná zařízení, pracujeme po celé České republice.  V oblasti poradenství se zaměřujeme na: Řešení kritických bodů - analýza Mystery shopping, eliminace zaměstnaneckých ztrát, ekonomika a optimalizace gastronomického provozu. Systematickou gastronomii -  zavádíme sofistikované informační systémy a systémy vzdělávání, které výrazně zefektivňují pracovní procesy personálu.  Efektivita a vzdělanost - analýza úrovně vzdělanosti a efektivity práce personálu, včetně školení a odborného vzdělávání. Mystery shopping - kvalitativní průzkum obsluhy, který měří kvalitu poskytovaných služeb a informovanost prodejce o produktech. Prozkoumáme, analyzujeme a navrhneme změny. Ekonomika provozu - optimalizace gastronomického provozu, eliminace zaměstnaneckých ztrát, snižování nákladů s cílem zvyšování tržeb a zisků. Vybavení provozu - poradenství při výběru moderní počítačové technologie (pokladní a kontrolní systémy, CRM & ERP, rezervační systémy, kamerové systémy a další), včetně odborného zavedení do provozu. Podpora prodeje - kompletní realizace zábavních akcí, prezentace produktů a služeb, ochutnávky, soutěže, módní přehlídky, klubové koncerty a další přitažlivá představení pro vaše potenciální zákazníky.",Czech Republic,0.629334,,,
Hotel OLDINN,629334.0,"Czech Republic, Jihočeský, Český Krumlov, 12 Náměstí Svornosti, 381 01",https://www.linkedin.com/company/hotel-oldinn,www.hoteloldinn.cz,"Feel the atmosphere of this city together with us, explore and start writing your own story.",Czech Republic,0.629334,,,
Poets Corner Hostel,629334.0,"Czech Republic, Olomoucký, Olomouc, 1 Sokolska, 77900",https://www.linkedin.com/company/poets-corner-hostel,www.poetscornerhostel.com,"Poets’ Corner Hostel is a traditional backpackers hostel in a unique, homely apartment located in the wonderful little city of Olomouc. Our hostel is very much ‘home away from home style, and we have no formal reception area! Our check-in desk is usually the common room table, kitchen table or even the balcony in summer. The hostel features a lovely, warm and eclectic mix of comfy retro furniture with armchairs you can sink into, oriental carpets, warm colours and uniquely decorated rooms. Our private rooms are spacious and have loads of character with antique furnishings. The common room is the ‘heart’ of the hostel and creates a wonderful atmosphere perfect for making new friends with your fellow travellers or to relax in whilst reading or listening to music. There is a balcony with a stunning view of St Wenceslas Cathedral and the hills beyond, including the magnificent Basilica on ‘Holy Hill’. As well as that, the hostel features two fully-equipped kitchens (on separate floors), perfect for cooking up a feast. Free tea and coffee is also always available.",Czech Republic,0.629334,,,
Salatinos,629334.0,Czech Republic,https://www.linkedin.com/company/salatinos,www.salatinos.cz,"Jsme salaterie, která nehledí doleva ani doprava a jde vpřed za cílem přinést svým zákazníkům zdravou stravu spojenou s gastronomickým zážitkem. Naše jídlo chutná ještě lépe, než vypadá.",Czech Republic,0.629334,,,
Seven Keys,578944.0,"Czech Republic, Praha, Prague, 10 Soukenická, 11000",https://www.linkedin.com/company/seven-keys,www.sevenkeys.cz,"Seven keys is a company servicing around the Airbnb ecosystem and collaborative economy. Seven keys provides an End2End integrated short-term rental management service, from consulting how to start-up a new apartment or investment, through taking care of the apartment management in Airbnb, cleaning, fresh linens, check-in, to guest support and travel experience: -	We create and manage your apartment listing on Airbnb, including pricing strategies, updating information and overall communication with your guests. -	We manage professional cleaning and fresh linens and towels between guest’s stays, making your place sparkling clean and welcoming for your clients. -	We provide smooth key exchange for your guests, either via personal check-in or key pick-up at our central location. -	We offer 24/7 guest support, resolving urgent issues that might occur during the stay, as well as maintenance management. COMPANY PURPOSE: Pillar 1: Ultimate Guest Experience Host people from everywhere and make our best to make them feel like at home contributing to an unforgettable travel experience.  “Clients’ happiness and comfort are our priorities” Pillar 2: High Quality Apartments We select the apartments we want to manage, choosing only the ones we believe are worth for this type of business and we feel committed with.  “Less and better is best. Location, interior design and guest experience are the key for success” Pillar 3: Commitment with our Stakeholders Use our know-how and expertise on short-term rental services to maximize profit for our clients, the property owners. Strive for excellence through an active market monitoring, pricing strategy and guest experience. “We manage every apartment as if it was our own apartment”  COMPANY DREAM: “Be the best short-term rental Service Company, offering the highest quality apartments in the cleanest standards for an ultimate guest experience”",Czech Republic,0.578944,,,
Hotel Trevi,457837.0,"Czech Republic, Praha, Prague",https://www.linkedin.com/company/hotel-trevi,www.praguehoteltrevi.com,"Welcome to Hotel Trevi Hotel Trevi offers 27 spacious and comfortable modern rooms spread across 5 floors, all accessible by lift. The hotel is situated in a newly renovated building in the residential district of Vinohrady in Prague 2. The hotel is an ideal choice for those who are looking for affordable accommodation near but not in the immediate center of the city. The price includes breakfast, wireless internet connection or a pet. Unfortunately the hotel has not its own parking, but on request we can reserve paid parking at a distance of 150 m or information about other alternatives. Reception is open round the clock. We will be pleased you to become our guests.",Czech Republic,0.457837,,,
Nebespan Café & Apartments,416448.0,"Czech Republic, Kasperke Hory, 7 Namesti",https://www.linkedin.com/company/nebespan-caf-&-apartments,www.nebespan.cz,"Nice café, bed & breakfast rooms and comfortable 4* apartments in Sumava mountains national park. Nebespan is based in 100 years old building, completely renovated,  just on the square of a small historical town of Kasperske Hory [150 km south of Prague].  We are providing many services: very good coffee shop and restaurant, nice kids centre with different programs for kids, bike and e-bike rentals, guided trips etc. Different types of accommodations: BB rooms, 4* apartments and luxury wooden cottages.",Czech Republic,0.416448,,,
Vinyl Bar Prague,413874.0,"Czech Republic, Praha, Prague, 110 00",https://www.linkedin.com/company/vinyl-bar-prague,www.vinylbar.cz,"We can organize your event and offer you tailor-made support for your B-day party, Corporate event, Release party, Fashion event, art exhibition or any kind of event you have in mind. Our customized services will meet your needs and fit your budget. We can facilitate comfortable 150 persons in our bar and another 150 persons in our underground premises. We offer a wide range of catering services with different varieties of cold and warm buffets inclusive delicious finger food and a wide ranging assortment of Czech, Mediterranean and/or Asian food for your event. We offer a wide range of catering services with different varieties of cold and warm buffets inclusive delicious finger food and a wide ranging assortment of Czech, Mediterranean and/or Asian food for your event. We will be happy to help you to organize your event and feel free to contacts us anytime on + 420 603 421 203 or kiro.tomoski@ppmp.cz",Czech Republic,0.413874,,,
Golf & Ski Resort Ostravice,400050.0,"Czech Republic, Ostravice Ostravice, 73914",https://www.linkedin.com/company/golf-ostravice,www.ostravice-golf.cz,"Golf & Ski Resort Ostravice je zcela výjimečný sportovní areál na úpatí Beskyd. Mezi Lysou Horou a Smrkem se nachází vše co můžete potřebovat.  Přímo v resortu najdete:  -  **** hotel s kapacitou až 80 osob - vyhlášené mistrovské golfové hřiště - cvičné plochy - špičkovou restauraci - konferenční prostory - wellness - zimní osvětlené běžecké tratě V okolí najdete také: - ideální podmínky pro turistiku a cyklo-turistiku - lyžařské sjezdové tratě - překrásnou přírodu Celý resort spravuje společnost Ostravice Sport a.s. a na jejím běhu se podílí tým více, než 40 nadšených zaměstnanců, kteří jsou připraveni poskytovat ty nejkvalitnější služby. Golfové hřiště Golf Club Ostravice, projektované Chrisem Johnsonem, který již projektoval řadu hřišť v Evropě a Africe, má délku 6500 metrů. Jedná se o mistrovské osmnáctijamkové golfové hřiště s parem 72, typu parkland. Prvních pět jamek je velmi otevřených a hned tři z nich se hrají kolem vody, která je často strategicky umístěna a otestuje i psychické kvality golfistů. V dalších jamkách hřiště víc uzavírá nádherných zákoutí listnatých lesů, které vám dají požitek nejen ze hry, ale i z krás okolní krajiny. Zázemí areálu představuje golfový klub s restaurací Panorama a hotel GREEN INN pro možnost ubytování přímo na golfovém hřišti. Budova Driving range poskytuje třináct krytých odpališť a přímo navazuje na prostory golfového klubu. Spolu s golfovým areálem vznikl rovněž kompletně osvětlený běžecký areál, jehož cílem je poskytovat kvalitní tréninkové podmínky pro příznivce běžeckého lyžování. V místech, kde se od jara do podzimu trénuje golf najdete mechanicky upravenou běžeckou trať v délce cca 2 km a šířce 7,5 m.  Golf Club Ostravice otevřel ve svém resortu nový hotel Green Inn Hotel, který je ideálně umístěn v regionu pěti 18jamkových golfových hřišť - European Tour Region. Hotel je umístěn v srdci resortu a poskytuje fascinující výhledy na beskydské údolí.",Czech Republic,0.40005,,,
S-centrum Benešov,289580.0,"Czech Republic, Central Bohemia, Benešov, 2215 U Vodárny",https://www.linkedin.com/company/s-centrum-benešov,www.scentrum.eu,"Sportovně relaxační hotelový komplex v klidné části Benešova je ideálním zařízením nejen pro aktivní, ale také pro příjemné a zdraví prospěšné trávení volného času ve společnosti přátel, obchodních partnerů, nebo svých nejbližších. Je rovněž zařízením, které poskytuje nadstandardní možnosti pro pořádání firemních či klubových akcí. Chloubou jsou sportoviště s moderními kvalitními povrchy. V tenisové hale můžete hrát kromě tenisu badminton, volejbal i nohejbal. Pod nafukovací halou je fotbalový umělý trávník čtvrté generace. V prostorách budovy se pak nacházejí sály na aerobik, spinning a kardio-posilovna. Můžete zde relaxovat ve finské i parní sauně se solnou tryskou, uvolnit se ve vířivce nebo si dopřát různé druhy masáže od sportovní, přes reflexní až po klasickou. Součástí areálu je několik konferenčních místností s různou kapacitou, hotel s příjemnými čistými pokoji, bowling s 6-ti drahami Brunswick a Grosso restaurant s výbornou převážně italskou kuchyní, výrobou domácích těstovin a prostornou terasou. V neposlední řadě u nás najdete osobní přístup a přátelskou atmosféru.",Czech Republic,0.28958,,,
RobosizeME - Process Automation In Hospitality,284880.0,"Czech Republic, Olomoucký, Olomouc, 459/11 28.rijna, 77900",https://www.linkedin.com/company/robosize-me,www.robosize.me,"RobosizeME is a leading provider of AI-enabled process automation (IPA/RPA) solutions tailored to the global hotel industry. By combining digital workers with deep expertise in hotel APIs, RobosizeME streamlines distribution, finance, reservations, and revenue management workflows for global hospitality groups, helping them operate with greater accuracy and efficiency.  Backed by advanced security certifications (ISO 27001, GDPR, PCI-DSS), RobosizeME’s industry-specific automation solutions ensure the highest levels of scalability, data protection, sovereignty, and compliance.  Trusted by renowned hotel companies such as Design Hotels, Dorchester Collection, GHA, Kempinski, Loews Hotels, Louvre Hotels, Radisson, and more, RobosizeME continues to set the standard for secure, specialized automation in the hospitality sector.  For more information, visit www.robosize.me.",Czech Republic,0.28488,,,
Lomnice Hotel & Restaurant,130683.0,"Czech Republic, Špindlerův Mlýn, 125 Svatopetrská",https://www.linkedin.com/company/hotellomnice&restaurantapetit,www.hotellomnice.cz,"Hotel Lomnice se nachází v samém centru Špindlerova Mlýna v nejznámějším a nejlepším horském střediskem v České Republice . Je umístěn 400 m od sedačkové lanovky ve Svatém Petru. Svoji polohou je ideální jak pro zimní dovolené na lyžích, tak i pro turistické a cyklistické výlety.  Hotelová restaurace Apetit nabízí nevšední gurmánský zážitek. Možnost nahlédnout kuchařům pod pokličku máte právě v naší open kitchen.",Czech Republic,0.130683,,,
ART VIKO,125838.0,"Czech Republic, Praha, Prague",https://www.linkedin.com/company/art-viko-s-r-o,artviko.cz,"Naše společnost ART VIKO je mladá a progresivní nejen ve velikosti a tržním podílu, ale také v nabídce a hlavně kvalitě služeb  Naší misí je přispívat k úspěchu našich partnerů poskytováním spolehlivých, kvalitních a rychlých služeb. Naší vášní jsou nadšení hosté hotelů, restaurací i společenských akcí, o které se s radostí a s úsměvem staráme. Díky individuálnímu přístupu ke každému klientovi a každé zakázce se nám daří být u vzniku unikátních projektů a být oporou dlouhodobých partnerství založených na důvěře, kvalitě a flexibilitě.  Zásluhou nepřetržitého nasazení jsme schopni odpovídat stále rostoucímu objemu zakázek. Hledíme do budoucnosti, a proto si dáváme záležet na tom, aby výsledky naší práce odpovídaly neustále se zvyšujícím standardům.",Czech Republic,0.125838,,,
Locus Workspace,117215.0,"Czech Republic, Praha, Prague, 857/45 Slezská",https://www.linkedin.com/company/locus-workspace,en.locusworkspace.cz,"Locus Workspace is a beautiful English-language coworking space (shared office, meeting, and event space) created to help freelancers, remote workers, digital nomads and other location-independent professionals work more effectively, professionally, and enjoyably. It's a five-minute walk from the Jiřího z Poděbrad Metro in the heart of Vinohrady. With members from more than 20 countries and English-language events to promote productivity, knowledge & expertise sharing, and a sense of community, you'll WORK BETTER at Locus.",Czech Republic,0.117215,,,
Butler Ubytování V Soukromí,115832.0,"Czech Republic, Lednice, 668 Cihlářská, 691 44",https://www.linkedin.com/company/butler-ubytování-v-soukromí,www.butler-ubytovani-lednice.cz,"Nick and Jana Butler run their self-catering guest house in the centre of Lednice in South Moravia, Czech Republic. We offer comfortable, modern air-conditioned rooms. From here you can see all the history and chateaux in the surrounding area, sample all the great wines in the many wine cellars dotted around, or maybe explore the beautiful countryside by car, foot or bike. Our guest house is a great place to be based!",Czech Republic,0.115832,,,
Hotel Lony,49606.0,"Czech Republic, Mochov, 250 87",https://www.linkedin.com/company/hotellony,www.lony.cz,"Hotel LONY nabízí 32 pokojů, tj. celkem 77 lůžek, rozdělených převážně do dvou a třílůžkových pokojů. Hotel disponuje pokoji standard, ale také několika apartmány s vlastním kuchyňským koutem a apartmánem s privátní saunou a whirlpool. V celém areálu hotelu je možné se připojit k internetu pomocí WIFI zdarma. Všechny pokoje jsou nekuřácké. K hotelu náleží dostatečná kapacita parkovacích míst, která jsou pro naše hosty také zdarma. Ceny ubytování vám rádi poskytneme na vyžádání na recepci hotelu.",Czech Republic,0.049606,,,
AZ HOSPITALITY SOLUTIONS,33057.0,"Czech Republic, Praha, Prague, 24 Rybna, 110 00",https://www.linkedin.com/company/az-hospitality-solutions,www.azhospitalitysolutions.cz,"Hospitality Consulting , Project Management, Crisis Management, Audits,Mystery Shopping , Recruitment+HR,Trainings/Courses,Haccp, Cashier Systems,Hospitality Photo Shooting,Translations, Hospitality Estate Agency - sales ,rent",Czech Republic,0.033057,,,
RevPAR S.r.o.,19958.0,"Czech Republic, Praha, Prague, 322 Brandejsova, 164 00",https://www.linkedin.com/company/revpar,www.revpar.cz,"RevPAR Ltd. presents hoteliers a fresh approach for harnessing innovative offerings in the hotel technology industry. Delivering latest trends and unique ideas including startup hotel technology ensures hoteliers new effective ways to rebalance OTA´s business. Our mission of  providing “outside of the box"" thinking and consulting brings new inspiration to hotel decision makers in how to support their own direct hotel business, improve achieved results and re-establish a healthy source of business. With 21 years experience in hospitality we understand the hotelier’s requirements in supporting daily tasks and strategic visions.",Czech Republic,0.019958,,,
PizzaKing,15769.0,"Czech Republic, Moravskoslezský, Ostrava, 749 Švédská, 71200",https://www.linkedin.com/company/pizzaking,www.pizzaking.cz,Baví nás pizza a moderní technologie. Tato kombinace nás neustále posouvá kupředu.,Czech Republic,0.015769,,,
