Name,Revenue,HQ Location,LinkedIn URL,Website,Company description,Country,Revenue_M,Main Broker,Main Insurer,Hubspot
Iberia,9755192002.0,"Spain, Madrid, Madrid",https://www.linkedin.com/company/iberia,www.iberia.com,"Iberia is Spain's leading airline, renowned for its extensive domestic and international flight services. The company is committed to enhancing air travel through innovative solutions, including the integration of cloud technology and artificial intelligence to improve customer experience. With a mission to achieve annual profitability between 13.5% and 15% by 2030, Iberia is investing €6 billion in its strategic flight plan, which aims to adapt to evolving market demands and customer needs. The airline serves a diverse clientele, including business travelers and leisure passengers, and has established partnerships with various organizations, such as the National Transplant Organization, to facilitate critical services like organ transport. Iberia's target market encompasses both individual travelers and corporate clients, with tailored offerings like the Iberia Club loyalty program and specialized air shuttle services between major cities.",Spain,9755.192002,,,
Iberia Express,1075099746.0,"Spain, Madrid, Madrid",https://www.linkedin.com/company/iberia-express,www.iberiaexpress.com,"Iberia Express is a low-cost airline that operates as a subsidiary of Iberia, focusing on providing affordable air travel options primarily within Europe and to select destinations in North Africa. The company aims to deliver a seamless travel experience, emphasizing punctuality and customer satisfaction, as evidenced by its recognition as the most punctual low-cost airline for five consecutive years. Iberia Express caters to a diverse clientele, including leisure travelers and business professionals, and partners with various travel platforms to enhance its service offerings. The airline's mission is to make air travel accessible and enjoyable, while its vision includes leveraging digital transformation to improve customer engagement and streamline operations. With features like the Club Express Onboard, Iberia Express enhances the in-flight experience by providing entertainment options and exclusive discounts for its members.",Spain,1075.099746,,,
TUI Spain,22125254.0,"Spain, Madrid, Madrid",https://www.linkedin.com/company/tui-spain,www.tui.com,"TUI Spain is a leading travel and tourism company that specializes in providing a comprehensive array of holiday packages, including flights, accommodations, and tours to various destinations worldwide. The company is dedicated to creating memorable travel experiences for its clients, with a mission to deliver exceptional customer service and innovative travel solutions. TUI Spain offers a wide range of services designed to cater to the diverse needs of its clientele, which includes families, couples, and solo travelers.  By collaborating with numerous partners in the hospitality and transportation sectors, TUI Spain enhances its offerings, ensuring that clients enjoy seamless and enjoyable vacations. The company places a strong emphasis on customer satisfaction and sustainable tourism, striving to be a trusted choice for travelers seeking both adventure and relaxation in popular destinations. TUI Spain's target market primarily consists of Spanish-speaking travelers who are looking for leisure and adventure in their holiday plans.  With a commitment to creating unforgettable memories, TUI Spain continues to innovate and adapt its services to meet the evolving needs of its clients, making it a prominent player in the travel industry. The company’s vision is to be recognized as a leader in providing personalized travel experiences that resonate with the desires and expectations of modern travelers.",Spain,22.125254,,,
Volotea,833845250.0,"Spain, Catalonia, Barcelona",https://www.linkedin.com/company/volotea,www.volotea.com,"Volotea is a low-cost airline that specializes in connecting medium-sized European cities, offering affordable flights to a variety of destinations. The company aims to provide travelers with the best price guarantee while ensuring a convenient and enjoyable flying experience. Volotea's mission is to make air travel accessible to a broader audience, focusing on customer satisfaction through flexible booking options and a range of services, including their Combo packages that bundle various travel amenities at reduced rates. The airline primarily serves leisure travelers looking for budget-friendly options to explore popular European destinations, and it partners with local tourism boards to promote regional travel. With a commitment to operational efficiency and customer service, Volotea continues to expand its network, catering to a diverse clientele eager to discover new places.",Spain,833.84525,,,
Vueling Airlines,6086080000.0,"Spain, Catalonia, Viladecans, 83 Carrer De Catalunya, 08840",https://www.linkedin.com/company/vueling-airlines,www.vueling.com,"Vueling, part of IAG and celebrating its 20th anniversary in 2024, is one of the main low-cost airlines in Europe and a key carrier in Spain.  It is the leading airline operating from its main base at Barcelona-El Prat, as well as in other important markets in Spain, such as Bilbao. It is also the leading airline between mainland Spain and the Balearic and Canary Islands. Internationally, it is working to strengthen its presence in major hubs such as London-Gatwick, Paris-Orly, Amsterdam, Florence and Rome.  With more than 4,600 employees, Vueling is the first airline in Europe to be certified as a Top Employer.  Mission: We love connecting people and places, creating value for our shareholders, employees, customers, and society while building a sustainable future. Vision: Together we will be the leading LCC in all the markets we choose to serve by unlocking our full potential through Vueling Transform.",Spain,6086.08,,,
Air Europa Express,130901472.0,"Spain, Balearic Islands, Llucmajor",https://www.linkedin.com/company/air-europa-express,www.aeronova.eu,Compañía fundada en Valencia en el año 1996 bajo el nombre de Aeronova SLU. En 2015 se incorpora al grupo empresarial Globalia operando rutas de corto y medio radio bajo la denominación comercial de Air Europa Express.,Spain,130.901472,,,
KLN Iberia,28769512.0,"Spain, Madrid, Madrid",https://www.linkedin.com/company/klniberia,www.kln.com,"We offer a broad range of supply chain solutions from integrated logistics, international freight forwarding (air, ocean, road, rail), industrial projects and customs solutions for all types of sectors and industries.  Coverage throughout the Iberian Peninsula, with 6 offices in Madrid, Barcelona, Valencia, Alicante, Oporto and Lisboa, and an extensive global network.",Spain,28.769512,,,
BINTER CANARIAS,1691859400.0,"Spain, Canary Islands, Las Palmas De Gran Canaria",https://www.linkedin.com/company/binter-canarias,www.bintercanarias.com,"Binter Canarias is a regional airline that commenced operations on March 26, 1989, focusing on providing air connectivity between the islands of the Canary archipelago. With a commitment to sustainability and customer satisfaction, Binter aims to connect emotions and enhance travel experiences for its passengers. The airline has established itself as a vital link for both residents and visitors, offering direct flights to various destinations, including a notable route between Santander and the Canary Islands, which has seen significant growth in passenger numbers. Binter's mission revolves around delivering exceptional service while fostering a sustainable future, making it a preferred choice for travelers in the region. The company collaborates with various partners to ensure seamless travel experiences and caters to a diverse clientele, including tourists and local residents seeking reliable air travel options.",Spain,1691.8594,,,
World2Fly,386051554.0,"Spain, Madrid, Madrid",https://www.linkedin.com/company/world2fly,www.w2fly.es,"World2Fly is a dynamic airline specializing in providing affordable flights to popular Caribbean destinations, including Punta Cana and Havana. With a mission to enhance the travel experience, the company focuses on comfort, entertainment, and customer service, ensuring that every journey is enjoyable and memorable. World2Fly aims to connect travelers with the rich cultural and natural beauty of the Caribbean, offering a range of onboard entertainment options and personalized services. The airline caters to a diverse clientele, including solo travelers, families, and those celebrating special occasions, such as birthdays in-flight. Partnering with various travel agencies, World2Fly is committed to making travel accessible and sustainable, while promoting the unique experiences that the Caribbean has to offer.",Spain,386.051554,,,
Wamos Air,234647691.0,"Spain, Madrid, Madrid",https://www.linkedin.com/company/wamos-air,www.wamosair.com,"Wamos Air, S.A. is a dedicated airline company based in Spain, specializing in charter flights for a variety of operators, including airlines, travel agencies, and businesses. Operating under the brand name Wamos Air, the company is committed to providing reliable air transport services while adhering to international regulations, such as the Montreal Convention. Wamos Air's mission is to ensure safe and efficient travel for its passengers, and its vision emphasizes a commitment to quality service and operational excellence. The airline primarily serves clients who book flights through partner airlines and travel agencies, catering to a diverse market that includes both leisure travelers and corporate clients. By maintaining strong partnerships with various operators, Wamos Air aims to enhance its service offerings and expand its reach within the aviation industry. The company provides air transportation services for both passengers and cargo, ensuring high-quality travel experiences while prioritizing safety and compliance with aviation regulations. Wamos Air is dedicated to meeting the diverse travel needs of its clientele, which includes tour operators, travel agencies, and corporate clients. The airline's focus on operational excellence and customer care positions it as a leading choice for chartered air travel in Europe and beyond. Through its commitment to seamless service delivery and customer satisfaction, Wamos Air continues to strengthen its presence in the competitive aviation market.",Spain,234.647691,,,
Plus Ultra Líneas Aéreas,205042556.0,"Spain, Madrid, Madrid",https://www.linkedin.com/company/plus-ultra-l-neas-a-reas,www.plusultra.com,"Plus Ultra Líneas Aéreas is an airline dedicated to providing quality air travel services, connecting various destinations with a focus on customer satisfaction. The company aims to foster strong connections among travelers, offering a range of services including flight bookings, hotel reservations, car rentals, and excursions. Plus Ultra's mission is to enhance the travel experience by ensuring convenience and reliability for its clients. The airline caters to a diverse clientele, including leisure travelers and business professionals, and partners with various service providers to offer comprehensive travel solutions. With a commitment to excellence, Plus Ultra Líneas Aéreas strives to be a preferred choice for those seeking seamless travel experiences.",Spain,205.042556,,,
LEVEL Airlines,192256750.0,"Spain, Catalonia, Barcelona",https://www.linkedin.com/company/flywithlevel,flylvl.co,"LEVEL is International Airlines Group's low cost airline brand that took to the skies in June 2017. Operating A330 aircraft between Barcelona and New York, Boston, Los Angeles, San Francisco, Santiago de Chile, Buenos Aires and Miami.  LEVEL brings a stylish and modern approach to flying at prices that are even more affordable. LEVEL is IAG's sixth main airline brand alongside Aer Lingus, British Airways, Iberia, Iberia Express, and Vueling.",Spain,192.25675,,,
Spanair,184394862.0,"Spain, Catalonia, L'hospitalet De Llobregat",https://www.linkedin.com/company/spanair,,"Spanair S.A. operates as an airline company in Spain. It offers daily flights to various destinations. The company operates a fleet of aircrafts. Spanair was founded in 1986 and is based in Palma De Mallorca. The company’s priorities are to offer the best levels of safety, punctuality, comfort and excellence in service. With 327 daily flights (42 charter and 285 scheduled), a fleet comprising 58 aircraft and 3,524 employees, Spanair is a dynamic company that relies on experience and constant growth.",Spain,184.394862,,,
HLA | Hispano-Lusitana De Aviación,96897402.0,"Spain, Madrid, Madrid",https://www.linkedin.com/company/hla-hispano-lusitana-de-aviación,www.h-la.es,,Spain,96.897402,,,
ESSP SAS,65547093.0,"Spain, Torrejón De, 28850",https://www.linkedin.com/company/essp-sas,www.essp-sas.eu,"ESSP SAS, established in 2009, is a dynamic pan-European service provider specializing in safety-critical services certified by the European Union Aviation Safety Agency (EASA). The company’s mission focuses on operating and delivering Communication, Navigation, and Surveillance (CNS) services, with a primary emphasis on the European Geostationary Navigation Overlay Service (EGNOS) on behalf of the European Agency for Space (EUSPA). ESSP serves a diverse clientele within the aviation and space sectors, collaborating with various partners to enhance air traffic management and navigation systems across Europe. The company is dedicated to fostering cultural diversity, gender equality, and the inclusion of disabled workers, reflecting its commitment to social responsibility and community engagement. With a strong emphasis on innovation and system engineering, ESSP is poised to contribute significantly to the advancement of space-based services in the aviation industry.",Spain,65.547093,,,
SERPISTA SA,52864056.0,"Spain, Madrid, Madrid",https://www.linkedin.com/company/serpista-sa,serpista.com,"SERPISTA SA is an airlines/aviation company based out of CALLE CARDENAL MARCELO SPÍNOLA, 10, MADRID, Madrid, Spain.",Spain,52.864056,,,
Aeria Aviación Y Turismo,33837000.0,"Spain, Balearic Islands, Marratxí, 11 Cami De Cas Capellers, 07141",https://www.linkedin.com/company/aeria-aviacion-y-turismo-slu,www.aeriabae.es,"Air charter management for tour operation, groups, events, ACMI. Aeronautical and tourist consultancy. Service provider associated with commercial aviation and tourism companies.",Spain,33.837,,,
GENAIR SPAIN,32299134.0,"Spain, Madrid, Madrid",https://www.linkedin.com/company/genair-spain,ecsgroup.aero,"ECS Group es el líder mundial en el negocio de GSSA y presta servicios a aerolíneas. Representando a cientos de empresas en más de 48 países a través de sus 171 oficinas, el grupo ECS sabe que puede contar con sus 1114 empleados en todo el mundo para ofrecer un servicio de alta calidad adaptado a cada uno de sus socios. Gracias a esta red cada vez mayor, el Grupo ECS ha transportado este año más de 1.400.000 toneladas en nombre de las aerolíneas que representa y de esta manera contribuye a su crecimiento y desarrollo en el escenario internacional, en el sector de carga aérea. ECS Group ha recibido muchos premios de sus pares y es el socio favorito y el favorito de GSSA en la industria de carga. Para obtener más detalles, visite el sitio web del Grupo ECS: www.ecsgroup.aero",Spain,32.299134,,,
STAR UC3M,31978688.0,"Spain, Madrid, Madrid, 30 Avenida De La Universidad, 28911",https://www.linkedin.com/company/star-uc3m,www.staruc3m.com,"STAR UC3M is one of the only student rocketry teams in Spain. Founded in 2018, we are working hard towards becoming a major player in the European rocketry scene. Pushing the limits on what is possible at this scale is our specialty.",Spain,31.978688,,,
Faasa Aviación S.A.,30208032.0,"Spain, Andalusia, Palma Del Río, Km 4,5 Ctra. Fuente Palmera, 14700",https://www.linkedin.com/company/faasa-aviación-s.a.,faasa.org,"Faasa Aviación, S.A. is an airlines/aviation company based out of AERÓDROMO SEBASTIÁN ALMAGRO, CTRA. FUENTE PALMERA KM 4,5, APTDO. DE CORREOS, 45, PALMA DEL RÍO, Spain.",Spain,30.208032,,,
EGILE,28364642.0,"Spain, Gipuzkoa, Mendaro, 20850",https://www.linkedin.com/company/egile,www.egile.es,"“Egile” in Basque means “a doer or a creator”. And that is the Mission of the Egile Group, namely, to enable and create business opportunities in the field of high precision mechanics, our technological and business specialisation. Egile therefore acts as a platform for intrapreneurship activities and the generation of new companies. We are a Technology-Based Enterprise Corporation that develops Products, Services and High Value Solutions for its Customers based on High Precision Mechanics as our core competence. We have established our operations through different companies with one common denominator-they are leaders in their field, standing out for strategic orientation, management and the promotion of Opportunities, continuously evolving with a focus on improvement and a search for Products and services based on Knowledge. Our extensive team that is the foundation of our Corporation is dedicated to achieving this, as well as capturing, generating and promoting this type of knowledge. EGILE Innovative Solutions’ R & D unit supports the different companies from the Corporation in the development of new products or processes and develops tailor-made solutions for our customers.",Spain,28.364642,,,
Immfly,26083844.0,"Spain, Catalonia, Barcelona",https://www.linkedin.com/company/immfly,immfly.com,"Immfly is a global leader in digital onboard solutions, dedicated to transforming the passenger experience through seamless connectivity, retail, and entertainment. Founded in 2013 and headquartered in Barcelona, Spain, we partner with over 50 airlines across Europe, Latin America, North America, and Asia Pacific—ensuring travelers remain connected and engaged throughout their journey. With technology deployed on more than 2,500 aircraft and reaching over 400 million passengers annually, our flexible, modular solutions are designed to meet the unique needs of full-service, low-cost, and regional carriers, empowering airlines to deliver superior digital services from takeoff to landing.",Spain,26.083844,,,
AeroAvance S.L.,25866667.0,"Spain, Andalusia, Puerto Real, Nº 26 C/ Francia, 11510",https://www.linkedin.com/company/aeroavance-sl,www.aeroavance.com,"AeroAvance S.L., es una empresa cuyas operaciones relacionadas con el sector Aeronáutico-Aeroespacial, se basa en el corte, mecanizado, conformado y diversas operaciones auxiliares de piezas avionables y utillaje aeronáutico. Para ello dispone de diferentes tecnologías como recanteadoras, fresadoras, centros de mecanizado, corte por chorro por agua, plegadoras, prensa de elastoconformado y diversas máquinas auxiliares con las que realizar los diferentes procesos de fabricación. Nuestro know-how se enfoca en la chapistería aeronáutica siendo este nuestro CORE, teniendo la capacidad de gestionar integralmente la fabricación de elementales aeronáuticas.",Spain,25.866667,,,
GroupEAD Europe S.L.,25555019.0,"Spain, Madrid, San Fernando De Henares, 2 Avenida De Castilla, 28830",https://www.linkedin.com/company/groupead-europe-s-l-,www.groupead.com,"GroupEAD Europe S.L. - we are an Aeronautical Information Service Provider What is our mission? Our mission is to serve our customers by maintaining aeronautical data in a correct, accurate, timely and verified way and assuring that derived products or services are consistent. Our know-how and our procedures allow us to comply with this daily challenge in a highly efficient way. We are working 24 hrs and 365 days for solutions to the problems of our clients.  What is our focus? The world is a global village. Neither our customers nor we ourselves know borders. We are processing worldwide aeronautical information. We have staff members from 14 different countries with the background of 16 different Service Providers.  What GroupEAD can do for you? We offer a wide range of Training Services in the field of AIM. This includes NOTAM, AIP, Charts, PIB, etc. Our trainers and partners are operational experts bringing added value to every course we deliver. We were founded in April 2001 by Aeropuertos Españoles y Navegación Aérea (today ENAIRE) DFS Deutsche Flugsicherung GmbH and Frequentis AG. The aim was to answer a call for tender launched by EUROCONTROL to provide the European AIS Database (EAD) – Services. Today GroupEAD Europe S.L. is providing a range of services in the context of the Aeronautical Information Management with a great record and experience.",Spain,25.555019,,,
Precision Casting Bilbao S.A.U.,22656024.0,"Spain, Basque Country, Barakaldo",https://www.linkedin.com/company/precicast-bilbao-sa,www.pcb.es,"PCB es una empresa innovadora de proyección internacional, ubicada en el Pais Vasco (España), dedicada a la producción de superaleaciones especiales mediante el proceso de fundición de precisión a la cera perdida. PCB provee soluciones en productos de microfusión adecuados a las necesidades de empresas suministradoras de turbinas de gas e industriales",Spain,22.656024,,,
AVISLAND,19316319.0,"Spain, Balearic Islands, Palma, 07121",https://www.linkedin.com/company/aviation-island-sl,www.avisland.es,"Aviation Island is born to incorporate leading IT tools for the aircraft airworthiness management. Founded in February 2013 by a group of 4 aeronautical engineers with more than 65 years combined experience in commercial aviation, Aviation Island seeks to incorporate latest technologies into day to day aircraft management. We have our main office located in Palma de Mallorca, Spain. With a broad international experience we are focused on the global scale of the business being able to attend our customer requests. Aviation Island is an EASA approved Continuous Airworthiness Management Organization (CAMO ES CAMO.020).  Our goal is to maximize customer satisfaction on every single deliverable. Data policy:  www.avisland.es/data/",Spain,19.316319,,,
ASOCIACIÓN DE ESTUDIANTES DE AERONÁUTICA Y ESPACIO - AEAE,18250686.0,"Spain, Madrid, Madrid, 1 Y 2 Plz. Cardenal Cisneros, 28040",https://www.linkedin.com/company/aeae,aeroespaciales.org,"AEAE es el acrónimo de la Asociación de Estudiantes de Aeronáutica y Espacio. Es una asociación sin ánimo de lucro de estudiantes españoles de todas las facultades que imparten las titulaciones relacionadas con el ámbito aeronáutico y espacial. Aunque no seamos tantas facultades ni estudiantes como en otros ámbitos, seguimos necesitando la ayudas de los compañeros de todo el país para que nuestros estudios sean cada día mejores. Es por ello que surge en el año 2009, durante el I Encuentro Intersectorial de Representantes Universitarios, la iniciativa de crear una asociación para los estudiantes aeroespaciales y, después de más de 25 Congresos, continuamos nuestra actividad.",Spain,18.250686,,,
Summerwind GSA,16534963.0,"Spain, Madrid, Madrid, 46 Edificio 4 Calle De José Antonio Fernández Ordóñez, 28055",https://www.linkedin.com/company/summerwindgsa,swgsa.com,"With more than 32 years of experience, dedicated to the airlines representation, Summerwind was established to give an answer to the market needs. We offer a customized quality service aimed at adapting to the needs of our customers, enabling them to grow as we mutually benefit in working together for the long term. --- Summerwind es la empresa de representaciones aéreas más importante y con mayor evolución en España, Europa y Latinoamérica. Hemos apostado por ofrecer a nuestras compañías aéreas representadas un servicio personalizado, enfocados en su crecimiento y en la búsqueda de mejoras en todas las áreas en las que nos responsabilizamos. Más de 20 compañías confían en nosotros designándonos su GSA. Summerwind es el socio estratégico de la compañía aérea en el territorio donde la representa. Invertimos con ellos buscando una relación muy a largo plazo, beneficiosa para ambas partes. Nuestro portfolio/Our portfolio: SINGAPORE AIRLINES  BINTER CANARIAS  UZBEKISTÁN AIRWAYS SKYUP AIRLINES IBEROJET VIVA AEROBUS OMAN AIR MIDDLE EAST AIRLINES (MEA) CM AIRLINES TAAG ANGOLA  TAG AIRLINES  SANSA PARANAIR  UEP! FLY LASER AIRLINES",Spain,16.534963,,,
Sfsf,15478897.0,"Spain, Madrid, Madrid",https://www.linkedin.com/company/signafdgfdgfdg,www.signa.com.co,,Spain,15.478897,,,
CRS AIRLINES REPRESENTATIVES S.L.,13880191.0,"Spain, Catalonia, Barcelona",https://www.linkedin.com/company/crs-airlines-representatives-s.l.,www.crsairlines.com,CARGO GSSA for Airlines since 1.994 OFFICES in SPAIN and PORTUGAL BCN HDQ OFFICE MAD BIO VLC AGP ALC LIS OPO Since 1994. More than 25 Airlines.  Independent Company. Trucking services from Spain and Portugal to main hubs of our off-line CARRIERS. Increasing sales for all Airlines more than 20% a year !!! More than 30 staff serving our Airlines. Any further contact : toni.beato@crsairlines.net,Spain,13.880191,,,
Acatec Aeronautics S.L.,12586680.0,"Spain, Madrid, Arganda, 32 Av. Del Guijar, 28500",https://www.linkedin.com/company/acatec-aeronautics-s-l,www.acatecaeronautics.com,"Somos una empresa con más de 25 años de experiencia en el sector aeroespacial.  Estamos situados en Madrid, España; donde realizamos el montaje del A320 HTP  y la fabricación de piezas elementales para diversos programas del sector (A320, A350, A330, A380, Embraer, Fokker...) Tenemos un equipo comprometido y altamente cualificado de unos 200 trabajadores. Todos ellos, tienen el compromiso y la satisfacción del cliente como el principal objetivo, consiguiendo productos de la mayor calidad y precisión en el mercado aeronáutico.  Estamos especializados en la fabricación de piezas de aluminio, acero, fibra de carbono y titanio, contando con una gran confianza de nuestros principales clientes (Airbus, Aciturri, Alestis, CESA, Carbures entre otros)",Spain,12.58668,,,
Aerlyper,12488510.0,Spain,https://www.linkedin.com/company/aerlyper,www.aerlyper.es,"Aircraft modernizations, avionics, MRO, electronics, R&D and UAVs.",Spain,12.48851,,,
GRUP AIR MED,11328012.0,"Spain, Catalonia, Reus, 43204",https://www.linkedin.com/company/grup-air-med,www.grupairmed.com,"We are a leading Spanish company in the sector.                                                                                                            Specialist in Aerial Photography and Surveillance.                                                                                                                                                                                            We provide R&D services for all kinds of projects.                                                                              GrupAirmed's clients include major multinational corporations, such as government agencies from different countries.",Spain,11.328012,,,
Uepfly,10803765.0,"Spain, Balearic Islands, Palma",https://www.linkedin.com/company/uepfly,uepfly.com,"Somos una compañía especializada en viajes entre islas. Nuestro vuelos tienen trayectos por Islas Baleares, volando por : Mallorca, Ibiza y Menorca. Una compañía que nace en el 2021 de nueva generación. Ofreciendo un servicio único entre las Baleares.",Spain,10.803765,,,
Private-Radar,10698678.0,"Spain, Madrid, San Sebastián De Los Reyes, 4 Calle De Fuerteventura, 28703",https://www.linkedin.com/company/private-radar,www.private-radar.com,Innovative and easy-to-use cloud-based software designed to streamline the daily operations of pilot training centers.,Spain,10.698678,,,
FENTISS,10698678.0,"Spain, Valencia, Valencia, S/n Camino De Vera, 46022",https://www.linkedin.com/company/fentiss,www.fentiss.space,"We provide software solutions to prevent mutual interference of critical embedded applications when running in a common hardware platform (virtualization).  Our hypervisor, XtratuM is space qualified for the ARM Cortex-R5 and A9 and for the rad-hard processor LEON3 of the European Space Agency. XtratuM enables the use of mixed-criticality systems running in the same (multi)core hardware platform. It is a perfect solution for micro and nano satellites and Unmanned Aerial Vehicles requiring to minimize size and weight. XtratuM is complemented by our own LithOS ARINC-653 run-time system and our Xoncrete schedulability analysis tool. Do you want to meet us? Feel free to reach out at info@fentiss.com or in twitter: @fentissXM",Spain,10.698678,,,
CALIMA AVIACION,10698678.0,"Spain, Canary Islands, Telde",https://www.linkedin.com/company/calima-aviacion,www.calima.aero,"Calima Aviacion main activity is offering aircraft support to other operators. If you need to adjust your fleet during seasonal demand or you are waiting for the delivery of a delayed aircraft, we can offer the solution you need. Our Ability to react in this changing market-place is one of our main assets.  Calima has a worldwide service at the moment you need.",Spain,10.698678,,,
Clickair,10069344.0,"Spain, Catalonia, El Prat De Llobregat, 13-15 C/ Canudas, 08820",https://www.linkedin.com/company/clickair,www.clickair.com,Low cost carrier based in Barcelona,Spain,10.069344,,,
Grupo Aviación,9440010.0,"Spain, Andalusia, Málaga, 29080",https://www.linkedin.com/company/grupo-aviaci-n,www.grupoaviacion.com,"Grupo Aviación is a Companies Holding dedicated to the aeronautical sector. Our services: Executive Aviation, Luxury Travels, Private Aircraft, Bussines Aviation, Air Sports and the world of the golf. Air Broker, Consultancy, Aircraft for sale, rent or leasy.",Spain,9.44001,,,
SWARMING TS,8566235.0,"Spain, Madrid, Getafe, 24 Calle Bell, 28906",https://www.linkedin.com/company/swarming-ts,swarmingts.com,"Swarming Technologies & Solutions, by Zelenza Group, is the European leader in swarming and Manned-Unmanned Teaming of UxV. We provide efficient solutions, professional services and commercial results in the area of autonomous vehicles for both military and civilian markets worldwide, in an agile and innovative way.",Spain,8.566235,,,
Xiroi,7870638.0,"Spain, Catalonia, Barcelona",https://www.linkedin.com/company/xiroi-space,xiroi.space,We are developing the next generation of micropropulsors for small satellites. Find out more about us on https://xiroi.space/,Spain,7.870638,,,
ISM S.L.,7870638.0,"Spain, Valencia, Quart De Poblet, 2 Parcela 83 Av.comarques Del Pais Valencia, 46930",https://www.linkedin.com/company/ism-s.l.-geci-espa-ola-group-,www.ism-es.com,"Founded in 2005, ISM has become a leader company in supplying all kind of chemicals for the aeronautical industry as well as airlines. We are specialist in managing stocks, planning and delivering to the ""marketplace"" our customer needs the material in.  A great stock level allows the company to solve any AOG that may arise. ISM is the source for your chemical outsourcing.",Spain,7.870638,,,
Wings 247 Air Ambulance Medevac,7768089.0,"Spain, Canary Islands, Las Palmas De Gran Canaria",https://www.linkedin.com/company/wacaf-air,wings247.com,"Wings247 offers an unsurpassed choice of aircraft available for charter, Medevac and Ambulance. Wings247 is the most reliable option on providing superior medevac services to and from Gran Canaria Island nearest operational hub between Europe, Africa, and Caribbean for those in need. Wings247 continually strive to set the bar for unparalleled safety and customer care standards. In fact, our flawless safety record and our adherence to the most stringent of medical protocol have earned us a number of prestigious recognitions under highest health standards worldwide.",Spain,7.768089,,,
AeroAljarafe,7692771.0,Spain,https://www.linkedin.com/company/aeroaljarafe,www.aeroaljarafe.com,,Spain,7.692771,,,
Air Madrid,7690270.0,"Spain, Madrid, San Sebastián De Los Reyes",https://www.linkedin.com/company/air-madrid,www.airmadrid.com,,Spain,7.69027,,,
CANAGROSA,7576822.0,"Spain, Andalusia, La Rinconada, No C/wilbur Y Orville Wright, 41309",https://www.linkedin.com/company/canagrosa,www.canagrosa.com,"""Much more than a laboratory, a strategic ally"" CANAGROSA is an industrial laboratory and provider of comprehensive technical services. A reference in physical-chemical testing, process control, calibrations and integral metrological management in the most advanced industrial sectors. We provide global customers with valuable support at all stages of their value chain. In this endeavour CANAGROSA turns Quality into Excellence. Nadcap / ENAC / EN9100 / ISO9001 / ISO14001 Certifications Airbus / Boeing / Bombardier / AIG Accreditations",Spain,7.576822,,,
Habock Aviation,7552008.0,"Spain, Madrid, Madrid",https://www.linkedin.com/company/habock-aviation,habockaviationgroup.com,,Spain,7.552008,,,
Aura Airlines,7430210.0,"Spain, Madrid, Alcobendas, 8 Calle Estafeta, 28109",https://www.linkedin.com/company/gowair-vacation-airlines,www.auraairlines.com,"Aura Airlines | GOWAIR is an EU Airline based in Madrid, Spain specialized in charter passenger flight and ACMI/wet-lease operations. We operate the Airbus A320, the most widely used commercial aircraft in the world for short and middle radio, performing flights around Europe, The Middle East and Africa (EMEA) As a member certified of IOSA, Aura Airlines performs all its operations under the highest level of safety, according to IATA’s global benchmark for safety.  Whether your company is looking for a short, middle, and long-term operation, Aura Airlines can provide customized solutions according to your needs.",Spain,7.43021,,,
CES AVIATION S.L.,6922674.0,"Spain, Madrid, Madrid, 28044",https://www.linkedin.com/company/ces-aviation-sl,www.cesaviation.com,"A Consulting and Engineering Company located in Madrid (Spain) approved as an EASA Airworthiness Management and Airworthiness Review Organization for general and business aviation (EASA Part-M Subpart-G & -I, approval ref: ES.MG.185). Our aim is to give customized consulting and engineering solutions and services to each one of our customers. We help them to successfully compete in today’s global market, by making the Management and the Operation of their aircraft or fleet more efficient and easy. We provide specialist, independent services that inform and shape the strategies of aviation businesses worldwide. CES AVIATION,SL offers an indepth of aviation expertise and experience, backed by unique access to robust industry data.Our team consists of professionals with profound knowledge and vast experience in aviation. Our services can be tailored to meet the individual needs of our clients and their fleet, depending on local regulatory requirements and their business expectations with overall safety enhancement.",Spain,6.922674,,,
Iasec,6922674.0,"Spain, Catalonia, Castelldefels, 6 Passeig Del Timo, 08860",https://www.linkedin.com/company/iasec,www.iasec.es,"Somos una consultoría aeronáutica, formada únicamente por ingenieros del sector, con experiencia en proyectos de consultoría aeroportuaria a nivel nacional e internacional. Desde iasec hemos creado un nuevo estilo de consultoría, más dinámico y flexible, nos adaptamos a cada cliente y proyecto.  Ofrecemos nuestros servicios todo tipo de proyectos del sector aeronáutico. Si necesita asistencia en un proyecto no dude en ponerse en contacto con nosotros a través del correo info@iasec.es.",Spain,6.922674,,,
UMI AERO,6897845.0,"Spain, Andalusia, La Rinconada, 18 Calle Early Ovington, 41300",https://www.linkedin.com/company/umi-aeronautica,umiaeronautica.com,UMI AERO is a company based out of Spain.,Spain,6.897845,,,
SIRIUM AEROTECH,6293340.0,"Spain, Madrid, San Sebastián De Los Reyes, 12 A Avda. Somosierra, 28703",https://www.linkedin.com/company/sirium-aerotech,www.siriumaero.com,"We provide fully compliant EASA and FAA approvals and customized solutions for MROs, Airlines and Lessors. AOG service is also available. Philosophy of Sirium Aerotech is to serve our clients with the higher quality standards and airworthiness designs based on our wide knowledge on the fields of Interiors, Avionics and Structures. Sirium Aerotech offers solution for the whole process of product development including design and certification as EASA DOA 21J.523.",Spain,6.29334,,,
Europair,6182387.0,"Spain, Madrid, Madrid, 22 Local E Cristobal Bordiú, 28003",https://www.linkedin.com/company/europair,www.europair.com,"Europair is an air charter broker specialised in the organisation and management of tailor-made charter flights since 1994.  We offer the best response to every situation, providing the aircraft most appropriate to your specific needs, regardless of destination, number and profile of your passengers. Europair has preferential access to thousands of aircraft, airlines and airports worldwide, enabling us to custom-design your flight: - Private jet charter - Charter series for Tour Operators - Ad-hoc charter for MICE, companies and travel agencies - Air charter solutions for groups of any kind (sports teams, fans, students, pilgrimages...) Our client portfolio includes companies, private individuals and tour operators from all over the world, whose diverse needs require an exclusive and personalised approach, with the assurances of reliability, efficiency and quality which have characterised Europair's service for more than two decades. WHY CHARTER AN AIRCRAFT WITH EUROPAIR? - Access to thousands of aircraft and airports via a single intermediary - Unbiased advice from a highly-qualified multilingual team - The experience of an air broker leading the market since 1994 - Operational follow-up before, during and after the flight",Spain,6.182387,,,
GMB INDUCCION SL,6182387.0,"Spain, Andalusia, Chiclana De La Frontera, 11130 C. De Las Libertades, 11130",https://www.linkedin.com/company/gmb-induccion-sl,gmbinduccion.es,GMB INDUCCION SL is a company based out of Spain.,Spain,6.182387,,,
Peras Rodriguez,6152216.0,Spain,https://www.linkedin.com/company/hifsa,,bla bla bla bla aaaaaaaaaa aaaaaaaaaaaa aaaaa aaaaaaaaaaa aaaaaaaaa aaaaaaaaaaa aaaaaaa a a aaaaaa aaaaa aaaaaaaaaaaa aaaaaaaaaa a aaaa aaa fff f f ffffffffffffffffff   fffffffffffff fffff ffffffff    fff       f       f      f       f          f             fffffffffffffff ggggggggggggggg,Spain,6.152216,,,
MOTONAUTICA SAMA SA,6152216.0,"Spain, Catalonia, Tarragona",https://www.linkedin.com/company/motonautica-sama-sa,motonauticasama.com,,Spain,6.152216,,,
2Dayjet,6152216.0,"Spain, Catalonia, Barcelona, 01 Avenida 6, 08002",https://www.linkedin.com/company/2dayjet,2dayjet.com,"Welcome to 2Dayjet, where we redefine the way you fly! 🛩️ We're committed to make luxury air travel accessible to all.  We offer on-demand private jet charters, ideal for those who want privacy, flexibility and comfort. Book the entire aircraft based on your schedule, your route, and your lifestyle- anytime, anywhere! Experience the freedom of a private jet flight without booking the entire aircraft. Reserve a single seat and enjoy all the luxury and exclusivity benefits at surprisingly affordable rates! Elevate your travel experience with 2Dayjet – where luxury meets the sky!",Spain,6.152216,,,
TALLERES CARPER VIGO SL,6152216.0,"Spain, Galicia, Vigo",https://www.linkedin.com/company/talleres-carper-vigo-sl,tallerescarper.com,,Spain,6.152216,,,
Hoteles Tryp,6017460.0,"Spain, Madrid, Madrid",https://www.linkedin.com/company/hoteles-tryp,tryp.es,,Spain,6.01746,,,
TEIDESAT,5706452.0,"Spain, Canary Islands, La Laguna, 38206",https://www.linkedin.com/company/teidesat,hyperspacegroup.com,"POWERING THE WORLD OF STUDENTS BY MAKING THEM BELIEVE THE SKY IS NOT THE LIMIT TEIDESAT was born as an initiative by students that shared a common interest, space and satellites, and this constitute a team with the objective of designing, contructing, putting on orbit and operating a nanosatellite based on the CubeSat standard. Every day, each member of our team makes sure to be a little more closer on achieving the objectives of our mission, and with also be able to reshape the fact that in the Canary Islands can also emerge succesfull and prepared projects.     For more information about our results you can follow us on our websites.",Spain,5.706452,,,
Aerointer S.L.,5706452.0,"Spain, Andalusia, Cadiz, 9a-9b Vía Noruega Naves, 11011",https://www.linkedin.com/company/aerointer,www.aerointer.es,"Aerointer es una empresa que desde el año 2012 diseña y fabrica utillaje aeronáutico para las principales empresas del sector. Nuestros principales bienes de trabajo son fresadoras de 3 y 5 ejes, así como sistema de medición tridimensional Faro. La empresa cuenta con expertos profesionales que trabajan a través de tecnología CAD-CAM con Catia V5.",Spain,5.706452,,,
STAY NAUTICA SL,5706452.0,"Spain, Masnou",https://www.linkedin.com/company/stay-nautica-sl,astillerosdoqueve.com,,Spain,5.706452,,,
South Europe Jets,5664006.0,"Spain, España, 45005",https://www.linkedin.com/company/south-europe-jets,www.southeuropejets.com,"We are the result of the entrepreneurial spirit of our leader and founder Max Brog, who created South Europe Jets inspired by the most excellent brokers and operators of the world, adding to our company the touch of distinction of those who have the vocation for service. Searching for the highest standards of quality and security, which turned us into the most prestigious broker and operator of America as South American Jets and North American Jets. Now, as South Europe Jets, we are expanding our business group. In the last two decades, we have consolidated as one of the biggest brokers and private flight operators in the world of the aviation business. Our mission is to guarantee the most distinguished and comfortable service for the most exigent clients. Being always a smart choice, which allows them to have control of their time, fulfill their most ambitious desires and achieve their personal and professional goals, flying in right hands aboard our exclusive private jets, under the most rigorous quality and security standards. Beyond the establishment of a successful business, our main goal is to provide an excellent and personalized attention to each of our customers to connect with them, know their needs and help them to fulfill those requirements through our services. South Europe Jets World’s finest experience time on your terms.",Spain,5.664006,,,
CHARTER FLIGHTS,5664006.0,"Spain, Balearic Islands, Palma, 26 1º 4ª Fausto Morell, 07005",https://www.linkedin.com/company/charter-flights,www.charters-flights.com,BROKER AEREO,Spain,5.664006,,,
One Airways,5664006.0,"Spain, Madrid, Madrid, 28 Avda. Sur Del Aeropuerto De Barajas, 28042",https://www.linkedin.com/company/one_airways,www.oneairways.com,B2B ACMI/Wet lease and Air Charter services,Spain,5.664006,,,
Euroairlines,5424653.0,"Spain, Madrid, Madrid, 26 Paseo De La Habana, 28036",https://www.linkedin.com/company/euroairlines,www.euroairlines.es,"Euroairlines was founded in Spain in 2000 as a passenger and cargo air operator. It operates flights covering Western Mediterranean and Northern Africa destinations. Currently, it is an airline distinguished for its growing  distribution and commercialization services that offers to other airlines through its IATA plate Q4-291, backed by key travel agencies and GDS in over 60 markets.  Euroairlines is headquartered in Madrid (Spain) and has offices in New York, Miami, Cancun, Mexico City, Buenos Aires, Bogotá, Lima, São Paulo, Santiago de Chile, as well as other European capitals. For more information or career opportunities contact us at ""info@euroairlines.es"".",Spain,5.424653,,,
De-RISC Project,5227134.0,"Spain, Valencia, Valencia",https://www.linkedin.com/company/de-risc,www.derisc-project.eu,"De-RISC will deliver a RISC-V MPSoC platform with NOEL-V cores, fault-tolerant and compatible with the European Space Agency (ESA) Compact Reconfigurable Avionics (CORA) platform supporting OpenVPX and SpaceVPX in time and space isolated environments.  This project has received funding from the European Union’s Horizon 2020 Research and Innovation Programme under Grant Agreement EIC-FTI No 869945.",Spain,5.227134,,,
New Iberital/Saicus Air,5227134.0,Spain,https://www.linkedin.com/company/new-iberital-saicus-air,www.saicusair.com,Passenger and cargo airline to fit all your requirements. Actually our fleet is consisting on 2 units Boeing 737-300F and 2 units MD87 (116Y). General aviation aircraft coming soon actually AOC type B has been applied and will have available Cessna Citation I and Cessna Citation II.,Spain,5.227134,,,
IMD Airways,5227134.0,"Spain, Madrid, Madrid",https://www.linkedin.com/company/imd-airways,www.imdairways.com,"IMD Airways is an Airline Charter Company and has been issued with an AOC (Air Operator Certificate) by the Spanish Civil Aviation Authority in accordance with European regulations, authorising IMD Airways to operate worldwide. IMD Airways es empresa aeronáutica con Certificado AOC (Air Operator Certificate) emitido en España en base a la normativa europea, autorizando a la compañía a operar en cualquier parte del mundo.",Spain,5.227134,,,
Air Force 7,5227134.0,"Spain, Castille-la Mancha, Casarrubios Del Monte",https://www.linkedin.com/company/airforce7,airforce7.com,"Air Force 7 nace del deseo de los pilotos amantes de la aviación ultraligera, en acercar el vuelo en aeronaves de última generación, y poder volar y disfrutar de ello con todas las facilidades logísticas posibles y a un coste asequible para cualquier piloto.",Spain,5.227134,,,
GLOBAL YACHT FINISHING SL,5227134.0,Spain,https://www.linkedin.com/company/global-yacht-finishing-sl,,,Spain,5.227134,,,
Tegraf Ingenieria,5227134.0,"Spain, Madrid, Getafe",https://www.linkedin.com/company/tegraf-ingenieria,www.tegraf.com,,Spain,5.227134,,,
MANTENIMIENTOS MAFER SL,5227134.0,"Spain, Galicia, A Coruña",https://www.linkedin.com/company/mantenimientos-mafer-sl,mmafer.es,,Spain,5.227134,,,
Victoria International Airways,5227134.0,"Spain, Canary Islands, Santa Cruz De Tenerife",https://www.linkedin.com/company/victoria-international-airways,www.victoriaairways.com,"Victoria International Airways is a new airline based in Spain that offers Full Charter Service to tour operators and travel agencies, for long-term holiday series, AdHoc operations for special flights and ACMI/Wet Lease. Our fleet is composed by Airbus 320 with a 180 seats cabin configuration and a flight autonomy of 5,315 km (2,870 Nm). For flight requests please send to comercial@victoriaairways.com Victoria International Airways es una compañía de reciente creación que ofrece a touroperadores y agencias nuestro servicio “Full Charter”, para operaciones vacacionales de larga duración, Ad-Hoc para vuelos Especiales y ACMI/Wet Lease. Nuestra flota está compuesta por Airbus 320 configurado con 180 plazas y  una autonomía en vuelo de 5.315 Km (2.870 Nm) Para peticiones de vuelos rogamos contacten con nosotros en comercial@victoriaairways.com For",Spain,5.227134,,,
EURODISTRIBUTION Hosting And Distribution Services,5227134.0,"Spain, Madrid, Madrid",https://www.linkedin.com/company/eurodistribution-hosting-and-distribution-services,www.hostinganddistribution.com,"Specialising in passenger & cargo GSA representation, IET solutions, BSP, ARC & TCH support services & NDC distribution.  Experts in the commercial distribution of inventories for companies in +40 BSP through our Iata plate for airlines, cruises, trains and buses. We work with the main GDS in the market.",Spain,5.227134,,,
MIRON CLIMENT SL,5227134.0,Spain,https://www.linkedin.com/company/miron-climent-sl,yatesadriano.com,,Spain,5.227134,,,
LOBAIR SL,5227134.0,"Spain, Madrid, Madrid, 4 Calle Londres, 28977",https://www.linkedin.com/company/lobair-sl,www.lobair.com,"#LOBAIR es una empresa del sector aeronáutico, nacida en 2009 por iniciativa emprendedora de un grupo de jóvenes ingenieros y de profesionales con larga experiencia en el sector aeronáutico con la misión de proporcionar a la industria #aeronáutica servicios en elementos de material compuesto con estándares muy altos de calidad para alcanzar la máxima satisfacción de nuestros clientes.  Nuestras capacidades: -#Mecanizado manual y #CNC (3 ejes) de piezas de material compuesto de fibra de carbono y fibra de vidrio. -#Reparaciones No Estructurales fuera de autoclave de piezas de material compuesto de fibra de carbono y fibra de vidrio.  -#Montaje de conjuntos y subconjuntos de fibra de carbono y fibra de vidrio. -Inspección por #Ultrasonidos por Pulso Eco y transmisión manual. -Inspección por Tap coin de material compuesto de fibra de #carbono y fibra de vidrio. -Inspección dimensional. -Encasquillado mediante grapado. -Diseño e Impresión #3D.",Spain,5.227134,,,
OrionJets,5227134.0,"Spain, Madrid, Madrid, 22 Calle De La Plaza De Riazor, 28042",https://www.linkedin.com/company/orionjets,orion-jets.com,"ABOUT US OrionJets is an Air Operator established in Madrid and Lisbon and has started its operations in 2017 under the AOC Number PT-01/17. OrionJets initially focuses its activity on the short and medium range private and executive aviation market mainly in Europe and North Africa. OrionJets is also specialized in Air Ambulance Flights and Repatriation Operations. OUR VISION ""To be a Business Jet operation Leader in Europe and North African region, with a fleet adapted to current needs and the highest levels of safety and service possible""",Spain,5.227134,,,
Mecanizados Iñiguez SL,5227134.0,"Spain, Sevilla, Los, 19 Carretera De Concentración, 41330",https://www.linkedin.com/company/mecanizados-iñiguez-sl,www.meciniguez.es,"El objetivo de esta página es dar a conocer a otras empresas los servicios que ofrecemos, las novedades relacionadas con nuestros servicios e informar sobre las posibles vacantes en nuestros distintos departamentos.",Spain,5.227134,,,
Corporatejets,5227134.0,Spain,https://www.linkedin.com/company/corporatejets,www.corporatejetsbcn.com,Corporatejets has become one of Barcelona’s top firms providing executive flights.,Spain,5.227134,,,
SEAIRTECH,5227134.0,"Spain, Madrid, Madrid, 41 C/ Aguacate, 28054",https://www.linkedin.com/company/seairtech,www.seairtech.com,"SEAIRTECH provides engineering services with international presence, specializing in the Aeronautical, Maritime and Defense markets and oriented to design and implementation of the most efficient, safe and cost effective technology solutions for our customers.",Spain,5.227134,,,
SPASA Servicios Politécnicos Aéreos S.A.,5227134.0,"Spain, Madrid, Madrid, Carretera Del Barrio De La Fortuna S/n Aeropuerto De Cuatro Vientos. Sector A, 28054",https://www.linkedin.com/company/spasa-servicios-politécnicos-aereos-s-a,www.spasa.com,"SPASA is a leader in geospatial data capture and processing with airborne sensors and manned aircrafts. We offer aerial survey and data processing services: Vertical and oblique imagery - RGB and infrared - and LiDAR; generating cartography, DTMs, orthophotos, 3D scenes and digital twins; both for public agencies and for private companies. We own state of the art large format digital cameras and LiDAR sensors. SPASA is an SPO operator authorized by AESA, the Spanish Aviation Safety Agency. We use our own aircraft’s fleet in projects in Spain and abroad. The professionalism, knowledge and experience of our team has made SPASA a reference company in terms of quality and reliability. SPASA is member of the Board of Directors of EAASI (European Association of Aerial Survey Industries) and member of Tecniberia (Spanish Association of Engineering, Consultancy and Technological Services).",Spain,5.227134,,,
MDRONE,5034672.0,"Spain, Catalonia, Barcelona",https://www.linkedin.com/company/mdrone,mdrone.com,"Servicios técnicos con RPAS MDRONE es especialista en inspecciones industriales, nos avalan más de 5000 apoyos de lineas de alta tensión. Utilizamos octocópteros con cámaras de video RGB FullHD y Termográfica, simultáneamente. Al utilizar monturas brushless, obtenemos una calidad excepcional en las imágenes tomadas. Otros campos de aplicación en los que trabajamos son: Fotogrametria Teledetección a baja altura",Spain,5.034672,,,
CLIA SISTEMAS SL,5034672.0,"Spain, Madrid, Rivas-vaciamadrid",https://www.linkedin.com/company/clia-sistemas-sl,clia.es,"CLIA SISTEMAS SL is a services company in the aeronautical sector based out of CALLE DE VICENTE ALEIXANDRE, 2, RIVAS-VACIAMADRID, Madrid, Spain.",Spain,5.034672,,,
TESTIA Composite SL,5034672.0,"Spain, Madrid, Madrid, 19 Avenida M40, 28925",https://www.linkedin.com/company/testia-composite,www.testiacomposite.com,"TESTIA Composite is a nondestructive testing (NDT) engineering and inspection service company for metallic and carbon fiber components and structures, specialized in the aeronautical and marine sector. The activity of the company is oriented to a clear added value service to the customer, with efficiency and reliability in relation to cost savings and availability within the shortest response times, offering a service fitted to customer’s specific requirements. The activity of TESTIA Composite is attended from Madrid, Barcelona and Palma de Mallorca and includes nondestructive inspection services, Level 3 services support, consultancy and technical assessment in NDT and specific training in NDT.",Spain,5.034672,,,
EUROAVIA València,5034672.0,"Spain, Valencia, Valencia, Edif. 7b Campus De Vera Camino De Vera",https://www.linkedin.com/company/euroaviavalencia,www.euroaviavalencia.com,"Somos EUROAVIA València, una de las sedes de EUROAVIA, la Asociación Europea de Estudiantes Universitarios vinculada al campo de la aviación y el espacio. Nuestro objetivo es hacer de nexo entre los estudiantes y la industria del sector. En EUROAVIA València tratamos de fomentar el trabajo en equipo, la inclusión, el networking y el intercambio cultural a través de eventos, charlas, visitas y actividades relacionadas con diversos ámbitos de la industria aeroespacial.",Spain,5.034672,,,
Fundació Parc Aeronàutic De Catalunya,5034672.0,"Spain, Catalonia, Sabadell, 08205",https://www.linkedin.com/company/fpac,www.fpac.org,La Fundación PARC AERONÀUTIC DE CATALUNYA es una entidad privada de carácter cultural y sin ánimo de lucro. Se constituyó formalmente en el año 1997 y está inscrita en el Registre de Fundacions de la Generalitat de Catalunya recibiendo la calificación de entidad benéfica. Fue fundada por un amplio y heterogéneo grupo de personas que tenían en común su entusiasmo por el mundo de la Aviación y la voluntad de impulsar en Cataluña la conservación del patrimonio y la divulgación de la Aeronáutica y de su Historia.,Spain,5.034672,,,
Arbórea Intellbird,4807981.0,"Spain, Salamanca, Villamayor, 12 C/duero, lab.3",https://www.linkedin.com/company/arbórea-intellbird,www.aracnocoptero.com,"ARBOREA es un gran departamento de I+D. Todo el equipo humano se involucra en la resolución creativa de los retos técnicos para aportar soluciones muy específicas que integran hardware, software y procedimientos operativos.",Spain,4.807981,,,
ZITY,4781070.0,"Spain, Madrid, Madrid",https://www.linkedin.com/company/zity,zitycar.es,!,Spain,4.78107,,,
Space And Defense Industry Sevilla Summit,4614162.0,"Spain, Andalusia, Sevilla",https://www.linkedin.com/company/space-industrial-economy-5-0-sevilla-virtual-summit,spaceanddefense.es,"#SpaceAndDefenseIndustrySevillaSummit2023 Sevilla, 25 y 26 octubre de 2023 SPACE & DEFENSE INDUSTRY SEVILLA SUMMIT 2023 La industria aeroespacial y de defensa en la geoestrategia española y europea https://spaceanddefense.es/",Spain,4.614162,,,
Gowfly,4614162.0,"Spain, Andalusia, Málaga, 17 Calle Alejandro Dumas, 29004",https://www.linkedin.com/company/proflight-english,www.gowfly.com,Aviation,Spain,4.614162,,,
SERVINAVAL SL,4614162.0,Spain,https://www.linkedin.com/company/servinaval-sl,servinavalsl.es,,Spain,4.614162,,,
TECNAVIN SL,4614162.0,Spain,https://www.linkedin.com/company/tecnavin-sl,tecnavin.es,,Spain,4.614162,,,
Industrias Metalúrgicas Galindo,4405338.0,"Spain, Basque Country, Mungia, 48100 Makoaga Bidea, 48100",https://www.linkedin.com/company/imgalindo,www.galindosl.com,"INDUSTRIAS METALÚRGICAS GALINDO, empresa  referente en el sector AEROESPACIAL Nacional, con 50 años de experiencia, diseña, fabrica, verifica y suministra utillaje para el mismo, colaborando en los principales programas Nacionales e Internacionales y asistiendo a los principales OEM y TIER mundiales en el montaje y ensamblado de estructuras de aeronaves, tanto en Fibra de carbono como metálicas.",Spain,4.405338,,,
FOAT,4405338.0,Spain,https://www.linkedin.com/company/foat,www.foat.es,"Desde entonces hasta hoy, hemos sido notarios al plasmar con nuestras cámaras, la realidad de nuestro entorno urbano, turístico e industrial. En todo este tiempo y gracias a la perspectiva única que permite la fotografía aérea, hemos adquirido un archivo en imágenes, de una calidad, diversidad y volumen irrepetible. Le invitamos a través de la fotografía profesional, a volar con nosotros y disfrutar de los mejores lugares de nuestra geografía. Tiene además la ventaja de ver sus escenarios favoritos, con la perspectiva de la evolución en el tiempo, que permite nuestro archivo. Contamos con los mejores medios para hacer llegar a su domicilio, empresa, agencia, etc., las imágenes que Vd. necesita y en el formato adecuado para su posterior utilización.",Spain,4.405338,,,
JetAir Spain,4405338.0,Spain,https://www.linkedin.com/company/jetair-spain,www.jetair.es,"JetAir, líder global en el flete de aviones, servicios y gestión, provee desde 1990 soluciones de aviación seguras y discretas para clientes en cualquier parte del mundo. JetAir ha establecido una base de clientes leales construida a través de la reputación, recomendación y de una filosofía corporativa basada en la confianza y la confidencialidad.",Spain,4.405338,,,
Qualiflight,4147881.0,"Spain, Andalusia, Málaga, 19 Calle Palma Del Río, 29004",https://www.linkedin.com/company/qualiflight,qualiflight.aero,"QAT, we are a Aeronautical Training Organization dedicated to high specialization training. We are authorized by the European Authorities ( TRTO E-ATO 233 ) We love to combine flexibility and low cost to the high competitive aviation world and its highly specialized training needs.",Spain,4.147881,,,
Tecnicas Aeronauticas Defensa Y Automocion S.A.,3846385.0,"Spain, Andalusia, Sevilla",https://www.linkedin.com/company/tecnicas-aeronauticas-defensa-y-automocion-s.a.,,"Desde 1.959, Técnicas Aeronáuticas, Defensa y Automoción, S.A. (TADA S.A.) se ha especializado en el mecanizado de piezas, tratamientos superficiales, montaje de subconjuntos y utillaje para el Sector Aeroespacial. Ofrecemos a nuestros clientes un servicio integral de cooperación desde el desarrollo del producto, pasando por las distintas etapas de fabricación, tratamientos superficiales y montaje, para la elaboración de Kits y/o subconjuntos, con entrega directa a las líneas de montaje de nuestros clientes.",Spain,3.846385,,,
PRODEC METAL SL,3846385.0,"Spain, Navarre, Tudela",https://www.linkedin.com/company/prodec-metal-sl,www.sti-france.com,"PRODEC METAL SL is a company based out of POLIGONO GALLINA BLANCA NAVE, 20, TUDELA, Navarra, Spain.",Spain,3.846385,,,
COIAE/AIAE,3785800.0,"Spain, Madrid, Madrid",https://www.linkedin.com/company/coiae-aiae---colegio-oficial-y-asociación-de-ingenieros-aeronáuticos-de-españa,www.coiae.es,"La Asociación de Ingenieros Aeronáuticos de España, creada en 1928, es una entidad de derecho privado sujeta en la actualidad a los preceptos de la Ley de Asociaciones. Esta organización representó a los ingenieros aeronáuticos hasta el año 1965, en que se creó el Colegio Oficial de Ingenieros Aeronáuticos de España, que es una Corporación de Derecho Público, de ámbito nacional, con personalidad jurídica propia y plena capacidad para el cumplimiento de sus fines y que se rige por sus Estatutos y las Normas Legales que le son de aplicación, relacionándose con la Administración a través del Ministerio de Transportes y  Movilidad Sostenible.",Spain,3.7858,,,
AI METHODS,3785800.0,"Spain, Madrid, Leganés, 1 Avenida Gregorio Peces Barba, 28919",https://www.linkedin.com/company/intel-met,www.aimethods.com,"AI METHODS is a university spin-off born from a research project of the Universidad Carlos III de Madrid. We strive to transform the aviation industry by providing the most precise, real-time weather intelligence, enabling professionals to anticipate, adapt, and optimize flight operations like never before.",Spain,3.7858,,,
Orbest Orizonia Airlines S.A.,3785800.0,Spain,https://www.linkedin.com/company/orbest-orizonia-airlines-s.a.,orbest.com,,Spain,3.7858,,,
REPARACIONS ELECTRICAS RIVELSA SL,3785800.0,"Spain, Galicia, A Coruña",https://www.linkedin.com/company/reparacions-electricas-rivelsa-sl,rivelsa.com,,Spain,3.7858,,,
Aerotech Standards,3776004.0,"Spain, Madrid, Madrid, 28860",https://www.linkedin.com/company/aerotech-standards,www.aerotech.es,"Founded in 2018 Aerotech provides specialized technical support for aircraft lease transitions, serving both lessors and airlines across airframe and engine asset management. Headquartered in Madrid, Spain, our team of aviation professionals brings decades of hands-on experience in engineering, certification, and project management. With a pragmatic, solutions-driven approach, Aerotech delivers reliable, efficient, and compliant transition services tailored to the demands of a global aviation industry.  Whether it’s a narrowbody, widebody, turboprop, or freighter, we’ve got the expertise to handle it. Our services portfolio covers the entire lifecycle of an aircraft asset throughout:  • Regulatory Compliance • Main Event Oversight • P2F Event Oversight • Airframe Inspections • Engine table Inspections  • BSI Expert Witness Services • Records Airworthiness Analysis  • EASA 147 Technical Training  • Boroscope Services  • Parts Procurement  • CAMO Services  • Staff Recruitment We’re known for our technical know-how, trusted industry relationships, and our ability to deliver aircraft on time, on budget, and with complete compliance. Our global footprint allows us to support clients wherever they operate. Get in touch: connect@aerotech.es",Spain,3.776004,,,
AEROSOLUTIONS GROUP,3776004.0,"Spain, Madrid, Alcalá De Henares, 18 Menorca, 28804",https://www.linkedin.com/company/aerosolutions-group,,"Engineering, Consulting and Training Services for conventional and unmanned aviation.",Spain,3.776004,,,
JULIO & LUIS CARRAL SL,3776004.0,Spain,https://www.linkedin.com/company/julio-&-luis-carral-sl,julioluiscarral.com,"JULIO & LUIS CARRAL SL is an airlines/aviation company based out of POLIG INDUSTRIAL DE BERTONDO, CALLE PARROQUIA DE G, BERGONDO, Spain.",Spain,3.776004,,,
NET2FLY,3776004.0,"Spain, Madrid, Madrid, 28 C/ Gran Via, 2004",https://www.linkedin.com/company/net2fly,www.net2fly.es,"We are NET2FLY, an online platform that gathers, manage and place contacts between UAV pilot nor Operators with Companies that are looking to include UAV technology in the day to day.",Spain,3.776004,,,
Curso De Azafata De Vuelo,3776004.0,"Spain, Andalusia, Cadiz",https://www.linkedin.com/company/cursos-de-azafata-de-vuelo,azafatadevuelo.me,"Azafatadevuelo.me nace para difundir toda la información posible sobre las azafatas de vuelo. En esta web encontrarás todo lo que necesitas saber sobre los cursos de Auxiliar de Vuelo, TCP (Tripulante de Cabina de Pasajeros) y como encontrar trabajo en esta profesión.",Spain,3.776004,,,
UAV Works,3776004.0,"Spain, Valencia, Valencia, 46169",https://www.linkedin.com/company/uavworks,www.uav-works.com,UAV is the unique company in the world to develop the most efficient and functional convertible aircraft: VALAQ,Spain,3.776004,,,
Marine Composite Innovation S.L.,3776004.0,"Spain, Girona, Vidreres, Poligono Pla De Vidreres, 17411",https://www.linkedin.com/company/marine-composite-innovation-s-l,www.marine-ci.com,,Spain,3.776004,,,
Foro MADCargo,3334513.0,"Spain, Madrid, Madrid",https://www.linkedin.com/company/foro-madcargo,foromadcargo.org,"Foro MADCargo is a non-profit association that brings together professionals from across the Air Freight industry ecosystem, as well as companies and entities interested in supporting the association's objectives and activities.  Foro MADCargo helps to strengthen the Air Freight Community of Madrid. We work towards the development of the air cargo industry by: - Providing training and education programs for professionals through our MADCargo Academy (www.madcargoacademy.com). - Carrying out projects in innovation, communication, networking, and operational excellence through MADCargo LAB (www.madcargolab.com).",Spain,3.334513,,,
NORDJET AIRLINES SL,3334513.0,Spain,https://www.linkedin.com/company/nordjet-airlines-sl,sagolair.es,,Spain,3.334513,,,
AHYRES,3334513.0,"Spain, Madrid, Madrid, 28905",https://www.linkedin.com/company/ahyres,,"Diseño, Desarrollo e Integración de Hardware y Software para Sistemas No-Tripulados y Sistemas Autónomos",Spain,3.334513,,,
Escola Aeronàutica De Catalunya,3334513.0,"Spain, Catalonia, Barcelona, 489 Carrer Del Consell De Cent, 08013",https://www.linkedin.com/company/escola-aeronàutica-de-catalunya,escolaeronauticadecatalunya.cat,"En la Escola Aeronàutica de Catalunya somos transparentes, y queremos que puedas ver quiénes somos, de dónde venimos y qué hacemos. Sabemos que elegir dónde iniciar tu carrera es la primera decisión importante que tendrás que tomar para cumplir tu sueño de volar. Por eso, queremos presentarnos y que así puedas conocer un poco más de cada uno de nosotros. Somos más que profesionales, somos compañeros, y los mejores en nuestra profesión. Juntos formamos este gran equipo que es la Escola. ¡Esperamos conocerte pronto y que puedas formar parte de esta pequeña gran familia del aire!",Spain,3.334513,,,
AircraftRoot,3146670.0,"Spain, Catalonia, Barcelona, 130 Passeig De Gràcia, 08012",https://www.linkedin.com/company/aircraftroot,www.aircraftroot.com,"AircraftRoot ®, the Global marketplace for air charter professionals. - Air Charter Brokers - Flight search - Aircraft search - Post a flight request - Send flight requests to operators - Empty legs search - Air Charter Operators - Post and search empty legs - Send quotes to brokers - View requested flights board - Quote requested flights - Update availability reports - Contact Operators and Brokers - Access the charter directory AircraftRoot ®, Connecting Air Charter Professionals ""There are many ways to search a private jet in our system. You can either use the real time search engine and get hundreds of prices, or, you can directly contact operators, either through the Availability tool or the company Directory. We are proud to offer the latest technology at the very best price, allowing you to use our platform 100% free for two months. Then you can decide if you want to upgrade and benefit from our discounts!"" AircraftRoot ® and ACBookers ® are Registered Trademarks of Eduard Nebot i Sicart, 08012 Barcelona, in association with THE BARCELONA GROUP ®.",Spain,3.14667,,,
ICP EQUIPADOS,3146670.0,"Spain, Andalusia, Sevilla, Nº22 Calle Rubidio, 41007",https://www.linkedin.com/company/icp-equipados,www.icp-equipados.es,"En ICP EQUIPADOS Nos realiza hacer las cosas bien. Buscamos la tan nombrada “excelencia”  y entendiendo que acercarnos a ella es una labor de equipo imposible de lograr en solitario.  De este modo, conceptos como el compromiso, la cordialidad, el respeto, la cercanía, la integridad, la prudencia… son valores que conseguimos y que se pueden resumir en dos pilares fundamentales: cercanía acompañada del más alto nivel de exigencia.",Spain,3.14667,,,
Hispaviacion,3146670.0,"Spain, Madrid, Las Rozas De Madrid, 28232",https://www.linkedin.com/company/hispaviaci-n-2-0---aviaci-n-profesional,www.hispaviacion.es,"Hispaviación es la revista sobre aviación dónde la información se abre paso desde una nueva perspectiva. La aviación vivida y contada en primera persona por los que cada día trabajamos en este sector: pilotos comerciales y militares, controladores aéreos, tripulación de cabina, mecánicos, médicos de aviación, profesionales de la fotografía aérea… Un lugar donde encontrar lo que no cuentan páginas web, blogs y revistas del sector: nuestras opiniones y reflexiones, nuestras anécdotas en ruta, procedimientos, planning del vuelo, schedule del día, operaciones anormales, nuestro día a día… Así como, información práctica y consejos para los que se están formando, historia y curiosidades sobre la aviación, control de tráfico aéreo, medicina aeronáutica, meteorología y mucho más. En Hispaviación puedes disfrutar de una nueva experiencia sobre aviación en internet y al mismo tiempo participas de una nueva comunidad donde los lectores podéis consultar cualquier duda sobre lo publicado por medio de los comentarios, así como, compartir vuestros conocimientos e intereses en un espacio creado para ello. Un punto de encuentro para profesionales de la aviación, aficionados y futuros profesionales, en definitiva, para todos y cada uno de los que nos apasiona la aviación.",Spain,3.14667,,,
Ventor Innovations,3146670.0,"Spain, Madrid, Moralzarzal, 20 Nave 1 Calle Capellanía, 28411",https://www.linkedin.com/company/ventorinnovations,www.ventorinnovations.com,"Ventor Innovations fue fundada en 2019 por profesionales con más de 15 años de experiencia en materiales compuestos y RPAS. Proporcionar soluciones innovadoras en el sector de los UAVs y la tecnología de composites, promoviendo el conocimiento y apostando por la Innovación y el Desarrollo como clave para la mejora de procesos y productos. Nos dedicamos a la creación de sistemas aéreos no tripulados, entre otros. Desarrollamos y fabricamos nuestra propia tecnología ofreciendo soluciones innovadoras. Nos caracteriza nuestra capacidad de creación, compromiso y profesionalidad.",Spain,3.14667,,,
MASTER FLIGHTS,3146670.0,"Spain, Madrid, Getafe, 4 Calle Groenlandia, 28909",https://www.linkedin.com/company/master-flights,www.masterflights.es,"A finales de 1994 un pequeño grupo de profesionales de la aviación comercial, con la complicidad de varias agencias mayoristas españolas, crearon un “air bróker” que nació con la vocación de ayudar a la consolidación de vuelos chárter en rutas de gran tráfico de turistas. Eran los tiempos de gran demanda en los vuelos a Praga y Budapest. Posteriormente, en el verano de 1999 usaron esta misma fórmula para operar vuelos chárter a Egipto. Desde ese año hasta 2011 generaron una inmensa red de vuelos en los que se transportaron cerca de 600.000 pasajeros. El advenimiento de la Primavera Árabe y la inestabilidad que se instauró en varios países de esa zona provocó una caía brutal del turismo en Egipto, y su posterior proceso de estancamiento que ha durado más de siete años. MASTER FLIGHTS nace como heredera de aquellas sinergias y cuenta con la experiencia de los profesionales que crearon aquel sistema de consolidación.",Spain,3.14667,,,
Aerorecycling International S.L.,3129186.0,Spain,https://www.linkedin.com/company/aerorecycling-international-s-l,www.aerorecycling.es,"Somos mucho más que un proveedor, nos convertimos en un partner que te ofrece soluciones a medida en el sector de la gestión de residuos. Buscamos lo mejor para cada cliente. Gestionamos los residuos y realizamos valoración de materiales especiales en todos sus formatos y estados físicos.  Tenemos un alto grado de especialización en la recuperación de metales especiales por lo que adquirimos residuos industriales y optimizamos al máximo la valorización de sus calidades y contenidos. Nos especializamos en 2012 en la recuperación y valorización de materiales procedentes del sector aeronáutico, convirtiéndose en la empresa europea de referencia en stock y valorización de materiales como el Inconel 718, Titanio, Inconel 625 y otras aleaciones altas en níquel y cobalto. Posteriormente hemos continuado introduciendo nuevos servicios y materiales con los que pretendemos ayudarte a la mejora y optimización del proceso productivo obteniendo un importante ahorro en el mismo. 🟢 ¿Por qué elegirnos como partner? 📌Un equipo altamente cualificado en el diseño de soluciones específicas adaptadas a cada cliente. Formado por personas que acumulan muchos años de experiencia, certificadas y formadas en cada una de las actividades necesarias en todos los procesos productivos de la empresa, orientadas a ofrecer la máxima rentabilidad a nuestros clientes. 📌Tenemos todos los medios, la solvencia y la capacidad para responder con rapidez y eficacia a los requerimientos más exigentes. Contamos con todos los medios propios, instalaciones, maquinaria y tecnología para desarrollar todos los servicios con la mayor eficacia posible. 📌Calidad certificada. cumplimos con los estándares de Calidad conforme a la norma UNE-EN ISO 9.001:2.015. Consigue la máxima optimización en tu proceso productivo 📩aerorecycling@aerorecycling.com  📞+34 945 30 08 58",Spain,3.129186,,,
LECU Aviation,3076108.0,"Spain, Madrid, Parla, 66 Calle De Iciar Bollaín, 28981",https://www.linkedin.com/company/lecuaviation,www.lecuaviation.com,👨🎓 Escuela de Pilotos #LECUAviationAcademy  ✈️ Club de Vuelo  💙 Experiencias aéreas,Spain,3.076108,,,
VRDrones,3076108.0,"Spain, Madrid, Madrid",https://www.linkedin.com/company/vrdrones,www.vrdrones.es,"Operador Certificado por la Agencia Estatal de seguridad Aérea AESA dedicado a proveer servicios de imágenes en altura, termografía, vídeos 360º, realidad virtual, además de tecnología de medición y control para geodesia, topografía, cartografía y construcción.",Spain,3.076108,,,
Heronfly,3076108.0,"Spain, Andalusia, Sevilla, 17 Calle Goya, 41005",https://www.linkedin.com/company/heronfly,www.heronfly.com,We are an aviation center specializing in: Pilot training courses Corporate events Aerophobia management Aerial experiences for enthusiasts and the general public,Spain,3.076108,,,
AERODROMO LA JULIANA SL,3076108.0,"Spain, Andalusia, Sevilla",https://www.linkedin.com/company/aerodromo-la-juliana-sl,aerodromolajuliana.es,,Spain,3.076108,,,
ESSENTIAL SERVICIOS AERONAUTICOS SL,3076108.0,"Spain, Madrid, Madrid, 3 Nave 3 Calle Del Arroyo, 28864",https://www.linkedin.com/company/essential-servicios-aeronauticos-sl,essential.com.es,"ESSENTIAL SERVICIOS AERONAUTICOS SL is an individual & family services company based out of Mantenance Aircraft Madrid, Spain.",Spain,3.076108,,,
TRABOSA S.L.,2918337.0,"Spain, Catalonia, Barcelona",https://www.linkedin.com/company/trabosa-s-l-,www.trabosa.com,,Spain,2.918337,,,
CROSSWAYS SERVICES SL,2918337.0,"Spain, Madrid, Coslada",https://www.linkedin.com/company/crossways-services-sl,crosswaysservices.com,,Spain,2.918337,,,
Mecanizados R2G,2884789.0,Spain,https://www.linkedin.com/company/mecanizados-r2g,www.mecanizadosr2g.es,"Mecanizados R2G, S.L. es una empresa que fue fundada en el año 1997, cuya actividad principal desde su nacimiento es el mecanizado de piezas de precisión. Hoy en día trabaja para sectores tan exigentes como el aeronáutico, automoción, petroquímico, investigación..",Spain,2.884789,,,
Compañía Española De Técnica Aeronáutica,2696725.0,"Spain, Madrid, Madrid, 7 Nave C/ De Las Cañas, 28043",https://www.linkedin.com/company/cetasa,www.ceta.aero,"Compañía Española de Técnica Aeronáutica (CETA), S.A. acumula más de 50 años de experiencia en el sector aeronáutico. Concentramos todos los esfuerzos y actividades en la introducción, promoción y apoyo al ciclo de vida de equipos y sistemas de aviónica y de misión a bordo de aeronaves, civiles y militares, así como sistemas no tripulados, aéreos y terrestres. Proporcionamos productos y servicios aeronáuticos de calidad a precios competitivos",Spain,2.696725,,,
Aviating,2517336.0,"Spain, Madrid, Madrid",https://www.linkedin.com/company/aviating,aviating.es,Providing the necessary knowledge and experience for the development of technical solutions adapted to the real operational and tactical needs of clients in the field of defense and commercial aviation,Spain,2.517336,,,
TEAMS S.L.U.,2517336.0,"Spain, Andalusia, La Rinconada, 1 C/ Wilbur Y Orville Wright, 41309",https://www.linkedin.com/company/teams-s.l.,www.teams.es,"Testing and Engineering of Aeronautical Materials and Structures, S.L.  (TEAMS) es una sociedad de reciente creación enfocada a dar soporte técnico a la Industria Aeronáutica en el campo de los materiales, mediante la realización de ensayos mecánicos, físico-químicos y estructurales, así como la verificación y calibración de instrumental de uso industrial. Como Spin-Off de la Universidad de Sevilla, desde sus orígenes en el Grupo de Elasticidad y Resistencia de Materiales (GERM) de la Escuela Superior de Ingenieros Industriales de Sevilla, TEAMS ha aportado esos servicios a la Industria Aeronáutica apoyándose en una larga trayectoria previa en esta clase de actividades.",Spain,2.517336,,,
Aopa Spain,2517336.0,"Spain, Catalonia, Sabadell, S/n Crta Bellaterra, 08205",https://www.linkedin.com/company/aopa-spain,www.aopa-spain.org,"La Asociación de Pilotos y Propietarios de Aeronave de España representa los intereses de la Aviación General y los Trabajos Aéreos ante las autoridades nacionales. Con mas de 500 asociados la asociación dispone de asesoría técnica y jurídica especializada. Aopa Spain esta integrada tanto en Aopa Eu como en I.A.O.P.A. con mas de 450.000 socios en 68 paises. Reconocida como portavoz en OACI,  ECAC, Eurocontrol, Unión Europea, EASA, FAA, IATA, WMO, ITU, etc.",Spain,2.517336,,,
Aerovision UAV,2517336.0,"Spain, Basque Country, Irun, 82-84 Gabiria, 20305",https://www.linkedin.com/company/aerovision-uav,www.aerovision-uav.com,"Aerovision Vehiculos Aereos designs, manufactures and sells of UAV systems. The current product is called Fulmar. Its' Maximum Take-Off Weight (MTOW) is 20kg, and empty weight is 13kg. That leaves 7kg for the payload, which allows for up to 8hr flights. The main advantages of the Fulmar System is its' ability to take-off from a catapult and land in a net, allowing for operation in a quite reduced space. Aerovision is finishing a version of the Fulmar UAS that is able to land on the sea, opening new applications where operation on the sea is required, like patrolling, fisheries, and so on. The company is selling the Fulmar System, which is in a production status, and is the first company in Spain exporting its products.",Spain,2.517336,,,
Gadair European Airlines,2517336.0,"Spain, Madrid, Madrid",https://www.linkedin.com/company/gadair-european-airlines,www.gadair.com,,Spain,2.517336,,,
Business Factory Aero - BFAero,2517336.0,"Spain, Galicia, Lugo, N El Palomar S/, 27004",https://www.linkedin.com/company/12596530,www.bfaero.es,"Business Factory Aero – BFAero es una aceleradora de carácter vertical de la Xunta de Galicia, que busca promover el desarrollo de empresas innovadoras del sector aeronáutico, aeroespacial y de vehículos no tripulados gallego. Cuenta con el respaldo de entidades tractoras con proyección internacional, y está abierta a todas las instituciones y empresas con interés en consolidar en este ámbito un ecosistema de innovación.",Spain,2.517336,,,
Kea Soluciones Aéreas,2517336.0,"Spain, Madrid, Getafe, 2 Calle De La Ceca A La Meca, 28906",https://www.linkedin.com/company/kea-soluciones-aereas,www.keasolucionesaereas.es,"Kea Soluciones Aéreas somos una joven empresa cuyos pilares son la responsabilidad e implicación con cada uno de nuestros trabajos y cada uno de nuestros clientes. Ofrecemos servicios audiovisuales, agricultura de precisión, inspección industrial, seguridad y vigilancia, topografía... La ilusión que sentimos desde el primer minuto es el motor principal del proyecto que nos impulsa a mejorar cada día. ¡Síguenos en redes sociales! https://twitter.com/@KeaSolucionesAE https://www.instagram.com/keasolucionesaereas/ https://www.youtube.com/channel/UCjHtC65_RiyNI4VM0cTqVDg https://plus.google.com/116492637060302799434 www.keasolucionesaereas.es www.servicioscondrones.com No dudes en ponerte en contacto con nosotros (info@keasolucionesaereas.es) , será un placer ayudarte.",Spain,2.517336,,,
CALSOMATU SL,2489523.0,Spain,https://www.linkedin.com/company/calsomatu-sl,calsomatu.com,,Spain,2.489523,,,
Accurer,2487471.0,"Spain, Madrid, San Fernando De Henares, 4 C/ Mar Tirreno, 28830",https://www.linkedin.com/company/accurer,www.accurer.com,"Accurer S.L. es una empresa de mecanizado de alta precisión creada en 2006 con el objetivo de participar en el desarrollo tecnológico de la zona. Fruto de la pasión y know-how de sus fundadores y trabajadores, Accurer S.L da servicio a sectores líderes en la industria nacional e internacional. Dar respuesta a sectores tan exigentes hacen que la innovación y la calidad total sean dos de los principales valores de Accurer.",Spain,2.487471,,,
ACT ADUANAS COMERCIO Y TRANSPORTES SA,2442452.0,"Spain, Madrid, Madrid, 7 Calle Del Foxtrot, 28042",https://www.linkedin.com/company/act-aduanas-comercio-y-transportes,www.actaduanas.es,"Sea usted una empresa o un particular, contacte con nosotros si necesita realizar gestiones ante la Aduana o transportar sus productos a cualquier destino o desde cualquier origen; tras estudiar sus requerimientos le ofreceremos la solución adecuada, con total garantía y seguridad.",Spain,2.442452,,,
CHAISE LONGUE - Elevating Your Experience,2442452.0,"Spain, Madrid, Madrid",https://www.linkedin.com/company/chaiselongue-es,www.spatial.io,"CHAISE LONGUE is a commercial aviation Economy class and Premium Economy class seat, that introduces a double level design, which optimises the space inside the cabin which provides higher levels of comfort, improved passenger experience and increased cabin efficiency. By removing the overhead storage compartments and relocating them underneath the seats, the design provides numerous advantages. Without reducing the seat-pitch (meaning same passenger capacity as nowadays), the CHAISE LONGUE provides much more leg room and overall space, easier accessibility for disabled and PRMs, more posture variation and larger recline angles than any existing economy class seat. All these features create a unique WIN-WIN opportunity for Passengers (to fly better) & Airlines (creating several new revenue streams).  At CHAISE LONGUE, we are prepared, committed, hungry and ambitious to push boundaries and revolutionise the commercial aviation industry.  Welcome to the future of flying, welcome to TEAM COMFORT!",Spain,2.442452,,,
Festival Aéreo Internacional Torre Del Mar,2442452.0,"Spain, Andalusia, Vélez-málaga, Paseo Marítimo Levante, 29740",https://www.linkedin.com/company/festival-aéreo-internacional-torre-del-mar,www.festivalaereotorredelmar.com,"El Festival Aéreo Internacional de Torre del Mar es uno de los mejores eventos aeronáuticos de España y Europa, con participaciones militares y civiles de toda Europa.",Spain,2.442452,,,
Bravo19 ATO,2442452.0,"Spain, Madrid, Madrid, 6 Calle De Valdetorres De Jarama, 28043",https://www.linkedin.com/company/bravo19-ato,bravo19.es,Bravo 19 ATO está autorizada por AESA como E-ATO-319 para impartir los siguientes cursos: -Habilitacion de Tipo ZFTT A320 y A330. -Habilitacion completa con Base Training de A320. -Cursos de transición CCQ A320 A330 A340. -Cursos TRI/SFI A320 A330. -Revalidaciones y Renovaciones A320 A330.,Spain,2.442452,,,
Festival Aereo Internacional De Gijon,2442452.0,"Spain, Asturias, Gijón, Avenida De Rufo García Rendueles",https://www.linkedin.com/company/festival-aereo-internacional-de-gijón,www.festivalaereogijon.com,"A lo largo de las sucesivas ediciones del Festival Aéreo de Gijón han acudido alrededor de 250.000 personas a cada edición. Son ya algunos millones de personas las que han disfrutado de la cita aeronáutica más emblemática en España, el Festival Aéreo Internacional de Gijón.",Spain,2.442452,,,
AVIASPORT S.A.,2330102.0,"Spain, Madrid, Tres Cantos",https://www.linkedin.com/company/aviasport-s-a-,www.aviasport.com,"AVIASPORT S.A con sede social esta situada en el polígono industrial de Tres Cantos , a 20 Km. de Madrid.  No es solo una empresa del sector aeronáutico de ultraligeros, más bien es la empresa que creo este sector para España. Representación de las principales marcas: TODO PARA LA AVIACION DEPORTIVA - MOTORES ROTAX DE AVIACIÓN - PIPISTREL - SKYLEADER - RANS - GPS GARMIN - GPS AVMAP - ICOM - VERTEX - XCOM - MICROAIR - DYNON - SPOT - ZAON - INSTRUMENTOS DE MOTOR - INSTRUMENTOS DE VUELO - MATCO - BERINGUER -",Spain,2.330102,,,
IBIZAIR,2247174.0,"Spain, Balearic Islands, Ibiza",https://www.linkedin.com/company/ibizair-sl,www.ibizair.com,IBIZAIR SL General Aviation,Spain,2.247174,,,
INP 96 SL,2222967.0,"Spain, Madrid, Madrid, 118 Calle De Núñez De Balboa",https://www.linkedin.com/company/inp-96-sl,inp96.es,"INP 96 SL is a consumer goods company based out of CALLE DE NÚÑEZ DE BALBOA, 118, MADRID, Spain.",Spain,2.222967,,,
AIRFLUID CENTER SL,2054049.0,"Spain, Catalonia, Barcelona",https://www.linkedin.com/company/airfluid-center-sl,airfluid.net,,Spain,2.054049,,,
Rohu Innovations,2054049.0,"Spain, Catalonia, Corbera De Llobregat, 08757",https://www.linkedin.com/company/rohu-innovations,rohuinnovations.com,"ROHU Innovations es una empresa con alta experiencia aeronáutica y capacidad de mentalidad abierta a la innovación en fabricación de UAS, desarrollo de software y servicios para la ayuda mutua de las empresas, personas y el ambiente. Somos una empresa especializada en la fabricación y operación de aeronaves no tripuladas, que esta al alcance de las necesidades de los clientes, con capital humano capacitado que cuenta con una amplia experiencia en áreas aeronáuticas y comerciales, con pilotos certificados y en continua capacitación, siempre respetando las normas aeronáuticas vigentes conforme a las disposiciones legales y actuales.",Spain,2.054049,,,
AUTOREPUESTOS NUCHO SL,2054049.0,"Spain, Canary Islands, Las Palmas De Gran Canaria",https://www.linkedin.com/company/autorepuestos-nucho-sl,nucho.com,,Spain,2.054049,,,
SERVEIS DE PORT DE CADAQUES SL,1923192.0,Spain,https://www.linkedin.com/company/serveis-de-port-de-cadaques-sl,spcadaques.com,,Spain,1.923192,,,
Tailwinds RSA,1923192.0,Spain,https://www.linkedin.com/company/tailwinds-rsa,www.tailwindsrsa.com,"Tailwinds RSA is an aviation Consulting company specializing in Israeli aviation technologies , special mission aircraft and aviation safety in the Middle East and Africa.",Spain,1.923192,,,
Aviació Adaptada,1888002.0,"Spain, Catalonia, Òdena, 08711",https://www.linkedin.com/company/aviacioadaptda,aviacioadaptada.cat,"La jornada d'Aviació Adaptada és un projecte compromès amb la idea de facilitar que les persones amb discapacitat puguin gaudir de l’aviació i de tot el que comporta aquesta. En definitiva, volar i que l’aviació deixi de tenir barreres.  Amb aquesta jornada neix la idea de que l’aviació pugui arribar a tothom i té una finalitat molt clara, que tothom pugui tenir l’oportunitat de volar i de sentir-se lliure al cel.  Durant aquesta jornada s'aconsegueix reunir 100 persones amb discapacitat, més de 100 voluntaris i 35 pilots. Els ultims anys s'ha celebrat a l'aeròdrom d'Igualada-Òdena.",Spain,1.888002,,,
Airea Air,1888002.0,"Spain, Catalonia, Barcelona, 102 B Ronda General Mitre, 08021",https://www.linkedin.com/company/airea-air,www.airea.world,"Pilot Jobs ,Pilot Recruitment ; Training; ACMI; Aviation Consulting",Spain,1.888002,,,
Desarrollo Ingeniería Y Producción S.L.,1888002.0,"Spain, Madrid, Madrid",https://www.linkedin.com/company/desarrollo-ingenier-a-y-producci-n-s-l-,www.ingenieria-dip-madrid.com,"Empresa fundada en 1.994, centra su actividad en proporcionar servicios como la resolución e implementación de problemas complejos para grandes empresas del sector aeronáutico y del automóvil desarrollando equipos, investigando conceptos y facilitando apoyo tecnológico en aquellas áreas en las que, por su propio tamaño, estas empresas no resultan eficientes. Los objetivos de DIP S.L. se centran en plasmar las especificaciones del cliente utilizando inputs sencillos y emplear extensivamente las técnicas de prototipado para ofrecer soluciones rápidas y precisas. Para la consecución de sus objetivos DIP S.L fundamenta su actividad en la capacidad de servicio centrada en desarrollar cada proyecto buscando siempre dar valor añadido, en la fabricación de unidades funcionales en muy corto plazo y en hacer al cliente parte activa en el desarrollo del proyecto. Todo este proceso de apoya en la autonomía que ofrece DIP S.L., siempre que sea posible, y en la capacidad de exploración de todos los caminos tecnológicamente posibles empleando recursos tecnológicos reducidos. La capacidad de innovación, la honestidad, el compromiso con el cliente y una reinversión constante como medio para mejorar la empresa son los valores sobre los que se cimienta la actividad empresarial de la compañía desde su creación en 1994.",Spain,1.888002,,,
ASTILLEROS JM ARMADA SL,1888002.0,"Spain, Galicia, Vigo",https://www.linkedin.com/company/astilleros-jm-armada-sl,astillerosjmarmada.com,,Spain,1.888002,,,
SkyWay Conferencias & Eventos,1888002.0,"Spain, Madrid, Madrid, 28040",https://www.linkedin.com/company/euroavia-madrid,www.euroaviamadrid.com,Nuestro objetivo es fortalecer la conexión entre los estudiantes y la industria aeroespacial y aeronáutica y estimular el intercambio cultural. https://www.instagram.com/skyway_etsiae/profilecard/?igsh=dHJsemJ4MW0wc2Fm Euroavia.aeroespacial@upm.es,Spain,1.888002,,,
JOSDAN APLICACIONES LASER S.L.,1888002.0,"Spain, Castille And León, Burgos",https://www.linkedin.com/company/josdan-aplicaciones-laser-s-l-,www.josdan.es,"Somos una empresa ubicada en Burgos y que si bien inicialmente se dedicó a la soldadura láser, actualmente en vista del buen resultado de la tecnología láser y de la buena acogida entre nuestros clientes, ha ampliado los servicios a la limpieza y el grabado también por láser. Una de nuestras principales virtudes es que todas nuestras máquinas son portátiles, siendo capaces de atender a nuestros clientes en sus propias instalaciones, con lo que se evitan costes de traslado de moldes/utillajes y se reducen los tiempos de máquina parada.  La soldadura láser, aporta la distinción de que no se producen distorsiones térmicas ni mecánicas en los materiales procesados, no se varía la dureza, se puede soldar cualquier tipo de metal (Cu, Cu-Be, Aluminio, Titanio, Acero, Plata, etc…) además de que al tratarse de una soldadura más precisa se reducen las tareas posteriores de ajuste. Todo ello hace de la soldadura láser el método idóneo para reparaciones y/o modificaciones de molde y utillajes y eliminación de grabados. Todo ello partiendo del asesoramiento técnico y la profesionalidad de técnicos cualificados y con amplia experiencia en el sector. El grabado-marcado láser  nos permite insertar cualquier referencia, logotipo, fechador, etc… en los moldes o el utillaje de una determinada empresa, a partir de un diseño entregado por el propio cliente o a partir de diseños creados por nosotros mismos.  En cuanto a la limpieza láser, se trata de un proceso en el que se vaporiza la suciedad, no existiendo contacto físico con el material a limpiar, y con el que se evita el uso de productos químicos, la generación de residuos, y el empleo de medios mecánicos de limpieza que implican la aparición de marcas y con el tiempo variaciones dimensionales.   Toda nuestra experiencia y buen hacer, nos ha llevado a que importantes empresas españolas hayan confiado en nosotros y nuestras maquinas láser para desarrollar trabajos en empresas del mismo grupo en el extranjero.",Spain,1.888002,,,
LOGITRANS EXPRES SL,1888002.0,"Spain, Madrid, Madrid",https://www.linkedin.com/company/logitrans-expres-sl,www.logitransexpress.com,,Spain,1.888002,,,
XPLORERS,1888002.0,"Spain, Madrid, Madrid, 30 Calle De Emilio Ferrari, 28017",https://www.linkedin.com/company/xplorerstravel,www.xplorers.eu,"XPLORERS es una agencia de viajes especializada en billetes aéreos de largo recorrido, así como en viajes a medida a destinos de Sudeste Asiático, Australia, Nueva Zelanda y en vueltas al mundo. También ofrecemos servicio integral para empresas así como gestión de grupos.",Spain,1.888002,,,
Global Sky Brokers,1888002.0,"Spain, Madrid, Madrid, 146 Paseo De La Castellana, 28046",https://www.linkedin.com/company/global-sky-brokers,www.globalskybrokers.com,Global Sky Brokers is dedicated to provide a bespoke air cargo premium solution offering a full range of aircraft from light turbo propellers to heavy freighters or Door-To-Door Service including ALL IN rates per kg. Our team of experts stand by 24/7 to provide you the best solution tailored to your cargo needs.,Spain,1.888002,,,
Asociación Valenciana De Astronomía,1888002.0,"Spain, Valencia, Valencia/valència, 16 Calle Del Profesor Blanco, 46014",https://www.linkedin.com/company/astroava,www.astroava.org,"Asociación cultural sin ánimo de lucro dedicada al estudio, investigación y divulgación de la astronomía.",Spain,1.888002,,,
Asociacion Amigos Del Museo Del Aire,1888002.0,"Spain, Madrid, Madrid, Km. 10,7 Aut A-5, 28024",https://www.linkedin.com/company/asociacion-amigos-del-museo-del-aire,www.aama.es,"Aama es una asociación sin animo de lucro cuyos socios comparten su pasión por la aviavión. Las actividades de la AAMA, se centran en cuatro grandes bloques:   §  CRM.- Actuamos sobre los aviones expuestos para mantener su condición de exposición y preservación.   §   Guías.- Con la realización de miles de guiados, atendemos más de 25.000 visitantes cada año.   §   Fotografía.- Actividad en auge que con la dirección de profesionales expertos, realizan continuas actividades.   §   Maquetismo y aeromodelismo.- Actividad en reestructuración que en un futuro cercano, iniciará sus actividades.   §  Finalmente, y aunque no es una sección constituida, pero una de las más apreciadas, hay que tener en cuenta la viva y extraordinaria actividad de conferencias, visitas exteriores, viajes, etc. que continuamente estamos realizando para ofrecer a nuestros asociados.",Spain,1.888002,,,
ELA AVIACION S.L.,1883084.0,"Spain, Cordoba, Fuente Obejuna, Pon Ind El Blanquillo Nave Aviacion, 14290",https://www.linkedin.com/company/ela-aviacion-s-l,www.elaaviacion.com,"Our company goal is to share and expand our passion around the globe and develop and produce gyroplanes, at the highest level possible.",Spain,1.883084,,,
NAVALSUR ELECTROMECANICA SL,1705778.0,"Spain, Andalusia, Cadiz",https://www.linkedin.com/company/navalsur-electromecanica-sl,navalsur.com,,Spain,1.705778,,,
Heron Aviation España,1684791.0,"Spain, Madrid, San Sebastián De Los Reyes",https://www.linkedin.com/company/heronaviation-es,heronaviation.com,"✈️ 𝗛𝗲𝗿𝗼𝗻 𝗟𝘂𝗳𝘁𝗳𝗮𝗵𝗿𝘁 𝗚𝗺𝗯𝗛 & 𝗖𝗼. 𝗞𝗚 (𝗛𝗲𝗿𝗼𝗻 𝗔𝘃𝗶𝗮𝘁𝗶𝗼𝗻) launched its journey in 2009, backed by a team with over 30 years of experience in executive aviation. Since day one, we've specialised in delivering tailored, end-to-end solutions in both charter operations and private aircraft management. In 2018, we expanded with the creation of Heron Aviation Spain, based in Madrid, to offer a premium service to Spanish-registered aircraft under our AOC. Our local team of experts covers engineering, flight operations, customer service, commercial management and administration -ensuring a seamless, high-end experience for owners. 🚀 Our current fleet includes: • 2× Cessna Citation 510 Mustang • 1× Cessna Citation 525 M2 • 1× Cessna Citation 525 • 1× Cessna Citation 560 XLS+ • 1× Dassault Falcon 8X • 1× Dassault Falcon 900 EX • 1× Pilatus PC-12 🔗 At Heron, we combine expertise, agility and personalised attention to provide effortless business aviation solutions.",Spain,1.684791,,,
PsicologoAeronautico.com,1671102.0,"Spain, Madrid, Madrid, 35 Conde De Peñalver, 28006",https://www.linkedin.com/company/psicologoaeronautico,psicologoaeronautico.com,"Centro especializado en psicología aplicada a la aeronáutica. Evaluamos las capacidades psicológicas de los profesionales vinculados a la aviación. Psicólogos con años de experiencia en psicología clínica, forense y aeronáutica",Spain,1.671102,,,
EUROSKY CORPORATE SOUTIONS S.L.,1671102.0,"Spain, Catalonia, Barcelona, 39-41 C/ Avenir, 08021",https://www.linkedin.com/company/eurosky-corporate-solutions-s-l-,www.eurosky-solutions.com,"Eurosky es un broker aéreo que tiene la ventaja de dominar tanto la aviación comercial como la aviación ejecutiva. Muchos brokers dominan un segmento del mercado pero tienen dificultades a la hora de proporcionarle una respuesta global, rápida y de calidad. Eurosky es su interlocutor para todos sus vuelos charter. El equipo humano de Eurosky Corporate Solutions está constituido por unos profesionales que cuentan con varios años de experiencia en los sectores de la aviación de negocio y comercial. Nuestro objetivo es proporcionarle calidad de servicio y seguridad al precio más competitivo. Pasión para el trabajo bien hecho, atención personalizada a nuestros clientes, búsqueda de soluciones innovadoras, garantía de rapidez y seguridad son algunas de la cualidades que ponemos a su disposición. Nuestra ambición es colaborar en su éxito.",Spain,1.671102,,,
GABINETE BUENAVISTA SL,1671102.0,"Spain, Castille-la Mancha, Albacete",https://www.linkedin.com/company/gabinete-buenavista-sl,www.gabinetebuenavista.es,"GABINETE BUENAVISTA SL is an airlines/aviation company based out of CALLE ZAPATEROS, 4, ALBACETE, Albacete, Spain.",Spain,1.671102,,,
The Freighter,1671102.0,"Spain, Catalonia, Barcelona, 08860",https://www.linkedin.com/company/the-freighter,www.the-freighter.com,Our sights are set on offering airfreight solutions to Spanish forwarders,Spain,1.671102,,,
LEONDRON SL,1671102.0,"Spain, Castille And León, León, 7,1 C/ Virgen De Loreto, 24198",https://www.linkedin.com/company/leondron-sl,leondron.com,"LEONDRON SL is a retail company based out of C/ Virgen de Loreto 7, 1º,24198,Virgen del Camino,León, Spain. Operaciones Aerodromo Chozas de Abajo.león.",Spain,1.671102,,,
AERA - Clúster De Aeronáutica Aeroespacial Y Defensa De Aragón,1671102.0,"Spain, Aragon, Zaragoza, 11 Nave 6 Calle De María De Luna, 50018",https://www.linkedin.com/company/aera-aragonian-aerospace-cluster,www.aeronauticaragon.com,"Clúster Aeronáutico, aeroespacial y defensa de Aragón, con la innovación y la colaboración como motor de desarrollo. !Únete a AERA para crecer!",Spain,1.671102,,,
VOL9,1671102.0,"Spain, Barcelona, Sallent, Km.59 Carretera C-16, 08650",https://www.linkedin.com/company/vol9-s-l,www.vol9.cat,Empresa gestora del campo de vuelo de ultraligeros Sallent - Pla de Bages,Spain,1.671102,,,
Praemisit,1671102.0,"Spain, Valencia, Valencia",https://www.linkedin.com/company/praemisitavant,praemisit.eu,"In Praemisit we offer aeronautical engineering consulting solutions on several technical disciplines allowing the companies to challenge new opportunities. We count on a staff and a network with a long professional career in aeronautical engineering and with an excellent track record within the competent Authorities. We hold a holistic view of Initial Airworthiness issues including Flight Testing, as well as its links with other technical fields within aeronautical regulation. We are passionate about aviation. Based on our integrity, we build collective working partnerships with our customers and go beyond expectations.  We believe in values: Resolutive We, with our excellent network, have enough expertise to go straight to the point. Honesty We believe in human relationships; we believe in people. Transparency is key for us. Trustworthiness We have total trust in you so you can totally trust us. Confidentiality We are aware of the value of information developed by our customers throughout the years. Let's face new challenges together. Contact us and share what you do need. We’ll tell you how we can help you and collaborate to find the best solution. - Praemisit Team",Spain,1.671102,,,
Ohana Aviation,1671102.0,"Spain, Madrid, Madrid",https://www.linkedin.com/company/ohana-aviation,ohanaaviation.com,"Este club surge del concepto de familia, inspirado en el término hawaiano «Ohana». Basándonos en él, tres amigos apasionados de la aviación, decidimos formar el primer club privado con avión propio. Hemos querido inspirarnos en este concepto para dar un nuevo sentido a la aviación privada en España. Queremos apostar por un concepto innovador y fresco, un club con espíritu de aventura, joven, elegante y siempre respetando el romanticismo de los principios de la aviación. Nuestra pequeña gran familia. Bienvenidos a OHANA",Spain,1.671102,,,
Antos Gestion Integral De Aeronaves,1671102.0,Spain,https://www.linkedin.com/company/antos-gesti-n-integral-de-aeronaves,info@antos.es,"Empresa líder en su segmento dedicada a la gestión de aviones privados en España situada en Madrid. Nuestros clientes disfrutan del placer de viajar por Europa sin complicaciones ni inconvenientes, con una gestión personalizada a la medida de sus necesidades.",Spain,1.671102,,,
Talleres Cerveró S.L.,1671102.0,"Spain, Valencia, Ribarroja Del Turia, Núm. 6 C/g",https://www.linkedin.com/company/talleres-cerver-s-l-,www.mecanizadoscervero.com,"Empresa líder en la fabricación de piezas metálicas con personal altamente cualificado, maquinaria de control numérico, así como la última tecnología en sistema CAD-CAM. Con grandes clientes dentro de los sectores de aeronáutica, alimentación, industria naval y ferroviaria.",Spain,1.671102,,,
AEROYUR Aeropuertos Y Urbanizaciones S.L.,1671102.0,Spain,https://www.linkedin.com/company/aeroyur-aeropuertos-y-urbanizaciones-s.l.,www.aeroyur.es,,Spain,1.671102,,,
FlySociety,1671102.0,"Spain, Madrid, Madrid, 5 Calle De La Bahía De Pollensa, 28042",https://www.linkedin.com/company/fly-society-private-aviation,flysociety.com,"We are FlySociety, a highly specialized private jet charter company with offices in Europe and the Middle East. Since 2016, we’ve simplified private jet travel, making it truly effortless and seamless.  At the core: private jet charter, made simple. Driven by a global mindset and guided by local expertise, we’re connected worldwide and built around you.",Spain,1.671102,,,
ESNA - Escuela Superior De Navegación Aérea,1671102.0,"Spain, Asturias, Oviedo, 83 Calle Del General Elorza, 33001",https://www.linkedin.com/company/esna-escuela-superior-de-navegación-aérea,www.esnaeuropa.com,"Escuela de Auxiliares de Vuelo con sedes en Oviedo y Valladolid. Premio Excelencia Educativa 2019, 2020, 2021 a la mejor Escuela de Auxiliares de Vuelo de España.",Spain,1.671102,,,
Cenital Norte,1671102.0,"Spain, Valencia, Ribarroja Del Turia, 46190",https://www.linkedin.com/company/cenital-norte,,"CENITAL NORTE, es un proyecto, que nace en plena transición normativa de UAS (Unmanned Aerial System), nuestro objetivo es solventar las necesidades que se están creando actualmente dentro del sector de las aeronaves no tripuladas  La unión del equipo principal de CENITAL NORTE, ha sido desarrollado por su CEO | Alberto González Blanco, se introdujo en el mundo de los UAS certificándose como piloto avanzado  Instructor / Examinador y Radiofonista de mano del RD 1036/2017, más tarde llegaría la Normativa Europea para acoplarse transitoriamente mediante el Reglamento de Ejecución (UE) 2019/947 a la nueva unificación de criterios operacionales en todo el escenario Europeo, y por ende, a la nueva y actual estructura homogénea que dará lugar al nuevo Real Decreto en nuestro país, el cual sin lugar a dudas regulará y transformará por completo  el sector de las aeronaves no tripuladas tal y como lo conocemos hasta ahora, generando así un abanico de posibilidades infinitas, y que tendrán su máximo exponente en un denominador común, los UAS y sus aplicaciones.",Spain,1.671102,,,
AVIATION VIP SL,1671102.0,"Spain, Madrid, Madrid, Carretera Del Barrio De La, 28054",https://www.linkedin.com/company/aviation-vip-sl,aviationvip.com,"AVIATION VIP, S.L. is an aeronautical group with several business branches EASA/AESA approved. ✈︎ Continuing Airworthiness Management Organization w/ airworthiness review privileges CAMO+ (ES.CAMO.053) ✈︎ Approved Training Organization ATO (E-ATO-173) ✈︎ Cabin Crew training organization (TCP/AVV/MAD)",Spain,1.671102,,,
SingleDesk,1671102.0,"Spain, Madrid, Madrid, 11 Avenida De Niceto Alcalá Zamora, 28050",https://www.linkedin.com/company/singledesk,singledesk.eu,"Hemos digitalizado las tareas de solicitar y conceder autorizaciones, permisos, consultar información aeronáutica y realizar una coordinación efectiva en pleno vuelo para todos los actores del ecosistema con un compromiso: simplificarte la vida y darte tranquilidad.",Spain,1.671102,,,
ALA Asociación Líneas Aéreas,1669788.0,"Spain, Madrid, Madrid, 57 Gran Vía, 28013",https://www.linkedin.com/company/ala-asociacion-de-lineas-aereas,alaspain.com,"ALA, Asociación de Líneas Aéreas, es la asociación de referencia del sector aéreo en España y la organización líder por tráfico aéreo en este país. Aglutina el 85% del tráfico aéreo en España, incluyendo a las 10 aerolíneas con más tráfico. Fundada en 1952, ALA integra más de 60 Compañías Aéreas que operan en España, tanto nacionales como internacionales. ALA y ACETA, las dos asociaciones nacionales de referencia del sector en España, se fusionaron en diciembre de 2019 para representar con más determinación los intereses de la industria aérea. ALA tiene entre sus objetivos defender los intereses colectivos de sus asociados y de la industria en general ante los organismos que regulan la actividad del transporte aéreo, asesorar a los asociados sobre asuntos de interés común de la industria del transporte aéreo y velar por la seguridad y la calidad de los servicios prestados por las compañías aéreas. Gracias a su alto nivel de conectividad las líneas aéreas ayudan a situar a España en el mapa mundial y son un impulsor de la economía y la industria turística española. Llevamos más de 65 años mejorando el transporte aéreo en España, comprometidos con las condiciones regulatorias tanto a nivel español como europeo y haciendo frente a los retos y desafíos del sector a la vez que trabajamos para que el transporte aéreo sea más sostenible con el medio ambiente.",Spain,1.669788,,,
Mecanizados Tecmaer,1547637.0,"Spain, Madrid, Alcalá De Henares, Nº8 Nave 12 C/rumanía, 28802",https://www.linkedin.com/company/mecanizados-tecmaer,www.tecmaer.es,"Somos una empresa de mecanizado que empezó en el 2006. Nos dedicamos a la fabricación de piezas de manera exclusiva. Nuestra clientela es bastante heterogénea, tenemos acuerdos con empresas que se dedican al sector aéreo, farmaceútico, automovilistico... En definitiva, Tecmaer ofrece un servicio altamente especializado, por lo que nos adecuamos a la demanda de cada uno de nuestros clientes. Trabajando siempre desde la confidencialidad, pero a la vez forjando una relación cercana y empática.",Spain,1.547637,,,
START Project H2020,1538054.0,"Spain, Madrid, Madrid, 28911",https://www.linkedin.com/company/start-project-h2020,start-atm.com,"One of the key enablers of Trajectory Based Operations (TBO) is the automated updating of trajectories in reaction to developing uncertainties. However, a high frequency of updates and modifications leads to degraded system stability. The overall goal of START (a Stable and resilienT ATM by integrAting Robust airline operations into the neTwork) is to develop, implement, and validate optimisation algorithms for robust airline operations that result in stable and resilient ATM performance even in disturbed scenarios. This project has received funding from the SESAR Joint Undertaking (JU) under grant agreement No 893204. The JU receives support from the European Union’s Horizon 2020 research and innovation programme and the SESAR JU members other than the Union.",Spain,1.538054,,,
Global3Aereo,1538054.0,"Spain, Aragon, Teruel, 2 Calle San Damián, 44003",https://www.linkedin.com/company/global3aereo,www.global3aereo.es,"G3A es una compañía española integradora de servicios aeroespaciales y logísticos, que rentabiliza aeropuertos y posiciona a las compañías mejorando su presencia en la red global, con mínimo capital y aumenta su rentabilidad La red de Eco Parques Aeroespaciales y Logísticos Global3Aereo · EPA G3A está dedicada al desarrollo y gestión, en diferentes regiones del globo, del EcoParque Aeroespacial y Logístico • EPA G3A: el 1º Centro Exclusivo Aeroespacial Estratégico del mundo como Puerto Seco ‘Green’ para centralización logística e industrial.   Se trata de un desarrollo innovador, respetuoso medioambientalmente y eco sostenible con base tecnológica.",Spain,1.538054,,,
The Good Fly,1538054.0,"Spain, Balearic Islands, Binissalem",https://www.linkedin.com/company/the-good-fly,,Sky was never the limit,Spain,1.538054,,,
Thejetsset,1538054.0,"Spain, Madrid, Madrid, 5c Calle Marqués De Casa Tilly 32 Edificio Novoveral V Oficina, 28052",https://www.linkedin.com/company/thejetsset,thejetsset.com,Contrate con nosotros sus servicios de vuelo privado. Siempre damos el mejor precio. Cobertura global y asistencia 24/7 por nuestros expertos en aviación.,Spain,1.538054,,,
APSM ALICANTE SL,1538054.0,"Spain, Valencia, Rojales, Avda De Los Alamos S/n Poligono Industrial Los B",https://www.linkedin.com/company/apsm-alicante-sl,apsmotor.es,,Spain,1.538054,,,
Ingeniamp,1538054.0,"Spain, Balearic Islands, Palma",https://www.linkedin.com/company/ingeniamp,www.ingeniamp.com,MRO Solutions,Spain,1.538054,,,
TECNICA AERONAUTICA SEVILLA SL,1538054.0,"Spain, Andalusia, Alcalá De Guadaira, Nº 65 Calle 8, 41500",https://www.linkedin.com/company/tecnica-aeronautica-sevilla-sl,tasesl.com,TECNICA AERONAUTICA SEVILLA SL,Spain,1.538054,,,
WindTrotterBalloons - Publicidad En Globo,1538054.0,"Spain, Madrid, San Lorenzo De El Escorial",https://www.linkedin.com/company/windtrotterballoons,windtrotterballoons.com,"Creamos campañas de marketing no convencioanles a través de la personalización de Glogos Aerostáticos.  Contamos con el privilegio de trabajar con marcas como Coca-Cola, Opel, Land Rover, Cepsa, Frigo o Seur entre otras ayudándoles a crear campañas en globo personalizados para eventos corporativos o populares. ¿Necesitas una propuesta visual de cómo podría quedar tu globo o la de tu cliente? nuestro equipo de marketing y diseño se encargará de preparar una propuesta ad hoc que represente un plan de marketing no convencional. Nuestro servicio es global, nos encargamos de todo (diseño, producción, planificación, coordinación y report). De este modo, no os tendréis que preocupar de nada, nuestro equipo se encargará de todo.",Spain,1.538054,,,
ALARM Project,1538054.0,"Spain, Madrid, Madrid, 28911",https://www.linkedin.com/company/alarm-project-h2020,www.alarm-project.eu,"The overall objective of ALARM (“multi-hAzard monitoring and earLy wARning systeM” (ALARM)) is to develop a prototype global multi-hazard monitoring and Early Warning System (EWS). A global multi-hazard monitoring means near-real time (NRT) and continuous global Earth observations from satellite, with the objective to generate prompt alerts of natural hazards affecting Air Traffic Management (ATM) and to provide information for enhancing situational awareness and providing resilience in crisis. This project has received funding from the SESAR Joint Undertaking (JU) under grant agreement No 891467. The JU receives support from the European Union’s Horizon 2020 research and innovation programme and the SESAR JU members other than the Union.",Spain,1.538054,,,
SIAM Cluster,1538054.0,"Spain, Aragon, Zaragoza, 10 Pl. De Aragón, 50004",https://www.linkedin.com/company/cluster-siam,clustersiam.es,"The SIAM Cluster Association (Spanish Innovative Air Mobility) was created to become an international benchmark for innovation and high technology in the air mobility sector in Spain. It integrates commercial companies, research units, associations, and other entities with a national and international vocation in this sector. They freely associate to boost the interaction of the different agents, with the aim of dynamizing and fostering relationships between them, involving them in collaborative exchange processes aimed at obtaining advantages or benefits derived from the execution of innovative joint projects, which allow improving the competitiveness of its members and their international projection and visibility. The Cluster will aim to manage, promote, defend, coordinate, and represent the common interests of its members, as well as increase their competitiveness in sectors related to the field of air mobility, which allows them to face any challenges and opportunities that derive from it, as well as promote the development of the necessary infrastructure. All this by promoting research, development, and innovation in the products and services of its members. SIAM is a non-profit association, and its objective is to facilitate the entry of innovation into the market, through collaboration in the creation of new disruptive business models. In this way, it becomes the meeting point of the country’s companies, facilitating their communication and positioning Spain’s know-how on new market niches, with the same aim of being a reference at an international level. The interaction between companies, as a result of the Cluster, will be managed respecting at all times the right to competition and concurrency of its associates.",Spain,1.538054,,,
Providing Heading,1538054.0,Spain,https://www.linkedin.com/company/providingheading,www.providingheading.com,"Creamos un plan de vuelo estratégico en todas las operaciones que una aeronave necesita, basadas en la confianza y honestidad,  lo que se traduce en transparencia, seguridad y eficiencia para nuestros clientes. Formamos un equipo multidisciplinar que de forma ágil ponemos el foco en aquellos aspectos relevantes en la gestión de cada avión. Our flight plan is based on the creation of a strategy in the design of all operations based on trust and honesty, which translates into transparency, safety and efficiency for our clients. Multidisciplinary team that in an agile way is able to focus on those relevant aspects in the management of each aircraft.",Spain,1.538054,,,
Taer Andalus SA,1538054.0,"Spain, Andalusia, Córdoba",https://www.linkedin.com/company/taer-andalus-sa,www.flysur.com,,Spain,1.538054,,,
SOLUCIONES ELECTRICAS Y METALURGICAS SL,1538054.0,"Spain, Galicia, Vigo",https://www.linkedin.com/company/soluciones-electricas-y-metalurgicas-sl,solemsl.es,,Spain,1.538054,,,
Wondair On Demand Aviation SLU,1538054.0,Spain,https://www.linkedin.com/company/wondair-on-demand-aviation-slu,www.wondair.com,"Volando más y más alto cada día       Desde sus inicios, en el año 1990, Wondair ha ido ganando altura como operador en el sector de la aviación ejecutiva. Ampliando los servicios que es capaz de ofrecer a sus clientes y consolidando cada uno de estos valosres que hemos hecho estandarte de la compañía: servicio, calidad, adaptación a las necesidades de nuestros cllientes y mejora continua.  Nuestra apuesta por estos valores nos ha llevado a que recientemente hayamos ampliado nuestra actual flota adquiriendo 36 aviones Embraer Phenom 100 y Phenom 300 que junto a nuestra política de expansión, conlleva la apertura de una extensa red de bases y nos sitúa como la más relevante compañía del Sur de Europa en el segmento de la aviación ejecutiva de corto y medio alcance. Fruto de este largo vuelo, son la extensa variedad de programas que nuestro equipo hace posible:          Chárter  Aviación ejecutiva convencional Paquete de horas  Programa Premium  Premium Jet Card Propiedad total o parcial de aviones (fractional) Abanderamiento de aviones y gestión de flotas",Spain,1.538054,,,
Teras Aviation Ltd.,1538054.0,"Spain, Madrid, Madrid, Calle De Camarena, 28047",https://www.linkedin.com/company/teras-aviacion-slne,www.terasaviacion.com,"TERAS AVIACION SLNE is a company dedicated to providing services in aviation related to training, consulting and technical support.",Spain,1.538054,,,
DOMINGUEZ TOLEDO SA,1538054.0,"Spain, Andalusia, Málaga",https://www.linkedin.com/company/dominguez-toledo-sa,mayoralaviation.com,,Spain,1.538054,,,
MARINE POWER MENORCA SL,1538054.0,"Spain, Balearic Islands, Es Castell",https://www.linkedin.com/company/marine-power-menorca-sl,fourwinnsmenorca.com,,Spain,1.538054,,,
UPilots,1538054.0,Spain,https://www.linkedin.com/company/upilots,upilot.eu,"UP is a company meant to provide one main service: high quality pilots for leasing. This is the core of the company, so all the efforts taken are focus on improving it, in order to ensure a continuous improvement in quality and performance of UP pilots. All departments involved in the whole cockpit crew leasing service are formed by qualified people capable of high performance on their field and of taking the best of each pilot. All activities involved are always made focus on a high quality service.  In order to take advantage of the know-how of UP, other additional services can be offered, services which could be found interesting by customers: •	Recruitment service of pilots for the customer. •	Cockpit crew leasing for both Ferry Flight and Wet Leasing. •	Crew management consultancy.",Spain,1.538054,,,
NAUTICA JAVIER ALCARRIA SL,1538054.0,"Spain, Valencia, Castelló De La Plana",https://www.linkedin.com/company/nautica-javier-alcarria-sl,jetsmarivent.com,,Spain,1.538054,,,
Iberia Spain,1538054.0,"Spain, Madrid, Madrid",https://www.linkedin.com/company/iberia-spain,grupo.iberia.es,"Somos la primera aerolínea de España y nuestra vocación es ser siempre la mejor opción a la hora de reservar las vacaciones o viajes de trabajo. Llevamos 96 años. Con una flota de 160 aviones, ofrecemos una amplia oferta de destinos, 138 en Europa, América, África, Oriente Medio y Asia, y unos 380 adicionales en colaboración con nuestros socios. En esa red global, juegan un papel especial las conexiones entre Europa y América Latina, donde estamos orgullosos de ser la aerolínea líder y trabajamos cada día por seguir siendo merecedores de ese liderazgo. //// We are the first airline in Spain and our vocation is to always be the best option when booking holidays or business trips. We have been in business for 96 years. With a fleet of 160 aircraft, we offer a wide range of destinations, 138 in Europe, America, Africa, the Middle East and Asia, and some 380 more in collaboration with our partners. In this global network, the connections between Europe and Latin America play a special role, where we are proud to be the leading airline and where we work every day to remain worthy of this leadership.",Spain,1.538054,,,
Airdron250,1538054.0,Spain,https://www.linkedin.com/company/airdron250,www.airdron250.es,Servicios aéreos audiovisuales y servicios técnicos,Spain,1.538054,,,
VUELEA Air Services,1538054.0,Spain,https://www.linkedin.com/company/vuelea,vuelea.es,,Spain,1.538054,,,
Monty Charter,1538054.0,"Spain, Andalusia, Marbella, 29660",https://www.linkedin.com/company/monty-charter,es.puertobanuschartermonty.com,"Rent your private yacht in Puerto Banús Marbella and enjoy the feeling of navigate, sea partys, nautical activities and much more!!",Spain,1.538054,,,
VINAVAL SAL,1538054.0,Spain,https://www.linkedin.com/company/vinaval-sal,vinaval.es,,Spain,1.538054,,,
Girodrones,1538054.0,"Spain, Catalonia, Girona",https://www.linkedin.com/company/girodrones,www.girodrones.es,Esmpresa de servicios aeronáuticos no tripulados y escuela de pilotos UAS,Spain,1.538054,,,
AVIADOC,1538054.0,Spain,https://www.linkedin.com/company/aviadoc,www.aviadoc.es,"AVIADOC es una empresa de asesoría y consultoría aeronáutica con experiencia en Ensayos en Vuelo, Dispositivos FSTD, Transporte aéreo Sanitario, Transporte VIP, Lucha contra Incendios, Salvamento, Rescate, Trabajos aéreos y Proyectos constructivos. Somos expertos en normativa y documentación aeronáutica.",Spain,1.538054,,,
Taxijet,1497592.0,Spain,https://www.linkedin.com/company/taxijet,www.taxijet.es,Point to point jet charter based in Barcelona,Spain,1.497592,,,
Mersanch Aeroespacial,1322350.0,"Spain, Aragon, Tarazona, 50500 Calle Comunidad Foral De Navarra, 50500",https://www.linkedin.com/company/mersanch-aeroespacial,www.mersanch.es,"Mersanch Aeroespacial S.L. Una empresa española en crecimiento, reconocida por su compromiso con la calidad, la innovación operacional y la flexibilidad en soluciones para el sector aeroespacial y defensa tanto para piezas estructurales como piezas de motor. Desarrollamos servicios y operaciones de alto valor añadido para aeronaves y sistemas aeroespaciales. Nuestra experiencia nos permite adaptarnos a proyectos complejos bajo un enfoque “ b2b”, ofreciendo soluciones competitivas y personalizadas. El compromiso de Mersanch es generar valor en cada etapa de la cadena de suministro aeroespacial: los servicios que ofrecemos son: Ajustes, pulidos, conformados, perforaciones y taladrados por plantilla, verificaciones y controles de calidad dimensionales, visuales, geométricos y 3D. Siempre con pasión y visión de futuro.",Spain,1.32235,,,
MANTDESUR SL,1299629.0,"Spain, Andalusia, Puerto Real",https://www.linkedin.com/company/mantdesur-sl,mantdesur.com,,Spain,1.299629,,,
PSB Marine Service,1292291.0,"Spain, Balearic Islands, Calvià, Local 1a Carrer De La Platja S/n, 07180",https://www.linkedin.com/company/psb-marine-service,psb-marine.com,"PSB MARINE SERVICE is a family company with over 20 years experience in the marine yacht management industry. We are based in one of the most prestigious marina in Mallorca: Puerto Portals, and in the Son Bugadellas Industrial estate in Santa Ponsa We have always focused on providing the best quality and value for yacht owners.",Spain,1.292291,,,
11dron,1258668.0,"Spain, Andalusia, Dos Hermanas, 23 Calle Tirso De Molina, 41704",https://www.linkedin.com/company/11dron,www.11dron.es,En 11dron somos especialistas en la instruccion de pilotos de UAS y en el desarrollo de estudios y proyectos tecnológicos y basados en vehículos no tripulados y sus aplicaciones en el uso civil.,Spain,1.258668,,,
Ix Aviation,1258668.0,"Spain, Madrid, Madrid",https://www.linkedin.com/company/ixaviation,www.ixaviation.com,"We are an aviation consulting company created by professionals with ample experience in the industry, capable to provide advice and to carry out the execution of a project to turn ideas into reality. Our Mission To help aviation business players to forecast, manage and develop its activities to maximize value for companies, customers and the society. Our Vision To become a worldwide leader in consulting services for the aviation sector. Our Values We are committed to operate under strict standards of integrity and transparency. We believe in the potential of each individual and its contribution to a multicultural and diverse team to achieve excellence in what we do. We are aware of our customers' constraints. There is no small or difficult project to tackle; our commitment is to show you will get value for money. Our Added Value We not only give you strategic advice, but we will take on the implementation of the project you decide to pursue, tailored to your requirements.",Spain,1.258668,,,
ALICANTE AIR SERVICES SL,1258668.0,"Spain, Valencia, Alicante",https://www.linkedin.com/company/alicante-air-services-sl,alicanteairservices.com,,Spain,1.258668,,,
Private Jet Spain S.L.,1258668.0,"Spain, Andalusia, Málaga",https://www.linkedin.com/company/privatejetspain-com,www.privatejetspain.com,"Private Jet Spain Europe provides Jet Charters, Private Air Travel, air cargo/ambulance flights in Spain, Malaga, Madrid, Paris, Ibiza, Nice, Cannes, Barcelona, London, Geneva, and Moscow. Call us for your private jet, air charter and hire to and from Spain. We can provide private jet quotes worldwide.",Spain,1.258668,,,
Melilla Airlines,1258668.0,Spain,https://www.linkedin.com/company/melilla-airlines,www.flymelilla.es,Compañía aérea regional de Melilla. Transportamos desde y para Melilla. Una opción más para poder transportarte de la Península Ibérica a la Ciudad Autónoma de Melilla. Volando entre Melilla y Málaga contando como partner a la veterana empresa Aeronova,Spain,1.258668,,,
EURANIA,1258668.0,"Spain, Catalonia, Barcelona, 08001",https://www.linkedin.com/company/eurania,www.euraniaservices.com,"Eurania es un consultoría aeronáutica con sede en Barcelona, prestamos servicio en toda Europa. Gracias a las alianzas de colaboración la consultoría ofrece la posibilidad a sus clientes de acceder al ámbito internacional de la manera más adecuada y más eficiente en representación y defensa de sus intereses en cualquier lugar del mundo. Nuestras alianzas han sido creadas en base a un criterio de selección riguroso que ha valorado la profesionalidad, competencia y eficacia de cada uno de los colaboradores elegidos. Asesoramos a nuestros clientes a cumplir rigurosamente la legislación aeronáutica vigente nacional e internacional. Trabajamos desarrollando estratgias para ayudar a su compañía a obtener ventaja competitiva en gestión de riesgo, reducción de costes en las partidas de gestión, aumento de la seguridad y eficiencia en su operativa. Ofrecemos servicios en los siguientes ámbitos:  - CONSULTORIA - AUDITORIA  - GESTIÓN DE CRISIS AEREAS  - PERICIA AVIACION  - FORMACION & ENTRENAMIENTO  - SEGUROS AÉREOS",Spain,1.258668,,,
Improved Climb,1258668.0,"Spain, Canary Islands, La Laguna, Nº2 Oficina 3-4 C/ Fotógrafo José Norberto Rodríguez Díaz, 38204",https://www.linkedin.com/company/improved-climb,www.improvedclimb.com,"Improved Climb International Aviation Consulting is a company founded in 2015 to give support to air operators, approved training organisations and aviation sector authorities, to develop their management systems and technical processes.",Spain,1.258668,,,
DroneValley,1258668.0,"Spain, Madrid, Madrid, 101 Paseo De La Castellana",https://www.linkedin.com/company/dronevalley,thedronevalley.com,"We are an international consultancy firm with already +5 years of experience in the new field of the Unmanned Transformation with headquarters in Madrid and Brussels. At DroneValley International we have a pool of industry experts and advise organisations on how to implement the latest technologies to optimize their current services and processes. Within the DroneValley you will also find an ecosystem of stakeholders from different sectors that you can engage with through the different activities we organize (matchmaking, hackathons, etc.).",Spain,1.258668,,,
Southern Winds S.A.,1258668.0,Spain,https://www.linkedin.com/company/southern-winds-s.a.,fly-sw.com,,Spain,1.258668,,,
SEVENAIR,1258668.0,"Spain, Canary Islands, Telde, 35230",https://www.linkedin.com/company/10668080,www.flysevenair.com,"Seven Airlines, S.L. is a new revolutionary European Commercial Airline in its start-up stage that will be serving the National & International Travelers and the Local Tourism Industry Markets, operating under schedule (Regular Flights) and non-schedule (Charter Flights) with the commercial name of sevenair®.",Spain,1.258668,,,
Ibiza Jets,1258668.0,"Spain, Balearic Islands, Ibiza, 07817 Carretera Del Aeropuerto Km 5.6 Poligono Industrial Can Frigoles, 07817",https://www.linkedin.com/company/ibiza-jets,ibizajets.com,"Ibiza Jets is born from a dream: to continue connecting the most demanding customers with the rest of the world through customized, efficient and intelligent Air Solutions; starting off from the European continent. Our experience as a leading Broker and Air Operator based in Latin America and North America in addition to the passion for what we do, has motivated us to undertake the path to position ourselves as leaders in the aeronautical sector in Europe as well. Under the highest standards of quality and safety is how we manage to achieve it. Our clients are our highest priority, and with the focus on them and their needs, we design our services.",Spain,1.258668,,,
Fly Beyond Dreams,1258668.0,"Spain, Catalonia, Torredembarra, 37 1-11 Cami De L'era, 43830",https://www.linkedin.com/company/fly-beyond-dreams,fly-beyond-dreams.org,"Fly Beyond Dreams is a non-governmental international organisation which inspires and supports children around the world to believe and strive for their dreams by providing fascinating aviation education, mentoring and partnership programs. Be part of the FbD movement to empower a new generation of kids all over the world to:  #1 Fight for their dreams  #2 Experience fascinating adventures  #3 Believe the impossible is nothing More than 75 people have already volunteered with us and 175 have supported, reaching 1250 kids and still counting! To learn more about us please visit our website www.fly-beyond-dreams.org or write to us at contact@fly-beyond-dreams.org",Spain,1.258668,,,
MBM Ingeniería Aeronáutica,1258668.0,"Spain, Andalusia, Los Barrios, 11379",https://www.linkedin.com/company/mbmaero,www.mbm.com.es,"Empresa tecnológica que ofrece servicios de consultoría técnica y diseño de electrónica.  Desarrollo de  sistemas aéreos no tripulados (UAVs), placas de distribución y prototipado.",Spain,1.258668,,,
Aerobroker,1258668.0,"Spain, Balearic Islands, Palma, 68 A Calle San Miguel, 07002",https://www.linkedin.com/company/aerobroker,www.aerobroker.es,"Broker aereo. Gestión de vuelos charter y vuelos ejecutivos. Alquiler de aviones. Aerobroker está formado por un equipo de profesionales dedicados desde hace más de 20 años a la gestión de vuelos para agencias y tour operadores. Nuestro éxito se basa en el desarrollo de servicios diferenciados y exclusivos como es el ""acompañamiento en vuelo"" por parte de nuestros agentes. En Aerobroker contamos con la experiencia y el know how que nos hace ser el socio de referencia en servicios aéreos de las principales agencias de viajes de España y Europa.",Spain,1.258668,,,
ZANGANO,1258668.0,"Spain, Madrid, Madrid, 5 Calle Cifuentes, 28021",https://www.linkedin.com/company/zangano,www.zangano.eu,"ZANGANO is an engineering, consulting and training organization focused in unmanned aviation. Our areas of expertice are Specific Operations Risk Analisys (SORA), Urban Air Mobility and UTM applications",Spain,1.258668,,,
TSA DRONES,1258668.0,"Spain, Catalonia, Cerdanyola Del Vallès, 4 Carrer Sant Francesc, 08290",https://www.linkedin.com/company/tsa-center,www.tsadrones.com,"Somos especialistas en asesoramiento y consultoría, realizando los trámites necesarios para poder operar de forma legal y exigidos por la Agencia Estatal de Seguridad Aérea (AESA) y resto de organismos oficiales. Llevamos a cabo inspección de infraestructuras y servicios cartográficos, con LiDAR, fotogrametría y termografía. Realizamos proyectos de Investigación y Desarrollo relacionados con los UAS (Aeronaves tripuladas remotamente).",Spain,1.258668,,,
SERVICIOS JURIDICOS AERONAUTICOS S.L.,1258668.0,"Spain, Madrid, Madrid, 28007",https://www.linkedin.com/company/servicios-juridicos-aeronauticos-s-l,www.serviciosjuridicosaeronauticos.com,"Somos una sociedad con dilatada experiencia en el mundo aeronáutico (más de 20 años) asesorando a compañías aéreas, entidades financieras, organismos públicos y particulares. Prestamos los siguientes servicios",Spain,1.258668,,,
Avia Services Siglo XXI,1258668.0,"Spain, Madrid, Madrid, 92 1º Izq C/general Pardiñas, 28006",https://www.linkedin.com/company/avia-services-siglo-xxi,www.aviaservices.es,"AviaServices es una empresa  que provee servicios de limpieza, con vocación de servicio, de innovación y desarrollo de negocio junto con nuestros clientes. Nuestra experiencia y atención pormenorizada hace de Avia Services uno de los líderes españoles en el suministro de servicios de limpieza. Contamos con nueve localizaciones comerciales y/o de servicios de limpieza generales, para nuestra división de aviación más una oficina central en Madrid para servicios de gestión y administrativos. Nuestro crecimiento constante se basa en la calidad del servicio, innovación y en el entendimiento y satisfacción de las necesidades de nuestros clientes.",Spain,1.258668,,,
DroneFPVshop,1258668.0,"Spain, Canary Islands, Santa Cruz De La Palma, Avenida Maritima, 38700",https://www.linkedin.com/company/drohne-schweiz,www.dronefpvshop.com,"Drohne Schweiz stützt seine Tätigkeit auf die Förderung der allgemeinen Luftfahrt mit der  Ausbildung von ausgezeichneter Drohne Piloten. Unser Ziel ist es Piloten auszubilden  die den besten theoretischen und praktischen Grundsatz haben, auf dem sie sich aufbauen können. Durch den Kontakt mit anderen Piloten und dem Austausch von Erfahrungen, können wir eine aufregende Welt in den Wolken entdecken .",Spain,1.258668,,,
DRONEXPLORER SL,1258668.0,"Spain, Andalusia, Torremolinos, 29620",https://www.linkedin.com/company/dronexplorer-sl,www.dronexplorer.es,"Realizamos todo tipo de trabajo con dones profesionales de alta gama. Nuestros trabajos van enfocados a diversos sectores como construcción e inmobiliaria,  agricultura de precisión, inspecciones industriales, arquitectura y topografía -fotogramentría audiovisuales, etc. Contamos con pilotos especializados, topógrafos, licenciados en imagen.",Spain,1.258668,,,
AEPA-SPAIN,1258668.0,"Spain, Madrid, Madrid, 45 Calle Conde De Peñalver, 28006",https://www.linkedin.com/company/aepa-spain,www.aepa-spain.com,"Los psicólogos y especialistas en Factores Humanos que componen esta asociación, civiles y militares, se ocupan principalmente de la promoción de la seguridad operacional y de la salud de todos aquellos que se desenvuelven en la aviación: pilotos, controladores, tripulantes de cabina de pasajeros, despachadores, etc., y, por supuesto, de los pasajeros.",Spain,1.258668,,,
Spauditair,1258668.0,"Spain, Madrid, Madrid, 28042",https://www.linkedin.com/company/spauditair,www.spauditair.com,"Spauditair es una empresa de servicios profesionales que ofrece soluciones de aviación con un enfoque en seguridad, cumplimiento y excelencia operativa. Ofrecemos soluciones innovadoras y rentables que aseguren que sus operaciones cumplan con los más altos estándares internacionales de seguridad de la aviación y funcionen de manera eficiente. Nuestros servicios abarcan desde auditorías de seguridad, especialistas en IOSA, formacion especializada, consultoría, y servicio de gestión de la seguridad aérea. Nuestro éxito se basa en la profesionalidad y la experiencia de nuestra gente. Nuestros especialistas en aviación cuentan con una amplia gama de habilidades y antecedentes, incluidos auditores, ingenieros, pilotos, ex gerentes sénior de IATA, con un promedio de más de 20 años de experiencia en la industria.",Spain,1.258668,,,
Vitoria Integrated Air Services S.A.,1183647.0,Spain,https://www.linkedin.com/company/vitoria-integrated-air-services-s-a-,,,Spain,1.183647,,,
Clúster Aeroespacial De Canarias,1183647.0,"Spain, Canary Islands, Las Palmas De Gran Canaria, 89 4 Calle León Y Castillo, 35004",https://www.linkedin.com/company/cl-ster-aeron-utico-y-aeroespacial-de-canarias,caac.com.es,"El Clúster Aeronáutico y Aeroespacial de Canarias pretende ser un polo de atracción de empresas del sector, poniendo en valor las virtudes estratégicas, climatológicas y tecnológicas del territorio en el que se enmarca su ámbito de actuación. El CAAC pretende aportar contenido industrial a la diversificación de la economía canaria, así como ser un referente mundial en innovación, investigación y desarrollo del sector aeronáutico y aeroespacial nacional e internacional.",Spain,1.183647,,,
MGA - Maya Global Aviation,1183647.0,"Spain, Catalonia, Barcelona",https://www.linkedin.com/company/skinair,www.maya.aero,Aviation Consulting Services Worldwide,Spain,1.183647,,,
BRAVO19 GIJÓN,1183647.0,"Spain, Asturias, Gijón, 9 Calle De Soria, 33208",https://www.linkedin.com/company/bravo19-gijón,www.facebook.com,Centro de Instrucción Aeronáutica en Gijón HOMOLOGADO Auxiliar de vuelo/TCP MMPP Todas las Categorías Facilitador de CRM / Refresco de Facilitador de CRM Info en: comercial-gijon@bravo19.es  telf.: 628 356 887,Spain,1.183647,,,
GO NOW JETS SL,1183647.0,"Spain, Madrid, Madrid",https://www.linkedin.com/company/go-now-jets-sl,www.gonowjets.com,"Tras varios años de experiencia en el sector de la de Aviación Ejecutiva nació Go Now Jets SL con el fin de aplicar todos los conocimientos aprendidos. Nuestro objetivo se centra en ofrecer a nuestros clientes todo tipo de facilidades como un servicio rápido, exclusivo y personalizado. Disponibilidad H24, para volar a cualquier destino buscando la mejor solución en el mercado.",Spain,1.183647,,,
NORESTAIR EJECUTIVE SL,1183647.0,"Spain, Catalonia, Lleida",https://www.linkedin.com/company/norestair-ejecutive-sl,norestair.com,"NORESTAIR EJECUTIVE SL is a defense & space company based out of LLEIDA, Lerida, Spain. We offer private flights, land or sea transportation and accommodation anywhere in the world Ofrecemos vuelos privados, transporte terrestre o marítimo y alojamiento en cualquier pare del mundo",Spain,1.183647,,,
Aviation Women ́s Accessories,1183647.0,"Spain, Catalonia, Barcelona, 08029",https://www.linkedin.com/company/aviation-women´s-accessories,,"Las mujeres de ahora tenemos un papel más protagónico en el mundo de los negocios y la aviación no es la excepción. Sabíamos que podíamos ser la fórmula perfecta para transformar y reinventar el medio. Sabíamos que había algo más detrás de los trajes y las corbatas.  Estamos dispuestas a acompañarte en cada despegue, cada vuelo y cada aterrizaje. Somos Aviation Women´s Accessories, un tributo a la mujer que pone a volar el mundo a través de su trabajo y pasión: la aviación. Muy pronto pondremos a volar el mundo!",Spain,1.183647,,,
CAPA Aviation Services Limited,1183647.0,"Spain, Madrid, Madrid",https://www.linkedin.com/company/capa-aviation-services-limited,www.cas-eu.com,"Aviation Service company, specialists in ACMI, Air Charter and Aviation Consultancy",Spain,1.183647,,,
B2FLY,1183647.0,"Spain, Catalonia, Barcelona",https://www.linkedin.com/company/b2fly,www.b2fly.eu,"B2FLY is an enterprise managing aircrafts based on fractional ownership. Located in Europe, we provide the best solutions of personal air transportation within the old continent and North Africa, offering the fastest, most comfortable and most economically efficient way of travel.",Spain,1.183647,,,
Asesoría Aeronáutica Al Vol,1183647.0,"Spain, Catalonia, Barcelona",https://www.linkedin.com/company/asesoría-aeronáutica-al-vol,www.asesoriaalvol.com,"En Asesoría aeronáutica al Vol somos especialistas en asesorar a pequeñas y medianas empresas. Contamos con más de 8 años de experiencia trabajando en el sector aeronáutico y de UAS. SERVICIO DE CONSULTORÍA AERONÁUTICA Resolvemos cualquier duda, tramite o gestión en las actividades con tu dron. TRAMITACIÓN DE PERMISOS: Realizamos estudios aeronáuticos de seguridad en base SORA y declaraciones operacionales para todo tipo de entornos operativos de UAS. COORDINACIONES OPERACIONALES Asesoría especializada, incluye todas las gestiones y tramitaciones con las diferentes entidades aeroportuarias  para poder volar legalmente. SERVICIO DE ASESORÍA JURÍDICA: Recurso de multas y sanciones por vía contencioso-administrativa. Recurrimos sanciones y multas por vía judicial.",Spain,1.183647,,,
Aerodynamics Jets,1183647.0,"Spain, Andalusia, Málaga, 29011",https://www.linkedin.com/company/aerodynamicsjets,aerodynamicsjets.es,"Descubre la nueva forma de volar diseñada a medida para cada pasajero por el equipo de Aerodynamics Jets, con un trato único y exclusivo, que pondrá a tu disposición la mayor flota de jets privados en cualquier parte del mundo con el mayor nivel de flexibilidad, excelencia y comodidad.",Spain,1.183647,,,
SERVEIS MARITIMS PROMAR SL,1183647.0,"Spain, Cadaques, 2 B C/ Rierassa",https://www.linkedin.com/company/serveis-maritims-promar-sl,clubnauticcadaques.com,,Spain,1.183647,,,
Euro Space Mining Co.,1183647.0,Spain,https://www.linkedin.com/company/euro-space-mining-co.,,"ESMC aims to explore space. -We work to fly over the limits - We advocate for space, create our own projects, missions,and lead the adventurers to new frontiers",Spain,1.183647,,,
MarcsAero,1183647.0,"Spain, Catalonia, Barcelona, 287 C/ Aragon, 08009",https://www.linkedin.com/company/marcsaero,www.marcsaero.com,Consultora aeronáutica especializada en la compraventa de aeronaves usadas.,Spain,1.183647,,,
Volo Veritas,1183647.0,"Spain, Catalonia, Sant Quirze Del Vallès, 1 Local B Plaza Anselm Clavé, 08192",https://www.linkedin.com/company/volo-veritas,voloveritas.com,"Why Volo Veritas? Value-added expertise for credibility and success A quality expert investigation is often the key to winning a case. There are no stronger arguments than truth and reason when presented with clarity and knowledge. At Volo Veritas we offer a specialized professional service that is clearly distinct from others on the market: Our ideals are illustrated through the quality of our work and the added-value we provide to a case. We anchor the truth to a case, and thereby achieve high rates of success.",Spain,1.183647,,,
INATAIR,1183647.0,"Spain, Madrid, Madrid",https://www.linkedin.com/company/inatair,www.inatair.es,"It can be said that market demands create in 2012, INATAIR Consulting. A company made of engineers and independent agents specializing in each working procedure of air transport, coordinated for the same purpose, to provide an adequate service to the final customer. Air transport sector as a major driver of business creation, is no exception. We also offer in-Company training and online training with excellent teachers renowned in the industry sector.",Spain,1.183647,,,
Extracrew,1183647.0,"Spain, Catalonia, Barcelona",https://www.linkedin.com/company/extracrew,www.extracrew.com,"Extracrew is the web in Spanish for aircrew. We build bridges between air crew of any company, we allow the connection between crew members and we create community.   We are the meeting point for crews.",Spain,1.183647,,,
Ariadna Consultores S.L.,1183647.0,Spain,https://www.linkedin.com/company/ariadna-consultores-s.l.,www.ariadnaconsultores.es,Ariadna Consultores has been created to provide specialised and tailored consultancy services to the air transport industry. Ariadna has extensive experience in the Spanish and Hispanic markets and offers its services as a gateway to these markets.,Spain,1.183647,,,
OVERSEAS LOGISTIC MADRID SL,1183647.0,"Spain, Madrid, Madrid",https://www.linkedin.com/company/overseas-logistic-madrid-sl,overseasmadrid.com,,Spain,1.183647,,,
A MAS RIGGING MALLORCA SL,1183647.0,"Spain, Balearic Islands, Palma",https://www.linkedin.com/company/a-mas-rigging-mallorca-sl,aplusriggingmallorca.com,,Spain,1.183647,,,
FlyTechnic,1183647.0,"Spain, Valencia, La Cañada",https://www.linkedin.com/company/flytechnic,,En Flytechnic OPS creamos aeronaves y sistemas RPAS a nivel profesional. Disponemos de los equipos necesarios para realizar los trabajos aéreos de las RPA. Contacta con nosotros para solicitar presupuesto e información.,Spain,1.183647,,,
Escuela Aeronáutica De Granollers,1165110.0,"Spain, Catalonia, Barcelona",https://www.linkedin.com/company/escuela-aeronáutica-de-granollers,www.aeronauticagranollers.es,"Obtendrás la titulación oficial emitida por la Agencia Estatal de Seguridad Aérea (AESA) para acceder al mundo laboral de las diferentes compañías aéreas, como auxiliar de vuelo (TCP) cumpliendo con la normativa europea.",Spain,1.16511,,,
Select Aviation | GSA Spain & Portugal,1085241.0,"Spain, Madrid, Calle Princesa",https://www.linkedin.com/company/select-aviation,www.selectaviation.es,"Select Aviation es un General Sales Agent (GSA) con más de 27 años de experiencia en la representación de aerolíneas internacionales en España y Portugal. Desde nuestras oficinas en Madrid y Barcelona, junto con nuestros espacios de trabajo en Lisboa y Oporto, ofrecemos soluciones comerciales, operativas y de marketing a aerolíneas y DMCs que buscan crecer en el mercado ibérico. Qué hacemos:  🔹 Representación comercial de aerolíneas en España y Portugal. 🔹 Desarrollo de planes de ventas y gestión de grupos. 🔹 Servicios de ticketing, reservas y soporte en GDS & NDC. 🔹 Estrategias de marketing y comunicación, eventos y webinars.  🔹 Consultoría integral para maximizar presencia y ventas.  Nuestro valor diferencial:  🔹 +35 aerolíneas representadas a lo largo de nuestra trayectoria.  🔹 Red de +50.000 agencias de viajes, OTAs y TMCs. 🔹 Distribución global a través de Eurodistribution en más de 60 BSPs.  🔹 Experiencia consolidada y atención personalizada. Aerolíneas que representamos actualmente: España: Air Transat | Thai Airways | Smartwings | Copa Airlines | Euroairlines | Aer Lingus (Dept. Grupos)  Portugal: Copa Airlines | Smartwings | Aer Lingus (Dept. Grupos) 🌍 En Select Aviation nos adaptamos a las necesidades de cada aerolínea para garantizar mayor visibilidad, más ventas y una representación eficaz en el mercado ibérico.",Spain,1.085241,,,
CORBLAN Mecanizados Y Moldes,1077449.0,"Spain, La Rioja, Logroño, 62 Calle Las Cañas, 26009",https://www.linkedin.com/company/talleres-corblan-s-a-,www.corblan.es,"Corblan fue fundada en 1963 y ha prestado sus servicios en diversos sectores como son la AUTOMOCIÓN, AERONÁUTICA, CALZADO, ENVASES DE PLÁSTICO TERMOCONFORMADO..., adaptandose en cada momento a las necesidades transmitidas por nuestros clientes. Somos una empresa de segunda generación joven y dinámica, que utiliza las últimas técnicas para obtener los mejores resultados aplicados al mecanizado mediante arranque de viruta.",Spain,1.077449,,,
B,1038036.0,"Spain, Valencia, Alicante, 03008",https://www.linkedin.com/company/tactiq-gr-fica-web,tactiq.es,.,Spain,1.038036,,,
SwissCubanCigars.com. All,961596.0,Spain,https://www.linkedin.com/company/swisscubancigars.com.-all,swisscubancigars.com,,Spain,0.961596,,,
VARADERO PORT BARA SL,884182.0,"Spain, Castille-la Mancha, La Roda, S/n Oficinas Varadero Paseo Maritimo",https://www.linkedin.com/company/varadero-port-bara-sl,varaderoportbara.com,,Spain,0.884182,,,
AVIATION INTERNATIONAL RECYCLING SL,843928.0,"Spain, Aragon, Zaragoza",https://www.linkedin.com/company/aviation-international-recycling-sl,www.aviationinternacionalrecycling.com,"AVIATION INTERNATIONAL RECYCLING SL is a management consulting company based out of CARRETERA CASTELLÓN, 58, ZARAGOZA, Zaragoza, Spain.",Spain,0.843928,,,
FIRECUT BCN,629334.0,"Spain, Barcelona, Sant Fruitós De Bages, Barcelona/bages S/n Oaci Lems, 08242",https://www.linkedin.com/company/firecut-bcn,www.firecutbcn.com,"We are an aerial firefighting company with the aim of protecting the natural heritage and saving lives by fighting wildfires around the world. FIRECUT offers the best aerial tool for fire extinguishing, combined with the best team endowed with long experience and skills.",Spain,0.629334,,,
MRO-Net.it,629334.0,"Spain, Madrid, Latina",https://www.linkedin.com/company/mro-net-it,www.mronet.it,"On 20 November 2012 fifteen Italian companies and an international consortium of eight companies, created a network focused on MRO for civil and military applications, named MRO-net.it. The network aims to : - develop innovative products, services and techniques of LEAN MRO for aeronautical applications (UAV, ULM, General Aviation, Commercial Aviation, cargo operators, Air forces, governative air forces), - transfer the best MRO practices from the aeronautical market to the nautics, railways and military sectors; - propose a unique interface with the customers to reduce management costs for customers and providers themselves; - rise the capabilities and abilities of MRO providers utilizing common desing and management organization, reducing the costs of the products and services offered to the market.",Spain,0.629334,,,
Hamsternauta,629334.0,"Spain, Galicia, A Coruña, Nº 1 Calle Real, 15003",https://www.linkedin.com/company/hamsternauta,www.hamsternauta.com,,Spain,0.629334,,,
Nautica & Properties,629334.0,"Spain, Catalonia, Barcelona",https://www.linkedin.com/company/nautica-properties,www.nauticaproperties.com,,Spain,0.629334,,,
MARINE SPIRIT BOATS SL,629334.0,"Spain, Valencia, Alicante",https://www.linkedin.com/company/marine-spirit-boats-sl,plisplay.es,,Spain,0.629334,,,
BePilot,629334.0,"Spain, Catalonia, Tarragona",https://www.linkedin.com/company/bepilot,www.bepilot.es,"Always wanted to become an airline pilot? If you have a University degree you can apply for the BePilot program. If you are selected, you will be trained in 24 months and you will be hired by one of our associated airlines (Vueling so far) at the end of the training.",Spain,0.629334,,,
Náutica Vázquez De Prada,629334.0,"Spain, Madrid, Madrid, Ctra. M-506, 28925",https://www.linkedin.com/company/nautica-vazquez-de-prada,nauticavazquezdeprada.com,,Spain,0.629334,,,
DemoAviation,629334.0,"Spain, Madrid, Madrid, 28863",https://www.linkedin.com/company/demoaviation,www.demoaviation.com,"Since last 2014, we are a team of people in charge and deeply involved,  in the Safety, Fatigue and Compliance Management System of several organisations, from small airlines with one or two aircraft to others with an amount of 50 aircraft like is Air Nostrum. We have also being involved in the design and management of change of several specific projects inside airlines, like new AOC establishment, EFB implementation, training outsource design, etc ...",Spain,0.629334,,,
Lattitude Hub,629334.0,"Spain, Canary Islands, Santa Cruz De Tenerife",https://www.linkedin.com/company/lattitudehub,lattitudehub.com,"Tras la pandemia hemos cambiado nuestra forma de hacer las cosas y nos hemos renovado con socios potentes, complementarios y competitivos en un mercado amplio y diversificado, afectado por la situación actual pero también con grandes posibilidades. Nacemos como una alianza de 14 empresarios turísticos de las Islas Canarias tras más de seis años de desarrollo conjunto del proyecto. Por fin LATIMOS. Entendíamos que la dependencia del sector turístico canario de la conectividad hacía necesario dar un paso adelante y esta ha sido nuestra ACTITUD. No podíamos quedarnos sin hacer nada y lo hemos hecho. Nuestro diferencial tiene un claro objetivo:  Buscar soluciones diferentes a problemas distintos para recuperar y afianzar el flujo turístico de Tenerife y de Canarias. “nuestra LATITUD” La marca LATTITUDE HUB se compone por tanto de ambas palabras “LATIENDO JUNTAS”: LATITUD + ATTITUDE. Pretendemos integrar e influir en la cadena de valor desde que el turista decide viajar hasta que vuelve a casa. Acercamos turistas y hoteles en un solo vuelo, sin necesidad de cambios ni de incomodidades asociadas, sino que volar se convierte en una experiencia diferenciada, empezando a disfrutar cómodamente del destino desde el primer paso dentro de nuestra aeronave, un Airbus A319 con capacidad para 144 pasajeros frente a los 160 tradicionales del resto de compañías. Venimos en definitiva a sumar, a complementar de forma progresiva la oferta existente con un producto diferenciado. ¡Despegamos!",Spain,0.629334,,,
AERONORT UAV SERVICES,629334.0,"Spain, Aragon, Huesca, Carretera De Zaragoza Km 67 Huesca, 22197",https://www.linkedin.com/company/aeronort-uav-services,www.aeronort.com,"Empresa explotadora de vehículos aéreos no tripulados destinados a la monitorización y captación de imágenes aéreas de carácter técnico en los sectores de la agricultura, medioambiente y topografía. Ganadores del premio Generando Futuro 2014",Spain,0.629334,,,
The Flying Parts,629334.0,"Spain, Madrid, Madrid, 24 Avenida Sur Del Aeropuerto De Barajas, 28042",https://www.linkedin.com/company/the-flying-parts,theflyingparts.com,"The Flying Parts is a software tool that coordinates and optimizes spare parts purchasing departments in the aeronautical sector. It allows to distribute purchasing needs among your teams, automatically locate suppliers, establish a negotiation protocol, and finally, make the best decision based on your own criteria: price, supplier, arrival time, etc. Thanks to Artificial Intelligence, Machine Learning and the algorithms provided, any parts buyer will be able to reduce its costs, improve its procedures and optimize this section of its income statement.",Spain,0.629334,,,
ESwellPro,629334.0,"Spain, Catalonia, Barcelona",https://www.linkedin.com/company/eswellpro,eswellpro.com,"eSwellPro,  pioneros del dron impermeable, distribuidor exclusivo de SwellPro en España  y Servicio Técnico Oficial de SwellPro.",Spain,0.629334,,,
Arnz NET,629334.0,Spain,https://www.linkedin.com/company/5368568,www.arnz.net,"We like doing more than talking. We have the passion and experience to successfully apply to all the tasks we have set ourselves. We are always ready to learn new processing methods, study new technologies, learn new theories. We like the new and we love the ancient.",Spain,0.629334,,,
GRUP AIR MED SA,629334.0,Spain,https://www.linkedin.com/company/grup-air-med-sa,grupairmed.net,,Spain,0.629334,,,
FlyNAYOX,629334.0,"Spain, Catalonia, Barcelona, 38 Av. Josep Tarradellas, 08029",https://www.linkedin.com/company/flynayox,www.flynayox.com,"FlyNAYOX is an air charter brokerage firm that provides both executive and commercial services, and we are prepared to revolutionise the international market. We are a modern, dynamic and flexible company, clearly focused on market trends and with a deep understanding of our clients’ needs. In FlyNAYOX we establish procedures to investigate airline companies and we examine all the necessary documentation because we believe that safety comes first in everything we do. Our aim is to ensure that our flights fulfil and even exceed the expectations of the clients who reserve them and the passengers who are flying.",Spain,0.629334,,,
GIEAN NOUVEL SIGLO XXI SL,629334.0,"Spain, Canary Islands, Las Palmas De Gran Canaria",https://www.linkedin.com/company/giean-nouvel-siglo-xxi-sl,giean-nouvel.com,,Spain,0.629334,,,
LOCREUM Project,629334.0,"Spain, Andalusia, Puerto Real, 11519",https://www.linkedin.com/company/locreum-project,www.leemcadiz.es,Locreum Project is an internal LEEM Cádiz team whose main aim is to participate in the Air Cargo Challenge 2019. LCP has the support of some professors of the University of Cádiz and some other institutions. Check our website to stay tuned!,Spain,0.629334,,,
Fan Technics S.L.,629334.0,Spain,https://www.linkedin.com/company/fan-technics-s-l,www.fantechnicssl.com,info@fantechnicssl.com +34 624 65 97 06,Spain,0.629334,,,
Sistimata,629334.0,"Spain, Madrid, Madrid, 4 Fuerteventura, 28703",https://www.linkedin.com/company/sistimata,www.sistimata.es,"Sistímata provides products, solutions and services for the defence training and simulation industry. Sistímata has almost 20 years of experience in simulation and has undertaken important projects for lead companies in the area.",Spain,0.629334,,,
Mecanizados Coafime S.L,629334.0,"Spain, Castille-la Mancha, El Viso De San Juan",https://www.linkedin.com/company/mecanizados-coafime-s-l,www.coafime.es,"Nos dedicamos a la Fabricación de Mecanizados Industriales desde 1994, realizamos trabajos en todo tipo de materiales, tenemos 20 años de experiencia en fabricación de piezas Aeronáuticas y además contamos con amplios conocimientos de fabricación en diversos sectores como: Alimentación, Ferroviario, Transporte, Agricultura...",Spain,0.629334,,,
Talleres Arania,629334.0,"Spain, Navarra, Alsasua, 31800",https://www.linkedin.com/company/talleres-arania,www.talleresarania.com,"Talleres Arania S.L es una empresa de mecanizados fundada en 1998. Los casi 20 anos de experiencia que avalan nuestros servicios, nos hace estar completamente seguros de cumplir con  las expectativas y requisitos de todos nuestros clientes. Otra de nuestras especialidades es el Mecanizado de Series ya que disponemos de un centro horizontal de mecanizado paletizado. Ademas de los mecanizados convencionales estamos especializados en mecanizados de piezas medianas y compleja, de fundicion, de acero, acero inoxidable, etc. Nuestro proceso de mecanizado de precisión comprende un conjunto de operaciones de conformación de piezas según plano específico y según nuestros medios productivos mediante arranque de viruta. Producimos piezas metálicas y no metálicas en aleaciones ligeras con gran precisión tales como: aluminio de alta resistencia, laton, nylon,aceros inoxidables, titanio y aleaciones, níquel y aleaciones, Invar o Nivarox, etc..",Spain,0.629334,,,
Starcraft Aviation Ltd.,629334.0,"Spain, Madrid, Madrid, 28033",https://www.linkedin.com/company/starcraft-aviation-ltd,www.starcraftaviation.com,"An aviation brokerage company specialized in commercial and corporate aircraft sales and lease (ACMI, wet, dry) & charter flights.",Spain,0.629334,,,
Spain Wingwalking,629334.0,"Spain, Toledo, Robledillo De Mohernando, 45300",https://www.linkedin.com/company/spain-wingwalking,www.spainwingwalking.com,Spain Wingwalking es la primera compañia en la historia de la aeronáutica española en ofrecer exclusivos y  elegantes espectáculos aéreos de wingwalking. Spain Wingwalking is the fist company in Spain offering exclusive and elegant wingwalk displays.,Spain,0.629334,,,
PARTAKE Project,629334.0,"Spain, Catalonia, Rubí, 1-21 2º 1ª Avda. Electricitat, 08191",https://www.linkedin.com/company/partake-project,www.partake-aero.eu,The project was created with the idea of a consortium of improving the air traffic dynamic demand capacity balance. This consortium is an association of three universities and a company expert in aeronautics:      - Universitat Autònoma de Barcelona      - Cranfield University      - École Nationale de l'Aviation Civile      - Aslogic This project enhances airspace user’s trajectory preferences relying on robust Trajectory Based Operation (TBO) mechanism by relaxing tight interdependencies between trajectories. The underlying philosophy is to capitalize present freedom degrees between layered Air Traffic Management (ATM) planning tools when sequencing departures at airports by considering the benefits of small departures time changes by Air Traffic Controllers (ATCos) at tactical phase.,Spain,0.629334,,,
Civil UAVs Initiative - Xunta De Galicia,629334.0,"Spain, Lugo, Castro, Rozas, 27271",https://www.linkedin.com/company/civil-uavs-initiative,www.civiluavsinitiative.com,"La Civil UAVs Initiative, creada en 2016, es la iniciativa de desarrollo de vehículos no tripulados civiles (UAVs) más innovadora de Europa con la que la Xunta de Galicia quiere convertir el Polo Aeroespacial de Galicia en un actor clave en el desarrollo de tecnología y un referente en el sector en el continente con el objetivo de mejorar la prestación de los servicios públicos. Esta iniciativa estratégica de la Xunta de Galicia persigue atraer inversiones para el sector de vehículos no tripulados y mejorar la prestación de servicios públicos en el ámbito civil (lucha contra incendios, control de masa forestal, gestión de emergencias, salvamento...). Gigantes multinacionales líderes en desarrollo aeroespacial como Indra, Babcock y Boeing son los socios tecnológicos de la Xunta de Galicia en una iniciativa que hoy aglutina a más de 50 agentes entre pymes, centros tecnológicos y universidades y que suma una inversión de 164 millones de euros.",Spain,0.629334,,,
Libertfly,629334.0,"Spain, La Coruña, Brion, 17 Calle Tarrío, 15865",https://www.linkedin.com/company/libertfly,www.libertfly.es,"Ubicada en (España) Libertfly es una empresa de intermediación especializada en la gestión y reservas de chárters aéreos.   A través de nuestra web, facilitamos la solicitud de reservas para vuelos chárters privados o compartidos y la gestión de servicios adicionales en hospedajes y alquiler de vehículos privado con conductor. Nuestra Misión.  Proporcionar la mejor experiencia con el servicio prestado, en calidad, fiabilidad y eficiencia. Conseguir la máxima satisfacción de los clientes (operadores y líneas aéreas) a través de una variedad de servicios ofrecidos con la máxima flexibilidad y un compromiso continuo con el medio ambiente, en materia de eficiencia en ocupación compartida de nuestros servicios.",Spain,0.629334,,,
INNOVAERO,629334.0,"Spain, Basque Country, Bilbao, 19-21 Gran Vía Don Diego Lopez De Haro, 48001",https://www.linkedin.com/company/innovaero,www.innovaero.com,"Somos la plataforma digital para la Innovación Tecnológica del Sector Aeronáutico. Promovemos y permitimos la interacción y gestión entre los diferentes perfiles que confluyen en el ecosistema de innovación.  Nacimos ante la necesidad detectada en las empresas a la hora de innovar, la contrastación del éxito de nuevas metodologías en el ámbito de la Innovación Abierta y la transformación de nuevos modelos de negocio en la era de las economías digitales.  VENTAJAS: ¿Por qué INNOVAERO?  Promovemos sinergias entre empresas a todos los niveles. No sólo para que las PYMES puedan encontrar complementariedad entre sus servicios/productos para ser proveedores de las Empresas, sino que también, sin importar el tamaño, puedan formarse consorcios para optar a concursos internacionales, proyectos multilaterales o proyectos europeos de excelencia como pueden ser los presentes en H2020.   Tenemos la confianza de los actores de la innovación como: Clústeres, Empresas, Asociaciones de Investigadores, Centros Tecnológicos, Universidades, Agencias de Innovación, Aceleradoras Tecnológicas, entre otros.   Localizamos los perfiles más cualificados y con experiencia en el sector, en un contexto internacional, tanto profesionales en activo como investigadores que se encuentran en las Universidades prestigiosas.  Poseemos catalizadores tecnológicos de innovación. Disminuyendo así, las brechas entre la investigación aplicada y el mercado, acercando a las Universidades con las Empresas.   Tenemos un potente sistema de Seguridad Intelectual. Este sistema permite la protección de la propiedad intelectual, secreto empresarial, transferencia tecnológica, patentes, metodologías propias, explotación de resultados de todos los participantes, entre otros.  Tenemos unos excelentes procesos de gestión y seguridad, minimizando la competencia desleal y espionaje industrial.",Spain,0.629334,,,
Aviation DataWorks,629334.0,"Spain, Catalonia, Barcelona, 08016",https://www.linkedin.com/company/aviation-dataworks,www.aviationdataworks.com,"Aviation DataWorks carries out independent air transport research for governments, airlines, airports and other aviation companies. Our scientific thinking will provide you with the solutions, value generating strategies, risk management and sustainable growth that your business needs in an uncertain and constantly changing world.",Spain,0.629334,,,
Ungravity Vision Airworks,629334.0,"Spain, Madrid, Madrid, 28034",https://www.linkedin.com/company/ungravity-vision-airworks,www.ungravityvision.com,Empresa dedicada a la obtención de imágenes aéreas y estabilizadas con fines audiovisuales y técnicos.,Spain,0.629334,,,
YACHT SALES & FINANCING GROUP SL,629334.0,"Spain, Catalonia, Tarragona",https://www.linkedin.com/company/yacht-sales-&-financing-group-sl,yacht-bank.com,,Spain,0.629334,,,
Wacaf Air,629334.0,"Spain, Canary Islands, Telde",https://www.linkedin.com/company/wacafair,wacafair.com,"Our H800XPi fleet Quick-Change configuration allow us to serve in no time all kind of customers base on their particular requested operations from Canary Islands.  24/7 ready for take off we offer high quality service and highly experienced crew no matter if you request executive operations or air ambulance service, we will deliver",Spain,0.629334,,,
CENTRO DE INSTRUCCION DE ALTO RENDIMIENTO AERONAUTICO,629334.0,Spain,https://www.linkedin.com/company/centro-de-instruccion-de-alto-rendimiento-aeronautico,satraining.es,"Combinamos métodos de entrenamiento de máximo rendimiento utilizados con éxito en el campo de la neurociencia durante más de treinta años, con los últimos avances informáticos. Esta combinación de técnicas nos permite ofrecer un entrenamiento dirigido a profesionales aéreos que deseen mejorar sus niveles de concentración, reducir su fatiga (FRMS) o desarrollar su liderazgo (OLBT). En definitiva, nuestro método está concebido para que los profesionales aéreos, o a aquellos que quieran serlo en un futuro, incrementen su rendimiento y alcancen la máxima eficiencia. Si eso es lo que buscas, ponte en contacto con nosotros. Podemos ayudarte a conseguirlo.",Spain,0.629334,,,
Oknens,629334.0,Spain,https://www.linkedin.com/company/oknens,www.oknens.com,ok,Spain,0.629334,,,
Tecnidron,629334.0,"Spain, Madrid, Madrid",https://www.linkedin.com/company/tecnidron,tecnidron.com,"Actividades de investigación y desarrollo Tratamientos aéreos, fitosanitarios y otros que supongan esparcir sustancias en el suelo o la atmósfera, incluyendo actividades de lanzamiento de productos para extinción de incendios Fotografía, filmaciones y levantamientos aéreos (levantamientos topográficos, fotogrametría) Investigación y reconocimiento instrumental: calibración de equipos, exploración meteorológica, marítima, geológica, petrolífera o arqueológica, enlace y transmisiones, emisoras, receptor, repetidor de radio o televisión Observación y vigilancia aérea incluyendo filmación y actividades de vigilancia de incendios forestales Publicidad aérea Operaciones de emergencia, búsqueda y salvamento",Spain,0.629334,,,
BA Flights,629334.0,"Spain, Valencia, Altea, Calle Benidorm, 03590",https://www.linkedin.com/company/ba-flights,www.baflights.net,"BAflights.net is dedicated to compiling the best Brisith Airways flights and destinations for your business journeys or holidays. You can find detailed information about all promoted flights, timetables, baggage allowance, places to visit in the chosen destination, info about public transport, car rental and much more.",Spain,0.629334,,,
Federació Aèria Catalana,629334.0,"Spain, Catalonia, Barcelona, 08018",https://www.linkedin.com/company/federacioaeria,federacioaeria.cat,Federació dels esports aeris a Catalunya,Spain,0.629334,,,
ASTILLERO Y VARADERO EL RODEO ISLA VERDE SL,629334.0,"Spain, Andalusia, Algeciras",https://www.linkedin.com/company/astillero-y-varadero-el-rodeo-isla-verde-sl,,,Spain,0.629334,,,
Suravia S.A Fotografía Aérea Comercial,629334.0,"Spain, Madrid, Madrid, 43 Avda De Madrid, 28750",https://www.linkedin.com/company/suravia-s.a-fotograf-a-a-rea-comercial,www.suravia.com,"Empresa de trabajos aéreos y Escuela de Vuelo autorizada por AESA (Agencia Estatal de Seguridad Aerea) con más de dos decadas de experiencia en el sector.  Escuela de Pilotos-Cursos de Piloto Privado (PPL), Cursos de Iniciación al Vuelo Fotografía aérea digital de alta resolución. Cobertura Nacional. Líderes en la ejecución de seguimientos aéreos sobre obra civil.",Spain,0.629334,,,
AirHint,629334.0,"Spain, Catalonia, Barcelona, Avinguda Diagonal",https://www.linkedin.com/company/airhint,www.airhint.com,Flight price predictor for travelers and API for businesses to deliver the cheapest deals alerts and other services around air travel based on machine learning.,Spain,0.629334,,,
S.L.,591312.0,"Spain, Castille And León, Salamanca, 37185",https://www.linkedin.com/company/arbórea-intellbird-s-l-,www.aracnocoptero.com,presta servicios,Spain,0.591312,,,
REEL AEI,575484.0,"Spain, Andalusia, Málaga",https://www.linkedin.com/company/reel-aei,www.reel-aei.com,"REEL International, con más de 2.500 empleados y presente en cuatro continentes, es un grupo industrial mundial especializado en sistemas complejos de elevación y manipulación y soluciones de sistemas integrados para las industrias nuclear, aeronáutica y defensa entre otras. En Málaga (España), REEL International opera a través de la filial REEL AEI, una empresa especializada en el diseño y fabricación de máquinas de taladrado y utillaje para el sector aeronáutico, que incluye diseño y servicio de entrega y asistencia técnica en las instalaciones del cliente.",Spain,0.575484,,,
Operadron,575484.0,Spain,https://www.linkedin.com/company/operadron,operadron.es,es claro: queremos ofrecer el mejor servicio al precio más adecuado. Para ello mantenemos unos estándares de calidad en nuestros proyectos y conseguimos día a día la mejor valoración de nuestros clientes.,Spain,0.575484,,,
AirEvolution Jets S.L.,575484.0,"Spain, Madrid, Madrid, Avenida De La Hispanidad, 28042",https://www.linkedin.com/company/airevolutionbroker,www.airevolutionjets.com,Prívate Jets & Concierge  🛫Alquiler de aviones privados.  🧳Analizamos tus necesidades y diseñamos tu vuelo a medida . 📧 info@airevolutionjets.com,Spain,0.575484,,,
Rpas,575484.0,Spain,https://www.linkedin.com/showcase/rpas,www.bcasociados.es,"Sistemas y servicios de vehículos voladores por control remoto, control de obras, sistemas eléctricos, eólicos, videoproducción.",Spain,0.575484,,,
Simulador737,575484.0,"Spain, Madrid, Colmenar De Oreja, 20 C/ La Encina, 28380",https://www.linkedin.com/company/simulador737,www.simulador737.com,,Spain,0.575484,,,
Vuelos.Flights,575484.0,"Spain, Valencia, Valencia",https://www.linkedin.com/company/vuelos-sostenibles,vuelos.flights,https://Vuelos.Flights cubre todo sobre la aviación sostenible y vuelos sostenibles,Spain,0.575484,,,
TRIPULANTES AEREOS TA,575484.0,"Spain, Canary Islands",https://www.linkedin.com/company/tripulantes-aereos-ta,www.tripulantesaereosta.es,El rincón de la aviación,Spain,0.575484,,,
Aeroperfils,575484.0,Spain,https://www.linkedin.com/company/aeroperfils,aeroperfils.com,,Spain,0.575484,,,
GONProject,575484.0,Spain,https://www.linkedin.com/company/gonproject,gonproject.com,,Spain,0.575484,,,
Customer Centered Aviation,575484.0,"Spain, Madrid, Madrid",https://www.linkedin.com/company/customer-centered-aviation,www.ccaviationhub.com,"Welcome to the place where people are at the center of all organizational strategy and culture, we want to show you the benefits of a true 100% people-centered strategy (customers and employees), and you can see how it is possible to achieve it.",Spain,0.575484,,,
Fundación Elizalde,575484.0,"Spain, Catalonia, Barcelona, 154 Ronda Del General Mitre",https://www.linkedin.com/company/elizalde,www.fundacionelizalde.org,"La Fundación Elizalde está dedicada a preservar el legado histórico de la marca barcelonesa ELIZALDE, pionera en la fabricación de automóviles y motores de aviación en España (1908-1951). La Fundación fue creada en 1985 por Miguel Elizalde Biada y dispone de un archivo documental y fotográfico.",Spain,0.575484,,,
Voyager Charter Air Broker,575484.0,Spain,https://www.linkedin.com/company/voyager-charter,www.voyagercharter.com,"Manager: Oscar Ferre   https://www.linkedin.com/in/oscar-ferre-2520a017/ Voyager Charter / Oscar Ferre is an air broker with 20 years of experience in air commercialization (both charter and scheduled). With more than 350 charter flights carried out, Voyager enjoys accredited financial assets and a wide portfolio of International contacts. Voyager covers all variety of aircrafts and operatives: From wet lease to tour-operation, meetings, incentives, congresses, events to pilgrimages. We also offer private jets, air ambulance and freighters. The outcome is that our customers are satisfied and repeat with us. Their feedback is that the price was the key factor to confirm, but also the most significant for them was the good work and transparency. Contact:    charter@voyagercharter.com www.voyagercharter.com  Tel: +34 644 222982 C/ Goethe num 12, 4ºA, 07011, Palma de Mallorca, Spain. ------------------------- Voyager Charter / Oscar Ferre es un broker aéreo con 20 años de experiencia en la comercialización aérea (charter y regular) que cuenta con más de 350 vuelos charter en su haber, recursos financieros y una amplia base de contactos. Voyager cubre toda la tipología de aeronaves: Vuelos vacacionales, congresos, convenciones, incentivos, eventos y Wet Lease. También ofrece jets privados, ambulancia y cargueros. Los clientes quedan satisfechos y repiten con nosotros. Nos dicen que el precio fue clave para confirmar, pero que lo más significativo para ellos fue la transparencia y el trabajo bien hecho. Contacto:   charter@voyagercharter.com www.voyagercharter.com  Tel:  +34 644 222982 C/ Goethe num 12, 4ºA, 07011, Palma de Mallorca, España.",Spain,0.575484,,,
DORADAIR,575484.0,Spain,https://www.linkedin.com/company/doradair,www.doradair.es,"DORADAIR es un proyecto de una nueva compañía aérea regional con base en Reus (Tarragona). El proyecto nace de la necesidad de conectar la Costa Dorada con el resto de España de forma rápida y segura, a un buen precio y con un servicio de calidad. Ofrecerá un servicio personalizado comprometido con el cliente permitiendo un viaje rápido, seguro y eficiente gracias a una moderna flota de aeronaves regionales BAE Jetstream 32EP.",Spain,0.575484,,,
DRON ASESORES,575484.0,Spain,https://www.linkedin.com/company/dron-asesores,www.dronasesores.es,"Asesoría legal y técnica para pilotos y operadores Respaldamos legalmente a operadores RPAs, ante todas las instancias judiciales y organismos competentes. Defendemos administrativa,  civil o incluso penalmente a los pilotos y sus empresas en el desarrollo de su actividad. Interponemos recursos frente a sanciones, asesoramos en caso de inspecciones y reclamamos y/o denunciamos incumplimientos de contrato. Asesoramos técnicamente a los pilotos para en materia aeronáutica Realizamos todos los trámites y gestiones para la inscripción ante la Agencia Estatal de Seguridad Aérea, obteniendo así el registro necesario para realizar actividades. Igualmente asesoramos y gestionamos inscripciones ante el registro mercantil y altas ante la Agencia Tributaria",Spain,0.575484,,,
Sustainable Flights,575484.0,"Spain, Valencia, Valencia",https://www.linkedin.com/company/sustainable-flights,sustainable.flights,https://sustainable.flights covers all subjects concerning sustainable aviation and flights.,Spain,0.575484,,,
Aviación Eléctrica,575484.0,Spain,https://www.linkedin.com/company/aviación-eléctrica,aviacionelectrica.com,"Toda la actualidad sobre la Urban Air Mobility (UAM), Advanced Air Mobility (AAM), los aviones eléctricos de aterrizaje y despegue vertical (eVTOL) y el futuro de la aviación en general.",Spain,0.575484,,,
Cluster Aero CV,575484.0,"Spain, Valencia, Alicante",https://www.linkedin.com/company/cluster-aero-cv,www.clusteraero.com,"La Federación Empresarial Clúster Aeronáutico-Aeroespacial y Defensa de la Comunidad Valenciana (CLUSTER AEROCV) se creó en el año 2007, con el objetivo de impulsar el desarrollo de este sector a nivel regional. La idea que orientó su creación fue el aprovechamiento de la elevada densidad del tejido industrial existente en la región, con capacidad para desarrollar actividad a medio y largo plazo en el mismo, mediante el encadenamiento productivo y relacional con empresas e instituciones plenamente integradas en el sector, pero que hasta la fecha trabajaban de forma aislada.",Spain,0.575484,,,
UNITED AIR FREIGHT S.A.,575484.0,"Spain, Madrid, Madrid",https://www.linkedin.com/company/united-air-freight-s-a-,www.transportedeanimales.com,"United Air Freight S.A. “Live Animal Service” es especialista desde hace más de quince años en el transporte de todo tipo de animales: de compañía, de zoo, de producción, de laboratorio, de acuicultura, cetrería, aves en general, caballos, etc. Ofrecemos un servicio personalizado, permanente de 24 horas, bilingüe, asesoramos y tramitamos toda la documentación referente al transporte tanto en importación como en exportación, controles veterinarios y CITES, visados, certificados sanitarios; dando las facilidades y servicios requeridos por nuestros clientes: hoteles de animales, recogidas y entregas, jaulas y transportines y otros servicios relacionados con los productos de origen animal, como envío de material biológico para investigación, refrigerado o fresco, etc.",Spain,0.575484,,,
Duerming,575484.0,"Spain, Catalonia, El Prat De Llobregat",https://www.linkedin.com/company/duerming-sl,www.duerming.com,"We solve airline companies problems when the aircrafts are not ready to take off due to several problems: we get all the passengers off, we move them by buses, give them meal, and bring them to hotels... That's all! It requires 24h service 365 days/year.",Spain,0.575484,,,
AEGEF AERO S.L.,575484.0,"Spain, Madrid, Madrid, 21 Calle Naciones, 28006",https://www.linkedin.com/company/aegef-aero,www.aegef-aero.com,High-Tech metallic raw materials supply for Aeronautics Industry & competition racing.,Spain,0.575484,,,
XALOC CHARTERS SL,564918.0,Spain,https://www.linkedin.com/company/xaloc-charters-sl,xaloccharter.com,,Spain,0.564918,,,
Aeroplans Blaus,532983.0,"Spain, Catalonia, Cardedeu, S/n Cases Can Martí Moret, 08440",https://www.linkedin.com/company/aeroplans-blaus,www.aeroplans-blaus.com,"-Fundada en 1995 Aeroplans Blaus es una empresa dedicada al suministro de accesorios para aviación comercial y deportiva. Contamos con una cartera de más de 2.400 clientes entre particulares, empresas e instituciones y estamos presentes en las ferias más relevantes del sector. Nuestra experiencia y nuestros precios competitivos nos permiten liderar el mercado en España. -Founded in 1995 Aeroplans Blaus is a company dedicated to supply accessories for commercial and recreational aviation market. We have a portfolio of over 2.400 private clients, companies and institutions and we are present in the most important fairs of the sector. Our experience and competitive prices allow us to lead the market in Spain. Tel.oficina: 93.871.22.37 Tel. móbil: 697.585.383 www.aeroplans-blaus.com shop@aeroplans-blaus.com",Spain,0.532983,,,
UARX Space,294314.0,"Spain, Galicia, Nigrán, 36350",https://www.linkedin.com/company/uarxspace,www.uarx.com,"UARX Space is a European leader in in-space transportation, specializing in rideshare and dedicated launch services for PocketQubes, CubeSats, and small satellites. From low Earth orbit (LEO) to geostationary and deep space missions, we provide reliable satellite deployment solutions that ensure mission success. With deep expertise in geostationary satellite technology and a commitment to innovation, UARX Space develops cutting-edge, flight-proven products with Technology Readiness Level 9 (TRL9). As a recognized pioneer in the global space technology landscape, we deliver solutions that position us at the forefront of the rapidly evolving space industry. Beyond launch services, UARX Space offers high-performance separation systems for satellites ranging from 250 grams to 600 kilograms, ensuring smooth and precise deployment for diverse mission needs. Our interdisciplinary team brings together expertise in spacecraft design, thermal and structural analysis, software development, and deep space payload integration. From 1 kg CubeSats to 3500 kg satellites, we provide comprehensive, end-to-end services, including systems engineering, integration, testing, and operations. Headquartered in Nigrán, Galicia, Spain, UARX Space is strategically positioned to serve clients worldwide, driving the future of space exploration and in-space transportation with innovative and reliable solutions.""",Spain,0.294314,,,
The Aviation Centre,280727.0,Spain,https://www.linkedin.com/company/the-aviation-centre,theaviationcentre.com,"The Aviation Centre is the culmination of many years of being involved in Aviation Training.  Our CEO has always been passionate about offering students good quality training in both theory and practical aspects, as well as ensuring that they have the best and most impartial advice possible so that they can achieve the highest standards at the best price and in the most convenient way. As Aviation Training Consultants we don't find students for any particular school but rather the best school for our students. Theory Exams, practical professional and recreational flying, Aviation English and many other aspects of aviation training is what we can provide for you, either directly, or through our partners.",Spain,0.280727,,,
Tolimps Servicios Aeronáuticos SL,179301.0,"Spain, Andalusia, Cadiz, 11 C/ Macedonia Edificio Europa Nave, 11011",https://www.linkedin.com/company/tolimps-servicios-aeronáuticos-sl,www.tolimps.com,"Somos una empresa líder en el sector de suministros industriales y especializados en el sector aeronáutico, siendo uno de nuestros grandes clientes Airbus Operation y Airbus Defence & Space.",Spain,0.179301,,,
Avionline,169116.0,"Spain, Canary Islands, Hervás, Calle Villalba, 38002",https://www.linkedin.com/company/avionline,www.avionline.es,"Avionline: creating value for a mobile world! Avionline is a strategic Aviation and Travel Industry Consultancy with offices in Spain and Germany. We provide Investor Advisory and Travel Startup Company Mentoring services. We developed  the VGM™ Value Generation Management methodology to calculate the financial return of Customer Experience (CX) projects. We develop of SM aware IT and mobile solutions.  We can provide our services in English, German and Spanish.",Spain,0.169116,,,
FiD AERONAUTICA,144512.0,"Spain, Andalusia, El Puerto De Santa María, Calle Pedro Muñoz Seca, 7.1ºe",https://www.linkedin.com/company/fid-aeronautica,www.fidaeronautica.es,Centro Avanzado de Capacitación para la Industria Aeronáutica.,Spain,0.144512,,,
Ritrac International,104108.0,"Spain, Madrid, Madrid, 194 Paseo De La Castellana, 28046",https://www.linkedin.com/company/ritrac-training-sl,ritrac.eu,"CEO RITRAC, Miembro Comisión Asesora AESA, miembro AGCS, director adjunto UNED, fundador RITRAC INTERNATIONAL",Spain,0.104108,,,
Apus SL,95009.0,"Spain, Catalonia, Calonge, 17251",https://www.linkedin.com/company/apus-sl,www.apus.rocks,"Utilising 30 years in the aviation industry, and over 20 years of international management and senior leadership experience, Apus provides consultancy services focused on a number of key areas: • Identifying opportunities for operational efficiency and associated change management support through the design and implementation of transformation programmes. • Utilising unique operational and commercial experience to support significant transactions, for example, supporting either customer or bidders in privatisation projects, or providing bid support in major systems or services tenders. • Business growth strategy development, with specific focus on stakeholder engagement and relationship management. • Coaching for senior leaders and high potential individuals.",Spain,0.095009,,,
EUROFLYTEC AERONAUTICA SL,93248.0,"Spain, Madrid, Madrid, 2 Calle De Oruro, 28016",https://www.linkedin.com/company/euroflytec-aeronautica-sl,www.euroflytec.com,"EUROFLYTEC AERONAUTICA SL is a company based out of CALLE DE ORURO, 2, MADRID, Spain.",Spain,0.093248,,,
NICTALIA TECNOLOGÍA,23689.0,"Spain, Madrid, Colmenar Viejo",https://www.linkedin.com/company/nictalia-tecnolog-a,www.nictalia.es,"Nictalia Tecnología es una empresa creada en el 2003, especialista en visión nocturna. Entre nuestras fuciones principales se encuentran la modernización de aeronaves para compatibilizacion con las gafas de visión nocturna, diseño y fabricación de equipos de control de iluminación de aeronaves tanto interna como externa y la distribución de dispositivos de intensificación luminosa para operaciones nocturnas.",Spain,0.023689,,,
BEEFLY,21470.0,"Spain, Madrid, Alcalá De Henares, 18 Menorca, 28804",https://www.linkedin.com/company/beefly,www.beefly.es,Operadora de UAS multisectorial,Spain,0.02147,,,
