Name,Revenue,HQ Location,LinkedIn URL,Website,Company description,Country,Revenue_M,Main Broker,Main Insurer,Hubspot
Condor Flugdienst GmbH,5000000000.0,"Germany, Hesse, Neu Isenburg, 50 An Der Gehespitz, 63263",https://www.linkedin.com/company/condorairlines,www.condor.com,"Condor - Passion is our Compass. As Germany's most popular leisure airline, Condor has been taking its guests to the world's most beautiful holiday destinations since 1956 – from 13 airports in Germany and Zurich as well as Basel in Switzerland to around 90 destinations all around the world. Condor operates a fleet of over 50 aircraft, which are maintained by the company's own maintenance operation, Condor Technik GmbH, according to the highest safety standards at the Frankfurt and Dusseldorf locations. In spring 2022, Germany's most popular leisure airline unveiled its new brand identity: Inspired by parasols, bath towels and beach chairs, Condor now wears stripes in five colors. This illustrates the development from a leisure airline to a unique and unmistakable vacation brand. The new design was unveiled with the first A330neo, which is operated by Condor since December 2022. As the German launch customer, Condor will then be flying 21 A330neo long-haul aircraft. Thanks to state-of-the-art technology and maximum efficiency, the latest-generation 2-liter aircraft is the European front-runner with 2.1 liters per passenger per 100 kilometers and maximum customer comfort. Condor will also receive 43 brand-new short- and medium-haul aircraft of the A32Xneo family from 2024.",Germany,5000.0,,,
Deutsche Lufthansa AG,39042900900.0,"Germany, North Rhine-westphalia, Köln, 151-153 Venloer Str., 50672",https://www.linkedin.com/company/lufthansa-group,www.lufthansagroup.com,"The Lufthansa Group is a worldwide operating aviation corporation which includes more than 550 subsidiaries and investment companies. This is the official company page and career portal for the Lufthansa Group. Passenger transportation is the largest business segment of the Lufthansa Group and is carried out by the Lufthansa Passage, SWISS, Austrian Airlines, Eurowings and Brussels Airlines. The Group’s route network is operated through its international hubs in Frankfurt, Munich, Zurich, Vienna and Brussels. During the winter of 2017/2018 its flight plan comprised 288 destinations in 106 countries. The Logistics segment is also a market leader in international airfreight. As well as standard freight, its product portfolio covers express freight and special cargo. The MRO and Catering segments complete the Lufthansa Group’s product portfolio, offering the full spectrum of services for the airlines within the Group as well as for external clients. Lufthansa Technik is the global market leader in the maintenance, repair and overhaul of commercial aircraft. The Catering segment is also the global number one in its area. LSG Sky Chefs supplies national and international carriers with airline catering. In addition, it increasingly operates in adjacent markets. Another segment comprises the service and financial companies. AirPlus is one of the leading worldwide providers of solutions for business travel management. Lufthansa Industry Solutions is an IT service provider for process consulting and system integration. The company helps businesses worldwide in select industries with the digitization of business processes. Lufthansa Systems GmbH & Co. KG is one of the world’s leading airline IT providers. The company provides a comprehensive portfolio of consulting and IT services for the global aviation industry. More than 300 airline customers rely on the technological expertise and in-depth airline know-how of Lufthansa Systems. https://www.Be-Lufthansa.com/impressum",Germany,39042.9009,,,
Discover,380747070.0,"Germany, Hesse, Frankfurt Am Main, 1 Hugo-eckener-ring, 60549",https://www.linkedin.com/company/discover-airlines,www.eurowings-discover.com,"Eurowings Discover is the new leisure airline of the Lufthansa Group. Operating out of Frankfurt and Munich this carrier takes travelers to the world's most beautiful short, medium and long-haul destinations. A tailor-made onboard product with numerous extras and dedicated service make every flight a special experience. Travelers benefit from an end-to-end booking process and seamless transfers at the Frankfurt and Munich hubs as well as at many destinations of the Lufthansa Group and its partner airlines worldwide. ",Germany,380.74707,,,
Eurowings,2956813750.0,"Germany, North Rhine-westphalia, Köln, 249 Waldstraße, 51147",https://www.linkedin.com/company/11322962,www.eurowings.com,"Quality flights at reasonable prices. To over 130 destinations in Europe and worldwide. This is what the Eurowings brand stands for. Eurowings Aviation GmbH, based in Cologne, is a wholly owned subsidiary of Deutsche Lufthansa AG. Eurowings Aviation GmbH takes on the commercial management of the Eurowings brand and the flight operations involved, on behalf of Eurowings GmbH. In order to comply with this growth and meet the requirements of the new Eurowings Group, we are looking for motivated and qualified employees to join our team. We offer an exciting and diverse environment as well as the chance to begin a career in one of the most prestigious aviation companies. Let’s take off together! www.eurowings.com/karriere www.be-Lufthansa.com/eurowingsjobs",Germany,2956.81375,,,
Lufthansa,75999038500.0,"Germany, North Rhine-westphalia, Köln, 50672",https://www.linkedin.com/company/lufthansa,www.lufthansa.com,"Lufthansa is one of the world's largest and most prestigious airlines. With hubs in Frankfurt and Munich, we currently fly to 211 destinations in 74 countries. As an industry innovator, we have long been committed to environmental care and sustainability, operating one of the most technologically-advanced and fuel-efficient fleets in the world. Our long-haul fleet includes the Boeing 747-8 and the Airbus A350-900, which are some of the most environmentally-friendly passenger aircraft in the aviation industry. Known for our premium services, we have recently been named “Europe’s best airline” by Skytrax and continue to build new or upgrade existing lounge facilities across our worldwide network. Our entire long-haul fleet features all new onboard products in each class– bringing us one step closer to becoming the first five-star airline in the Western Hemisphere. Additionally, the entire Lufthansa long-haul fleet is equipped with our onboard broadband wireless Internet service, FlyNet. For more information, reservations or customer service, visit lufthansa.com or follow us on Facebook, Twitter, Instagram and Snapchat. We look forward to welcoming you onboard. This LinkedIn page is maintained by Deutsche Lufthansa AG. We will not answer specific Customer Service queries here on LinkedIn. If you have an immediate concern or need to contact us please visit http://www.lufthansa.com/us/en/imprint",Germany,75999.0385,,,
TUI AG,25938109080.0,"Germany, Lower Saxony, Hannover, 23 Karl-wiechert-allee, 30625",https://www.linkedin.com/company/tuigroup,www.tuigroup.com,"We’re adventure seekers. Smile givers. Impact makers. We believe in the power of travel. It broadens horizons for our customers, and for our people too. New places to live, new roles to explore, new communities to join. It’s yours for the taking.  We’re TUI, a leading global travel and leisure experience company that makes holiday dreams come true for people around the world. We are one of the world’s leading tourism groups counting 1200 travel agencies and online portals, five airlines with around 130 aircraft, over 400 hotels, 16 cruise liners, digital platforms for tours and activities and most importantly over 60 000 colleagues around the world. What unites us is creating moments that enrich the lives of our 21 million customers.  Beside the unforgettable experience we provide our customers, we also believe in the good that tourism can bring and we care deeply about our environmental impact. The TUI Care foundation has projects in over 30 countries worldwide, building on the potential of tourism as a global force for development. The Foundation opens up new perspectives through education and training, empowers local communities to benefit from the success of tourism and engages in the protection of nature and the environment. At TUI we simply say “Let’s TUI it”. For us, that means creating happiness. Tackling challenges every day together, with a positive, can-do attitude, and finding solutions even for the most unexpected situations. Our teams across TUI are just as diverse as our destinations. So whether you have lots of experience or none at all. If you want to work in an office or feel best in the field. No matter if you’re an accomplished tech whizz, an aspiring entertainer, or simply in love with flying.  There’s a place for you here.",Germany,25938.10908,,,
Austrian Airlines,232792000.0,Germany,https://www.linkedin.com/company/tyrolean-airways,www.tyrolean.at,"Tyrolean Airways – Wir fliegen für Austrian Airlines Tyrolean Airways wickelt als 100 Prozent Tochter von Austrian Airlines seit Juli 2012 den kompletten Flugbetrieb ab. Das bedeutet, dass die gesamte Kurz-, Mittel- und Langstreckenflotte der größten österreichischen Fluggesellschaft von Tyrolean Airways betrieben wird. Auch das Flugpersonal ist bei Tyrolean Airways angestellt.   Was machte Tyrolean Airways so bedeutsam für Österreich: Vor über 25 Jahren startete Tyrolean Airways  ihren Flugbetrieb mit einer viermotorigen Dash 7, zunächst auf den regelmäßigen Bedarfsflugstrecken Innsbruck-Wien und Innsbruck-Zürich. Rasch entwickelte sie sich zu einer der bedeutendsten Regionalfluggesellschaften Europas. Heute fliegt sie für Austrian Airlines auch zu Destinationen wie New York, Delhi oder Tokio. Ihre Geschäftspolitik zeichnete sich immer durch großen Pioniergeist und wirtschaftlichen Weitblick aus. Ihr hoher Fokus auf Effizienz war die Voraussetzung dafür, dass ihr die Verantwortung für den Betrieb der gesamten Austrian Flotte übergeben wurde.",Germany,232.792,,,
AeroLogic,757218611.0,"Germany, Saxony, Schkeuditz, 2 Josef-von-copertino Straße, 04435",https://www.linkedin.com/company/aerologic,www.aerologic.aero,"Established in September 2007, AeroLogic's first plane took off in the summer of 2009 with the fleet eventually comprising 8 brand-new Boeing 777F's. The company is jointly owned by Deutsche Post DHL and Deutsche Lufthansa AG through their subsidiaries DHL Express and Lufthansa Cargo. The current AeroLogic fleet comprises 28 Boeing 777F.  AeroLogic GmbH is headquartered in Leipzig/Schkeuditz. The company has its own air operating certificate, its own traffic rights, and its own slots. It is responsible for aircraft, crews, route networks and all flight operations. Only cargo on AeroLogic flights will be allocated and processed directly by DHL Express and Lufthansa Cargo, using an innovative, sophisticated model designed to meet the needs of both partners.  For the shipper, AeroLogic means greater capacities, higher flight frequencies, and unmatched transit times for exchanging goods between Asia or North America and Europe – in short, a route network optimised like none other.",Germany,757.218611,,,
TUIfly,211434824.0,"Germany, Lower Saxony, Hannover",https://www.linkedin.com/company/tuifly,www.tuifly.com,"TUIfly is a prominent airline that operates as part of the TUI Group, specializing in providing leisure travel services to a diverse clientele. The airline focuses on offering affordable and convenient flight options to popular holiday destinations across Europe and beyond, including sought-after locations in the United States such as New York, Hawaii, Las Vegas, and Florida. TUIfly's mission is to deliver exceptional holiday experiences by making air travel accessible and enjoyable, ensuring that every flight contributes to a memorable vacation for its passengers. With a strong emphasis on customer satisfaction and safety, the airline aims to be the preferred choice for vacationers seeking reliable and enjoyable travel options. TUIfly caters primarily to leisure travelers, including families, couples, and solo adventurers looking for value for money in their travel plans. The airline collaborates closely with various partners in the travel industry, including hotels and tour operators, to offer comprehensive travel packages that combine flights, accommodations, and additional services like car rentals. This approach simplifies travel planning for customers, allowing them to enjoy hassle-free experiences while exploring diverse cultures and beautiful landscapes. With a commitment to sustainability and innovation, TUIfly strives to enhance the travel experience while minimizing its environmental impact. The airline's vision is to be recognized as a leading provider in the holiday flight sector, ensuring high-quality services and a high level of customer satisfaction. By focusing on delivering exceptional service and value, TUIfly continues to be a popular choice for those looking to embark on memorable vacations.",Germany,211.434824,,,
BKC Brooklyn Central,177926296.0,Germany,https://www.linkedin.com/company/bkc-brooklyn-central,wearebkc.com,,Germany,177.926296,,,
Germania Airlines,135936144.0,"Germany, Berlin, Berlin, 58 Riedemannweg, 13627",https://www.linkedin.com/company/germania-fluggesellschaft,www.flygermania.com,"More Than Three Million Germania Passengers a Year Germania is an independent German airline. It operates under its own name on a growing number of scheduled routes which can be booked directly. Germania also handles many flights on behalf of leading tour operators. Furthermore, Germania specializes in ad-hoc charters and event flights. The airline also operates staff shuttles on behalf of several European blue-chip companies. On short-haul and medium-haul flights the airline, with its distinctive green and white livery, carries more than 3 million passengers per year to holiday destinations, friends or family. Together with Germania Flug AG and Bulgarian Eagle, the company now operates 29 aircraft with a regional focus, outside major hubs. With its instinct for market opportunities, Germania has always offered flights to less conventional destinations. The airline‘s route network includes more than 55 destinations in Europe, North Africa and the Middle East. Full service on board Germania is one of the few airlines within the holiday flight sector which continues to offer a full service on board: snacks, soft drinks and magazines are all included in the ticket price. Depending on the length of the flight, a warm meal is also served. All passengers benefit from a baggage allowance of 20 kg, and on longer flights – for example to and from Beirut, Tehran and Tel Aviv – the baggage allowance increases to 25 kg. Within Germania’s cabins, comfortable seats and innovative ambient lighting provide a pleasant flight experience. Prices for one-way flights start from as little as 59 Euros. Tickets can be bought on the internet at www.flygermania.com, by telephone on tel: +49 30 610 818 000 (prices apply to standard German telephone networks, mobile phone prices can vary) as well as through travel agents. All prices are inclusive of taxes and fees.",Germany,135.936144,,,
HolidayPirates Group,104629092.0,"Germany, Berlin, Berlin",https://www.linkedin.com/company/4799176,,"One of the fastest-growing online travel companies in Europe.  Operating in 10 countries across Europe and North America, our award-winning editorial teams are trusted by our partners, subscribers and followers to deliver inspirational travel deals. From holiday packages, flights and hotels through to car hire, holiday homes and more, our audience knows a HolidayPirates deal is going to be unusually good value. We currently employ around 160 crew members, who can choose from visiting our Berlin HQ or working remotely thanks to our hybrid, flexible work policy.",Germany,104.629092,,,
MHS Aviation GmbH,103957131.0,"Germany, Bavaria, Oberhaching, 5 Raiffeisenallee, 82041",https://www.linkedin.com/company/mhs-aviation-gmbh,www.mhs-aviation.com,"MHS Aviation GmbH is a German charter airline headquartered in Oberhaching, Munich. The company specialises in aircraft charter and fleet management. It currently operates several business jets of different sizes. 1 Global Express, 1 Gulfstream G550, 2 Falcon 2000LX EASy II, 2 Challenger 604, 1 Embraer Praetor 600, 1 Learjet 45, 1 Citation CJ2+ as well as 6 Dornier 328-100. MHS Aviation offers Aircraft Management, Aircraft Charter, CAMO Services and Aircraft Lease. Headquarter is Oberhaching/Munich. MHS Aviation is not an industry newcomer, it has been in business for more than 40 years and has developed into one of the largest executive charter operators in Germany. With 19 aircraft MHS offers exceptional fleet diversity that has no equal. With flexible structures, individual customer service and rapid response times, customers are highly appreciative of MHS Aviation. In particular, aircraft management clients benefit from our professional all-round support and tailor-made flight offers that meet their individual needs. Every member of staff at MHS Aviation is personally committed to our customers requirements. An approach that has proven itself in practice. Something attested to by MHS‘s longterm, ongoing customer relationships.",Germany,103.957131,,,
Hahnair,89994762.0,"Germany, Hesse, Dreieich, 65 An Der Trift, 63303",https://www.linkedin.com/company/hahnair,www.hahnair.com,"Hahnair is a trailblazer in the aviation industry, simplifying the way the world connects. For over 25 years, we have been successfully linking more than 350 partner airlines with thousands of travel agencies across 190 markets worldwide. Every nine seconds, a passenger boards a plane with a Hahnair ticket — a testament to our reach and the quality of our network.  Hahnair for Airlines Airlines of any business model or distribution set-up status can benefit from Hahnair’s solutions. With the HR-169 product, Hahnair enables airlines' content to be available outside their BSP- and ARC-markets. With the products H1-Air and X1-Air, Hahnair simplifies airlines' indirect distribution processes and provides access to all major GDSs. We invite you to tap into your full distribution potential with our expert teams.  Hahnair for Travel Consultants As a strong partner for travel agencies, Hahnair opens doors to endless ticketing possibilities. Access the leading airline network, expand your offering to new routes and destinations, and tap into a vast potential for growth.  Hahnair as an Employer For those seeking exciting career opportunities, Hahnair is the perfect destination. We are an international and diverse team of aviation enthusiasts and dedicated professionals, driven by passion and great work. We believe that everyone has the power to make a difference and encourage you to bring your unique talents and perspectives to the table. Discover more about us and explore your career opportunities by visiting our website: https://www.hahnair.com/en/career/about-us.  Follow our LinkedIn page to stay updated on company news, industry insights, and inspiring stories. Connect with us and become part of a community that shares a passion for aviation, travel, and innovation. Privacy Policy: https://www.hahnair.com/en/privacy",Germany,89.994762,,,
Beck Taxi,84330756.0,"Germany, Vaduz, 8 Dr. Grass Strasse, 9490",https://www.linkedin.com/company/beck-taxi,beck-taxi.li,,Germany,84.330756,,,
China Airlines Ltd.,65525997.0,"Germany, Hesse, Frankfurt Am Main, 80 Gutleutstraße, 60329",https://www.linkedin.com/company/china-airlines-ltd.,www.chinaairlines.de,"Unsere CI Mobile App ist ein schneller und bequemer Zugang zu den China Airlines Diensten. Die App ist für Apple iOS, Android und Windows Phone verfügbar. Jetzt aus dem AppStore herunterladen",Germany,65.525997,,,
Mankiewicz,58657378.0,Germany,https://www.linkedin.com/company/mankiewicz,www.mankiewicz.de,"Mankiewicz is a globally operating company with over 125 years of experience in developing innovative surface coating solutions. The company is dedicated to shaping the future of coating technologies, emphasizing a culture of creativity, collaboration, and diversity among its workforce. Mankiewicz serves a wide range of clients across various industries, reflecting its commitment to quality and innovation, which has earned it recognition as one of the best employers in Hamburg and a top innovator in Germany. The company values the unique contributions of individuals from diverse backgrounds, believing that this diversity drives innovation and success. Mankiewicz also prioritizes employee development, offering numerous training opportunities and internships to foster personal and professional growth.",Germany,58.657378,,,
Pansa,56010726.0,"Germany, Saxony, Crimmitschau, 15 Beyerstraße, 08451",https://www.linkedin.com/company/pansa,www.neue-ansichten.de,,Germany,56.010726,,,
Citycab Frankenberg,48770012.0,"Germany, Hesse, Frankenberg, 10 Bottendorfer Straße, 35066",https://www.linkedin.com/company/citycab-frankenberg,citycab-frankenberg.de,,Germany,48.770012,,,
Eric H Hintz Attorney At Law,38463855.0,"Germany, Sacramento, 1006 4th St, 95814",https://www.linkedin.com/company/eric-h-hintz-attorney-at-law,hintzandwelchlaw.com,,Germany,38.463855,,,
REFLEX Aerospace GmbH,35980000.0,"Germany, Berlin, Berlin, 77 Lindenstr., 10969",,reflexaerospace.com,,Germany,35.98,,,
QEST GmbH,35464108.0,"Germany, Baden-württemberg, Holzgerlingen, 38 Max-eyth-straße, 71088",https://www.linkedin.com/company/qest-gmbh,qest.de,"QEST – Technology Leader in Satellite-Based Broadband Connectivity Founded in 2001 as a technology-driven start-up, QEST (Quantenelektronische Systeme GmbH) has since evolved into a globally recognized leader in the development of advanced satellite antenna systems for broadband communication applications. With its patented antenna technologies, QEST enables high-performance satellite-based broadband connections with data rates exceeding 1 Gbit/s, even under demanding operational conditions. As one of the few companies worldwide specializing in this highly advanced field, QEST delivers solutions precisely tailored to the requirements of satellite operators, service providers, and system integrators. Leveraging more than two decades of experience, a strong commitment to innovation, and an uncompromising focus on quality, QEST has become a trusted technology partner to the global connectivity industry. QEST systems are synonymous with top-tier performance, reliability, and scalability, playing a crucial role in enabling modern satellite-based communication networks.",Germany,35.464108,,,
AEROFLOT Russian Airlines,32725368.0,"Germany, Bavaria, Munich, 2 Isartorplatz, 80331",https://www.linkedin.com/company/aeroflot-russian-airlines,aeroflot.de,,Germany,32.725368,,,
AOA Apparatebau Gauting,28847891.0,Germany,https://www.linkedin.com/company/aoa-apparatebau-gauting,www.aoa-gauting.de,"AOA is a medium-sized group of companies based in Gauting near Munich and Dresden  with customer service centers in Dallas/Texas and Singapore and with 300 employees and an annual turnover of appr. 60 Mio. Euro. AOA provides solutions for air exchange, the supply and disposal of water, fire protection and air conditioning in these frequently used means of transport. The company not only relies on its renowned precision production, but it also develops existing and new products. This allows customers to access current hardware and software solutions. AOA is a valued and reliable partner for its numerous customers, especially because of the high demands on the quality of its products. The company's longstanding customers are an incentive for the company to continue to pursue its vision of developing new and improved technologies.",Germany,28.847891,,,
Interpersonal GmbH,27061362.0,"Germany, Hamburg, Hamburg, 4 Geschwister-beschütz-bogen, 22335",https://www.linkedin.com/company/interpersonal-gmbh,www.interpersonal.aero,Die interpersonal III GmbH ist ein auf die einzigartigen Anforderungen in der Luftfahrt spezialisiertes Personaldienstleitungsunternehmen. Unsere Leidenschaft für die Fliegerei verbindet uns mit unseren Auftraggebern in dieser spannenden Branche und mit vielen qualifizierten Bewerberinnen und Bewerbern.,Germany,27.061362,,,
Sun Jet Services GmbH,25593000.0,"Germany, Hesse, Frankfurt Am Main, 2-14 Unterschweinstiege, 60549",,sunjetservices.com,,Germany,25.593,,,
Oscar Bravo,25173360.0,"Germany, Hesse, Frankfurt Am Main, Am Flughafen, 60549",https://www.linkedin.com/company/oscarbravo,www.oscarbravo.aero,"Oscar Bravo is the trusted partner for Lufthansa Group, delivering digital marketing solutions driven by our passion for aviation. We are on a mission to create an environment for digital, creative, innovation-driven intrapreneurs who are waking up every day to challenge the status quo. Our aim is to serve the travelers needs and drive Lufthansa Group’s business growth by innovatively utilizing our skills covering the whole marketing value chain. We are actively recruiting and enlarging our team. Check out our website for the newest job openings and don’t hesitate to contact us for more information.",Germany,25.17336,,,
ASTRA E.V.,23990426.0,"Germany, Bremen, Bremen",https://www.linkedin.com/company/astra-bremen,astra-bremen.com,"About our current project - ""𝙋𝙧𝙤𝙟𝙚𝙘𝙩 𝙆𝙖𝙧𝙢𝙖𝙣"",       To date, there are no student groups within Europe that have successfully designed, built, and launched a rocket that has reached space (100 km altitude).  Reaching the Karman line (the boundary of space) is generally regarded as the first step to developing launch system technologies and serves as a good platform from which to understand the technical challenges involved in building orbital launchers, which is a field that is currently expanding exponentially.        The ongoing mission of 𝗔𝗦𝗧𝗥𝗔 (Association for Space Technology and Research Applications) is to provide an opportunity for students of the University of Bremen to engineer and innovate in a capacity that complements their programs.  The Karman Project is the first project to be accepted by 𝗔𝗦𝗧𝗥𝗔 and it is ASTRA’s hope that future innovative projects will follow to continue broadening the education available at the University of Bremen. The primary goal of the project is to design, build, and launch a rocket to reach an altitude of 100 km. This project shall serve as a technology demonstrator and engineering exercise to enhance the quality of education at the University of Bremen through the availability of hands-on experience for the student body and inspire the student community.  If successful, this vehicle could serve as a platform to launch future scientific payloads requiring 5-10 minutes of microgravity.",Germany,23.990426,,,
ATC Aviation Services AG,23794602.0,"Germany, Hesse, Frankfurt-airport, Cargo City Süd Gebäude, 641",https://www.linkedin.com/company/atc-aviation-services-ag,www.atc-aviation.com,ATC Aviation Services AG with its head office in Frankfurt was established in 1971. With a world-wide portfolio of more than 70+ airlines in 34 countries ATC is one of the leading GSA/GSSAs in the air freight industry.  For more information on ATC please visit our website: www.atc-aviation.com,Germany,23.794602,,,
LEAV Aviation GmbH,22656024.0,"Germany, North Rhine-westphalia, Köln, 25 Von-der-wettern-str., 51149",https://www.linkedin.com/company/leav-aviation-gmbh,www.leav.com,"We love to Leav - because aviation is more than just flying. At Leav Aviation, we connect people, places and opportunities with passion and purpose.  Founded in 2022 by a dedicated team of aviation professionals, Leav Aviation set out to create a forward-thinking airline built on reliability, flexibility and innovation. Operating from our home base in Cologne, we provide ACMI, charter, and scheduled flight services across a growing number of international routes. Every flight reflects our commitment to operational excellence, safety and outstanding service. We’re proud to challenge the ordinary and set new standards in modern aviation. We are hiring! Unfortunately, we are unable to answer customer service questions through LinkedIn.  For customer service questions, please contact us via email you@leav.com or call +4922159984000.",Germany,22.656024,,,
Deutsche Zeppelin-Reederei GmbH,22026690.0,"Germany, Baden-württemberg, Friedrichshafen, 132 Messestraße, 88046",https://www.linkedin.com/company/deutsche-zeppelin-reederei-gmbh,www.zeppelinflug.de,Als Betreibergesellschaft für den Zeppelin NT wurde im Januar 2001 die „Deutsche Zeppelin-Reederei GmbH“ (DZR) wiederbelebt. Das Unternehmen ist eine 100%ige Tochtergesellschaft der ZLT Zeppelin Luftschifftechnik GmbH & Co. KG und vergleichbar mit einer kommerziellen Fluggesellschaft. Die Reederei ist heute ein Kompetenz- und Servicezentrum für den gesamten Flugbetrieb und weltweit die einzige anerkannte Ausbildungsstätte für Zeppelin-Piloten.,Germany,22.02669,,,
OKAPI Orbits,22026690.0,"Germany, Lower Saxony, Braunschweig, 33 Rebenring, 38106",https://www.linkedin.com/company/okapi-orbits,okapiorbits.space,"OKAPI:Orbits is a comprehensive Space Traffic Management solutions provider. Founded in 2018, the company specializes in safeguarding space missions through its AI-based SSA and STM Platforms—OKAPI:Aether, OKAPI:Astrolabe, and OKAPI:Soteria.  The three platforms offer end-to-end services: from the early stages of the mission to its disposal – focusing on mission and operations optimization, coordination, and regulations compliance.",Germany,22.02669,,,
Arcus-Air,20768022.0,"Germany, Rheinland-pfalz, Zweibrücken, 31 Berliner Allee, 66482",https://www.linkedin.com/company/arcus-air,www.arcus-air.com,"Based in Zweibrucken, Arcus-Air specializes in comprehensive aircraft management solutions. We offer tailored services to private and corporate aircraft owners, ensuring efficient operations, regulatory compliance, and cost-effective management. With a strong focus on safety, reliability, and personalized support, we take care of every aspect of aircraft ownership—so our clients can simply enjoy the journey.",Germany,20.768022,,,
FTI Ticketshop GmbH,20748466.0,"Germany, Bavaria, Munich, 88 Landsberger Str., 80339",https://www.linkedin.com/company/fti-ticketshop-gmbh,www.fti-ticketshop.de,"Unser Unternehmen Die FTI Ticketshop GmbH vertreibt als Consolidator Linienflugtickets rund um den Globus. Unter dem Motto „kompetent.sicher.schnell“ werden an 365 Tagen Linienflugtickets ausgestellt und abgerechnet. Die FTI Ticketshop GmbH ist ein Ticketgroßhändler mit rund 60 Mitarbeitern und hat ihren Firmensitz in München. Unser Kundenkreis Wir sind im B2B Bereich tätig - unsere Vertriebspartner sind Reisebüros (mit oder ohne eigene IATA-Lizenz), Eigenveranstalter und Gruppenreise-Spezialisten.  Unsere technische Abwicklung Flugbuchungen nimmt die Agentur über die Reservierungssysteme Amadeus, Galileo oder Sabre vor oder bucht direkt über unserer internetbasierte Buchungsmaschine FTI farewizard+ ein. Neben den im GDS veröffentlichten Tarifen sind in unserer Tarif-Datenbank Faremaster über zwei Millionen Netto-Flugtarife von mehr als 120 Airlines geladen.  Die Flugtickets werden über unseren Online Assistenten bestellt und unter Überprüfung jeglicher Entgelte, Steuern und Provisionen vom FTI Ticketshop ausgestellt. Die Abwicklung und Abrechnung der Nur-Flug Tickets erfolgt an 365 Tagen im Jahr. Unser Service  Unser Service-Team hilft telefonisch und per e-mail bei allen Fragen rund um Buchung, Tarife und Technik schnell und kompetent weiter.  Persönlich betreut werden unsere gelisteten Agenturen von unseren Key Account Managern und dem Vertriebsinnendienst.  Auf unserer Webseite http://www.fti-ticketshop.de finden unsere Vertriebspartner alle News, Airline-Informationen, Specials, Anleitungen u.v.m. rund um das Thema Linienflug. Profitieren Sie von über 30 Jahren Flugerfahrung!",Germany,20.748466,,,
All Things On Time Performance,20531895.0,"Germany, North Rhine-westphalia, Aachen, 35 Pascalstraße, 52076",https://www.linkedin.com/company/all-things-on-time-performance,www.allthingsontimeperformance.com,"Welcome to All Things On Time Performance! On this page we will keep you updated about: news, tips, best practices, and latest trends in the aviation industry. We research, create and share exciting and informative content for airlines, airports, ground handlers and everyone else who has aviation in their DNA. Do you want to know more? Be sure to check our latest posts here: https://www.allthingsontimeperformance.com/tag/featured-stories/ All Things On Time Performance is powered by INFORM GmbH. INFORM is a global leader in developing software for the optimization of aviation processes using Digital Decision Making based on Artificial Intelligence and Operations Research.  More info here: https://www.inform-software.com/aviation",Germany,20.531895,,,
Zodiac Premium Galleys,20138688.0,"Germany, Hesse, Herborn",https://www.linkedin.com/company/sell-gmbh,www.sell-interiors.com,"Aircraft Galleys, Crew Rest Container, Ovens, Coffeemaker",Germany,20.138688,,,
IMPERIALJET EUROPE GMBH,20138688.0,"Germany, Bavaria, Munich",https://www.linkedin.com/company/imperial-jet,i-jets.com,"ImperialJet are a long-established provider of tailored private jet charter, leasing, management and ownership solutions. With considerable proven experience operating Boeing, Bombardier and Gulfstream aircraft for over two decades, our team are well-placed to ensure the highest level of service to our international client base.  ImperialJet holds a German Air Operators Certificate (AOC) and is one of very few European carriers to hold the International Standard for Business Aircraft Operations (IS-BAO) accreditation.  Safety, quality and integrity are at the forefront of ImperialJet’s approach to aircraft operations and our industry-leading expertise ensures that you are in safe hands whenever and wherever you fly with us.",Germany,20.138688,,,
Wave Fly,18837477.0,"Germany, Berlin, Berlin, d-13405",https://www.linkedin.com/company/wave-fly,www.wavefly.com,"Wave Fly offers unprecedented customer service and competitive pricing. We accommodate our client needs and desires to go anywhere on almost any aircraft. All of our charter aircraft are stocked with complementary snacks and beverages, special catering can be arranged on request. Wave Fly will go to great lengths to ensure you flawless, comfortable, and luxurious travel.",Germany,18.837477,,,
Taunigma Franchise,18282815.0,"Germany, Lower Saxony, Hannover, 79 Lavesstr., 30159",https://www.linkedin.com/company/taunigma-franchise,taunigma.club,,Germany,18.282815,,,
Erzieher-werden,18250686.0,"Germany, Baden-württemberg, Stuttgart, 1 Wankelstraße, 70563",https://www.linkedin.com/company/erzieher-werden,erzieher-werden.de,,Germany,18.250686,,,
PaxLife,17967899.0,"Germany, Brandenburg, Potsdam, 1a Brauerstraße, 14467",https://www.linkedin.com/company/paxlife,www.paxlife.aero,"PaxLife Managed Wireless Inflight Entertainment gives passengers access to entertainment, shopping and destination services through their own personal devices, and creates new ancillary revenue streams for airlines. We take care of the hardware, software and ongoing management, drawing on a global network of content sources and advertising partners. As an airline, you receive a turnkey solution which is quick and simple to implement, and a flexible revenue-share model that puts you in control of costs and income. At Paxlife, we transform inflight entertainment from a cost centre to a profit centre. Our business model allows for a number of engagement models to best suit your needs, from partnering to complete outsourcing. That means you can entertain, engage and transact with your passengers while enhancing your bottom line, enjoying net additional ancillary revenue streams from content, targeted advertising, onboard shopping and destination bookings. And our product is also fully customisable, powering both disconnected and connected environments. Meanwhile your passengers get the great inflight entertainment experience they deserve through our all-new Cloud10 app and browser experience.",Germany,17.967899,,,
AEROTOURS GmbH Verkehrspilotenschule,17621352.0,"Germany, Brandenburg, Strausberg, 12 Flugplatzstr., 15344",https://www.linkedin.com/company/aerotours-gmbh-verkehrspilotenschule,www.aerotours.de,"AEROTOURS GmbH Verkehrspilotenschule is an airlines/aviation company based out of Flugplatzstr. 12, Strausberg, Strausberg, Germany.",Germany,17.621352,,,
Silver Cloud Air GmbH,16992018.0,"Germany, Rheinland-pfalz, Speyer, 2 Joachim-becher-straße, 67346",https://www.linkedin.com/company/silver-cloud-air-gmbh,www.silver-cloud-air.com,"Silver Cloud Air – Charter flights in business and private jets Charter flights for business and private guests with special demands. Rent business and private jets from Silver Cloud Air - your first choice to travel via charter flight for high flexibility, first class comfort and best safety standards. We are there for you 24 hours a day and will bring you to your desired destination within Europe and North Africa. Private Jet hire with Silver Cloud Air is less expensive than you think, so call us to convince yourself!",Germany,16.992018,,,
Xxxyzyxy,16684477.0,Germany,https://www.linkedin.com/company/lufthansa-gts-group-dublin,,none ksajhdsa du idsac sidjc spidjc sidjcn sidjnc saijdncsaikjdc napsdijcnspdoijcnaspdoijncsdjncsadjcnasodin asodcn saod ncs sdonskjdncsdjnc saoidjncasdjcnsajdcnasidjcn sldkj bcsaoj bcsaijcb  sdijc bnsaijdcb  dsib csoidhb cidsahb  dsib idsbc dsaib idsab cdsaib cdsiabc saidbc dsaicb sida bc,Germany,16.684477,,,
CPZ,16362684.0,"Germany, North Rhine-westphalia, Düsseldorf, 42 Schadowstr., 40212",https://www.linkedin.com/company/cpz,www.cpz-duesseldorf.de,,Germany,16.362684,,,
Weingut Eifel-Pfeiffer,14740000.0,"Germany, Trittenheim, 70 Moselweinstr., 54349",https://www.linkedin.com/company/weingut-eifel-pfeiffer,eifel-pfeiffer.de,"Weingut Eifel-Pfeiffer is an airlines/aviation company based out of 70 Moselweinstr., Trittenheim, Germany.",Germany,14.74,,,
Cockpit4u Aviation Service,14474682.0,"Germany, Berlin, Berlin-schoenefeld, 5 Mittelstrasse",https://www.linkedin.com/company/cockpit4u-aviation-service,www.cockpit4u.com,"Cockpit4u is a leading provider of training services to the aviation industry and is set to become the most comprehensive and independent training service organization for airlines and individual pilots. Its services cover the complete spectrum from Type Rating, Recurrent, TRI, MCC training and a wide range of airline related cockpit crew training on Airbus, Boeing and Bombardier aircrafts. Cockpit4u is an approved EASA ATO DE.087",Germany,14.474682,,,
Bagport Group,14117635.0,"Germany, Hamburg, Hamburg, 126 Hasenhöhe",https://www.linkedin.com/company/bagport-group,www.bagport.com,"bagport is your competent service partner for baggage service at airports. bagport offers a range of products effectively and economically in the form of one-stop shopping. For bagport customers, the result is a comprehensive product and service package, custom-made solutions for facilities in world-wide locations for all areas of terminal baggage service management.",Germany,14.117635,,,
WMH GROUP GERMANY,14081337.0,"Germany, North Rhine-westphalia, Essen, 76 Manderscheidtstraße, 45141",https://www.linkedin.com/company/wmh-group-germany,www.wmh-group.com,"QUALITÄT hat Zukunft und Tradition. Unser Unternehmen. Wir liefern zuverlässig Ideen und erstklassige Produkte aus Aluminium für alle Branchen wie etwa den Maschinenbau und die Luft- und Raumfahrtindustrie: Bleche und Platten, Profile, Rohre sowie Stangen aus allen gängigen und vielen speziellen Aluminium-Legierungen sind ständig, außergewöhnliche Materialien schnell und zuverlässig verfügbar. Ob Halbzeuge in hohen Stückzahlen wie Maschinenbauprofile oder individuelle Spezialanfertigungen: dank modernster Fertigungstechnik und kompromisslosem Qualitätsmanagement bieten wir optimale Lösungen für Unternehmen in aller Welt. Just in Time und transparent – dank Rückverfolgbarkeit von Material und Prozessabläufen. QUALITÄT wächst kontinuierlich, weil wir uns das Vertrauen von Industrie und hochspezialisierten Unternehmen jeden Tag hart erarbeiten – und das bereits seit 80 Jahren. Die solide Basis für QUALITÄT: Know-how, Erfahrung, höchste Präzision, absolute Zuverlässigkeit und individuelle Leistung in Beratung und Service. Die internationalen Tochtergesellschaften der WMH GROUP GERMANY in Europa, China und Nordamerika garantieren QUALITÄT ohne Grenzen. Unsere Zertifikate erfüllen die höchsten Anforderungen – unsere Leistungsfähigkeit die höchsten Ansprüche unserer Kunden. Für uns steht QUALITÄT für einzigartige Branchenkenntnisse, erstklassige Produkte und besten Service.  Für Sie bedeutet QUALITÄT ganz einfach: mehr Erfolg. Facebook: WMH GROUP GERMANY Instagram: wmhgroupgermany",Germany,14.081337,,,
Dronivo GmbH,14081337.0,"Germany, Rheinland-pfalz, Ludwigshafen Am Rhein, Guilinistrasse 2 S07, 67065",https://www.linkedin.com/company/dronivo,www.dronivo.com,"Distribution of a unique UAS / counter UAS portfolio. Solutions for enterprise, industry and government users.",Germany,14.081337,,,
TFC Käufer European Airline Services,13577184.0,"Germany, North Rhine-westphalia, Essen, 45 Rehmanns Hof, 45257",https://www.linkedin.com/company/tfc-käufer,tfc-kaeufer.de,Erstklassig seit über 30 Jahren. Wir trainieren Airline-Piloten und bilden Instruktoren aus.  Langjährige Airline Erfahrungen vereint mit Kompetenz und Fortschrittlichkeit garantieren Ihnen eine optimale Ausbildung.,Germany,13.577184,,,
Autoservice.com,13577184.0,"Germany, Schleusingen, 8 Königstraße, 98553",https://www.linkedin.com/company/autoservice.com,autoservice.com,,Germany,13.577184,,,
HWN Titan GmbH,13462349.0,Germany,https://www.linkedin.com/company/hwn-titan-gmbh,www.hwn-titan.de,"Willkommen bei der HWN titan GmbH Die HWN titan GmbH ist ein privat geführtes Unternehmen und blickt auf eine über 13 jährige erfolgreiche Geschäftstätigkeit mit den Wurzeln im chemischen Anlage- und Apparatebau zurück. Durch nachhaltiges internes und externes Wachstum hat sich unser Unternehmen zu einem der führenden Anbieter im Bereich Sonderwerkstoffe und deren Märkten entwickelt. Unser erklärter Anspruch liegt in der qualitativen und individuellen Beratung unserer Kunden und der damit verbundenen, zielgerichteten und optimierten Beschaffung. Unsere tägliche Herausforderung definiert sich, zusammen mit unseren Kunden Nischen zu erkennen, Ideen gemeinsam zu entwickeln, Synergien zu bündeln und Mehrwerte zu schaffen.",Germany,13.462349,,,
MAYKA,13216014.0,Germany,https://www.linkedin.com/company/mayka,www.mayka.de,,Germany,13.216014,,,
Airsiders,13216014.0,"Germany, Bern, Berlin, 8 Diedenhofer Straße, 10405",https://www.linkedin.com/company/airsiders,www.airsiders.com,Airsiders is a Berlin-based travel-tech company that collaborates with airports and airlines to improve their connectivity and the digital passenger experience.,Germany,13.216014,,,
FTT Deutschland GmbH,13077685.0,"Germany, Brandenburg, Wildau, 14 Ludwig-witthöft-straße, 15745",https://www.linkedin.com/company/ftt-deutschland-gmbh,www.fttgmbh.de,FTT Deutschland GmbH was founded in 2011 and is located in Wildau in the 'Zentrum für Zukunftstechnolgie' just south of Berlin. FTT is an international company active in the field of turbomachinery. Please feel invited to browse this website or get in touch with us to learn more!,Germany,13.077685,,,
Royal Aero GmbH,13077685.0,"Germany, Bavaria, Miesbach, 12 Maxlrainer Str., 83714",https://www.linkedin.com/company/royal-aero-services-gmbh,www.royalaero.com,Royal Aero is a privately owned international aviation trading and service provider. One of the largest independent European based suppliers of surplus commercial engine parts and technical consultancy services to the aviation industry; an engine lessor and a lessor of aircraft approaching commercial retirement. Our services provided neatly segment into three main categories: •	Technical Services •	Materials Supply & Management •	Leasing & Trading,Germany,13.077685,,,
Vereinigung Cockpit,13028593.0,"Germany, Hesse, Frankfurt Am Main, 10 Unterschweinstiege, 60549",https://www.linkedin.com/company/vereinigungcockpit,www.vcockpit.de,Vereinigung Cockpit is a democratic and politically independent professional association committed to aviation safety - voluntarily led by pilots.,Germany,13.028593,,,
Lackus,12834213.0,"Germany, Brandenburg, Forst, 6 Werner-von-siemens-straße, 76694",https://www.linkedin.com/company/lackus,www.lackus.de,"Ob das kleine Vordach, das so gute Dienste leistet, wenn man mal den Hausschlüssel nicht so schnell findet, oder der doppelte Carport, der für die Autos der Familie die Garage ersetzt. Wir sind Spezialisten in der Fertigung Ihrer Wunsch-Überdachung und produzieren genau nach Ihren Vorstellungen und Größenangaben, in den Farben und Materialien, wie Sie es sich vorstellen. Zur Zierde oder als Schutzelement für Ihre Terrasse, Ihren Balkon oder Ihre Haustüre, optional mit lichtdurchlässiger oder wetterfester Eindeckung. Lassen Sie uns wissen, was Sie sich vorstellen und wir kommen gerne vorbei und stehen Ihnen messbereit mit Rat und Tat zur Seite.",Germany,12.834213,,,
NPS Store,12528247.0,"Germany, Salt Lake City, 1600 S Empire Rd, 84104",https://www.linkedin.com/company/nps-store,npsstore.com,,Germany,12.528247,,,
Bau Summer,12326925.0,"Germany, Klaus, 18 Treietstraße, 6833",https://www.linkedin.com/company/bau-summer,bausummer.at,,Germany,12.326925,,,
B&B 24 Hour Delivery Service Inc.,12326925.0,"Germany, Modesto, 1108 Reno Ave, 95351",https://www.linkedin.com/company/b&b-24-hour-delivery-service-inc.,bnbdelivery.com,,Germany,12.326925,,,
Strike Aviation Group,12188608.0,"Germany, Hesse, Mörfelden-walldorf, 2 Nordendstraße, 64546",https://www.linkedin.com/company/strike-aviation-group,www.strike.aero,"We are a privately owned Cargo General Sales & Service Agent (GSSA) that began in Switzerland in 1997. Since then, we have expanded to 25 countries worldwide, representing airlines and commercializing airfreight capacity — from sales, operations, and administration to total cargo management. As the first GSSA to focus on sustainability in aviation and diversity in the industry, we are committed to making a positive impact on the world. At STRIKE, we understand that every airline is unique and requires personalized solutions to meet their needs. Our team of experts provides tailored services that include sales and marketing, operations, and customer support. We work closely with our clients to ensure that their cargo is transported safely and efficiently, while also providing exceptional customer service. As a company, we are proud to be at the forefront of sustainability in aviation. We believe that it is our responsibility to reduce our environmental impact and promote sustainable practices. We are committed to reducing our carbon footprint and working with our partners to develop more sustainable solutions for the industry. We are also passionate about promoting diversity in the aviation industry. We believe that diversity and inclusivity are essential for innovation and growth. That's why we are committed to creating a workplace that is inclusive and welcoming to all.",Germany,12.188608,,,
Gauls Catering GmbH,12188608.0,"Germany, Rheinland-pfalz, Mainz, 5 In Den Weinbergen, 55130",https://www.linkedin.com/company/gauls-catering-gmbh,gauls-catering.de,,Germany,12.188608,,,
Asia Holiday,11957346.0,"Germany, Hamburg, Hamburg, 41 Ausschläger Weg, 20537",https://www.linkedin.com/company/asia-holiday,www.asiaholidayhamburg.de,,Germany,11.957346,,,
Flughafen Dresden GmbH,11957346.0,"Germany, Saxony, Dresden, Wilhelmine-reichard-ring, 01109",https://www.linkedin.com/company/flughafen-dresden-gmbh,www.dresden-airport.de,,Germany,11.957346,,,
Sundair,11955409.0,"Germany, Mecklenburg-vorpommern, Stralsund",https://www.linkedin.com/company/sundair,www.sundair.com,"Sundair ist eine 2016 gegründete Fluggesellschaft mit Hauptsitz in Stralsund und operativem Standort unweit des Hautstadtflughafens Berlin-Brandenburg. Sundair bedient im Ferienflugverkehr die schönsten Ziele im Mittelmeerraum, am Roten Meer und auf den Kanarischen Inseln. Die Abflüge finden von den Stationen Berlin-Brandenburg, Kassel und Dresden, sowie Düsseldorf, Bremen und Lübeck statt. Zusätzlich zu den Ferienflügen operiert die Airline im Sonder- und Charterverkehr und bedient Linienflüge in die libanesische Hauptstadt, Beirut. Für die Sundair sind insgesamt neun Flugzeuge im Einsatz. Dabei handelt es sich um fünf Maschinen vom Typ A320 und vier vom Typ A319.",Germany,11.955409,,,
DO-Professional Services GmbH,11550792.0,"Germany, Bavaria, Munich",https://www.linkedin.com/company/do-professional-services-gmbh,www.do-pro.net,"At DO-Professional Services we are specialists for aviation. Because this is the world we love and in which we know our way around. Thanks to expertise and many years of experience. We understand the requirements of the aviation industry and fulfil them.  Our understanding of quality: Zero-defects attitude, holistic process orientation, continuous improvement. You are an aviation specialist with professionalism and passion. You are an expert in your field. You are accustomed to exerting your full energy for your task at hand. In a team made up of professionals. The next step in implementing your career strategy is now pending – an employment contract that offers much flexibility and scope for new experience. You are open to the idea of moving into a new job, one which will give you the chance to prove your competence and develop your profile. Along with your knowledge, ability, personality, and social skills. And you are ready to work on yourself, with the constant objective of honing your abilities. As far as your employer is concerned, you expect more than just commensurate remuneration. You expect guidance, support and active appreciation. To ensure that your cooperation results in long-term benefits for all concerned. DO-Professional Services, the competence and development centre for aviation professionals!",Germany,11.550792,,,
InterSky Luftfahrt GmbH Reservierung,11550792.0,"Germany, Baden-württemberg, Friedrichshafen, 28/2 Flughafen, 88046",https://www.linkedin.com/company/intersky-luftfahrt-gmbh-reservierung,www.intersky.biz,,Germany,11.550792,,,
DAS Private Jets GmbH,11437555.0,"Germany, Baden-württemberg, Mengen, Am Flugplatz, 88512",https://www.linkedin.com/company/das-private-jets-gmbh,das-private-jets.com,"DAS Private Jets GmbH is a high level charter operator with a fleet of modern business jets based in Mengen, Baden-Württemberg, Germany. Exclusive Charter flights all around Europe, Middle East and Northern Africa.",Germany,11.437555,,,
Flugsportzentrum Tirol,11402805.0,"Germany, Innsbruck, 105 Kranebitter Allee, 6020",https://www.linkedin.com/company/flugsportzentrum-tirol,www.flugsportzentrum-tirol.at,"Im Flugsportzentrum Tirol erfüllen sich Frauen und Männer (fast) jeden Alters den Traum vom Fliegen. Die Faszination, lautlos in einem Segelflugzeug die Kraft von Aufwinden nutzen oder an Bord eines Motorflugzeuges Österreich und ganz Europa zu erkunden, erleben über 400 Mitglieder mit den Möglichkeiten und Angeboten des größten Flugsportvereins im Westen Österreichs. Das Fliegen eröffnet neue Horizonte, fordert dem Piloten vieles ab, gibt aber gleichzeitig noch viel mehr zurück. Diese Faszination selbst zu erleben macht auf eine gewisse Art süchtig. Die anspruchsvolle Tätigkeit als Pilot hält jung und geistig wach.",Germany,11.402805,,,
Johann Maier GmbH & Co. KG,11331000.0,"Germany, Baden-württemberg, Stuttgart, 38 Schockenriedstr., 70565",,johann-maier.de,,Germany,11.331,,,
DSI Datensicherheit GmbH,11331000.0,"Germany, Lower Saxony, Stuhr, 16 Henleinstr., 28816",,dsi-ds.de,,Germany,11.331,,,
Aviation-Event,11328012.0,"Germany, Hesse, Darmstadt, 17 Im Hirtengrund, 64297",https://www.linkedin.com/company/aviation-event,www.aviation-event.de,"Aviation-Event invites since 2007 business leaders from the aviation industry and politics to the annual conference to discuss current topics and find solutions for issues the aviation industry is concerned about. We are giving aviation professionals, aviation experts and top decision makers out of the aviation industry access to all aspects of the industry.",Germany,11.328012,,,
Binder Technologie GmbH,10952151.0,"Germany, Bavaria, Karlskron, 45 Münchener Str., 85123",https://www.linkedin.com/company/binder-technologie-gmbh,www.bindertechnologie.de,"Binder is the expert for forming, machining, laser processing and welding. Efficiency is a must–even on small quantities in a cost-driven competition. With the most important production processes being in-house we are able to produce complex sheet metal parts and assemblies. We produce high quality parts and components on the basis of cost-oriented simultaneous co-development with our customers. With NADCAP approval for welding and NDT you can be assured of quality and safety. All Binder employees share a passion for sheet metal that drives our continuous improvement and customer first focus.",Germany,10.952151,,,
Imq Ingenieurbetrieb,10952151.0,"Germany, Saxony, Crimmitschau, 30 Gewerbering, 08459",https://www.linkedin.com/company/imq-ingenieurbetrieb-gmbh,www.imq-gmbh.com,"IMQ – Ihr Team für Qualität Mit über 35 Jahren Erfahrungen im Bereich Materialprüfung, Qualitätssicherung und Schweißtechnik steht die imq Ingenieurbetrieb Ihren Kunden zur Verfügung. Unsere Ingenieure, Physiker und Werkstoffprüfer haben eine hohe Kompetenz auf den Gebieten der Werkstoffprüfung, der Entwicklung von neuen Prüfverfahren, der Schweißtechnik sowie der Beratung im Bereich Qualität, Umwelt und Arbeitssicherheit. Als eines der ersten Werkstoffprüflabore in Sachsen wurde imq Ingenieurbetrieb durch den Deutschen Akkreditierungsrat akkreditiert und seit 2013 liegt die SCC Zertifizierung vor. Heute besitzt imq Ingenieurbetrieb die Anerkennung der Kompetenz nach DIN EN ISO/IEC 17025 zur Durchführung von zerstörungsfreien Werkstoff- und Bauteilprüfungen, mechanisch-technologischen und metallografischen Prüfungen sowie chemischen Analysen und Gefügeabdrücken.",Germany,10.952151,,,
Paul Mitchell Of Northern New England,10821823.0,"Germany, Hooksett, 15 Cross Rd, 03106",https://www.linkedin.com/company/paul-mitchell-of-northern-new-england-pmnne-,pmnne.com,,Germany,10.821823,,,
Fluid Pro LLC,10730344.0,Germany,https://www.linkedin.com/company/fluid-pro-llc,fluid-pro.net,,Germany,10.730344,,,
Stiftung Mayday,10698678.0,"Germany, Hesse, Neu Isenburg, 124 Frankfurter Str., 63263",https://www.linkedin.com/company/stiftung-mayday,stiftung-mayday.de,"The Mayday Foundation maintains a worldwide network of carers, assisted by experienced and specially trained peers, both pilots and flight attendants as well as mental health professionals and professional psychologists. The Foundation provides this support irrespective of alleged guilt, presumed innocence, the cause of the accident or incident and issues pursuant to insurance law.",Germany,10.698678,,,
One Source Facility Services Corporation,10680256.0,Germany,https://www.linkedin.com/company/one-source-facility-services-corporation,onesourcecorp.biz,"One Source Facility Services Corporation is an airlines/aviation company based out of 17 F. Manalo St. Brgy. Pinagkaishan, Cubao, Germany.",Germany,10.680256,,,
Belair Airlines AG / Air Berlin Group,10670769.0,"Germany, Berlin, Berlin",https://www.linkedin.com/company/belair-airlines-ag-air-berlin-group,www.flybelair.com,Operating six aircraft on behalf of Air Berlin out of Zurich.,Germany,10.670769,,,
Flugplatz Malsch,10586471.0,"Germany, Baden-württemberg, Malsch",https://www.linkedin.com/company/flugplatz-malsch,fsg-letzenberg-malsch.de,,Germany,10.586471,,,
Clipper Aviation GmbH,10586471.0,"Germany, Dettingen An Der Erms, 34 Kühsteiggasse, 72581",https://www.linkedin.com/company/clipper-aviation-gmbh,clipper-aviation.de,,Germany,10.586471,,,
M Und M Expresskurier Und Logistik GmbH,10586471.0,"Germany, Berlin, Berlin, 24 Markgrafendamm, 10245",https://www.linkedin.com/company/m-und-m-expresskurier-und-logistik-gmbh,mum-kurier.com,,Germany,10.586471,,,
Biotop 3000,10586471.0,"Germany, Baden-württemberg, Stuttgart, 58 Lerchenstr., 70176",https://www.linkedin.com/company/biotop-3000,biotop3000.de,,Germany,10.586471,,,
ACENTISS,10430620.0,"Germany, Bavaria, Ottobrunn, 28 A Einsteinstr., 85521",https://www.linkedin.com/company/acentiss,www.acentiss.de,"ACENTISS – Approved Center of Engineering, Technology and In Service Support – unterstützt seine Kunden in allen Phasen des Produktlebenszyklus in den Branchen • Luft- und Raumfahrt     • Medizintechnik • Automotive Das ACENTISS Wissen wird genutzt um    • neue Technologien zu erforschen und zu entwickeln – Engineering, Simulation & Optimization • improvement of team collaboration culture and management performance for interim positions and projects - Organization Culture - Leadership - Management  • die Prozesse des Kunden zu analysieren und zu optimieren – System Dynamics Engineering • Engineering – Know How zu schulen  Für detaillierte Informationen stehen wir Ihnen gerne in einem persönlichen Gespräch zur Verfügung. Prof. Dr.-Ing. R. Schwarz (CEO ACENTISS GmbH)",Germany,10.43062,,,
Stuttgarter Flugdienst GmbH,10267371.0,"Germany, Baden-württemberg, Stuttgart",https://www.linkedin.com/company/stuttgarter-flugdienst-gmbh,www.sfd.eu,,Germany,10.267371,,,
Synergy Realty Network LLC,10267371.0,"Germany, Brentwood, 1585 Mallory Ln, 37027",https://www.linkedin.com/company/synergy-realty-network-llc,synergyrealtynetwork.com,,Germany,10.267371,,,
Airfair,10069344.0,"Germany, Berlin, Berlin, 10 Bopp Str., 10967",https://www.linkedin.com/company/airfair,,"Airfair is the leading fare distribution company for airlines, consolidators and travel agencies of any size. We provide the travel industry with reliable services and technology for entry, distribution, quality control and processing and conversion of air fares. We are able to enter, process and distributre fares across all GDS's and third party databases. We work closely with ATPCO, Amadeus, Galileo, Worldspan and other distribution companies to ensure the timely and correct availability of your fares.",Germany,10.069344,,,
German Airways,9512625.0,"Germany, North Rhine-westphalia, Köln, 6 Ettore-bugatti Straße, 51149",https://www.linkedin.com/company/german-airways-gmbh,www.germanairways.com,"German Airways ist das Luftfahrtunternehmen der Zeitfracht-Gruppe und Anbieter von Wet-Lease und Chartergeschäft. Die Fluggesellschaft ist Mitglied der International Air Transport Association (IATA) sowie der European Regions Airline Association (ERA). Zur Flugzeugflotte von German Airways gehören aktuell acht Embraer E190-Maschinen, die europaweit für Geschäftskunden im Einzelcharter eingesetzt werden sowie auf Wet-Lease Basis im Linienverkehr für andere Fluggesellschaften. Zu den Partnern von German Airways gehören unter anderem namenhafte Fluggesellschaften wie KLM, Air France/Hop!, easyJet, Finnair, LOT Polish Airlines und Sky Express sowie namhafte Sportclubs der Bundesliga.",Germany,9.512625,,,
Seagull Aviation GmbH,9440010.0,"Germany, Berlin, Berlin",https://www.linkedin.com/company/seagull-aero,www.seagull.aero,We support the aviation industry!,Germany,9.44001,,,
Altitude Paint Services,9440010.0,"Germany, North Rhine-westphalia, Greven, Airportallee, 48268",https://www.linkedin.com/company/altitudepaintservices,www.altitudepaintservices.com,"Providing high quality paint application services to the aviation market, with a wealth of experience.  A dedicated team specialising in exteriors we can support all projects from re-deliveries to fleet re-brand, contact us for more information.",Germany,9.44001,,,
Innoflair,9440010.0,"Germany, Hesse, Darmstadt, 35 Richard-wagner-weg, 64285",https://www.linkedin.com/company/innoflair,www.innoflair.com,We thrive on building long-term relationships with our customers. We are a team of skilled and passionate professionals with expertise in many aspects of the ground segment.  Our purpose is to help customers reach their goals using state-of-the-art proven technologies resulting in high reliability and usability products.,Germany,9.44001,,,
SeeSat E.V.,9440010.0,"Germany, Baden-württemberg, Friedrichshafen",https://www.linkedin.com/company/seesat-e-v,www.seesat.eu,"Der Verein fördert das CubeSat-Projekt SeeSat. SeeSat hat die Mission mit einer kostengünstigen Satellitenplattform Geoinformationen erfassen und die gewonnenen Daten für jeden verfügbar zu machen. Zudem wollen wir, durch die praktische Ausbildung von Studierenden, das Begeistern junger Menschen und das Erproben neuer Technologien, die Raumfahrt voranbringen.",Germany,9.44001,,,
Hopl,9137273.0,"Germany, Schladming, 218 Rohrmooserstrasse, 8971",https://www.linkedin.com/company/hopl,hopl.at,,Germany,9.137273,,,
TCE,8983949.0,"Germany, Hesse, Morfelden, 7 Waldeckerstraße, 64546",https://www.linkedin.com/company/tcexpertise,tcexpertise.aero,"TCE (Total Cargo Expertise) is made up of a team of fully-certified professionals offering the highest degree of expertise in all aspects of cargo operations and airline safety management:  • Auditing and risk assessments,  • Operational process standards and managing of your GHA, • Messaging & customs reporting  • Trucking arrangements  • Onsite supervision Essentially being “your eyes” on the ground.  Peace of mind guaranteed !!",Germany,8.983949,,,
DG Aviation GmbH,8983949.0,"Germany, Baden-württemberg, Bruchsal, 2 Otto-lilienthal Weg, 76646",https://www.linkedin.com/company/dg-aviation,www.dg-aviation.de,"DG Aviation is a company based out of Otto-Lilienthal Weg 2, Bruchsal, Badenwürttemberg, Germany.",Germany,8.983949,,,
Cosmolink,8983949.0,"Germany, Saarland, Illingen, 8 Neunkircher Straße, 66557",https://www.linkedin.com/company/cosmolink,cosmolink.de,,Germany,8.983949,,,
Werkfeuerwehr Ford Werke Köln,8983949.0,"Germany, North Rhine-westphalia, Köln",https://www.linkedin.com/company/werkfeuerwehr-ford-werke-köln,wf-ford.de,"Werkfeuerwehr Ford Werke Köln is an airlines/aviation company based out of Cologne, Germany.",Germany,8.983949,,,
VÆRIDION,8873113.0,"Germany, Bavaria, Munich, 54 Prinzregentenstraße, 80538",https://www.linkedin.com/company/vaeridion,vaeridion.com,"Ranked LinkedIn Top Startup 2025 | Electric Regional Aviation VÆRIDION is transforming regional air travel with the Microliner, a 100% electric aircraft designed for clean and affordable mobility on regional and underserved routes. Headquartered in Munich, with a subsidiary in Delft, we are developing an eCTOL aircraft that carries up to 9 passengers over 400 km under IFR conditions, meeting the operational and sustainability goals of regional airlines. The clean-sheet design features a glider-inspired wing with integrated modular batteries and a multi-engine, single-propeller propulsion system. The result? The most energy-efficient aircraft in its class. No science fiction, just real, achievable, zero-emission travel before 2030.",Germany,8.873113,,,
Flughafen GmbH Kassel,8810676.0,"Germany, Calden, 1 Flugplatzstraße, 34379",https://www.linkedin.com/company/flughafen-gmbh-kassel,www.flughafen-kassel.de,,Germany,8.810676,,,
Platoon Aviation,8705298.0,"Germany, Hamburg, Hamburg, 5 Rathausmarkt, 20095",https://www.linkedin.com/company/platoon-aviation,www.flyplatoon.com,"Platoon Aviation is a business charter operator providing ad-hoc charter flights to the community of travelers in Europe and beyond. Founded in 2021. Headquartered in Hamburg.  Platoon Aviation operates 11 Pilatus PC-24 for VIP charter flights. The aircraft operate on a floating fleet model, allowing for competitive one-way pricing. No owner approval required, all inclusive pricing.  Platoon Aviation works closely with its Broker partners in offering an unmatched level of service for their clientele.",Germany,8.705298,,,
ProAir Aviation GmbH,8554456.0,"Germany, Baden-württemberg, Filderstadt",https://www.linkedin.com/company/proair-aviation-gmbh,proair-aviation.de,The ProAir Aviation is an independent airline company with a large fleet of aircraft licensed by the German Federal Aviation Authority (LBA).,Germany,8.554456,,,
AutoGyro GmbH,8328990.0,"Germany, Lower Saxony, Hildesheim, 14 Dornierstraße, 31137",https://www.linkedin.com/company/autogyro-gmbh,www.auto-gyro.com,"Die AutoGyro GmbH ist Weltmarktführer in der Entwicklung, Produktion und im Vertrieb von Tragschraubern.  Seit seiner Gründung 1999 wächst der Spezialist für Luftsportgeräte stetig und zählt heute bereits ein fast 100-köpfiges internationales Team aus hochqualifizierten Fachkräften und Ingenieuren. Mit Vertriebspartnern in über 40 Ländern rund um den Globus bedient die AutoGyro GmbH ein weltweites Netzwerk mit dem Ziel, die Freude am Fliegen, die Sicherheit und die Einsatzvielfalt des Gyros grenzenlos umzusetzen.",Germany,8.32899,,,
LEISTRITZ TURBINENTECHNIK GmbH,8181342.0,Germany,https://www.linkedin.com/company/leistritz-turbinentechnik-gmbh,www.turbinentechnik.com,,Germany,8.181342,,,
Big Bob Gibson Bar-B-Que,8181342.0,"Germany, Decatur, 1715 6th Ave Se, 35601",https://www.linkedin.com/company/big-bob-gibson-bar-b-que,bigbobgibson.com,,Germany,8.181342,,,
Topbonus Ltd.,7700528.0,Germany,https://www.linkedin.com/company/topbonus-ltd-,www.topbonus.de,"topbonus gehört zu den größten Vielfliegerprogrammen Europas und ist als eines der führenden Kundenbindungsprogramme mit mehr als 4,3 Millionen Teilnehmern bereits mehrfach ausgezeichnet worden – u. a. als bestes Vielfliegerprogramm 2016 in der Kategorie „Meilen sammeln“ (manager magazin). Bei zahlreichen Partnerunternehmen weltweit sammeln die Teilnehmer topbonus Meilen, die für Prämien eingelöst werden können. Das Kundenbindungsprogramm entstand bereits 2004 als Abteilung der airberlin. Um das Wachstum und die Attraktivität des Programms weiter voranzutreiben, ist topbonus seit Ende 2012 ein eigenständiges Unternehmen, mit Etihad Airways als Mehrheitseigentümer. Aufgrund der Insolvenz von airberlin und dem unmittelbaren Zusammenhang für das Vielfliegerprogramm, hat topbonus am 25. August 2017 einen Insolvenzantrag gestellt. Der vorläufige Insolvenzverwalter Christian Otto führt den Geschäftsbetrieb im vorläufigen Insolvenzverfahren fort; der Geschäftsführer Anton Lill bleibt im Amt. Der Investorenprozess wurde aufgesetzt mit dem Ziel, einen langfristig orientierten Partner für topbonus zu finden, der das Loyalitätsprogramm fortsetzt. Es ist für topbonus Teilnehmer weiterhin möglich, bei Etihad Airways, Germania und bmi sowie bei zahlreichen Partnern am Boden Meilen zu sammeln, u.a. bei Autovermietern, Hotelportalen sowie über den topbonus Meilen-Pilot unter meilen-pilot.de Die vollständige Liste der aktiven Meilen-Partner von topbonus kann unter www.topbonus.de eingesehen werden und wird laufend aktualisiert. Außerdem können topbonus Meilensammler ihre Prämienmeilen bis 2. März 2018 bei Germania und Condor sowie im neuen „topbonus Pop-up Shop“ einlösen.",Germany,7.700528,,,
LUMINAIR,7700528.0,"Germany, Hamburg, Hamburg, 74 Am Sandtorkai, 20457",https://www.linkedin.com/company/fly-luminair,www.fly-luminair.com,"Founded in 2024, LUMINAIR is Europe's most dynamic business jet operator. With a fleet of Citation XLS and Falcon 900LX aircraft, we will bring you to your global destination The Way You Want",Germany,7.700528,,,
TRIAC GmbH,7700528.0,"Germany, Rheinland-pfalz, Trier, 100 Römerstraße, 54293",https://www.linkedin.com/company/triac-gmbh,triac.aero,"Das 2021 gegründete Joint Venture von Austro Control GmbH und TRIWO AG mit Sitz in Trier, Egelsbach und Oberpfaffenhofen hat sich auf die Bedürfnisse von Regionalflughäfen und Verkehrslandeplätzen spezialisiert. Die TRIAC GmbH ist ein zertifizierter Anbieter von Flugsicherungsdiensten für ATC und AFIS sowie innovativer Dienstleister für Remote-Tower Lösungen. Ein besonderes Merkmal der Dienstleistungen ist das Enhanced Surveillance Tower Control – Konzept (Remote Tower), dass eine standortunabhängige Durchführung der Flugplatzkontrolldienste ermöglicht. Als zertifizierte Ausbildungsstätte für AFISO, bietet die TRIAC GmbH am Standort Frankfurt Egelsbach einen innovativen Fernlehrgang gemäß FSPersAV an, der auf die Bedürfnisse regionaler Flugplätze und Betreiber zugeschnitten ist.",Germany,7.700528,,,
Aerocharter Nord GmbH,7700528.0,"Germany, Hamburg, Hamburg, 1-3 Flughafenstrasse, 22335",https://www.linkedin.com/company/aerocharter-nord-gmbh,www.aerocharter.de,,Germany,7.700528,,,
Biodanza Dublin Ireland,7700528.0,Germany,https://www.linkedin.com/company/biodanza-dublin-ireland,biodanzagillian.com,,Germany,7.700528,,,
FlYellow GmbH,7700528.0,"Germany, Bavaria, Passau, 6 Messestraße, 94036",https://www.linkedin.com/company/flyellow-gmbh,flyellow.de,"Flyellow is a dynamic aviation solutions company with roots in lower Germany since 2018. From our headquarter in Passau, we've cultivated expertise in technical aircraft management and commercial single engine turbine operations. With a commitment to excellence, flYellow is your trusted partner in elevating aviation operations within Europe. #flyellow",Germany,7.700528,,,
KAPIA Fotografie,7692771.0,"Germany, Baden-württemberg, Stuttgart",https://www.linkedin.com/company/kapia-fotografie,kapia.net,,Germany,7.692771,,,
HELITEAM SÜD Peter Thoma,7680582.0,"Germany, Bavaria, Geretsried, 10 Bürgerm-graf-ring, 82538",https://www.linkedin.com/company/heliteam-süd-peter-thoma,heliteam.com,,Germany,7.680582,,,
Quick Air Jet Charter GmbH,7552008.0,"Germany, North Rhine-westphalia, Köln, 51147",https://www.linkedin.com/company/quick-air-jet-charter-gmbh,www.quickair.de,"Worldwide Fixed Wing Air Ambulance Provider with capabilities to provide advanced life support. Specialised in adult intensive care transportation, pediatric and neonatal critical care transportation.  Lincensed to fly worldwide ( AOC D-061) Medical Repatriation Service",Germany,7.552008,,,
AZO Anwendungszentrum GmbH Oberpfaffenhofen,7135126.0,"Germany, Bavaria, Gilching",https://www.linkedin.com/company/anwendungszentrum-gmbh-oberpfaffenhofen,www.anwendungszentrum.de,"AZO Anwendungszentrum GmbH Oberpfaffenhofen is an international networking and branding company initiating the most important space-related innovation competitions with more than 15,000 participants, over 200 industrial & public - and 400 international stakeholders. The Masters Series, presented by AZO consists of the Galileo Masters, Copernicus Masters, Space Exploration Masters, and INNOspace Masters. Additionally, AZO organises the Copernicus Hackathons by the European Commission. AZO runs a very successful business angel network which invested more than EUR 50 million Venture Capital in 2018. Additionally, AZO manages it’s ESA Incubation Centre (ESA BIC) Bavaria. This incubation programme has supported more than 150 company foundations solely in Bavaria to date. For more information, please visit www.azo-space.com.",Germany,7.135126,,,
DigaJet,6922674.0,"Germany, North Rhine-westphalia, Köln, 11-13 Oststraße, 50996",https://www.linkedin.com/company/digajet,www.digajet.de,"DigaJet bietet seit 2020 als lokales Luftfahrtunternehmen am Standort Köln/Bonn europaweit flexible Charterflüge für Business- und Privatkunden an.  Fly best - zuverlässig, sicher und diskret ans Ziel. Egal ob exklusive Urlaubsreisen, zeiteffiziente Businessflüge oder spontane Cargo-Aufträge.",Germany,6.922674,,,
CargoLogic Germany GmbH,6922674.0,"Germany, Saxony, Schkeuditz, 1 Torweg, 04435",https://www.linkedin.com/company/cargologicgermany,www.clg.aero,"Located in the heart of Europe we benefit of proximity to integrators plus leading intermodal distribution centres to boost and support the European express market. Our short and mid-range network is served by our new Boeing 737F fleet. Due to its range and payload capabilities, this aircraft allows us to meet the European express demand most efficiently. As a dynamic business, we are always interested in hearing from career-minded cargo aviation professionals. If you are passionate about aviation and you have what it takes to complement our unique offering, we would like to hear from you!",Germany,6.922674,,,
CCCE Euroservice,6922674.0,"Germany, Bavaria, Fürth, 46-48 Erlangerstr., 90765",https://www.linkedin.com/company/ccce-euroservice,ccce.de,,Germany,6.922674,,,
Salon Burger,6922674.0,"Germany, North Rhine-westphalia, Oberhausen, 52 Knappenstraße, 46047",https://www.linkedin.com/company/salon-burger,salon-burger.de,,Germany,6.922674,,,
Carl Dillenius Luftfahrttechnik GmbH,6663008.0,"Germany, Baden-württemberg, Pforzheim, 13 Gülichstraße, 75179",https://www.linkedin.com/company/carl-dillenius-luftfahrttechnik-gmbh,www.carldillenius.aero,"Carl Dillenius ist seit über 160 Jahren ein familiäres, inhabergeführtes Unternehmen. Von der ersten Idee bis zur Serienfertigung unterstützen wir Sie als EN 9100 zertifizierter Entwicklungs- und Herstellungsbetrieb.",Germany,6.663008,,,
ASK,6663000.0,"Germany, Hesse, Bad Homburg Vor Der Höhe, 89 Louisenstraße, 61348",https://www.linkedin.com/company/ask-aero,ask.aero,"ASK – Aeroconsulting Stephan Koenen – founded in 2018, is a Consultancy providing a range of aviation services based on experience of more than a decade in the industry. We manage large projects such as cabin developments for airlines, consult on certification matters in planned or running projects, and can represent you at suppliers during the development and production phases of cabin projects. We want to help you to deliver best-possible projects, by providing expertise and guidance, while reducing your project-related business travel, and by allowing you to spend your time and effort where it gets you the greatest value.",Germany,6.663,,,
EMP Aviation Group,6517621.0,"Germany, Bavaria, Munich, 3 Weinstraße, 80333",https://www.linkedin.com/company/emp-group,emp-assets.com,A Leading Global Aviation Asset Manager,Germany,6.517621,,,
Meyer-Spinnler AG,6517621.0,"Germany, Muttenz, 12 Rothausstrasse, 4132",https://www.linkedin.com/company/meyer-spinnler-ag,meyer-spinnler.ch,,Germany,6.517621,,,
Komba LVR,6417106.0,"Germany, North Rhine-westphalia, Köln, 2 Kennedy-ufer, 50679",https://www.linkedin.com/company/komba-lvr,komba-lvr.de,,Germany,6.417106,,,
Engels Reisen GmbH,6417106.0,"Germany, Hesse, Offenbach, 48 Kaiserlei Straße, 63067",https://www.linkedin.com/company/engels-reisen-gmbh,engelsreisen.de,,Germany,6.417106,,,
Atelier Lightroom,6417106.0,"Germany, Rüti, 4 Joweid Zentrum, 8630",https://www.linkedin.com/company/atelier-lightroom,janine-kueffer-photography.ch,,Germany,6.417106,,,
JetApp GmbH,6417106.0,"Germany, Baden-württemberg, Stuttgart, 5 Marktplatz, 70173",https://www.linkedin.com/company/jetapp-gmbh,www.jetapp.de,"JetApp is revolutionary to the private aviation industry. Booking a private jet today is an archaic customer experience and, unlike general commercial aviation, exercised in a non-digital process. JetApp is the world's leading online booking platform in private aviation with an entirely digital direct booking and single-session payment process.",Germany,6.417106,,,
Lübeck Air GmbH,6417106.0,"Germany, Schleswig-holstein, Lübeck, 101 Blankenseer Str., 23562",,www.luebeck-air.de,,Germany,6.417106,,,
Galaxy Air Service GmbH,6417106.0,"Germany, Hesse, Mörfelden-walldorf, 12-14 Am Zollstock, 64546",https://www.linkedin.com/company/galaxy-air-service-gmbh,www.galaxyairservice.com,"Wir definieren die GSSA-Expertise durch unsere Strategie mit Kommerzialisierung, Technologie, Lösung und Nachhaltigkeit. WIR SIND Galaxy",Germany,6.417106,,,
HeliportDesign Carloff GmbH,6332834.0,"Germany, North Rhine-westphalia, Essen, 82a Ruhrtalstraße, 45239",https://www.linkedin.com/company/heliportdesign-carloff-gmbh,www.heliportdesign.de,,Germany,6.332834,,,
Weber Touristik GmbH,6332834.0,"Germany, North Rhine-westphalia, Steinhagen",https://www.linkedin.com/company/weber-touristik-gmbh,webertouristik-online.de,,Germany,6.332834,,,
Helmer Friedman LLP,6293340.0,"Germany, Culver City, 8522 National Blvd, 90232",https://www.linkedin.com/company/helmer-friedman-llp,helmerfriedman.com,"Helmer Friedman LLP is an airlines/aviation company based out of 8522 National Blvd, Ste 107, Culver City, Germany.",Germany,6.29334,,,
EastMerchant Capital GmbH,6293340.0,"Germany, Saxony, Leipzig",https://www.linkedin.com/company/eastmerchant-capital-gmbh,www.eastmerchant.com,"About us We are a market leading specialist within the aviation industry, providing a broad range of asset based acquisition, finance and management solutions for more than two decades. Our role as Arranger EastMerchant develops and implements innovative financial solutions while providing on-going long-term support. Our in-depth industry knowledge and extensive experience with aviation assets enable us to develop tailor-made solutions for our clients. Our product portfolio includes closed-end funds, investment opportunities for lessors, fund managers and institutional investors, domestic and cross-border leasing transactions, as well as asset and corporate finance. Being a controlling shareholder in Crianza Aviation provides us access to the Korean investor market. We manage Crianza’s unique investment strategy and its growing portfolio of currently 12 widebody aircraft on long-term leases to prime airlines. Our role as Asset Manager Aircraft and Portfolio Management is one of EastMerchant’s strategic business segments alongside the arranging and structuring of investments in the aviation industry. Since 1999, EastMerchant has successfully been managing portfolios with a volume of more than USD 7.5 bn. Current Assets under Management are USD 2.5bn. Our services include: - Asset Monitoring and Reporting - Risk and Portfolio Management - Remarketing and Redelivery Our role as Advisor As a team of independent aviation finance professionals, EastMerchant utilizes its extensive market knowledge and network for the success of its clients. Our unrivaled insight into current and future market developments and decades of experience enable us to provide advice on every aspect of aviation finance, may it be on an individual asset, portfolio, fund or corporate level. This ranges from: - Business Development and Strategy Advisory; to - Structuring of Investment and Transaction Solutions; and - On-going transactional support.",Germany,6.29334,,,
Airxelerate,6293340.0,"Germany, Bern, Berlin, 10-11 Reuchlinstraße, 10553",https://www.linkedin.com/company/airxelerate,www.airxelerate.com,"At Airxelerate, we empower airlines and tour-operators with next-generation software solutions that bridge the technology gap and drive revenue growth. Meet our product suite: Calisto | AIR – Seamlessly connect airlines and tour operators beyond traditional PSS/GDS.  Calisto | TOUR – The smart, dynamic tool to manage capacity, pricing and bookings tailored for tour operators. Calisto | ANCILLARY – Enable ancillary revenue streams by integrating seamlessly across airline and tour-operator systems.  Choose future-proof, scalable technology that simplifies complexity, automates workflows and boosts your bottom line. Ready to transform your distribution and operations? Let’s start the journey together — contact us today!",Germany,6.29334,,,
Webertainment GmbH,6293340.0,"Germany, North Rhine-westphalia, Köln, 35-37 Kasparstraße, 50670",https://www.linkedin.com/company/webertainment-gmbh,webertainment.de,,Germany,6.29334,,,
AVIASPACE Bremen E.V.,6293340.0,"Germany, Bremen, Bremen, 1 Fahrenheitstraße, 28359",https://www.linkedin.com/company/aviaspace-bremen,www.aviaspace-bremen.de,"Im Rahmen der Cluster-Strategie des Landes Bremen beauftragt die Senatorin für Wirtschaft, Arbeit und Europa den AVIASPACE BREMEN e.V. mit der konkreten Umsetzung der Luft-und Raumfahrt-Strategie des Landes Bremen. Ziel ist es hierbei, die Bereiche der Luft- und Raumfahrtindustrie durch übergreifende Vernetzung mit anderen Branchen wie Automobilindustrie, Windenergie oder Schiffbau zu stärken und weiter zu entwickeln.",Germany,6.29334,,,
USC GmbH,6290518.0,"Germany, Hesse, Frankfurt Am Main, 2-14 Unterschweinstiege, 60549",https://www.linkedin.com/company/usc-gmbh,usc.aero,"USC GmbH is an airline company specializing in commercial and private flights, offering a wide range of services to meet the specific needs of our clients. Based in Frankfurt, Germany, our company operates charter, ACMI, and ad hoc flights, providing flexible and reliable air transportation solutions worldwide. With a fleet consisting of Airbus A340-300 and A340-600 aircraft, USC GmbH emphasizes comfort, safety, and efficiency to deliver an exceptional flying experience to our passengers. Whether you are looking for a commercial flight to a specific destination or have unique requirements for a private charter, our experienced team is here to assist you in planning and organizing your personalized journey. At USC GmbH, we understand the importance of first-class customer service. Our dedicated team is available to address all your inquiries and ensure that every detail of your travel is taken care of. To discuss your travel needs, please feel free to visit our website at www.usc.aero or contact us via email at sales@usc.aero. Trust USC GmbH for all your air transportation needs. We are committed to providing tailored flight solutions that prioritize quality, reliability, and customer satisfaction. Embark with us and discover an unforgettable flying experience.",Germany,6.290518,,,
Präwest Präzisionswerkstätten Dr.-Ing. Heinz-Rudolf Jung GmbH & Co. KG,6078446.0,"Germany, Bremen, Bremen, 7 Martinsheide, 28757",https://www.linkedin.com/company/präwest-präzisionswerkstätten-dr.-ing.-heinz-rudolf-jung-gmbh-&-co.-metallverarbeitung,praewest.com,Präwest Präzisionswerkstätten Dr.-Ing. Heinz-Rudolf Jung GmbH & Co. KG,Germany,6.078446,,,
TechnoLab GmbH Labor Für Umweltsimulation,6070128.0,"Germany, Berlin, Berlin, 13 Wohlrabedamm, 13629",https://www.linkedin.com/company/technolabgmbhlaborfürumweltsimulation,www.technolab.de,"TechnoLab ist ein Testlabor für chemisch- physikalische Prüfungen von Zulieferkomponenten aus der Automotive, Bahn und Luftfahrtindustrie. Das Unternehmen ist akkreditiert nach ISO 17025",Germany,6.070128,,,
AviaCert GmbH,6070128.0,"Germany, Mecklenburg-vorpommern, Redefin, 3 Schulstraße, 19230",https://www.linkedin.com/company/aviacert,aviacert.de,"AVIACERT is a legal services company based out of Schulstraße 3, Redefin, Germany.",Germany,6.070128,,,
Bohr Omnibus GmbH,6070128.0,"Germany, Niederweiler, 7a Büchenbeurener Straße, 55491",https://www.linkedin.com/company/bohr-omnibus-gmbh,bohr.de,,Germany,6.070128,,,
E-Aviation / Eisele Flugdienst GmbH,5984483.0,"Germany, Baden-württemberg, Stuttgart-airport",https://www.linkedin.com/company/e-aviation---eisele-flugdienst-gmbh,www.e-aviation.de,"Eisele Flugdienst GmbH is a service provider for business flights and private flights. Our business philosophy is to offer customers the greatest security, flexibility and service at attractive prices. We ensure our passengers safety by deploying planes from the Citation Business Jet model series. These planes are the most reliable and quiet in their class. This measure distinguishes us from the competition and provides our customers with the latest technology and greatest convenience. Compared to scheduled flights, we offer you unequalled flexibility for your trips. You take off when you want, and can reach destinations that scheduled flights do not even approach. Changes to your schedule or your flight schedule at short notice are no problem for us - the plane will wait for you.",Germany,5.984483,,,
Skyline Air Services GmbH,5868099.0,"Germany, North Rhine-westphalia, Düsseldorf, 191 Mörsenbroicher Weg, 40470",https://www.linkedin.com/company/skyline-air-services-gmbh,skyline-air.com,"Skyline Air Services is an independent Cargo General Sales & Service Agent (GSSA). Founded in 2011 in Dusseldorf, Germany, the company has since grown significantly: These days Skyline Air Services is located in several cities throughout Germany and the world – and keeps on spreading its business wings. As a company, our philosophy is to build and maintain a long-term partnership with our customers and business partners. Within a dynamic airline industry, we stand out through experience and sales force. We are committed to providing customers the best sales performance while at the same time guaranteeing superior service quality compared to competitors.",Germany,5.868099,,,
Astro Kalb Fleischzerlege- & Handels GmbH,5826938.0,Germany,https://www.linkedin.com/company/astro-kalb-fleischzerlege--&-handels-gmbh,astrokalb.at,,Germany,5.826938,,,
Flughafen Mönchengladbach,5779534.0,"Germany, North Rhine-westphalia, Mönchengladbach, 95 Flughafenstraße, 41066",https://www.linkedin.com/company/flughafengesellschaft-mönchengladbach-gmbh,www.mgl.de,"🌍 Einer der größten General-Aviation-Airports in Deutschland. 🛫 📍Mönchengladbach, Deutschland",Germany,5.779534,,,
EVIA AERO GmbH,5779534.0,"Germany, Bremen, Bremen, 190 Am Wall, 28195",https://www.linkedin.com/company/evia-aero-gmbh,www.evia-aero.com,Join the movement towards a sustainable aviation future with EVIA AERO’s visionary approach to emission-neutral drive and charging systems,Germany,5.779534,,,
Filcon Electronic GmbH,5779534.0,"Germany, Bavaria, Taufkirchen, 5 Rotwandweg, 82024",https://www.linkedin.com/company/filcon-electronic-gmbh,www.filcon.de,Filcon Electronic GmbH stands for the highest degree of quality and individuality with high-tech connector systems for various markets Filcon Electronic GmbH is part of The Interconnect Solutions Group. The Global supplier of specialised electrical solutions with the personal touch.,Germany,5.779534,,,
MILAN Geoservice GmbH,5779534.0,"Germany, Saxony, Kamenz, Zum Tower, 01917",https://www.linkedin.com/company/milan-geoservice-gmbh,milan-geoservice.de,"MILAN Geoservice GmbH  Kamenz, Germany.",Germany,5.779534,,,
Just Vacuum GmbH,5779534.0,"Germany, Rheinland-pfalz, Landstuhl, 17 Daimlerstraße, 66849",https://www.linkedin.com/company/justvacuumgmbh,www.justvacuum.com,"Wir, die Firma Just Vacuum GmbH, haben uns im Laufe der Jahre auf die Bereiche Vakuumtechnik und Weltraumsimulation spezialisiert und bieten Vakuum-Lösungen für die folgenden Branchen an: - Luft- & Raumfahrt - Universitäten & Hochschulen - Chemie & Petro - Teilchenbeschleuniger - Lebensmittelindustrie Von Vakuumkomponenten über ganze Vakuumanlagen bis hin zu individuellen Vakuumkammern sind wir in der Lage, Ihre kundenspezifische Vorgaben umzusetzen und fertigen in enger Zusammenarbeit mit Ihnen ganz nach Ihren Wünschen. Unser professionelles Team findet Lösungen für Ihre ganz speziellen Anforderungen, egal ob es sich hier um Standardkomponente oder Sonderbauteile handelt. Fragen Sie uns, wir beraten Sie gerne!",Germany,5.779534,,,
TB Copters GmbH,5779534.0,"Germany, Baden-württemberg, Stuttgart, 61 Heßbrühlstr., 70565",https://www.linkedin.com/company/tb-copters,www.tb-copters.de,Ausbringung von Trichogramma mit Multikoptern auf landwirtschaftlichen Flächen,Germany,5.779534,,,
Kotthoff Architekten & Sachverständige,5779534.0,"Germany, North Rhine-westphalia, Schmallenberg, oststr.33",https://www.linkedin.com/company/kotthoff-architekten-&-sachverständige,kotthoff-as.com,,Germany,5.779534,,,
Lettex.de,5769578.0,"Germany, Schleswig-holstein, Heide",https://www.linkedin.com/company/lettex.de,lettex.de,,Germany,5.769578,,,
Activedogs.Com,5769578.0,"Germany, Weyerhaeuser, 8 N3710 Highway, 54895",https://www.linkedin.com/company/activedogs.com,activedogs.com,,Germany,5.769578,,,
IBK-Innovation GmbH & Co. KG,5736841.0,"Germany, Hamburg, Hamburg, 36 Hein-saß Weg, 21129",https://www.linkedin.com/company/ibk-innovation-gmbh-&-co.-kg,www.ibk-innovation.de,"IBK Innovation – Engineering Excellence in Aviation, Energy, and Mechanics IBK Innovation is a specialized German engineering firm with a long-standing track record in applied research and technology services. Our core expertise spans the fields of aeronautics, energy systems, and mechanical engineering. In today’s fast-paced industrial landscape, innovation is not optional — it’s essential. That’s why we offer a comprehensive portfolio tailored to the needs of forward-thinking companies and research consortia: Advanced R&D Services for the Aviation Sector We support the development of cutting-edge tools, models, and processes to enhance the design of next-generation aircraft — with deep expertise in loads & aeroelasticity, structural mechanics, and aerodynamics. Strong Engagement in Publicly Funded R&D Projects As an experienced partner in national and EU co-funded programs, we actively contribute to the development and demonstration of key enabling technologies. Project Design, Proposal Writing & Coordination Support From consortium building to proposal drafting and project management, we help bring collaborative R&D initiatives to life — efficiently and effectively.",Germany,5.736841,,,
Airliners.de,5736376.0,"Germany, Berlin, Berlin, 9 Fanny-zobel Straße, 12435",https://www.linkedin.com/company/airliners.de,www.airliners.de,airliners.de is the knowledge platform for the German aviation industry. Our readers are always up to date on relevant industry topics and better able to recognize interrelationships.,Germany,5.736376,,,
Skailark,5664006.0,"Germany, Bavaria, Grünwald, 27a Nördliche Münchner Straße, 82031",https://www.linkedin.com/company/skailark-aviation-intelligence,skailark.com,"OUR MISSION:  Enabling Aviation to become more sustainable, both economically and environmentally.  HOW DO WE DO THIS? We have built a digital twin of the global commercial aviation landscape, tracking every aircraft, engine, MRO event, every flight, crew member, financial report and so on. In total, we manage 1 trillion data points, increasing with every flight, every second.",Germany,5.664006,,,
HELI-FLIGHT JLR GGmbH,5627089.0,"Germany, Hesse, Reichelsheim, Flugplatz, 61203",https://www.linkedin.com/company/7212678,heli-flight.de,HELI-FLIGHT JLR gGmbH (formerly HELI-FLIGHT GmbH & Co. KG) is an airlines/aviation company based out of Germany. HELI-FLIGHT JLR gGmbH is a wholly owned subsidiary of Johanniter-Unfall-Hilfe e.V.,Germany,5.627089,,,
Luftsportverein Neuwied E.V.,5600922.0,"Germany, Dierdorf, Flugplatz, 56269",https://www.linkedin.com/company/luftsportverein-neuwied-e.v.,lsv-neuwied.de,,Germany,5.600922,,,
DigaJet GmbH,5419000.0,"Germany, North Rhine-westphalia, Köln, 11-13 Oststr., 50996",,digajet.de,,Germany,5.419,,,
LEE Hydraulische Miniaturkomponenten GmbH,5215310.0,"Germany, Hesse, Sulzbach, 2 Am Limespark, 65843",https://www.linkedin.com/company/lee-hydraulische-miniaturkomponenten-gmbh,lee.de,"LEE Hydraulische Miniaturkomponenten GmbH ist eine mitteleuropäische Vertriebsgesellschaft der amerikanischen Mutter THE LEE COMPANY. Wir sind Weltmarktführer für hydraulische Miniaturkomponenten in den Märken: zivile- und militärische Luftfahrt, Space und Satelittentechnik, Motorsport, On- und Offshore Oil-Tool, Automotive, Heavy Duty und Mobildhydraulik, Medizin- und Biomedizintechnik, Druck- und Markiertechnik, uvm.",Germany,5.21531,,,
GAIA Aerospace,5215310.0,"Germany, Lower Saxony, Braunschweig, 33 Rebenring, 38106",https://www.linkedin.com/company/gaia-aerospace,www.gaia-aerospace.com,Need a faster way to space? Then we got you covered! We offer responsive and local on-demand launch services for satellites up to 150 kg with our reusable air launch system #VALKYRIE! You are interested? Then get in contact,Germany,5.21531,,,
Lueb & Schumacher,5193000.0,"Germany, North Rhine-westphalia, Nettetal, 41334",https://www.linkedin.com/company/lueb-&-schumacher,lueb-schumacher.de,,Germany,5.193,,,
FuelPlus Group,5193000.0,"Germany, Lower Saxony, Hannover, 10 Arnswaldtstrasse, 30159",https://www.linkedin.com/company/fuelplus,www.fuelplus.com,"OUR STORY The FuelPlus Group is the leading provider of fuel administration and management software to the aviation industry. Established in 2000 and headquartered in Germany the FuelPlus Group operates worldwide with a global development and support center in Europe and regional offices in America, Europe and Asia.  In line with the Group's mission to provide world leading fuel management solutions that empower the aviation industry to implement robust processes, increase efficiencies and control costs, FuelPlus has developed the FuelPlus Fuel Management platform. Currently in use at nearly 50 airlines and suppliers on 4 continents this platform has proven its value in day to day business, managing approx. 25% of the annual worldwide jet fuel consumption. As a full service provider FuelPlus supports the industry with product-related services including consulting, service desk, and training as well as with fuel business process outsourcing services. Close collaboration with industry-leading carriers and fuel suppliers as well as with industry organizations such as IATA ensures constant product and service enhancements. DEVELOPED BY THE INDUSTRY, FOR THE INDUSTRY FuelPlus works close with industry-leading airlines and aviation fuel suppliers to develop state of the art fuel management products and services. FuelPlus fuel management solutions continue to be shaped by the customers' needs, thanks to an annual user group, industry associations, and the open, responsive approach to business. As an IATA Strategic Partner, FuelPlus is working with the industry on the development of new data standards. This will allow seamless data integration between all parties involved in the aviation fuel business.",Germany,5.193,,,
Best Of Reisen Birgit Dohn,5193000.0,"Germany, North Rhine-westphalia, Bochum, 493 Werner Hellweg, 44894",https://www.linkedin.com/company/best-of-reisen-birgit-dohn,best-of-reisen-bochum.de,,Germany,5.193,,,
R. Eisenschmidt GmbH,5191349.0,"Germany, Hesse, Egelsbach",https://www.linkedin.com/company/r-eisenschmidt-gmbh,eisenschmidt.aero,Luftfahrtbedarf,Germany,5.191349,,,
Global Aviation Services GmbH,5191349.0,"Germany, Saxony, Rothenburg, 113 Friedensstraße, 02929",https://www.linkedin.com/company/global-aviation-services-interior-gmbh,www.global-aviation-services.com,"Global Aviation Services GmbH is a one-stop aviation services provider based in Germany and has partner companies in the United Kingdom and the United Arab Emirates. Founded well over a decade ago, Global Aviation Services GmbH has been involved in creating solutions for our customers with extraordinary metrics of time, cost, quality, and performance.",Germany,5.191349,,,
Sandelving Aerospace GmbH,5191349.0,"Germany, Baden-württemberg, Eschbach",https://www.linkedin.com/company/sandelving-aerospace-gmbh,www.sandelving.com,Experts in aviation supply,Germany,5.191349,,,
Lauscher Präzisionstechnik GmbH,5191349.0,"Germany, North Rhine-westphalia, Aachen, 171 Debyestraße, 52078",https://www.linkedin.com/company/lauscher-präzisionstechnik-gmbh,www.lauscher.de,"Die Lauscher Präzisionstechnik GmbH fertig seit fast 45 Jahren hochwertige Zerspanbauteile aus Titan, Aluminium, thermoplastischen Kunststoffen und hochfestem Stahl für die Luft- und Raumfahrt, den Maschinenbau, Automotive und die Medizintechnik.",Germany,5.191349,,,
IPhone Box,5191349.0,"Germany, Berlin, Berlin, 88 Bänschstraße, 10247",https://www.linkedin.com/company/iphone-box,my-iphonebox.de,,Germany,5.191349,,,
General Aviation Center,5191349.0,"Germany, Saxony-anhalt, Jessen, 9 An Den Linden, 06917",https://www.linkedin.com/company/general-aviation-center-gac-,zuerich-flughafen.ch,,Germany,5.191349,,,
FSI GmbH,5191349.0,"Germany, Schwäbisch Hall, Weissach, 2 Friedensstr., 71554",https://www.linkedin.com/company/fsi-gmbh,www.fsi-online.de,,Germany,5.191349,,,
KRP Mechatec GmbH,5191349.0,"Germany, Bavaria, Garching Bei München, 2 Boltzmannstraße, 85748",https://www.linkedin.com/company/krp-mechatec-gmbh,www.krp-m.de,"KRP Mechatec GmbH is an engineering services provider specialized in structural tests and analyses in the field of space, aviation, experimental research and other high-tech industries. Cryogenic thermal and mechanical testing of materials and components •	liquid helium: 4K (immerged) and 10K to 77K (gas phase) •	liquid nitrogen: 77K (immerged) and 85K to RT (gas phase) •	thermal chamber: -150°C to +350°C •	all temperatures also under vacuum Thermal vacuum chambers •	5 chambers 0.15m to 1.7m •	10K to 550°C •	biaxial load feedthroughs, optical feedthroughs, variable cold plates Thermal and moisture deformation measurement rigs (CTE and CME) •	adjustable in size and shape  •	for material samples, structural elements and components •	CTE down to 10K •	CME (coefficient of moisture expansion) in one run with CTE Mechanical testing •	250kN (10MN on request) •	4K to 400°C •	vacuum, bi-axial Shock table and shock measurement •	high quality and repetition of SRS adjustment •	shock generation by pyrotechnics and impacting mass •	shock measurement of release units and mechanisms Permeability and leakage testing •	down to 20K (LHe cooling) •	test gas: He and H2 at up to 20bar •	LH2 tank materials, CFRP, valves, fittings Special tests •	sensors and actors for extreme environments •	test specification and setup design according to system specification  and customer demands Cleanroom •	for integration of test samples into test chambers •	cleanliness control for environmental testing Structural, thermal and multidisciplinary analysis •	complete spectrum of analysis for space structures and components •	test prediction and model correlation in close loop with our test lab Engineering and management •	“Concentrate on your core competences, we take care of the rest”",Germany,5.191349,,,
Airtec GmbH & Co. KG,5191349.0,"Germany, Hesse, Frankfurt Am Main, 5 Carl-von-noorden-platz, 60596",https://www.linkedin.com/company/airtec-gmbh-&-co-kg,www.airtec.aero,"airtec GmbH &amp; Co. KG is an Airlines/Aviation company located in 5Carl-von-Noorden-Platz, Frankfurt, Hesse, Germany.",Germany,5.191349,,,
Ergo Sum Apple Store Mainz,5191349.0,Germany,https://www.linkedin.com/company/ergo-sum-apple-store-mainz,ergosum-apple.de,,Germany,5.191349,,,
Rockstar Parking,5191349.0,"Germany, Hesse, Hainstadt, 123 Mainstraße, 64747",https://www.linkedin.com/company/rockstar-parking,www.rockstarparking.co.uk,...................................,Germany,5.191349,,,
Harms Aviation GmbH,5191349.0,"Germany, Hesse, Reinheim, 4 Brueder-grimm-strasse, d-64354",https://www.linkedin.com/company/harms-aviation,www.harmsaviation.com,"Founded by aviation legend Captain Dieter Harms, Harms Aviation GmbH is a boutique consulting firm specializing in the aviation and transportation sectors.  Our team consists of highly experienced professionals in Operations, Commercial Strategy, Leadership, Training & Development, MRO, and Innovation. We are united by a can-do attitude and a history of success with renowned aviation companies. As we continue to expand our services, we are also growing our expertise in emerging areas such as Sustainability Management, eVTOL aircraft, and Artificial Intelligence.",Germany,5.191349,,,
Aeroways GmbH,5191349.0,Germany,https://www.linkedin.com/company/aeroways-gmbh,aeroways.com,"Your competent partner for aircraft management, sales and operation",Germany,5.191349,,,
Friends Touristik Marketing GmbH & CoKG,5191349.0,"Germany, Hesse, Frankfurt Am Main, 15 Friedrichstraße, 60323",https://www.linkedin.com/company/friends-touristik-marketing-gmbh-cokg,www.friends-world.com,"Friends Touristik Marketing is an exclusive and dedicated full-service sales and marketing representation for aviation, tourism and hospitality in the German speaking market: Germany, Austria & Switzerland Founded in 2001, with over 20 years of experience, the competent, sales-oriented and multilingual team successfully supports their customers in establishing their brands in the German speaking market. Depending on the customer's requirements, Friends Touristik Marketing offers tailor-made solutions in the areas of sales, marketing, PR, accounting, Social Media, Communication, Branding, Sales Development, Crisis Management, Consulting and Organization of fairs, events, roadshows, fam & press trips. The decisive factor at Friends Touristik Marketing is the passion and commitment of our employees.  We invest in their development and encourage curiosity as well as the contribution of each individual. We work with great efficiency and due to different backgrounds, we can offer services in various languages, e.g. German, English, Spanish, Italian, French and Arabic. Flat hierarchies allow  short decision-making and fast & efficient reactions to current market situations. We passionately strive to create value for our clients while making a positive contribution to the tourism industry. Friends Touristik Marketing is active founding member of the GSA alliance Best Airlines Rep.  Best Airlines Rep https://www.best-airlines-rep.com/",Germany,5.191349,,,
MUSKthrust GmbH,5191349.0,"Germany, Bavaria, Weissenbrunn",https://www.linkedin.com/company/muskthrust-gbr,muskthrust.com,"Take to the sky. Strive for greatness. To Revolutionize Urban Mobility The history of urban mobility is strongly intertwined with the development of housing. For centuries we have succeeded in being able to support a growing number of passengers via an increasing number of transportation solutions, thus enabling us to increase the density of our cities, ultimately setting the foundation for our modern society. We strongly believe that we, to achieve the next step in this evolution, need to move into the third dimension. To achieve this goal we set out not just to create something capable of flight, but rather to create a product that is capable of bringing a premium experience to the consumer market. To Revolutionize Personal Aerial Vehicles (PAV) It is our conviction that we can bring the freedom of personal air travel to the mass market. This goal was taken with the development of the first mass-produced car and has been pursued to this day in many ideas with varying degrees of success. However, none of these ideas have yet managed to achieve actual access to the mass market. For this reason, we are pursuing the goal of achieving not only further developments in our product but in every single step that comes before and after it. To Revolutionize Industry The history of production is marked by several rapid upheavals that have fundamentally changed its face. Each of these upheavals has enabled humanity as a whole to advance into a new era of prosperity and freedom. It is now time for it to undergo fundamental change again. Our goal is to take 3D printing out of rapid prototyping and into mass production. This, in combination with a high degree of automation in production, enables us to achieve good cost efficiency in low production volumes. Also, our production can dynamically switch to new products and processes and incorporate modifications into existing products. For more of our story, visit www.muskthrust.com",Germany,5.191349,,,
Swedish Travel Mafia AB,5191349.0,Germany,https://www.linkedin.com/company/swalo-travel,www.swalo.de,"Our network has brought together the best team for the new generation of OTA (online travel agent). Life flows better with Swalo This Swalo was founded in 2013 and have offices in Stockholm , Sweden and Cape Town, South Africa .  We have access to very advanced booking technology and match the best flights with scheduled airlines .  Swalo cooperate with nearly 600 different airlines. The parent company is Swedish Travel Mafia AB founders Stephan Ekbergh  Travelstart,  Marcus Alderbäck  Mr. Orange , Mattias Sesemann TravelPartner, Anders Bäck , CEO.",Germany,5.191349,,,
FlightTime GmbH,5191349.0,"Germany, Lower Saxony, Ritterhude, 10 D Merlinhang, 27721",https://www.linkedin.com/company/flighttime-gmbh,flighttime.de,"Die FlightTime GmbH ist Ihr zuverlässiger Partner für individuelle Charterflüge und erstklassiges Catering im Luftverkehr. Wir bieten flexible Fluglösungen für Gruppen, Unternehmen und Privatkunden – maßgeschneidert auf Ihre Bedürfnisse. Unser Ziel ist es, Ihren Flug so komfortabel und angenehm wie möglich zu gestalten, mit einem Fokus auf exzellenten Service, Flexibilität und Qualität. Vertrauen Sie auf unsere Erfahrung und unser Engagement, um Ihre Reise zu einem unvergesslichen Erlebnis zu machen.",Germany,5.191349,,,
DG Flugzeugbau GmbH,5191349.0,Germany,https://www.linkedin.com/company/dg-flugzeugbau-gmbh,dg-flugzeugbau.de,,Germany,5.191349,,,
Julix Lernhilfe,5191349.0,"Germany, Lankwitz, 1 Eiswaldtstr., 12249",https://www.linkedin.com/company/julix-lernhilfe,julix-lernhilfe.de,,Germany,5.191349,,,
Stuttgart Airways Luftfahrt GmbH,5191349.0,"Germany, Baden-württemberg, Stuttgart, 23 Rotebühlplatz",https://www.linkedin.com/company/stuttgartairways,www.stuttgartairways.com,"Charterfluggesellschaft made in Germany. Genießen sie wieder der Herr der Lüfte zu sein. ""über den Woken, muss die Freiheit wohl Grenzenlos sein"" lautet ein berühmter Song. Wir wollen ihnen wieder dieses Gefühl vermitteln.",Germany,5.191349,,,
Fleischer Ein- Und Verkaufsgenossenschaft Neuss EG,5133685.0,"Germany, North Rhine-westphalia, Neuss, 6 Scharnhorststrasse, 41460",https://www.linkedin.com/company/fleischer-ein--und-verkaufsgenossenschaft-neuss-eg,feg-neuss.com,,Germany,5.133685,,,
4Aviators,5133685.0,"Germany, Rheinland-pfalz, Mainz, 7 Galileo-galilei-str., 55129",https://www.linkedin.com/company/4aviators-charter-and-training-gmbh,www.4aviators.de,"Als Airline- und Berufspiloten mit einer großen Leidenschaft für die allgemeine Luftfahrt, ist es unser Ziel, CPL & ATPL Piloten diese Passion wieder näher zu bringen und PPL-Piloten ein professionelles Umfeld zu bieten. In diesem könnt Ihr bei 4Aviators Eure Klassenberechtigung für Single Engine Piston Aircraft erwerben und dann mit unserer CAMO gewarteten Flotte abheben. Wir versprechen Euch ein professionelles Umfeld, CAMO gewartete und top gepflegte Flugzeuge, Fluglehrer die ausnahmslos aktive Airline Piloten sind, Manuals die an die Systematik großer Flugbetriebe angelehnt sind und ein Ausbildungsprogramm, das darauf spezialisiert ist, hoch erfahrene ATPL-Piloten wieder an die General Aviation heranzuführen. Auch PPL-Piloten schätzen unsere top ausgestattete und homogen aufgebaute Flotte, die einen einfachen Wechsel zwischen den Mustern ermöglicht und  gleichzeitig ein breites Einsatzspektrum vom gemütlichen VFR-Ausflug bis hin zur schnellen IFR-Reise bietet. Mit den Flugplätzen Mainz-Finthen und Egelsbach bieten wir unseren Piloten zwei der attraktivsten Standorte im Rhein-Main-Gebiet als Basis. Beide Flugplätze bietet neben einer beleuchteten 1000m langen asphaltierten Start- und Landebahn eine sehr gute Infrastruktur und vor allem eine exzellente Erreichbarkeit aus dem gesamten Rhein-Main-Gebiet.",Germany,5.133685,,,
Bellmann Interior GmbH,5133685.0,"Germany, Schleswig-holstein, Uetersen, 9-11 Kuhlenstraße, 25436",https://www.linkedin.com/company/bellmann-interior-gmbh,bellmann-interior.de,,Germany,5.133685,,,
Cockpitsonic GmbH,5133685.0,"Germany, Hesse, Limeshain, 14 Heegwaldring, 63694",https://www.linkedin.com/company/cockpitsonic-gmbh,www.cockpitsonic.de,"Cockpitsonic GmbH is a company based out of 14 Heegwaldring, Limeshain, Hesse, Germany.",Germany,5.133685,,,
Karsten Parey - Kommunikationsdesign,5133685.0,"Germany, Hamburg, Hamburg, 87 Eppendorfer Weg, 20259",https://www.linkedin.com/company/karsten-parey---kommunikationsdesign,karstenparey.de,,Germany,5.133685,,,
WSM Logistic,5133685.0,"Germany, Baden-württemberg, Kehl, 25 Allensteinerstraße, 77694",https://www.linkedin.com/company/wsm-logistic,wsm-logistic.de,,Germany,5.133685,,,
KOCH GmbH & Co.KG Kieswerk Und Transporte Rißtissen / Hochstetten Kieshandel,5133685.0,"Germany, Baden-württemberg, Metzingen, 19 Ziegeleistraße, 72555",https://www.linkedin.com/company/koch-gmbh-&-co.kg-kieswerk-und-transporte-rißtissen-hochstetten-kieshandel,koch-kies.de,,Germany,5.133685,,,
AeroSys,5133685.0,"Germany, Lower Saxony, Osnabrück, 1 Albert-einstein-str.",https://www.linkedin.com/company/aerosys,aerosys.io,"AeroSys Technologies develops Goose - Your Digital Co-Pilot.  Goose is a voice assistant, often referred to as the ""Siri for Pilots"" and allows pilots to access procedures, checklists and information but also control their aircraft via voice.  Goose is based on the vision of making single-pilot flights as safe as multi-crew journeys, allowing pilots to maintain hands on throttle and stick and ask their aircraft for support.",Germany,5.133685,,,
IWorld Tickets & Aviation GmbH,5133685.0,"Germany, North Rhine-westphalia, Düsseldorf, 1 Terminal Ring, 40474",https://www.linkedin.com/company/iworldaviation,www.iworldaviation.de,AIRLINE REPRESENTATIVE / FLIGHT SERVICES  info@iworldaviation.de,Germany,5.133685,,,
Cuban8 GmbH,5133685.0,"Germany, Bavaria, Augsburg, 6 Edisonstrasse, 86399",https://www.linkedin.com/company/cuban8-gmbh,www.cuban8.de,"Cuban8 GmbH offers special Pilot Training in ex. Military Aircrafts and Historical Aircrafts. Das Cuban8 Squadron, sind eine Gruppe von Luftfahrtbegeisterten mit ausgeprägter ziviler und/oder militärische Erfahrung. Wir bieten auf unserer Website eine Vielzahl von Leistungen im Bereich der Luftfahrt an und möchten unsere Begeisterung möglichst vielen Gleichgesinnten zugänglich machen.   In diesem Zusammenhang haben wir ein Netzwerk an Partnern, welches wir Ihnen gerne auf Anfrage vorstellen und vermitteln.",Germany,5.133685,,,
FairJets GmbH,5133685.0,"Germany, North Rhine-westphalia, Büren",https://www.linkedin.com/company/fairjets-gmbh,,,Germany,5.133685,,,
SOS Dekorace,5133685.0,"Germany, Prague, 1256 Dobronická, 14000",https://www.linkedin.com/company/sos-dekorace,sosdekorace.com,,Germany,5.133685,,,
TAROTRANS Srl,5133685.0,"Germany, Fontevivo, 8 Via Atene, 43010",https://www.linkedin.com/company/tarotrans-srl,tarotrans.it,,Germany,5.133685,,,
Leierkasten,5034672.0,"Germany, Berlin, Berlin, Henningsdorfer Str, 13503",https://www.linkedin.com/company/leierkasten,www.leierkastenpueppi.de,,Germany,5.034672,,,
The Aviation Company UG,5034672.0,"Germany, Baden-württemberg, Mannheim, 172 Seckenheimer Landstrasse, 68162",https://www.linkedin.com/company/the-aviation-company,aviationcompany.de,"Sichere Luftfahrt – unsere Mission. Als spezialisierter Partner für Cybersecurity und Safety & Compliance in der Luftfahrt sind wir darauf fokussiert, die digitale Resilienz und nachhaltige Konformität von Unternehmen zu gewährleisten. Mit umfassender technischer und regulatorischer Expertise sind wir darauf spezialisiert, Unternehmen bei der Implementierung von Standards wie EASA Part-IS zu begleiten. Unser Ziel ist es, die digitale Resilienz entlang Ihrer gesamten Wertschöpfungskette zu stärken und Risiken effektiv zu minimieren. Wir verstehen uns als verlässlicher Partner, der durch maßgeschneiderte Lösungen und strategische Beratung sicherstellt, dass der Luftfahrtbetrieb nicht nur den aktuellen Anforderungen entspricht, sondern auch zukunftsfähig und widerstandsfähig bleibt. Gemeinsam gestalten wir die Zukunft der Luftfahrt sicherer. Impressum: https://www.aviationcompany.de/impressum",Germany,5.034672,,,
OLT Ostfriesische Lufttransport GmbH,5034672.0,"Germany, Borkum Borkum, 108 Ostfriesenstr., 26757",https://www.linkedin.com/company/olt-ostfriesische-lufttransport-gmbh,www.olt.de,,Germany,5.034672,,,
FlyXdrive GmbH,4992000.0,"Germany, North Rhine-westphalia, Aachen, 7 Steinbachstr., 52074",,flyxdrive.com,,Germany,4.992,,,
JETLIFE-AVIATION GmbH,4807981.0,"Germany, North Rhine-westphalia, Münster",https://www.linkedin.com/company/jetlife-aviation,www.jetlife-aviation.de,JETLIFE-AVIATION is a commercial operator of a Pilatus PC-12 fleet and offers aircraft management for owners. The fleet is used for passenger charter and cargo operation.,Germany,4.807981,,,
Sykelix World Media,4807981.0,Germany,https://www.linkedin.com/company/sykelix-world-media,sykelixworldmedia.co.zw,,Germany,4.807981,,,
TRAINICO GmbH,4730553.0,"Germany, Brandenburg, Wildau, 62 Friedrich-engels-straße, 15745",https://www.linkedin.com/company/trainico-gmbh,www.trainico.de,"Welcome to TRAINICO! Competence & Passion – These are the success factors that have turned TRAINICO into one of the most experienced education providers in Germany. For the past 25 years, TRAINICO GmbH has been qualifying professionals for aviation. Since the foundation of our company in 1993, more than 36,000 course participants have completed their training with us. That is what we take great pride in and why we look optimistically into the future. Since July 1, 2014 TRAINICO GmbH has been owner-managed. Thus, our business activities are not determined by corporate interests but by the needs of those companies that are our clients. Working closely together with you, we develop tailor-made high-quality training for your employees. Let‘s start our anniversary journey now – this is what you can expect: innovation, individuality, a variety of offers and 25 years of competence and passion for aviation. Aviation needs companies with courage and visions, companies which turn their visions into reality.",Germany,4.730553,,,
ACT Services GmbH,4693779.0,"Germany, Hesse, Eschborn, 77 Mergenthalerallee, 65760",https://www.linkedin.com/company/act-services-gmbh,www.actservices.de,"The ACT Services GmbH is a dynamic and ambitious service provider in the field of technical support for aircraft transactions. We provide consultancy and other services to companies operating in the aviation industry, especially airlines, aircraft owners and financing banks. These services include, in particular, reviewing technical, administrative or other aviation-related requirements, technical and administrative support, and the organisation of seminars and training programmes for such companies and their staff. Internationally renowned airlines and banks rely on the competence of ACT Services GmbH. Quality and professionalism are our top priorities. We consistently focus on the needs of our customers. The personal, service-oriented contact with our customers is particularly important to us. We open up new markets and cultivate long-term customer relationships. ACT Services GmbH offers beginners and interested parties with professional experience a wide range of job opportunities and development prospects at attractive conditions. High-flyers wanted Are you interested in working for one of the most exciting, fastest-growing outfits in the aviation industry? We’re looking for some good people for full- and part-time work. We’ll assign you to a wide variety of projects, activities and tasks, so there are plenty of opportunities for you to learn new skills. You can find our vacancies at: https://www.actservices.de/#jobs  Xing: https://www.xing.com/companies/actservicesgmbh  Imprint: https://www.actservices.de/imprint",Germany,4.693779,,,
Adana Kebap,4673118.0,"Germany, Baden-württemberg, Trossingen, 13 Marktplatz, 78647",https://www.linkedin.com/company/adana-kebap,www.mega-adana.de,,Germany,4.673118,,,
Main-Post GmbH & Co. KG Main-BriefLogistik GmbH,4673118.0,"Germany, Bavaria, Würzburg, 2 Berner Str., 97084",https://www.linkedin.com/company/main-post-gmbh-&-co.-kg-main-brieflogistik-gmbh,fnbrieflogistik.de,,Germany,4.673118,,,
ITT Industrie- Und Transportschutz Thüringen GmbH,4673118.0,"Germany, Hesse, Eschwege, 1 Felchtaer Landstr., 99974",https://www.linkedin.com/company/itt-industrie--und-transportschutz-thüringen-gmbh,www.ittgmbh.de,"ITT Industrie- und Transportschutz Thüringen GmbH is an airlines/aviation company based out of Felchtaer Landstr. 1, Mühlhausen, Eschwege, Germany.",Germany,4.673118,,,
Gstöhl AG,4608349.0,"Germany, Eschen, 9 Kohlplatz, 9492",https://www.linkedin.com/company/gstöhl-ag,gstoehl.net,,Germany,4.608349,,,
JETKONTOR AG,4405338.0,"Germany, Schleswig-holstein, Norderstedt, 1 Südportal, 22848",https://www.linkedin.com/company/jetkontor,,"The story of JETKONTOR began over 20 years ago with the passion for flying and the idea to share it with others. One aircraft became four - we are proud to call the Cessna Citation XLS part of our JETKONTOR family since the end of 2022. We are your trusted partner in business aviation and private jet charter, offering you a comprehensive and relaxing travel experience. We achieve this standard because we are united by a common passion and we go the extra mile with great enthusiasm. Our goal is to create a place of peace and arriving for you. In addition to private jet charter, we also offer special flights, such as ambulance and cargo flights, and assist you with aircraft management of your aircraft or fleet, including certification to our AOC.",Germany,4.405338,,,
Zureck Logistik GmbH,4405338.0,"Germany, Brandenburg, Brandenburg An Der Havel, 3 Am Industriegelände, 14772",https://www.linkedin.com/company/zureck-logistik-gmbh,zureck-logistik.de,"Zureck Logistik GmbH is an airlines/aviation company based out of 3 Am Industriegelände, Brandenburg an der Havel, Germany.",Germany,4.405338,,,
Positive Painting,4405338.0,"Germany, Newport",https://www.linkedin.com/company/positive-painting,,,Germany,4.405338,,,
Franconia Air Service GmbH,4405338.0,"Germany, Bavaria, Neustadt An Der Aisch, 18 Nägeleinsgasse, 91413",https://www.linkedin.com/company/franconia-air-service-gmbh,franconia-air-service.de,"Franconia Air Service GmbH, 2014 gegründet, ist eine unabhängige Charterfluggesellschaft für Geschäfts- und Privatkunden mit europaweitem Flugbetrieb. Die Vision von Firmengründer Thomas Müller war simpel: Kostengünstige Charterflüge mit hoher Flexibilität zu verbinden. Mit dieser Idee hat er gemeinsam mit seinem Team die Charterfluggesellschaft erfolgreich aufgebaut, die heute über zahlreiche zufriedene Stammkunden verfügt. Der Erfolg beruht auf einer wirtschaftlichen Flotte, die es ermöglicht, Privatflüge zu attraktiven Preisen anzubieten. Zudem ist die Flotte in der Lage, auch kleinere Regionalflughäfen anzufliegen, wodurch rund 1.200 Ziele in ganz Europa direkt erreichbar sind. Das Unternehmen operiert von zwei Basen in Nürnberg und Frankfurt Egelsbach. Für den Kunden bedeutet das: Er gelangt über Regionalflughäfen direkt und ohne Umwege an sein Ziel. Die Reisezeit wird erheblich verkürzt und die Flexibilität steigt. Im Vergleich zu Auto, Bahn und Flugreisen bieten Privatflüge eine deutlich effizientere Lösung. Diese Verkehrsmittel sind zwar solide, aber oft mit langen, zeitintensiven Reiseketten und unvorhersehbaren Hindernissen wie Staus oder Verspätungen verbunden. Ein Privatflugzeug hingegen bietet eine maßgeschneiderte, schnelle Alternative. Die Reisekette ist individuell, unkompliziert und deutlich kürzer – so erreichen Sie Ihr Ziel bis zu 80 % schneller als mit anderen Verkehrsmitteln. Die Vorteile eines Privatflugzeugs: → Zeitersparnis → Selbstbestimmte Reisezeiten → Einfache, kurze Reiseketten → Planungssicherheit durch Direktflüge → Effiziente Terminvereinbarungen ohne Zeitdruck → Hin- und Rückflug am selben Tag Für weitere Informationen besuchen Sie unsere Webseite oder kontaktieren Sie uns per E-Mail unter service@franconia-air-service.de. Hinweis: Franconia Air Service GmbH ist vom Luftfahrtbundesamt (LBA) zertifiziert und erfüllt alle erforderlichen Sicherheitsstandards (AOC D-391EG). Alle Piloten besitzen eine gewerbliche Lizenz.",Germany,4.405338,,,
Hamburg Citytours,4405338.0,"Germany, Hamburg, Hamburg, Kirchdorfer Straße, 21109",https://www.linkedin.com/company/hamburg-citytours,www.hamburg-citytours.de,,Germany,4.405338,,,
DELUXE-ENTERTAINMENT,4405338.0,"Germany, Salzburg, 116 Nonntaler Hauptstrasse, 5020",https://www.linkedin.com/company/deluxe-entertainment,deluxe-entertainment.de,,Germany,4.405338,,,
DLG Personalservice GmbH,4405338.0,"Germany, North Rhine-westphalia, Düsseldorf",https://www.linkedin.com/company/dlg-personalservice-gmbh,www.dlg-personalservice.de,"DLG Personalservice GmbH is an aviation services provider based out of Frachtstr. 10, Duesseldorf, Nordrhein-Westfalen, Germany.",Germany,4.405338,,,
Aytour,4405338.0,"Germany, Bavaria, Starnberg, 35 Almeida Weg, 82319",https://www.linkedin.com/company/aytour,www.aytour.de,aytour Travel in combination with Ayurveda treatments and has established itself in this area as a competent specialist tour operators. Our concern is with an excellent service to our deep technical knowledge in the tourism industry,Germany,4.405338,,,
XtremeAir GmbH,4405338.0,"Germany, Saxony-anhalt, Hecklingen, 2 Harzstraße, 39444",https://www.linkedin.com/company/xtremeair-gmbh,,XtremeAir was founded in december 2005 by Harro Moewes. We produce aerobatics aircraft with EASA and FAA certification for acrobatic and airshows - made in Germany - XA42 ánd XA41.,Germany,4.405338,,,
S.P. Luftbild GmbH,4405338.0,"Germany, Trebbin Trebbin, 57 Ruhemannweg, 14959",https://www.linkedin.com/company/s-p-luftbild-gmbh,www.spluftbild.de,"S.P. Luftbild GmbH is an airlines/aviation company based out of Ruhemannweg 57, Trebbin, Trebbin, Germany.",Germany,4.405338,,,
ATG Sicherheitsgesellschaft MbH,4252086.0,"Germany, Hallbergmoos, 17 Am Söldnermoos, 85399",https://www.linkedin.com/company/atg-sicherheitsgesellschaft-mbh,atg-sicherheit.de,,Germany,4.252086,,,
RS-Heizsysteme GmbH,4252086.0,"Germany, Baden-württemberg, Neckarsulm, 13 Klaraweg, 74172",https://www.linkedin.com/company/rs-heizsysteme-gmbh,rs-heizsysteme.de,,Germany,4.252086,,,
Aircargonet International GmbH,4252086.0,"Germany, Hesse, Mörfelden-walldorf",https://www.linkedin.com/company/aircargonet-international-gmbh,www.aircargonet.de,"Aircargonet International GmbH, established in 1999, emerged as a trusted partner for airlines in the former CIS countries. Our commitment to excellence swiftly earned us recognition in the Air Cargo market, resulting in various appointments as G.S.S.A. for well known airlines.  Today, our extensive network management spans across Central America, Central Asia and the Middle East, cementing our focus on delivering exceptional services to these regions.",Germany,4.252086,,,
Aviation Jobs,4252086.0,"Germany, Hesse, Frankfurt Am Main",https://www.linkedin.com/company/aviation-jobs,www.best-aviation-jobs.com,"www.best-aviation-jobs.com is an online portal, bringing together aviation jobs and aviation people.  Our goal is to support the aviation business, allowing employees, free-lancers and companies to easily and quickly exchange job opportunities and resumes.   Our knowledge is based on many years of active participation in aviation online services. We follow and adapt to the rapid changes in aviation recruitment and provide our customers with the right people in the right places at the right time.",Germany,4.252086,,,
Prenatal International GmbH,4252086.0,"Germany, North Rhine-westphalia, Halle, 36 Stieger Weg, 06120",https://www.linkedin.com/company/prenatal-international-gmbh,fetalmed.de,,Germany,4.252086,,,
FFL Fachschule Für Luftfahrzeugführer GmbH,4252086.0,"Germany, North Rhine-westphalia, Mülheim, 1 Brunshofstr., 45470",https://www.linkedin.com/company/ffl-fachschule-für-luftfahrzeugführer-gmbh,www.flugschule-ffl.de,"FFL Fachschule für Luftfahrzeugführer GmbH is an airlines/aviation company based out of Brunshofstr. 1, Mülheim an der Ruhr, Mülheim an der Ruhr, Germany.",Germany,4.252086,,,
Oder Flitzer GmbH,4200691.0,"Germany, Hesse, Frankfurt Am Main, 18 Georg-richter-str., 15234",https://www.linkedin.com/company/oder-flitzer-gmbh,oderflitzer.com,,Germany,4.200691,,,
AiRCaDS GmbH,4160000.0,"Germany, Hamburg, Hamburg, 27 Ballindamm, 20095",,aircads.eu,,Germany,4.16,,,
Edvgraz,4036869.0,"Germany, Graz, 22 Kernstockgasse, 8020",https://www.linkedin.com/company/edvgraz,edvgraz.at,,Germany,4.036869,,,
AIRGLASS GmbH,3997805.0,"Germany, North Rhine-westphalia, Mülheim, 16 Xantener Str., 45479",https://www.linkedin.com/company/airglass-gmbh---specialist-for-airlight,www.airglass.de,Glas,Germany,3.997805,,,
Pensionsstall Finkler,3850264.0,"Germany, Nonnweiler, 5 Horstgraben, 66620",https://www.linkedin.com/company/pensionsstall-finkler,pensionsstall-finkler.de,,Germany,3.850264,,,
Gaedecke Immobilien Nord-West GmbH,3850264.0,"Germany, Lower Saxony, Hannover, 20 Alte Döhrener Straße, 30169",https://www.linkedin.com/company/gaedecke-immobilien-nord-west-gmbh,gaedecke-immobilien.de,,Germany,3.850264,,,
Ev.-luth. Missionswerk In Niedersachsen Zentrale,3850264.0,Germany,https://www.linkedin.com/company/ev.-luth.-missionswerk-in-niedersachsen-zentrale,elm-mission.net,"Ev.-luth. Missionswerk in Niedersachsen Zentrale is an airlines/aviation company based out of 9 Hermannsburg, Georg-Haccius-Str., Südheide, Germany.",Germany,3.850264,,,
IC Charter,3850264.0,"Germany, Lower Saxony, Hannover, 140 Hildesheimer Straße, 30173",https://www.linkedin.com/company/ic-charter,www.ic-charter.com,"IC Charter GmbH, based in Hanover, Germany, was founded as a subsidiary of International Carrier Consult GmbH to better meet the ever-increasing requests for adhoc flights worldwide. IC Charter combines the expertise of the parent company, which has been established on the market since 1988, with the very special needs of our customers in the special flight sector. Individual, personal and fair – these are our promises.",Germany,3.850264,,,
Cariis.de,3850264.0,"Germany, Bremen, Bremen, 13 Buchtstr., 28195",https://www.linkedin.com/company/cariis.de,cariis.de,,Germany,3.850264,,,
HOKUN,3850264.0,"Germany, Bavaria, Munich, 20 Joseph-dollinger-bogen, 80807",https://www.linkedin.com/company/hokun,hokun.de,,Germany,3.850264,,,
Samariterbund Simmering,3850264.0,"Germany, Vienna, 1a Dittmanngasse, 1110",https://www.linkedin.com/company/samariterbund-simmering,samariter-simmering.at,,Germany,3.850264,,,
Motomaxx,3850264.0,"Germany, North Rhine-westphalia, Hagen, 9 Hochofenstr., 58135",https://www.linkedin.com/company/motomaxx,motomaxx.de,,Germany,3.850264,,,
Ansichtssachen,3850264.0,"Germany, Lower Saxony, Hannover, 3 Podbielskistr., 30163",https://www.linkedin.com/company/ansichtssachen,ansichtssachen.biz,,Germany,3.850264,,,
Pellet Service Tec Gmbh,3850264.0,"Germany, Lower Saxony, Göttingen, 10 Twechte, 37079",https://www.linkedin.com/company/pellet-service-tec-gmbh,xn--pstgttingen-ufb.de,,Germany,3.850264,,,
Rudolph-Dienstleistungsservice,3850264.0,"Germany, Hesse, Frankfurt Am Main, 121 Friedberger Landstr., 60318",https://www.linkedin.com/company/rudolph-dienstleistungsservice,rudolph-ds.de,,Germany,3.850264,,,
Outside Aktiv,3850264.0,"Germany, Löhma, ortsstr.73",https://www.linkedin.com/company/outside-aktiv,outside-aktiv.de,,Germany,3.850264,,,
JL Transporte,3850264.0,"Germany, Enkenbach-alsenborn, 67677",https://www.linkedin.com/company/jl-transporte,jltrans.de,,Germany,3.850264,,,
HNW Herber Niewelt Witzel,3850264.0,"Germany, Hesse, Fulda, 17 Am Rosengarten, 36037",https://www.linkedin.com/company/hnw-herber-niewelt-witzel,hnw-fulda.de,,Germany,3.850264,,,
Vorteils Agentur Magdeburg,3850264.0,"Germany, Saxony-anhalt, Magdeburg, 17 Arndtstraße, 39108",https://www.linkedin.com/company/vorteils-agentur-magdeburg,,,Germany,3.850264,,,
KROX Radio,3850264.0,"Germany, Crookston, 208 S Main St, 56716",https://www.linkedin.com/company/krox-radio,kroxam.com,,Germany,3.850264,,,
GURUCAD GbR,3850264.0,"Germany, Hamburg, Hamburg",https://www.linkedin.com/company/gurucad-gbr,www.aerospace.gurucad.com,,Germany,3.850264,,,
All Kurier GmbH,3850264.0,"Germany, Berlin, Berlin, 20 Gottlieb-dunkel-str., 12099",https://www.linkedin.com/company/all-kurier-gmbh,allkurier.de,,Germany,3.850264,,,
Tele Express,3850264.0,"Germany, Bavaria, Nürnberg",https://www.linkedin.com/company/tele-express,tele-express.de,,Germany,3.850264,,,
BusCompany Franken,3850264.0,"Germany, Bavaria, Nürnberg, 26 Brixener Straße, 90461",https://www.linkedin.com/company/buscompany-franken,buscompany-franken.de,,Germany,3.850264,,,
Kita Gwundertrucke,3846385.0,"Germany, Embrach, 10 Amtshausgasse, 8424",https://www.linkedin.com/company/kita-gwundertrucke,kita-gwundertrucke.ch,,Germany,3.846385,,,
AHA-Mode & Alles Für Die Handarbeit,3846385.0,"Germany, Chur, 1 Kreuzgasse, 7000",https://www.linkedin.com/company/aha-mode-&-alles-für-die-handarbeit,aha-mode.ch,,Germany,3.846385,,,
Papillon Paragliding,3776004.0,"Germany, Gersfeld, 46 Wasserkuppe, 36129",https://www.linkedin.com/company/papillon-paragliding,papillon.de,,Germany,3.776004,,,
FoxATM,3776004.0,"Germany, Hesse, Frankfurt Am Main, 60 Fuchstanzstraße, 60489",https://www.linkedin.com/company/foxatm,www.foxatm.com,"About us FoxATM was founded with the intention to make the ATM community more connected and bring high-quality consultancy services. One of the values FoxATM stands for is connecting the dots in the air traffic management community, fostering transparency and spreading information, while building bridges between potential partners and assisting them in preparing their business proposals for the industry. The main activity of the company is a mix of consulting and market intelligence services. The company was founded in 2018 and is based in Frankfurt an Main, Germany. The staff of FoxATM has a collective experience of over 50 years with various ANSPs, airports and airlines in Europe and the Middle East. In addition, the company collaborates with a wide network of external experts in the aviation field. ATM is a small but important part of aviation and we love this fascinating niche.",Germany,3.776004,,,
Flugplatz Freiburg,3776004.0,"Germany, Baden-württemberg, Freiburg, 8 Am Flughafen, 79108",https://www.linkedin.com/company/flugplatz-freiburg,www.city-flugplatz-freiburg.de,"Der Flugplatz Freiburg genießt den Ruf, einer der schönsten in Deutschland zu sein. Der Flug nach Freiburg ist für die Besucher aber nicht nur wegen der Landschaft, sondern auch wegen der Schönheit der Stadt Freiburg und der badischen Lebensart mit ihrem bekannten Sinn für Schönes, Kultur und Gaumengenüsse lohnend. Geschäfts- wie auch Privatflieger zählen zu unseren Kunden und wissen unsere bestens ausgestattete Infrastruktur und Lage zu schätzen. Wir bieten der Region einen leistungsfähigen Verkehrslandeplatz für den Geschäftsreiseverkehr und den zahlreichen Privatfliegern ein vertrautes Zuhause. Gleichzeitig dient der City-Flugplatz acht Vereinen und 15 Firmen als Heimat und Standort.",Germany,3.776004,,,
FlyCar GmbH,3776004.0,"Germany, Rheinland-pfalz, Oppenheim, 82-84 Friedrich-ebert-straße, 55276",https://www.linkedin.com/company/flycar-gmbh,,"Wir sind FlyCar! Seit 1999 sind wir die zuverlässige Wahl für Direktflüge nach Lappland – sowohl für die Automobilindustrie als auch für touristische Gäste. Von bis zu 4 deutschen Flughäfen (Hannover, München, Stuttgart und Frankfurt-Hahn) bringen wir Gäste unkompliziert und komfortabel nach Schwedisch und Finnisch Lappland. Dank unserer Direktflüge verkürzt sich die Reisezeit in der Wintersaison von bisher 10h auf ca. 3h und erspart lästiges Umsteigen. Unser touristisches Portfolio umfasst Action, Natur und Kultur – wir haben für jeden Geschmack die passenden Abenteuer parat und beraten Sie gerne bei Ihrer individuellen Reiseplanung ins Winterwunderland. Begeben Sie sich auf eine romantische Hundeschlittentour oder erleben Sie Adrenalin pur während einer Schneemobiltour. Ein Besuch auf der Elchfarm beim König des Walds steht ebenfalls auf dem Programm. Oder lernen Sie die Samische Kultur kennen und erfahren Sie interessante Fakten zum Leben mit Rentieren in der arktischen Natur. Auch Schneeschuhwanderungen und Tagesausflüge zum Polarkreis sowie eine Ausfahrt mit dem Eisbrecher sind möglich. Wir begleiten Sie zu Abenteuern, die Sie nie vergessen werden!",Germany,3.776004,,,
Rhein-Neckar Flugplatz,3776004.0,"Germany, Baden-württemberg, Mannheim, 172 Seckenheimer Landstr., 68163",https://www.linkedin.com/company/rhein-neckar-flugplatz,flugplatz-mannheim.de,,Germany,3.776004,,,
Busfahrer-gesucht.de,3776004.0,"Germany, Hamburg, Hamburg, 4 Jessenstr., 22767",https://www.linkedin.com/company/busfahrer-gesucht.de,busfahrer-gesucht.de,,Germany,3.776004,,,
Flugplatz Nordhorn-Lingen GmbH,3776004.0,"Germany, Lower Saxony, Nordhorn, 24 Bahnhofstraße, 48529",https://www.linkedin.com/company/flugplatz-nordhorn-lingen-gmbh,flugplatz-nordhorn-lingen.de,"Flugplatz Nordhorn-Lingen GmbH is a company based out of 24 Bahnhofstraße, Nordhorn, Germany.",Germany,3.776004,,,
DAL Zeitarbeit GmbH,3776004.0,"Germany, Hamburg, Hamburg",https://www.linkedin.com/company/dal-zeitarbeitgmbh,dal-zeitarbeit.de,"DAL Zeitarbeit is a subsidiary of DAL Holding GmbH. In 2015, the DAL group was taken over by Derichebourg Sourcing Aero & Energy, which in turn belongs to the Derichebourg group. DAL Zeitarbeit, which has been heavily represented in the areas of wind energy and blue and white collar work since it was founded in 2004, has already demonstrated its great expertise in scouting specialists. The Derichebourg Group was able to expand this know-how to the field of aviation. DAL temporary work currently employs more than a hundred specialists from Germany and other European countries (UK, Spain, Poland and many more). ""Our plus is especially with employees, the personal care and the full commitment to the employee in action and consequently from the employee in action"". Quote Dr. Ansgar Lauterbach (Managing Director and founder of the DAL group) Thanks to its international organizational structure, DAL Zeitarbeit also has exactly the pool of employees that you, as an employer, need quickly and creatively. We have the right employee for your company and the right employer for our specialists. Our employees meet the numerous requirements that are required for working on wind turbines or aircraft and are also always trained on the latest standards through intensive training. We provide constructive support for our clients for all projects. This is a real advantage for our customers, who can concentrate on their core business in a relaxed way and still have the certainty that their employee needs will be met in a qualified manner. Our local organizational structure enables us to provide specialists exactly where they are needed. Managing Director: Cédric Brachet Registered office: Berlin Registry court: Amtsgericht Berlin- Charlottenburg Register number: HRB-Nr. 140805 B Value Added Tax Identification Number (VAT ID): DE236276253 Tax Number: 37/415/22009 Account Connection: Commerbank AG - IBAN: DE54100 800 00 0299500100 - SWIFT: DRESDEFF100",Germany,3.776004,,,
Cosmo Kurier,3776004.0,"Germany, Berlin, Berlin, 54 Möllendorffstr., 10367",https://www.linkedin.com/company/cosmo-kurier,cosmokurier.de,,Germany,3.776004,,,
Meravo-Luftreederei GmbH,3776004.0,"Germany, Baden-württemberg, Oedheim, 1 Hirschfeld, 74229",https://www.linkedin.com/company/meravo-luftreederei-gmbh,meravo.de,Hubschrauberunternehmen | Wartungsbetrieb,Germany,3.776004,,,
Board Of Airline Representatives In Germany E.V.,3776004.0,"Germany, Hesse, Frankfurt Am Main, 27 Hugo-eckener-ring Hbk, 60549",https://www.linkedin.com/company/barig,www.barig.aero,"BARIG e.V. (Board of Airline Representatives in Germany) represents the interests of around 100 national and international airlines in scheduled, charter and air cargo business. Since the foundation in 1951 the airline association works for the improvement of frame conditions in the aviation industry in Germany and is the key industry contact for politics, authorities, industry and media. Worldwide the BARIG member airlines transport around 1.7 billion passengers and more than 25 million tons of air cargo to over 1.500 destinations. Every year 160 million passengers are traveling to and from Germany with BARIG airlines to more than 280 international destinations. The BARIG Airlines have over 135.000 employees in Germany. The overall aviation industry secures 823.000 workplaces and therefore is a major factor of the German economy.",Germany,3.776004,,,
Reisetreff,3776004.0,"Germany, Bremen, Bremen, 88 Obernstr., 28832",https://www.linkedin.com/company/reisetreff,www.reisetreff-achim.de,,Germany,3.776004,,,
Abschleppdienst Wieser OHG,3751092.0,"Germany, Bavaria, Munich, 25 Amalienburgstraße, 81247",https://www.linkedin.com/company/abschleppdienst-wieser-ohg,abschleppdienst-wieser.de,,Germany,3.751092,,,
AirTaxi Express AG,3751092.0,"Germany, North Rhine-westphalia, Köln, 897 Olpener Straße, 51109",https://www.linkedin.com/company/airtaxiexpress,www.airtaxi.express,Kalkulieren und buchen Sie Ihre Wunschflüge auf Kostenteilungsbasis – ganz individuell.,Germany,3.751092,,,
German Sky Airlines,3751092.0,"Germany, North Rhine-westphalia, Düsseldorf, 45 Lierenfelder Straße, 40231",https://www.linkedin.com/company/german-sky-airlines,germanskyairlines.com,,Germany,3.751092,,,
Regenbogen Apotheke,3751092.0,"Germany, North Rhine-westphalia, Bergheim",https://www.linkedin.com/company/regenbogen-apotheke,www.apotheken.de,,Germany,3.751092,,,
Spedition P.Waldbüßer,3751092.0,"Germany, Willsbach, 11 Neuhausstr., 74182",https://www.linkedin.com/company/spedition-p.waldbüßer,waldbuesser.eu,,Germany,3.751092,,,
MHI Logistik GmbH,3751092.0,"Germany, Hesse, Hanau Am Main, 63457",https://www.linkedin.com/company/mhi-logistik-gmbh,mhi-logistik.de,,Germany,3.751092,,,
Iwiation,3751092.0,"Germany, Bavaria, Munich",https://www.linkedin.com/company/iwiation,www.iwiation.com,"iwiation GmbH provides expert assessments in the area of accident reconstruction and visualisation.  Witness and video footage can be essential, if flight data is not available or radar data is not complete / insufficient accuracy due to terrain reflection.  The world-wide unique method called Immersive-Witness-Interview (iwi®) was developed to reconstruct missing data based on eyewitness statements and / or video information for flight path reconstruction. Flight path and aircraft attitude data can be reconstructed based on available witness / video information. The reconstructed accident scenario can become quickly complex and visualization can be essential to provide material for documentation, analysis and explanation, how the accident occurred. Further, more and more accidents are related to human factors. Therefore a photorealistic real-time visualization can support to better understand the reconstructed accident scenario from different perspectives. Root causes like weather conditions, mission, reaction time, diversion, etc. can be analyzed with the developed Virtual-Reality environment. To do so, the reconstructed flight path and the overall accident scenario including terrain, aircraft geometry and cockpit instrumentation are transferred into Virtual-Reality, providing a real-time and photorealistic rendering. This can be used by authorities during the analysis of the accident sequence and dedicated scenes can be documented in the final report. The integrated eyetracking technology allows detailed human factor analysis of accident sequence playback. The results can be used by operators for lessons learned training to further improve aviation safety.",Germany,3.751092,,,
Kar Kunz Aviation Refueling GmbH,3650717.0,"Germany, Schleswig-holstein, Reinbek, 26 Gutenbergstraße, 21465",https://www.linkedin.com/company/kar-kunz-aviation-refueling-gmbh,www.kar-kunz-refueling.de,KAR KUNZ Aviation Refueling GmbH ist ein inhabergeführtes Hightech-Unternehmen mit Sitz in Reinbek bei Hamburg.,Germany,3.650717,,,
Zenon Design,3549000.0,"Germany, North Rhine-westphalia, Münster, 18 Fresnostrasse, 48159",https://www.linkedin.com/company/zenon-design,zenon-design.de,,Germany,3.549,,,
C-Gate,3424707.0,"Germany, Bavaria, Munich",https://www.linkedin.com/company/rgc-gate,www.rgc-gate.de,"We are a young company, relied on the professional experts with more than 20 years of experiences in the automotive and general aviation industries.  We teamed up with the aim of realization of innovative ideas in a cost-efficient way.",Germany,3.424707,,,
FlyMe GmbH,3307444.0,"Germany, Lower Saxony, Braunschweig, 2c Lilienthalplatz, 38108",https://www.linkedin.com/company/flyme-gmbh,www.flyme-charter.de,Ihr Partner für Business- und Privatflüge,Germany,3.307444,,,
David Sommer GmbH,3307444.0,"Germany, Brandenburg, Forst, 33 Frankfurter Straße, 03149",https://www.linkedin.com/company/david-sommer-gmbh,davidsommer.de,,Germany,3.307444,,,
Schmidt & Schmidt,3307444.0,Germany,https://www.linkedin.com/company/schmidt-&-schmidt,schmidtundschmidt.com,,Germany,3.307444,,,
Sprouts GmbH,3307444.0,"Germany, North Rhine-westphalia, Holzwickede, 1 Wilhelmstraße, 59439",https://www.linkedin.com/company/sprouts-aero,www.sprouts.aero,flight planning from a single source with more than 20 years of experience in general and business aviation. 24/7 OCC.,Germany,3.307444,,,
Cookage Line,3307444.0,"Germany, Hermagor, Kühnburg, 9620",https://www.linkedin.com/company/cookage-line,cookageline.at,,Germany,3.307444,,,
B.r.m. IT & Aerospace,3171167.0,"Germany, Bremen, Bremen, 214 Schwachhauser Heerstraße, 28213",https://www.linkedin.com/company/b-r-m-business-resource-management,brm.de,"UAS - USSP - SORA - Luftfahrt - Advanced AIR Mobility - In der digitalen Welt wollen Sie sich nicht um alles kümmern müssen? Ihre IT funktioniert einfach? Der ortsunabhängige Zugriff, die Sicherheit, die Abwesenheit von Spam, die problemlose Kommunikation aller Aufgabenbereiche miteinander, auch die Schnittstellen zur Öffentlichkeit? Sehen Sie – derart unsichtbar zeigt sich ein gelungener Service im IT-Bereich. Und das schon seit dem Jahr 1991, als Harald Rossol den Bremer IT-Dienstleister b.r.m. gründete. Wenn Sie auf den IT-Service von b.r.m. setzen, dann bemerken Sie uns nur, wenn Sie dies wünschen. Zum Beispiel dann, wenn Sie größere Pläne umsetzen wollen – bei der Integration neuer Funktionen, bei Upgrades oder beim Hosting. Im Handumdrehen sind wir als regionaler IT-Berater für den Raum Bremen bei Ihnen vor Ort, mit einem ebenso perfekten wie schnellen IT-Service aus einer Hand. Auch Dienstleistungen im Bereich der DSGVO rundet den perfekten IT-Service Bremen ab.",Germany,3.171167,,,
EDLR,3146670.0,"Germany, North Rhine-westphalia, Paderborn, 250 Husener Str., 33100",https://www.linkedin.com/company/edlr,edlr.de,,Germany,3.14667,,,
Aviation Service Network,3146670.0,"Germany, Hamburg, Hamburg, 11 Heinrichstrae, 22769",https://www.linkedin.com/company/aviation-service-network,www.aviationsn.de,,Germany,3.14667,,,
Airbus A350,3146670.0,"Germany, Blagnac, 1 Rond Point Maurice Bellonte, 31707",https://www.linkedin.com/company/airbus-a350,a350xwb.com,,Germany,3.14667,,,
Tourstar,3146670.0,"Germany, Bavaria, Unterföhring, 18 Münchner Straße, 85774",https://www.linkedin.com/company/tourstar,tour-star.com,,Germany,3.14667,,,
Flugplatz Koblenz-Winningen,3146670.0,"Germany, Winningen, Flugplatz, 56333",https://www.linkedin.com/company/flugplatz-koblenz-winningen,flugplatz-koblenz-winningen.de,,Germany,3.14667,,,
Ant Tours,3146670.0,"Germany, Hesse, Wiesbaden",https://www.linkedin.com/company/ant-tours,www.reisebuero-rasim.de,,Germany,3.14667,,,
HHA Hamburg Airways Luftverkehrsgesellschaft MbH,3146670.0,"Germany, Hamburg, Hamburg",https://www.linkedin.com/company/hha-hamburg-airways-luftverkehrsgesellschaft-mbh,www.hamburgairways.com,,Germany,3.14667,,,
United Car Service,3146670.0,"Germany, Lower Saxony, Celle, 104a Waldweg, 29221",https://www.linkedin.com/company/united-car-service,www.ucs-celle.de,,Germany,3.14667,,,
MT-Propeller USA Inc,3146670.0,"Germany, Bavaria, Atting B Straubing",https://www.linkedin.com/company/mt-propeller-usa-inc,www.mt-propeller.de,The STC provides Improved take-off and climb performance with turbine like smoothness and low noise.,Germany,3.14667,,,
Metz Mecatech,3146670.0,"Germany, Bavaria, Zirndorf, 55 Ohmstraße, 90513",https://www.linkedin.com/company/metz-mecatech,metz-mecatech.de,,Germany,3.14667,,,
TRIONIS Aviation GmbH,3146670.0,"Germany, Bavaria, Reichenschwand, 2 Schloßweg, 91244",https://www.linkedin.com/company/trionis-aviation-gmbh,www.introaviation.com,"INTRO Aviation advises airlines and airports in the fields of marketing, operations, change management and MRO. In addition, INTRO Aviation has been investing in serious, promising aviation projects for years. For detailed information, please visit our Website: www.introaviation.com",Germany,3.14667,,,
Eurofly Aviation GmbH,3146670.0,"Germany, Bavaria, Munich, 145f Rosenheimer Str., 81671",https://www.linkedin.com/company/eurofly-aviation-gmbh,www.eurofly-aviation.de,,Germany,3.14667,,,
Skynavpro,3129186.0,Germany,https://www.linkedin.com/company/skynavpro,www.skynavpro.aero,"sky[nav]pro™ is a mobile navigation and tracking system for pilots and aircraft operators. It features a light and portable box which integrates the aircrews Android or iOS devices (free Apps) into a worldwide hybrid communication network. Thus allows to integrate two-way communication, real time reception of weather information, live tracking and collision- avoidance (ADS-B and FLARM®) into moving map navigation. sky[nav]pro™ is server based and employs open source interfaces for seamless integration of third-party providers.   More under: www.skynavpro.aero/en/ flightplanning: fly.skynavpro.aero Our ICO: https://skynavpro.io",Germany,3.129186,,,
M-click.aero GmbH,2947120.0,"Germany, Berlin, Berlin, 40 Am Borsigturm, 13507",https://www.linkedin.com/company/mclickaero,m-click.aero,"m-click.aero is an aviation IT company. We offer data integration and validation solutions in the cloud. Our products enable ANSPs, airlines and airports to improve their services by using intelligent data analysis. Our mission is to provide aviation stakeholders with the right information at the right time – in a simplicity-driven approach. m-click.aero’s products are adjustable, scalable and fully automated. The result is an increase in safety and efficiency.  Our vision is an united and interconnected aviation in Europe and all over the world. We are involved in SESAR Projects (Single European Sky ATM Research) since an early hour and we contribute to the ATM Masterplan, the EU program for the digitalization of EU aviation. That is how we became one of the leading experts on SWIM (System Wide Information Management). To find out more about our products, please visit: https://m-click.aero/en/products/ Do you have any questions? Please do not hesitate to contact us:  https://m-click.aero/en/contact/",Germany,2.94712,,,
Fenixia,2947120.0,"Germany, Innere Stadt, 4/3 Werdertorgasse, 1010",https://www.linkedin.com/company/fenixia,fenixia.at,,Germany,2.94712,,,
Interessengemeinschaft Der Regionalen Flugplätze E.V.,2947120.0,"Germany, Baden-württemberg, Mannheim, 172 Seckenheimer Landstraße, 68163",https://www.linkedin.com/company/interessengemeinschaft-der-regionalen-flugplätze-e-v-idrf,www.idrf.de,Die Interessengemeinschaft der regionalen Flugplätze e.V. (IDRF e.V.) ist ein im Juli 2005 gegründeter Zusammenschluss von derzeit über 75 regionalen Verkehrsflughäfen und Verkehrslandeplätzen und insgesamt 165 Mitgliedern. Als Interessengemeinschaft der Dezentralen Luftfahrt vertritt die IDRF die gemeinsamen Interessen ihrer Mitglieder und setzt sich für die optimale Nutzung der vorhandenen Anlagen und Kapazitäten sowie den bedarfsgerechten Erhalt und Ausbau einer flächendeckenden Luftverkehrsinfrastruktur in Deutschland ein.,Germany,2.94712,,,
ELBJETS GmbH,2947120.0,"Germany, Hamburg, Hamburg, 2 Yokohamastraße, 20457",https://www.linkedin.com/company/elbjets-gmbh,www.elbjets.com,"Sie sind auf der Suche nach einem Privatjet? Dann sind Sie bei ELBJETS genau richtig. Ob von Hamburg nach Mallorca oder von Portugal auf die Malediven. Wir werden das passende Privatflugzeug für Sie finden. Das Team der ELBJETS hat sich das Ziel gesetzt, Ihnen weitaus mehr als einen Privatjet zur Verfügung zu stellen. Viele Jahre Erfahrung in der Branche haben uns gezeigt, auf was es wirklich ankommt. Ob Sie einen Limousinenservice zum Flieger, besonderes Catering an Bord oder einen anderen außergewöhnlichen Wunsch haben. Wir kümmern uns darum. Rund um die Uhr.",Germany,2.94712,,,
Jószolgálati Otthon Közalapítvány,2947120.0,"Germany, Dunaújváros, 6 Liget Köz, 2400",https://www.linkedin.com/company/jószolgálati-otthon-közalapítvány,joszoli.hu,,Germany,2.94712,,,
Volando GmbH & Sayagain.aero,2947120.0,"Germany, Bavaria, Herrsching Am Ammersee",https://www.linkedin.com/company/volando-aero,volando.aero,"Volando is your trusted partner for smart, targeted and future-ready solutions in aviation.   Founded by seasoned aviation experts, our team combines operational expertise with a multidisciplinary background in aviation psychology, engineering and management. We bridge real-world cockpit experience with deep insight into human performance, communication and selection.   From performance-based assessments to role-specific selection strategies in line with CAT.GEN.MPA.175(b), we provide the tools that enable airlines and training providers to make confident, data-driven decisions.  Our training services are practical, regulation-compliant and tailored to the needs of aviation professionals across all levels. Through our brand sayagain.aero, we provide ICAO language testing for flight crews and ground personnel — online, simple, and fully EASA-certified. Our certification meets the needs of both individual professionals and business partners.   Volando stands for more than a service. It is aviation intelligence in action, precise, adaptive and built for those who fly.",Germany,2.94712,,,
4-Stripes GmbH,2947120.0,"Germany, Berlin, Berlin, 171 Friedrichstraße, 10117",https://www.linkedin.com/company/4-stripes-gmbh,4stripes.aero,4 Stripes Shirt,Germany,2.94712,,,
Strandhotel Fernsicht,2947120.0,"Germany, Schleswig-holstein, Tönning, 3 Strandweg, 25832",https://www.linkedin.com/company/strandhotel-fernsicht,www.strandhotel-fernsicht.de,,Germany,2.94712,,,
F.u.n.k.e. Avionics GmbH,2947120.0,"Germany, Bavaria, Buchloe, 4 Heinz-strachowitz-str., 86807",,funkeavionics.de,,Germany,2.94712,,,
PHOENEX,2947120.0,"Germany, Schleswig-holstein, Geesthacht, 16 Spandauer Str., 21502",https://www.linkedin.com/company/phoenex,phoenex.net,,Germany,2.94712,,,
Croowy GmbH,2947120.0,"Germany, Hesse, Frankfurt Am Main, 110 Sindlinger Bahnstraße, 65931",https://www.linkedin.com/company/croowy-gmbh,www.croowy.de,We connect hotels and airline crews | Fair. Direct. Transparent. Smart. Crew accommodation made easy. Croowy was established as an energetic catalyst to put the urge for innovation into action. We are a young company with 40+ years of experience in the hospitality and airline industry. Our passion is to advocate change in the world of hospitality and airlines for a better tomorrow by optimizing direct partnerships. Croowy brings the segment into the next century by standardizing and automating old fashioned processes without cost intense system integrations.   We provide transparency to all partners and include our stakeholders in every step of the process. Because it can be easy.,Germany,2.94712,,,
Lufthansa AI-Group,2884789.0,"Germany, Hesse, Rüsselsheim",https://www.linkedin.com/company/lufthansa-ai-group,www.lufthansa-industry-solutions.com,We do sort of anything that has to do with our company's data.,Germany,2.884789,,,
Cash Loan & Security Inc.,2884789.0,Germany,https://www.linkedin.com/company/cash-loan-&-security-inc.,clspawn.com,,Germany,2.884789,,,
TCH Transport Clearing House Europe GmbH,2884789.0,Germany,https://www.linkedin.com/company/tch-transport-clearing-house-europe-gmbh,www.geruxx.com,"TCH Europe enables European, Russian and CIS air carriers to connect and sell airline tickets in the European and Russian online air travel market, offering in this way a wide access to Russian and European markets.",Germany,2.884789,,,
B + S Veranstaltungsdienste GmbH,2800461.0,"Germany, Berlin, Berlin, 6 Stieffring, 13627",https://www.linkedin.com/company/b-s-veranstaltungsdienste-gmbh,bestvd.com,,Germany,2.800461,,,
KWG Kurierservice GmbH,2800461.0,"Germany, Saxony, Taucha, 102 Leipziger Str., 04425",https://www.linkedin.com/company/kwg-kurierservice-gmbh,kwg-kurierservice.de,,Germany,2.800461,,,
Schreibwaren Heckenstaller,2800461.0,"Germany, Bavaria, Oberschleißheim, 2 Am Stutenanger, 85764",https://www.linkedin.com/company/schreibwaren-heckenstaller,schreibwaren-heckenstaller.com,,Germany,2.800461,,,
LKC Lackier- Und Karosserie-Center GmbH,2800461.0,"Germany, Hesse, Pfungstadt, 14 Robert-bosch-straße, 64319",https://www.linkedin.com/company/lkc-lackier--und-karosserie-center-gmbh,lkc-gmbh.de,,Germany,2.800461,,,
Landen In Landshut GmbH,2800461.0,"Germany, Bavaria, Landshut, 1 Flugplatzstraße, 84034",https://www.linkedin.com/company/landen-in-landshut-gmbh,landen-in-landshut.de,,Germany,2.800461,,,
Karl-Klaus Asche GmbH,2800461.0,"Germany, Lower Saxony, Gifhorn, 10 Rockwellstr., 38518",https://www.linkedin.com/company/karl-klaus-asche-gmbh,asche-gifhorn.de,,Germany,2.800461,,,
Sen Fi Deutschland GmbH,2800461.0,"Germany, Berlin, Berlin, 157/158 Kurfürstendamm, 10709",https://www.linkedin.com/company/sen-fi-deutschland-gmbh,senfi.de,,Germany,2.800461,,,
Stromeyer Hallen GmbH,2800461.0,"Germany, Baden-württemberg, Radolfzell Am Bodensee, 11 Fritz-reichle-ring, 78315",https://www.linkedin.com/company/stromeyer-hallen-gmbh,stromeyer-hallen.de,,Germany,2.800461,,,
TimeLog24 GmbH,2800461.0,"Germany, Hesse, Rüsselsheim, 6 Lise-meitner-str., 65428",https://www.linkedin.com/company/timelog24-gmbh,timelog24.de,,Germany,2.800461,,,
Mag. Rainer Tiefenböck,2691246.0,"Germany, Vienna, 11 Wienerberg Straße, 1100",https://www.linkedin.com/company/mag.-rainer-tiefenböck,tiefenboeck.at,,Germany,2.691246,,,
Lunar Resources Registry UG,2665203.0,"Germany, Hesse, Frankfurt Am Main, 175 Berger Str., 60385",,lunarresourcesregistry.com,,Germany,2.665203,,,
MKmetric Gesellschaft Für Systemplanung MbH,2665203.0,"Germany, Baden-württemberg, Karlsruhe",https://www.linkedin.com/company/mkmetric-gmbh,mkm.de,"MKmetric GmbH is a company based in Karlsruhe, Germany. For more information please visit the website www.mkm.de",Germany,2.665203,,,
ETSverification GmbH,2665203.0,"Germany, North Rhine-westphalia, Münster, 34 Clara Ratzka Weg, 48155",https://www.linkedin.com/company/etsverification-gmbh,www.etsverification.com,Meet your obligations under EU-ETS and under CORSIA.  We are international verifiers for CORSIA and EU-ETS emission reports.,Germany,2.665203,,,
Luftsportverband Rheinland-Pfalz E.V.,2665203.0,"Germany, Rheinland-pfalz, Bad, Am Domberg, 55566",https://www.linkedin.com/company/luftsportverband-rheinland-pfalz-e.v.,www.lsvrp.de,Wir distanzieren uns hiermit ausdrücklich von allen Inhalten aller gelinkten Seiten auf unseren Webseiten und machen uns ihre Inhalte ausdrücklich nicht zueigen.,Germany,2.665203,,,
AutoFlightX GmbH,2665203.0,"Germany, Bavaria, Gilching",https://www.linkedin.com/company/autoflightx,autoflightx.com,The best 3D mobility solution for people and goods.,Germany,2.665203,,,
Wolf Hirth GmbH,2665203.0,"Germany, Baden-württemberg, Kirchheim Unter Teck",https://www.linkedin.com/company/wolf-hirth-gmbh,www.wolf-hirth-gmbh.de,"Wolf Hirth GmbH is a company based out of 107 Neue Str., Kirchheim unter Teck, Baden-Württemberg, Germany.",Germany,2.665203,,,
Duncan Edward European Hair Design,2639666.0,"Germany, Madison, 433 Grand Canyon Dr, 53719",https://www.linkedin.com/company/duncan-edward-european-hair-design,duncanedward.com,,Germany,2.639666,,,
Colma Police Department,2639666.0,Germany,https://www.linkedin.com/company/colma-police-department,colmapolice.com,,Germany,2.639666,,,
TMG Avia,2607655.0,"Germany, Bavaria, Munich-germany, 5 Pacellistraße",https://www.linkedin.com/company/12613530,tmgavia.com,"TMG Avia有限公司专注为全球各类航空设备提供零配件及部件。2017年起，TMG Avia有限公司直接隶属于Technical Module Group（TMG）集团，集团持有公司100%股份。我们很荣幸能成为TMG集团一员，并充分利用集团力量助力我们成长，让我们的服务触及广大伙伴及客户，为大家的问题提供“单次沟通”解决方案。质量、价值、诚信是我们公司的三大基础原则，也是我们业务持续发展的原动力。TMG Avia 有限公司目前已通过ASA100、ISO 9001及ISO 14001质量认证。 我们的服务: -	认证引擎拆卸； -	航天部件及引擎供应； -	部件修理及认证； -	技术咨询与支持； -	材料寄售解决方案。 独创卓越标准 TMG Avia Ltd. specializes in the supply of aircraft spare parts and components for any type of aircraft around the whole world. Since 2017 TMG Avia Ltd. belongs to the Technical Module Group, which owns 100% of company stocks. We are proud to be a part of TMG Group as it has helped us to expand our services to be a “one-contact” solution for any problem our partners and clients may have. Our services: - Certified engines disassembly; - Aircraft components supply; - Parts repair and certification; - Technical consulting and support; We set our own standards of excellence.",Germany,2.607655,,,
MR PACKET,2566842.0,"Germany, Baden-württemberg, Freiburg, 336 Zähringer Str., 79108",https://www.linkedin.com/company/mr-packet,mrpacket.de,,Germany,2.566842,,,
Klemme Fotografie,2566842.0,"Germany, North Rhine-westphalia, Herford, 10 Wilhelmsplatz, 32052",https://www.linkedin.com/company/klemme-fotografie,klemmefotografie.de,,Germany,2.566842,,,
Rekener ReiseCenter GmbH,2566842.0,"Germany, Reken, 9 Kardinal-von-galen-straße, 48734",https://www.linkedin.com/company/rekener-reisecenter-gmbh,rekener-reisecenter.de,,Germany,2.566842,,,
Sven Walter Logistik,2566842.0,"Germany, Berlin, Berlin, 11 Sterckmannweg, 12685",https://www.linkedin.com/company/sven-walter-logistik,walter-logistik.de,,Germany,2.566842,,,
Eventech-Pro Veranstaltungstechnik,2566842.0,"Germany, Rheinland-pfalz, Kaiserslautern, 4 Wilhelm-kittelberger-str., 67659",https://www.linkedin.com/company/eventech-pro-veranstaltungstechnik,eventech-pro.de,,Germany,2.566842,,,
M.t.mega Travel GmbH,2566842.0,"Germany, North Rhine-westphalia, Düsseldorf, 4 Luegallee, 40545",https://www.linkedin.com/company/m-t-mega-travel-gmbh,mega-travel.de,,Germany,2.566842,,,
US-Kurier,2566842.0,"Germany, North Rhine-westphalia, Meinerzhagen, 10 Am Stadion, 58540",https://www.linkedin.com/company/us-kurier,us-kurier.de,,Germany,2.566842,,,
Cafe Riese,2566842.0,"Germany, North Rhine-westphalia, Köln, 103 Schildergasse, 50667",https://www.linkedin.com/company/cafe-riese,caferiese.de,,Germany,2.566842,,,
OWL GmbH,2566842.0,"Germany, North Rhine-westphalia, Aachen, 21 Kellershaustraße, 52078",https://www.linkedin.com/company/owl-am-additive-manufacturing-gmbh,www.owl-am.com,Your Partner for HIP - Hot Isostatic Pressing and PM - Powder Metallurgy,Germany,2.566842,,,
HD-Reisen,2566842.0,"Germany, North Rhine-westphalia, Gangelt, 15 Großer Pley, 52538",https://www.linkedin.com/company/hd-reisen,hd-reisen.de,,Germany,2.566842,,,
Wiedmann Travel,2566842.0,"Germany, Baden-württemberg, Rheinfelden (baden, 10 Friedrichstraße, 79618",https://www.linkedin.com/company/wiedmann-travel,wiedmann-travel.de,,Germany,2.566842,,,
Release & Heal,2566842.0,"Germany, North Rhine-westphalia, Bielefeld, 9 Diesterwegstr., 33604",https://www.linkedin.com/company/release-&-heal,releaseandheal.eu,,Germany,2.566842,,,
Benker Daniel,2566842.0,"Germany, Bavaria, Puchheim, 18 Kennedystr., 82178",https://www.linkedin.com/company/benker-daniel,daniel-benker.de,,Germany,2.566842,,,
Salmaso Trasporti,2566842.0,"Germany, Rovigo, 79 V. Don Aser Porta, 45100",https://www.linkedin.com/company/salmaso-trasporti,salmasotrasporti.it,,Germany,2.566842,,,
WSM Verwaltungs GmbH,2566842.0,"Germany, Baden-württemberg, Kehl, 25 Allensteinerstr., 77694",,wsm-logistic.de,,Germany,2.566842,,,
Arge Chance - Ökogarten Mödling,2566842.0,"Germany, Mödling, 16 Guntramsdorferstr., 2340",https://www.linkedin.com/company/arge-chance---ökogarten-mödling,argechance.at,,Germany,2.566842,,,
ZEITMASCHINE AVIATION GmbH,2566842.0,"Germany, North Rhine-westphalia, Sankt Augustin, 130 Richthofenstraße, 53757",https://www.linkedin.com/company/zeitmaschine-aviation-gmbh,zeitmaschine.aero,"UL-Pilotenausbildung, Manager Seminare, Pilot für einen Tag, Rundflüge, Transport",Germany,2.566842,,,
Transportbranche.de,2566842.0,"Germany, Hemmersheim, 33 Mühlenweg, 97258",https://www.linkedin.com/company/transportbranche.de,transportbranche.de,,Germany,2.566842,,,
Reprolit GmbH,2566842.0,"Germany, Saarland, Neunkirchen-seelscheid Neunkirchen-seelscheid, 108 Zeithstr., 53819",https://www.linkedin.com/company/reprolit-gmbh,www.reprolit.com,,Germany,2.566842,,,
Flugplatz Straubing-Wallmühle GmbH,2566842.0,"Germany, Bavaria, Atting, 2 Flugplatzstraße, 94348",https://www.linkedin.com/company/flugplatz-straubing-wallmühle-gmbh,www.airport-straubing.com,,Germany,2.566842,,,
Plath & Kloppmann Transport OHG,2566842.0,"Germany, Schleswig-holstein, Reinbek, 1 Kleistweg, 21465",https://www.linkedin.com/company/plath-&-kloppmann-transport-ohg,pk-transporte.de,,Germany,2.566842,,,
TONERDUMPING In Der Dresdner Neustadt,2566842.0,Germany,https://www.linkedin.com/company/tonerdumping-in-der-dresdner-neustadt,tonerdumping-sachsen.de,,Germany,2.566842,,,
HELIMATIC GmbH,2566842.0,"Germany, Bavaria, Lindau",https://www.linkedin.com/company/helimatic-gmbh,www.helimatic.eu,,Germany,2.566842,,,
Royal DJ - Event & DJ Service,2566842.0,"Germany, Lower Saxony, Buxtehude, 4 Rotkäppchenweg, 21614",https://www.linkedin.com/company/royal-dj---event-&-dj-service,royaldj-service.de,,Germany,2.566842,,,
Sky Network International Courier Service GmbH,2566842.0,"Germany, Bavaria, Munich, 210 Forstenrieder Allee, 81476",https://www.linkedin.com/company/sky-network-international-courier-service-gmbh,skynet-germany.net,,Germany,2.566842,,,
Keerl It Services GmbH,2566842.0,"Germany, Aumühle, 10 Im Winkel, 21521",https://www.linkedin.com/company/keerl-it-services-gmbh,keerl-it.com,,Germany,2.566842,,,
ONETWO Aviation,2566842.0,"Germany, Hamburg, Hamburg, 1 Willhoop, 22453",https://www.linkedin.com/company/onetwo-aviation,onetwo-aviation.de,,Germany,2.566842,,,
Reisewelt Am Markt,2566842.0,"Germany, Lower Saxony, Salzgitter, 4a Am Schölkegraben, 38226",https://www.linkedin.com/company/reisewelt-am-markt,reisewelt-am-markt.de,,Germany,2.566842,,,
Industrie- Und Gewerbezentrum Raum Lahr,2566842.0,"Germany, Baden-württemberg, Lahr, 1 Europastr., 77933",https://www.linkedin.com/company/industrie--und-gewerbezentrum-raum-lahr,igz-lahr.de,,Germany,2.566842,,,
ATCC AeroTechnical GmbH & Co. KG,2566842.0,"Germany, Hesse, Frankfurt Am Main, 60549",https://www.linkedin.com/company/atcc-aerotechnical-gmbh-co-kg,www.aerotechnical.de,"ATCC AeroTechnical Consulting & Coaching has a broad spectrum of experience as a world-wide recognized and certified EASA Part-147 Training Organization (DE.147.0013).  We provide Aircraft Type Trainings for Airbus and Boeing, Continuation Trainings (acc. EASA- Part145), spezialized Trainings for e.g. Borescope, Run-Up, Aircraft Structure Repair, Reliabilty Program and many more. Send us your training request. Owners and operators of aircraft hire us for training, consulting, quality assurance, and auditing according to international standards. ATCC´s training is innovative, of high quality, cost efficient, quick, and individualized.",Germany,2.566842,,,
Regionalverkehr Salzland GmbH,2566842.0,"Germany, Hecklingen, 1 Brunnenweg, 39444",https://www.linkedin.com/company/regionalverkehr-salzland-gmbh,reisebuero-haubold.de,,Germany,2.566842,,,
Flugsportzentrum Mitteldeutschland GmbH,2566842.0,"Germany, Saxony-anhalt, Magdeburg, 91 Ottersleber Chaussee, 39120",https://www.linkedin.com/company/flugsportzentrum-mitteldeutschland-gmbh,flugschule-md.de,"Sachsen-Anhalt blickt auf eine über 100 jährige Luftfahrertradition zurück. Direkt auf dem Flugplatz Magdeburg City zwischen der A2 und der A14 gelegen, dort wo bereits 1908 Hans Grade seine ersten Motorflugzeuge baute und erste Flugversuche unternahm, bilden wir heute Ultraleichtflugzeug-, Tragschrauber- und bald auch Hubschrauber-Piloten aus. Dieser Tradition verpflichtet, bieten wir unseren Schülern beste Voraussetzungen für eine professionelle und fundierte Ausbildung. Bei uns erwartet Sie ein modernes, qualitativ hochwertiges Umfeld mit einer großen Auswahl von verschiedenen neuwertigen Flugzeug- und Gyrocopter-Typen, moderne Seminarräume mit Internetzugang in denen Sie lernen und sich vorbereiten können, hohe Flexibilität und Zuverlässigkeit, sowie deutsche Präzision und Gründlichkeit, aber in einer sehr familiären Atmosphäre. Wir bieten erstklassigen Kundenservice, freundliche und hilfsbereite Betreuung von Ihrem ersten Anruf bis zum Abschluss der Ausbildung und natürlich auch noch darüber hinaus, so dass Sie sich bei uns rund um wohl fühlen können. Bei uns sind Sie nicht nur ein Kunde, Sie sind ein Mitglied unserer »Flugsportzentrum Mitteldeutschland Familie«. Unser Ziel ist es, Sie zu sicheren, verantwortungsbewussten Sportpiloten auszubilden. Auf unserer Homepage möchten wir Sie umfassend über die Voraussetzungen und den Verlauf der Ausbildung informieren. Erfüllen Sie sich einfach noch heute Ihren Traum vom Fliegen und rufen Sie uns an! Wir freuen uns auf Sie.",Germany,2.566842,,,
Bagpacker,2566842.0,"Germany, Berlin, Berlin, 4 Hasenholzer Allee, 12685",https://www.linkedin.com/company/bagpacker,,,Germany,2.566842,,,
Aviation Competence,2566842.0,Germany,https://www.linkedin.com/company/aviation-competence,,An aviation consultancy,Germany,2.566842,,,
Kremers Special,2566842.0,"Germany, North Rhine-westphalia, Köln, 21 Müllergasse, 51105",https://www.linkedin.com/company/kremers-special,kremers-special-kurier.de,,Germany,2.566842,,,
Rheinmainflug.de - Fliegen Nach Wunsch,2566842.0,"Germany, Hesse, Flörsheim, 1 Dürerstr., 65439",https://www.linkedin.com/company/rheinmainflug.de---fliegen-nach-wunsch,rheinmainflug.de,"Rheinmainflug.de - Fliegen nach Wunsch Unvergessliche Flugerlebnisse ab Mainz Finthen und Aschaffenburg Großostheim weit über das Rheinmaingebiet hinaus. Herzlich willkommen bei Deinem zuverlässigen Partner für unvergessliche Rundflüge ab Mainz Finthen und Rundflüge ab Aschaffenburg Großostheim, sowie individuelle Flugerlebnisse weit über das Rheinmaingebiet hinaus.",Germany,2.566842,,,
Beverage Warehouse Of Vermont,2566842.0,"Germany, Winooski, 1 East St, 05404",https://www.linkedin.com/company/beverage-warehouse-of-vermont,beveragewarehousevt.com,,Germany,2.566842,,,
Flugsimulator Frankfurt,2566842.0,"Germany, Hesse, Frankfurt Am Main, 60549",https://www.linkedin.com/company/flugsimulator-frankfurt,flugsimulatorfrankfurt.com,,Germany,2.566842,,,
Bavarian Airlines,2566842.0,"Germany, Bavaria, Oberding, 18 Terminalstraße Mitte, 85356",https://www.linkedin.com/company/bavarianairlines,,Die Bavarian bietet Personen sowie Frachtbeförderung in der Luftfahrt an.,Germany,2.566842,,,
Ma's Got'a Notion,2566842.0,"Germany, Havana, 305 W Main St, 62644",https://www.linkedin.com/company/ma's-got'a-notion,masgotanotion.com,,Germany,2.566842,,,
Rotrunner,2566842.0,"Germany, North Rhine-westphalia, Düsseldorf, 50 Bismarckstr., 40210",https://www.linkedin.com/company/rotrunner,rotrunner.de,,Germany,2.566842,,,
LEX-US Logistik GmbH,2566842.0,Germany,https://www.linkedin.com/company/lex-us-logistik-gmbh,lex-us.com,,Germany,2.566842,,,
TransAY Internationale Transport GmbH,2566842.0,"Germany, Bavaria, Bad Tölz, 4 Schulgasse, 83646",https://www.linkedin.com/company/transay-internationale-transport-gmbh,transay-gmbh.com,,Germany,2.566842,,,
Flugplatz Leer-Papenburg,2566842.0,"Germany, Lower Saxony, Leer, 83 Kloster-thedinga-straße, 26787",https://www.linkedin.com/company/flugplatz-leer-papenburg,flugplatz-leer-papenburg.de,,Germany,2.566842,,,
Hocke Garten- Und Landschaftsbau,2566842.0,Germany,https://www.linkedin.com/company/hocke-garten--und-landschaftsbau,hocke-galabau.de,,Germany,2.566842,,,
Polytope Artists,2566842.0,"Germany, Berlin, Berlin, 7 Kottbusser Damm, 10967",https://www.linkedin.com/company/polytope-artists,polytope-artists.com,,Germany,2.566842,,,
Funkes Reisewelt GmbH,2566842.0,"Germany, Lower Saxony, Göttingen, 19 Lange-geismar-straße, 37073",https://www.linkedin.com/company/funkes-reisewelt-gmbh,funkes-reisewelt.de,,Germany,2.566842,,,
Skywalker GmbH,2566842.0,"Germany, Hesse, Calden, Fieseler-storch Straße, 34379",https://www.linkedin.com/company/skywalker-gmbh,www.fly-skywalker.de,"Welcome to Skywalker GmbH, your gateway to a world of harmonious atmosphere and breathtaking flights. We offer not only relaxed journeys but also a familial realtionship that makes every trip an unforgettable adventure. Our spontaneity and professionalism are top-notch, always striving to meet your needs and provide the highest level of comfort and safety. At Skywalker GmbH, customer satisfaction isn't just a goal; it's our top priority. Come aboard and experience the world from a new perspective with us!",Germany,2.566842,,,
Aamenta.de,2566842.0,"Germany, North Rhine-westphalia, Neuss, 3 Schwarzer Weg, 41466",https://www.linkedin.com/company/aamenta.de,,,Germany,2.566842,,,
Agip Service Station Bonn,2566842.0,"Germany, North Rhine-westphalia, Bonn, 63-65 Godesberger Allee, 53175",https://www.linkedin.com/company/agip-service-station-bonn,agip-bonn.de,,Germany,2.566842,,,
Weiterbildung Online Marketing Manager In Dresden,2566842.0,"Germany, Saxony, Dresden, 10 Annenstraße, 01067",https://www.linkedin.com/company/weiterbildung-online-marketing-manager-in-dresden,neuigkeitenausberlindresdenleipzig.mesuonnews.com,,Germany,2.566842,,,
Queen Air,2517336.0,"Germany, Hesse, Wiesbaden, 190 Rheingaustr., 65203",https://www.linkedin.com/company/queen-air,www.queenair.cz,Queen air is the bussines jets operator and holder of AOC CZ-66 based in Czech Republic.,Germany,2.517336,,,
Willeke Blumen Handelsges,2517336.0,"Germany, North Rhine-westphalia, Büren, 9 Abelbachstraße, 33142",https://www.linkedin.com/company/willeke-blumen-handelsges,www.willeke-blumen.de,,Germany,2.517336,,,
BDF - Bundesverband Der Deutschen Fluggesellschaften E.V.,2517336.0,"Germany, Berlin, Berlin",https://www.linkedin.com/company/bdf---bundesverband-der-deutschen-fluggesellschaften-e.v.,www.bdf.aero,"„Wir beflügeln Deutschland.“ – Dieser Slogan steht nicht nur dafür, dass die Fluggesellschaften des BDF Jahr für Jahr 145 Millionen Passagiere zu ihren Zielen überall in Deutschland, Europa und bis ans „Ende der Welt“ fliegen. Sie beflügeln damit auch die deutsche Tourismuswirtschaft, den Tourismusstandort Deutschland und die deutsche Volkswirtschaft insgesamt, die auf eine leistungsfähige Luftverkehrswirtschaft und exzellente Verbindungen wie kaum eine andere Volkswirtschaft auf der Welt angewiesen sind. Der BDF setzt sich für wettbewerbsfähige Rahmenbedingungen seiner Mitglieder ein und ist dabei Ansprechpartner für Politik, Behörden und Medien. Die Standortkosten der deutschen Fluggesellschaften sind ein zentrales Thema der BDF-Arbeit. Fluggesellschaften zahlen in Deutschland jährlich mehrere Milliarden Euro für Infrastrukturkosten: Entgelte für die Nutzung von Flughäfen, Gebühren für die Flugsicherung oder die Sicherheitskontrollen von Passagieren, Mitarbeitern und Warenzulieferungen an den Flughäfen. Hinzu kommen die Kosten aus der Luftverkehrsteuer, für den Emissionshandel und aus zahlreichen anderen „politischen Rahmenbedingungen“ – sprich: gesetzlichen Bestimmungen oder behördlichen Vorgaben. Die Summe all dieser finanziellen Belastungen macht rund 30% der Gesamtkosten einer deutschen Fluggesellschaft aus.",Germany,2.517336,,,
Hanna Co,2517336.0,"Germany, North Rhine-westphalia, Gelsenkirchen, 99 Hohenzollernstr., 45888",https://www.linkedin.com/company/hanna-co,www.hannaco.com,"Hanna Co is an airlines/aviation company based out of 4220 Bluff Rd, Allendale, South Carolina, United States.",Germany,2.517336,,,
Flugplatz Emden,2517336.0,"Germany, Lower Saxony, Emden, 103 Gorch-fock-straße, 26721",https://www.linkedin.com/company/flugplatz-emden,flugplatz-emden.de,,Germany,2.517336,,,
LESICO,2517336.0,"Germany, Elsterberg, 4 Schloßstr., 07985",https://www.linkedin.com/company/lesico,,,Germany,2.517336,,,
Skydive Ocean City,2517336.0,"Germany, Berlin, Berlin",https://www.linkedin.com/company/ocean-city-skydiving-center-inc-,www.skydiveoc.com,"Skydiving in Maryland, Skydiving in DC, Skydiving in Virginia with the best view over the beach in Ocean City MD.",Germany,2.517336,,,
La Turka,2517336.0,"Germany, North Rhine-westphalia, Essen, 176 Rüttenscheider Str., 45131",https://www.linkedin.com/company/la-turka,www.laturka.de,"Auf unseren Seiten sind Plugins des sozialen Netzwerks Facebook, 1601 South California Avenue, Palo Alto, CA 94304, USA integriert. Die Facebook-Plugins erkennen Sie an dem Facebook-Logo oder dem &",Germany,2.517336,,,
H G D Dienstleistungen Heinz Greuer,2517336.0,"Germany, Stetten Bei Ostermünchen Ostermünchen, 83104",https://www.linkedin.com/company/h-g-d-dienstleistungen-heinz-greuer,greuer.com,,Germany,2.517336,,,
CREWlife,2517336.0,"Germany, Berlin, Berlin, 17 Löhleinstraße, 14195",https://www.linkedin.com/company/crewlife,www.crewlife.aero,"CREWlife is an individual all-round service for flying personnel To stand out with the team of CREWlife and stay on the ground with both legs: With us you will find tailor-made services with which you can flexibly and quickly design your professional life and leisure time as an airliner. From special offerings to industry standards such as comfortable and stylish flight attendants' shoes to integrated smart solutions for rosters and correct tax returns - service experts, Lufthansa pilots and specialist tax consultants work closely together at CREWlife. Thus, we are well informed about what you need as a flight attendant, pilot or purser, and guarantee you fair and transparent offers that meet the latest requirements in your profession: • Free CREWapp: duty rosters, crew messenger, shopping, and many other items • MyRoster: Fast and clear roster evaluation • CREWsteuer: product finder around the topic tax declaration for airliner • CREWbenefits: exclusive shopping platform with special rates for aircrew • Flugbegleiterschuhe: online store for comfortable, sturdy and chic shoes for every flight Learn more about how to make your life as an Airliner easier on our homepage and cost-effective design and become part of the CREWlife family. Many happy landings!  Your CREWlife Team",Germany,2.517336,,,
Gehling Flugtechnik GmbH,2517336.0,"Germany, Saxony-anhalt, Magdeburg, 91 Ottersleber Chaussee, 39120",https://www.linkedin.com/company/gehling-flugtechnik-gmbh,www.gehling-flugtechnik.de,"Wir sind in der Branche ein mittelst ndiger Betrieb mit einem festen Kundenstamm vor mehr als 450 Lfz - Haltern privater und gewerblicher Art im In- und Ausland. Dieses ist nur m glich, wenn wir nach wie vor jeden Kunden individuell zuvorkommend, freundlich, fair und usserst kompetent behandeln und beraten, getreu unserem Leitspruch",Germany,2.517336,,,
OLT Express Germany Gmbh,2517336.0,"Germany, Baden-württemberg, Filderstadt",https://www.linkedin.com/company/olt-express-germany-gmbh,www.oltexpress.de,,Germany,2.517336,,,
VINI Flyvbird,2461692.0,"Germany, Baden-württemberg, Stuttgart, wolfschlugenerstr.7",https://www.linkedin.com/company/langaviationexperts,www.flyvini.com,"While fast and competitive prices exist between metropolitan areas, there are insufficient offers on decentralized rural connections available. Travel at conveniant and fast connections are not available. There is a growing need for alternative transportation, especially innovative, disruptive, and connected mobility. Our future customers live within a radius of 25 km from a departure point exclusive accessible for the flyv offer. Faster connections, less complex travel journeys, arrivals closer to the destination and vast time savings - that is our promise. Materializing a high network of underutilized airfields enables us to conquer an unoccupied market without competition. At the same time, our flyvAI is tailored to the customer's needs and leads to maximum efficiency. Our unique advantage in the market is due our use of advanced mathematical modeling within our software algorithm. This model enables us to efficiently pool decentral traffic streams and optimize on-demand commercial offers, ultimately allowing us to offer the fastest decentral connections at competitive prices with trains and cars. The mathematical model provides a solid foundation for scalability and efficiency, allowing us to offer the most dense regional air links in the world and capture a significant portion of the market. Overall, flyv's focus on sustainable travel, efficient operations, and advanced technology make us a compelling investment opportunity in the aviation industry. We believe it has the potential to revolutionize regional air travel and disrupt the traditional airline industry. Our technology is unique and one of a kind in the market",Germany,2.461692,,,
CMO Trans GmbH,2461692.0,"Germany, Hamburg, Hamburg, 5 Dwengerkamp, 21035",https://www.linkedin.com/company/cmo-trans-gmbh,cmotrans.de,,Germany,2.461692,,,
Jyki Oy,2461692.0,Germany,https://www.linkedin.com/company/jyki-oy,jyki.fi,,Germany,2.461692,,,
Modifly,2461692.0,"Germany, Bern, Berlin, 19-21 Brunnenstraße, 10119",https://www.linkedin.com/company/modiflyshop,www.modifly.shop,Buying ancillaries is currently a huge pain for indirect customers. This results in significant loss of revenue. We change that!,Germany,2.461692,,,
Uptrip,2461692.0,"Germany, Berlin, Berlin",https://www.linkedin.com/company/uptrip,www.uptrip.app,"Fly, Collect and Win: Turn your flights into rewards Uptrip rewards you every time you fly, with digital trading cards. A new way to get multiple privileges like free in-flight Wi-Fi, Lounge Access, Upgrades and much more!",Germany,2.461692,,,
ME MesseEvents GmbH,2461692.0,"Germany, North Rhine-westphalia, Bornheim, 53332",https://www.linkedin.com/company/me-messeevents-gmbh,me-messeevents.de,,Germany,2.461692,,,
F. Leitner Mineralöle,2461692.0,"Germany, Graz, 4 Kärntnerstrasse, 8020",https://www.linkedin.com/company/f.-leitner-mineralöle,leitner-mineraloele.at,,Germany,2.461692,,,
FPJ Exclusive GmbH,2461692.0,"Germany, Bavaria, Nürnberg, 118 Flughafenstraße, 90411",https://www.linkedin.com/company/fpjexclusivegmbh,flyprivatejet.de,"When the company was founded in 2020 our goal was to combine the most important requirements for global aviation in one private charter company, in order to offer you, our customers, the perfect total package. With the help of a large pilot and aviation network, we have in-depth knowledge and expertise at our disposal. We always recommend the safest flight options only. Additionally, FlyPrivateJet stands out amongst its competitors because of its first-class all-round carefree service. Reliability is our number 1 priority. With FlyPrivateJet you can combine reliability, safety and service with a fair price. Selecting the most reliable options is our priority. Only afterwards we will negotiate the best price out of all these options for you. Whether you want to book a business trip or a spontaneous vacation, we will find you the right offer. Do you have any questions or is there anything we can do for you? Feel free to send us a message or simply give us a call. Whatsapp Text us at: +49 171 91 601 05 Email Email us at: info@flyprivatejet.de Phone Call us at: +49 171 91 601 05",Germany,2.461692,,,
AVIACON GmbH,2461692.0,Germany,https://www.linkedin.com/company/aviacon-gmbh,www.aviacon.aero,"AVIACON GmbH is a consulting company specialized in aviation strategy and management, based on the vast aviation business experience of AVIAREPS AG and Feuerherd Aviation Consulting GmbH, who jointly established AVIACON. The company aims to provide cutting edge solutions for airlines, airports and related stakeholders, by deploying its know‐how, supported by its wide network of internal and external experts. AVIACON GmbH is a lean organization that is not bound by corporate politics, a large administration or a costly overhead. The company always aims at serving its clients with the target of ensuring the most efficient operations. We offer the services and quality of the top aviation consulting companies of the world at attractive rates while always keeping the interest of our clients in mind!",Germany,2.461692,,,
Cura Domo Service GmbH,2461692.0,"Germany, Graz, 15 Jauerburggasse, 8010",https://www.linkedin.com/company/cura-domo-service-gmbh,cura-domo.at,,Germany,2.461692,,,
PKS Electronic Vertriebs GmbH,2461692.0,"Germany, Hohenbrunn, 32 Eduard-buchner-str., 85662",https://www.linkedin.com/company/pks-electronic-vertriebs-gmbh,www.pks-electronic.com,"Die PKS electronic Vertriebs GmbH steht seit 10 Jahren für Qualität, Zuverlässigkeit und viel Freude am Kundenkontakt. Wir sind spezialisiert im Vertrieb von Steckverbindern und Schaltern, Relais, der Elektromechanik sowie Kabel- und Kabelschutzsystemen und haben uns in den Technologiebereichen Luft- und Raumfahrt sowie der Verteidigungselektronik und der Baumaschinenindustrie international etabliert.",Germany,2.461692,,,
Air Bavarian GmbH,2271054.0,"Germany, Bavaria, Geretsried, 32 Leitenstraße, 82538",https://www.linkedin.com/company/air-bavarian-gmbh,www.air-bavarian.com,Baustellenüberwachung - Luftaufnahmen - Drohnenflüge in der Industrie - unser Know-How für Ihr Projekt!,Germany,2.271054,,,
AIRconomics GmbH,2086124.0,"Germany, North Rhine-westphalia, Geseke, 16 Am Schemm, 59590",https://www.linkedin.com/company/airconomics-gmbh,www.airconomcis.com,"AIRconomics GmbH is offering aviation consulting, auditing, training.   Our highly motivated team would be happy to assist you. For all areas of the aviation industry we're offering solutions: Consulting: - Change Management - Project Management - Process optimization - Operation manual development - Interim Management - Quality & Compliance Monitoring Management - Management Consulting - Implementation of new industry standards like IOSA, etc ... - ... Auditing: - Training of auditors - Performing audits - Support of CMM - ... Training: - Aviation training - Postholder Training - Training of current European aviation law - Safety Training - Auditor Training - Auditing - Human Factors - ... Our Imprint: https://www.airconomics.com/airconomics-imprint",Germany,2.086124,,,
Reiseagentur Blüm,2069553.0,"Germany, Hesse, Marburg An Der Lahn, 4a Erlenring, 35037",https://www.linkedin.com/company/reiseagentur-blüm,reiseagentur-bluem.de,,Germany,2.069553,,,
GEROmichalos Handels G.m.b.H,2069553.0,"Germany, Vienna, 66 Kolbegasse, 1230",https://www.linkedin.com/company/geromichalos-handels-g.m.b.h,geromichalos.at,,Germany,2.069553,,,
Werbetechnik. Verena Vom Hau,2069553.0,"Germany, North Rhine-westphalia, Velbert, 4 Wülfratherstr., 42553",https://www.linkedin.com/company/werbetechnik.-verena-vom-hau,werbetante24.de,,Germany,2.069553,,,
Pizza Hut Delivery Münster,2069553.0,"Germany, North Rhine-westphalia, Münster, 3 Steinfurter Straße, 48149",https://www.linkedin.com/company/pizza-hut-delivery-münster,de.phorders.com,,Germany,2.069553,,,
Radeberger Exportbierbrauerei GmbH,2069553.0,"Germany, Saxony, Radeberg, 2 Dresdner Str., 01454",https://www.linkedin.com/company/radeberger-exportbierbrauerei-gmbh,www.radeberger.de,,Germany,2.069553,,,
Pekers.de,2069553.0,"Germany, Kupferzell, 23 Schafgasse, 74635",https://www.linkedin.com/company/pekers.de,pekers.de,,Germany,2.069553,,,
IViation GmbH,2069553.0,"Germany, Baden-württemberg, Rottenburg, 82 Gartenstr., 72108",https://www.linkedin.com/company/iviation-gmbh,iviation.eu,First autonomous aircraft in controlled airspace. No pilot delivers cargo faster and cheaper.,Germany,2.069553,,,
SynAvia,2069553.0,Germany,https://www.linkedin.com/company/space-deutschland-e-v,www.synavia.de,"o Beratung für alle Bereiche des Einkaufs und dem Management der Supply Chain o Interimsmanagement für Geschäftsführung, Projektmanagement, Procurement, Vertrieb etc. o Vermittlung von strategischen/Finanzinvestoren, Kooperationspartnern für Entwicklung und Produktion (horizontal & vertikal) bis hin zu M&A o Experten für Aircraft Design & Berechnung o Experten für Lean/Six Sigma, Prozessoptimierung, Digitalisierung, Leadership o wissenschaftliche Experten aus Industrie, von Universitäten und Instituten o unabhängige/neutrale Berater und Vermittler zur Vermeidung von Konfliktsituationen (Mediation) o erfahrene, kompetente Manager für Beirat/Aufsichtsrat o Innovationsberatung und Förderung",Germany,2.069553,,,
Reisewelt Kurbjuweit GmbH,2069553.0,"Germany, North Rhine-westphalia, Wermelskirchen, 34 Eich, 42929",https://www.linkedin.com/company/reisewelt-kurbjuweit-gmbh,reisewelt-kurbjuweit.de,,Germany,2.069553,,,
Vauth Aviation Components GmbH & Co. KG,2069553.0,"Germany, North Rhine-westphalia, Brakel, 1 Hembser Str., 33034",,vauth-aviation.de,,Germany,2.069553,,,
GDDC GmbH,2069553.0,"Germany, Schleswig-holstein, Eckernförde, 12 Marienthaler Straße, 24340",https://www.linkedin.com/company/gddc-sh,gddc-sh.de,"Die GDDC GmbH aus Eckernförde bietet Ihnen die Möglichkeit, einen 24/7-Drohnenbetrieb zu realisieren. Hierfür stellen wir Ihnen eine moderne Dock-Lösung zur Verfügung. Das bedeutet: Die Drohne startet selbstständig in unregelmäßigen Intervallen nahezu geräuschlos, fliegt bis zu einer Stunde und überwacht mit Wärmebildunterstützung das gewünschte Gebiet. Dank unserer DSGVO-konformen Sicherheitssoftware werden sämtliche Daten – beispielsweise Livestreams – ausschließlich auf deutschen Servern gespeichert und nicht an Drittstaaten weitergeleitet. Über eine benutzerfreundliche App können die Videostreams in Echtzeit an autorisierte Einheiten und Personen übertragen werden. Die GDDC GmbH ist Inhaber eines LUC-Drohnenzertifikats – als erstes Unternehmen in Deutschland. Das bedeutet für Sie: Wir können künftig alle notwendigen Genehmigungen und Fluggebiete unabhängig vom Luftfahrtbundesamt freigeben. Das spart Ihnen sowohl Zeit als auch Kosten. Wenn wir Ihr Interesse geweckt haben, vereinbaren wir gerne einen Termin für einen Demoflug. Wir freuen uns auf Ihre Rückmeldung und stehen Ihnen selbstverständlich für weitere Fragen jederzeit zur Verfügung.",Germany,2.069553,,,
AIRWAYS Travel GmbH,2069553.0,"Germany, Hesse, Frankfurt Am Main",https://www.linkedin.com/company/airways-travel-gmbh,www.airways-travel.de,"Seit über 32 Jahren sind wir auf Asienreisen spezialisiert und bieten Ihnen die individuellesten Asien Reisen als deutscher Reiseveranstalter mit allen Vorteilen an Service, Beratung & Absicherung für Ihre Wunsch-Reise. Unsere Mitarbeiter kennen die Länder persönlich aus eigenen Reisen & Erfahrungen und können daher Vorschläge ausarbeiten, die Ihren Wünschen entsprechen. Eine unberührte Natur, das Kennenlernen von Menschen und fremder Kulturen stehen bei unseren Reise-Selectionen stets im Vordergrund. Feiern Sie farbenprächtige Feste in Indien & Thailand, oder entdecken Sie Geheimnisvolles in Indonesien, die historischen Seiten Chinas, den ältesten Dschungel der Welt in Malaysia oder erleben Sie das Einkaufsvergnügen Hongkong & das historische Macau.",Germany,2.069553,,,
Air Augsburg GmbH,2069553.0,"Germany, Bavaria, Bobingen, 6 Edisonstraße, 86399",https://www.linkedin.com/company/blackbird-gmbh,airaugsburg.com,Aircraft rental saves your time and gives you more comfort Pilatus PC12NG - THE BEST TIME TO FLY THE BEST IS NOW,Germany,2.069553,,,
Inocom Installationen AG,2069553.0,"Germany, Frauenfeld, 22 Hungerbüelstrasse, 8500",https://www.linkedin.com/company/inocom-installationen-ag,inocom.ch,,Germany,2.069553,,,
ProPilots GmbH,2069553.0,"Germany, Bonn-bad Godesberg, 43 Waldstraße, 53177",https://www.linkedin.com/company/propilots-gmbh,propilots.de,,Germany,2.069553,,,
Kachelmann GmbH,2069553.0,"Germany, Walsdorf, 2 Bamberger Str., 96194",https://www.linkedin.com/company/kachelmann-gmbh,kachelmann.cc,,Germany,2.069553,,,
Saspo Services GmbH,2069553.0,"Germany, Hesse, Dreieich, 151b Frankfurter Str., 63303",https://www.linkedin.com/company/saspo-services-gmbh,www.saspo-services.com,We are a full-service flight-consolidator specialised in group bookings for 10 or more travelers. We cooperate with travel agencies and airlines worldwide. We look forward to connect with you!,Germany,2.069553,,,
Logistik3,2069553.0,"Germany, Bavaria, Gersthofen, 1 Wertinger Str., 86368",https://www.linkedin.com/company/logistik3,logistik3.de,,Germany,2.069553,,,
Claudia Bögl,2069553.0,"Germany, Schliersee, 3 Bahnhofstraße, 83727",https://www.linkedin.com/company/claudia-bögl,reisebuero-boegl.de,,Germany,2.069553,,,
Sultan Reisen,2069553.0,"Germany, Lower Saxony, Hameln, 2 Ritterstr., 31785",https://www.linkedin.com/company/sultan-reisen,www.sultan-reisen.eu,,Germany,2.069553,,,
Blitz-Kurier GmbH,2069553.0,"Germany, Brandenburg, Rathenow, 56 Friedrich-ebert-ring, 14712",https://www.linkedin.com/company/blitz-kurier-gmbh,blitzkurier-rathenow.de,,Germany,2.069553,,,
CityKurier,2069553.0,"Germany, Baden-württemberg, Karlsruhe",https://www.linkedin.com/company/citykurier,citykurier-online.com,,Germany,2.069553,,,
Tarthuner Tank-Silofahrzeuge & Anlagenbau GmbH,2069553.0,"Germany, Tarthun, 5 T Friedrich-engels-str., 39435",https://www.linkedin.com/company/tarthuner-tank-silofahrzeuge-&-anlagenbau-gmbh,fahrzeugbau-tarthun.de,,Germany,2.069553,,,
Jetcall GmbH & Co. KG,2069553.0,"Germany, Hesse, Idstein, 21 Walramstraße, 65510",https://www.linkedin.com/company/jetcall-gmbh-&-co.-kg,jetcall.eu,,Germany,2.069553,,,
TUI Travel Star Reiselounge Fernweh GmbH,2069553.0,"Germany, Bavaria, Munich, 64 Hanauer Straße, 80993",https://www.linkedin.com/company/tui-travel-star-reiselounge-fernweh-gmbh,reiselounge.holiday,,Germany,2.069553,,,
Kaniko Web,2069553.0,"Germany, Brandenburg, Potsdam, 49 Erich-weinert-str., 14478",https://www.linkedin.com/company/kaniko-web,kaniko.de,,Germany,2.069553,,,
J. Albert Studios,2069553.0,Germany,https://www.linkedin.com/company/j.-albert-studios,jalbertstudios.com,,Germany,2.069553,,,
Stefan Hofmann - Fotostudio Ph7,2069553.0,"Germany, Biel, 11 Alleestrasse, 2502",https://www.linkedin.com/company/stefan-hofmann---fotostudio-ph7,ph7.info,,Germany,2.069553,,,
Cohrs Kurier GmbH Breloh,2069553.0,"Germany, Berlin, Berlin, 158 Holzhauser Str., 13509",https://www.linkedin.com/company/cohrs-kurier-gmbh-breloh,cohrs-kurier.de,,Germany,2.069553,,,
Reisekiste Manuela Schindler,2069553.0,"Germany, Kemnath, 10 Hosleite, 95478",https://www.linkedin.com/company/reisekiste-manuela-schindler,reisekiste24.de,,Germany,2.069553,,,
FanJet Aviation GmbH,2069553.0,"Germany, Baden-württemberg, Schorndorf, 49 Künkelinstr., 73614",https://www.linkedin.com/company/fanjet-aviation-gmbh,fanjetaviation.com,"FanJet Aviation GmbH is a company based out of Künkelinstr. 49, Schorndorf/Stuttgart, Germany.",Germany,2.069553,,,
AIREVENUE,1923192.0,"Germany, Hamburg, Hamburg",https://www.linkedin.com/company/airevenue,airevenue.services,"AIREVENUE supports start-ups and small to medium-sized (virtual) airlines on their way to successful distribution and sales. Our industry experts will help you choose the right system landscape, i.e. reservation system, check-in system, revenue management, selecting fitting distribution channel(s) and liaising with all relevant cooperation partners. We develop, with our clients, a bespoke strategy, from theory to successful operation. Our team communicates at eye-level and we see ourselves as part of your team. Clear and comprehensive communication is key, instead of technical terminology and acronym overload. Let us turn your ideas into reality.",Germany,1.923192,,,
Blue 16 gmbh,1923192.0,"Germany, Bavaria, Munich",https://www.linkedin.com/company/blue-16-gmbh,blue16.de,"“Imagine………… peace, justice, and strong institutions! We are a newly founded aviation company that is committed to support and protect our democratic institutions in order to safeguard our peaceful existence. We support the further development and transformation of aviation companies, projects and customer relationships on the basis of value-based collaboration. Our customers include authorities and public security organizations, civil aviation companies as well as system companies and OEMs in Germany and beyond. Our Services 1. STRATEGY AND BUSINESS DEVELOPMENT 2. PROJECT MANAGEMENT AND SYSTEM DEVELOPMENT OF COMPLEX AVIATION PROJECTS 3. INTRODUCTION, SUPPORT, OPERATION AND FLEET MANAGEMENT OF AIRCRAFT 4. CHANGE, RE-ORIENTATION AND ORGANIZATIONAL DEVELOPMENT OF AVIATION COMPANIES “All great innovations are the result of someone imagining a new way of achieving something and having the confidence to use their imagination.” ... is a mission statement that defines everything we do every day. It is both our inspiration and our aspiration for your projects!",Germany,1.923192,,,
Beechfork Ranch,1923192.0,"Germany, Weatherford, 2501 Adell Cir, 76088",https://www.linkedin.com/company/beechfork-ranch,beechforkranch.com,,Germany,1.923192,,,
EnterPREIS GmbH,1923192.0,"Germany, Bregenz, 4 Römerstraße, 6900",https://www.linkedin.com/company/enterpreis-gmbh,allescomputer.at,,Germany,1.923192,,,
Fahrschule Michelbeuern,1923192.0,"Germany, Vienna, 5 Schulgasse, 1180",https://www.linkedin.com/company/fahrschule-michelbeuern,fahrschule-michelbeuern.at,,Germany,1.923192,,,
Bettis Farbenspiel,1923192.0,"Germany, Mecklenburg-vorpommern, Rostock",https://www.linkedin.com/company/bettis-farbenspiel,bettis-farbenspiel.blogspot.com,,Germany,1.923192,,,
Easis Data Recovery,1923192.0,"Germany, Berlin, Berlin",https://www.linkedin.com/company/easis-data-recovery,easis.com,,Germany,1.923192,,,
AEROTHRIVE,1923192.0,Germany,https://www.linkedin.com/company/air-clips-com,www.linkedin.com,"Hit the ""Sign Up "" button NOW for daily Flight Safety News that matter!",Germany,1.923192,,,
Die Aeronauten - Flugservice,1923192.0,"Germany, Bavaria, Rothenburg Ob Der Tauber",https://www.linkedin.com/company/die-aeronauten---flugservice,,,Germany,1.923192,,,
Kenametal Kick And Groove Park,1888002.0,"Germany, Bavaria, Nürnberg, Dürrenhofstraße, 90402",https://www.linkedin.com/company/kenametal-kick-and-groove-park,kickandgroove.de,,Germany,1.888002,,,
HOCH ZWEI Photoagency,1888002.0,"Germany, Hamburg, Hamburg, 85 Simon-von-utrecht-str., 20359",https://www.linkedin.com/company/hoch-zwei-photoagency,hoch-zwei.net,"HOCH ZWEI Photoagency is an airlines/aviation company based out of 85 Simon-von-Utrecht-Str., Hamburg, Germany.",Germany,1.888002,,,
Private Jet Events,1888002.0,"Germany, Bavaria, Munich, 11 Mühlfeldweg, 84758",https://www.linkedin.com/company/private-jet-events,www.private-jet-events.com,"Private jets to anywhere in the world. A private jet charter with no delays, high class interior and personal attention to each client. The personal touch in having a great event with aviation related topics. e.g. Emergency training in vienna, Austria.",Germany,1.888002,,,
Bergrettung Salzburg,1888002.0,"Germany, Salzburg, 32 Sterneckstraße, 5020",https://www.linkedin.com/company/bergrettung-salzburg,bergrettung-salzburg.at,,Germany,1.888002,,,
Hillers Reisewelt,1888002.0,"Germany, Brandenburg, Brieselang, 1 Haslacher Straße, 14656",https://www.linkedin.com/company/hillers-reisewelt,reisewelt-hiller.de,,Germany,1.888002,,,
Danger Close Armament,1888002.0,Germany,https://www.linkedin.com/company/danger-close-armament,dangerclosearmament.com,,Germany,1.888002,,,
ST Logistik GmbH,1888002.0,"Germany, Thuringia, Suhl, 222 Meininger Str., 98529",https://www.linkedin.com/company/st-logistik-gmbh,stlogistik.de,,Germany,1.888002,,,
Ocean Aerial Ads Inc,1888002.0,"Germany, Berlin, Berlin",https://www.linkedin.com/company/ocean-aerial-ads-inc,www.oceanaerialadsinc.com,,Germany,1.888002,,,
Der Eilbote Kurierdienst,1888002.0,"Germany, Beindersheim, 11 Heinrich-lanz-str., 67259",https://www.linkedin.com/company/der-eilbote-kurierdienst,der-eilbote.de,,Germany,1.888002,,,
Sky Lounge GmbH,1888002.0,"Germany, Hesse, Frankfurt Am Main",https://www.linkedin.com/company/sky-lounge-gmbh,www.skylounge-frankfurt.de,,Germany,1.888002,,,
Vinella - Der Kuss Für Den Gaumen,1888002.0,"Germany, Münster Am Stein-ebernburg, Bad, 20 Herrengartenstrasse, 55583",https://www.linkedin.com/company/vinella---der-kuss-für-den-gaumen,vinella.de,,Germany,1.888002,,,
FORTE+WEGMANN,1888002.0,"Germany, North Rhine-westphalia, Hemer, 54 Oesestraße, 58675",https://www.linkedin.com/company/forte-wegmann,forte-wegmann.de,"PrecisionAirTech: Expertise in Machined Components & ARINC / ATR Enclosures Forte+Wegmann is a mining & metals company based out of 12 Brändströmstr., Iserlohn, Germany.",Germany,1.888002,,,
Flugschule \,1888002.0,"Germany, Rheinland-pfalz, Speyer",https://www.linkedin.com/company/flugschule-,ottofunk.de,,Germany,1.888002,,,
Rayher Paletten Gmbh,1888002.0,"Germany, Baden-württemberg, Baden-baden, 73240",https://www.linkedin.com/company/rayher-paletten-gmbh,rayher-paletten.de,,Germany,1.888002,,,
Anna Und Alfred Fotografie,1888002.0,"Germany, Baden-württemberg, Freiburg, 71 Uferstraße, 79115",https://www.linkedin.com/company/anna-und-alfred-fotografie,annaundalfred.de,,Germany,1.888002,,,
SkyMax GmbH,1888002.0,Germany,https://www.linkedin.com/company/skymax-gmbh,www.skymax.eu,SkyMax is focussed on developments and distribution of products and concepts for airline cabin. The SkyTender is the latest innovation for beverage catering. That implies very positive impacts in all respects of the overall process! Please check out www.skymax.eu,Germany,1.888002,,,
Global Fuel Service GmbH,1888002.0,"Germany, Baden-württemberg, Stuttgart, 70629",https://www.linkedin.com/company/global-fuel-service-gmbh,www.globalfuel.eu,"Global Fuel Service GmbH is a company based out of Stuttgart, Baden-Wuerttemberg, Germany.",Germany,1.888002,,,
Dildoshow-berlin.com,1888002.0,"Germany, Berlin, Berlin, 4a Judith-auer-straße, 10369",https://www.linkedin.com/company/dildoshow-berlin.com,dildoshow-berlin.com,,Germany,1.888002,,,
Aibotix GmbH,1888002.0,"Germany, Hesse, Kassel",https://www.linkedin.com/company/aibotix-gmbh,www.aibotix.com,"Providing proven aerial technology solutions, Aibotix is a leading developer of professional unmanned aerial vehicles (UAVs). Founded in 2010 with headquarters in Kassel, Germany, we support professionals´in the applications of mapping and surveying, industrial inspections, and agriculture and forestry.  With our flagship Aibot X6, we offer a unique combination of autonomous flying robots, highly accurate sensors and intelligent software for the most accurate flight planning and data analysis.  Aibotix is part of Hexagon, a leading global provider of information technologies that drive quality and productivity improvements across geospatial and industrial enterprise applications. Hexagon’s solutions integrate sensors, software, domain knowledge and customer workflows into intelligent information ecosystems that deliver actionable information. They are used in a broad range of vital industries. Hexagon (Nasdaq Stockholm: HEXA B) has more than 16,000 employees in 46 countries and net sales of approximately 3.0bn EUR. Learn more at www.aibotix.com and www.hexagon.com.",Germany,1.888002,,,
TAS-Logistik,1888002.0,"Germany, Klieken, 10 Bahnhofstraße, 06869",https://www.linkedin.com/company/tas-logistik,tas-logistik.de,,Germany,1.888002,,,
Heinrich Zangenberg GmbH & Co. KG,1888002.0,"Germany, Lower Saxony, Wallenhorst, 17 Marie-curie-str., 49134",https://www.linkedin.com/company/heinrich-zangenberg-gmbh-&-co-kg,www.zangenberg.de,,Germany,1.888002,,,
HELI SERVICE BELGIUM,1888002.0,Germany,https://www.linkedin.com/company/heli-service-belgium,www.heliservicebelgium.be,"HELI SERVICE BELGIUM is an airlines/aviation company based out of 140 Gaasbeeksesteenweg, Halle, Belgium.",Germany,1.888002,,,
S-Fasteners,1888002.0,"Germany, Althengstett, 7 Im Unteren Ried, 75382",https://www.linkedin.com/company/s-fasteners,www.s-fasteners.com,,Germany,1.888002,,,
Frankfurt Robotics Science Team,1888002.0,"Germany, Hesse, Frankfurt Am Main, 1 Nibelungenplatz, 60389",https://www.linkedin.com/company/frankfurt-robotics-science-team,www.frost-rover.com,"Since 2018, we have been developing mobile robot platforms for international competitions, thus establishing and expanding international contacts. In doing so, we contribute to current research by developing, implementing and testing new components and systems.",Germany,1.888002,,,
Volkshochschule Bergheim,1888002.0,"Germany, North Rhine-westphalia, Bergheim, 25 Bethlehemer Str., 50126",https://www.linkedin.com/company/volkshochschule-bergheim,www.vhs-bergheim.de,,Germany,1.888002,,,
AeroCode Group,1888002.0,"Germany, Bavaria, Munich, 80807",https://www.linkedin.com/company/aerocode,aerocodegroup.com,"Our cutting-edge projects are carried out by a group of talented engineers who want to transform the future of sky and make it accessible for facilitation of humans' lives. With everything we design and implement at AeroCode Group, we always try to make sure we work with our community in mind. We’re based in Frankfurt and have been happily innovating since 2013.",Germany,1.888002,,,
Tanja A. Steinbach Blue Airlines,1888002.0,"Germany, Baden-württemberg, Schwieberdingen, 20 Gottliebstraße, 71701",https://www.linkedin.com/company/tanja-a-steinbach-blue-airlines,blue-airlines.com,,Germany,1.888002,,,
OneX Overnight Express Courier Kurierdienst,1888002.0,"Germany, Unterfranken, Gochsheim, 28 Raiffeisenstr., 97469",https://www.linkedin.com/company/onex-overnight-express-courier-kurierdienst,onex.de,,Germany,1.888002,,,
Arbeitgeberverband Luftverkehr - AGVL,1888002.0,"Germany, Hesse, Frankfurt Am Main, 60546",https://www.linkedin.com/company/arbeitgeberverband-luftverkehr-e-v,www.agvl.de,Employers' Association of the Aviation Industry in Germany,Germany,1.888002,,,
Rothof Freizeitbetriebs GmbH,1888002.0,"Germany, Bavaria, Munich, 120 Denninger Straße, 81925",https://www.linkedin.com/company/rothof-freizeitbetriebs-gmbh,rothof.de,"Rothof Freizeitbetriebs GmbH is an airlines/aviation company based out of 120 Denninger Straße, Munich, Germany.",Germany,1.888002,,,
Sandra Rose LLC,1888002.0,"Germany, Tyndall, 1509 Main St, 57066",https://www.linkedin.com/company/sandra-rose-llc,igotyourdress.com,,Germany,1.888002,,,
Starboxx,1888002.0,"Germany, Berlin, Berlin, 35a Fasanenstr., 10719",https://www.linkedin.com/company/starboxx,starboxx.de,,Germany,1.888002,,,
BinAir Aero Service GmbH,1871990.0,"Germany, Bavaria, Munich, 22 Maria-probst-straße, 80939",https://www.linkedin.com/company/binair-aero-service-gmbh,www.binair.eu,"Since 1996 BinAir is the airline which focuses on you spezial requirements, every day, worldwide and tghe flexibility of Europe´s largest Metro Fleet of 15 aircrafts. Whenever time and reliability is an important criterion, a dependable and competent partner with qualified staff is required. We offer the competence you will benefit from: - with international contacts - trained staff - quick and straight forward - attractive in Prices We are looking forward to submit you a taylor made offer.",Germany,1.87199,,,
ACSG GmbH & Co KG,1767080.0,Germany,https://www.linkedin.com/company/acsg-gmbh-&-co-kg,acsg.li,,Germany,1.76708,,,
Allgäu Wings GmbH,1640641.0,"Germany, Weiler-simmerberg, 8 Am Postwäldle, 88171",,allgaeu-wings.de,,Germany,1.640641,,,
He-b Ingenieurbau Gmbh,1640641.0,"Germany, Garham, 40 Hauptstraße, 94544",https://www.linkedin.com/company/he-b-ingenieurbau-gmbh,he-b.de,,Germany,1.640641,,,
Green Aviation Hub,1640641.0,"Germany, Baden-württemberg, Mannheim, 172 Seckenheimer Landstrasse, 68163",https://www.linkedin.com/company/greenaviationhub,www.greenaviationhub.com,"Als Green Aviation Hub UG setzen wir uns dafür ein, den Wandel der Luftfahrtindustrie hin zu einer grüneren und nachhaltigeren Zukunft voranzutreiben. Wir leisten Pionierarbeit und bieten, gemeinsam mit unseren Partnern, ein umfassendes Angebot an innovativen Technologien, umfassenden Dienstleistungen und Fachwissen als praktikable Lösungen für Flugplätze, Vereine, Verbände, Organisationen und Pilot*innen der Allgemeinen Luftfahrt in ganz Deutschland.",Germany,1.640641,,,
WxFUSION GmbH,1640641.0,"Germany, Bavaria, Gilching",https://www.linkedin.com/company/wxfusion-gmbh,www.wxfusion.com,"WxFUSION GmbH provides meteorological services for aviation and is situated in Gilching, Germany .",Germany,1.640641,,,
Knäble & Müller GmbH,1640641.0,"Germany, Baden-württemberg, Mannheim, 18 Eisenbahnstr., 68199",https://www.linkedin.com/company/knäble-&-müller-gmbh,knaeble-mueller.de,,Germany,1.640641,,,
Ramses Werbeagentur,1640641.0,"Germany, Salzburg, 63 Fischbachstraße, 5020",https://www.linkedin.com/company/ramses-werbeagentur,ramses.at,,Germany,1.640641,,,
CCT Logistik GmbH,1640641.0,"Germany, Lower Saxony, Stuhr, 34 Carl-zeiss-str., 28816",,cct-gruppe.de,,Germany,1.640641,,,
Seabirds.de GmbH,1640641.0,"Germany, Lower Saxony, Hatten",https://www.linkedin.com/company/seabirds.de-gmbh,seabirds.de,seabirds.de GmbH is a flightschool based in northern germany.,Germany,1.640641,,,
Flycal,1640641.0,Germany,https://www.linkedin.com/company/flycal,www.flycal.de,"Flycal is a next generation self booking tool. Flycal coordinates your geographically distributed team's meetings by suggesting the best places and dates to meet. Winner of the IATA Hackathon in Berlin (June 2016) and IATA Incubation prize (August 2016). Demo product at World Passenger Symposium in Dubai 2016 Finalist Hangar51, London (December 2016)",Germany,1.640641,,,
SPAES Products GmbH,1640641.0,"Germany, Baden-württemberg, Karlsruhe",https://www.linkedin.com/company/spaes-products-gmbh,spaes-products.com,"Welcome to SPAES Products - Your partner for aviation training and consulting SPAES Products stands for high-quality training and comprehensive consulting services in the aviation industry. Our goal is to support professionals and companies with practical and future-oriented solutions. Whether online training or on-site training - we offer tailor-made programs that meet the latest regulatory and technical requirements. Your future in aviation - with SPAES Products at your side Whether it's training or strategic consulting - with our expertise and experience, we can help you gain the decisive competitive edge. Let's shape the future of aviation together!",Germany,1.640641,,,
Bau- Und Planungsbüro Sebastian Resch,1640641.0,Germany,https://www.linkedin.com/company/bau--und-planungsbüro-sebastian-resch,bm-resch-kitz.at,,Germany,1.640641,,,
Integueri GmbH,1640641.0,"Germany, Hamburg, Hamburg, 1 Zirkusweg, 20359",https://www.linkedin.com/company/integueri,www.integueri.com,,Germany,1.640641,,,
Hutchinson Aerospace GmbH,1640641.0,"Germany, Hamburg, Hamburg",https://www.linkedin.com/company/hutchinson-aerospace-gmbh,hutchinson.de,,Germany,1.640641,,,
Aeroji,1640641.0,"Germany, Berlin, Berlin",https://www.linkedin.com/company/aeroji,www.aeroji.com,"Aeroji is an online platform that helps aircraft engine lessors, operators and MROs to reduce procurement time and re-marketing efforts while connecting to business partners around the world in a unique professional network.  On Aeroji you can offer your assets and/or express your needs and benefit from a reliable, convenient and real-time match making service. We are live! Visit our website and sign up free of charge.",Germany,1.640641,,,
Salon Alexander,1640641.0,"Germany, North Rhine-westphalia, Bonn, 178 Kessenicherstr., 53129",https://www.linkedin.com/company/salon-alexander,salonalexander.de,,Germany,1.640641,,,
Conrad Transporte,1640641.0,"Germany, Saxony, Kamenz, 33 Güterbahnhofstrasse, 01917",https://www.linkedin.com/company/conrad-transporte,conradtransporte.de,,Germany,1.640641,,,
Inline Logistik GmbH,1640641.0,"Germany, Hamburg, Hamburg, 102 Billbrookdeich, 22113",https://www.linkedin.com/company/inline-logistik-gmbh,inline-logistik.de,,Germany,1.640641,,,
IQJETS,1640641.0,"Germany, Bavaria, Munich, 85356",https://www.linkedin.com/company/iqjets,www.iqjets.com,"IQJETS - Private Jet Circle ist ein weltweit agierende Charter Broker Dienstleister in der Geschäftsfliegerei (Business Aviation). IQJETS verfügt über die weltweite größte Flotte- Bombardier, Cessna, Dasault, Gulfstream, Hawker und Beechraft. Mehr als 5.000 Private Jets - Flüge zu 40.000 Flughäfen in über 120 Ländern. Sie können unter 45 unterschiedlichen Jets wählen. Unsere Stärken liegen bei -Private Jet Charter -Jet Cards -Ambulanz Jets IQJETS verpflichtet sich auf höchste Flugsicherheitsstandards. IQJETS ist Mitglied der Amerikanischen NBAA und Europäischen EBAA, genehimgt von der zivilen Luftfahrtbehörde.",Germany,1.640641,,,
Kosova Airlines,1640641.0,Germany,https://www.linkedin.com/company/kosova-airlines,www.kosovaairlines.com,"Kosova Airlines is an airlines/aviation company based out of Terminal 4 E2, Stuttgart, Baden-W��rttemberg, Germany.",Germany,1.640641,,,
BEBIAN International GmbH,1640641.0,"Germany, Bavaria, Nürnberg, 37-41 Südwestpark, 90449",https://www.linkedin.com/company/bebian-international-gmbh,bebian-international.com,,Germany,1.640641,,,
Azur Reisen,1640641.0,"Germany, Brandenburg, Jüterbog, 10 Markendorfer Siedlung, 14913",https://www.linkedin.com/company/azur-reisen,www.azurreizen.sk,,Germany,1.640641,,,
AviaDeCo GmbH,1640641.0,"Germany, Berlin, Berlin, 44 Muehltaler Strasse, d-12555",https://www.linkedin.com/company/aviadeco-gmbh,www.aviadeco.com,"Our business is focused to support and implement changes on aircrafts and project management for aircraft owners, operators, MRO´s and vendors. We can support your organisation with engineering, design and consulting solutions. In co-operation with industry partners from Production Organisations we are able to offer one-stop solutions for your aircraft modification in the areas of cabin, avionics, structures and external livery.",Germany,1.640641,,,
Yildirim-Reisen,1640641.0,Germany,https://www.linkedin.com/company/yildirim-reisen,yildirim-reisen.de,,Germany,1.640641,,,
Larmon Photo,1634577.0,"Germany, Abington, 980 Old York Rd, 19001",https://www.linkedin.com/company/larmon-photo,,,Germany,1.634577,,,
Becker-aero GmbH,1564593.0,"Germany, Baden-württemberg, Ettlingen, 7 Am Hardtwald, 76275",https://www.linkedin.com/company/becker-aero-gmbh,www.becker-aero.com,"becker-aero’s principal area of expertise is aeronautical surveillance technology. New products are developed entirely in-house. becker-aero covers all aspects of a solution provider: research, development, design, production, installation, testing, commissioning as well as project management and consultancy. Our powerful team applies modern working methods and our procedures follow common quality standards. Moreover, our staff has years of experience in the ATC domain with focus on ADS-B and Multilateration systems.",Germany,1.564593,,,
Weslax GmbH,1564593.0,"Germany, North Rhine-westphalia, Düsseldorf, 135 Kaiserswerther Straße, 40474",https://www.linkedin.com/company/weslax-gmbh,www.weslax.com,Pioneering the Advanced Air Mobility (AAM),Germany,1.564593,,,
Souffleur De Verre - Ralph Kastl,1536116.0,"Germany, Le, 105 Chemin De La Viane, 1052",https://www.linkedin.com/company/souffleur-de-verre---ralph-kastl,souffleurdeverre.ch,,Germany,1.536116,,,
SKY-Autopark GmbH,1400230.0,"Germany, North Rhine-westphalia, Köln",https://www.linkedin.com/company/sky-autopark-gmbh,airportparking-cologne.de,,Germany,1.40023,,,
Inktron KG,1400230.0,"Germany, Hesse, Langen, 2 Im Felde, 27607",https://www.linkedin.com/company/inktron-kg,inktron.de,,Germany,1.40023,,,
Salon Kaiserschnitt,1400230.0,"Germany, Nenzing, 47 Gzw Bundesstrasse, 6710",https://www.linkedin.com/company/salon-kaiserschnitt,salonkaiserschnitt.com,,Germany,1.40023,,,
Immobilien Am Maschsee Grundbesitzhandel GmbH,1400230.0,"Germany, Lower Saxony, Hannover, 10 Grazer Str, 30519",https://www.linkedin.com/company/immobilien-am-maschsee-grundbesitzhandel-gmbh,immobilien-am-maschsee.com,,Germany,1.40023,,,
WüKurier Goldberg GmbH & Co. KG,1400230.0,"Germany, Kürnach, 16 Wachtelberg, 97273",https://www.linkedin.com/company/wükurier-goldberg-gmbh-&-co.-kg,wuekurier.de,,Germany,1.40023,,,
Antares Aviation UG,1400230.0,"Germany, Baden-württemberg, Stuttgart, Flughafenstraße, 70629",https://www.linkedin.com/company/antares-aviation-ug,www.antaresaviation.de,Modern and innovation aircraft management and operation solutions with optimized AI integration solutions for the operation of the future.,Germany,1.40023,,,
SZ-Kurier,1400230.0,"Germany, Heidesheim, 10 Saiferstr., 55262",https://www.linkedin.com/company/sz-kurier,szkurier.de,,Germany,1.40023,,,
Brauer-Transporte GmbH,1400230.0,"Germany, Lower Saxony, Bad Fallingbostel, 6 A Am Hamberg, 29683",https://www.linkedin.com/company/brauer-transporte-gmbh,brauer-transporte.de,,Germany,1.40023,,,
Herzig Transporte,1400230.0,"Germany, North Rhine-westphalia, Bochum, 8 Am Kirschbaum, 44879",https://www.linkedin.com/company/herzig-transporte,herzig-transporte.de,,Germany,1.40023,,,
Motorradbekleidung-Pege,1400230.0,"Germany, North Rhine-westphalia, Plettenberg, 22 An Den Kämpen, 58840",https://www.linkedin.com/company/motorradbekleidung-pege,motorradbekleidung-pege.de,,Germany,1.40023,,,
East West Air UG,1400230.0,"Germany, Hesse, Frankfurt Am Main, 14 Rheinlandstraße, 60529",https://www.linkedin.com/company/east-west-air-ug,eastwestair.de,,Germany,1.40023,,,
Hirschkuriere GmbH,1400230.0,"Germany, Baden-württemberg, Karlsruhe, 50 Östliche Rheinbrückenstr., 76187",https://www.linkedin.com/company/hirschkuriere-gmbh,hirschkuriere.de,,Germany,1.40023,,,
Zimmerei Edelbert Niedan,1400230.0,"Germany, Krieschow, 17 B Lausitzer Straße, 03099",https://www.linkedin.com/company/zimmerei-edelbert-niedan,krieschow.de,,Germany,1.40023,,,
SCHAAKE GmbH Handel & Transporte,1400230.0,"Germany, Großalmerode, 26 Epteroder Str., 37247",https://www.linkedin.com/company/schaake-gmbh-handel-&-transporte,schaake-transporte.de,,Germany,1.40023,,,
Mein Taxi Saarlouis GmbH,1400230.0,"Germany, Saarland, Saarlouis, 33 Zeppelinstr., 66740",https://www.linkedin.com/company/mein-taxi-saarlouis-gmbh,meintaxi-sls.de,,Germany,1.40023,,,
Bestattungshaus Markus Paulsen GmbH,1400230.0,"Germany, Schleswig-holstein, Brunsbüttel, hafenstr.15",https://www.linkedin.com/company/bestattungshaus-markus-paulsen-gmbh,bestatter-brunsbuettel.de,,Germany,1.40023,,,
SG Elektrotechnik GmbH,1400230.0,"Germany, Fischen, 15 Ornachstr., 87538",https://www.linkedin.com/company/sg-elektrotechnik-gmbh,sg-technik.de,,Germany,1.40023,,,
Kavalir & Co. GmbH Chemnitz,1400230.0,"Germany, Saxony, Chemnitz, 13 Limbacher Str., 09113",https://www.linkedin.com/company/kavalir-&-co.-gmbh-chemnitz,kavalir.de,,Germany,1.40023,,,
My Concept GmbH & Co. KG,1400230.0,"Germany, North Rhine-westphalia, Sendenhorst, 19 Schörmelweg, 48324",https://www.linkedin.com/company/my-concept-gmbh-&-co.-kg,my-concept.de,,Germany,1.40023,,,
K-B-K-Service,1400230.0,"Germany, Thuringia, Erfurt",https://www.linkedin.com/company/k-b-k-service,k-b-k-service.de,,Germany,1.40023,,,
Daniel Seifert Kurierdienst Und Kleintransporte,1400230.0,"Germany, Saxony, Olbernhau, 41 Hauptstr., 09526",https://www.linkedin.com/company/daniel-seifert-kurierdienst-und-kleintransporte,seifert-transporte.de,,Germany,1.40023,,,
Kurierdienst Kretschmann,1400230.0,"Germany, Asendorf Bei Bruchhausen-vilsen, 13 Hoyaer Str., 27330",https://www.linkedin.com/company/kurierdienst-kretschmann,kurierdienst-kretschmann.de,,Germany,1.40023,,,
Mke-media,1400230.0,"Germany, Deisenhofen, 17 Hirtenweg, 82041",https://www.linkedin.com/company/mke-media,mke-media.de,,Germany,1.40023,,,
Rosemarie Dieter Malermeister GmbH,1400230.0,"Germany, Hesse, Frankfurt Am Main, 188 Homburger Landstraße, 60435",https://www.linkedin.com/company/rosemarie-dieter-malermeister-gmbh,maler-dieter.de,,Germany,1.40023,,,
Quick-Eiltransporte,1400230.0,"Germany, North Rhine-westphalia, Iserlohn, 25 Im Tückwinkel, 58636",https://www.linkedin.com/company/quick-eiltransporte,,,Germany,1.40023,,,
TDH Pausa GmbH,1400230.0,"Germany, Pausa, 34 Kutschweg, 07952",https://www.linkedin.com/company/tdh-pausa-gmbh,tdh-pausa.de,,Germany,1.40023,,,
Matthias Meemann GmbH,1400230.0,"Germany, Lower Saxony, Lingen, 69 Schillerstraße, 49811",https://www.linkedin.com/company/matthias-meemann-gmbh,maler-meemann.de,,Germany,1.40023,,,
Bestattungen Flack,1400230.0,"Germany, North Rhine-westphalia, Oberhausen, 154 Alleestraße, 46049",https://www.linkedin.com/company/bestattungen-flack,bestattungen-flack.de,,Germany,1.40023,,,
Clausen Lager- Und Handelskontor GmbH,1400230.0,"Germany, Medelby, 20 Norderstraße, 24994",https://www.linkedin.com/company/clausen-lager--und-handelskontor-gmbh,clausen-spedition.de,,Germany,1.40023,,,
DKS-Integral GmbH,1400230.0,"Germany, Berlin, Berlin, 7 Saalmannstr., 13403",https://www.linkedin.com/company/dks-integral-gmbh,dks-integral.de,,Germany,1.40023,,,
Christian Buck Fotoatelier,1400230.0,"Germany, Baden-württemberg, Heidelberg, 6 Redtenbacherstraße, 69126",https://www.linkedin.com/company/christian-buck-fotoatelier,ch-buck.de,,Germany,1.40023,,,
AirGeb-Klimatechnik GmbH,1400230.0,"Germany, Hesse, Hanau Am Main, 23 Waldstraße, 63457",https://www.linkedin.com/company/airgeb-klimatechnik-gmbh,airgeb-klimatechnik.de,,Germany,1.40023,,,
Denkvertrieb GmbH,1400230.0,"Germany, Hesse, Kassel, 72 Breitscheidstr., 34119",https://www.linkedin.com/company/denkvertrieb-gmbh,denkturm.de,,Germany,1.40023,,,
End & Blank Bestattungen GmbH,1400230.0,"Germany, Bavaria, Lauf An Der Pegnitz, 5 Röthenbacher Straße, 91207",https://www.linkedin.com/company/end-&-blank-bestattungen-gmbh,eub-bestattungen.de,,Germany,1.40023,,,
Mohr UG,1400230.0,"Germany, Eriskirch, 28 Rutenenstraße, 88097",https://www.linkedin.com/company/mohr-ug,w-mohr.de,,Germany,1.40023,,,
AES Rother GmbH,1400230.0,"Germany, Lower Saxony, Bergen, 31 Hermannsburger Str., 29303",https://www.linkedin.com/company/aes-rother-gmbh,www.rother-automaten.de,,Germany,1.40023,,,
V-plane GmbH,1332601.0,"Germany, Hamburg, Hamburg",https://www.linkedin.com/company/v-plane-gmbh,www.v-plane.com,"The only independent  German Design Organisation, EASA.21J.323,  approving full scope, cabin reconfigurations and repairs. Our DOA is independent from any MRO, PO or OEM. choose v-plane for  •	high reactivity,  •	short lead times and  •	high cost efficiency we are •	a full scope 21J Organisation •	not linked to any OEM, POA or MRO •	approving all certification requirements to all aircraft         including structure, avionics and systems Please visit our website for more information: www.v-plane.com Imprint: http://www.v-plane.com/index.php/imprint-191.html",Germany,1.332601,,,
Flight Inspector GmbH,1332601.0,"Germany, Lower Saxony, Emden, 2 Gelsenkirchener Straße, 26723",https://www.linkedin.com/company/flight-inspector,www.flight-inspector.com,"Die Flight Inspector GmbH bietet Inspektionen, Foto- und Videoaufnahmen sowie weitere individuelle Leistungen per Drohne (UAS) an. Die Grundidee liegt in einer alternativen Begutachtungsmöglichkeit für schwer zugängliche und anspruchsvolle Bereiche. Die Flight Inspector Gmbh gehört zur Helmut Müller Gruppe und hat Ihren Sitz ebenfalls in Emden.",Germany,1.332601,,,
Deschtec,1332601.0,"Germany, Alveslohe, 25 Lohestraße, 25486",https://www.linkedin.com/company/deschtec,deschtec.de,,Germany,1.332601,,,
Familienbäckerei Rösler GmbH,1332601.0,"Germany, Berlin, Berlin, 194 Falkenseer Chaussee, 13589",https://www.linkedin.com/company/familienbäckerei-rösler-gmbh,baeckerei-roesler.de,,Germany,1.332601,,,
PiCo Airservice,1332601.0,"Germany, Bavaria, Wolfratshausen, 2 Moosbauerweg, 82515",https://www.linkedin.com/company/pico-airservice,fliegen-werben.de,,Germany,1.332601,,,
GRANDY-JET,1332601.0,"Germany, Hesse, Bensheim, Wilhelm-euler Straße Bei Frankfurt, 64625",https://www.linkedin.com/company/grandy-jet,www.grandy-jet.com,"Aufgrund der aktuellen Einschränkungen im Private- und Geschäftsreiseverkehr eröffnen sich Anbieter von exklusiven Business Jet Flügen große Chancen, um neue Kunden im High End Business- und Privatreise Segment zu gewinnen. In diesem durch Preiskampf geprägten Markt werde sich in den nächsten Monaten die Marktteilnehmer neu sortieren. Stellen Sie jetzt schon sicher, dass Sie auf der Gewinnerseite stehen werden. Mein Name ist Stephan Grandy, - Grandy wie ""grandyos""😄 und ich bin Vertriebs- und Marketing Experte in der Business Aviation und Commerical Airlines Industrie.  Ich unterstütze und helfe Provider und Operator im Raum DACH und Europa dabei, aus eigener Kraft ihre Sichtbarkeit im Online und Offline Bereich zu erhöhen, neue Sales Leads zu generieren und die Conversion Rate zu erhöhen. Mit Hilfe meines eigens entwickelten JET© Modells, legen wir dabei besonderen Fokus auf Ihre Kunden, indem wir 🛩 entlang der Kundenreise (Customer JOURNEY) analysieren, Prozessbrüche identifizieren und beheben, 🛩 eine durchgängig positive Kundenerfahrung (Customer EXPERIENCE) schaffen und 🛩 das Vertrauen Ihrer Kunden (Customer TRUST) gewinnen und in eine langfristige Bindung an Sie als Provider und Operator transformieren. Darüber hinaus stellen wir gemeinsam mit Ihnen sicher, daß ihr Unternehmen jederzeit optimal als Schaufenster präsentiert wird und am Markt sichtbar ist. Damit messbar und nachvollziehbar, kurzfristig und garantiert 🎯 die Auslastung erhöht wird 🎯 der Umsatz gesteigert und  🎯 der Gewinn maximiert wird Und dies alles, ohne - neue laufende Kosten zu verursachen - alle Prozesse komplett umzustellen - die Identität und Eigenständigkeit des Unternehmens zu ändern - oder den „Laden“ komplett auf den Kopf zu stellen - Versprechungen zu machen, die wir gemeinsam nicht einhalten können Was mich von den anderen unterscheidet ist die 30-jährige Erfahrung in der Airlines Branche, und hier sowohl im Commercial Bereich als auch in der Private Jet Branche.",Germany,1.332601,,,
Motorrad Haselbeck,1332601.0,"Germany, Bavaria, Landau An Der Isar, 46 Kleegartenstraße, 94405",https://www.linkedin.com/company/motorrad-haselbeck,www.motorrad-haselbeck.de,,Germany,1.332601,,,
Kfz- Werkstatt CARS,1332601.0,"Germany, North Rhine-westphalia, Herne, 427 Dorstenerstr., 44653",https://www.linkedin.com/company/kfz--werkstatt-cars,kfz-cars.de,,Germany,1.332601,,,
Ua365 GmbH,1332601.0,"Germany, North Rhine-westphalia, Wuppertal, 102 An Der Blutfinke, 42369",,ua365.de,,Germany,1.332601,,,
Getriebe Gearbox,1332601.0,"Germany, Lower Saxony, Neustadt Am Rübenberge, 2 An Der Schmiede, 31535",https://www.linkedin.com/company/getriebe-gearbox,getriebegearbox.de,,Germany,1.332601,,,
FLUTR,1286664.0,"Germany, Bavaria, Ottobrunn, Willy-messerschmitt Straße, 85521",https://www.linkedin.com/company/flutrmotors,www.flutrmotors.com,"FLUTR's mission is to enable anyone to get anywhere, anytime, by air. Driveway, street, rooftop, carpark take-offs and landings. That's true Urban Aerial Mobility. Information and announcements direct from our CEO at https://www.linkedin.com/in/cameron-spencer-4278a946/",Germany,1.286664,,,
Globtours Reisen OHG,1283421.0,"Germany, Baden-württemberg, Tübingen, 16 Heinlenstraße, 72072",https://www.linkedin.com/company/globtours-reisen-ohg,globtours-reisen.de,,Germany,1.283421,,,
Cad-Plan Stefan Vettori,1283421.0,"Germany, Axams, 11 Metzentaler, 6094",https://www.linkedin.com/company/cad-plan-stefan-vettori,cad-plan.co.at,,Germany,1.283421,,,
Faulhaber & Partner,1283421.0,"Germany, Bavaria, Nürnberg, 4-6 Vordere Ledergasse, 90403",https://www.linkedin.com/company/faulhaber-&-partner,faulhaber-partner.de,,Germany,1.283421,,,
Orsini & Partner AG,1283421.0,"Germany, Winterthur, 77 Zürcherstrasse, 8406",https://www.linkedin.com/company/orsini-&-partner-ag,orsini-partner.ch,,Germany,1.283421,,,
FotoStudio-ONE,1283421.0,"Germany, Rheinland-pfalz, Neuwied, 32 Irlicher Str., 56567",https://www.linkedin.com/company/fotostudio-one,fotostudio-one.de,,Germany,1.283421,,,
NTS-Internationale Expressverkehre GmbH Kurierdienst,1283421.0,"Germany, Bavaria, Nürnberg, 52 Duisburger Str., 90451",https://www.linkedin.com/company/nts-internationale-expressverkehre-gmbh-kurierdienst,nts-express.de,,Germany,1.283421,,,
Reiseshop Lorch,1283421.0,"Germany, Baden-württemberg, Lorch, 6 Gmünder Straße, 73547",https://www.linkedin.com/company/reiseshop-lorch,reiseshop-lorch.de,,Germany,1.283421,,,
PhoTWOgraphy,1283421.0,"Germany, Betzenstein, 8 Bayreuther Straße, 91282",https://www.linkedin.com/company/photwography,photwography.de,,Germany,1.283421,,,
GM Sicherheit,1283421.0,"Germany, Fürstenberg, 1 Meinbrexenerstr., 37699",https://www.linkedin.com/company/gm-sicherheit,meine-gluecksmomente.de,,Germany,1.283421,,,
Walter Mueller Studios,1283421.0,"Germany, Eau Claire, 2007 Manor Ct, 54703",https://www.linkedin.com/company/walter-mueller-studios,waltermuellerstudios.com,,Germany,1.283421,,,
Holzknecht & Krüger Gebäudedienste GbR,1283421.0,"Germany, North Rhine-westphalia, Bochum, 6 Lange Straße, 44866",https://www.linkedin.com/company/holzknecht-&-krüger-gebäudedienste-gbr,hk-gebaeudedienste.de,,Germany,1.283421,,,
CR Haustechnik GmbH,1283421.0,"Germany, Bern, 21 Gotenstrasse, 3018",https://www.linkedin.com/company/cr-haustechnik-gmbh,crhs.ch,,Germany,1.283421,,,
Askurierservice.de,1283421.0,"Germany, North Rhine-westphalia, Bielefeld, 87 Concarneaustr., 33659",https://www.linkedin.com/company/askurierservice.de,askurierservice.de,,Germany,1.283421,,,
Fotodesign Haid,1283421.0,"Germany, Bad Imnau, 19 Im Äckerle, 72401",https://www.linkedin.com/company/fotodesign-haid,fotodesign-haid.de,,Germany,1.283421,,,
Malerfachbetrieb Platz,1283421.0,"Germany, North Rhine-westphalia, Soest, 18 Tappeweg, 59494",https://www.linkedin.com/company/malerfachbetrieb-platz,malermeister-platz.de,,Germany,1.283421,,,
Manuela Hiller Visagistik,1283421.0,"Germany, Saxony, Dresden, 29 Förstereistr., 01099",https://www.linkedin.com/company/manuela-hiller-visagistik,manuelahiller.de,,Germany,1.283421,,,
Das Folienwerk,1283421.0,"Germany, Walluf, 17 Am Klingenweg, 65396",https://www.linkedin.com/company/das-folienwerk,das-folienwerk.com,,Germany,1.283421,,,
Fotowerkstatt Johannes Seidl,1283421.0,"Germany, Graz, 157 Harterstraße, 8054",https://www.linkedin.com/company/fotowerkstatt-johannes-seidl,fotowerkstatt.net,,Germany,1.283421,,,
Bestattungen Sieger,1283421.0,"Germany, North Rhine-westphalia, Alsdorf, 92 Jülicher Straße, 52477",https://www.linkedin.com/company/bestattungen-sieger,bestattungen-sieger.de,,Germany,1.283421,,,
JessNet,1283421.0,"Germany, North Rhine-westphalia, Westerkappeln, 4 Siekenweg, 49492",https://www.linkedin.com/company/jessnet,www.jessnet.de,,Germany,1.283421,,,
FCB Flugzeug-Charter Berlin,1283421.0,"Germany, Brandenburg, Trebbin, 14959",https://www.linkedin.com/company/fcbflugzeugcharterberlin,www.flugzeugcharter-berlin.de,,Germany,1.283421,,,
RCO-Systeme Hard- Und Softwarevertrieb GmbH,1283421.0,"Germany, Bavaria, Traunstein, 45 Wasserburger Strasse, 83278",https://www.linkedin.com/company/rco-systeme-hard--und-softwarevertrieb-gmbh,rco-systeme.com,,Germany,1.283421,,,
Fitness Service R.S.,1283421.0,"Germany, Waidhofen An Der Ybbs, 52 Schmiedestrasse, 3340",https://www.linkedin.com/company/fitness-service-r.s.,fitness-service-rs.de,,Germany,1.283421,,,
Hotel Geiger,1283421.0,"Germany, Bavaria, Bad Tölz, 9 Höckhstr., 83646",https://www.linkedin.com/company/hotel-geiger,www.hotel-pension-geiger.de,,Germany,1.283421,,,
Stilplus OPTIC,1283421.0,"Germany, Bremen, Bremen, 9 Unser Lieben Frauen Kirchhof, 28195",https://www.linkedin.com/company/stilplus-optic,stilplus-optic.de,,Germany,1.283421,,,
KTN Grossmann Gmbh KTN Logistik / Kühltrans Nord,1283421.0,"Germany, Herzhorn, 3 Lesigfeld, 25379",https://www.linkedin.com/company/ktn-grossmann-gmbh-ktn-logistik-kühltrans-nord,ktn-logistik.de,,Germany,1.283421,,,
A&S Airportservice,1283421.0,"Germany, Neckarsteinach, 34 Friedrich-ebert-straße, 69239",https://www.linkedin.com/company/a&s-airportservice,as-airportservice.de,,Germany,1.283421,,,
Ikarus Transporte,1283421.0,"Germany, Brandenburg, Brandenburg An Der Havel, 11 Luckenberger Str., 14770",https://www.linkedin.com/company/ikarus-transporte,,,Germany,1.283421,,,
ReiseCenter Bur GmbH,1283421.0,"Germany, Saarland, Kleinblittersdorf, 1 Rathausstraße, 66271",https://www.linkedin.com/company/reisecenter-bur-gmbh,reisecenter-bur.de,,Germany,1.283421,,,
Jet Unlimited Private Jets GmbH,1283421.0,"Germany, Baden-württemberg, Mannheim, 68084",https://www.linkedin.com/company/jet-unlimited-private-jets-gmbh,www.jet-unlimited.com,"Are you looking for a private jet? Than you are right with JET UNLIMITED . Whether you are flying from Mannheim to Ibiza or from London to New York. We always find the right private jet for you. The team of JET UNLIMITED will offer you multiple options for your travel. We have gained many years of experience in the charter market  The team of JET UNLIMITED can offer you upon request limousine service, special catering wishes and pet friendly flights.  We take care of all your requirements.... around the hour any time.  JET UNLIMITED...Your private jet broker from the Metropol region Rhein-Neckar in Germany.",Germany,1.283421,,,
Held Werkzeugmaschinen Und Präzisionswerkzeug GmbH,1283421.0,"Germany, Thuringia, Gera, 34 Sorge, 07545",https://www.linkedin.com/company/held-werkzeugmaschinen-und-präzisionswerkzeug-gmbh,held-wzm.de,,Germany,1.283421,,,
AAA Express Kurier,1283421.0,"Germany, Lower Saxony, Zeven, 8 Industriestr., 27404",https://www.linkedin.com/company/aaa-express-kurier,aaa-express-kurier.de,,Germany,1.283421,,,
Blumen Hartmann,1283421.0,"Germany, Bavaria, Munich, 108 Hochäckerstraße, 81737",https://www.linkedin.com/company/blumen-hartmann,xn--blumenhartmann-mnchen-oic.de,,Germany,1.283421,,,
Wolf's Sweet Candy,1283421.0,"Germany, Lower Saxony, Nordstemmen, 7 Sültenfeld, 31171",https://www.linkedin.com/company/wolf's-sweet-candy,wolfs-sweet-candy.de,,Germany,1.283421,,,
TKW-Dienstleistungen,1283421.0,"Germany, North Rhine-westphalia, Mönchengladbach, 52 Gartenstr., 41236",https://www.linkedin.com/company/tkw-dienstleistungen,tkw-dienstleistungen.de,,Germany,1.283421,,,
KITA Wonderwält,1283421.0,"Germany, Baden-württemberg, Oberkirch, 2 Länggasse, 6208",https://www.linkedin.com/company/kita-wonderwält,kita-wonderwaelt.ch,,Germany,1.283421,,,
Handyschmiede,1283421.0,"Germany, Hesse, Frankfurt Am Main, 147 Heidestrasse, 60325",https://www.linkedin.com/company/handyschmiede,handyschmiede.de,,Germany,1.283421,,,
Linerlogistics.de,1283421.0,"Germany, Schieder-schwalenberg, 3 Lange Straße, 32816",https://www.linkedin.com/company/linerlogistics.de,linerlogistics.de,,Germany,1.283421,,,
BoomTours,1283421.0,"Germany, Berlin, Berlin, 34 Rankestraße, 10789",https://www.linkedin.com/company/boomtours,boomtours.de,,Germany,1.283421,,,
Der Kurier Expressdienst,1283421.0,"Germany, North Rhine-westphalia, Attendorn, 66 Am Hellepädchen, 57439",https://www.linkedin.com/company/der-kurier-expressdienst,der-kurier.net,,Germany,1.283421,,,
Capacity Aviation,1283421.0,"Germany, Hamburg, Hamburg, 25 Pestalozzistraße, 22305",https://www.linkedin.com/company/capacity-aviation,,"Providing Capacity for Aviation with a particular focus on aircraft charter, aircraft leasing and consulting, and sales agency services. Capacity Aviation provides effective solutions for complex aviation challenges.",Germany,1.283421,,,
Speedy-Kurier,1283421.0,"Germany, Dedelstorf, 8 Am Buschfeld, 29386",https://www.linkedin.com/company/speedy-kurier,speedy-kurier.de,,Germany,1.283421,,,
H&P Renovierungsservice GmbH,1283421.0,"Germany, North Rhine-westphalia, Köln, 308 Niehler Straße, 50735",https://www.linkedin.com/company/h&p-renovierungsservice-gmbh,hp-renovierung.de,,Germany,1.283421,,,
Braustube Dachtel,1283421.0,Germany,https://www.linkedin.com/company/braustube-dachtel,braustube-dachtel.de,,Germany,1.283421,,,
Meisterbetrieb H&R Heizung&Rohrinstallation,1283421.0,"Germany, Hesse, Obertshausen, 3 Forststraße, 63179",https://www.linkedin.com/company/meisterbetrieb-h&r-heizung&rohrinstallation,hr-meisterbetrieb.de,,Germany,1.283421,,,
INTERBYTES IT SYSTEMHAUS HANAU IT Dienstleister,1283421.0,"Germany, Hesse, Hanau Am Main, 39 Bruchköbeler Landstraße, 63452",https://www.linkedin.com/company/interbytes-it-systemhaus-hanau-it-dienstleister,systemhaus-hanau.de,,Germany,1.283421,,,
Extra Kinowelt,1283421.0,"Germany, Schwarzheide, 37-38 Ruhlander Str., 01987",https://www.linkedin.com/company/extra-kinowelt,extra-kinowelt.de,,Germany,1.283421,,,
MEGA FRACHT,1283421.0,"Germany, North Rhine-westphalia, Duisburg, kirchstr.39",https://www.linkedin.com/company/mega-fracht,megafracht.de,,Germany,1.283421,,,
Islandpferdegestüt Godemoor,1283421.0,"Germany, Großhansdorf, 48 An Der Hege, 22927",https://www.linkedin.com/company/islandpferdegestüt-godemoor,gestuet-godemoor.de,,Germany,1.283421,,,
Webdesign Michael Ueberschaer,1283421.0,"Germany, Bremen, Bremen, 61 Pagentorner Str., 28203",https://www.linkedin.com/company/webdesign-michael-ueberschaer,webdesign-in-bremen.com,,Germany,1.283421,,,
REK Express Kurier,1283421.0,"Germany, Baden-württemberg, Rheinstetten, 35 Gewerbering, 76287",https://www.linkedin.com/company/rek-express-kurier,re-kurier.de,,Germany,1.283421,,,
Meinholz.ch,1283421.0,"Germany, Saint Gallen, 152 Langgasse, 9008",https://www.linkedin.com/company/meinholz.ch,meinholz.ch,,Germany,1.283421,,,
TOKI Dienstleistungen,1283421.0,Germany,https://www.linkedin.com/company/toki-dienstleistungen,toki-dienstleistungen.com,,Germany,1.283421,,,
Elektrotechnik Sommer,1283421.0,"Germany, Eslohe, 22 Frielinghausen, 59889",https://www.linkedin.com/company/elektrotechnik-sommer,elektro-sommer.net,,Germany,1.283421,,,
City Car Ahr 6767,1283421.0,"Germany, Rheinland-pfalz, Bad Neuenahr-ahrweiler, 27 Wilhelmstraße, 53474",https://www.linkedin.com/company/city-car-ahr-6767,citycar6767.de,,Germany,1.283421,,,
SRD PHP Stefan Rutkowski,1283421.0,"Germany, Dobiezyn, 34 Ul. Powstańców Wlkp.",https://www.linkedin.com/company/srd-php-stefan-rutkowski,phprutkowscy.pl,,Germany,1.283421,,,
Child And Parents,1283421.0,"Germany, Lower Saxony, Hannover, 6 Berliner Allee, 30175",https://www.linkedin.com/company/child-and-parents,chipa.de,,Germany,1.283421,,,
Elektro-Team Kurt Meyer,1283421.0,"Germany, North Rhine-westphalia, Hagen, 15-17 Gotenweg, 58119",https://www.linkedin.com/company/elektro-team-kurt-meyer,elektroteam-meyer.de,,Germany,1.283421,,,
City Center Computers,1283421.0,"Germany, Amman, 00962",https://www.linkedin.com/company/city-center-computers,citycenter.jo,,Germany,1.283421,,,
W.L.S. Mikro Schweißtechnik GmbH & Co. KG,1283421.0,"Germany, Bisingen, 12 Geisenbachstr., 72406",https://www.linkedin.com/company/w.l.s.-mikro-schweißtechnik-gmbh-&-co.-kg,wls-mikroschweisstechnik.de,,Germany,1.283421,,,
Stressfrei Tattoo,1283421.0,Germany,https://www.linkedin.com/company/stressfrei-tattoo,stressfreitattoo.at,,Germany,1.283421,,,
SaarDrones,1283421.0,"Germany, Saarland, Bexbach, Kleinottweilerstraße, 66450",https://www.linkedin.com/company/saardrones,www.saardrones.de,"Inspektion und Instandhaltungsanalyse per Drohne. Kanalinspekrion. Die effiziente, flexible und kostensenkende Lösung für Industrie, Energieversorger, Baugewerbe und  Landwirtschaft.  SaarDrones bietet nicht nur hochauflösende Foto- und Videoaufnahmen, wir bieten Ihnen individuelle Lösungen für individuelle Anforderungen, auch für komplexe Fragestellungen.  Unser Service beginnt bei der Analyse und endet bei der Aufarbeitung der Daten. Zudem hat sich die Firma SaarDrones auf die komplexe Detailinspektion in Anlageninnenräumen und an schwer zugänglichen Bereichen spezialisiert.",Germany,1.283421,,,
Edelweiss GmbH,1283421.0,"Germany, Hesse, Lorsch, 32 Ludwig-erhard-straße, 64653",https://www.linkedin.com/company/edelweiss-gmbh,edelweiss-gmbh.de,,Germany,1.283421,,,
Baum - Gartenpflege Matt,1283421.0,"Germany, Murg, 26 Ortsstraße, 79730",https://www.linkedin.com/company/baum---gartenpflege-matt,baumpflege-matt.de,,Germany,1.283421,,,
Het Wilde Weten,1283421.0,"Germany, Rotterdam, 35 Robert Fruinstraat, 3021",https://www.linkedin.com/company/het-wilde-weten,hetwildeweten.nl,,Germany,1.283421,,,
Verkehrslandeplatz Chemnitz / Jahnsdorf GmbH,1283421.0,"Germany, Jahnsdorf, 43 Wilhermsdorfer Str., 09387",https://www.linkedin.com/company/verkehrslandeplatz-chemnitz-jahnsdorf,chemnitz-airport.de,"Verkehrslandeplatz Chemnitz / Jahnsdorf is a hospitality company based out of WILHERMSDORFER STR. 43, Jahnsdorf, Germany.",Germany,1.283421,,,
Schwarzwaldcopter,1283421.0,"Germany, Hesse, Erbach, 7 Burren, 89155",https://www.linkedin.com/company/schwarzwaldcopter,schwarzwaldcopter.de,,Germany,1.283421,,,
Wunderbar Catering,1283421.0,"Germany, Bavaria, Regensburg, 11 Keplerstrasse, 93047",https://www.linkedin.com/company/wunderbar-catering,catering.wunderbar.de,,Germany,1.283421,,,
PEKTUS Pflegedienst,1283421.0,"Germany, Bavaria, Langenzenn, 10 Hindenburgstr., 90579",https://www.linkedin.com/company/pektus-pflegedienst,pektus.de,,Germany,1.283421,,,
Domhan Logistik,1283421.0,"Germany, North Rhine-westphalia, Troisdorf, 23 Speestr., 53840",https://www.linkedin.com/company/domhan-logistik,domhan-logistik.eu,,Germany,1.283421,,,
Klaus Klemens,1283421.0,"Germany, Griechenberg, 29 Bildbuchenstraße, 3110",https://www.linkedin.com/company/klaus-klemens,klaus-klemens.com,,Germany,1.283421,,,
Computerfit.gl,1283421.0,"Germany, North Rhine-westphalia, Bergisch Gladbach, 6 Lutonstraße, 51469",https://www.linkedin.com/company/computerfit.gl,computerfit.gl,,Germany,1.283421,,,
PS Kuriere,1283421.0,"Germany, North Rhine-westphalia, Petershagen, 8 Wagnerstr., 15370",https://www.linkedin.com/company/ps-kuriere,pskuriere.de,,Germany,1.283421,,,
Rg Service Rund Ums Haus Riccardo Grassia,1283421.0,"Germany, Hesse, Offenbach, 55 Friedensstr., 63071",https://www.linkedin.com/company/rg-service-rund-ums'-haus-riccardo-grassia,offenbach-hausmeister.de,,Germany,1.283421,,,
SkyBallooning,1283421.0,"Germany, Treuenbrietzen, 6 Jüterboger Str., 14929",https://www.linkedin.com/company/skyballooning,skyballooning.de,,Germany,1.283421,,,
JTD Aviation,1283421.0,"Germany, Schleswig-holstein, Bönningstedt, Kieler Straße, 25474",https://www.linkedin.com/company/jtd-aviation,www.jtd-aviation.com,,Germany,1.283421,,,
Spedition Hess GmbH,1283421.0,"Germany, Bavaria, Munich, 49 Moosacherstrasse, 80809",https://www.linkedin.com/company/spedition-hess-gmbh,spedition-hess.de,,Germany,1.283421,,,
Rotorflug Airservices,1283421.0,"Germany, Berlin, Berlin",https://www.linkedin.com/company/rotorflug-airservices,www.blue-airservices.com,,Germany,1.283421,,,
Hot Rayz Limousines,1283421.0,"Germany, Melbourne, 1653 N Harbor City Blvd, 32935",https://www.linkedin.com/company/hot-rayz-limousines,hotrayzlimos.com,,Germany,1.283421,,,
Inside-foto.de,1283421.0,"Germany, North Rhine-westphalia, Witten, 10 Almstr., 58455",https://www.linkedin.com/company/inside-foto.de,inside-foto.de,,Germany,1.283421,,,
Egger Bau Mittersill,1283421.0,"Germany, Mittersill, 49 Klausgasse, 5730",https://www.linkedin.com/company/egger-bau-mittersill,egger-bau.at,,Germany,1.283421,,,
Massivbau Niederrhein Gmbh & Co. KG,1283421.0,"Germany, Sonsbeck, 14 Löwenfeld, 47665",https://www.linkedin.com/company/massivbau-niederrhein-gmbh-&-co.-kg,massivbau-niederrhein.de,,Germany,1.283421,,,
Bierthe,1283421.0,"Germany, North Rhine-westphalia, Troisdorf, 32 Taubengasse, 53840",https://www.linkedin.com/company/bierthe,bierthe.de,,Germany,1.283421,,,
Midwest Aero Restorations Ltd.,1283421.0,"Germany, Danville, 22563 N Bowman Ave, 61834",https://www.linkedin.com/company/midwest-aero-restorations-ltd.,midwestaero.com,,Germany,1.283421,,,
Heinz Entsorgung -Logistik,1283421.0,"Germany, Wang, 14 Mauerner Str., 85368",https://www.linkedin.com/company/heinz-entsorgung--logistik,heinz-logistik.de,,Germany,1.283421,,,
VISIO Express Logistik & Special Service GmbH,1283421.0,"Germany, North Rhine-westphalia, Hagen, 72 Dahler Straße, 58091",https://www.linkedin.com/company/visio-express-logistik-&-special-service-gmbh,velss.de,,Germany,1.283421,,,
Schnittstelle - Mastering & Vinylschnitt,1283421.0,"Germany, Berlin, Berlin, 223 Sonnenallee, 12059",https://www.linkedin.com/company/schnittstelle---mastering-&-vinylschnitt,schnittstelle.ws,,Germany,1.283421,,,
Netzel-Werbemittel,1283421.0,"Germany, Lower Saxony, Hannover, 34 Große Barlinge, 30171",https://www.linkedin.com/company/netzel-werbemittel,netzel-werbemittel.de,,Germany,1.283421,,,
Papa Enj,1283421.0,Germany,https://www.linkedin.com/company/papa-enj,papaenj.de,,Germany,1.283421,,,
Sprachinstitut Schorling,1283421.0,"Germany, Rheinland-pfalz, Worms, 2 Friedrich-ebert-str., 67549",https://www.linkedin.com/company/sprachinstitut-schorling,schorling.eu,,Germany,1.283421,,,
Forstbetrieb Guderjahn,1283421.0,Germany,https://www.linkedin.com/company/forstbetrieb-guderjahn,forstbetrieb-guderjahn.de,,Germany,1.283421,,,
Sozietät Für Steuern Und Recht Stich & Partner,1283421.0,"Germany, Bavaria, Augsburg, 4-4a Stettenstr., 86150",https://www.linkedin.com/company/sozietät-für-steuern-und-recht-stich-&-partner,ssr-partner.de,,Germany,1.283421,,,
Mario Kuhn,1283421.0,"Germany, Bremen, Bremerhaven, 55 Hoebelstrasse, 27572",https://www.linkedin.com/company/mario-kuhn,mariokuhn.de,,Germany,1.283421,,,
Schreinerei Grasl,1283421.0,"Germany, Bavaria, Roth, 9 Kupferschmiedstr., 91154",https://www.linkedin.com/company/schreinerei-grasl,schreinerei-grasl.de,,Germany,1.283421,,,
Eislounge,1283421.0,"Germany, Bavaria, Lauf An Der Pegnitz, 12 Schmiedstrasse, 91207",https://www.linkedin.com/company/eislounge,eislounge.de,,Germany,1.283421,,,
Telis Finanz AG - Kanzlei Im Forum Kirchroth,1283421.0,"Germany, Kirchroth, 13 A Bernauer Straße, 94356",https://www.linkedin.com/company/telis-finanz-ag---kanzlei-im-forum-kirchroth,telis-finanz-kanzlei-stelzl.de,,Germany,1.283421,,,
Aigner Forstservice GmbH,1283421.0,"Germany, Pentling, 24 Erlenstraße, 93080",https://www.linkedin.com/company/aigner-forstservice-gmbh,aigner-pentling.de,,Germany,1.283421,,,
Digitales Erbe Fimberger,1283421.0,"Germany, Bavaria, Kirchheim Bei München, 33 Kathreinweg, 81827",https://www.linkedin.com/company/digitales-erbe-fimberger,digitaleserbe.net,,Germany,1.283421,,,
Glaser's Bake Shop,1283421.0,"Germany, New York, 1670 1st Ave, 10128",https://www.linkedin.com/company/glaser's-bake-shop,glasersbakeshop.com,,Germany,1.283421,,,
Reisecenter Sommerland,1283421.0,"Germany, Mecklenburg-vorpommern, Güstrow, 109c Hageböcker Straße, 18273",https://www.linkedin.com/company/reisecenter-sommerland,reisecenter-sommerland.de,,Germany,1.283421,,,
Jürgen Weinbacher Kurierdienst,1283421.0,"Germany, Bavaria, Munich, 23 Zentnerstr., 80798",https://www.linkedin.com/company/jürgen-weinbacher-kurierdienst,kurierdienst-weinbacher.de,,Germany,1.283421,,,
Pro-Liberis,1283421.0,"Germany, Baden-württemberg, Weingarten, 39 Kanalstr., 76356",https://www.linkedin.com/company/pro-liberis,pro-liberis.org,,Germany,1.283421,,,
Friseursalon Röder,1283421.0,"Germany, Bavaria, Lohr Am Main, 12 Kaplan-höfling-str., 97816",https://www.linkedin.com/company/friseursalon-röder,salon-roeder.com,,Germany,1.283421,,,
GEO Feng Shui Beratungen,1283421.0,"Germany, Rüeterswil, 13 Obermatten",https://www.linkedin.com/company/geo-feng-shui-beratungen,www.geo-fengshui-beratungen.ch,,Germany,1.283421,,,
GeersCUTTING,1283421.0,"Germany, North Rhine-westphalia, Schwerte, 8 Weidenweg, 58239",https://www.linkedin.com/company/geerscutting,,,Germany,1.283421,,,
Boottransporte Keller,1283421.0,"Germany, Fuchsstadt, 6 Neumühle, 97727",https://www.linkedin.com/company/boottransporte-keller,bootstransporte-keller.com,,Germany,1.283421,,,
KLM Bauberatung,1283421.0,"Germany, Lower Saxony, Bad Münder Am Deister, 9 Ludwig-schlepper-str., 31848",https://www.linkedin.com/company/klm-bauberatung,klmbauberatung.de,,Germany,1.283421,,,
FLYERALARM Menu Design,1283421.0,"Germany, Bavaria, Würzburg, 18 Alfred-nobel-str., 97080",https://www.linkedin.com/company/flyeralarm-menu-design,fa-menudesign.com,,Germany,1.283421,,,
Restaurant Pegasus GmbH,1283421.0,"Germany, Schleswig-holstein, Lübeck",https://www.linkedin.com/company/restaurant-pegasus-gmbh,www.pegasus-lübeck.de,,Germany,1.283421,,,
Air Charter Navigator,1283421.0,Germany,https://www.linkedin.com/company/ac-navigator,www.ac-navigator.com,"Air Charter Navigator offers worldwide travel management with a private jet. Organized as a team, we coordinate and monitor your forthcoming travel agenda with a high degree of safety, enthusiasm, and accuracy. Businessmen, secretaries, companies, and corporate travel centers can use our service to rely on our expertise in the business aviation. WE NAVIGATE - YOU TRAVEL",Germany,1.283421,,,
Naturboden & Türen Fründ,1283421.0,Germany,https://www.linkedin.com/company/naturboden-&-türen-fründ,naturboden-tueren.de,,Germany,1.283421,,,
Büro Für Leichte Sprache Köln,1283421.0,"Germany, North Rhine-westphalia, Köln, 58 Cäsarstr., 50968",https://www.linkedin.com/company/büro-für-leichte-sprache-köln,leichte-sprache-koeln.de,,Germany,1.283421,,,
XTRACKS-ROBOTICS,1283421.0,"Germany, Berlin, Berlin",https://www.linkedin.com/company/authentic-flight-simulation,robot-dna.com,"XTRACKS-ROBOTICS ist eine Ausgründung zum Thema unbemannte Systeme für Boden gebundene Anwendungen MADE IN GERMANY / EUROPE mit Schwerpunkt Zivil- und Katastrophenschutz sowie infrastrukturelle, landwirtschaftliche- und forstwirtschaftliche Belange.",Germany,1.283421,,,
Polaris Raumflugzeuge GmbH,1283421.0,"Germany, Bremen, Bremen, 1 Fahrenheitstr., 28359",,polaris-raumflugzeuge.de,,Germany,1.283421,,,
Andrea Korn Fotografie,1283421.0,Germany,https://www.linkedin.com/company/andrea-korn-fotografie,andreakorn-fotografie.de,,Germany,1.283421,,,
PrishtinaSky,1283421.0,"Germany, Bavaria, Nürnberg, 34 Adlerstrasse, 90403",https://www.linkedin.com/company/prishtinasky,www.prishtinasky.com,"PrishtinaSKY is a dedicated Tour Operator and Travel Agency with over 40 employees worldwide. Our costumers are private individuals and corporates located in Germany, Switzerland, France, Italy, Belgium, United Kingdom, Sweden etc.",Germany,1.283421,,,
Schau Ins Land Hain GmbH Omnibusbetrieb,1283421.0,Germany,https://www.linkedin.com/company/schau-ins-land-hain-gmbh-omnibusbetrieb,hain-bus.de,,Germany,1.283421,,,
Homeintelligence.de,1283421.0,"Germany, Bavaria, Munich, 16 Aufkirchener Strasse, 81477",https://www.linkedin.com/company/homeintelligence.de,homeintelligence.de,,Germany,1.283421,,,
I.S.I Industrieservice GmbH,1283421.0,"Germany, Rheinland-pfalz, Ludwigshafen Am Rhein, 26 Berthold Schwarz Strasse, 67063",https://www.linkedin.com/company/i.s.i-industrieservice-gmbh,isi-industrie.de,,Germany,1.283421,,,
Designbar Visuelle Kommunikation,1283421.0,"Germany, Baden-württemberg, Trossingen, 8/2 Hohnerstrasse, 78647",https://www.linkedin.com/company/designbar-visuelle-kommunikation,de-signbar.de,,Germany,1.283421,,,
VTOBI EDV SERVICE,1283421.0,"Germany, Ense, 3 Zur Alten Eiche, 59469",https://www.linkedin.com/company/vtobi-edv-service,vtobi.de,,Germany,1.283421,,,
Tucholke & Sohn GmbH,1283421.0,"Germany, Eggersdorf, 10 Landhausstraße, 15345",https://www.linkedin.com/company/tucholke-&-sohn-gmbh,tucholke.de,,Germany,1.283421,,,
Heilpraxis Helping Hands,1283421.0,"Germany, Glücksburg, 2 Kurlandstrasse, 24960",https://www.linkedin.com/company/heilpraxis-helping-hands,helpinghands-energetischeheilmethoden-coaching-seniorenservice.de,,Germany,1.283421,,,
Keystone Editions,1283421.0,"Germany, Berlin, Berlin, 33 Paul-lincke-ufer, 10999",https://www.linkedin.com/company/keystone-editions,keystone-editions.net,,Germany,1.283421,,,
Fahrradkurier Cuxhaven,1283421.0,"Germany, Lower Saxony, Cuxhaven, 2 Lehmkuhle, 27472",https://www.linkedin.com/company/fahrradkurier-cuxhaven,fahrradkurier-cuxhaven.de,,Germany,1.283421,,,
Don's Auto Cosmetics,1283421.0,"Germany, Brewster, 446 Underpass Rd, 02631",https://www.linkedin.com/company/don's-auto-cosmetics,donsautocosmetics.com,,Germany,1.283421,,,
IT For Me Szulc Jan,1283421.0,"Germany, North Rhine-westphalia, Bielefeld, 186 Schloßhofstr., 33615",https://www.linkedin.com/company/it-for-me-szulc-jan,it-for-me.de,,Germany,1.283421,,,
Endutec,1283421.0,"Germany, Chieming, 13 Eichfeldstr., 83339",https://www.linkedin.com/company/endutec,endutec.de,,Germany,1.283421,,,
GS Transporte Gerd Schulisch E.K. NL Luckau,1283421.0,"Germany, Brandenburg, Luckau, 9 Am Damm, 15926",https://www.linkedin.com/company/gs-transporte-gerd-schulisch-e.k.-nl-luckau,gs-transporte.de,,Germany,1.283421,,,
Zeitsensibel,1283421.0,"Germany, Hesse, Kassel, 74 Miramstraße, 34123",https://www.linkedin.com/company/zeitsensibel,zeitsensibel.de,,Germany,1.283421,,,
Buchhaltung Khuen,1283421.0,"Germany, Innsbruck, 14-16 Südtiroler Platz, 6020",https://www.linkedin.com/company/buchhaltung-khuen,khuen.at,,Germany,1.283421,,,
Mobile Dunkelkammer,1283421.0,"Germany, Berlin, Berlin, 55 Kaskelstraße, 10317",https://www.linkedin.com/company/mobile-dunkelkammer,mobile-dunkelkammer.blogspot.de,,Germany,1.283421,,,
JS-Sicherheitstechnik,1283421.0,"Germany, Bavaria, Nürnberg, 22 Velburgerstraße, 90478",https://www.linkedin.com/company/js-sicherheitstechnik,js-sicherheitstechnik.de,,Germany,1.283421,,,
Lernpyramide,1283421.0,"Germany, Ehringshausen, 23 Mühlbachstraße, 35630",https://www.linkedin.com/company/lernpyramide,lernpyramide-braunfels.de,,Germany,1.283421,,,
SV-Büro Dittrich & Kollegen GmbH,1283421.0,"Germany, Hesse, Reinheim, 58 Hirschbachstraße, 64354",https://www.linkedin.com/company/sv-büro-dittrich-&-kollegen-gmbh,sv-dittrich.de,,Germany,1.283421,,,
Ritzkurier.de,1283421.0,"Germany, North Rhine-westphalia, Rheinberg, 9 Kapellenweg, 47495",https://www.linkedin.com/company/ritzkurier.de,ritzkurier.de,,Germany,1.283421,,,
OPTI SummerSchool,1283421.0,"Germany, Damp, 8 Gartenstraße, 24351",https://www.linkedin.com/company/opti-summerschool,opti-summerschool.de,,Germany,1.283421,,,
Gaida Transporte,1283421.0,"Germany, Schondra, 9 Im Märzgrund, 97795",https://www.linkedin.com/company/gaida-transporte,gaida-transporte.com,,Germany,1.283421,,,
Berlin Optix,1283421.0,"Germany, Stephansposching, 12 Lindenstrasse, 94569",https://www.linkedin.com/company/berlin-optix,berlin-optix.com,,Germany,1.283421,,,
Classic Dreams Berlin,1283421.0,"Germany, Berlin, Berlin, 9 Leipziger Platz, 10117",https://www.linkedin.com/company/classic-dreams-berlin,classicdreamsberlin.de,,Germany,1.283421,,,
Kunze Itk,1283421.0,"Germany, Moosinning, 15 Andreas-kaiser-str., 85452",https://www.linkedin.com/company/kunze-itk,kunze-itk.de,,Germany,1.283421,,,
Letterpresso,1283421.0,"Germany, North Rhine-westphalia, Essen, 76 Girardetstraße, 45131",https://www.linkedin.com/company/letterpresso,letterpresso.com,,Germany,1.283421,,,
SHL Holzbau,1283421.0,"Germany, Schleswig-holstein, Lauenburg, 94 Büchener Weg, 21481",https://www.linkedin.com/company/shl-holzbau,shl-holzbau.de,,Germany,1.283421,,,
Alkita Gmbh,1283421.0,"Germany, North Rhine-westphalia, Aachen, Philipsstr, 52068",https://www.linkedin.com/company/alkita-gmbh,www.alkita.de,Erhältlich. Lassen Sie sich von unseren Designs für die Dekoration Ihrer Kostbarkeiten inspirieren - mit einem Schmuckständer oder Schmuckhalter aus Holz.,Germany,1.283421,,,
Friseur Frank Jensen,1283421.0,"Germany, Friedrichshain, 32 Gürtelstrasse, 10247",https://www.linkedin.com/company/friseur-frank-jensen,friseur-frank-jensen.de,,Germany,1.283421,,,
J.M.S.-Reisen Inh. Sandra Schaefer E.K.,1283421.0,"Germany, Lower Saxony, Hannover, 49 Marktstraße, 30159",https://www.linkedin.com/company/j-m-s--reisen-inh-sandra-schaefer-e-k-,jmsreisen.de,,Germany,1.283421,,,
NeuReich,1283421.0,"Germany, North Rhine-westphalia, Düsseldorf, 3 Mendelssohnstraße, 40233",https://www.linkedin.com/company/neureich,neureich.net,,Germany,1.283421,,,
Primary Copter,1283421.0,"Germany, Lower Saxony, Wolfsburg, 101 Heinrich-nordhoff-str., 38440",https://www.linkedin.com/company/primary-copter,primary-copter.de,,Germany,1.283421,,,
Lernen Im Gleichgewicht,1283421.0,"Germany, Bavaria, Grafing Bei München, 85567",https://www.linkedin.com/company/lernen-im-gleichgewicht,,,Germany,1.283421,,,
Froberg Fruit And Vegetable Farm / Greak's Smokehouse Alvin Texas,1283421.0,"Germany, Alvin, 3601 W Highway 6, 77511",https://www.linkedin.com/company/froberg-fruit-and-vegetable-farm-greak's-smokehouse-alvin-texas,frobergsfarm.com,,Germany,1.283421,,,
Nagelstudio Stefanie Walser,1283421.0,"Germany, Bavaria, Neu-ulm, 5 An Den Steigäckern, 89233",https://www.linkedin.com/company/nagelstudio-stefanie-walser,stefanie-walser.de,,Germany,1.283421,,,
Shirtnetwork,1283421.0,"Germany, Bavaria, Rehau, 12 Tannstrasse, 95111",https://www.linkedin.com/company/shirtnetwork,shirtnetwork.com,,Germany,1.283421,,,
König Norbert E.Kfm. Großhandel,1283421.0,"Germany, Saxony-anhalt, Wittenberg, 36 Waldstr., 06886",https://www.linkedin.com/company/könig-norbert-e.kfm.-großhandel,wasser-koenig.de,,Germany,1.283421,,,
Matthias Richter Transporte Und Kranarbeiten,1283421.0,"Germany, Saxony, Grimma, 22 Prösitz, 04668",https://www.linkedin.com/company/matthias-richter-transporte-und-kranarbeiten,mr-transporte-kranarbeiten.de,,Germany,1.283421,,,
OTS Reifenservice,1283421.0,"Germany, Bavaria, Munich, 48 Leonrodstrasse, 80636",https://www.linkedin.com/company/ots-reifenservice,ots-reifenservice.de,,Germany,1.283421,,,
Economics E-Journal,1283421.0,"Germany, Schleswig-holstein, Kiel, 66 Hindenburgufer, 24105",https://www.linkedin.com/company/economics-e-journal,economics-ejournal.org,,Germany,1.283421,,,
Intensiv-Yoga,1283421.0,"Germany, Bavaria, Pfaffenhofen An Der Ilm, 94 Münchener Straße, 85276",https://www.linkedin.com/company/intensiv-yoga,intensiv-yoga.de,,Germany,1.283421,,,
Internationales Luftfahrtmuseum,1283421.0,"Germany, Baden-württemberg, Villingen-schwenningen, 78 Spittelbronner Weg, 78056",https://www.linkedin.com/company/internationales-luftfahrtmuseum,luftfahrtmuseum.com,,Germany,1.283421,,,
Maler Kohr,1283421.0,"Germany, Schnelldorf, 22 Sonnenstraße, 91625",https://www.linkedin.com/company/maler-kohr,malerkohr.de,,Germany,1.283421,,,
Beinrucker-Galabau.de,1283421.0,"Germany, Bavaria, Wunsiedel, 19 Theodor Heuss Str., 95632",https://www.linkedin.com/company/beinrucker-galabau.de,beinrucker-galabau.de,,Germany,1.283421,,,
Mac Mind,1283421.0,"Germany, Baden-württemberg, Freiburg, 22 Ziegelhofstraße, 79110",https://www.linkedin.com/company/mac-mind,mac-mind.de,,Germany,1.283421,,,
Team Moreno-Security,1283421.0,Germany,https://www.linkedin.com/company/team-moreno-security,moreno-security.de,,Germany,1.283421,,,
Sx Sports & More,1283421.0,"Germany, Deizisau, 8 Blumenstraße, 73779",https://www.linkedin.com/company/sx-sports-&-more,sx-sports.de,,Germany,1.283421,,,
Klumatra Kurier Für Messe Und Industrie,1283421.0,"Germany, North Rhine-westphalia, Rahden, 22 Hinterm Felde, 32369",https://www.linkedin.com/company/klumatra-kurier-für-messe-und-industrie,klumatra.de,,Germany,1.283421,,,
Bollywood Travels Berlin GmbH,1283421.0,"Germany, Bern, Berlin, 25a Türkenstraße, 13349",https://www.linkedin.com/company/bollywood-travels-berlin-gmbh,www.bollywoodtravels.de,"We are a travel agency based in Berlin delivering outstanding travel services and experiences.  At Bollywood Travels Berlin, we offer tailor made trips to all around the world, but especially to India, Pakistan, Bangladesh, and to the African continent. We strive to offer you the best local (within Europe) as well as international flights.",Germany,1.283421,,,
LAGLER.HAUS,1283421.0,"Germany, Rudersdorf, 16 Auweg, 7571",https://www.linkedin.com/company/lagler.haus,lagler.haus,,Germany,1.283421,,,
HeiWi Airlines,1283421.0,"Germany, Hesse, Reinhardshagen, 21 Eichhof, 34359",https://www.linkedin.com/company/heiwi-airlines,www.heiwi-airlines.de,,Germany,1.283421,,,
FS-Marine,1283421.0,"Germany, North Rhine-westphalia, Beverungen, 2 Klingelburgstrasse, 37688",https://www.linkedin.com/company/fs-marine,fs-marine.de,,Germany,1.283421,,,
Fahrschule EURO Drive-Team,1283421.0,"Germany, North Rhine-westphalia, Neuss, 58-60 Hafenstr., 41460",https://www.linkedin.com/company/fahrschule-euro-drive-team,fahrschule-eurodriveteam.de,,Germany,1.283421,,,
AIRRIA Aero,1283421.0,"Germany, Berlin, Berlin, 84 Berliner Straße, 13189",https://www.linkedin.com/company/airriaaviation,www.airria.aero,"Live without limits. The time to explore is now. AIRRIA aviation services put the world in your hands with unlimited access to the most sought-after and remote locations. You know where you want to go. AIRRIA gets you there, seamlessly. You create your path. AIRRIA brokers with speed and accuracy to keep you on track. Our global presence is your key to a network of trusted buyers and sellers. We equip you with critical resources to decide with confidence. And go wherever your curiosity leads. Live your life. AIRRIA assures confidence through consistent, transparent service. We protect your assets, so you can attain your objectives. You know that the future is now, allow us to inspire your creativity. And transform the way you travel. AIRRIA, the private jet broker that gives you the freedom to achieve your goals. When you live without limits, nothing is out of reach. AIRRIA. The freedom to fly further. SERVICES AIRRIA is a global leader in: 360° Sales &amp; Acquisitions Access the marketplace of explorers, creators and doers like you.      Personal Aircraft Management Acquire custom advocacy for all your aircraft needs. Aircraft Trust Management Unlock the benefits of FAA registration. Expedited Flight Ferrying Transport your aircraft, guaranteed worry-free. Aviation Legal Services Understand your rights and protect your interests.",Germany,1.283421,,,
Kurt Eckerl GmbH Sonnenschutzreinigung,1283421.0,"Germany, Bavaria, Munich, 70 Gollierstr., 80339",https://www.linkedin.com/company/kurt-eckerl-gmbh-sonnenschutzreinigung,eckerl.de,,Germany,1.283421,,,
Kazalo GmbH,1283421.0,"Germany, Berlin, Berlin",https://www.linkedin.com/company/kazalo-gmbh,,,Germany,1.283421,,,
Heide Fussbodentechnik Estrich Und Bodenbeläge,1283421.0,"Germany, Schleswig-holstein, Kaltenkirchen, 10 Borsigstraße, 24568",https://www.linkedin.com/company/heide-fussbodentechnik-estrich-und-bodenbeläge,heide-fussbodentechnik.de,,Germany,1.283421,,,
Fotografie Monika Aigner,1283421.0,Germany,https://www.linkedin.com/company/fotografie-monika-aigner,fotografie-aigner.at,,Germany,1.283421,,,
Ruderei,1283421.0,"Germany, Hesse, Hanau Am Main, 1 An Der Ochsenwiese, 63450",https://www.linkedin.com/company/ruderei,ruderei-hanau.de,,Germany,1.283421,,,
Aaron Und Simon Hairstylists Friseur,1283421.0,"Germany, Stadt Kelkheim, 1 Am Hohenstein, 65779",https://www.linkedin.com/company/aaron-und-simon-hairstylists-friseur,aaronundsimon.de,,Germany,1.283421,,,
KDK-Service,1283421.0,"Germany, North Rhine-westphalia, Kerpen, 1 Zieselsmaarstr., 50169",https://www.linkedin.com/company/kdk-service,kd-kurierservice.de,,Germany,1.283421,,,
Taxi Fleskes,1283421.0,"Germany, North Rhine-westphalia, Mülheim, 8 Schultenhofstraße, 45475",https://www.linkedin.com/company/taxi-fleskes,fleskes.info,,Germany,1.283421,,,
Panta Rhei Systeme,1283421.0,"Germany, Berlin, Berlin, 7 Seebadstr., 13467",https://www.linkedin.com/company/panta-rhei-systeme,panta-rhei.de,,Germany,1.283421,,,
S-PRO Automation GmbH,1258668.0,"Germany, Nauroth, 42 Zum Heidchen, 57583",https://www.linkedin.com/company/s-pro-automation-gmbh,s-pro-automation.de,,Germany,1.258668,,,
Herrenknecht Aviation GmbH,1258668.0,Germany,https://www.linkedin.com/company/herrenknecht-aviation-gmbh,www.herrenknecht-aviation.de,"Herrenknecht Aviation GmbH is a company based out of Schwanau, Baden-Württemberg, Germany.",Germany,1.258668,,,
Flugsimulator Stuttgart SimINN GmbH,1258668.0,"Germany, Baden-württemberg, Böblingen, 10 Liesel-bach-str., 71034",https://www.linkedin.com/company/flugsimulator-stuttgart-siminn-gmbh,siminn.de,,Germany,1.258668,,,
Marco Il Figaro & Barbiere,1258668.0,"Germany, Zürich, 24 Schifflände, 8001",https://www.linkedin.com/company/marco-il-figaro-&-barbiere,marcofigaro.com,,Germany,1.258668,,,
BookingData IO GmbH,1258668.0,"Germany, Bavaria, Munich, 22 Stollbergstraße, 80539",https://www.linkedin.com/company/bookingdata,www.bookingdata.io,Elevating airline ancillary offering by enabling ancillary partners to be proactive in sending private offers,Germany,1.258668,,,
87-Design,1258668.0,"Germany, North Rhine-westphalia, Hüllhorst",https://www.linkedin.com/company/87-design,87-design.de,,Germany,1.258668,,,
TechDaddy Sales & Services,1258668.0,"Germany, Cebu City, 3rd Floor Elizabeth Mall N. Bacalso Avenue, 6000",https://www.linkedin.com/company/techdaddy-sales-&-services,techdaddy.ph,,Germany,1.258668,,,
HMZ Transporte & Kurier GmbH,1258668.0,"Germany, Lower Saxony, Twistringen",https://www.linkedin.com/company/hmz-transporte-&-kurier-gmbh,hmz-transporte.de,,Germany,1.258668,,,
Michael Kleber,1258668.0,"Germany, Berlin, Berlin, 99 Richardstr., 12043",https://www.linkedin.com/company/michael-kleber,michaelkleber.com,,Germany,1.258668,,,
MayaMedia,1258668.0,"Germany, Berlin, Berlin, 8 Bamberger Str., 10777",https://www.linkedin.com/company/mayamedia,mayamedia.de,,Germany,1.258668,,,
SHD KPS,1258668.0,"Germany, Rheinland-pfalz, Andernach, 60 Rennweg, 56626",https://www.linkedin.com/company/shd-kps,shd-kps.de,,Germany,1.258668,,,
Rollin Transport LLC,1258668.0,"Germany, Richfield, 3885 Pioneer Rd, 53076",https://www.linkedin.com/company/rollin-transport-llc,rollintransport.com,,Germany,1.258668,,,
Krett Adam,1258668.0,"Germany, Hesse, Limburg An Der Lahn, 19 Klosterstr., 65554",https://www.linkedin.com/company/krett-adam,krett-bf3.de,,Germany,1.258668,,,
Turbines4u,1258668.0,Germany,https://www.linkedin.com/company/turbines4u,www.turbines4u.com,"We Buy & Sell Turboprop and Fanjet engines, sell parts or canabalize them for selling parts",Germany,1.258668,,,
ChallengeLine LS GmbH,1258668.0,"Germany, North Rhine-westphalia, Bocholt, 31 Brinkstegge, 46395",https://www.linkedin.com/company/challengeline-ls-gmbh,www.challengeline.de,"ChallengeLine Business Jets is a premier provider of bespoke jet management services for both operators and private individuals. Proudly holding our own Air Operator Certificate (AOC) issued by the German Federal Aviation Authority (LBA), we ensure the highest standards of safety and operational excellence. Our comprehensive jet management solutions are tailored to meet the unique needs of our clients, offering unparalleled flexibility and efficiency. In partnership with BLISSAIR, we provide exclusive charter and marketing options, maximizing the utilization and revenue potential of your aircraft. At ChallengeLine Business Jets, we combine expert management with exceptional service, ensuring your aircraft is in the best hands. Discover the difference with ChallengeLine – where your aviation needs are our top priority.",Germany,1.258668,,,
Hz Soft- & Hardware GmbH,1258668.0,"Germany, Baden-württemberg, Waiblingen, 14 Gottlieb-daimler-str., 71334",https://www.linkedin.com/company/hz-soft--&-hardware-gmbh,hz-it.de,,Germany,1.258668,,,
Inn-Automation,1258668.0,"Germany, Bavaria, Burghausen, Gewerbepark Lindach A2, 84489",https://www.linkedin.com/company/inn-automation,inn-automation.de,,Germany,1.258668,,,
AirEvents Limited,1258668.0,"Germany, North Rhine-westphalia, Essen, 78 Habichtstraße, 45134",https://www.linkedin.com/company/airevents-limited,airevents.de,,Germany,1.258668,,,
KR-Models,1258668.0,"Germany, Lower Saxony, Hannover, 44 Berliner Allee, 30175",https://www.linkedin.com/company/kr-models,,,Germany,1.258668,,,
Sotram Reisen GmbH,1258668.0,"Germany, Saarland, Blieskastel, 1 Im Großen Gunterstal, 66440",https://www.linkedin.com/company/sotram-reisen-gmbh,sotram-reisen.de,,Germany,1.258668,,,
IBDA Associates,1258668.0,"Germany, Baden Wuerttemberg",https://www.linkedin.com/company/ibda-associates,www.ibda-associates.com,IBDA provides top quality products and services with very competetive prices with short lead times through its associate companies to Airlines world-wide.,Germany,1.258668,,,
Yourways,1258668.0,"Germany, Lower Saxony, Langen",https://www.linkedin.com/company/yourways,www.yourways.de,IATA-Code: YZ    |    ICAO-Code: PWY    |    ATC-Callsign: Yourways,Germany,1.258668,,,
PROJET OPERATOR BUSINESS JETS,1258668.0,"Germany, Lower Saxony, Achim, 6 Im Finigen, 28832",https://www.linkedin.com/company/projet-operator-business-jets-airline,www.projet-europe.aero,Pro Jet Operator has been founded in 2013 by team of professionals for purpose to provide a wide spectrum of aircraft management services. In 2014 Pro Jet has begun to provide AOG support from home base in Friedrichhafen (FDH) to her customers to keep their aircraft ready for flight 24 hours. AOG support and wide range of services made by Pro Jet have received a recognition from customers in short time.,Germany,1.258668,,,
Easy Chair,1258668.0,"Germany, Bavaria, Aschaffenburg, 6a Dinglerstr., 63739",https://www.linkedin.com/company/easy-chair,,,Germany,1.258668,,,
David H Koch Theater At Lincoln Center,1258668.0,"Germany, New, 20 Center Dr, 10023",https://www.linkedin.com/company/david-h-koch-theater-at-lincoln-center,davidhkochtheater.org,,Germany,1.258668,,,
Abiant Agrar,1258668.0,Germany,https://www.linkedin.com/company/abiant-agrar,abiant-agrar.de,,Germany,1.258668,,,
World Travel Catering & Onboard Services Expo,1258668.0,"Germany, Hamburg, Hamburg, 1 Messeplatz, 20357",https://www.linkedin.com/company/wtce,www.worldtravelcateringexpo.com,"World Travel Catering & Onboard Services Expo is the leading global event for travel catering, onboard retail and passenger comfort. 250+ international exhibitors showcase 1,000s of their products to the global onboard industry including over 800 airline and rail buyers. Interested in exhibiting https://www.worldtravelcateringexpo.com/en-gb/forms/exhibitor-enquiry.html Interested in visiting https://www.worldtravelcateringexpo.com/en-gb/tickets.html Co-located with Aircraft Interiors Expo. RX Privacy Policy: https://privacy.rxglobal.com/en-gb.html",Germany,1.258668,,,
Sky Motion Team,1258668.0,"Germany, Thuringia, Gera, 74 Ronneburger Str., 07546",https://www.linkedin.com/company/sky-motion-team,www.sky-motion.de,"Sightseeing flights, aerial photography and aviation school for microlights and microlight airplane charter in Gera-Leumnitz.",Germany,1.258668,,,
XP-Express,1258668.0,"Germany, Bremen, Bremen, 27 Haferwende, 28357",https://www.linkedin.com/company/xp-express,xp-express.de,,Germany,1.258668,,,
Moser-IT,1258668.0,"Germany, Sankt Lambrecht, 58 Hauptstraße, 8813",https://www.linkedin.com/company/moser-it,moser-it.at,,Germany,1.258668,,,
Adpax GmbH,1258668.0,"Germany, North Rhine-westphalia, Bielefeld, 30 Detmolder Str., 33604",https://www.linkedin.com/company/adpax-gmbh,www.adpax.de,Wir freuen uns auch in 2015 unseren langjährigen Kunden wieder bei der Ansprache seiner Klienten beratend und gestaltend zur Seite zu stehen.,Germany,1.258668,,,
Rehoboth Car Wash Inc,1258668.0,"Germany, Rehoboth Beach",https://www.linkedin.com/company/rehoboth-car-wash-inc,www.rehobothcarwash.com,,Germany,1.258668,,,
AOM GmbH,1258668.0,"Germany, North Rhine-westphalia, Drensteinfurt, 3 Synagogengasse, 48317",https://www.linkedin.com/company/aom-gmbh,www.aom-gmbh.net,,Germany,1.258668,,,
Skysquitter,1258668.0,"Germany, Hesse, Hattersheim, 4 Sandstraße, 65795",https://www.linkedin.com/company/skysquitter,www.skysquitter.com,"Currently working on: - Project ""aviosense"" - meteorological information out of Mode S transponder data - ADS-B in Space - Establishment of a commercial Mode S receiving network - Skysquitter Surveillance Network (SSN)",Germany,1.258668,,,
Aviabelt Bremen E.V.,1258668.0,"Germany, Bremen, Bremen, 7 Köhl Straße",https://www.linkedin.com/company/aviabelt-bremen-e.v.,www.aviabelt.de,Unternehmen und wissenschaftliche Einrichtungen haben am 20.10.2005 AVIABELT Bremen e. V. gegründet. Ziel ist die Stärkung der Luft- und Raumfahrtindustrie in der Metropolregion Bremen-Oldenburg. Der Standort Bremen hat eine überregionale Bedeutung in der Europäischen Luftfahrtindustrie und nimmt in Deutschland neben Hamburg eine führende Rolle ein. Neben Airbus agieren in Bremen und Umgebung eine Vielzahl von exzellenten KMU und wissenschaftlichen Einrichtungen.,Germany,1.258668,,,
AC TRANSPORT.LOGISTIK,1258668.0,"Germany, North Rhine-westphalia, Düsseldorf, 6 Cuxhavener Str., 40221",https://www.linkedin.com/company/ac-transport.logistik,ac-logistik.de,,Germany,1.258668,,,
TREND Personal Und Dienstleistungen Solingen GmbH,1258668.0,"Germany, North Rhine-westphalia, Solingen, 118 Aufderhöherstr., 42699",https://www.linkedin.com/company/trend-personal-und-dienstleistungen-solingen-gmbh,www.trend-personal.de,,Germany,1.258668,,,
Celier Aviation Iran,1258668.0,"Germany, North Rhine-westphalia, Ratingen, Am Benderskothen, 40885",https://www.linkedin.com/company/nour-aviation,www.celieraviationiran.com,"Celier Aviation Iran Ltd. is a private owned company with his headquarter in Ratingen, Germany and Teheran, Iran. Celier Aviation Iran is managed by high executives with more than 30 years of experience in management positions. The company is providing aviation consultancy services and asset management.",Germany,1.258668,,,
Minicar Hens E.k.,1258668.0,"Germany, North Rhine-westphalia, Köln, 38 Wilhelm-ruppert-straße, 51147",https://www.linkedin.com/company/minicar-hens-e-k-,,,Germany,1.258668,,,
Trustcraft,1258668.0,"Germany, Bavaria, Hösbach, 1 Blütenweg, 63768",https://www.linkedin.com/company/trustcraft,www.trustcraft.com,"- We at Trustcraft help aircraft owners like aircraft leasing companies and airlines as well as their service providers like MROs and asset managers to reduce their operational costs for managing their aircraft fleet and related projects worldwide with advanced remote field collaboration and interaction with their customers, partners, suppliers, team members, ... using Augmented Reality (AR), Virtual Reality (VR)  and Live Streaming technology solutions - We help you to establish a digital, remote and centralized technical fleet and project management that is much more independent from on-site presences - We enable a green and sustainable aircraft asset and project management and contribute to your ESG strategy  - We make your aircraft virtually accessible, inspectable and marketable anytime from everywhere to everyone",Germany,1.258668,,,
Air Charter Market GmbH,1258668.0,"Germany, Hesse, Oberursel, 7-9 Lessingstr., 61440",https://www.linkedin.com/company/air-charter-market-gmbh,www.acm1.de,,Germany,1.258668,,,
Klenk GmbH & Co. KG,1258668.0,"Germany, Balzheim, 17 Mühlstraße, 88481",https://www.linkedin.com/company/klenk-gmbh-&-co.-kg,www.klenk-tools.de,Mit unseren Vollhartmetallbohrern der WEGABLU-Reihe decken wir den Bedarf für Ihre unterschied-,Germany,1.258668,,,
Globex24 - Globex24 Couriers GmbH,1258668.0,"Germany, Hesse, Griesheim, 4 Im Leuschnerpark, 64347",https://www.linkedin.com/company/globex24---globex24-couriers-gmbh,globex24.com,,Germany,1.258668,,,
MaxiPur,1258668.0,"Germany, Schleswig-holstein, Barsbüttel, 23 Willinghusener Landstraße, 22885",https://www.linkedin.com/company/maxipur,maxipur.de,,Germany,1.258668,,,
Viamed Krankenfahrten G.,1258668.0,"Germany, North Rhine-westphalia, Köln, 33 Toyota-allee, 50858",https://www.linkedin.com/company/viamed-krankenfahrten-g.,viamed.eu,,Germany,1.258668,,,
Piloten-Service Robert Rieger GmbH,1258668.0,"Germany, Bavaria, Vilshofen, 1 Am Flugplatz, 94474",https://www.linkedin.com/company/piloten-service-robert-rieger-gmbh,pilotenservice-rieger.de,,Germany,1.258668,,,
Raantec GmbH & Co. KG,1258668.0,"Germany, Borgholzhausen Borgholzhausen, 21 Nienkamp, 33829",https://www.linkedin.com/company/raantec-gmbh-&-co-kg,www.raantec.de,,Germany,1.258668,,,
ProTagged,1258668.0,Germany,https://www.linkedin.com/company/protaggedeu,www.protagged.io,"At ProTagged, we want to solve one very significant waste problem in the air travel industry, while providing beneficial cost reductions so that airlines, airports, and ground handlers can focus on providing the best customer experience to passengers worldwide. Our expertise in the data analysis and software-building sector allowed us to create an exceptional solution to eliminate the use of disposable baggage tags and provide the latest advance in baggage management systems so that all stakeholders can make data-rich decisions. In the end, we are passionate about traveling and we envision a world where journeys can be safe, seamless, and sustainable for all stakeholders.",Germany,1.258668,,,
Lichthalle,1151071.0,"Germany, Zürich, 169 Hardturmstrasse, 8005",https://www.linkedin.com/company/lichthalle,lichthalle.ch,,Germany,1.151071,,,
Autohaus Groenewold GmbH,1151071.0,"Germany, Lower Saxony, Leer, 3-5 Große Roßbergstraße, 26789",https://www.linkedin.com/company/autohaus-groenewold-gmbh,ah-groenewold.de,,Germany,1.151071,,,
Malerbetrieb HÖMBERG,1151071.0,Germany,https://www.linkedin.com/company/malerbetrieb-hömberg,maler-hoemberg.de,,Germany,1.151071,,,
BUSINESS TUNE-UP GmbH,1151071.0,"Germany, Schleswig-holstein, Itzehoe, 3 Fraunhoferstraße, 25524",https://www.linkedin.com/company/business-tune-up-gmbh,www.business-tune-up.de,"Experts in fine tuning and implementing national and worldwide business-processes, we create hands on solutions for today and tomorrow. Delivering real results is our trademark. While on board we also support you as interim managers.",Germany,1.151071,,,
Prolinetec GmbH,1151071.0,"Germany, Lower Saxony, Uslar, 25 Hans-böckler-straße, 37170",https://www.linkedin.com/company/prolinetec-gmbh,prolinetec.de,,Germany,1.151071,,,
Deutsch Transport GmbH,1151071.0,"Germany, Hesse, Hanau Am Main, 2 Ernst-leitz-straße, 63456",https://www.linkedin.com/company/deutsch-transport-gmbh,deutschtransportgmbh.de,,Germany,1.151071,,,
ProSilo Transport GmbH,1151071.0,"Germany, Lower Saxony, Winsen, 57 Otto-hahn-str., 21423",https://www.linkedin.com/company/prosilo-transport-gmbh,prosilo.de,,Germany,1.151071,,,
Aerial-survey-base,1151071.0,"Germany, Saxony-anhalt, Magdeburg",https://www.linkedin.com/company/aerial-survey-base-com,www.aerial-survey-base.com,"Offers consultancy and practical training in aerial survey photography including camera systems, film & data processing and workflow. Since 1983, aerial-survey-base's experts have provided a wide range of aerial photography, photogrammetry, and digital mapping services to customers across the world. Since 2002, our consulting has helped flight departments to operate more productively and improve the quality of their work product. We provide aerial survey & efficiency training, primarily for use in the data acquisition process. Having worked with private, governmental and military organizations around the globe, we've built a deep expertise in people's performance with technology. We are confident that we can improve any workforce's productivity while making them look more professional in the process.",Germany,1.151071,,,
Vv-tec GmbH,1151071.0,Germany,https://www.linkedin.com/company/vv-tec-gmbh,www.reinhardt-turbine.com,more to come shortly....,Germany,1.151071,,,
Puq GmbH,1151071.0,"Germany, North Rhine-westphalia, Essen, 32 Breloher Steig, 45279",https://www.linkedin.com/company/puq-gmbh,puq.de,,Germany,1.151071,,,
DKT Das KurierTeam GmbH NL Stuttgart,1151071.0,"Germany, Baden-württemberg, Leonberg, 10 Hertichstr., 71229",https://www.linkedin.com/company/dkt-das-kurierteam-gmbh-nl-stuttgart,daskurierteam.de,,Germany,1.151071,,,
Ewald Transporte,1151071.0,"Germany, Baden-württemberg, Freiburg, 19 St.-georgener-str., 79111",https://www.linkedin.com/company/ewald-transporte,ewald-transporte.de,,Germany,1.151071,,,
EL Transporte,1151071.0,"Germany, Thuringia, Sondershausen, 12 Talstraße, 99706",https://www.linkedin.com/company/el-transporte,el-transporte.de,,Germany,1.151071,,,
Aeromey GmbH,1151071.0,"Germany, Hesse, Bensheim, 95 Berliner Ring, 64625",https://www.linkedin.com/company/aeromey-gmbh,aeromey.com,Aerial Survey Solutions,Germany,1.151071,,,
MEAJET - A Private And Business Aviation Company,1151071.0,"Germany, Bavaria, Taufkirchen, 4 Hans-kalb Weg, 82024",https://www.linkedin.com/company/meajet-gmbh,www.meajet.com,"A PRIVATE AND BUSINESS AVIATION COMPANY Wir bieten maßgeschneiderte Charterlösungen, ein exklusives Jet Card-Programm mit Flexibilität und Preisvorteilen, innovative Leerflug- und Mitflugangebote für Kosteneffizienz, optimiertes Auslastungsmanagement für Eigentümer, höchste Sicherheitsstandards und personalisierten Concierge-Service für ein nahtloses Reiseerlebnis. Aus großer Leidenschaft und mit langjähriger Erfahrung in der Private & Business Aviation wurde MEAJET im Jahr 2016 gegründet mit dem Anspruch, die private Luftfahrt unkomplizierter, transparenter und näher an der Lebenswelt der Kunden zu gestalten.  Höchster Sicherheits- und Qualitätsanspruch zu bestmöglichen Konditionen!  Offering bespoke charter solutions, exclusive Jet Card program with flexibility and cost benefits, innovative empty leg and seat sharing for efficiency, optimized fleet utilization for owners, top safety standards, and personalized concierge service for seamless travel experiences. Out of great passion and many years of experience in private & business aviation, MEAJET was founded in 2016 - with the aim of making private aviation more uncomplicated, more transparent and closer to the customers' lives. The highest safety and quality standards at the best possible conditions - and with maximum flexibility!",Germany,1.151071,,,
Uloth GmbH,1151071.0,"Germany, Neuhofen, dieselstr.15",https://www.linkedin.com/company/uloth-gmbh,uloth-gmbh.de,,Germany,1.151071,,,
R&E Goebel Theaterputzerei Färberei Wäscherei Vorhang & Lamellenservice,1151071.0,"Germany, Vienna, 9 Sofie-lazarsfeldstrassse, 1110",https://www.linkedin.com/company/r&e-goebel-theaterputzerei-färberei-wäscherei-vorhang-&-lamellenservice,putzereigoebel.at,,Germany,1.151071,,,
2move4you,1151071.0,"Germany, North Rhine-westphalia, Leverkusen, 6 Kneippstr., 51379",https://www.linkedin.com/company/2move4you,2move4you.de,,Germany,1.151071,,,
Hans-Werner Zimmermann Kurierdienste Zimmermann,1151071.0,"Germany, North Rhine-westphalia, Dortmund, 21 Gernotstr., 44319",https://www.linkedin.com/company/hans-werner-zimmermann-kurierdienste-zimmermann,kurierdienste-zimmermann.de,,Germany,1.151071,,,
KB Webdesign,1151071.0,"Germany, Hesse, Korbach, 9 Blumenstrasse, 34497",https://www.linkedin.com/company/kb-webdesign,ich-liebe-webseiten.de,,Germany,1.151071,,,
BALLON TOURS BERLIN,1151071.0,"Germany, Berlin, Berlin, 35 Paul-junius-str., 10369",https://www.linkedin.com/company/ballon-tours-berlin,www.ballon-tours.de,,Germany,1.151071,,,
Flugplatz/Flugschule Tannheim,1151071.0,Germany,https://www.linkedin.com/company/flugplatz-flugschule-tannheim,flugplatz-tannheim.de,,Germany,1.151071,,,
W30 Bauplanung & Innenarchitektur Gmbh,1151071.0,"Germany, Waidhofen, 7 Hoher Markt, 3340",https://www.linkedin.com/company/w30-bauplanung-&-innenarchitektur-gmbh,w30.at,,Germany,1.151071,,,
Bremer Verein Für Luftfahrt E.V.,1151071.0,"Germany, Bremen, Bremen, 18 Hanna-kunath-straße, 28199",https://www.linkedin.com/company/bvlaero,www.bvl.aero,"Wir begrüßen Sie beim Bremer Verein für Luftfahrt! Einem der ältesten, aber modernsten Luftsportvereine in Deutschland.",Germany,1.151071,,,
Burnless Concepts GmbH,1151071.0,"Germany, Hamburg, Hamburg, Isebekstraße, 22769",https://www.linkedin.com/company/burnless-concepts-gmbh,www.burnless.aero,"how can we assure future mobility in a world of tighter getting ressources? the answer is #efficiency.  our mission is helping your teams to establish an efficient operation to burn less of fuel, time, capacity and money. it is our credo to make innovation available for future air mobility. however.... don´t worry, we do not intent to sell highly theoretical round table inventions. In contrast: as we are condemned to pilot´s thinking, we only do well proved things, tested and evaluated by ourselves in advance. we feed off the experiences gathered in all corners of the aviation industry, and we believe that „improvement initiatives“ must deliver gaugable benefits in order to deserve this labelling. once infiltrated in your organisation, we will deliver the ideas, data and the required momentum. thanks to agile methods, it will be your teams, not ourselves, who deliver the benefit in the end.",Germany,1.151071,,,
Kopterzentrale GmbH,1151071.0,"Germany, Lower Saxony, Hannover, 15b Seilerstraße, 30171",https://www.linkedin.com/company/kopterzentrale,www.kopterzentrale.de,"Die Kopterzentrale ist professioneller Fachbetrieb für gewerbliche und industrielle UAS-Anwender und Full-Service-Dienstleister mit mehreren hauptberuflichen Spezialisten und Ingenieuren. Wir sind Prüfstelle für Fernpiloten DE.PStF.002 - „Drohnenführerschein“ - an unserem großzügigen Schulungszentrum in Hannover. Mit angeschlossenem Flugfeld und Seminarräumen bieten wir seit 2013 Seminare und Praxiskurse für Kleingewerbe bis Großkonzerne an.  Zu unseren Drohnendienstleistungen gehören: Luftbilder, Vermessungsflüge, Aerial Mapping, Thermografie / Wärmebilder, Visualisierungen oder Spektralanforderungen. Wir bieten Projektunterstützung und Unternehmensberatung für industrielle UAV-Projekte an, erstellen SORA-Dokumente und arbeiten als unabhängige Gutachter für die verschiedensten Auftraggeber. An unserem Firmensitz können wir mit unserem spezialisierten Ingenieurbüro und der angeschlossenen Werkstatt spezifische Konstruktionen und Projekte umsetzen.",Germany,1.151071,,,
HTR Logistik,1151071.0,"Germany, Oberstadion, 13 Graf-wilhelm-str., 89613",https://www.linkedin.com/company/htr-logistik,htr-logistik.de,,Germany,1.151071,,,
Ferry-flight.eu,1151071.0,"Germany, North Rhine-westphalia, Dortmund, Dahmsfeldstrasse",https://www.linkedin.com/company/ferry-flight-eu,www.flyaero.eu,We are living in the heart of Europe and we are highly experienced in aircraft ferrying and MCF flights for worldwide operations. We are connected to a well established CAMO organisation to provied your projects.  Airbus P2F specialist. For more details please contact us any time.,Germany,1.151071,,,
Condor IMS GmbH,1151071.0,"Germany, North Rhine-westphalia, Essen, 81 Ruhrtalstr., 45239",,condor-ims.com,,Germany,1.151071,,,
Förderverein Flughafen Mönchengladbach,1151071.0,"Germany, North Rhine-westphalia, Mönchengladbach, 95 Flughafenstraße, 41066",https://www.linkedin.com/company/förderverein-flughafen-mönchengladbach,pro-airport-mg.de,,Germany,1.151071,,,
Nabtesco Aerospace Europe GmbH,1151071.0,"Germany, North Rhine-westphalia, Düsseldorf, Tiefenbroicher Weg, 40472",https://www.linkedin.com/company/nabtesco-aerospace-europe,www.nabtescoaero.com,.,Germany,1.151071,,,
PoletAirlines,1151071.0,"Germany, Bavaria, Munich",https://www.linkedin.com/company/poletairlines,www.poletairlines.com,"Polet Airlines always meets the most endeavors to satisfy the customers. To keep up with rivals and to remain one of the best airline companies in the market, Polet has a strong team committed to answer all your requests in prompt time frame. Polet Airlines is known worldwide for having such a team and this is one of the reasons why company is known to have high standards of service Fell free to contact us at any time on the following locations for",Germany,1.151071,,,
Postoffice Shop,1151071.0,"Germany, Lower Saxony, Hannover",https://www.linkedin.com/company/postoffice-shop,postofficeshop.de,,Germany,1.151071,,,
Aeroclubs Rheine,1151071.0,"Germany, North Rhine-westphalia, Rheine, 1 Schüttorfer Damm, 48432",https://www.linkedin.com/company/aeroclubs-rheine,,,Germany,1.151071,,,
Flying Dane GmbH,1151071.0,"Germany, Hesse, Frankfurt Am Main",https://www.linkedin.com/company/flying-dane,www.flyingdane.com,Holding group for service providers within aviation and IT.,Germany,1.151071,,,
Mobiler Reisemarkt Mering,1151071.0,"Germany, Bavaria, Mering",https://www.linkedin.com/company/mobiler-reisemarkt-mering,www.mobiler-reisemarkt-mering.de,,Germany,1.151071,,,
Mic's Body Shop,1151071.0,"Germany, Bavaria, Regensburg, 70 Donaustaufer Str., 93059",https://www.linkedin.com/company/mic's-body-shop,micsbodyshop.de,,Germany,1.151071,,,
SYSTRO GmbH,1151071.0,"Germany, Hesse, Gelnhausen, 34 Röther Gasse, 63571",https://www.linkedin.com/company/systro-gmbh,www.systro-online.de,,Germany,1.151071,,,
Cabfly GmbH,1151071.0,"Germany, Bavaria, Olching",https://www.linkedin.com/company/cabfly,www.cabfly.de,"Ihre Zeit, Ihre Effizienz, Ihre Möglichkeiten.  Wir bieten individuelle und flexible Charterflüge mit der unternehmenseigenen Diamond DA62 an. Nutzen Sie unsere Angebote und profitieren Sie von mehr Freizeit. Geschäftlich und privat, alle Flüge auf Ihre Bedürfnisse abgestimmt.",Germany,1.151071,,,
HOTEL AM MAIN,1151071.0,"Germany, Bavaria, Veitshöchheim, 35 Untere Maingasse, 97209",https://www.linkedin.com/company/hotel-am-main,www.hotel-am-main.de,,Germany,1.151071,,,
Aircraftpartner 4U UG,1151071.0,"Germany, Berlin, Berlin",https://www.linkedin.com/company/aircraftpartner-4u-ug,aircraftpartner.de,Aircraftpartner 4U UG is an airlines/aviation company based out of Berlin.,Germany,1.151071,,,
Jetexpress.pl,1151071.0,"Germany, Hesse, Frankfurt Am Main",https://www.linkedin.com/company/jetexpress-pl,jetexpress.pl,"In partnership with AMC Executive, we are an executive charter/air-taxi service headquartered in Warsaw, Poland. We operate a fleet of Cessna Citation Mustang very-light jets from our JETPADS™ across Europe and beyond.",Germany,1.151071,,,
BLX-Music & Entertainment GmbH,1151071.0,"Germany, North Rhine-westphalia, Münster, 14-16 Rothenburg, 48143",https://www.linkedin.com/company/blx-music-&-entertainment-gmbh,blx-music.com,,Germany,1.151071,,,
Blackforest AVIATION GmbH,1151071.0,"Germany, Baden-württemberg, Eschbach, 10 Max-immelmann-allee, 79427",https://www.linkedin.com/company/eventflug-basel-luftfahrt-gmbh,www.blackforest-aviation.com,Die Firma blackforest AVIATION GmbH ist im Handelsregister beim Amtsgericht Freiburg im Breisgau unter der Nummer HRB 710 924 registriert. Die eingetragene Rechtsform lautet Gesellschaft mit beschränkter Haftung. Die Haupttätigkeit liegt im Bereich Erbringung von sonstigen Dienstleistungen für die Luftfahrt a. n. g.. Das Domizil befindet sich in Eschbach. Mit der Führung der blackforest AVIATION GmbH sind Frank Benz und Michael Georg Beck beauftragt.,Germany,1.151071,,,
Camel-24,1151071.0,"Germany, Bavaria, Nürnberg, 24 Saganer Str., 90475",https://www.linkedin.com/company/camel-24,camel-24.de,,Germany,1.151071,,,
ZQW Aviation,1151071.0,"Germany, Rheinland-pfalz, Zweibrücken, 11 Gebäude 360 Berliner Allee, 66482",https://www.linkedin.com/company/zqw-aviation,www.zqwaviation.com,"ZQW Aviation offers solutions meeting all your requirements. Our focus lays in the aviation industry and the applications cover a variety of fields. Our team comprises aviation experts with long standing experience gained from working in the airline, business aviation and general aviation segment. These experts have worked in departments such as Operations, Fleet Management, Charter, Sales and many more. Services provided are aircraft charter, aircraft management, consulting as well as aircraft sales.",Germany,1.151071,,,
OPC Overnight Parcel Courier Düsseldorf GmbH,1151071.0,"Germany, North Rhine-westphalia, Düsseldorf, 51 Wiesenstr., 40549",https://www.linkedin.com/company/opc-overnight-parcel-courier-düsseldorf-gmbh,opc-world.de,,Germany,1.151071,,,
Karen Bauer Catering,1151071.0,"Germany, Dannenberg, 4 Gartower Straße, 29451",https://www.linkedin.com/company/karen-bauer-catering,bauer-catering.de,,Germany,1.151071,,,
Chriss Aviation GmbH,1151071.0,"Germany, Trebbin, 4 Flugplatz, 14959",https://www.linkedin.com/company/chriss-aviation-gmbh,pilotravels.com,Reisen von und für Piloten,Germany,1.151071,,,
Allgäu Wings,1151071.0,"Germany, Weiler-simmerberg, 8 Am Postwäldle, 88171",https://www.linkedin.com/company/allgäu-wings,allgaeu-wings.de,"Die Allgäu Wings GmbH wurde von fünf Arbeitskollegen und Fliegerkameraden gegründet, die schon lange zuvor durch viele fantastische Aspekte des Fliegens miteinander verbunden waren. Fest entschlossen, dies weiter auszubauen und mit anderen Menschen zu teilen, packen Wir das nun an – mit Ihnen!",Germany,1.151071,,,
Skysoft Computersysteme GmbH,1151071.0,"Germany, Brandenburg, Kleinmachnow, Im Kamp 30, 14532",https://www.linkedin.com/company/skysoft-computersysteme-gmbh,www.skysoft.de,,Germany,1.151071,,,
Kobernuss Logistik GmbH,1151071.0,"Germany, Lower Saxony, Uelzen, 90 Neu Ripdorf, 29525",https://www.linkedin.com/company/kobernuss-logistik-gmbh,kobernuss.de,,Germany,1.151071,,,
Thomas Kohl Gebäudereinigung Und Dienstleistungen GmbH,1151071.0,"Germany, Saxony-anhalt, Schönebeck, 59 Böttcherstraße",https://www.linkedin.com/company/thomas-kohl-gebäudereinigung-und-dienstleistungen-gmbh,gebaeudereinigung-kohl.de,,Germany,1.151071,,,
Josef Weiss Plastic GmbH,1151071.0,"Germany, Bavaria, Holzkirchen, 13 Bergfeldstraße, 83607",https://www.linkedin.com/company/josef-weiss-plastic-gmbh,www.plexiweiss.de,Wir sind umgezogen  Unsere neue Adresse lautet  Josef Weiss Plastic GmbH. Bergfeldstrasse 13. D-83607 Holzkirchen. Tel.  49 8024 47 47 6 0. Fax.  49 8024,Germany,1.151071,,,
Eiltrans GmbH,1151071.0,"Germany, Bavaria, Munich, 43 Schatzbogen, 81829",https://www.linkedin.com/company/eiltrans-gmbh,eiltrans.de,,Germany,1.151071,,,
Jump Away Luftfahrt GmbH,1151071.0,"Germany, Hesse, Wiesbaden, 21 Schinkelstraße, 65189",https://www.linkedin.com/company/fly-jumpaway,www.jumpaway.de,"JUMP AWAY AVIATION ist Ihr Partner für individuelle Fluglösungen! Seit 2001 zählen wir namhafte Unternehmen und Persönlichkeiten aus Wirtschaft, Sport, Politik oder dem Showbusiness zu unseren Kunden. Zu unserem Angebotsspektrum zählen Charterflüge mit Privatjets und Fluglösungen für Gruppen (individuelle Charterflüge, Gruppenkontingente auf regulären Linienflügen). Mit unseren neuen Geschäftsbereichen ""JUMP AWAY PRIVATE TRAVEL"" und ""JUMP AWAY INCENTIVE TRAVEL"" bieten wir seit diesem Sommer auch weitere Leistungen für Privat- und Geschäftskunden an.",Germany,1.151071,,,
Flugzeug-kaufen.com,1151071.0,"Germany, Saxony-anhalt, Magdeburg, 12 Ölweide, 39114",https://www.linkedin.com/company/flugzeug-kaufen-com,flugzeug-kaufen.com,"über Flugzeug-kaufen.com Ein Luftfahrzeug zu kaufen oder zu verkaufen ist in Deutschland gar nicht so einfach, wie man sich das vorstellt. Eine Reihe von Anbietern bieten eine entsprechende entsprechende Verkaufsplattform für Flugzeuge – wirklich zufriedenstellend ist das Nutzererlebnis auf diesen aber meistens nicht. Mal sieht das Design (und damit die Nutzerfreundlichkeit) aus wie zu Großvaters Zeiten, mal wirst du mit Werbung überfrachtet oder aber du musst erst für teures Geld ein entsprechendes Inseratspaket kaufen. Das war einfach nicht das, wonach wir suchten. Flugzeugkauf leicht gemacht Bei uns kannst du deshalb völlig unkompliziert ein Flugzeug kaufen – oder aber deinen eigenen Flieger anbieten – und genießt dabei gleich eine ganze Reihe von Vorteilen: Willkommen in 2023: Bei uns bekommst du ein modernes Design und eine absolut nutzerfreundliche Bedienung! Keine Gebühren: Alle Flugzeuginserate sind bei uns komplett kostenlos! Keine Werbung: Unsere gesamte Seite ist werbefrei! Maximale Reichweite: Mit über 10.000 Besuchern finden sich bei uns Flugzeugkäufer & Verkäufer Von Piloten für Piloten: Wir sind selbst begeisterte Flugzeugfans & Piloten und wissen, was die Community möchte!",Germany,1.151071,,,
Luftaufnahmen Glätsch,1151071.0,"Germany, Eschelbach, 6/3 Kelterstr, 74632",https://www.linkedin.com/company/luftaufnahmen-glätsch,luftaufnahmen-glaetsch.de,,Germany,1.151071,,,
Hecker Transporte UG,1151071.0,"Germany, Baden-württemberg, Pforzheim, 49 Alter Göbricher Weg, 75177",https://www.linkedin.com/company/hecker-transporte-ug-haftungsbeschränkt-,otto-hecker.de,,Germany,1.151071,,,
Aviasonic GmbH,1151071.0,"Germany, Hamburg, Hamburg",https://www.linkedin.com/company/aviasonic,www.aviasonic.com,"We provide specialized Test-Systems that are tailored to the requirements of your MRO. One of our core strengths is developing and implementing innovative processes that enable best performance and efficiency of your processes. Designing processes more efficient and environmentally friendly by reducing cost, material, energy consumption and emissions requires multidisciplinary experience that is part of Aviasonic DNA.",Germany,1.151071,,,
Greenflight Aviation GmbH,1151071.0,"Germany, Baden-württemberg, Heubach, 5 Am Flugplatz, 73540",https://www.linkedin.com/company/greenflight-aviation-gmbh,www.greenflight.de,Flugzeug chartern und mehr...,Germany,1.151071,,,
Service People,1151071.0,"Germany, Hamburg, Hamburg, 345 Flughafen Hamburg Flughafen Hamburg Ham Weg Beim Jäger Gat, 22335",https://www.linkedin.com/company/service-people,service-people.de,,Germany,1.151071,,,
WALLYARD CONCEPT HOSTEL,1151071.0,"Germany, Berlin, Berlin, 46 Lübecker Str., 10559",https://www.linkedin.com/company/wallyard-concept-hostel,www.wallyard.de,,Germany,1.151071,,,
Stiftung Münch,1151071.0,"Germany, Baden-württemberg, Neuhausen Auf Den Fildern, Nr. 10-11 Rauschenbach, 09544",https://www.linkedin.com/company/stiftung-münch,stiftung-muench.de,,Germany,1.151071,,,
KAA-Aviation UG,1151071.0,"Germany, Lower Saxony, Edemissen",https://www.linkedin.com/company/kaa-aviation-ug,www.kaa-aviation.com,"What we do: - pre purchase consulting for all sizes of aircraft - ferry flights including all related administrative works - aircrafts sales worldwide - aircraft operations worldwide / executive jet management - aircraft charter sales We help our customers to find the best aircraft that is toilored exactly to their needs and we put all our knowledge to each project, to make sure, each customer investment will pay off. www.kaa-aviation.com",Germany,1.151071,,,
NexGen Aero GmbH,1151071.0,"Germany, Berlin, Berlin",https://www.linkedin.com/company/nexgenaerogmbh,nexgenaero.eu,We pursue the vision to become a leader of the third revolution in aviation - the switch to battery-electric propulsion. We aim to utilize the available electric aircraft as they enter the market.,Germany,1.151071,,,
Detex Group,1151071.0,"Germany, Hesse, Egelsbach, 63329",https://www.linkedin.com/company/detex-group,detex.group,Unser Service umfasst maßgeschneiderte Reinigungsprogramme für Ihr Flugzeug. Von der Innenreinigung bis zur Keramik-Komplettversiegelung. Dabei setzen wir ausschließlich auf hochwertige Produkte.,Germany,1.151071,,,
BGVHT,1151071.0,"Germany, Hesse, Frankfurt Am Main, 5 Emil-von-behring-straße, 60439",https://www.linkedin.com/company/bgvht,bgvht.de,,Germany,1.151071,,,
FLYBOTS.INFO,1151071.0,"Germany, Lower Saxony, Hannover, 12 Georgsplatz, 30159",https://www.linkedin.com/company/flybots-info,flybots.info,"Auf FLYBOTS.INFO informieren wir Sie über die verschiedenen Anwendungsbereiche, die relevanten Branchen und die Projekte in Niedersachsen und deutschlandweit. Die Unternehmen präsentieren ihre innovativen Produkte und Dienstleistungen und berichten über aktuelle Entwicklungen. Darüber hinaus stehen Trends, Perspektiven und Wissen im Fokus. Unter dem Begriff FLYBOTS verstehen wir Entwicklungen und kommerzielle Anwendungen im Bereich UAS (= Fly) in Kombination mit Robotertechnologien (= Bots), um spezielle Aufgaben / Anwendungen und Services zu ermöglichen / anzubieten. Im Fokus der Plattform stehen die verschiedenen Anwendungsbereiche von FLYBOTS.  Am 25. November 2021 gab Staatssekretär Stefan Muhle den Startschuss für die digitale Plattform FLYBOTS.INFO. Die Plattform ist ein digitaler Marktplatz für kommerzielle und branchenübergreifende Produkte, Lösungen und Dienstleistungen für Flugroboteranwendungen.  Seit dem profitieren Unternehmen, Forschungseinrichtungen, Standorte und Netzwerke von den bestehenden, vielfältigen Möglichkeiten auf FLYBOTS.INFO. Zu diesen zählen beispielsweise Fachartikel rund um das Thema UAS zu publizieren, ihre Projekte und Events zu präsentieren oder potenzielle Kunden für ihre Angebote, Partner für ihre zukünftigen Projekte/Kooperationen oder eine(n) geeignete(n) Bewerber(in) für eine offene Stellenausschreibung zu finden.",Germany,1.151071,,,
Axt Optik + Akustik,1151071.0,"Germany, North Rhine-westphalia, Wesel, 15 Hohe Straße, 46483",https://www.linkedin.com/company/axt-optik-akustik,axt-wesel.de,,Germany,1.151071,,,
SCANDAT Gesellschaft Für Fernerkundungstechnologien MbH,1151071.0,"Germany, Berlin, Berlin, 17 Arnfriedstraße, 12683",https://www.linkedin.com/company/scandat-gesellschaft-f-r-fernerkundungstechnologien-mbh,www.scandat.de,"Das Unternehmen für kundenspezifische Fernerkundungsdienst- leistungen aus einer Hand. Von der Datenerfassung aus der Luft über die Erstellung thematischer Kartierungen bis zur Auswertung und GIS-Integration der Ergebnisse bieten Fernerkundungsspezialisten Lösungen und Produkte für die Industrie, Kommunen und eine Reihe von Wirtschaftszweigen an.",Germany,1.151071,,,
KONNY TRANSPORTE GmbH,1151071.0,"Germany, North Rhine-westphalia, Aachen, 18 Zieglerstr., 52078",https://www.linkedin.com/company/konny-transporte-gmbh,konny-transporte.de,,Germany,1.151071,,,
Flyaero GmbH,1151071.0,"Germany, North Rhine-westphalia, Dortmund, Dahmsfeldstraße, 44229",https://www.linkedin.com/company/flyaero-gmbh,www.flyaero.eu,"flyaero GmbH has more than 12 years experience in the aviation sector specialist for MCF flights, ferry flights, aircraft inspections (pre purchase), spare parts (AOG) and other Services. Airbus P2F program experts. Please feel free to contact us",Germany,1.151071,,,
GlutsBrothers,1151071.0,"Germany, Bavaria, Rosenheim, 27 Panger Str., 83026",https://www.linkedin.com/company/glutsbrothers,glutsbrothers.de,,Germany,1.151071,,,
ASTRONICS GmbH,1151071.0,"Germany, Berlin, Berlin, 19 Kaulbachstraße, 12247",https://www.linkedin.com/company/astronics-gmbh,www.astronics.de,,Germany,1.151071,,,
EFM Inkasso Romy Anthes,1151071.0,"Germany, Rheinland-pfalz, Mainz, 24 Gymnasiumstraße, 55116",https://www.linkedin.com/company/efm-inkasso-romy-anthes,efm-inkasso.de,,Germany,1.151071,,,
Beukenberg Rechtsanwälte Hannover,1151071.0,"Germany, Lower Saxony, Hannover, 9+11 Uhlemeyerstraße, 30175",https://www.linkedin.com/company/beukenberg-rechtsanwälte-hannover,www.beukenberg.com,,Germany,1.151071,,,
GLVI Gesellschaft Für Luftverkehrsinformatik MbH,1151071.0,"Germany, Hamburg, Hamburg",https://www.linkedin.com/company/glvi-gesellschaft-für-luftverkehrsinformatik-mbh,glvi.de,We are leading providers of advanced traffic management software.,Germany,1.151071,,,
Everyair AG,1151071.0,"Germany, Hesse, Egelsbach",https://www.linkedin.com/company/everyairag,www.everyair.de,"EveryAir allows individual air travel to 3.500 airports in Europe with a huge Fleet of different Airplanes, thus creating over 9 million direct connections. Your shedule is our Flight plan!  https://www.facebook.com/www.everyair.de/ https://twitter.com/flyEveryAir https://www.youtube.com/channel/UCuboU2jQGwOytvGkeidIbrQ",Germany,1.151071,,,
Kio-Tec GmbH,1151071.0,"Germany, North Rhine-westphalia, Brüggen, 16 Haverslohe, 41379",https://www.linkedin.com/company/kio-tec-gmbh,kio-tec.com,,Germany,1.151071,,,
NGS Aviation GmbH,1151071.0,"Germany, Bern, Berlin, 8 Bergholzstraße, 12099",https://www.linkedin.com/company/ngs-aviation-gmbh,www.ngsaviation.com,"Our mission is to support the customer, user of private aviation services, in his different needs and growth path, from charter to the acquisition and management of his own tailor-made aircraft. We assist our clients in satisfying their requests for high-profile ancillary services and offer activities with significant quality and exclusivity content.",Germany,1.151071,,,
Garrecht Avionik GmbH,1151071.0,Germany,https://www.linkedin.com/company/garrecht-avionik-gmbh,garrecht.com,,Germany,1.151071,,,
Rolladen Lattek GmbH,1151071.0,"Germany, North Rhine-westphalia, Essen, 167 Krayerstraße, 45307",https://www.linkedin.com/company/rolladen-lattek-gmbh,lattek.de,,Germany,1.151071,,,
Blumen Voßhage,1151071.0,"Germany, Hesse, Korbach, 18 Westwall, 34497",https://www.linkedin.com/company/blumen-voßhage,blumen-vosshage.com,,Germany,1.151071,,,
McMeiers Nottmeier U. Opitz GbR,1151071.0,"Germany, Lower Saxony, Bad Münder Am Deister, 11 Kellerstr., 31848",https://www.linkedin.com/company/mcmeiers-nottmeier-u.-opitz-gbr,mcmeiers.de,,Germany,1.151071,,,
SCC Container Carrier Spedition GmbH & Co. KG,1151071.0,"Germany, Bremen, Bremen, 14 Albert-bote-str., 28197",https://www.linkedin.com/company/scc-container-carrier-spedition-gmbh-&-co.-kg,scc-spedition.com,,Germany,1.151071,,,
Kurier 24,1151071.0,"Germany, Bavaria, Augsburg",https://www.linkedin.com/company/kurier-24,kurier24.eu,,Germany,1.151071,,,
Herburger Reisen,1151071.0,"Germany, Dornbirn, 37 Schwefel, 6850",https://www.linkedin.com/company/herburger-reisen,herburger-reisen.at,,Germany,1.151071,,,
Hassanzadeh Reisen Events GmbH Co. KG,1151071.0,"Germany, Saarland, Lebach, 6 Am Bahnhof, 66822",https://www.linkedin.com/company/hassanzadeh-reisen-events-gmbh-co-kg,hassanzadeh-reisen.de,,Germany,1.151071,,,
FahrZeit.koeln,1151071.0,Germany,https://www.linkedin.com/company/fahrzeit.koeln,fahrzeit.koeln,,Germany,1.151071,,,
Schöne Räume Architektur Innenarchitektur,1151071.0,"Germany, Hesse, Frankfurt Am Main, 37 Liebfrauenberg, 60313",https://www.linkedin.com/company/schöne-räume-architektur-innenarchitektur,schoene-raeume.de,,Germany,1.151071,,,
Dörr GmbH Saalfeld,1151071.0,"Germany, Thuringia, Saalfeld, 4 Am Läusebach, 07318",https://www.linkedin.com/company/dörr-gmbh-saalfeld,doerr-saalfeld.de,,Germany,1.151071,,,
Avcon GmbH,1151071.0,"Germany, Oberreichenbach, 51 Wildbader Strasse, 75394",https://www.linkedin.com/company/avcon-gmbh,www.avcon.de,"AVCON GmbH is one of the most successful independent aviation trade firms in Germany. Contact us for Aircraft & Engine Sales and Marketing, Aircraft & Engine Leases (wet and dry), Aircraft & Engine Acquisitions, Aircraft & Engine Financing and Management.",Germany,1.151071,,,
Swa Carsharing,1151071.0,"Germany, Bavaria, Augsburg, 1 Viktoriastraße, 86150",https://www.linkedin.com/company/swa-carsharing-viktoriastraße-1-augsburg-germany-,swa-carsharing.de,,Germany,1.151071,,,
Campilots,1151071.0,"Germany, Bavaria, Munich, 37a Klagenfurter Str., 81669",https://www.linkedin.com/company/campilots,www.campilots.com,"Campilots is an filmproduction company based out of KLAGENFURTER STR. 37A, Munich, Germany.",Germany,1.151071,,,
Agentur Kids,1151071.0,"Germany, North Rhine-westphalia, Köln, 14 Brauweilerstraße, 50859",https://www.linkedin.com/company/agentur-kids,agenturkids.de,,Germany,1.151071,,,
HOME & DOGS,1151071.0,"Germany, Urbar, 2 Klostergut Besselich, 56182",https://www.linkedin.com/company/home-&-dogs,home-and-dogs.com,,Germany,1.151071,,,
LUIEE - Lunar Ice Extraction & Electrolysis,1151071.0,"Germany, Berlin, Berlin",https://www.linkedin.com/company/luieeb,space-innovation.ch,"TU Berlin Master's student team, passionate about space exploration and robotics, participating at the IGLUNA 2021 campaign.  We're interested in developing key technologies to enable the use of in-situ resources, which will provide essential assets to a lunar habitat.",Germany,1.151071,,,
Pixelwork E.K.,1151071.0,"Germany, Bavaria, Dießen Am Ammersee",https://www.linkedin.com/company/pixelwork-e-k-,www.pixelwork.de,"Pixelwork is a German based company and, for the last 20 years, has specialised in the development of eLearning and Web-Based-Training content in the aviation industry.If you are interested in our eLearning and Web-Based-Briefing offers or if you have a need for the development of any learning content, please contact us. We would be glad to answer all your questions.",Germany,1.151071,,,
ERDBEERSCHNITTE,1151071.0,"Germany, Baden-württemberg, Ludwigsburg, 5 Myliusstrasse, 71638",https://www.linkedin.com/company/erdbeerschnitte,erdbeerschnitte.com,,Germany,1.151071,,,
Timetrans Kurierdienst,1151071.0,"Germany, Baden-württemberg, Karlsruhe, 6 Unterreut, 76135",https://www.linkedin.com/company/timetrans-kurierdienst,timetrans-kurier.de,,Germany,1.151071,,,
Vertriebslogistik NOP GmbH,1151071.0,"Germany, Hesse, Mörfelden-walldorf, 30 Opelstr., 64546",https://www.linkedin.com/company/vertriebslogistik-nop-gmbh,,,Germany,1.151071,,,
EMT Transport GmbH,1150411.0,Germany,https://www.linkedin.com/company/emt-transport-gmbh,,,Germany,1.150411,,,
Roth Dental,1103547.0,"Germany, Hesse, Bad Vilbel, 16 A Weitzesweg, 61118",https://www.linkedin.com/company/roth-dental,jrothdental.com,"Roth Dental is an airlines/aviation company based out of 4517 Serrano Pkwy, El Dorado Hills, CA, United States.",Germany,1.103547,,,
Kolb's Farm Store,1103547.0,"Germany, Spring, 151 Kolb Rd, 19475",https://www.linkedin.com/company/kolb's-farm-store,kolbsfarmstore.com,,Germany,1.103547,,,
Smart Home Hannover Und Smart Home Online Shop,1103547.0,"Germany, Lower Saxony, Hannover, 17 An Der Tiefenriede, 30173",https://www.linkedin.com/company/smart-home-hannover-und-smart-home-online-shop,smarthome-hannover.de,,Germany,1.103547,,,
SyltAir,1060364.0,"Germany, Westerland, 101 Zum Fliegerhorst, 25980",https://www.linkedin.com/company/syltair,syltair.eu,,Germany,1.060364,,,
Krupka GmbH,1043062.0,"Germany, Baden-württemberg, Riedlingen, 10 Mühlberg, 88499",https://www.linkedin.com/company/krupka-gmbh,krupka-gmbh.de,,Germany,1.043062,,,
Osprey Industries,1043062.0,"Germany, Koenigslutter, 6 Gerhart-hauptmann-str., 38154",https://www.linkedin.com/company/osprey-industries,osprey-industries.de,"Osprey Industries is internationally working on support-, infrastructure development- and security- projects for governments, militaries and companies. We carry T-UAV systems (for camera, relay, parachuting and other various purposes), advanced ground radar systems and radar clusters and miniature radar systems (for infrastructure security, border control, recon, surveillance, special forces support and so on), various high-tech components (spy cameras, sniper scope cameras, PTZ-cameras, short-, medium-, and long-range directional and non directional 384bit crypted radio relay and data transfer, including real-time video transfer) and offer consultation and support for proper use and decision making. We also develop training programs and procedures for various fields of action.",Germany,1.043062,,,
John's Sanitary Removal,961596.0,"Germany, Silver Bay, 15 Golf Course Rd, 55614",https://www.linkedin.com/company/john's-sanitary-removal,johnssanitary.com,,Germany,0.961596,,,
WRYM 840 AM RADIO,961596.0,"Germany, Newington, 1056 Willard Ave, 06111",https://www.linkedin.com/company/wrym-840-am-radio,wrymradio.com,,Germany,0.961596,,,
Royracjr Transport Service,961596.0,"Germany, Taguig, 3 Unit 1 Jmw Bldg. 11a Dona Manuela Ave. Pamplona, 1704",https://www.linkedin.com/company/royracjr-transport-service,royracjrtransport.com,,Germany,0.961596,,,
NovoSights.com,961596.0,"Germany, North Rhine-westphalia, Paderborn, 24 Hans-humpert-str., 33102",https://www.linkedin.com/company/novosights.com,novosights.com,,Germany,0.961596,,,
Nightexpress Luftverkehrsgesellschaft MbH,961596.0,"Germany, Brandenburg, Frankfurt/m",https://www.linkedin.com/company/nightexpress-luftverkehrsgesellschaft-mbh,www.nightexpress.de,"Aircraft operator owning three aircrafts (2 Shorts 360, 1 Beech 99 all in cargo version). Since Nightexpress has been founded in 1984 the company has always focussed on express airfreight within Europe.  Nightexpress is operating a  scheduled cargo service between Frankfurt and Coventry (and vice versa) with a direct connection to Dublin. This is a specialised operation offering a premium express service. The other main service Nightexpress offers is an aircraft charter service, offering the aircrafts from the Nightexpress fleet for adhoc charter and ACMI. Additional services in connection with airfreight or charter bookings are collections and deliveries and other value added services",Germany,0.961596,,,
The Catering Place,961596.0,"Germany, Suffolk, Parent Location, 2109a Holland Rd, 23434",https://www.linkedin.com/company/the-catering-place,mycateringplace.com,,Germany,0.961596,,,
Silkcut Salon,961596.0,"Germany, Singapore, Havelock Road #01-693, 160022",https://www.linkedin.com/company/silkcut-salon,silkcutsalon.sg,,Germany,0.961596,,,
Awesome Airlines,961596.0,Germany,https://www.linkedin.com/company/awesomeflights,awesome.flights,"Menschen ein entspannteres und besseres Flugerlebnis bieten. Ohne ,dass diese sich um die Umwelt bzw. den CO2-Ausstoß Gedanken machen müssen.",Germany,0.961596,,,
SKYxAI By SKYDYN München GmbH,961596.0,"Germany, Bavaria, Munich",https://www.linkedin.com/company/skydyn,www.skydyn.de,"SKYxAI (formerly SKYDYN Munich GmbH) August 2025 – Present · Munich Metropolitan Area SKYxAI is the evolution of former ""SKYDYN Privat Aviation Catering Solutions"" – driven by a new mission: turning intelligent automation and customer-centric AI into real, usable products for Privat Aviation and Beyond.  From April 2022 to July 2025, we built SKYDYN as one of the most innovative startups in Private Aviation Catering – setting new standards in product design, customer experience, and digital operations across Munich and Bavaria. What started as a bold idea in aviation quickly became a powerful learning journey: through hundreds of flight days, operator interactions, and mission-critical deliveries, we gained a deep understanding of how user touchpoints, service processes, and operational realities shape true customer value. Private Aviation was our first field of application – but it led us to a universal insight: To truly innovate, you need to bridge the gap between process efficiency and meaningful customer experience. That’s exactly what SKYxAI is built for. We develop AI-powered prototypes, automations, and intelligent interfaces tailored to the needs of B2B clients – helping them deliver smarter journeys and stronger value chains. Our focus: enhancing the Customer Journey through better tools, smarter processes, and usable IP – always combining technical excellence with a deep understanding of the people behind it. SKYxAI builds solutions that are: – automation-ready, – human-centric, – and designed for tomorrow’s operations.",Germany,0.961596,,,
MagentaLock,960654.0,"Germany, Berlin, Berlin",https://www.linkedin.com/company/magentalock,magentalock.com,"The AGL safety screw comes as one piece, in a non-losable connection of pre-assembled safety washer. It can be used for shallow base installations. The system is comprised of a pair of washers that has cams on one side and radial teeth on the opposite side. Since the cam angle at the washer is greater than the thread pitch of the screw a wedge effect is created by the cams, achieving a high preload force which even gets higher before loosening, details see drawing and load schematic on page two.",Germany,0.960654,,,
Sierra Aviation GmbH,960654.0,"Germany, Baden-württemberg, Heidelberg",https://www.linkedin.com/company/sierra-aviation-gmbh,www.flysierra.de,Professional Aircrew Employment Agency and Aircraft Operator,Germany,0.960654,,,
AerialSurveyS GmbH,960654.0,Germany,https://www.linkedin.com/company/aerialsurveys-gmbh,,"AerialSurveyS GmbH is your partner for aerial data acquisition. We use several sensors to capture aerial data for your application. Covering wide areas with our multispectral large format camera DMC-II-230 or capturing small project areas with our two medium format cameras, we can provide cost effective image acquisition services for you. Besides that, we can make use of our pushbroom sensor with RGB forwad, backward and nadir as well as 3 NIR bands in the nadir perspective, ideal for environmental research. We also determine the terrain with our LiDAR for precise DSM and DTM extraction. Using our AOS oblique camera system, data for city modelling and 3D reconstruction can be captured. We are able to find thermal anomalies with our AeroTherm sensor for your environmental or industrial needs.",Germany,0.960654,,,
HyLevio,960654.0,Germany,https://www.linkedin.com/company/hylevio,www.hylevio.com,"THE DREAM OF FLYING - EMISSION FREE we strive to establish a new way of seamless, integrated and sustainable intercity travel, to ... connect people and bring them closer to what they love, ... eliminate unsustainable short-haul fossil-fueled aviation, and ... rid the dream of flying from its sardine-tin fee",Germany,0.960654,,,
RSD Hofmann Reise- Shuttle- U. Direktkurier,854495.0,"Germany, Dettingen An Der Iller, 1 Brühlweg, 88451",https://www.linkedin.com/company/rsd-hofmann-reise--shuttle--u.-direktkurier,rsd-dettingen.de,,Germany,0.854495,,,
Stiller Hahn Haustechnik GmbH,768058.0,"Germany, Dallenwil, 35 Stettlistrasse, 6383",https://www.linkedin.com/company/stiller-hahn-haustechnik-gmbh,stillerhahn.ch,,Germany,0.768058,,,
Tideflow GmbH,735704.0,"Germany, Bavaria, Ottobrunn, 11b Schillerstraße, 85521",https://www.linkedin.com/company/tideflow-gmbh,tideflow.de,"Die Tideflow GmbH bietet Corporate Consulting, Training und Interim-Management – mit besonderem Fokus auf die Aviatikbranche. Was uns auszeichnet, ist die enge, persönliche Zusammenarbeit mit unseren Kunden. Wir blicken auf langjährige Praxiserfahrung in der Logistikbranche zurück und liefern nicht nur Strategien, sondern praxisnahe Lösungen, die langfristigen Erfolg sichern. Ob Prozessoptimierung, Führungskräfteentwicklung oder Management auf Zeit – mit Erfahrung, Expertise und persönlichem Engagement bringen wir Ihr Unternehmen voran.",Germany,0.735704,,,
Edelmetallzentrum 1880 & Steirerpfand.com,672811.0,"Germany, Graz, 14 Hauptplatz, 8010",https://www.linkedin.com/company/edelmetallzentrum-1880-&-steirerpfand.com,1880.at,,Germany,0.672811,,,
Skischule Riezlern,672811.0,"Germany, Riezlern, 45 Walserstraße, 6991",https://www.linkedin.com/company/skischule-riezlern,skischule-riezlern.at,,Germany,0.672811,,,
Focused Tattoos,643232.0,"Germany, Cleveland, 4143 Lee Rd, 44128",https://www.linkedin.com/company/focused-tattoos-lee-harvard-,focusedtattoos.net,,Germany,0.643232,,,
Wieland Stolzenburg,636071.0,"Germany, Bavaria, Munich, 4 Knöbelstraße, 80538",https://www.linkedin.com/company/wieland-stolzenburg,wielandstolzenburg.de,,Germany,0.636071,,,
Väth Die Friseure Wertheim,636071.0,"Germany, Baden-württemberg, Wertheim",https://www.linkedin.com/company/väth-die-friseure-wertheim,vaeth-diefriseure.de,,Germany,0.636071,,,
Impresariat Forte Possibile - Stefan Schmidt GmbH,636071.0,"Germany, North Rhine-westphalia, Köln, 23 Peter-von-fliesteden-str., 50933",,forte-possibile.de,,Germany,0.636071,,,
ThienConsult,636071.0,Germany,https://www.linkedin.com/company/thienconsult,thien@thienconsult.de,,Germany,0.636071,,,
Photostudio Schmitz,636071.0,"Germany, North Rhine-westphalia, Hückeswagen, 68 Wiehagener Str., 42499",https://www.linkedin.com/company/photostudio-schmitz,photo-schmitz.de,,Germany,0.636071,,,
Zalin Events,636071.0,"Germany, North Rhine-westphalia, Rietberg, 2 Ludwig Erhard Straße, 33397",https://www.linkedin.com/company/zalin-events,zalin-events.com,,Germany,0.636071,,,
Reiseagentur Noris GmbH,636071.0,"Germany, Bavaria, Nürnberg, 73 Sulzbacher Straße, 90489",https://www.linkedin.com/company/reiseagentur-noris-gmbh,reiseagentur-noris.de,,Germany,0.636071,,,
Fotomoment - Volker Henkel Fotografie,636071.0,"Germany, Baden-württemberg, Mühlacker, 22 Ötisheimer Straße, 75417",https://www.linkedin.com/company/fotomoment---volker-henkel-fotografie,fotomoment.de,,Germany,0.636071,,,
Remy Webservices UG,636071.0,"Germany, North Rhine-westphalia, Hünxe, 20 Am Ringwall, 46569",,goremy.co,,Germany,0.636071,,,
Funduz Kostümverleih,636071.0,"Germany, Staufen, 11 A Im Gaisgraben, 79219",,kostuemfunduz.de,,Germany,0.636071,,,
Dectane GmbH,636071.0,"Germany, Saxony, Leipzig, 25 Schongauerstr., 04328",https://www.linkedin.com/company/dectane-gmbh,dectane.com,,Germany,0.636071,,,
Aichhorns.at / Werner Aichhorn,636071.0,"Germany, Wels, 40 Oberfeldstrasse, 4600",https://www.linkedin.com/company/aichhorns.at-werner-aichhorn,aichhorns.at,,Germany,0.636071,,,
TSC Touristic Center GmbH,636071.0,"Germany, North Rhine-westphalia, Rheine, 143 Osnabrücker Straße, 48429",https://www.linkedin.com/company/tsc-touristic-center-gmbh,ost-west-touristik.de,,Germany,0.636071,,,
Profi Reisecenter,636071.0,"Germany, Bavaria, Kempten (allgäu, 19 Bahnhofstraße, 87435",https://www.linkedin.com/company/profi-reisecenter,profi-reisecenter.de,"Profi Reisecenter is an airlines/aviation company based out of 19 Bahnhofstraße, Kempten (Allgäu), Germany.",Germany,0.636071,,,
The Isochrones People,636071.0,"Germany, Lower Saxony, Braunschweig, 3c Rheinring, 38120",https://www.linkedin.com/company/checkin-com,www.checkin.com,Moved to AIRPORTINFO.aero with a LinkedIn page,Germany,0.636071,,,
MK Elektronik OHG,636071.0,"Germany, North Rhine-westphalia, Troisdorf, 27 Lechfeld, 53840",https://www.linkedin.com/company/mk-elektronik-ohg,mkelektronik.net,,Germany,0.636071,,,
MA CAD/CAM-Service UG Hb,636071.0,"Germany, Rheinland-pfalz, Remagen, 8-9 Drususstraße, 53424",https://www.linkedin.com/company/ma-cad-cam-service-ug-hb,ma-fraeszentrum.de,,Germany,0.636071,,,
Ludwig Willhöft,636071.0,"Germany, North Rhine-westphalia, Neuss, 14 Farnweg, 41470",https://www.linkedin.com/company/ludwig-willhöft,willhoeft-reisen.de,,Germany,0.636071,,,
Salon Pia Wagner,636071.0,"Germany, Leuscheid, 3 Saaler Str., 51570",https://www.linkedin.com/company/salon-pia-wagner,salon.piawagner.de,,Germany,0.636071,,,
Kontakt Hermes Technischer Kundendienst GmbH & Co.,636071.0,"Germany, Kletzin Bei Demmin, Dorfstr., 17111",https://www.linkedin.com/company/kontakt-hermes-technischer-kundendienst-gmbh-&-co.,hermes-vs.de,,Germany,0.636071,,,
Stadtfrisör Coburg,636071.0,"Germany, Bavaria, Coburg, 6 Steingasse, 96450",https://www.linkedin.com/company/stadtfrisör-coburg,xn--stadtfrisr-coburg-7zb.de,,Germany,0.636071,,,
Papa-Sierra Charter UG,636071.0,Germany,https://www.linkedin.com/company/papa-sierra-charter-ug,www.papa-sierra.de,"Book a business jet with Papa-Sierra Charter – VIP flights for persons & pets! Papa-Sierra Charter is a German broker company that specialises in arranging executive charter flights. Founded in 2013 – after over ten years in sales & marketing and charter brokerage (Air Europe, Cirrus Aviation, DC Aviation, Silver Bird, MHS Aviation, Vibro-Air, OHS Aviation Services, Lufthansa Bombardier Aviation Services, Papa-Sierra Charter). Managing Director: Petra Steffen, Information Scientist M.A. Aircraft: from Citation Jets, Learjets to Global Express, Gulfstream – or BBJ, Airbus etc...  What the customer wants",Germany,0.636071,,,
Nordetec GmbH,636071.0,"Germany, Hamburg, Hamburg, 19 Meisenstraße, 22305",https://www.linkedin.com/company/nordetec-gmbh,nordetec.de,,Germany,0.636071,,,
Florian Vierthaler Garten- Und Landschaftsbau,636071.0,"Germany, Thalhausen, 18 An Der Lahn, 85402",https://www.linkedin.com/company/florian-vierthaler-garten--und-landschaftsbau,landschaftsbau-vierthaler.de,,Germany,0.636071,,,
Andreas Pohl Hausträume,636071.0,"Germany, Baden-württemberg, Lörrach, 23 Im Entenbad, 79541",https://www.linkedin.com/company/andreas-pohl-hausträume,ap-haustraum.de,,Germany,0.636071,,,
Fotografie Monika Baumann,636071.0,"Germany, North Rhine-westphalia, Düsseldorf, 33 Kronenstraße, 40217",https://www.linkedin.com/company/fotografie-monika-baumann,baumann-monika.de,,Germany,0.636071,,,
LOG Industrie GmbH,636071.0,"Germany, Schleswig-holstein, Kiel, 116 Schauenburgerstr., 24118",,log-industrie.com,,Germany,0.636071,,,
Die Kartusche - Wir Machen Druck,636071.0,"Germany, Brandenburg, Cottbus, 13-15 Werner-von-siemens-straße, 03052",https://www.linkedin.com/company/die-kartusche---wir-machen-druck,,,Germany,0.636071,,,
AS Motorradtechnik,636071.0,"Germany, Lower Saxony, Buchholz In Der Nordheide, Industriepark Nord, 53567",https://www.linkedin.com/company/as-motorradtechnik,as-motorradtechnik.de,,Germany,0.636071,,,
Press The Button,636071.0,"Germany, Berlin, Berlin, 12/13 Gerichtstraße, 13347",https://www.linkedin.com/company/press-the-button-berlin-germany-,pressthebutton.berlin,,Germany,0.636071,,,
Picasso Restaurant & Bar/ALANYA,636071.0,"Germany, Alanya, No 12/1 Şirinevler Sokak, 07400",https://www.linkedin.com/company/picasso-restaurant-&-bar-alanya,alanya-picasso.com,,Germany,0.636071,,,
Bildwerkstatt.ch,636071.0,"Germany, Zofingen, 5 Müllerweg, 4800",https://www.linkedin.com/company/bildwerkstatt.ch,bildwerkstatt.ch,,Germany,0.636071,,,
KK-Studios Recordingstudio,636071.0,"Germany, Salzburg, 61 A Linzerbundesstrasse, 5023",https://www.linkedin.com/company/kk-studios-recordingstudio,kk-studios.net,,Germany,0.636071,,,
Loibl Und Team,636071.0,"Germany, Hesse, Frankfurt Am Main, 11 Spessartstraße, 60385",https://www.linkedin.com/company/loibl-und-team,loiblundteam.de,,Germany,0.636071,,,
Pegasus Airline,636071.0,Germany,https://www.linkedin.com/company/pegasus-airline,flypgs.de,,Germany,0.636071,,,
LTA Technologie AG,636071.0,"Germany, Hesse, Wiesbaden, 177 Biebricher Allee, 65203",https://www.linkedin.com/company/lta-technologie-ag,lta-technologie.de,"LTA Technologie AG is a company based out of Biebricher Allee 177, Wiesbaden, Germany.",Germany,0.636071,,,
Cord Gode Fotografie,636071.0,"Germany, Bremen, Bremen, 91 Use Akschen, 28237",https://www.linkedin.com/company/cord-gode-fotografie,cordgode.de,,Germany,0.636071,,,
Karl Wildenauer GmbH & CO. KG,636071.0,"Germany, Hesse, Frankfurt Am Main, 4 Höchster Bahnstraße, 65929",https://www.linkedin.com/company/karl-wildenauer-gmbh-&-co.-kg,bykw.de,,Germany,0.636071,,,
Capacity Simulation,636071.0,"Germany, North Rhine-westphalia, Aachen",https://www.linkedin.com/company/capacity-simulation,www.capacitysimulation.com,Freelance Capacity & Simulation Studies for the Aviation Industry,Germany,0.636071,,,
Fleuralien KG,636071.0,"Germany, North Rhine-westphalia, Goch, 50 Siemensstr., 47574",https://www.linkedin.com/company/fleuralien-kg,fleuralien.de,,Germany,0.636071,,,
Formschoen. Raum Für Design,636071.0,"Germany, Hamburg, Hamburg, 16 Wartenau, 22089",https://www.linkedin.com/company/formschoen.-raum-für-design,dasformschoen.de,,Germany,0.636071,,,
Camp FinLake,636071.0,Germany,https://www.linkedin.com/company/camp-finlake,camp-finlake.com,,Germany,0.636071,,,
SoundFactory Lautenschläger,636071.0,"Germany, Lower Saxony, Hameln, 13 Ringstrasse, 37619",https://www.linkedin.com/company/soundfactory-lautenschläger,tonstudio-hameln.de,,Germany,0.636071,,,
Neher Daniela Reiseinsel Oberstaufen,636071.0,"Germany, Oberstaufen, 4 Immenstädter Straße, 87534",https://www.linkedin.com/company/neher-daniela-reiseinsel-oberstaufen,reise-insel-oberstaufen.de,,Germany,0.636071,,,
GdSK GmbH & Co. KG Kurierdienst,636071.0,"Germany, Lower Saxony, Osnabrück, 27 Dieselstr., 49076",https://www.linkedin.com/company/gdsk-gmbh-&-co.-kg-kurierdienst,gdsk.de,,Germany,0.636071,,,
Mailingstar.de,636071.0,"Germany, Bavaria, Munich, 70 Kistlerhofstr., 81379",https://www.linkedin.com/company/mailingstar.de,mailingstar.de,,Germany,0.636071,,,
Andrea Seitz Fotografie,636071.0,"Germany, Aspach, 50 Allmersbacher Str., 71546",https://www.linkedin.com/company/andrea-seitz-fotografie,andrea-seitz.de,,Germany,0.636071,,,
IT-Homeservice.de,636071.0,"Germany, Baden-württemberg, Mannheim, 26 Lassallestr., 68199",https://www.linkedin.com/company/it-homeservice.de,it-homeservice.de,,Germany,0.636071,,,
Lichtw3rke,636071.0,"Germany, Lower Saxony, Lüneburg, 4 Lüner Straße, 21335",https://www.linkedin.com/company/lichtw3rke,lichtwerke-fotografie.de,,Germany,0.636071,,,
Möller - Textildruck Und Werbetechnik,636071.0,"Germany, Hesse, Kassel, 8 Knorrstraße, 34134",https://www.linkedin.com/company/möller---textildruck-und-werbetechnik,moeller-textildruck.de,,Germany,0.636071,,,
Flugmotoren-Reparatur Dachsel GmbH,636071.0,"Germany, Baierbrunn, 29 Oberdiller Str., 82065",https://www.linkedin.com/company/flugmotoren-reparatur-dachsel-gmbh,flugmotoren.com,,Germany,0.636071,,,
Callidos Nachhilfeinstitut Rüdiger Schulz - Ladenburger Schülerförderung,636071.0,"Germany, Baden-württemberg, Ladenburg, 12 Ilvesheimer Straße, 68526",https://www.linkedin.com/company/callidos-nachhilfeinstitut-rüdiger-schulz---ladenburger-schülerförderung,callidos.de,,Germany,0.636071,,,
Schumann G&G,636071.0,"Germany, North Rhine-westphalia, Halle, 37 Schmiedstraße, 06112",https://www.linkedin.com/company/schumann-g&g,,,Germany,0.636071,,,
Ralph O. Jones Funeral Home,636071.0,"Germany, Odessa, 306 2nd St Se, 64076",https://www.linkedin.com/company/ralph-o.-jones-funeral-home,ralphojones.com,,Germany,0.636071,,,
Krügel Confern-Umzugspartner GmbH,636071.0,"Germany, Hamburg, Hamburg, 2-8 Basedowstr., 20537",https://www.linkedin.com/company/krügel-confern-umzugspartner-gmbh,kruegel-hamburg.de,,Germany,0.636071,,,
Messearchitektur Magg,636071.0,"Germany, Bavaria, Munich, 14 Tucholskystr., 81737",,messearchitektur-magg.de,,Germany,0.636071,,,
Obstgroßmarkt Eriskirch Josef Spanagel GmbH,636071.0,"Germany, Eriskirch, 1 Obst Vom Bodensee-weg, 88097",https://www.linkedin.com/company/obstgroßmarkt-eriskirch-josef-spanagel-gmbh,obstgrossmarkt-spanagel.de,,Germany,0.636071,,,
Wieker GmbH,636071.0,"Germany, Lower Saxony, Hude, 15 An Der Autobahn, 27798",https://www.linkedin.com/company/wieker-gmbh,www.wieker-gmbh.de,,Germany,0.636071,,,
IT-Service Fuhle,636071.0,Germany,https://www.linkedin.com/company/it-service-fuhle,mein-pc-service.com,,Germany,0.636071,,,
Flugticket Discount,636071.0,Germany,https://www.linkedin.com/company/flugticket-discount,flugticket-discount.de,,Germany,0.636071,,,
Rink Immobilien,636071.0,"Germany, North Rhine-westphalia, Bonn, 2 Baumschulallee, 53115",https://www.linkedin.com/company/rink-immobilien,rink-immobilien.de,,Germany,0.636071,,,
Rottenkolber Umwelttechnik,636071.0,"Germany, Schweitenkirchen, 2 Dietersdorf, 85301",https://www.linkedin.com/company/rottenkolber-umwelttechnik,rottenkolber-umwelttechnik.com,,Germany,0.636071,,,
Fastner Elisabeth Bilder Posterdruck Basteln Und Passfoto,636071.0,"Germany, Bavaria, Pfarrkirchen, 1 Südeinfahrt, 84347",https://www.linkedin.com/company/fastner-elisabeth-bilder-posterdruck-basteln-und-passfoto,digital-fastner.de,,Germany,0.636071,,,
Scarlett-Studio Tatuaż Artystyczny,636071.0,"Germany, Bydgoszcz, 69/7 Jagiellońska",https://www.linkedin.com/company/scarlett-studio-tatuaż-artystyczny,scarlett-studio.com,,Germany,0.636071,,,
Alltours Reisecenter Franchise,636071.0,"Germany, North Rhine-westphalia, Düsseldorf, 1 Dreischeibenhaus, 40211",https://www.linkedin.com/company/alltours-reisecenter-franchise,alltours-franchise.de,,Germany,0.636071,,,
Restaurant Petri Heil,636071.0,"Germany, Rheinland-pfalz, Ludwigshafen Am Rhein, 2 Raschigstr., 67065",,petriheil1909.de,,Germany,0.636071,,,
Pravahi Tantra,636071.0,"Germany, Berstadt, 9 Bismarckstraße, 61200",https://www.linkedin.com/company/pravahi-tantra,pravahi.de,"Pravahi Tantra is an airlines/aviation company based out of 9 Bismarckstraße, Berstadt, Germany.",Germany,0.636071,,,
SE Aviation Service GmbH,636071.0,"Germany, Mecklenburg-vorpommern, Neubrandenburg",https://www.linkedin.com/company/se-aviation-service-gmbh,se-aviation.de,Chartere unsere Cirrus SR22 GTS Turbo und fliege entspannt der Sonne entgegen.,Germany,0.636071,,,
Alpha Synapsen Programmierung Und Shiatsu-Massage Elisabeth Reiger,636071.0,"Germany, Schwechat, 4 Hauptplatz, 2320",https://www.linkedin.com/company/alpha-synapsen-programmierung-und-shiatsu-massage-elisabeth-reiger,herzensfluesterer.com,,Germany,0.636071,,,
EmmaPünktchen,636071.0,"Germany, Brandenburg, Hohen Neuendorf, 8 Am Elseneck, 16562",https://www.linkedin.com/company/emmapünktchen,emmapuenktchen.com,,Germany,0.636071,,,
Netbixx . IT-Services,636071.0,"Germany, Bavaria, Munich, 167 Leopoldstraße, 80804",https://www.linkedin.com/company/netbixx-.-it-services,netbixx.com,,Germany,0.636071,,,
Hausmeisterservice Schäfer,636071.0,"Germany, Baden-württemberg, Stuttgart, 34 Marienburgerstraße, 70374",https://www.linkedin.com/company/hausmeisterservice-schäfer,hausmeisterservice-schaefer.de,,Germany,0.636071,,,
Inventecs Patentingenieure,636071.0,"Germany, Bavaria, Munich, 38 Bavariaring, 80336",https://www.linkedin.com/company/inventecs-patentingenieure,www.inventecs.de,,Germany,0.636071,,,
HennPro Luftbildaufnahmen,636071.0,"Germany, Baden-württemberg, Crailsheim, 8 Hüttfeldstraße, 74564",https://www.linkedin.com/company/hennpro-luftbildaufnahmen,hennpro-luftbild.de,,Germany,0.636071,,,
BILDFLUG.de,636071.0,Germany,https://www.linkedin.com/company/bildflug.de,bildflug.de,BILDFLUG.de bietet Luftaufnahmen von Gebäuden oder Veranstaltungen bis hin zur Wärmebildtechnik.,Germany,0.636071,,,
Momentography,636071.0,"Germany, Langwaid, 9 Scheyererstrasse, 85293",https://www.linkedin.com/company/momentography,momentography.de,,Germany,0.636071,,,
JA Werbeartikel,636071.0,"Germany, North Rhine-westphalia, Steinhagen, 9 Gütersloher Straße, 33803",https://www.linkedin.com/company/ja-werbeartikel,ja-werbeartikel.de,,Germany,0.636071,,,
Vocalicious,636071.0,"Germany, Brackel, 3 Am Bahnhof, 21438",https://www.linkedin.com/company/vocalicious,vocalicious.de,,Germany,0.636071,,,
Travel Wotrel,636071.0,"Germany, Baden-württemberg, Freiburg, 52 Grünhof Belfortstr., 79098",https://www.linkedin.com/company/travel-wotrel,travelwotrel.com,,Germany,0.636071,,,
Mountain Flyer Aviation Service,636071.0,"Germany, North Rhine-westphalia, Meschede, 1 Otto-lilienthal-straße, 59872",https://www.linkedin.com/company/mountain-flyer-aviation-service,engelmann-flugschule.de,,Germany,0.636071,,,
R-Wrap Design Folie Statt Lack Braunschweig,636071.0,"Germany, Lower Saxony, Braunschweig, daimlerstrasse.20",https://www.linkedin.com/company/r-wrap-design-folie-statt-lack-braunschweig,r-wrapdesign.de,,Germany,0.636071,,,
Magdeburger Medien Verlag UG,636071.0,"Germany, Saxony-anhalt, Magdeburg, 7 Große Klosterstr., 39104",,magdeburger-medien-verlag.de,,Germany,0.636071,,,
THOMSN Hotel.Hinterglemm,636071.0,"Germany, Hinterglemm, 212 Dorfstraße, 5754",https://www.linkedin.com/company/thomsn-hotel.hinterglemm,thomsn.at,,Germany,0.636071,,,
Reisebörse GmbH,636071.0,"Germany, North Rhine-westphalia, Dortmund, 25 Hermannstraße, 44263",https://www.linkedin.com/company/reisebörse-gmbh,reiseboerse-nelli.de,,Germany,0.636071,,,
VEGAONE Design,636071.0,"Germany, North Rhine-westphalia, Wuppertal, 2 Heinz-fangman-straße, 42287",https://www.linkedin.com/company/vegaone-design,vegaone.de,,Germany,0.636071,,,
E-J-E Steuerberatung,636071.0,"Germany, North Rhine-westphalia, Köln, 460 Neusser Str., 50733",https://www.linkedin.com/company/e-j-e-steuerberatung,e-j-e.de,,Germany,0.636071,,,
Kindertagespflege Kikeriki,636071.0,"Germany, Hesse, Büdingen, 6 Zur Reffenstraße, 63654",https://www.linkedin.com/company/kindertagespflege-kikeriki,kindertagespflege-kikeriki.de,,Germany,0.636071,,,
MZM Zerspanungstechnik,636071.0,"Germany, Horst, 5 Gewerbestrasse, 25358",https://www.linkedin.com/company/mzm-zerspanungstechnik,mzm-zerspanungstechnik.de,,Germany,0.636071,,,
Segelmacherei Feldhusen,636071.0,"Germany, Schleswig-holstein, Kiel, 11 Redderkoppel, 24159",https://www.linkedin.com/company/segelmacherei-feldhusen,segelmacherei-feldhusen.de,,Germany,0.636071,,,
Schooff Und Moske Freie Architekten,636071.0,"Germany, Perl, 7 Pastor-michels-straße, 66706",https://www.linkedin.com/company/schooff-und-moske-freie-architekten,schooff-moske.de,,Germany,0.636071,,,
PRESIT.de,636071.0,"Germany, Bavaria, Senden, 1 Messingweg, 48308",https://www.linkedin.com/company/presit.de,presit.de,,Germany,0.636071,,,
REDS - PEETZ GmbH,636071.0,"Germany, Bavaria, Munich, 5 Mondseestr., 81827",https://www.linkedin.com/company/reds---peetz-gmbh,,,Germany,0.636071,,,
KD Köln Düsseldorfer Agentur Oberwesel,636071.0,Germany,https://www.linkedin.com/company/kd-köln-düsseldorfer-agentur-oberwesel,kd-agentur-oberwesel.de,,Germany,0.636071,,,
Kevin Kruse Fotografie,636071.0,"Germany, Heilberscheid, 7 Waldstraße, 56412",https://www.linkedin.com/company/kevin-kruse-fotografie,kkruse-fotografie.de,,Germany,0.636071,,,
Ferro33 Friseur& Kosmetiksalon,636071.0,"Germany, Baden-württemberg, Mannheim, 16-19 P6, 68161",https://www.linkedin.com/company/ferro33-friseur&-kosmetiksalon,ferro33.com,,Germany,0.636071,,,
NIAGARA Warenhandels GmbH,636071.0,"Germany, North Rhine-westphalia, Köln, 35-37 Großer Griechenmarkt, 50676",,niagaragmbh.de,,Germany,0.636071,,,
Rehcing GmbH,636071.0,"Germany, Hesse, Herborn, An Der Mühle, 35745",https://www.linkedin.com/company/rehcing-gmbh,www.rehcing.com,,Germany,0.636071,,,
Reisestudio Schmidt GmbH,636071.0,"Germany, Saarland, Saarlouis, 16 Silberherzstraße, 66740",https://www.linkedin.com/company/reisestudio-schmidt-gmbh,reisestudio-schmidt.de,,Germany,0.636071,,,
Deins Aviation,636071.0,"Germany, Hamburg, Hamburg",https://www.linkedin.com/company/deins-aviation,www.deinsaviation.com,"Our team is consists of young and enthusiastic experianced aviation professionals from different backgrounds with a combined experiance of more than 30 years. We offer a  wide range of services to aviation industry ranging from aircraft technical support services  Aircraft Lessors • Aircraft pre-purchase inspection. • Aviation asset Management support services. • Aircraft surveillance and repossession support. • Aircraft technical records management. • Aircraft records Scanning and digitization. • Aircraft delivery and redelivery support. FAA DAR / TC DER Support and supply of aviation Spare parts to leasing companies, airlines and MROs.",Germany,0.636071,,,
Leuchtende Hotelfotografie,636071.0,"Germany, Bavaria, Eggenfelden, 19 1/2 Lauterbachstraße, 84307",https://www.linkedin.com/company/leuchtende-hotelfotografie,leuchtende-hotel-fotografie.de,,Germany,0.636071,,,
Jakob-Kaiser-Stiftung E.V.,636071.0,"Germany, North Rhine-westphalia, Königswinter, 8 Godesberger Str., 53639",https://www.linkedin.com/company/jakob-kaiser-stiftung-e.v.,jakob-kaiser.de,,Germany,0.636071,,,
Vairtual,636071.0,"Germany, Hesse, Frankfurt Am Main",https://www.linkedin.com/company/vairtual,www.vairtual.com,"Vairtual is introducing a revolutionary new way to bring Airline Travelers and On-Demand Seat Bookings together through a #SocialCrowdflying experience. Let's crowdfund a flight! We are targeting flexible Leisure Traveler Groups who are willing to pay a bit more and get it all. Based on our core values Simplicity, Fairness, Transparency and Sustainability, we will launch a digital Flight Booking portal in a revolutionary style. Our flights will be operated on selected Wet Lease/Full Charter partners. In short, this is the much needed democratization of Airline Travel in its truest sense - Flights For the Travelers, Chosen By the Travelers.",Germany,0.636071,,,
Ultimativ group,636071.0,"Germany, Vienna, 2-4 Währingerstraße, 1090",https://www.linkedin.com/company/ultimativ-group,ultimativgroup.at,,Germany,0.636071,,,
Koscher & Wider EDV-Dienstleistungen GesnbR,636071.0,"Germany, Köttmannsdorf, 10 Am Platz, 9071",https://www.linkedin.com/company/koscher-&-wider-edv-dienstleistungen-gesnbr,kowi-edv.at,,Germany,0.636071,,,
Team Mantrailing,636071.0,"Germany, North Rhine-westphalia, Meerbusch",https://www.linkedin.com/company/team-mantrailing,,,Germany,0.636071,,,
1st Security Service Wertheim,636071.0,"Germany, Baden-württemberg, Wertheim, 13 Robert-bunsen-weg, 97877",https://www.linkedin.com/company/1st-security-service-wertheim,1st-ssw-frank.com,,Germany,0.636071,,,
Pixnetmedia,636071.0,"Germany, Neukirchen, 9 Hammerstraße, 08459",https://www.linkedin.com/company/pixnetmedia,pixnetmedia.de,,Germany,0.636071,,,
Hausmeisterservice Stein,636071.0,"Germany, Hesse, Hadamar, 26 Ortsstr., 65589",https://www.linkedin.com/company/hausmeisterservice-stein,hausmeisterservice-stein.de,,Germany,0.636071,,,
CharterCheck - Die Yachtcharter-Website,636071.0,"Germany, Bavaria, Starnberg, 4 Würmstraße, 82319",https://www.linkedin.com/company/chartercheck---die-yachtcharter-website,chartercheck.com,,Germany,0.636071,,,
InGeneron Equine GmbH,636071.0,"Germany, Bavaria, Munich, 24-26 Sonnenstraße, 80331",https://www.linkedin.com/company/ingeneron-equine-gmbh,ingeneron-equine.com,,Germany,0.636071,,,
Unkown GmbH,636071.0,Germany,https://www.linkedin.com/company/gsr-ventiltechnik-gmbh-&-co--kg,,unkown...............................................................................................,Germany,0.636071,,,
ComtronicGmbH,636071.0,Germany,https://www.linkedin.com/company/comtronicgmbh,comtronic-schoenau.de,,Germany,0.636071,,,
Loboclean,636071.0,"Germany, Mecklenburg-vorpommern, Rostock, 27 Wismarsche Straße, 18057",https://www.linkedin.com/company/loboclean,loboclean.de,,Germany,0.636071,,,
CHRISTOPH RAU PHOTOGRAPHIE DARMSTADT,636071.0,"Germany, Hesse, Darmstadt, 19 Barkhausstrasse, 64289",https://www.linkedin.com/company/christoph-rau-photographie-darmstadt,christoph-rau.de,,Germany,0.636071,,,
FLUGWERK,636071.0,"Germany, North Rhine-westphalia, Ladbergen, 16 Auf Stieneckers, 49549",https://www.linkedin.com/company/flugwerk-streich-gmbh-co-kg,www.flugwerk.team,"Zu unseren Leistungen gehören: Inspektion von Industrieanlagen und Gebäuden aus der Luft Drohnengestützte Dokumentation (Bspw. Baugewerbe, Gutachter, Agrar- und Forstwirtschaft) Zentimetergenaue Orthofotos, Gelände- oder 3D-Modelle zur Vermessung und Kartierung 3D Visualisierung von Grundstücken und Bauwerken sowie das realistische Integrieren von 3D Renderings in Drohnenaufnahmen Thermografie für Energieberatung, Inspektion von PV-Anlagen und zur Tierrettung Erstellung von Bild- und Videomaterial für Immobilienmakler, Agenturen und die Tourismusbranche",Germany,0.636071,,,
OCTAVI GmbH,636071.0,"Germany, Bavaria, Grünwald, 9c Nördliche Münchner Straße, 82031",https://www.linkedin.com/company/octavi-gmbh,www.octavi.net,,Germany,0.636071,,,
Elektro Seebach,636071.0,"Germany, Bavaria, Friedberg, 26 Winterbruckenweg, 86316",https://www.linkedin.com/company/elektro-seebach,elektro-seebach.de,,Germany,0.636071,,,
Kaufmann Airservice,636071.0,Germany,https://www.linkedin.com/company/kaufmann-airservice,kaufmann-airservice.de,,Germany,0.636071,,,
Feuerwehr Frauenfeld,636071.0,"Germany, Frauenfeld, 4 Marktstrasse, 8500",https://www.linkedin.com/company/feuerwehr-frauenfeld,feuerwehr-frauenfeld.ch,,Germany,0.636071,,,
Coiffeur Gönül,636071.0,"Germany, North Rhine-westphalia, Willich, 50 Bahnstraße, 47877",https://www.linkedin.com/company/coiffeur-gönül,coiffeur-goenuel.de,,Germany,0.636071,,,
FRESHTRAVEL - Perlwitz & Mädel GbR,636071.0,Germany,https://www.linkedin.com/company/freshtravel---perlwitz-&-mädel-gbr,www.freshtravel.de,"We are helping you to plan the travel for your artists, DJs or bands. Based on many years of experience, we offer flight tickets in all classes for short- and long-haul or organize and book complete tours. FLIGHT BOOKING To the gig without stress.. We are booking the most convinient and fastest routes for you. MILES & STATUS? YES, PLEASE! We are consulting regarding how to earn miles and answer all questions concerning the frequent flyer status.",Germany,0.636071,,,
G & Z - Aluminium-Systeme GmbH,636071.0,"Germany, Steinach, 1 Josef-maier-str., 77790",https://www.linkedin.com/company/g-&-z---aluminium-systeme-gmbh,gz-alu.de,,Germany,0.636071,,,
Teckel Vom Fladder Junior,636071.0,"Germany, Lower Saxony, Lohne, 5 Poggenweg, 49393",https://www.linkedin.com/company/teckel-vom-fladder-junior,teckel-vom-fladder-fci.de,,Germany,0.636071,,,
Quadrigair - German Business Aviation,636071.0,"Germany, North Rhine-westphalia, Dortmund, 44319",https://www.linkedin.com/company/quadrigair,www.quadrigair.com,"Quadrigair: Executive Charter Mit Executive Charter kaufen Sie Zeit – keinen Luxus! Vermeiden Sie unnötige Wartezeiten am Check-In, Ärger mit dem Gepäck, Verspätungen oder gar Annulierungen eines Linienflugs und nutzen Sie die gewonnene Zeit besser effektiv für Ihr Business! Durch die Nutzung unserer Businessjets und der unserer Partner sind wir spontan und sehr kurzfristig in der Lage – oft sogar noch am selben Tag – Sie unkompliziert, komfortabel und für Sie stressfrei an eines von knapp 2000 Zielen innerhalb Europas zu bringen: Mit hoher Sicherheit, Flexibiltät und selbstverständlich Diskretion. Nach Erhalt Ihrer Anfrage kalkulieren wir für Sie ein individuell auf Ihre Anforderungen zugeschnittenes Angebot und setzen uns so schnell wie möglich mit Ihnen in Verbindung. Fragen Sie uns unter www.quadrigair.com oder senden Sie gerne eine Mail an sales@quadrigair.com   ----------------------------------------------------------------------------------------------------- Quadrigair: Executive Charter With Executive Charter you buy time – no luxury! Avoid unnecessary waiting times at check-in, trouble with your luggage, delays or even cancellations of a scheduled flight. Use the time you save more effectively for your business! By using our business jets and those of our partners, we are able to take you spontaneously and at very short notice – often even on the same day – in an uncomplicated, comfortable and stress-free manner to one of almost 2000 destinations within Europe: With high security, flexibility and discretion of course. After receiving your inquiry, we will calculate an individual offer tailored to your requirements and contact you as soon as possible. Contact us at www.quadrigair.com  or send an email to sales@quadrigair.com",Germany,0.636071,,,
BE Airware,636071.0,"Germany, Baden-württemberg, Tübingen, 12 Eugenstraße, 72072",https://www.linkedin.com/company/beairware,www.be-airware.com,"A - Audits… C - Consulting… T - Training… … in Initial Airworthiness (EASA Part-21J and Part-21G) and Continuing Airworthiness (Part-145, Part-CAMO, Part-CAO, Part-M and Part-ML).",Germany,0.636071,,,
Silo-robofox - Siloreinigung,636071.0,"Germany, North Rhine-westphalia, Greven, 44 Schmedehausen-domhof, 48268",https://www.linkedin.com/company/silo-robofox---siloreinigung,jochmaring-silorobofox.de,,Germany,0.636071,,,
Remog-präzisionsteile GmbH,636071.0,"Germany, Münnerstadt, 12 Reichenbacher Straße, 97702",https://www.linkedin.com/company/remog-präzisionsteile-gmbh,remog.de,,Germany,0.636071,,,
Frankenflugschule,636071.0,"Germany, Bavaria, Herzogenaurach, Am Birkenbühl Flugplatz, 91074",https://www.linkedin.com/company/frankenflugschule,www.frankenflugschule.de,,Germany,0.636071,,,
RC-Powerplane,636071.0,"Germany, Baden-württemberg, Baden-baden, 37a Braitner Straße",https://www.linkedin.com/company/rc-powerplane,www.rc-powerplane.com,,Germany,0.636071,,,
Tap Event,636071.0,"Germany, Bavaria, Straubing, 5 Kostenzer Weg, 94315",https://www.linkedin.com/company/tap-event,tapevent.de,,Germany,0.636071,,,
Pro4 Aviation,636071.0,Germany,https://www.linkedin.com/company/pro4-aviation,pro4aviation.com,,Germany,0.636071,,,
Bildmeister.tv,636071.0,"Germany, North Rhine-westphalia, Erftstadt, 9 Luxemburgerstr., 50374",https://www.linkedin.com/company/bildmeister.tv,bildmeister.tv,,Germany,0.636071,,,
Manhold,636071.0,"Germany, Baden-württemberg, Bretten, 77 Melanchthonstr., 75015",https://www.linkedin.com/company/manhold,www.tanzschule-manhold.de,"Manhold is an airlines/aviation company based out of Melanchthonstr. 77, Bretten, Bretten, Germany.",Germany,0.636071,,,
MARKET TEAM E.V. Tübingen,636071.0,"Germany, Baden-württemberg, Tübingen, 47 Nauklerstraße, 72074",https://www.linkedin.com/company/market-team-e.v.-tübingen,mt-tuebingen.de,,Germany,0.636071,,,
Aviation Marketing,636071.0,"Germany, North Rhine-westphalia, Duisburg",https://www.linkedin.com/company/aviation-marketing,aviation-marketing.info,"Aviation und Marketing - beide Begriffe wurden mit Bedacht gewählt, denn sie können einerseits zusammen gelesen werden, also im Sinne von ""Marketing für Luftfahrtunternehmen"", andererseits stehen beide Begriffe aber auch jeweils für sich - im Sinne eines Menschen, der sich inhaltlich beiden Themen verschrieben hat: Ich beschäftige mich mit dem Themenkomplex Online-Marketing bereits seit 1997.  Seit 2001 bin ich hauptberuflich Onlineredakteur und -koordinator der Stadt Duisburg und dort mitverantwortlich für das Stadtportal duisburg.de. Meine Firma Webconsulting Schnitzler habe ich eigenverantwortlich und nebenberuflich Anfang 2010 gegründet.  Die überwiegende Anzahl meiner bisherigen Projekte sind in den Bereichen Stadtentwicklung, Luftfahrt, Hotellerie, Gastronomie, und Gesundheitswesen anzusiedeln. Für die Luftfahrt habe ich mich hingegen schon seit meiner frühesten Kindheit begeistert. Vor einigen Jahren konnte ich mir meinen Traum vom Fliegen selber erfüllen und machte meine Privatpilotenlizenz. Seitdem bin ich begeisterter Pilot und folge treu dem Motto ""Aviation is worth capturing"", indem ich viele meiner Flüge dokumentiere und nichts lieber tue, als mich mit anderen Menschen über die Fliegerei auszutauschen, mich fliegerisch weiterzuentwickeln und dazuzulernen.  Beide Themen, die Luftfahrt und das Marketing, machen mich aus. Da ich der Luftfahrt sehr verbunden bin, entwickle ich gerne Projekte in diesem Sektor, bin aber selbstverständlich auch für alle andere Branchen offen.",Germany,0.636071,,,
Montessori Kinderhaus Hainfeld,636071.0,"Germany, Hainfeld, 13 Ramsauerstraße, 3170",https://www.linkedin.com/company/montessori-kinderhaus-hainfeld,hainfeld-montessori.at,,Germany,0.636071,,,
Personalbüro Sicherheitsbranche,636071.0,"Germany, Bavaria, Ahornstraße, 85774",https://www.linkedin.com/company/personalbüro-sicherheitsbranche,as-gruppe.de,,Germany,0.636071,,,
Mirage Car Audio Ratchada 28,636071.0,"Germany, Bangkok, ratchada28",https://www.linkedin.com/company/mirage-car-audio-ratchada-28,miragecaraudio.com,,Germany,0.636071,,,
CDS Group Germany GmbH,636071.0,"Germany, North Rhine-westphalia, Düsseldorf, 78 Freiheitstr., 40627",,cds-drones.com,,Germany,0.636071,,,
Maria Schmid Fotografie,636071.0,"Germany, Untersiggenthal, 22 Stroppelstrasse, 5417",https://www.linkedin.com/company/maria-schmid-fotografie,mariaschmid.ch,,Germany,0.636071,,,
Fraatz + Partner GmbH,636071.0,"Germany, Lower Saxony, Bovenden, 46 Göttinger Str., 37120",https://www.linkedin.com/company/fraatz-partner-gmbh,fraatz-und-partner.de,,Germany,0.636071,,,
Momento Photo Books,636071.0,"Germany, Sydney, 20-40 Meagher St, 2008",https://www.linkedin.com/company/momento-photo-books,momento.com.au,,Germany,0.636071,,,
RUHUG,636071.0,"Germany, North Rhine-westphalia, Düren, 6 Rurbenden, 52382",https://www.linkedin.com/company/ruhug,ruhug.com,,Germany,0.636071,,,
Uwe Horn - Grafiker Und Webdesigner,636071.0,"Germany, Hamburg, Hamburg, 94 Max-herz-ring, 22159",https://www.linkedin.com/company/uwe-horn---grafiker-und-webdesigner,uwe-horn.net,,Germany,0.636071,,,
Moss-Bauschlosserei GmbH,636071.0,"Germany, Lower Saxony, Lingen, 10 Lenzfeld, 49811",,moss-lingen.de,,Germany,0.636071,,,
Chris Ermke Arts,636071.0,"Germany, North Rhine-westphalia, Oberhausen, 122 Lothringer-str., 46045",https://www.linkedin.com/company/chris-ermke-arts,fashion-fotograf.de,,Germany,0.636071,,,
SOWEBUNDSO,636071.0,"Germany, Wanderup, 14 Süderweg, 24997",https://www.linkedin.com/company/sowebundso,sowebundso.de,,Germany,0.636071,,,
Axel Seibel Transport- & Kurierdienste,636071.0,"Germany, North Rhine-westphalia, Mönchengladbach",https://www.linkedin.com/company/axel-seibel-transport--&-kurierdienste,axsei.de,,Germany,0.636071,,,
Anröchter Reiseagentur,636071.0,"Germany, North Rhine-westphalia, Anröchte, 54 Hauptstraße, 59609",https://www.linkedin.com/company/anröchter-reiseagentur,anroechter-reisen.de,,Germany,0.636071,,,
MP Reisemobile Hessen GmbH,636071.0,"Germany, Hesse, Frankenberg, 30 Siegener Straße, 35066",https://www.linkedin.com/company/mp-reisemobile-hessen-gmbh,reisemobilehessen.de,,Germany,0.636071,,,
Nano-Consult.me,636071.0,"Germany, Hesse, Egelsbach, 6 Offenthaler Straße, 63329",https://www.linkedin.com/company/nano-consult-me,nano-consult.me,ICAO Sprachprüfungen Levels 4 - 6 CRI (SEP) EASA Übungsflüge/Scheinverlängerung PPL,Germany,0.636071,,,
Go-parkett.de,636071.0,"Germany, Hesse, Wiesbaden, 32 Im Brückfeld, 65207",https://www.linkedin.com/company/go-parkett.de,go-parkett.de,,Germany,0.636071,,,
Reker Bauelemente & Reker Brandschutz,636071.0,"Germany, North Rhine-westphalia, Bielefeld, 32 Altmühlstr., 33689",https://www.linkedin.com/company/reker-bauelemente-&-reker-brandschutz,reker-brandschutz.de,,Germany,0.636071,,,
Flughafenparkplätze München,636071.0,Germany,https://www.linkedin.com/company/flughafenparkplätze-münchen,xn--flughafenparkpltze-ztb.com,,Germany,0.636071,,,
Architektur Holzer,636071.0,"Germany, Hatting, 6 Unterauweg, 6402",https://www.linkedin.com/company/architektur-holzer,architekt-holzer.at,,Germany,0.636071,,,
6b-coaching,636071.0,"Germany, Saxony, Leipzig",https://www.linkedin.com/company/6b-coaching,6b-coaching.de,"Business & Team Coaching | Value Based - Situational Leadership | Straight out of 25 yrs High Performance in High Risk Environment | 4 Any Interested Area | Accept – Order – Act in: Humility – Gratitude – Discipline Hinter mir liegen 25 Jahre berufsübergreifender Hochrisikobereich unter Zeitdruck und rund 5000 Luftrettungseinsätze. Sie lehrten mich wertebasiertes Handeln und Führen für das Leben in der Lage. Volle Präsenz, persönliche Integrität und verlässliche Beziehungen erleichtern mir noch heute erheblich die Zusammenarbeit in fordernden Situationen. Einfach. Mit Freude. Gerne stelle ich meine Expertise in den Dienst Ihres Anliegens. Coaching und Beratung in Präsens, Online und im Freien bis hin zu mehrtägigem Coaching in der Gruppe „auf Fahrt“. Aus der Praxis. Für die Praxis.",Germany,0.636071,,,
Trommler Werbung Und Objekteinrichtung GmbH,636071.0,"Germany, Breitenbrunn, 5 Talstraße, 08359",https://www.linkedin.com/company/trommler-werbung-und-objekteinrichtung-gmbh,trommler.biz,,Germany,0.636071,,,
Dr. David Endler,636071.0,"Germany, Hamburg, Hamburg, 8 Grosser Ring, 22457",https://www.linkedin.com/company/dr-david-endler,www.davidendler.de,"Many system development projects fail because of insufficient systems engineering activities in the very early phases of the development. And it is the very early stages when decisions are made that fix a significant amount of the total system cost. Consequently, it is more than advisable to establish and follow processes when setting up complex projects. Achieving excellence in Systems Engineering requires professional expertise. Take advantage of my proven Systems Engineering knowledge for the benefit of your organization.",Germany,0.636071,,,
HTM Jet Service Verwaltung GmbH,636071.0,"Germany, Bavaria, Ottobrunn, 1 Willi-messerschmitt-str., 85521",,htmjets.com,,Germany,0.636071,,,
Kohl Logistic GmbH & Co. KG,636071.0,"Germany, Lower Saxony, Bramsche, 26 Am Flugplatz, 49565",https://www.linkedin.com/company/kohl-logistic-gmbh-&-co.-kg,kohl-logistic.de,,Germany,0.636071,,,
24h Elektro-Notdienst,636071.0,"Germany, Hesse, Dieburg, 33 Darmstädter Str., 64807",https://www.linkedin.com/company/24h-elektro-notdienst,24h-elektro-notdienst.de,,Germany,0.636071,,,
Eoptimum Regionaldirektion Nordhorn,636071.0,"Germany, Lower Saxony, Nordhorn, 25 Ootmarsumer Weg, 48527",https://www.linkedin.com/company/eoptimum-regionaldirektion-nordhorn,eoptimum-nordhorn.de,,Germany,0.636071,,,
Fly HH,636071.0,Germany,https://www.linkedin.com/company/fly-hh,fly-hh.de,,Germany,0.636071,,,
Peter R Wegner CPA PA,636071.0,"Germany, Naples, 2400 Tamiami Trl N, 34103",https://www.linkedin.com/company/peter-r-wegner-cpa-pa,wegner-cpa.com,,Germany,0.636071,,,
Wings Over Whales,636071.0,"Germany, Kaikoura, 617 State Highway, 7340",https://www.linkedin.com/company/wings-over-whales,whales.co.nz,,Germany,0.636071,,,
BMS EDV-Systeme GmbH Traunstein,636071.0,"Germany, Bavaria, Traunstein, 42 Rupertistraße, 83278",https://www.linkedin.com/company/bms-edv-systeme-gmbh-traunstein,bms-edv-systeme.de,,Germany,0.636071,,,
Magdeburger Medien Verlag,636071.0,"Germany, Saxony-anhalt, Magdeburg, 19e Neptunweg, 39118",https://www.linkedin.com/company/magdeburger-medien-verlag,magdeburger-medien-verlag.de,,Germany,0.636071,,,
Stadtwerke Kleve GmbH,629707.0,"Germany, North Rhine-westphalia, Kleve, 36 Flutstr., 47533",https://www.linkedin.com/company/stadtwerke-kleve-gmbh,www.stadtwerke-kleve.de,"Wir versorgen die Menschen und die Wirtschaft in der Region mit Strom, Gas und Wasser − zuverlässig, maßgeschneidert und nach den neuesten technischen Standards. Dabei setzen wir konsequent auf einen verantwortungsbewussten, schonenden Umgang mit unserer Umwelt. Denn wir wissen um die große Verantwortung, die wir zum Erhalt der Lebensqualität, der Wirtschaftskraft und des öffentlichen Lebens in und um Kleve haben.        Unser Team besteht aus rund 100 engagierten Mitarbeiterinnen und Mitarbeitern im Innen- und Außendienst, die täglich etwa 100.000 Menschen versorgen und ihnen zur Seite stehen. Als mehrfach ausgezeichnetes Versorgungsunternehmen wissen wir: Zufriedene Mitarbeiterinnen und Mitarbeiter sind der entscheidende Faktor für zufriedene Kundinnen und Kunden.",Germany,0.629707,,,
H & R Netzwerk GmbH - Tobit Premium Partner,629334.0,"Germany, North Rhine-westphalia, Gronau, 9 Am Königsweg, 48599",https://www.linkedin.com/company/h-&-r-netzwerk-gmbh---tobit-premium-partner,tpp.hrnetzwerk.de,,Germany,0.629334,,,
Werner Harrer Werbefotografie,629334.0,"Germany, Linz, 328 Leonfeldner Strasse, 4040",https://www.linkedin.com/company/werner-harrer-werbefotografie,wernerharrer.com,,Germany,0.629334,,,
ILN International Logistic Network GmbH & Co. KG A. A.,629334.0,"Germany, Rheinland-pfalz, Sinzig, 8 Rastenweg, 53489",https://www.linkedin.com/company/iln-international-logistic-network-gmbh-&-co.-kg-a.-a.,iln-logistics.de,,Germany,0.629334,,,
FirstJet Aviation,629334.0,"Germany, Hesse, Frankfurt Am Main, 77 Savignystraße",https://www.linkedin.com/company/firstjet-aviation-gmbh,www.firstjet.de,"Firstjet Aviation ist Ihr flexibler und individueller Partner für Charterlösungen jedweder Art. Unsere langjährige Erfahrung mit Flugzeugchartern und unser globales Netzwerk ermöglichen es uns, Ihnen eine ganz neue preisliche Dimension des Fliegens im Privatjet anzubieten. Ob Sie einen Businessjet, einen Privatjet, einen On-Board Courier oder einen Ambulanzflug benötigen, wir setzen es umgehend in die Tat um. Firstjet Aviation stellt Sie dabei stets in den Mittelpunkt und das unterhalb der Ihnen bisher bekannten Konditionen. Unser internationales Expertenteam setzt dabei auf erstklassigen Service, der weit über das Standardangebot hinausgeht. Lassen Sie sich zu Hause von einem Fahrer in einer Limousine abholen und direkt zum General Aviation Terminal (GAT) chauffieren oder reisen Sie im eigenen Auto an und nutzen unseren Valet Parking Service. Lassen Sie sich während des Fluges kulinarisch verwöhnen, ob ein warmer Gourmet Gaumenschmaus oder Kaviarhäppchen mit Champagner – es bleiben keine Wünsche offen.",Germany,0.629334,,,
Easg.aero GmbH & Co KG,629334.0,"Germany, Hesse, Frankfurt Am Main, Taunusanlage",https://www.linkedin.com/company/easg-aero-gmbh-co-kg,www.easg.aero,aircraft upgrades. special mission. vip solutions.,Germany,0.629334,,,
Reisecentrum Linden,629334.0,"Germany, Linden, 1 Arnsburger Weg, 35440",https://www.linkedin.com/company/reisecentrum-linden,internetreiseladen.de,,Germany,0.629334,,,
Rettinger,629334.0,"Germany, Berlin, Berlin, 27 Knobelsdorffstraße, 14059",https://www.linkedin.com/company/rettinger,rettinger-gmbh.de,"Rettinger is an airlines/aviation company based out of 27 Knobelsdorffstraße, Berlin, Berlin, Germany.",Germany,0.629334,,,
PilotBadge.com,629334.0,"Germany, North Rhine-westphalia, Bielefeld, 6 Schellingweg, 33659",https://www.linkedin.com/company/pilotbadge,www.pilotbadge.com,Pilot Badge Products,Germany,0.629334,,,
Trout River Trailers - Australia,629334.0,"Germany, Hallam, 21 Star Crescent, 3803",https://www.linkedin.com/company/trout-river-trailers---australia,troutriver.com.au,,Germany,0.629334,,,
Ultraleichtflug Konstanz GmbH,629334.0,"Germany, Baden-württemberg, Konstanz, 49 Litzelstetter Str., 78467",https://www.linkedin.com/company/ultraleichtflug-konstanz-gmbh,www.ultraleichtflug.de,,Germany,0.629334,,,
Flumag GmbH,629334.0,"Germany, Thuringia, Jena-schöngleina, 1 Flugplatz, 07646",https://www.linkedin.com/company/flumag-gmbh,www.flumag.de,"Flumag GmbH was founded by pilots for pilots and operates a hangar at the Airfield Jena (EDBJ). A successful and relaxed flight begins with conscientious preparation on the ground. An aircraft has to be treated as carefully on the ground as pilots do in the air. That is why the flumag hangar is looked after by an experienced Hangar Operations Manager. He takes care of  all aircraft and of all aspects of the hangar. The Flumag Hangar Operations Manager is an active pilot and flight instructor himself, always happy to assist local pilots and guests.",Germany,0.629334,,,
Helidoc,629334.0,"Germany, Bavaria, Lenggries, 16 B Mühlbach, 83661",https://www.linkedin.com/company/helidoc,www.helidoc.de,,Germany,0.629334,,,
Haubrich Bedachungen Klempnerei Holzbau,629334.0,"Germany, Rheinland-pfalz, Bitburg, 24 Zur Startbahn, 54634",https://www.linkedin.com/company/haubrich-bedachungen-klempnerei-holzbau,haubrich.dach.de,,Germany,0.629334,,,
David Porter,629334.0,Germany,https://www.linkedin.com/company/david-porter,,Currently available for projects.,Germany,0.629334,,,
Noris - Expert - Group GmbH,629334.0,"Germany, Bavaria, Nürnberg, 15 Stahlstraße, 90411",https://www.linkedin.com/company/noris---expert---group-gmbh,noris-expert.de,,Germany,0.629334,,,
DPD Paketshop Frankfurt,629334.0,"Germany, Hesse, Frankfurt Am Main, 40 Bolongarostraße, 65934",https://www.linkedin.com/company/dpd-paketshop-frankfurt,,,Germany,0.629334,,,
Tone Complex - Recording Studio & Label,629334.0,"Germany, Schleswig-holstein, Kiel, 21 23 Deliusstraße, 24114",https://www.linkedin.com/company/tone-complex---recording-studio-&-label,,,Germany,0.629334,,,
Sofianos Wagner,629334.0,"Germany, Bavaria, Munich, 47 Goethe Strasse, 80336",https://www.linkedin.com/company/sofianos-wagner,sofianos-wagner.com,,Germany,0.629334,,,
St. Wendel Im Saarland,629334.0,"Germany, Saarland, Sankt Wendel, 22 Berliner Allee, 66606",https://www.linkedin.com/company/st.-wendel-im-saarland,anzeigen.sankt-wendel-saar.de,,Germany,0.629334,,,
Klaus Hoffmann,629334.0,"Germany, Schleswig-holstein, Elmshorn, 6 Gerhardstr., 25335",https://www.linkedin.com/company/klaus-hoffmann,klaus-hoffmann.com,,Germany,0.629334,,,
Teatris,629334.0,"Germany, Galati, Nr. 5-7 Strada Lahovary, 800021",https://www.linkedin.com/company/teatris,teatris.ro,,Germany,0.629334,,,
Derart,629334.0,"Germany, Bavaria, Dorfen, 27 Von-eichendorff-ring, 84405",https://www.linkedin.com/company/derart,www.derart-werbeagentur.de,,Germany,0.629334,,,
Fliegerclub Oschatz E.V.,629334.0,"Germany, Saxony, Oschatz, 36 Wermsdorfer Str., 04758",https://www.linkedin.com/company/fliegerclub-oschatz-e.v.,www.flugplatz-oschatz.de,"Fliegerclub Oschatz E.V. is a company based out of 36 Wermsdorfer Str., Oschatz, Germany.",Germany,0.629334,,,
Tanzschule Wendt Rellingen Centrum,629334.0,"Germany, Schleswig-holstein, Rellingen, 35 Hauptstr., 25462",https://www.linkedin.com/company/tanzschule-wendt-rellingen-centrum,tanzschule-rellingen.de,,Germany,0.629334,,,
Aes Motomation,629334.0,"Germany, North Rhine-westphalia, Meerbusch, 40670",https://www.linkedin.com/company/aes-motomation,www.aes-motomation.de,,Germany,0.629334,,,
SPACE EXPERIENCES,629334.0,"Germany, Berlin, Berlin, 16 Neue Schönholzer Str.",https://www.linkedin.com/company/haltinner-space-experiences,www.space-experiences.com,"SPACE EXPERIENCES is a space tourism agency and offers unique space adventures for privat and corporate explorers. Besides our services, we revolutionize private astronaut experiences by offering life-changing moments and easy booking procedures.  Space Experiences provides save payments, transparent requirements and strong selected partners. Together, we enable the way into space and turn memorable and touching adventures into life-changing moments. Be the hero of a new and exciting age!",Germany,0.629334,,,
Reisen Und Mehr,629334.0,"Germany, Lower Saxony, Aurich, 24-27 Markt, 26603",https://www.linkedin.com/company/reisen-und-mehr,www.reisen-mehr-ostfriesland.de,,Germany,0.629334,,,
Mudra Online,629334.0,"Germany, Bavaria, Nürnberg, 25 Schieräckerstraße, 90431",https://www.linkedin.com/company/mudra-online,mudra-online.de,,Germany,0.629334,,,
GAviators,629334.0,"Germany, Berlin, Berlin, 12 Fichtestr., 10967",https://www.linkedin.com/company/gaviators,www.gaviators.com,"Founded in 2005 GAviators manages and rents a fleet of modern and safe aircrafts - always in a friendly athmosphere - in the middle of the German capital. The experienced GAviators Team offer Flight Training and professional services in the field of aviation. We have excellent connections, both nationally and worldwide, with flying schools and many other businesses. Thanks to the cooperation with the Austrian flight school Spins & More GmbH in Salzburg we provide all kind of flight training: from privat pilot license PPL(A) to IFR Rating - included the most modern and 'light' Competency Based (CB-IR) and Enroute (E-IR) Instrument Rating. Our offer also include Acrobatic and Upset Recovery Training. German Presentation GAviators ist seit mehr als zehn Jahren im Bereich der Luftfahrt, Vercharterung und Ausbildung tätig. Wir verchartern auf dem Flugplatz Schönhagen drei modern mit Glascockpit G1000 ausgerüstete und IFR zugelassene DA40 D. Wir bieten fliegerische Aus- und Weiterbildung. In Rahmen einer Firmenumstrukturierung wird die Firma im 2017 als ""GAviators GmbH"" eingetragen.",Germany,0.629334,,,
AirCert GmbH,629334.0,"Germany, Bavaria, Munich, 8 Konrad-zuse-platz, 81829",https://www.linkedin.com/company/aircert-gmbh,www.aircert.org,,Germany,0.629334,,,
Sky-Team Paragliding,629334.0,"Germany, Baden-württemberg, Gernsbach, 30 Schwarzwaldstraße, 76593",https://www.linkedin.com/company/sky-team-paragliding,sky-team.de,,Germany,0.629334,,,
Conny Stein Photodesign,629334.0,"Germany, Bavaria, Munich, 11 A Infanteriestraße, 80797",https://www.linkedin.com/company/conny-stein-photodesign,conny-stein.de,,Germany,0.629334,,,
VPS Verkehrspilotenschule Berlin GmbH,629334.0,"Germany, Brandenburg, Schönefeld",https://www.linkedin.com/company/vps-verkehrspilotenschule-berlin-gmbh,www.dvs-flugschule.com,,Germany,0.629334,,,
Ballon Team Hanseat,629334.0,"Germany, Lower Saxony, Stuhr, 33 Johann-eilers-weg, 28816",https://www.linkedin.com/company/ballon-team-hanseat,www.b-t-h.de,,Germany,0.629334,,,
AirlineDispatch.com,629334.0,"Germany, Zürich, 43 Auwiesenstrasse, ch-8050",https://www.linkedin.com/company/airlinedispatch.com,www.airlinedispatch.com,"AirlineDispatch.com is conducting Consulting and Training for Business Aviation. The company is specialized in; Dispatcher and Operational Staff training  - EU-OPS 1, Performance, Weather, NOTAM General Training for new employees in an airline to provide basic knowledge of Aviation All training will be tailored to your needs and requirements. Training can be either in-house at your facility or at an AirlineDispatch.com training facility.",Germany,0.629334,,,
Trageberatung Gaia,629334.0,"Germany, Bavaria, Taufkirchen, 14 1/2 Landshuterstr., 84416",https://www.linkedin.com/company/trageberatung-gaia,trageberatung-gaia.de,,Germany,0.629334,,,
Jetshare GmbH,629334.0,"Germany, North Rhine-westphalia, Dortmund, 7 Flugpl., 44319",https://www.linkedin.com/company/jetshare-gmbh,,,Germany,0.629334,,,
Barre Concept,629334.0,"Germany, Bavaria, Vaterstetten, 30 Bahnhofstr., 85591",https://www.linkedin.com/company/barre-concept,barre-concept.de,,Germany,0.629334,,,
Ataxa GmbH,629334.0,"Germany, Bavaria, Haibach, 6 Zum Stadion, 63808",https://www.linkedin.com/company/ataxa-gmbh,,,Germany,0.629334,,,
AIDA Development GmbH,629334.0,Germany,https://www.linkedin.com/company/aida-development-gmbh,www.aida-development.de,,Germany,0.629334,,,
Erwin Berger,629334.0,"Germany, Bavaria, Munich, 23 Tangastraße, 81827",https://www.linkedin.com/company/erwin-berger,www.erwin-berger.de,,Germany,0.629334,,,
Chalkless Media GmbH,629334.0,"Germany, Hesse, Frankfurt Am Main, 27 G Löwengasse, 60385",https://www.linkedin.com/company/chalkless-media-gmbh,www.chalkless-media.com,,Germany,0.629334,,,
Dronesecure.net,629334.0,"Germany, Bavaria, Schweinfurt, 21 Gustav-heusinger-straße, 97424",https://www.linkedin.com/company/dronesecure.net,dronesecure.net,,Germany,0.629334,,,
The Pasta Peddler,629334.0,"Germany, Buffalo, 1547 Hertel Ave, 14216",https://www.linkedin.com/company/the-pasta-peddler,pastapeddler.com,,Germany,0.629334,,,
Das Fotostudio Anke Schemion,629334.0,"Germany, Hesse, Babenhausen, 6 Fahrstr., 64832",https://www.linkedin.com/company/das-fotostudio-anke-schemion,fotostudio-babenhausen.de,,Germany,0.629334,,,
Ce Global Sourcing GmbH,629334.0,"Germany, Höhenkirchen-siegertsbrunn, 42 Altlaufstrasse, 85635",https://www.linkedin.com/company/ce-global-sourcing-gmbh,ce-global.de,,Germany,0.629334,,,
Nadel & Zwirn GmbH,629334.0,"Germany, Bavaria, Nürnberg, 1 Karl-grillenberger-str., 90402",https://www.linkedin.com/company/nadel-&-zwirn-gmbh,nadel-und-zwirn.de,"Nadel & Zwirn GmbH is an airlines/aviation company based out of 1 Karl-Grillenberger-Str., Nuremberg, Germany.",Germany,0.629334,,,
Aventury GmbH,629334.0,"Germany, Baden-württemberg, Rastatt",https://www.linkedin.com/company/aventury-gmbh,,,Germany,0.629334,,,
Sager Installationstechnik,629334.0,"Germany, Innsbruck, 2 Tafelweg, 6020",https://www.linkedin.com/company/sager-installationstechnik,sager-installationstechnik.at,,Germany,0.629334,,,
Bake In Space,629334.0,Germany,https://www.linkedin.com/company/bakeinspace,bakein.space,Bake In Space seeks to address the scientific and technical challenges relating to the production of fresh food in space in order to improve the wellbeing and comfort of humans travelling beyond Low Earth Orbit.,Germany,0.629334,,,
Premium Reisen GmbH,629334.0,"Germany, Hesse, Wiesbaden, 31 Friedrichstraße, 65185",https://www.linkedin.com/company/premium-reisen-gmbh,,,Germany,0.629334,,,
Pizzeria Cartia,629334.0,"Germany, Hesse, Frankfurt Am Main, 7 Hagebuttenweg, 60433",https://www.linkedin.com/company/pizzeria-cartia,pizzeria-cartia.de,,Germany,0.629334,,,
Gulbis,629334.0,"Germany, Mecklenburg-vorpommern, Witzin, 4 Güstrower Chaussee, 19406",https://www.linkedin.com/company/gulbis,,"In unserem gem tlichen Restaurant mit Wintergarten und Sonnenterrasse verw hnen wir Sie gern mit gutb rgerlicher K che, verschiedensten Fisch- und Wildgerichten und Spezialit ten der Saison. Und nach einem erlebnisreichen Tag im sch nen Mecklenburg finden Sie in unseren komfortablen Hotelzimmern sicher einen erholsamen Schlaf.",Germany,0.629334,,,
APDZ,629334.0,"Germany, North Rhine-westphalia, Köln, 55 Luxemburger Straße, 50674",https://www.linkedin.com/company/apdz,apdz.de,,Germany,0.629334,,,
Livemoment,629334.0,"Germany, Saxony, Dresden, 11-13 Katharinenstraße, 01099",https://www.linkedin.com/company/livemoment,livemoment.de,,Germany,0.629334,,,
The Honeymoon Boutique,629334.0,"Germany, Earlwood, 273 Homer Street, 2206",https://www.linkedin.com/company/the-honeymoon-boutique,thehoneymoonboutique.com.au,,Germany,0.629334,,,
Feuerschutz GmbH,629334.0,"Germany, Hesse, Buseck, 15 Kiesacker, 35418",https://www.linkedin.com/company/feuerschutz-gmbh,www.doerr-feuerschutz.de,,Germany,0.629334,,,
Spherus Aviation GmbH,629334.0,"Germany, Lower Saxony, Langenhagen, 18 Nordstraße, 30855",https://www.linkedin.com/company/spherus-aviation-gmbh,spherus-aviation.de,,Germany,0.629334,,,
DISG - YouMagnus AG,629334.0,"Germany, North Rhine-westphalia, Köln, 43-45 Hohenstaufenring, 50674",https://www.linkedin.com/company/disg---youmagnus-ag,disg-modell.de,,Germany,0.629334,,,
Flugplatz Korbach GmbH,629334.0,"Germany, Hesse, Korbach, 43 Rammelsweg, 34497",https://www.linkedin.com/company/flugplatz-korbach-gmbh,flugplatzkorbach.de,,Germany,0.629334,,,
Aviationtag,629334.0,"Germany, North Rhine-westphalia, Köln, 21 Daimlerstraße, 50859",https://www.linkedin.com/company/aviationtag,www.aviationtag.com,"Pocket-size Aircraft nostalgia We had a simple idea and a great vision. Our drive to turn scrapped products into something new coupled with our passion for aircraft history, we created pieces of aircraft nostalgia in pocket size. After months of travelling, hours of telephone calls and uncountable emails, our idea finally started taking shape – the first aircraft pieces came rolling into our workshop in big containers. With even more enthusiasm, we started to work on giving these giants of the skies a new purpose. We had to come up with an individual production process because we knew one thing from the outset: we wanted to create something “honest” and to change as little as possible about the historic source of the material. Except its shape. That’s why we went ahead and searched for local companies who could help us disassemble the plane material, which is no small feat! Every square meter of plane skin has more than 5.000 rivets we have to remove and we cut, punch & polish each tag individually.",Germany,0.629334,,,
Luxaviation Service,629334.0,"Germany, Rheinland-pfalz, Bitburg, 14 Am Tower, 54634",https://www.linkedin.com/company/luxaviation-service,luxaviation.lu,,Germany,0.629334,,,
KLEES.AERO,629334.0,"Germany, Rheinland-pfalz, Bad Neuenahr-ahrweiler, 22 Am Mühlenteich, 53474",https://www.linkedin.com/company/klees.aero,klees.aero,,Germany,0.629334,,,
The Flight-Refund GmbH,629334.0,"Germany, North Rhine-westphalia, Aachen, 83 Süsterfeldstraße, 52072",https://www.linkedin.com/company/the-flight-refund-gmbh,www.flight-refund.com,"Your flight was delayed or cancelled? We will pay you up to EUR 400,00 for your claim within 48 hours - no matter where you live. Our english site is www.flight-refund.com, our german site www.flug-erstattung.de.",Germany,0.629334,,,
MSI GmbH,629334.0,"Germany, Bavaria, Feucht, 12 Försterweg, 90537",https://www.linkedin.com/company/msi-gmbh,,,Germany,0.629334,,,
Pictureyourlife,629334.0,"Germany, Baden-württemberg, Karlsruhe, 13 Bärenweg, 76149",https://www.linkedin.com/company/pictureyourlife,pictureyourlife.de,,Germany,0.629334,,,
Helijet-Charter GmbH,629334.0,"Germany, North Rhine-westphalia, Dortmund",https://www.linkedin.com/company/helijet-charter-gmbh,www-helijet-charter.de,"Ob Hubschrauber- oder Flugzeug-Charter, Helijet-Charter GmbH führt Ihren Flug schnell, komfortabel und zuverlässig durch.  Wir betreiben neben unseren Hubschraubern vom Typ Sikorsky S-76 auch einen Learjet 60 und können somit ein perfektes Gesamtbild - und Angebot zur Verfügung stellen.",Germany,0.629334,,,
Keramiker Inge Vincents,629334.0,"Germany, Copenhagen, 27 Jægersborggade, 2200",https://www.linkedin.com/company/keramiker-inge-vincents,vincents.dk,,Germany,0.629334,,,
SPACE AFFAIRS,629334.0,"Germany, Bremen, Bremen, 5 Gerold-janssen Straße, 28359",https://www.linkedin.com/company/1485092,www.space-affairs.com,"Space Affairs - Beyond your Horizon e take you with us on a voyage. We are SPACE AFFAIRS, space voyagers following an agenda that started in 2000.  Born at a time when the Internet was just a few years old, we quickly realised that the new paths and goals needed to be found. We did not go the easy way, we went the difficult way to open a business that was not yet based in Europe.  Our customer relationship is based on human empathy, sound experience with many customers since 2000 and boundless thinking. We see you as a person first. Because we are all equal in our striving and our curiosity to go ahead. Start with your own journey, whatever your motivation may be; we can fulfil your wishes, needs, dreams and demands for infinite experiences! No matter how alien it may seem. On earth, in heaven, or space!  Let us start a space affair!",Germany,0.629334,,,
Radiologie Und Nuklearmedizin Am Ebertplatz,629334.0,"Germany, North Rhine-westphalia, Köln, 2 Ebertpl., 50668",https://www.linkedin.com/company/radiologie-und-nuklearmedizin-am-ebertplatz,www.radiologie-nuklearmedizin-ebertplatz.de,,Germany,0.629334,,,
Waterhouse Atlas Technique & Trade GmbH,629334.0,"Germany, Lower Saxony, Ganderkesee, 4a Industriepark, 27777",https://www.linkedin.com/company/waterhouse-atlas-technique-&-trade-gmbh,,,Germany,0.629334,,,
Kipa Logistik GmbH,629334.0,"Germany, Baden-württemberg, Freudenstadt, 3-19 Wittlensweilerstr, 72250",https://www.linkedin.com/company/kipa-logistik-gmbh,kipalogistik.de,,Germany,0.629334,,,
TWINN,629334.0,"Germany, Offenhausen, 13 Ittelshofen, 91238",https://www.linkedin.com/company/twinn,twinn.de,,Germany,0.629334,,,
Cook&More,629334.0,"Germany, North Rhine-westphalia, Bocholt, 52 Ravardistr., 46399",https://www.linkedin.com/company/cook&more,cookmore.de,,Germany,0.629334,,,
Bionic Studio By Heinkel Group,629334.0,Germany,https://www.linkedin.com/company/bionicstudio,www.bionic-studio.com,"Sie glauben die additive Fertigung kann Ihnen neue Möglichkeiten bieten? Sie wissen aber nicht, wo Sie ansetzen müssen? Wir begleiten und beraten Sie von der Auswahl eines für die Optimierung geeigneten Bauteils bis hin zum fertigen additiv gefertigten Produkt.",Germany,0.629334,,,
Nordlicht Company,629334.0,"Germany, Baden-württemberg, Mosbach, 1 Am Flugplatz, 74821",https://www.linkedin.com/company/nordlicht-company,www.nordlichtcompany.de,,Germany,0.629334,,,
Dekowelt,629334.0,"Germany, Hesse, Gießen, 236 Wißmarer Weg, 35396",https://www.linkedin.com/company/dekowelt,www.steinfiguren.net,"Alle Texte, Bilder und weiter hier veröffentlichten Informationen unterliegen dem Urheberrecht des Anbieters, soweit nicht Urheberrechte Dritter bestehen. In jedem Fall ist eine Vervielfältigung, Verbreitung oder öffentliche Wiedergabe ausschließlich im Falle einer widerruflichen und nicht übertragbaren Zustimmung des Anbieters gestattet.",Germany,0.629334,,,
Holz.architekten,629334.0,"Germany, Lassnitzhöhe, 23 Haupstrasse, 8301",https://www.linkedin.com/company/holz.architekten,holzarchitekten.at,,Germany,0.629334,,,
XTO Design GmbH,629334.0,"Germany, Bavaria, Munich, 216 Landsbergerstr., 80687",https://www.linkedin.com/company/xto-design-gmbh,xto-design.com,,Germany,0.629334,,,
Ibov Transporte,629334.0,"Germany, Baden-württemberg, Mannheim, 50 Essener Str., 68219",https://www.linkedin.com/company/ibov-transporte,ibov-transporte.de,,Germany,0.629334,,,
Falcon Crest Air,629334.0,"Germany, Hamburg, Hamburg, 33 Poststraße, 20354",https://www.linkedin.com/company/falcon-crest-air,www.falconcrest.com,"Flugunternehmen zur Herstellung von Luftbildern, Filmen und deren Vertonung",Germany,0.629334,,,
B2 - Aviation Reps GmbH,629334.0,"Germany, Brandenburg, Falkensee, 35 Adornostraße, 14612",https://www.linkedin.com/company/b2-aviation-reps-gmbh,www.b2avia.com,"We aim to offer the best air charter service on the market, distinguishing ourselves by our professional and expert approach to commercial management of all phases of chartering.  We are not just a charter broker, nor an airline, we are both. A perfectly balanced hybrid that benefits from the characteristics of both to meet the growing demand in the market. A new frontier in the world of aviation led by a team of skilled and capable professionals with decades of experience in the aviation sector.  The high quality of the service offered, the deep respect for the competencies of colleagues, collaborators and partners and the transparency with which we conduct every activity leads us to be highly competitive on the market and a safe and reliable choice for aircraft chartering.  • Tailor-made service  • Worldwide air chartering  • Availability 24/7  Email: giancarlo.celani@b2aviationreps.de sales@airliberty.aero  Sector: Air Charter Organisation  Headquarter: Adornostr. 35 - 14612 Falkensee, Deutschland Head of Management: Giancarlo Celani, Managing Director",Germany,0.629334,,,
Lippetouristik,629334.0,"Germany, North Rhine-westphalia, Lünen, 1d Münsterstraße, 44534",https://www.linkedin.com/company/lippetouristik,www.lippetouristik.de,"Planen Sie mit uns Ihren Sommerurlaub, Ihren Club- oder Betriebsausflug, Ihre Radreise oder Kanufreizeit und nutzen Sie unseren",Germany,0.629334,,,
Reisemarkt,629334.0,"Germany, Bavaria, Freising, 6 General-von-nagel-straße, 85354",https://www.linkedin.com/company/reisemarkt,reisemarkt-fs.de,,Germany,0.629334,,,
Robling Transporte,629334.0,Germany,https://www.linkedin.com/company/robling-transporte,robling-transporte.de,,Germany,0.629334,,,
MS Industrie AG,629334.0,"Germany, Bavaria, Munich, 7 Brienner Strasse, 80333",https://www.linkedin.com/company/ms-industrie-ag-msag-,www.ms-industrie.ag,,Germany,0.629334,,,
WHGA - Gastronomie & Catering GmbH,629334.0,"Germany, Brandenburg, Potsdam, 149 Berliner Straße, 14467",https://www.linkedin.com/company/whga---gastronomie-&-catering-gmbh,whga.net,,Germany,0.629334,,,
PlanB-Bildungs GmbH,629334.0,"Germany, North Rhine-westphalia, Köln, 73 Hauptstr., 50996",https://www.linkedin.com/company/planb-bildungs-gmbh,planb-bildungs.de,,Germany,0.629334,,,
Airdus GmbH Perfect Air Charter,629334.0,"Germany, North Rhine-westphalia, Düsseldorf, 132 Ulmenstraße",https://www.linkedin.com/company/airdus,www.airdus.de,"Consulting and any kinds of services in the aviation industry ‒ especially charter, leasing, procurement and sales of aircraft to business and private customers.",Germany,0.629334,,,
TRD-Reisen Fischer,629334.0,"Germany, North Rhine-westphalia, Dortmund, 51 Im Spähenfelde, 44143",https://www.linkedin.com/company/trd-reisen-fischer,trd.de,,Germany,0.629334,,,
Prime-drone.com,629334.0,"Germany, Hamburg, Hamburg, 32 Neuer Kamp, 20357",https://www.linkedin.com/company/prime-drone-com,www.prime-drone.com,"Wir können Drohne. Für Film&TV, Industrie, BOS etc. Multikopter eröffnen in jeder Berufsparte neue Perspektiven und Analysemöglichkeiten. Hochempfindliche Kameras für RGB, Thermal und Multi-Spektral liefern aus der Luft mit Multicoptern ungeahnte Erkenntnisse für Analysen.",Germany,0.629334,,,
Startrade GmbH,629334.0,"Germany, North Rhine-westphalia, Siegen, 4 Känerbergstraße, 57076",https://www.linkedin.com/company/startrade-gmbh,www.goldschmelzesiegen.de,,Germany,0.629334,,,
Hradecky Aviation Services,629334.0,"Germany, Baden-württemberg, Eislingen, 2 Möckenweg, 73054",https://www.linkedin.com/company/hradecky-aviation-services,www.hradecky-aviation.com,"Enjoy the advantages and pleasure of a journey in a private jet     Join a business meeting     Get a fast, easy and private flight     Book a leisure trip for you and your family      Avoid big and crowded terminals of large airports You will be surprised how easy it is, we take care of all your needs- from your door to the final destination.",Germany,0.629334,,,
Damerius,629334.0,"Germany, Baden-württemberg, Bretten, 39 Wilhelmstr., 75015",https://www.linkedin.com/company/damerius,www.fahrschule-damerius.de,,Germany,0.629334,,,
Restaurant Burkia,629334.0,"Germany, Innsbruck, 172 Fürstenweg, 6020",https://www.linkedin.com/company/restaurant-burkia,burkia.at,,Germany,0.629334,,,
Carplane GmbH,629334.0,"Germany, Lower Saxony, Braunschweig, 5 Lilienthalpl., 38108",https://www.linkedin.com/company/carplane-gmbh,www.carplane.de,"Der Carplane ist ein bimodales Fahrzeug für den Individualverkehr. Er wird weltweit das erste herkömmlich zugelassene Flugzeug, das die strenge Abgasnorm für den Straßengebrauch erfüllt. Der Motor befindet sich zwischen zwei Rümpfen, wo Lärmemissionen verringert sind. Die Modus-Verwandlung dauert 15 Sekunden. Er wird zur Zeit am Forschungsflughafen in Braunschweig entwickelt.",Germany,0.629334,,,
Pearls Booking Berlin,629334.0,"Germany, Berlin, Berlin, 6 Lottumstr., 10119",https://www.linkedin.com/company/pearls-booking-berlin,pearls-booking.com,,Germany,0.629334,,,
GES-Sportfoto,629334.0,"Germany, Dettenheim, 5 Am Herrenacker, 76706",https://www.linkedin.com/company/ges-sportfoto,ges-sportfoto.de,,Germany,0.629334,,,
Geerkens GmbH,629334.0,"Germany, North Rhine-westphalia, Rheinberg, 101 Bahnhofstr., 47495",https://www.linkedin.com/company/geerkens-gmbh,geerkens-handwerk.de,,Germany,0.629334,,,
Inflight Television International,629334.0,"Germany, Hesse, Kelsterbach, 2a Am Weiher, 65451",https://www.linkedin.com/company/inflight-television-international,www.inflight-tv.aero,"Inflight Television International, in short iTV, is a leading technical service provider of daily IFE content. Currently we have offices in Frankfurt and London where we prepare news and sports program and deliver them 24/7. The edited content can be delivered in any analog (tape) or digital format. We supply content for all systems such as; Thales TopSeries, Panasonic eX2 and Rockwell Collins eTES, dPAVES and many others. iTV also represents the European news broadcaster Euronews (13 languages) and the Chinese news broadcaster CCTV (2 languages).",Germany,0.629334,,,
Reisecenter Uhingen,629334.0,"Germany, Baden-württemberg, Uhingen, 31 Stuttgarter Straße, 73066",https://www.linkedin.com/company/reisecenter-uhingen,rc-uhingen.de,,Germany,0.629334,,,
ESC SECURITY,629334.0,"Germany, Bestensee Erkner, 4 Zeesener Str., 15741",https://www.linkedin.com/company/esc-security,www.esc-security.de,,Germany,0.629334,,,
AWB Steuerberatung,629334.0,"Germany, North Rhine-westphalia, Köln, 39 Kerpener Str., 50937",https://www.linkedin.com/company/awb-steuerberatung,awb-steuerberatung.de,,Germany,0.629334,,,
Blue-Sky-Alliance,629334.0,Germany,https://www.linkedin.com/company/blue-sky-alliance,www.blue-sky-alliance.com,www.blue-sky-alliance.com,Germany,0.629334,,,
Easy Post,629334.0,"Germany, Hesse, Neu Isenburg, 21 Frankfurter Str., 63263",https://www.linkedin.com/company/easy-post,easy-post.de,,Germany,0.629334,,,
KREYERS REISESHOP,629334.0,"Germany, North Rhine-westphalia, Herzogenrath, Südstraße, 52134",https://www.linkedin.com/company/kreyers-reiseshop,kreyer-reiseshop.de,KREYERS REISESHOP,Germany,0.629334,,,
Felser GmbH,629334.0,"Germany, Bavaria, Munich, 6b Heiglhofstr., 81377",https://www.linkedin.com/company/felser-gmbh,www.rollladen-felser.de,,Germany,0.629334,,,
WISAG ComforTables Catering,616000.0,Germany,https://www.linkedin.com/company/wisag-comfortables-catering,comfortable.de,"WISAG ComforTables Catering is an airlines/aviation company based out of REBSTÖCKER STR. 33, Frankfurt, Germany.",Germany,0.616,,,
Balance Yoga And Massage,592811.0,"Germany, Fort Mill, 2435 Sc-160 W, 29708",https://www.linkedin.com/company/balance-yoga-and-massage,balanceyogaandmassage.com,,Germany,0.592811,,,
Shockbeat,592811.0,"Germany, Ter Aar, 95a Westkanaalweg, 2461",https://www.linkedin.com/company/shockbeat,shockbeat.com,,Germany,0.592811,,,
Power 103.5 FM - O'City,592811.0,"Germany, Oklahoma City, 1528 Ne 23rd St, 73111",https://www.linkedin.com/company/power-103.5-fm---o'city,,,Germany,0.592811,,,
7.Stock Mietstudio Hannover,592811.0,"Germany, Lower Saxony, Hannover, 2 Schwarzer Bär, 30449",https://www.linkedin.com/company/7.stock-mietstudio-hannover,mietstudio-hannover.de,,Germany,0.592811,,,
HK Transport Inc,592811.0,"Germany, Indianapolis, 1401 W Ray St, 46221",https://www.linkedin.com/company/hk-transport-inc,hktransportinc.com,,Germany,0.592811,,,
Marco La Manna Luthier,592811.0,Germany,https://www.linkedin.com/company/marco-la-manna-luthier,guitarshoptantan.com,,Germany,0.592811,,,
Nina Weymann Fotografie,592811.0,"Germany, Lower Saxony, Hannover, 20 Königswortherstraße, 30167",https://www.linkedin.com/company/nina-weymann-fotografie,ninaweymann.de,,Germany,0.592811,,,
U.M.C.D. Fluggeräte,556596.0,"Germany, Baden-württemberg, Spaichingen, 21 Gutenbergstr., 78549",https://www.linkedin.com/company/u-m-c-d--fluggeräte,www.umcd-fluggeraete.de,U.M.C.D. Fluggeräte entwickelt und baut Multikopter für den privaten und industriellen Bedarf. Vom kleinen High End FPV Racer mit einem Gewicht von 300 g bis zum Luftrettungsgerät von 250 kg. Auf Kundenwunsch und Bedürfnisse angepasst.,Germany,0.556596,,,
Smart Fotografie,542320.0,"Germany, Posterholt, 6 Unit 3 Streekelsweg, 6061",https://www.linkedin.com/company/smart-fotografie,,,Germany,0.54232,,,
Airlineconsolidator.ru,533956.0,"Germany, Berlin, Berlin",https://www.linkedin.com/company/airlineconsolidator-ru,airlineconsolidator.ru,"Consolidatorgroup is a leading online travel booking company offering lowest airfares and cheap air tickets on over 900 airlines and flights from more then 50 countries. Consolidator rates are available to the general public. Our booking engine is searching low cost carriers also. Over the years we have built strong relationships with major airlines including: Aeroflot, S7, Transaero, Utair, Rossia, Aerosvit, Lufthansa, Air France, British Airways, Royal Dutch Airline ( KLM ), Northwest Airline, United, Delta, Austrian, Alitalia, Czech Airlines, Malev, Montenegro Airlines, Adria Airways, Croatia Airlines and many more. We are ticketing brokers who buy seats in bulk from the airline, then resell them to travel agents, often those who specialize in discount international travel or sometimes directly to the public. Wе reach out to more niche target audiences by offering discounts & fare flexibility for air tickets. Consolidatorgroup works through contracts with different suppliers to sell at reduced prices which are for niche ethnic markets.  We enjoy exclusive relationships with airline companies and through this exclusive relationship we are able to broker exclusive deals with airlines which then enable them to secure consolidator fares which are sometimes more than 70% lower than the airlines’ published. This is on account of exclusive relationship between them because of the big volumes of business consolidators bring to the airlines.",Germany,0.533956,,,
Channel-z Marketing&sales,521531.0,"Germany, Bavaria, Munich",https://www.linkedin.com/company/channel-z-marketing&sales,www.channel-z.com.br,"channel-z provides market development, marketing and sales services for mid-sized aviation companies in Latin America",Germany,0.521531,,,
BATT GmbH,521531.0,"Germany, North Rhine-westphalia, Bielefeld",https://www.linkedin.com/company/batt-gmbh,www.batt-gmbh.com,"BATT is your partner for the next generation in aviation lighting for Heliports, Helidecks, Airports and Obstacles.",Germany,0.521531,,,
Msa Holding Inc,521531.0,"Germany, Bavaria, Aichach, 1 Danhauserplatz, 86551",https://www.linkedin.com/company/msa-holding-inc,msaholdingcompany.com,"MSA Holding Company, Inc. (MSA) is a family of companies that to collectively and/or individually provide and complete the services required for successful quality projects.",Germany,0.521531,,,
Acep,521531.0,"Germany, Hamburg, Hamburg",https://www.linkedin.com/company/acep-gmbh---aeronautical-consultants-engineers-pilots,acepgroup.de,your multi-qualified aviator network,Germany,0.521531,,,
Ballonfahrten-Chemnitz,521531.0,"Germany, Saxony, Chemnitz, 1 Zietenstraße, 09130",https://www.linkedin.com/company/ballonfahrten-chemnitz,www.ballonfahrten-chemnitz.de,"Teilweise sind auch Anbieter unterwegs, die es mit den Wetterbedingungen nicht so genau nehmen. Oftmals von außerhalb angereist, ist der Abbruch eines Starts wetterbedingt zu unrentabel.",Germany,0.521531,,,
Flugplatz Meinerzhagen EDKZ,500000.0,"Germany, North Rhine-westphalia, Meinerzhagen, 2 Steinsmark, 58540",https://www.linkedin.com/company/flugplatz-meinerzhagen-edkz,flugplatz-meinerzhagen.de,,Germany,0.5,,,
Weyer Indutec GmbH,489000.0,"Germany, Utting Am Ammersee, 2 Schönbachstraße, 86919",https://www.linkedin.com/company/weyer-indutec-gmbh,weyer.aero,,Germany,0.489,,,
Www.ict-germany.com,374398.0,Germany,https://www.linkedin.com/company/www-ict-germany-com,ict-germany.com,,Germany,0.374398,,,
Agencija Umer,349166.0,"Germany, Ljubljana, 8 Gradaška, 1000",https://www.linkedin.com/company/agencija-umer,umer.si,"Agencija Umer is an airlines/aviation company based out of 8 Gradaška, Ljubljana, Germany.",Germany,0.349166,,,
FL Škarić,349166.0,"Germany, Donji Miholjac, 13 Vukovarska, 31540",https://www.linkedin.com/company/fl-škarić,fl-skaric.hr,,Germany,0.349166,,,
CarGloss,324505.0,"Germany, Hamburg, Hamburg, 23 Klaus-groth-strasse, 20535",https://www.linkedin.com/company/cargloss,cargloss.de,,Germany,0.324505,,,
Isar Aviation,254000.0,"Germany, Bavaria, Landshut, 2a Flugplatzstraße, 84034",https://www.linkedin.com/company/isar-aviation,isar-aviation.de,,Germany,0.254,,,
Markus Linsmayer Kurierdienst,226000.0,"Germany, Atting Bei Straubing, 15 Hauptstr., 94348",https://www.linkedin.com/company/markus-linsmayer-kurierdienst,lm-kurier-atting.de,,Germany,0.226,,,
Petra Becker,155262.0,"Germany, Hirschberg, 55 Hauptstraße, 65558",https://www.linkedin.com/company/petra-becker,ferienwohnung-petra-becker.de,,Germany,0.155262,,,
Thorsten Meyer Schornsteinfegermeister,134000.0,"Germany, Lower Saxony, Lohne, 3 B Schmiedestr., 49434",https://www.linkedin.com/company/thorsten-meyer-schornsteinfegermeister,deinschornsteinfegermeister.de,,Germany,0.134,,,
Taxi Harald Busse,128000.0,"Germany, Bavaria, Ebersberg, 2 Weidinger Straße, 85560",https://www.linkedin.com/company/taxi-harald-busse,taxi-harald-busse.de,,Germany,0.128,,,
Roselius PC-Systeme,127000.0,"Germany, Saxony, Auerbach, 48 Albert Schweitzer Str., 08209",https://www.linkedin.com/company/roselius-pc-systeme,rpcsysteme.de,,Germany,0.127,,,
WOCKE AIR,114000.0,"Germany, Baden-württemberg, Mannheim, 170 Seckenheimer Landstr., 68163",https://www.linkedin.com/company/wocke-air,wocke-air.de,,Germany,0.114,,,
