Name,Revenue,HQ Location,LinkedIn URL,Website,Company description,Country,Revenue_M,Main Broker,Main Insurer,Hubspot
SIXT Polska,4432400000.0,"Poland, Mazovia, Warsaw",https://www.linkedin.com/company/sixtpolska,sixt.pl,"SIXT Polska is a leading car rental company with over 113 years of tradition, offering a wide range of premium vehicles for both short-term and long-term rentals. The company is committed to providing exceptional customer service and flexibility, allowing clients to change or cancel reservations without additional costs at most locations worldwide. SIXT Polska caters to a diverse clientele, including individual travelers, business professionals, and corporate clients, with tailored solutions for business car rentals. The company also emphasizes luxury and quality, featuring a selection of high-end models available for rent. With a focus on innovation, SIXT Polska aims to enhance the rental experience through convenient online booking and a variety of protection options to meet individual needs.",Poland,4432.4,,,
Express Car Rental,122064860.0,"Poland, Mazovia, Warsaw",https://www.linkedin.com/company/expresscarrental,www.express.pl,"Express Car Rental is a leading car rental service based in Kraków, Poland, offering a diverse fleet of vehicles for both short-term and long-term rentals. The company is dedicated to providing exceptional customer service and flexibility, allowing clients to easily rent cars from various strategic locations, including major airports and city centers. With a mission to enhance travel experiences through reliable transportation solutions, Express Car Rental caters to a wide range of customers, including tourists, business travelers, and local residents. The company also partners with businesses to provide fleet rental services, ensuring that organizations have access to the vehicles they need for operational efficiency. Committed to innovation, Express Car Rental is currently implementing a dynamic logistics management system to optimize its services and improve customer satisfaction.",Poland,122.06486,,,
Kaizen Rent S.A.,74001821.0,"Poland, Lower Silesia, Lubin",https://www.linkedin.com/company/kaizen-rent,kaizenrent.pl,"Jesteśmy wypożyczalnią samochodów 🚘 stawiającą na rozwój i nieustanne doskonalenie, bo motoryzacja to nie tylko biznes, ale nasza pasja. U nas wynajmiesz samochód na dni, na miesiące, bez długoterminowych zobowiązań na lata. W ponad 5 000 flocie znajdziesz szeroką gamę nowych i dostępnych od ręki samochodów: miejskie kompaktowe auta, popularne suv-y, komfortowe limuzyny, ale również przestronne busy i pakowne dostawczaki.   Naszym celem jest zapewnić Tobie mobilność, wygodę i bezpieczeństwo każdego dnia! W każdej chwili możesz liczyć na nasz Dział Obsługi Klienta i opiekę Assistance. Jesteśmy dla Ciebie dostępni przez całą dobę, 7 dni w tygodniu.  Jesteśmy dumni, że wywodzimy się z @Toyota & Lexus Dobrygowski, 12-krotnego Deelera Roku. Śmiało idziemy naprzód, czerpiąc wiedzę i doświadczenie ze źródeł. W latach 2020, 2021, 2022 i 2023 zdobyliśmy prestiżową nagrodę Fleet Derby w kategorii na najlepszy produkt mid-short term rental.   Każdego dnia indywidualnie oraz zespołowo pracujemy nad udoskonaleniem naszych produktów i jakości obsługi. Wiemy, jak ważna jest mobilność dla Ciebie, Twojej rodziny i Twojego biznesu. Kazein Rent masz #zNamiPoDrodze!  Ponad 80 000 – zadowolonych klientów biznesowych i indywidualnych  😊 Ponad 5 000 – nowych i bogato wyposażonych samochodów w naszej flocie 🚗 Ponad 300 – pełnych pasji  pracowników i kierowców 💪 Nasze 40 oddziałów – zlokalizowanych we wszystkich dużych miastach i  lotniskach 🛫 Chcemy być bliżej Ciebie. Zapytaj nas o dojazd pod Twoją lokalizację!  Kazein Rent masz #zNamiPoDrodze!  📌 Wynajmujesz z każdego miejsca na ziemi – nasi konsultanci są dostępni 24h/dobę 7 dni w tygodniu!  📌 Najnowsze, najbardziej pożądane modele ze wszystkich klas są w zasięgu Twojego smartfona! 📌 Kaizen Rent wypożyczalnia samochodów to minimum formalności już od samego początku! 📌 Rezerwuj gdzie chcesz, i kiedy chcesz. To nic nie kosztuje. A jeśli zmienisz plany, masz bezpłatną anulację do 24h przed odbiorem!",Poland,74.001821,,,
PANEK S.A.,69856074.0,"Poland, Mazovia, Warsaw",https://www.linkedin.com/company/panek-s-a-,ipanek.pl,"PANEK S.A. is a leading car rental company operating across Poland, the Czech Republic, Austria, and Slovakia, offering a diverse fleet of vehicles including luxury models like the Mercedes E200 and the innovative Toyota CHR. The company's mission is to provide exceptional mobility solutions that combine comfort, technology, and flexibility, catering to both business and leisure travelers. With a strong emphasis on customer satisfaction, PANEK boasts a high recommendation rate, with 9 out of 10 clients willing to refer the service to others. The company targets a wide range of clients, from individual travelers to corporate clients, and partners with various locations including airports and city centers to ensure convenient access to their services. PANEK's vision is to redefine the car rental experience by offering premium vehicles without the burdens of leasing, making luxury accessible to all.",Poland,69.856074,,,
Paged S.A.,54717954.0,"Poland, Warmia-masuria, Pisz",https://www.linkedin.com/company/paged-s-a-,www.inwestor.paged.pl,"Paged Group is a holding group controlled by Paged S.A. based in Warsaw. In 2014 the Group had 711 mln PLN (ca. 170 mln EUR) of sales, over 120 mln PLN (ca. 30 mln EUR) of EBITDA and 75 mln PLN (ca. 18 mln EUR) of net profit. The company has over 80 years of history and since 1996 it has been listed on the Warsaw Stock Exchange (WSE). Paged Group is an organisation with diversified business portfolio focused on the following 6 segments: - plywood segment represented by Sklejka-Pisz Paged S.A. based in Pisz and Paged-Sklejka S.A. based in Morąg, - furniture segment represented by Paged Meble S.A. based in Jasienica and BUK Ltd. based in Bury St. Edmunds (United Kingdom), - trade segment represented by Paged S.A. Warsaw Branch, - real estate segment represented by Paged Property Sp. z o.o. Sp. k. and Mineralna Development Sp. z o.o., both based in Warsaw, - other, including, inter alia, Europa Systems Sp. z o.o., a leading Central European manufacturer of internal transport systems and equipment as well as Ivopol Sp. z o.o., a leading car rental company operating under the brand Rent a Car Direct",Poland,54.717954,,,
99RENT,44775990.0,"Poland, Mazovia, Warsaw",https://www.linkedin.com/company/99-rent-,99rent.pl,"99RENT is a leading car rental company in Poland, established in 2008, with a robust fleet of over 5,000 modern vehicles. The company has carved out a prominent position in the rent-a-car industry, recognized for its excellence with prestigious awards such as the FLEET DERBY and DIAMENT FORBES. As a member of the Polish Vehicle Rental and Leasing Association, 99RENT is committed to providing reliable mobility solutions tailored to both personal and business needs. The company's mission focuses on enhancing customer experiences through innovative technologies and exceptional service, ensuring that clients have access to a diverse range of vehicles, from compact city cars to luxurious SUVs and premium models. 99RENT serves a wide array of clients, including individual travelers, families, business professionals, and tourists, making it a versatile choice for various rental needs. The company operates across 33 locations throughout Poland, including major cities and airports, ensuring accessibility and convenience for its customers. With a vision to remain a trendsetter in mobility, 99RENT is dedicated to adapting to evolving market trends and expanding its services to meet future demands. In addition to its core business, 99RENT actively engages in social responsibility initiatives, partnering with organizations such as the Polish Volleyball Federation and the Herosi Foundation to promote sports and community involvement. Customers consistently commend 99RENT for its professional and friendly staff, transparent pricing, and the excellent condition of its vehicles, reflecting the company's unwavering commitment to customer satisfaction and community engagement. Through its focus on quality, safety, and service, 99RENT aims to make car rental accessible and hassle-free for everyone.",Poland,44.77599,,,
Motorpol Wrocław,41722480.0,"Poland, Lower Silesia, Wrocław",https://www.linkedin.com/company/motorpol-wroclaw,www.motorpolwroclaw.pl,"Motorpol Wrocław specializes in long-term car rentals, offering a diverse range of vehicles from renowned brands such as Volkswagen, SEAT, CUPRA, and ŠKODA. The company’s mission is to provide a stress-free driving experience by bundling essential services, including full maintenance, insurance, and roadside assistance, into a single monthly payment. With rental agreements ranging from 12 to 48 months, Motorpol Wrocław caters to both individual consumers and businesses, ensuring flexibility and convenience in vehicle usage. The company prides itself on its professional advisory services and quick access to vehicles, making it an attractive option for clients seeking reliable transportation solutions without the burden of unexpected costs. By partnering with Volkswagen Financial Services, Motorpol Wrocław aims to deliver comprehensive mobility solutions tailored to the needs of its diverse clientele.",Poland,41.72248,,,
Rentis S.A.,35242704.0,"Poland, Greater Poland, Wysogotowo, 8 Serdeczna, 62-081",https://www.linkedin.com/company/rentis-s-a-,www.rentis.pl,"Rentis ensures a simple, low-cost and safe way to rent a car. Our fleet includes the best makes, for example BMW, Toyota, Lexus. Just try us www.rentis.com",Poland,35.242704,,,
TravelTECH,29330228.0,"Poland, Lesser Poland Voivodeship, Kraków",https://www.linkedin.com/company/traveltech,traveltech.pl,"IT company delivering software solutions and infrastructure to support travel industry in online reservation, sales and post-sales processes. •Operating since 2006, combined experience reaching 1999 •Headquarters in Central & Eastern Europe •Powering major consolidators, OTA’s and travel agents in region •Supporting customers from 12 countries and growing •More than 2500 travel agents globally uses our solutions on daily basis •Award-winning in travel technology sector All our products are developed in-house, constantly updated, improved and enriched with new functionalities, plugins and widgets. Our flagship products are: IRS - Powerful Internet Booking Engine providing access to regular and low-cost airline tickects booking, hotel accomodation, insurance, car hire and trains. Ready to be customized for any customer size and website. Available in API and mobile versions. Tripbooker - All-in-one type platform created in order to facilitate the agency sales and the company support. The platform enables immediate access to a vast range of both local and global offers allowing to select the best option for the client. Tool  dedicated to travel agencies and small companies. GalScan - Comprehensive mid-office software for managing the sales records and invoicing for airline tickets as well as passive segments (insurance, train tickets, hotels, rental cars, etc.). Dedicated to agent networks and tour operators. Each of these solutions has a modular structure allowing them to cooperate with desired system of your choice. Longtime experience, top performance products and portfolio of satisfied customers make us a strong partner in travel business",Poland,29.330228,,,
CarFree Rent A Car,22026690.0,"Poland, Mazovia, Warsaw",https://www.linkedin.com/company/carfree-rent-a-car,carfree.pl,"CarFree Rent A Car is a professional car rental company based in Katowice, Poland, dedicated to providing high-quality vehicle rentals for both short and long-term needs. With a mission centered on ensuring complete customer satisfaction, CarFree offers a diverse fleet of modern, well-maintained vehicles, including compact cars, SUVs, premium models, and spacious vans, catering to a wide range of travel requirements. The company prides itself on its flexibility, allowing clients to enjoy unlimited mileage and the option to drive across borders, making it an ideal choice for exploring the Silesian region and beyond. CarFree serves a diverse clientele, including individual travelers, families, and business professionals, ensuring that everyone has access to reliable transportation tailored to their specific needs. The company’s strategic partnerships with key locations, such as airports and major train stations, facilitate convenient vehicle pickup and drop-off, enhancing the overall customer experience. Committed to affordability and transparency, CarFree provides competitive pricing without hidden fees, making it an attractive option for both leisure and business travelers. The company emphasizes exceptional customer service, evident in its easy online reservation system and 24/7 support, ensuring a seamless experience from pickup to drop-off. Whether clients need a reliable city car for daily errands or a luxurious ride for a special occasion, CarFree Rent A Car is poised to meet their transportation needs with excellence. By maintaining a strong presence in the competitive car rental market, CarFree continues to enhance its service offerings and uphold its commitment to customer satisfaction.",Poland,22.02669,,,
Blue Sky Travel Sp. Z O.o.,19041497.0,"Poland, Greater Poland, Poznań",https://www.linkedin.com/company/blue-sky-travel,www.bluesky.pl,"Naszą działalność na rynku usług turystycznych rozpoczynaliśmy w 1990 roku, jako lokalne biuro podróży, sprzedające bilety lotnicze w Poznaniu. Dzisiaj, jako jeden z liderów rynku usług turystycznych, świadczymy kompleksowe usługi rezerwacji biletów i wycieczek. Nasi specjaliści mogą zaoferować praktycznie wszystkie usługi turystyczne - rezerwacje lotnicze, hotele, pakiety turystyczne (wakacje, narty). W naszej ofercie znajdują się ubezpieczenia turystyczne, wynajem samochodów, czartery samolotów. Zajmujemy się też organizacją imprez turystycznych, wyjazdów i obozów sportowych. Wiele z nich możesz zamówić bezpośrednio w internecie, a wszystkie pozostałe bezpośrednio w jednym z naszych biur lub korzystając z infolinii.",Poland,19.041497,,,
EuroCar,16167461.0,"Poland, Lesser Poland Voivodeship, Kraków, 174 Olszanicka, 30-241",https://www.linkedin.com/company/eurocar_rentacar,www.ieurocar.pl,Wypożyczalnia samochodów osobowych i dostawczych,Poland,16.167461,,,
OTOMOTO Lease,13319293.0,"Poland, Mazovia, Warsaw",https://www.linkedin.com/company/carsmile,carsmile.pl,"OTOMOTO Lease is a dynamic company specializing in vehicle leasing solutions, primarily focused on the Polish market. The company aims to provide accessible financing options for both private individuals and businesses, facilitating the acquisition of new and used vehicles. With a commitment to transparency and customer satisfaction, OTOMOTO Lease partners with authorized dealers and reputable automotive brands, ensuring a diverse selection of vehicles that meet various client needs. The target market includes individuals seeking personal vehicles as well as companies looking to expand their fleets, all while benefiting from flexible leasing terms and competitive financing options. As a leading provider of vehicle leasing and financing solutions in Poland, OTOMOTO Lease specializes in long-term car rentals that consolidate all costs into a single monthly payment. The company strives to simplify the vehicle acquisition process for its clients, offering a wide range of vehicles, including electric cars, and providing comprehensive service packages that cover maintenance, insurance, and tire management. OTOMOTO Lease collaborates with various banks and financial institutions to offer competitive financing options, ensuring clients can choose from multiple offers tailored to their needs. In addition to leasing, OTOMOTO Lease provides standard loans, such as the Standard Loan and Toyota Easy Loan, allowing customers to choose their final payment amounts. The company also offers attractive financing solutions for used cars, including the KINTO ONE leasing option, which features low monthly payments and minimal down payments. OTOMOTO Lease is dedicated to customer satisfaction, providing dedicated advisors to assist clients throughout the leasing process, making it easier than ever to drive their dream car. Furthermore, the company offers a range of original Toyota accessories for used vehicles and provides free vehicle appraisals for all brands, facilitating a seamless trade-in process. Through its innovative approach and commitment to comprehensive service, OTOMOTO Lease aims to meet the diverse needs of individual customers and businesses alike.",Poland,13.319293,,,
Auto Salvage,8181342.0,"Poland, Mazovia, Janczewice, 37 Ul. Jedności",https://www.linkedin.com/company/auto-salvage,www.autosalvage.pl,"Owner of Auto Salvage company: - auto service - mechanics, electrics, electronics, body work, painting, tires, air conditioning - troubleshooting / computer diagnostics - used and new car parts - substitute cars / car rental - all car models +48-501-444-133",Poland,8.181342,,,
Enterprise Rent-A-Car Polska,7629053.0,"Poland, Mazovia, Warsaw",https://www.linkedin.com/company/enterprise-rent-a-car-pl,www.enterpriserentacar.pl,"Enterprise Rent-A-Car Polska, based in Warsaw, is a licensed operator of the Enterprise Rent-A-Car brand, providing car rental services throughout Poland. The company focuses on delivering high-quality vehicles that are always clean, well-maintained, and insured, ensuring comfort and safety for customers during their travels. The mission of Enterprise is to provide exceptional customer service and flexibility in rentals, attracting both individual and business clients. By collaborating with a diverse range of partners, the company serves a broad market, including tourists, business travelers, and local enterprises that require vehicles for short or long-term use.  Since its establishment in 2014, Enterprise Rent-A-Car Polska has effectively operated in the Polish market, offering a wide selection of vehicles, including vans and cars adapted for individuals with disabilities. The company's commitment to continuous improvement in service quality aims to meet customer expectations and maintain its position as a leader in the car rental industry. Enterprise Rent-A-Car Polska caters to various customer groups, including private individuals, families, and businesses seeking flexible transportation solutions. By working with other entities in the industry, the company strives to enhance its services, allowing for better alignment of its offerings with market needs. With an extensive network of rental locations in 90 countries, customers can enjoy convenience and accessibility to services worldwide.",Poland,7.629053,,,
Lexus Warszawa Żerań,7037520.0,"Poland, Mazovia, Warsaw, 84 Jagiellońska, 03-303",https://www.linkedin.com/company/lexus-warszawa-zeran,lexuswarszawa-zeran.pl,"Salon samochodowy Lexus Warszawa - Żerań oferuje nowe samochody osobowe, używane auta na gwarancji, obsługę serwisową, naprawy blacharsko-lakiernicze, części i akcesoria. Oferujemy także wynajem samochodów w ramach działalności Toyota Marki Fleet Management. Zapewniamy pogwarancyjną obsługę serwisową samochodów. Możliwość finansowania zakupu kredytowego jak i w leasingu. Jedyną miarą sukcesu jest dla nas całkowite zadowolenie Klientów. Spełnianie Państwa oczekiwań jest podstawową motywacją działań Lexusa w Polsce. Ofertę budujemy w oparciu o wieloletnie doświadczenie co sprawia, że Klienci nie tylko powracają, ale i rekomendują nas swoim znajomym.",Poland,7.03752,,,
99CAMP,6163221.0,"Poland, Mazovia, Warsaw",https://www.linkedin.com/company/99camp,www.99camp.pl,"99CAMP is a leading car rental company based in Olsztyn, Poland, established in 2008. With a fleet of over 5,000 vehicles, the company has secured a prominent position in the rent-a-car industry, recognized with prestigious awards such as the FLEET DERBY and DIAMENT FORBES. 99CAMP operates under the brand 99RENT, specializing in short-term and medium-term vehicle rentals, and is dedicated to providing reliable mobility solutions for both personal and business needs. The company's mission is to ensure that customers can stay on the move in any situation, while its vision focuses on innovation and adapting to market trends to maintain its leadership in the mobility sector. 99CAMP caters to a diverse clientele, including local residents, tourists exploring the Warmia and Mazury region, and businesses in need of dependable transportation. The company actively partners with organizations like the Polish Volleyball Foundation and the Herosi Foundation, reflecting its commitment to social responsibility and community engagement. With nearly 40 branches across Poland, including major airports such as Poznań, Rzeszów, Kraków, Gdańsk, and Warsaw, 99CAMP ensures convenient access to its services for travelers. The company prides itself on exceptional customer service, emphasizing transparency and efficiency in the rental process. Clients can enjoy competitive rates starting from just 79 PLN per day, with flexible rental options available for short, medium, and long-term periods. 99CAMP's diverse fleet includes economical city cars, spacious SUVs, luxury models, and vans, catering to a wide array of customer needs. By collaborating with local service providers, 99CAMP enhances its offerings, making it a trusted choice for reliable transportation solutions in Poland.",Poland,6.163221,,,
Wypożyczalnia Samochodów CAR-RENTAL.PL,5340337.0,"Poland, Subcarpathian Voivodeship, Rzeszów",https://www.linkedin.com/company/wypożyczalnia-samochodów-car-rental-pl,car-rental.pl,"Jesteśmy profesjonalną firmą w dziedzinie wynajmu aut. Swoją pozycję na rynku osiągnęliśmy dzięki rzetelnej pracy nad jakością usług, rozbudowaniu floty samochodów możliwych do wypożyczenia oraz wyselekcjonowaniu zespołu doborowych fachowców.  Na tą chwilę możemy pochwalić się czterema oddziałami (Rzeszów, Sandomierz, Lublin o Radom) z licznymi punktami obsługi na obszarze południowo-wschodniej Polski. Nasza oferta obejmuje wynajem: - samochodów osobowych - aut dostawczych - pojazdów luksusowych - busów i vanów - lawet oraz auto-lawet Dodatkowo można u nas zamówić: - podstawienie i odbiór samochodu - wynajem auta z kierowcą Wypożyczamy samochody krótko- i długoterminowo na terenie nie tylko całego kraju, ale również wyjazdu  za granicę. Serdecznie zapraszamy na naszą stronę internetową!",Poland,5.340337,,,
Moto-Partner Sp. Z O.o.,5308381.0,"Poland, Lower Silesia, Wrocław, 251 Żmigrodzka, 51-129",https://www.linkedin.com/company/moto-partner-sp-z-o-o,www.wynajmij-samochod.eu,"Wypożyczalnia Samochodów Dostawczych i Osobowych MOTO-PARTNER   Wypożyczamy tylko nowe pojazdy z niskim przebiegiem. Działamy w miastach: Warszawa, Wrocław, Zielona Góra, Łódź, Nadarzyn. Wynajmij samochód w najlepszej cenie i w najwyższej jakości usługi!",Poland,5.308381,,,
Europcar Polska,4577432.0,"Poland, Mazovia, Warsaw",https://www.linkedin.com/company/europcar-polska,www.europcar.com,"Europcar Polska is a leading car rental company that provides a wide range of vehicles, including cars, vans, and trucks, to meet the diverse transportation needs of its clients. With a commitment to delivering exceptional customer service, Europcar Polska aims to enhance the travel experience for both business and leisure travelers. The company operates numerous rental locations across Poland, ensuring convenient access for customers at major airports and city centers. Europcar Polska partners with various businesses and organizations, catering to a broad target market that includes individual travelers, corporate clients, and tourists. The company's mission is to offer reliable, flexible, and affordable rental solutions while maintaining a fleet of modern vehicles and providing 24/7 roadside assistance for peace of mind.",Poland,4.577432,,,
Gentleman's Rally,4567413.0,"Poland, Lower Silesia, Wrocław, 23/16 Poniatowskiego, 50-326",https://www.linkedin.com/company/gentleman-s-rally,gentlemansrally.pl,"Gentleman’s Rally to klub motoryzacyjny oraz wypożyczalnia samochodów luksusowych. Jest to projekt o ogólnopolskim zasięgu, który opiera się na grupie przedsiębiorców spotykających się na zorganizowanych wyjazdach samochodowych. Organizacja zrzesza wokół siebie pasjonatów motoryzacji i poszukiwaczy ekstremalnych wrażeń.",Poland,4.567413,,,
Inter Fleet Sp. Z O.o.,4092770.0,"Poland, Mazovia, Warsaw",https://www.linkedin.com/company/inter-fleet-sp-z-o-o,interfleet.pl,"Inter Fleet Sp. z o.o. to profesjonalna, sieciowa wypożyczalnia samochodów osobowych i dostawczych.  Oferujemy najpopularniejsze rodzaje aut w wynajmie krótkoterminowym (do 30 dni), średnioterminowym (od 1 do 12 miesięcy) i długoterminowym (powyżej 12 miesięcy). Samochód miejski, kompakt, limuzyna, SUV czy dostawczak - w Inter Fleet mamy je wszystkie. W naszych narwach jeździ [ Wszystkie nasze pojazdy są nowe, objęte gwarancją producenta oraz pełnym ubezpieczeniem i pakietem assistance. Zatrudniamy pasjonatów motoryzacji z wieloletnim doświadczeniem w wynajmie krótkoterminowym i średnioterminowym. Spotkasz ich w naszych 13 oddziałach: w Warszawie, Łodzi, Poznaniu, Krakowie, Katowicach, Wrocławiu, Gdańsku, Rzeszowie, Szczecinie, Toruniu, Lublinie, Olsztynie i Kielcach. Świadczymy też usługę zarządzania flotą - to najkorzystniejsza i najwygodniejsza forma eksploatacji pojazdów służbowych w firmie, która pozwala znacząco ograniczyć koszty.",Poland,4.09277,,,
Partenaire Pologne,3773652.0,"Poland, Lesser Poland Voivodeship, Kraków, 12/8 Ul. Kupa, 31-027",https://www.linkedin.com/company/partenaire-pologne,www.partenairepologne.com,"Grâce à la pertinence et à la fiabilité de notre travail, mais aussi à la méthodologie unique développée en interne et appliquée à plus de 700 entreprises depuis notre création, Partenaire Pologne se veut aujourd’hui la référence dans le monde du conseil et de l’accompagnement opérationnel en Pologne, mais également (à travers son Groupe) dans toute l’Europe Centrale et Orientale. Notre différence ? C’est notre approche globale, allant de la réflexion stratégique jusqu’à sa mise en œuvre opérationnelle. Nous mobilisons toutes les expertises nécessaires pour accompagner les dirigeants d’entreprise à chaque étape de leurs développements, afin de leurs permettre de prendre des décisions en connaissance de cause et minimiser leurs risques opérationnels.   Notre principal atout ? Nous sélectionnons minutieusement les dossiers sur lesquels nous sommes en capacité d’intervenir et de procurer un avantage concurrentiel. Notre valeur ajoutée ? Elle réside d’abord dans la qualité et la diversité de notre équipe : ingénieurs Arts et Métiers & génie civil, diplômés d’écoles de commerce, juristes, Sciences-Po, logisticiens, anciens conseillers en fusions/acquisitions, commerciaux ou acheteurs du BTP et de l’industrie, seniors managers, anciens industriels parlant couramment différentes langues. Enfin être implanté depuis 1999 sur le marché polonais nous permet de connaitre parfaitement la réalité économique polonaise, les acteurs locaux ainsi que les règles et spécificités du marché. Nous offrons ainsi à nos clients un développement sécurisé, tout en réalisant un gain de temps précieux.",Poland,3.773652,,,
Jash Technologie,3202626.0,"Poland, Kujawsko-pomorskie, Toruń, 22/2 Chełmińska, 87-100",https://www.linkedin.com/company/jash-technologie-sp-z-o-o-,www.jash.pl,"Société Jash Technologie SARL a été créé en 2009 en tant qu’une agence web spécialisée dans la réalisation des sites web et des e-boutiques sur le marché polonais. A partir du 2011, nous avons développé une nouvelle branche – la sous-traitance IT pour les entreprises françaises. Grâce à une équipe de développeurs expérimentés et le personnel francophone, nous pouvons fournir des services fiables et de bonne qualité à des entreprises françaises.",Poland,3.202626,,,
MAX-DYWANIK,3146670.0,"Poland, Biskupice Ołoboczne Wielkopolska, 47 Max-dywanik Ul. Ostrowska, 63-460",https://www.linkedin.com/company/maxdywanik,www.max-dywanik.pl,"The MAX-DYWANIK #PodróżujemyRazem brand is one of the largest manufacturers of floor mats in the European market. It specializes in the production and sale of dedicated accessories for the industry: AUTOMOTIVE INDUSTRY: - Passenger cars - Commercial vehicles - Truck tractors We manufacture dedicated car mats (rubber and carpet), trunk mats, car nets, car pockets, car bags, motoring accessories like dirt covers and much more. More than 100,000 products. AGRICULTURAL INDUSTRY: - Tractors - Combines - Forage harvesters - Feeder wagons - Loaders We manufacture dedicated rubber and carpet floor mats for the agricultural industry. We supply automotive concerns with original floor mats for new vehicles, personalized floor mats with deleara logo, network of stores. CONSTRUCTION MACHINERY INDUSTRY: - Excavators  - Graders - Loaders - Backhoe loaders - Loaders - Bulldozers - Compactors - Rollers - Haulers - Specialized equipment Production of dedicated rubber and carpet floor mats for vehicles in the construction machinery industry. HOME EQUIPMENT INDUSTRY: - Front door mats - Drapes under obówie - Pet bowl rugs - Protective mats for puppies BECOME A PARTNER: - Gain access to high quality certified products - Possibility to make floor plates for new machine models or your customized designs - Velour floor mats with your own logo, company name, initials, instagram account name - Your business will be promoted on our website, social media channels PRODUCTION FOR CORPORATIONS AND INSTITUTIONS: - Production of signature rugs under your brand name - Give your own EAN. - Free photo shoot for each new product of yours created by Max-Dywanik brand. - We will create your own video to promote your rugs B2B OFFER: - Automotive corporations (OEM production) - Retail chains (dedicated replacements with partner's logo)  - New vehicle sales network - Used vehicle sales network - Fleet sales of vehicles - Car rental and lease - Sale of private label floor mats - Automotive stores",Poland,3.14667,,,
StayPoland,3146670.0,"Poland, Mazovia, Warsaw",https://www.linkedin.com/company/staypoland,www.staypoland.com,"StayPoland is a registered Polish travel agency since 2003 specializing in incoming tourism. We offer a wide range of services. All of them can be conveniently reserved on-line. You can contact us by e-mail, phone, chatbox (SP-eaker) or alternatively visit our office in the centre of Warsaw.  We cooperate with a network of partner agencies in Europe and overseas. We serve tourists for whom we offer individual reservations or tailor-made travel packages, and business professionals for whom we assure consultancy and background information. StayPoland offers a personal approach and help with exploring Poland for those who look for a stay or holiday with insight. Our main services include discounted hotel reservations (no booking fees, all-inclusive prices with on-line availability), car rental, tours around Poland/ Central Europe, and consultancy. We provide a reliable and responsible service to those who need any travel arrangements in Poland.",Poland,3.14667,,,
CarGO! Rent A Camp,3146670.0,"Poland, Greater Poland, Poznań, 15 Ulica Wolczynska, 60-003",https://www.linkedin.com/company/cargokampery,cargo-group.pl,"CarGO! działa w Poznaniu jako wypożyczalnia samochodów campingowych, samochodów osobowych i dostawczych od 2009 roku. Zajmujemy się także sprzedażą nowych i używanych kamperów oraz przyczep kempingowych. W ofercie kamperów CarGO! znajdziesz pojazdy producentów czołowych marek, w tym Pilote, Bavaria, Frankia, Le Vogaguer, Mooveo, Challenger oraz Hobby. Caravaning to nasza pasja, dlatego nieustannie pracujemy nad tym, by tworzyć wszechstronną ofertę, która sprosta oczekiwaniom nawet najbardziej wymagających osób. Posiadamy pojazdy, które sprawdzą się zarówno podczas aktywnych wakacji i szybkiego objazdu po europejskich stolicach, jak i podczas spokojnego kempingu nad jeziorem. Z naszych kamperów i przyczep kempingowych korzystają wszyscy – pary, paczki przyjaciół, rodziny z dziećmi i osoby podróżujące ze zwierzętami. Dzięki wielu pojazdom dostępnym w ofercie jesteśmy w stanie dopasować pojazd do Twojego stylu życia i stworzyć optymalną ofertę. Nasi pracownicy chętnie pomogą Ci wybrać odpowiedni pojazd. Z roku na rok poszerzamy swoją działalność – obecnie poza Poznaniem mamy też otwarte dwie dodatkowe siedziby. Jedną znajdziesz w Warszawie, a drugą w Wejherowie. CarGO! Pomorze to nasz najnowszy projekt. W tym miejscu znajdziesz m.in. nasze znakomite kampery i przyczepy kempingowe marki Hobby. Zapraszamy do jednej z naszych siedzib:  - Poznań– ul. Wołczyńska 15,  - Warszawa– Aleje Jerozolimskie 459,  - Wejherowo– ul. Inwalidów Wojennych 1.",Poland,3.14667,,,
TopCars Rent A Car,3121400.0,"Poland, Mazovia, Warsaw, 4 Pola Karolińskie",https://www.linkedin.com/company/topcars24,www.topcars24.pl,"TopCars rent a car to wypożyczalnia samochodów osobowych działająca na terenie całej Polski. Nasze oddziały zlokalizowane są przy największych miastach w kraju oraz przy najważniejszych lotnikach. Główna siedziba firmy mieści się w Warszawie gdzie w 2013 roku została założona. Uczciwe warunki najmu, zaangażowanie, ciekawa oferta oraz wysoki standard usług zapewniają ciągły rozwój firmie.  W TopCars zapewniamy wynajem samochodu/ów: 👉 bez kaucji, 👉 bez limitu kilometrów 1-29 dni oraz wysoki limit 4 000 km/30 dni w standardzie przy najmach powyżej miesiąca, 👉 bez opłaty przygotowawczej już od 2 dni najmu, 👉 z kompleksową obsługą. W cenie najmu: ubezpieczenie samochodu OC, AC, NW, Assistance, serwisy, badania techniczne, opony wielosezonowe, całodobowa pomoc wypożyczalni 24/7.  Oferujemy: • krótkoterminowy wynajem samochodów 1-89 dni, • średnioterminowy wynajem samochodów  3-12 miesięcy,  • długoterminowy wynajem samochodów 13-36 miesięcy. Nasza oferta skierowana jest zarówno do klientów indywidualnych jak i firm. Gdzie odbierzesz samochód? 🏡 Pod wskazanym adresem, ✈️ przy terminalu lotniska,  🚌 przy dworcu,  🚄 przy stacji metra,  🏤 w siedzibie firmy.  Nasze oddziały: 📍 Warszawa - Lotnisko Okęcie, Lotnisko Modlin 📍 Kraków - Lotnisko Balice 📍 Katowice - Lotnisko Pyrzowice 📍 Wrocław - Lotnisko Strachowice 📍 Rzeszów - Lotnisko Jasionka 📍 Poznań - Lotnisko Ławica 📍 Gdańsk - Lotnisko Rębiechowo 📍 Bydgoszcz - Lotnisko Szwederowo Usługę podstawienia i zwrotu samochodu oferujemy na terenie całej Polski. Przy dłuższych wynajmach podstawiamy auto w dowolne miejsce w kraju za 0 PLN! Dołącz do nas lub skorzystaj z naszych usług.  www.topcars24.pl",Poland,3.1214,,,
Tłokiński Group,3051621.0,"Poland, Łódź Voivodeship, Łódź",https://www.linkedin.com/company/bmw-tlokinski,www.tlokinski.pl,"Tłokiński Spółka Jawna- wczoraj Rodzinna firma motoryzacyjna działająca w Łodzi od 1979 roku. Pierwsze lata swojej działalności firma związała z prowadzeniem autoryzowanej stacji obsługi samochodów Fiat, Alfa Romeo oraz Iveco. W 1999 roku firma została autoryzowanym dealerem BMW, oferując mieszkańcom Łodzi i województwa sprzedaż nowych samochodów BMW. Tłokiński Spółka Jawna - dzisiaj To nowoczesna firma zatrudniająca blisko 60 przeszkolonych, wykwalifikowanych pracowników z wieloletnim doświadczeniem, oferująca mieszkańcom regionu pełen zakres usług związanych z samochodami BMW. W nowo otwartym salonie zapewniamy doradztwo w sprzedaży nowych i używanych samochodów BMW sprzedaż nowych i używanych motocykli BMW, serwis sprzedaż części i akcesoriów, usługi finansowe i ubezpieczeniowe, wynajem samochodów oraz pomoc drogową. Najwyższa jakość powiązana z doświadczeniem w zaspokajaniu oczekiwań najbardziej wymagających klientów to dewiza, która przyświeca pracy w firmie. Profesjonalna obsługa, niezawodność i ciągłe dążenie do doskonałości to cel, który wykorzystujemy w codziennej pracy. Jesteśmy otwarci na potrzeby klientów a nasze działania zawsze zmierzają do spełnienia nawet najbardziej wyszukanych oczekiwań. Zapraszamy do odwiedzenia naszej firmy i skorzystania z oferowanych usług. Wierzymy, że dołączycie Państwo do grona naszych stałych i zadowolonych klientów.",Poland,3.051621,,,
Dream Rent Wypożyczalnia Samochodów,3051621.0,"Poland, Mazovia, Warsaw, 7/18 Złota, 00-019",https://www.linkedin.com/company/glowbymariifabinska,www.dreamrent.pl,CAR RENTAL,Poland,3.051621,,,
Flex Rent Sp. Z O.o.,3029823.0,"Poland, Mazovia, Warsaw",https://www.linkedin.com/company/flex-rent-sp-z-o-o,flextogo.com,"Flex Rent Sp. Z O.o. is a dynamic car rental company that has been revolutionizing mobility since its inception in 2016. Initially a local Polish brand with rental points at airports, it has expanded its operations to seven markets across three continents, including Europe, North America, and Africa, boasting a fleet of over 2,800 vehicles available in 29 locations. The company's mission is to provide flexible, transparent, and accessible rental solutions tailored to meet diverse customer needs, whether for short-term rentals or long-term subscriptions. With a focus on technology, Flex Rent enhances the rental experience through its user-friendly app, allowing customers to manage bookings seamlessly. The company operates on a franchise model, ensuring consistent service quality and support for its partners, which include various local businesses across its operational regions. Flex Rent's commitment to customer satisfaction has earned the trust of hundreds of thousands of clients worldwide, making it a reliable choice for modern mobility solutions.",Poland,3.029823,,,
Just Cars Club Wypożyczalnia Samochodów Luksusowych,2607655.0,"Poland, Łódź Voivodeship, Łódź, 388 Pomorska, 92-735",https://www.linkedin.com/company/just-cars-club-poland,justcarsclub.pl,"Just Cars Club to wypożyczalnia samochodów luksusowych oraz marek PREMIUM. Wszystkie modele dostępne we flocie JCC to najmocniejsze wersje wybranych modeli. Głównym filarem oferty JCC jest wynajem długoterminowy, oparty o istotne przewagi nad leasingiem. Umowa wynajmu długoterminowego dla każdego przedsiębiorcy to wymierne korzyści w codziennym użytkowaniu auta.  Mianowice: -koszty wynikające z normalnej eksploatacji ponosi JCC, -stały niezmienny koszt przez cały okres trwania umowy, -elastyczne formy finansowania dostosowane do potrzeb klienta, -miesięczna opłata za wypożyczenie/wynajem nie obciąża historii kredytowej, -w przypadku awarii samochodu wypożyczający otrzymuje auto zastępcze tej samej klasy, -minimum formalności, -przejrzyste warunki najmu, -różnorodna flota pod względem marek i modeli, -najbogatsze wersje wybranych modeli, -szybka rezerwacja. Ofertę wynajmu długoterminowego dopełnia najem krótkoterminowy, który pozwala na doświadczanie niezapomnianych emocji z jazdy dowolnie wybranych samochodem w dowolnym czasie. Popularną i cenioną przez Klientów usługą jest także oferta przejazdu z kierowcą. Jeśli planujesz dalszą podróż a czas spędzony w podróży chcesz wykorzystać na efektywną pracę - przyjedziemy pod wskazany adres, dowieziemy Cię na miejsce w komfortowych warunkach a następnie bezpiecznie przywieziemy z powrotem.  Jeśli z kolei przylatuje do Ciebie ważny klient, partner biznesowy czy inwestor i chcesz o niego zadbać w wyjątkowy sposób podczas pobytu, służymy odbiorem z lotniska i komfortowym transportem podczas pobytu.",Poland,2.607655,,,
Oknoprime,2574337.0,"Poland, Łódź Voivodeship, Łask, 98-100",https://www.linkedin.com/company/oknoprime,oknoprime.fr,"Oknoprime, fabricant de menuiseries d'excellence ✨ Spécialistes de la fermeture, nous fabriquons dans notre usine, en Pologne, des menuiseries de haute qualité grâce à des machines innovantes et des partenaires de confiances comme Aluolast, Deceuninck, Aluron, Roto, PressGlass, Somfy et bien d'autres.  Oknoprime, c’est une équipe composée d'experts de la menuiseries extérieures, dans nos locaux et sur le terrains, avec un engagement simple : vous garantir le meilleur de la menuiseries et du savoir-faire polonais, tout en respectant votre budget.  Une large gamme de menuiseries PVC, aluminium, bois et hydride | Fenêtres, porte-fenêtres, Coulissant, portes d'entrée, portes de garage, volets roulants : nous vous proposons une large gamme de produits PREMIUM, innovants et personnalisables !  Chez Oknoprime, nous avons à cœur d'accompagner nos clients du choix de leurs menuiseries, jusqu'à la livraison. C'est pourquoi nous gérons l'entièreté de la chaîne de production, avec une livraison via nos propres camions partout dans le monde : Europe, Maroc, Canada, toit est possible !  ➕ Découvrez notre réseau MyOknoprime, pensée pour les professionnels du bâtiment : + de 1000 membres partout en Europe.  ➡️Rendez-vous sur notre site www.oknoprime.fr",Poland,2.574337,,,
QUANTA CARS SP. Z O.O.,2348121.0,"Poland, Mazovia, Warsaw",https://www.linkedin.com/company/quanta-cars-sp-z-o-o,www.quantacars.pl,"Wypożyczalnia samochodów Quanta Cars działa na terenie całej Polski poprzez sieć swoich oddziałów w Warszawie, Łodzi, Katowicach, Wrocławiu, Poznaniu i Trójmieście. W naszej wypożyczalni dokonasz wyboru najbardziej odpowiedniego auta dla Ciebie. Oferujemy samochody od klasy średniej do luksusowej w bardzo atrakcyjnych cenach. Nasze pojazdy są dla Państwa dostępne każdego dnia w dowolnym miejscu w Polsce. Podstawimy dla Państwa samochody także na lotniska. Oferujemy wynajem samochodów krótko, średnio i długoterminowy. Wynajmujemy samochody także z kierowcą na imprezy (śluby, wesela, chrzciny), eventy, a także wyjazdy służbowe. Wynajem aut to nasza specjalność!",Poland,2.348121,,,
Gani Sp. Z O.o.,2348121.0,"Poland, Greater Poland, Poznań, 18a Adama Mickiewicza, 60-834",https://www.linkedin.com/company/gani-sp-z-o-o,ganiogullari.com.tr,"Firma Gani Sp. z o.o., która świadczy wysokiej jakości usługi dla wszystkich sektorów, w szczególności dla sektora energetycznego, wyznacza standardy w branży dzięki swoim innowacyjnym rozwiązaniom w zakresie zaopatrzenia w środki ochrony indywidualnej, dostarczenia siły roboczej, wsparcia logistycznego i handlu zagranicznego. Założona jako firma rodzinna w 2013 roku, Gani  Sp. z o.o. wyznacza dynamikę sektora swoimi usługami w dziedzinie energii, telekomunikacji i tekstyliów, w szczególności środków ochrony osobistej, zaopatrzenia w siłę roboczą, wsparcia logistycznego i handlu zagranicznego. Obecnie zatrudniamy ponad 65 pracowników w Turcji i Europie. Współpracujemy zwłaszcza z globalnymi koncernami energetycznymi. Mamy bliskie relacje z firmami produkującymi energię z wykorzystaniem gazu, wiatru i słońca. Nasza firma oferuje rozwiązania dla swoich partnerów biznesowych w Turcji i Europie: Sprzęt budowlany, sprzęt zapewniający bezpieczeństwo pracy, materiały budowlane, sprzęt ochrony osobistej, sprzęt do pracy na wysokości, dostawa maszyn i urządzeń przemysłowych, inżynieria, zarządzanie obiektami oraz wynajem samochodów i mieszkań dla pracowników.  Firmy, które mogą udzielić referencji w imieniu naszej firmy: Przykładowe firmy; GENERAL ELECTRIC - Jesteśmy jednym z głównych dostawców GE. Współpracujemy z tą firmą od 11 lat. Współpracowaliśmy przy wielu projektach w Europie, na Bliskim Wschodzie i w Azji Środkowej i nadal pracujemy razem na wielu budowach. Nadal realizujemy 7 projektów w Europie z tą firmą. Projekty te obejmują GE Gas Europe (Niemcy (2), Polska (2), Belgia (1), GE Wind Energy Power Systems & Solutions Szwecja (2) i GE Hydro Francja. Firma ta jest odpowiedzialna za wiele krajów afrykańskich, więc pośrednio świadczymy usługi na kontynencie afrykańskim). Oprócz General Electric, niektóre z firm, z którymi nadal współpracujemy to: FILTCORE, SIEMENS ENERGY, SAMSUNG G&T, ABB, ENERGY, EATON, SUEZ, TESLA, SCHLUMBERGER, BAKER i HUGHES itp.",Poland,2.348121,,,
MARIO EXPRESS - Transport I Przeprowadzki Rzeszów,2348121.0,Poland,https://www.linkedin.com/company/mario-express---transport-i-przeprowadzki-rzeszów,www.marioexpress.pl,"PRZYJEMNE PRZEPROWADZKI w Rzeszowie i na Podkarpaciu. Skuteczny transport towarów dla firm i osób prywatnych. SPRAWDŹ.  Nasze ekipy wykonują miesięcznie od kilkunastu do kilkudziesięciu przeprowadzek i transportów towarów. Dzięki dużemu doświadczeniu masz gwarancję, że usługa będzie wykonana solidnie i terminowo.  Samochody przystosowane do przewozu różnego typu ładunków, zapewniają wygodny i bezpieczny załadunek, oraz przewóz i rozładunek towarów.     Różnorodność materiałów zabezpieczających, które oferujemy w gratisie do przeprowadzek kompleksowych jak: folie, taśmy i kartony do przeprowadzek, zapewniają bezpieczeństwo i wygodę, podczas pakowania i transportu.  W większości przypadków pracujemy na z góry określonym budżecie, który ustalamy podczas wspólnych negocjacji jeszcze przed przystąpieniem do zlecenia.   WYKONUJEMY: - Usługi transportowe Rzeszów, Podkarpacie, Polska  - Przeprowadzki Rzeszów - Polska, - Krajowy transport towarów - Taksi bagażowe i wynajem samochodu z kierowcą. - Dystrybucja towarów Rzeszów, Podkarpacie dla firm i klientów indywidualnych. - Utylizacja mebli, opróżnianie lokali.  Dysponujemy samochodami dostawczymi o ładowności do 1,5 tony. Siedziba firmy znajduje się w mieście Rzeszów a przewozy oferujemy na terenie całego Podkarpacie i kraju.    Oferujemy usługi transportowe dla firm oraz klientów indywidualnych: Prowadzimy stałą współpracę z firmami w zakresie transportu oraz dystrybucji towarów. Przyjmujemy też zlecenia pojedyncze. Dla osób prywatnych wykonujemy usługi różnego typu. Są to małe i duże przewozy, od pojedynczych mebli czy ładunków po duże przeprowadzki na terenie Rzeszowa, Podkarpacia i całego kraju.   Po więcej informacji zapraszam na: www.marioexpress.pl  Skontaktuj się z nami i ustal szczegóły: 785-645-341",Poland,2.348121,,,
Arval Service Lease Polska Sp. Z O.o.,2288716.0,"Poland, Mazovia, Warsaw",https://www.linkedin.com/company/arval-polska,www.arval.pl,"Arval Service Lease Polska Sp. z o.o. is a leading company in Poland specializing in fleet management and leasing services, with over 30 years of experience in the industry. The company focuses on long-term vehicle rental, providing comprehensive support that includes maintenance, insurance, and cost management, allowing clients to avoid unexpected expenses. Arval's mission is to deliver innovative mobility solutions that promote sustainable development and the energy transformation of fleets, including the growth of electromobility. Its clientele ranges from small and medium-sized enterprises to large corporations, all of whom benefit from flexible and tailored mobility solutions. Arval partners with automotive manufacturers and mobility service providers to optimize the total cost of fleet ownership, making its services an attractive choice for businesses seeking efficient vehicle management solutions. As part of the BNP Paribas Group, Arval boasts a global fleet of nearly 1.75 million vehicles, enabling it to cater to diverse client needs. The company has seen significant growth, achieving 72,800 leased vehicles in Poland in 2023, marking a 10% increase from the previous year, with its electric fleet expanding by over 100%. Arval is committed to enhancing ecological awareness and road safety through innovative services and digital platforms, while also promoting sustainable transport through initiatives like the ""Ambasador Bezpiecznej Jazdy Arval"" competition. The company offers a wide range of services, including vehicle configuration, delivery with electric vehicle charging equipment, and roadside assistance, ensuring high-quality support for its clients. With a vision to lead the transformation of vehicle fleets towards more environmentally friendly solutions, Arval continues to develop shared mobility centers and collaborate with international partners to provide comprehensive fleet management services.",Poland,2.288716,,,
RentCars.pl Sp. Z O.o.,2086124.0,"Poland, Subcarpathian Voivodeship, Rzeszów, 36-002",https://www.linkedin.com/company/rentcars-pl-sp--z-o-o-,rentcars.pl,"RentCars.pl is a new service on Polish market. The goal of the service is to provide our users with the accurate information about the best car rental deals in the particular region.With RentCars.pl you can book a car online in just a few minutes. Thanks to very clear and intuitive search engine, users can compare deals from many car rentals and choose the best one.One can filter offers in terms of a car quality, seats available, type of fuel or type of gearbox. The search results are displayed in a very clear manner, users are also able to order some additional services like a driver, a child safety seat or GPS navigation device. RentCars.pl does not charge any fees for making a booking.What is worth to mention is that our clients are allowed to cancel a booking without paying any costs. We guarantee the lowest price as well. RentCars.pl cooperates only with verified and professional car rentals from all over the Poland.",Poland,2.086124,,,
Malibu Auto Centrum,2086124.0,"Poland, Mazovia, Warsaw, 3 Morelowa, 03-192",https://www.linkedin.com/company/malibu-auto-centrum-sp.-z-o.o.,www.malibu-auto.pl,"Malibu Auto Centrum Sp. z o.o. to firma istniejąca na polskim rynku od roku 1997. Nasza firma to Centrum Motoryzacyjne w którym można uzyskać usługi Salonowe oraz Serwisowe. Aktualnie jesteśmy Autoryzowaną Stacją Obsługi KIA, która oferuje: gwarancyjny i pogwarancyjny serwis mechaniczny, serwis blacharsko-lakierniczy, sprzedaż części i akcesoriów KIA. Nasz salon sprzedaży samochodów oferuje aktualnie: sprzedaż samochodów używanych marki KIA i innych marek, komis samochodów różnych marek, kredytowanie, leasingi oraz ubezpieczenia. Ponadto jesteśmy autoryzowanym Dilerem i Serwisem marki AIXAM i MINAUTO. Z dniem 1 lipca 2017 odeszliśmy od bezpośredniej sprzedaży nowych samochodów marki KIA. Niemniej jednak informujemy, że osoby zainteresowane kupnem nowego samochodu marki KIA mogą liczyć na pełne wsparcie z naszej strony przy sprawdzeniu najlepszej oferty na upatrzone modele. Wychodząc naprzeciw oczekiwaniom naszych klientów, rozszerzyliśmy działalność o wynajem samochodów różnych marek na bardzo korzystnych warunkach (na czas krótko- i długoterminowy). Ponadto wprowadzamy usługę Auto-Detailing oraz realizujemy indywidualny import modeli samochodów wybranych na życzenie klienta. Serdecznie pozdrawiamy i zapraszamy, Malibu Auto Centrum",Poland,2.086124,,,
VAN FLEET,2086124.0,"Poland, Mazovia, Warsaw",https://www.linkedin.com/company/van-fleet,www.vanfleet.pl,"We are an international company created by professionals and above all enthusiasts. Our long-term cooperation with companies in the automobile and financial sectors has given us experience in meeting the needs of the most demanding customers, while maintaining a very high standard of service. For our customers, both private and corporate, we have prepared a comprehensive offer covering widely defined short-term and medium-term car rental. We have also included an innovative form of car rental for business. Our individual approach in dealing with each of our clients distinguishes us from our competitors.",Poland,2.086124,,,
Black Cars,2047606.0,"Poland, Mazovia, Ursynów, 64/127 Bokserska, 02-690",https://www.linkedin.com/company/black-cars-premium,blackcars.pl,Wynajem samochodów klasy premium Bogata flota aut klasy premium. Najlepsze warunki wynajmu.,Poland,2.047606,,,
Seven Rent A Car,1888002.0,"Poland, Mazovia, Warsaw",https://www.linkedin.com/company/sevenrentacar,www.sevenrentacar.pl,"Seven Rent a Car to wypożyczalnia samochodów właśnie dla Ciebie! To firma, która profesjonalnie zajmuje się wynajmem samochodów osobowych  Firmę tworzy zespół ludzi związanych od wielu lat z motoryzacją. Jesteśmy profesjonalistami, posiadającymi duże doświadczenie w branży, ale przede wszystkim jesteśmy ludźmi z pasją.  Szanowni Państwo! Misją naszej firmy jest zawieranie transakcji opartych na obustronnych korzyściach, przy zachowaniu wysokich standardów obsługi Klienta. Satysfakcja naszego Klienta jest dla nas motywacją do dalszego doskonalenia oferty oraz podnoszenia jakości usług  Seven Rent a Car to wypożyczalnia samochodów oferująca auta pod wynajem wraz z pełną obsługą. Podstawiamy nasze samochody pod dom, na lotnisko, dworzec – wszędzie tam, gdzie Jesteś.  Nasza oferta skierowana jest do: Klienta indywidualnego, który potrzebuje samochodu tu i teraz.  Firm, dla których wypożyczenie samochodu jest idealnym rozwiązaniem użytkowania pojazdu bez konieczności jego zakupu.  Seven Rent a Car oferuje wynajem aut po bardzo atrakcyjnych cenach.",Poland,1.888002,,,
Kj Auto,1888002.0,"Poland, Warmia-masuria, Kętrzyn, 4 Urocza, 11-400",https://www.linkedin.com/company/kjautopl,,"kj auto - to lokalna wypożyczalnia samochodów osobowych i busów w Kętrzynie. Zapewniamy najlepszy komfort wynajmu aut w okolicy. W swojej flocie posiadamy samochody rożnych klas i marek, od ekonomicznych (Opel Corsa, Suzuki Baleno) po klasę średnią (Opel Astra, Citroen C-Elysee) oraz klasę wyższą (Renault Latitude, Mercedes Klasa S). W naszej wypożyczalni posiadamy również 9 osobowego busa marki Citroen Jumpy. Jako wypożyczalnia samochodów kj auto oferujemy indywidualne podejście do klienta oraz najlepszą obsługę. W kj auto wynajmiesz auto na dni (Wynajem Krótkoterminowy), miesiące (Wynajem Średnioterminowy), weekendy (Wynajem Weekendowy). Wypożyczalnia busów to najlepsze rozwiązanie dla podróżujących większą liczbą osób. Nasze pojazdy mogą pomieścić 9 pasażerów. Wynajem busa to doskonałe rozwiązanie podczas wyjazdu na wycieczki z rodziną, wyjazdy zagraniczne, spotkania biznesowe, konferencje, szkolenia. Nasz firma zajmuje się również wynajmem aut zastępczych z OC sprawcy. Poszkodowanym w wyniku kolizji/wypadku przysługuje pojazd zastępczy tej samej klasy co uszkodzony, którego koszt wynajmu pokrywa ubezpieczyciel. Auto zastępcze z OC sprawcy przysługuje zarówno przedsiębiorcom, jak i osobom prywatnym. Ponadto zajmujemy się się odzyskiwaniem odszkodowań dla osób poszkodowanych. Bez względu na rodzaj doznanej szkody osobowej czy majątkowej. Wypożyczalnia samochodów działa na terenie województwa warmińsko-mazurskiego. Istnieje możliwość podstawienia samochodu w dowolne miejsce: Barczewo, Bartoszyce, Biała Piska, Biskupiec, Bisztynek, Braniewo, Dobre Miasto, Działdowo, Elbląg, Ełk, Frombork, Giżycko, Gołdap, Górowo Iławeckie, Iława, Jeziorany, Kętrzyn, Kisielice, Korsze, Lidzbark, Lidzbark Warmiński, Lubawa, Mikołajki, Miłakowo, Miłomłyn, Młynary, Morąg, Mrągowo, Nidzica, Olecko, Olsztyn, Olsztynek, Orneta, Orzysz, Ostróda, Pasłęk, Pasym, Pieniężno, Pisz, Reszel, Ruciane-Nida, Ryn, Sępopol, Susz, Szczytno, Tolkmicko, Węgorzewo, Wielbark, Zalewo.",Poland,1.888002,,,
Clorce,1764764.0,"Poland, Greater Poland, Poznań, 41b Ulica Grunwaldzka, 60-784",https://www.linkedin.com/company/clorce,www.clorce.com,"As one of a few Salesforce partners in Poland we provide help with sales and lead generation process  assessment and transformation. Our dedicated team of certified professionals helps our customers to implement both CRM and marketing automation solutions (Pardot).  We work with manufacturing and distribution industries providing integrated solutions for large and medium organizations and help teams get the best of their IT system. Among other implementations we have created a vertical solution for automotive industry providing system with car fleet management (CFM), car rental, used car sales and dealer management system (DMS) functionalities used by premium brand rentals (Tesla) and automotive (BMW). If: -	you are Cx level manager in your organization -	you feel your business time to market is too slow because of IT problems -	your company information is stored in numerous IT systems that do not exchange data as you feel they should -	your system look and feel remembers y2k problems -	a lot of information crucial for your team effectiveness is stored on email inboxes or computer HDDs causing problems when your team is on vacation or sick -	Your team collaboration has some space for improvement -	There are processes that could be automated leaving more time to develop business -	Some information and data is still kept in xls or google spreadsheets -	Approvals take forever -	You would like to be able to calculate ROI on your IT system implementation instead of calculating the cost -	You could use mobile access to your company data in real time to enable faster response to your customers needs and gain competitive advantage It is time for you to invite us for a coffee to learn how Salesforce (4th largest enterprise software provider) and our specialists can help you gain competitive advantage. Visit www.clorce.com and learn more!",Poland,1.764764,,,
BA Car Rental Sp. Z O. O.,1564593.0,"Poland, Mazovia, Warsaw, 217 Aleje Jerozolimskie",https://www.linkedin.com/company/ba-car-rental,bacarrental.pl,"Nasza wypożyczania samochodów, BA Car Rental, została powołana do życia przez British Automotive Holding – spółkę akcyjną notowaną na GPW, importera na rynek polski samochodów marek Jaguar, Landrover, Aston Martin i SsangYong. Jesteśmy wyłącznym operatorem franczyzy SurPrice Car Rentals na terenie Polski, a od niedawna także Czech (dzięki podmiotowi powiązanemu).  Wraz z pozostałymi franczyzobiorcami, tworzymy prężnie rozwijającą się sieć wypożyczalni, dostępnych w niemal 30 krajach na południu Europy, basenów Morza Śródziemnego, Czarnego i Adriatyku.  Nasza flota stale się rozrasta, a wieloletnie doświadczenie pozawala nam nie tylko na doskonałą obsługę, ale przede wszystkim na udostępnienie naszym klientom najlepszych ofert. Dysponujemy pełną gamą samochodów we wszystkich segmentach: od ekonomicznych, po marki premium oraz busy 9-osobowe.",Poland,1.564593,,,
Amin Travel Sp. Z O.o.,1366299.0,"Poland, Mazovia, Warsaw, 30 Kopernika, 00-336",https://www.linkedin.com/company/amin-travel-sp.-z-o.o.,www.amin.pl,"Amin Travel operates in the Business travel industry. We mostly deal with corporations, serving and organizing each and every component of the travel for a businessman. We also prepare group flights for incentive agencies and tour operators. We are accredited IATA agency (No 63 21083 6). This exclusive certificate allows our company to issue and sell airline tickets. For our customers this certification equals safety as we are financially verified each year in order to get the license prolonged. We are also DB Bahn and Flixbus accredited agency. We offer air tickets of both: regular and low cost carriers. Besides airline tickets we offer: - hotel reservations around the world - car rentals - travel insurance - railway tickets - bus tickets - organization of meetings, trainings, conferences We are in the travel business to consult and serve our clients he best possible way. We work fast and precisely. We respond quickly to client's needs. We care for the cost of your travel! If you want to receive our offer please contact us at: wspolpraca@amin.pl",Poland,1.366299,,,
Prestige Line Gdansk,1258668.0,"Poland, Pomerania, Gdańsk, 19 Jabłońskiego, 80-766",https://www.linkedin.com/company/prestige-line-gdansk,prestige-line.pl,"Prestige Line has been on the market since 2011, we are a modern, dynamically developing company specializing in exclusive passenger transport in luxury Mercedes Benz cars. We offer a wide range of services such as airport transfers, full-time chauffeur-driven car rental, comprehensive VIP customer service and tour organization. We are available 24 hours a day, 7 days a week. We guarantee 100% satisfaction with our service, punctuality, discretion and security. Prestige Line działa na rynku od 2011 roku i jest nowoczesną, prężnie rozwijającą się firmą specjalizującą się w ekskluzywnym transporcie osób luksusowymi samochodami marki Mercedes Benz. Oddajemy do Państwa dyspozycji znacznie więcej niż tylko pełną gamę komfortowych samochodów, to również elegancko ubrani, anglojęzyczni kierowcy oraz zespół doświadczonych koordynatorów, którzy zadbają o każdy szczegół Państwa podróży. Oferujemy szeroki wachlarz usług takich jak transfery lotniskowe, wynajem samochodu z kierowcą do pełnej dyspozycji, kompleksową obsługę klienta VIP oraz organizacje wycieczek. Jesteśmy do Państwa dyspozycji 24 godziny na dobę 7 dni w tygodniu.",Poland,1.258668,,,
Bad Cars,1258668.0,"Poland, Mazovia, Warsaw",https://www.linkedin.com/company/bad-cars,www.bad-cars.pl,"Bad Cars to coś więcej niż wypożyczalnia samochodów klasy premium. Od ponad 5 lat z powodzeniem spełniamy zarówno przyziemne potrzeby, jak i ekstrawaganckie marzenia motoryzacyjne naszych klientów. Tworząc naszą firmę postawiliśmy na wyjątkowy produkt i bardzo indywidualne podejście do każdego klienta, oferując usługę na poziomie, którego próżno szukać na polskim rynku. Funkcjonujemy bazując na pięciu elementach, które są dla nas kluczowe: •	Czas – Mówi się, że to jedna z dwóch rzeczy, których kupić nie można. U nas można. Świadczymy kompleksową obsługę door-to-door na terenie całej Europy, a formalności ograniczone są do minimum. •	Bezpieczeństwo – Przykładamy dużą wagę do stanu technicznego naszych pojazdów, regularnie serwisując je wyłącznie w autoryzowanych stacjach obsługi i wymieniając flotę co 12 miesięcy. Wynajmując samochód z kierowcą, zapewniamy wyłącznie doświadczonych i odpowiedzialnych szoferów. To wszystko z troski o Państwa zdrowie, które jest bezcenne. •	Elastyczność – Nasza oferta jest zawsze „szyta na miarę”. Dostosowujemy wszystkie jej elementy pod indywidualne potrzeby klienta. •	Luksus – Oferujemy wyłącznie najnowsze modele samochodów marek premium. Wszystkie nasze pojazdy posiadają bogate wyposażenie dodatkowe oraz ekskluzywne pakiety stylistyczne. Są bardzo zadbane i zawsze idealnie czyste. •	Emocje – Kompletując flotą postawiliśmy sobie jeden zasadniczy warunek. Przejażdżka każdym z naszych aut ma być wyjątkowym przeżyciem, dlatego zadbaliśmy również o to, by pod maskami znalazły się mocne silniki. Średnia moc naszych samochodów to aż 364 KM!",Poland,1.258668,,,
Wypożyczalnia Samochodów Euro Style Rent A Car,1258668.0,"Poland, Mazovia, Warsaw, 42 Ulica Żwirki I Wigury",https://www.linkedin.com/company/euro-style-rent-a-car,www.euro-style.pl,"Wypożyczalnia samochodów Euro Style działa na rynku od 2000 roku, a jej siedziba znajduje się na ul Żwirki i Wigury 42 w Warszawie. Z naszych usług korzysta rocznie około 3 000 Klientów, a nasze pojazdy przejeżdżają łącznie prawie 2 500 000 kilometrów. Odbiorcami naszych usług są zarówno osoby prywatne jak i firmy. Dzięki aktywnej strategii marketingowej, opartej m. in. na Internecie docieramy do Klientów w całej Polsce i w świecie. Większość realizowanych umów dotyczy samochodów osobowych, choć zainteresowanie wzbudzają także pojazdy dostawcze. Celem firmy jest profesjonalne i rzetelne zaspokojenie potrzeb i oczekiwań Klientów w zakresie wynajmu pojazdów. Realizację misji zapewnia kompetentny i operatywny personel, korzystna i atrakcyjna oferta handlowa oraz szeroka i zróżnicowana gama pojazdów postawiona do dyspozycji naszych Klientów. Flota samochodowa jest tak kompletowana, aby każdy Klient, w zależności od swoich potrzeb znalazł* odpowiadający mu pojazd. Dla podniesienia satysfakcji Wypożyczających, park samochodowy jest nieustannie modernizowany i rozbudowywany pod względem jakościowym i ilościowym. Szczególną troskę kadra menedżerska firmy wykazuje w zakresie kontaktów z Klientami za pośrednictwem telefonów, poczty elektronicznej, serwisów internetowych, rozwijania pozagotówkowych form płatności i internetowego systemu rezerwacji pojazdów. Efektem tych działań jest wysoka reputacja branżowa Euro-Style, ale co najważniejsze – satysfakcja naszych Klientów.",Poland,1.258668,,,
Fleet Corp Sp. Z O.o.,1053133.0,"Poland, Mazovia, Warsaw, 7 Ulica Arkuszowa, 01-934",https://www.linkedin.com/company/fleet-corp-sp-z-o-o,www.fleetcorp.pl,"Wypożyczalnia samochodów. Segmenty A-E, podstawienia aut pod wskazany adres. Automaty i manuale, samochody z silnikami diesel i benzyna, w ofercie również hybrydy i auta z instalacją LPG. Działamy na terenie całego kraju choć głównie skupiamy się na rynku woj. mazowieckiego.",Poland,1.053133,,,
Emiga Cars Wypożyczalnia Samochodów Premium,1053133.0,"Poland, Mazovia, Warsaw",https://www.linkedin.com/company/emiga-cars-wypożyczalnia-samochodów-premium,www.emigacars.pl,"Emiga Cars to wypożyczalnia samochodów premium, w której znajdziesz luksusowe limuzyny i dynamiczne auta sportowe. Naszą ofertę dopasowujemy do Twoich potrzeb, dlatego stale ją rozszerzamy o nowe modele samochodów oraz usługi towarzyszące, takie jak: auto z kierowcą, auto z ochroną, transfer z lotniska do hotelu, czy VIP concierge. Sprawdź, co możemy Ci zaoferować.",Poland,1.053133,,,
PMG Gas,1053133.0,"Poland, Mazovia, Warsaw, Bartycka",https://www.linkedin.com/company/pmg-gas,www.pmggas.pl,"Our company sells parts, equipments and complete LPG installations for cars. We are commercial operator of KME a well-known Polish manufacturer of modern automotive electronics and J.A.K. company - complementation of LPG systems at the customer's request . We also distribute products of renowned companies such as: Landi, Tomasetto, Lpg-Tech, Lovtec, Lovato, Marini, Brc, Valtec, Matrix, Med, Stako, Bormech, Gazmix, Ascor, Gomet, Certools, Zavoli, Reg Omvl , Alex. We organize training courses and presentations of the latest technologies for companies. Please contact us for more information.  Nuestra empresa comercializa repuestos, equipos e instalaciones completas de GLP para automóviles. Somos un operador comercial de KME, un conocido fabricante polaco de electrónica automotriz moderna y J.A.K. empresa - complementación de sistemas GLP a petición del cliente. También distribuimos productos de reconocidas empresas como: Landi, Tomasetto, Lpg-Tech, Lovtec, Lovato, Marini, Brc, Valtec, Matrix, Med, Stako, Bormech, Gazmix, Ascor, Gomet, Certools, Zavoli, Reg Omvl, Alex. Organizamos cursos de formación y presentaciones de las últimas tecnologías para empresas. Por favor contáctenos para más información. Notre société vend des pièces, des équipements et des installations GPL complètes pour les voitures. Nous sommes l'opérateur commercial de KME, un fabricant polonais bien connu d'électronique automobile moderne et J.A.K. entreprise - complément de systèmes GPL à la demande du client. Nous distribuons également des produits de sociétés renommées telles que: Landi, Tomasetto, Lpg-Tech, Lovtec, Lovato, Marini, Brc, Valtec, Matrix, Med, Stako, Bormech, Gazmix, Ascor, Gomet, Certools, Zavoli, Reg Omvl, Alex . Nous organisons des formations et des présentations des dernières technologies pour les entreprises. Veuillez nous contacter pour plus d'informations.",Poland,1.053133,,,
START Car Rent,1043062.0,"Poland, Mazovia, Warsaw, 42 Ul. Młynarska, 01-171",https://www.linkedin.com/company/start-car-rent,start.rent,"START Car Rent to przyjazna wypożyczalnia samochodów (krótko oraz średnio terminowa). Stawiamy na wzajemne zaufanie i uproszczone procedury. Oferujemy wynajem samochodów: bez kaucji, z nielimitowanymi kilometrami i pełnym ubezpieczeniem oraz umożliwiamy współużytkowanie auta z bliską osobą. Auta można odebrać w jednym z 20 punktów w Warszawie lub dostarczymy je pod wskazany adres. W swojej flocie oferujemy wyłącznie nowe auta, młodsze niż 12 miesięcy. Ceny zaczynają się już od 59 zł za dobę. Rezerwacji można dokonać poprzez stronę internetową http://start.rent, mailowo info@start.rent lub telefonicznie:  221 202 221",Poland,1.043062,,,
Travel Management Stare Miasto,1041120.0,"Poland, Mazovia, Warsaw, 17 Podwale, 00-252",https://www.linkedin.com/company/travel-management-stare-miasto,www.staremiasto.pl,"Specjalizujemy się w kompleksowej obsłudze podróży służbowych i indywidualnych. Oferujemy bilety lotnicze, rezerwacje hotelowe, transfery, wynajem samochodów, pośrednictwo wizowe, ubezpieczenia i pozostałe usługi związane z obsługą podróży. Dla klientów instytucjonalnych organizujemy również konferencje, szkolenia oraz wyjazdy typu incentive. Dla klientów indywidualnych oferujemy wyjazdy szyte na miarę lub pomoc w wyborze wczasów lub wycieczek polskich lub niemieckich touroperatorów.",Poland,1.04112,,,
Groupe Espro Francusko Polska Grupa Doradcza,1033502.0,"Poland, Mazovia, Warsaw, 87 Grzybowska, 00-844",https://www.linkedin.com/company/groupe-espro,www.groupespro.com,"Kancelaria Groupe Espro Sp. z o. o. funkcjonuje na rynku francuskim i polskim od ponad 10 lat. Świadczy specjalistyczne usługi doradcze dla firm podejmujących działalność we Francji w zakresie delegowania pracowników oraz zainteresowanych rozwojem swojej działalności na rynku francuskim. Zapewnia kompleksową obsługę firm polskich na terenie Francji (obsługa prawna, administracyjna, księgowa, doradztwo biznesowe), a także pomaga w rejestracji spółki we Francji, tworzeniu filii, oddziałów. Oferuje asystę biznesową dla polskich i francuskich inwestorów. Obsługuje głównie branże budowlana, instalacyjną, metalurgiczną i transportową. Dodatkowo świadczy usługi reprezentanta polskich przewoźników we Francji. Le Cabinet Groupe Espro Sp. z o. o. est présent sur le marché français et polonais depuis plus de 10 ans. Il fournit des services de conseil spécialisés aux entreprises opérant en France en matière de détachement de salariés ainsi qu’à celles qui souhaiteraient développer leurs activités sur le marché français. Il fournit des services complets aux entreprises polonaises en France (services juridique, administratif, comptable, conseil aux entreprises), et aide également à l'enregistrement d'une entreprise en France, à la création de filiales et de succursales. Il propose une assistance commerciale aux investisseurs polonais et français. Il conseille principalement dans les secteurs de la construction, de l'installation, de la métallurgie et des transports. De plus, il fournit les services de représentant des transporteurs polonais en France.",Poland,1.033502,,,
Rent&Drive,877923.0,Poland,https://www.linkedin.com/company/rent&drive,www.rentanddrive.pl,"We are Rent a Car company, with only new passanger cars. We provide cars in Warsaw, Poland, in locations like International Airport, main Railroad Stations and Hotels. We also provide  replacement cars in case of an accident or failure of the primary car.",Poland,0.877923,,,
Global Rent A Car Poland,832896.0,"Poland, Mazovia, Warsaw",https://www.linkedin.com/company/global-rent-a-car-poland,www.global-rent-a-car.com,"Mobility on your holiday, journey or business trip – GLOBAL Rent-a-Car provides you with low-cost car rentals right around the globe. No matter where or why you wish to rent your vehicle: at GLOBAL Rent-a-Car you get the right car at the right price – and with premium-quality service.",Poland,0.832896,,,
Motorhome.pl,780350.0,"Poland, Mazovia, Zakręt, 14/15 Ul. Wąska, 05-077",https://www.linkedin.com/company/motorhome.pl,www.motorhome.pl,"The motorhome.pl is the recreational vehicle rental company nearby Warsaw, Poland. If you plan to visit Eastern Europe, that’s the best way start your self-drive adventure! The company offers compact-size, yet comfortable and very well-equipped class B camper vans. With pop-up, rooftop beds and fold-out interior beds, these camper vans allow up to four people to travel and sleep in comfort. These van conversion vehicles are perfect for fast driving on the highways and are easy to drive on crowded streets of small and big cities. ➡️Comfortable ➡️Family friendly ➡️Safe ➡️Agile If you need more information, please visit our website.",Poland,0.78035,,,
DRIMtech S.C.,780350.0,"Poland, Zabierzów, 74 Śląska",https://www.linkedin.com/company/drimtech-s-c,www.drimtech.pl,Wypożyczalnia samochodów turystycznych,Poland,0.78035,,,
Destination Pologne,779725.0,"Poland, Lesser Poland Voivodeship, Kraków",https://www.linkedin.com/company/destination-poland-destination-pologne,www.destinationpologne.fr,"Destination Pologne est une agence réceptive franco-polonaise récompensée par de nombreux prix et reconnue pour son expertise de la destination, la qualité de ses services, le professionnalisme et l’engagement de son équipe 100% francophone. Co-fondée et dirigée par Julien Hallier, Français arrivé en Pologne en 2003 en tant qu'étudiant Erasmus, et aujourd’hui créateur d’expériences uniques dans son pays d’adoption, Destination Pologne est la seule agence locale à avoir une approche française de la destination, ce qui constitue une valeur ajoutée indéniable pour vous et vos clients francophones. Nos domaines de compétences :  - Evénements d’entreprise  - Voyages culturels sur mesure - Séjours thématiques   - Pèlerinages - Voyages scolaires éducatifs Nos principaux points forts  - Connaissance exhaustive de la destination  - Accompagnement sur-mesure - Professionalisme - Créativité - Fiabilité - Réactivité et efficacité - Flexibilité - Polyvalence - Proximité avec nos clients et nos partenaires locaux Notre plus grande satisfaction ? Votre sourire à la fin de votre séjour en Pologne :) Notre mission est d’influer positivement sur l’image de la Pologne en France et dans les pays francophones. Nous sommes convaincus que le tourisme y joue un rôle important, surtout si toutes les parties prenantes respectent le développement économique local et la préservation des ressources culturelles et naturelles. Soyez les bienvenus en Pologne !",Poland,0.779725,,,
Wypożyczalnia Samochodów NH Rental Cars,762905.0,"Poland, Pomerania, Tczew, 3 Obrońców Westerplatte, 83-110",https://www.linkedin.com/company/wypożyczalnia-samochodów-nh-rental-cars,nhrentalcars.pl,"NH Rental Cars - jesteśmy wypożyczalnią samochodów osobowych oraz busów. Nasza siedziba mieści się w Tczewie. Świadczymy wynajem samochodów klasy A, B, C, D, SUV, a także bus. Swoje usługi kierujemy do firm i osób fizycznych z terenu województwa pomorskiego oraz do osób odwiedzających nasze województwo. Oferujemy jakość na najwyższym poziomie w atrakcyjnej cenie. Mamy na uwadze aktualne trendy i potrzeby, dlatego też stajemy na wysokości zadania i zapewniamy Klientom modele samochodów osobowych dające użytkownikom gwarancję bezpieczeństwa i komfortu jazdy.",Poland,0.762905,,,
Volante Cars,762905.0,"Poland, Lesser Poland Voivodeship, Kraków",https://www.linkedin.com/company/volante-cars,www.volantecars.pl,Luxury and sports car rental.,Poland,0.762905,,,
Elco Sp. Z O.o.,762905.0,"Poland, Lower Silesia, Wrocław",https://www.linkedin.com/company/elco-sp.-z-o.o.,www.elcoauto.pl,"Elco to wypożyczalnia samochodów we Wrocławiu. Oferujemy flotę ponad 60 nowych aut o sprawdzonym stanie technicznym, z pełną opieką serwisową przez cały czas wynajmu. Z pewnością będziemy mieć właściwe auto dla Ciebie!",Poland,0.762905,,,
Dolcar Sp Z O.o. Sp. K.,762905.0,"Poland, Mazovia, Warsaw, 179 Aleja Krakowska, 02-180",https://www.linkedin.com/company/dolcar-sp-z-o-o-sp-k,www.dolcar.auto.pl,"Dolcar rent a car istnieje na Polskim rynku od 2012 roku od tego momentu prężnie się rozwija .W chwili obecnej nasz flota składa się z 350 samochodów osobowych , luksusowych , sportowych i dostawczych. Bez względu na to, czy potrzebujesz auta ekonomicznego, dzięki któremu z łatwością będziesz poruszać się po miejskich uliczkach, czy komfortowego, idealnego na dłuższe trasy bądź auta dostawczego, u nas znajdziesz to, czego szukasz.   Dolcar świadczy usługi z zakresu wynajmu krótko, średnio oraz długoterminowego . Stale poszerza i wymienia swoją flotę, żeby móc zaproponować Klientom najwyższą jakość, komfort i bezpieczeństwo. Jest to z całą pewnością jedna z najlepiej rozwijających się polskich marek i godna zaufania firma!   Nasza oferta skierowana jest do firm i osób fizycznych oczekujących obsługi na najwyższym poziomie , które w szybki i profesjonalny sposób chcą pozyskać pojazd.",Poland,0.762905,,,
Skorpion Rent A Car 882 500 901 882 500 902,754556.0,"Poland, Pomerania, Gdańsk",https://www.linkedin.com/company/skorpion-rent-a-car,skorpionrc.eu,"Skorpion Rent a Car jest prężnie rozwijającą się wypożyczalnią samochodów. Działamy na terenie Trójmiasta i okolic od 2010 roku. Oferujemy wynajem krótko- i długoterminowy. Naszym atutem jest profesjonalne i indywidualne podejście do potrzeb każdego z naszych Klientów . Przez ostatnie 5 lat naszej działalności nauczyliśmy się szybko reagować na zmieniające się oczekiwania klientów. Od początku naszej działalności na pierwszym miejscu stawiamy na zadowolenie Klienta. To właśnie na spełnieniu Państwa oczekiwań skupiamy wszystkie nasze starania. Naszym celem zawsze było , jest i będzie zapewnienie najwyższej jakości usług poprzez ciągłe rozwijanie naszej floty. Działamy przez 24 godziny na dobę, 7 dni w tygodniu. Podane ceny są cenami brutto. Gratis dodatkowy kierowca. Powyżej 7 dób nawigacja oraz foteliki samochodowe gratis. Wszystkie nasze auta posiadają klimatyzację. www.skorpionrc.eu dok@skorpionrc.eu 882 500 901, 882 500 902",Poland,0.754556,,,
SONARAUTOMAX,632339.0,"Poland, Mazovia, Radom",https://www.linkedin.com/company/sonarautomax,sonarautomax.pl,"Sonar Auto Max is a used car dealer created out of passion and in accordance with European standards. Experience and knowledge acquired within years result in professional and comprehensive service we provide to our Customers every day.   We sell imported passenger cars and ones purchased on the territory of Poland. We take used cars in part exchange.   In order to meet our Customers’ demands, we develop and enrich our offer on regular basis. Accordingly, we have opened a car rental recently.   We guarantee comprehensible service, including car insurance possibility and tailor-made form of financing (loan, lease), which enables our Customers to settle all formalities in one place and with minimum effort.   We are flexible and open to our Customers’ needs. We can import any car on demand.   Sonar Auto Max is a place where many can find their dream cars and enjoy everyday ride. Visit us.",Poland,0.632339,,,
CARSSON Car Rental,629334.0,"Poland, Mazovia, Warsaw, 17 Żupnicza, 03-821",https://www.linkedin.com/company/carsson,www.carsson.pl,"CARSSON Car Rental to najlepszy wybór na polskim rynku wypożyczalni samochodów. Oferujemy wynajem aut osobowych według najwyższych międzynarodowych standardów, w atrakcyjnych cenach. Wysoka jakość obsługi i zadowolenie naszych Klientów stanowi dla nas największy priorytet. CARSSON Car Rental is the best choice on the polish car rental market. We offer personal vehicles for rent with adherence to the highest international standards at competetive prices. High quality of service and customer satisfaction are our highest priorities. Die CARSSON Car Rental ist die beste Wahl auf dem polnischen Markt der Autovermietung. Wir bieten Ihnen die besten Autos zu besten Preisen. Hohe Dienstleistungsqualität und Zufriedenheit unserer Kunden sind unsere Priorität.",Poland,0.629334,,,
GO! RENT,629334.0,"Poland, Mazovia, Warsaw, 1 Zwirki I Wigury, 00-906",https://www.linkedin.com/company/gorent,www.justgorent.com,"Car rental in Warsaw. We serve clients at the airports (Chopin Airport in Warsaw, Warsaw-Modlin Airport) and main railway stations (Central, West, East) or or we deliver them to the address provided.",Poland,0.629334,,,
FuturMEDICA,629334.0,"Poland, Jerzmanowice, 153c Jerzmanowice, 32-048",https://www.linkedin.com/company/futurmedica,www.futurmedica.eu,"FuturMEDICA, a medical tourism provider, offers a wide range of dental and medical services together with leisure & travel opportunities for the Patients under international treatment. Applying state of the art equipment and latest technology FuturMEDICA provides stress-free, painless, effective and reasonable priced medical treatments in Poland for those patients who would like to combine their holiday stay with highest standards of medical services or who are underinsured / uninsured within their national healthcare plans and would like to get medical service for the fraction of their local prices. Arranging the medical treatments in Krakow's medical centres FuturMEDICA helps people from countries with waiting lists for not emergent or less emergent surgeries to proceed with treatments and to recover in a shorter possible time. FuturMEDICA arranges: - pre-examination and initial cost estimation by contacting the patients in their country - treatments’ plans and schedule - fulfilment of Visa requirements  - travel itinerary, accommodation booking, airport transfers, car rental … - documentation for treatment cost reimbursement FuturMEDICA leisure & travel options: - city tours, daily excursions, individual or for groups provided by licensed partners - SPA & Wellness custom designed packages (pre- and post-treatment) - tailor-made SPA & Wellness packages for accompanying persons FuturMEDICA assures FREE personal assistance during Patient stay in Poland.",Poland,0.629334,,,
24W Apartments Wrocław Old Town,629334.0,"Poland, Lower Silesia, Wrocław, 14/7 Plac Solny",https://www.linkedin.com/company/24w-apartments-wroc-aw-old-town,www.24w.eu,"We offer apartments for short and long term rent in Wroclaw, Old Town, that is Market Square, Solny Square and other streets. The apartments are fully furnished with either a kitchen or a kitchenette, a bathroom and bedroom. A dining area is also provided. The kitchens are equipped with an oven, stove, fridge, dishes and cutlery. There is either a tub or shower in the bathrooms. Some apartments feature a dishwasher, washing machine, vacuum cleaner, TV LCD, hi-fi and a balcony. Car park behind the building and nearby the courtyard is free of charge. It's possible to use a different car park for a fee – please send the request in advance. Thanks to its location, many restaurants, pubs and shops are within 200 metres from 24W Old Town. Breakfast can be enjoyed in a restaurant in Rynek or delivered to the apartment. Guests can also walk to the Oder River waterfront 500 metres away. Additional services include: airport shuttle, taxi, car rental, luggage storage, tickets to cultural events, meeting organisation, conference arrangement, catering, discounts to restaurants. The apartments can accommodate from 1 to 16 people. Our apartments are available for business people as well as tourists. Rent for any number of days and months. We also offer accommodation in a 24W Eko Strachocin guest house in Wrocław Strachocin and in a hotel - 24W endHotel in Bielany Wrocławskie (by the A4 highway). 24W Apartments Hotline: +48 513 00 66 55",Poland,0.629334,,,
Golden Lynx Cars,593767.0,"Poland, Pomerania, Dębogórze-wybudowanie, 2 2 Krótka, 84-230",https://www.linkedin.com/company/golden-lynx-cars,www.goldenlynxcars.com,"Welcome to Golden Lynx Cars, Poland's trusted choice for premium car rentals. Our fleet offers a diverse range of meticulously maintained vehicles, ensuring your journey—whether for business or leisure—is smooth and memorable. With an unwavering commitment to customer satisfaction, we provide personalized services to cater to your unique needs. Experience the charm of Poland at your own pace, backed by our dedication to excellence. Choose Golden Lynx Cars, and elevate your drive.",Poland,0.593767,,,
Cargo Rent,521531.0,"Poland, Lesser Poland Voivodeship, Kraków, 2 Katowicka, 31-351",https://www.linkedin.com/company/cargo-rent-krakow,cargorent.pl,Wynajem samochodów dostawczych,Poland,0.521531,,,
PolskaFlota.eu,521531.0,"Poland, Pomerania, Żukowo, 7 Radosna, 83-330",https://www.linkedin.com/company/polskaflota.eu,polskaflota.eu,"Pomorska flota Sp. z o.o. to prężnie działająca spółka celowa wchodząca w skład Grupy Słabek będącej jednym z liderów branży motoryzacyjnej na terenie wojwództwa pomorskiego z siedzibą w Borkowie k/Kartuz. Od ponad 20 lat świadczymy usługi profesjonalnych napraw pojazdów osobowych i dostawczych dla klientów indywidualnych i grupowych. Jednym z naszych atutów jest kilkunastoletnie doświadczenie na rynku motoryzacyjnym oparte na działalności uznanego w regionie Pomorskiego Centrum Napraw Pojazdów, z którego struktur wywodzi się Pomorska flota Sp. z o.o. Nadrzędnym celem spółki jest zapewnienie Naszym klientom gwarancji wysokiej jakości usług związanych z wynajmem samochodów. Pomorska Flota Sp. z o.o. jako spółka celowa przejęła na siebie obowiązki związane z wynajmem i zarządzaniem flotami pojazdów. Obecnie Pomorska Flota Sp. z o.o. jest właścicielem takich marek jak: Polskaflota.eu, Pomorskaflota.pl, Centrumfloty.pl Zarządzamy i posiadamy w swojej ofercie kilkaset samochodów osobowych i dostawczych takich czołowych producentów jak Toyota, KIA , Skoda, VW, Audi, Honda, Mercedes I BMW. Wszystkie pojazdy objęte są gwarancją serwisową i lakierniczą na cały okres użytkowania, a także posiadają pełne ubezpieczenia OC, AC oraz ubezpieczenie GAP od utraty wartości w przypadku kradzieży czy szkody całkowitej. Zarządzane i oferowane przez Pomorską Flotę pojazdy dostępne są dla klientów w wynajmie krótko, średnio i długoterminowym: - Najem krótkoterminowy to najem pojazdów z okresem od kilku godzin, do 365 dni. - Najem średnio i długoterminowy to wynajem pojazdów samochodowych od 1 roku do 5 lat użytkowania z opcją nabycia praw własności w trakcie trwania umowy lub po jej zakończeniu, czy możliwości wymiany przedmiotu najmu w trakcie trwania umowy. W ramach abonamentu za wynajem klient otrzymuje pełne finansowanie, ubezpieczenie i opiekę serwisową zgodną z wytycznymi producenta pojazdu, wymianę ogumienia oraz samochód zastępczy na czas naprawy przedmiotu najmu. Zapewniamy konkurencyjne ceny. Pojazdy w abonamencie dostępne są już w kwocie od 449 PLN* miesięcznie. *- przykładowa kwota najmu netto obliczona dla samochodu nowego marki Toyota którego wartość zakupu wraz z finansowaniem w opcji podstawowej, nie przekroczyła kwoty 32000 PLN netto. Zapraszamy także do zapoznania się z pozostałą ofertą Grupy Słabek, dostępnej pod adresem www.grupaslabek.pl.",Poland,0.521531,,,
GoGet.pl Car Sharing,521531.0,"Poland, Lower Silesia, Wrocław, 17 Pieszycka",https://www.linkedin.com/company/goget-pl-car-sharing,www.goget.pl,"Have you used the City Bike or ever heard about it? Car sharing is a similar idea, the difference is instead of two you rent four wheels. Car can be rented for hours, because cars are conveniently located in different parts of the city and to open and close the car you only need a member card or you can do it by smartphone. What if you had the opportunity to rent a comfortable car for few hours, which is waiting for you just around the corner of your house? Thanks to our innovative resolution we have the opportunity to offer fast, cheap and comfortable mean of transportation for Wroclaw community. Only GoGet.pl offers self-service car rental per hours and you decide when, for how long and where you rent. You only need to own a valid drivers licence and register to use our car web whenever you like. GoGet.pl, as an innovative system allows you to use a rental car without the unnecessary paperwork. Under the system of GoGet car sharing you receive from us in the price: -  free fuel available at all stations BP and Statoil -  free parking in all pay-per-urban areas -  the possibility of leaving the car at any point in the free zone -  access to the car after you sign up within 15 minutes around the clock, seven days a week.",Poland,0.521531,,,
IFleet Wynajem Samochodów,521531.0,"Poland, Mazovia, Warsaw, 32 Ulica Gorczewska",https://www.linkedin.com/company/ifleet-wynajem-samochodow,www.ifleet.pl,iFleet to profesjonalny dostawca usług flotowych.  Oferujemy naszym Klientom: - Wynajem krótkoterminowy samochodów ( Rent a Car ) - Wynajem średnioterminowy samochodów ( Medium Term Rental ) - Wynajem długoterminowy samochodów ( Long Term Rental ) - Full Service Leasing - Zarządzanie flotą,Poland,0.521531,,,
Get Rental Wypożyczalnia Samochodów,521531.0,"Poland, Świętokrzyskie, Kielce, 21/9 Warszawska, 25-512",https://www.linkedin.com/company/get-rental,www.getrental.pl,"Firma GetRental to nowoczesna wypożyczalnia samochodów. Naszą ofertę kierujemy do klientów indywidualnych, biznesowych oraz do punktów naprawczych. Komfortowe auta dopasowane do potrzeb klientów dostarczamy w ustalone miejsce oraz organizujemy odbiór po zakończeniu najmu. W naszej ofercie znajdą Państwo również samochody zastępcze z OC sprawcy, służymy także pomocą przy załatwianiu wszelkich formalności. Szczególny nacisk kładziemy na to, by samochody były stale wymieniane na nowe, tak żeby zawsze były niezawodne i zapewniały użytkownikowi najwyższy komfort jazdy. Państwa potrzeby są dla nasz najważniejsze, dlatego skupiamy się na słuchaniu ich i zaspokajaniu w jak największym stopniu. Jesteśmy elastyczni i staramy się szukać indywidualnych rozwiązań. Naszym celem jest jak najszybsza dostawa samochodu oraz minimum formalności. Działamy na prostych zasadach i zapewniamy najwyższy poziom świadczonych usług.",Poland,0.521531,,,
VIVATEAM,508927.0,"Poland, Mazovia, Radom, 26-600",https://www.linkedin.com/company/vivateam,www.vivateam.pl,VIVATEAM www.vivateam.pl Sourcing fournisseurs efficace Analyse meilleures offres produits polonais Liste des fabricants polonais vérifiés Assistance Achats Pologne ASSISTANT ACHATS POLOGNE Soutien continu à la coopération entre entreprises francophones et polonaises Suivie commandes  Suivie SAV Gestion logistique Déplacements chez les fabricants Communication en français  www.vivateam.pl #fabricantpolonais #fournisseurpolonais  #pologne  #commerceintracommunautaire #import #export #sourcingfournisseur,Poland,0.508927,,,
ASAPO,424607.0,"Poland, Polska, 2-4 Ul. Powstańców Śląskich",https://www.linkedin.com/company/asapo,www.asapo.pl,"ASAPO to zespół osób, które łącząc niemal 20 letnie doświadczenie równolegle z pasją, wychodzi naprzeciw potrzebom firm użytkujących i zarządzających flotami – wspieramy i optymalizujemy procesy związane z obsługą operacyjną pojazdów. Realizacja powierzonych nam zadań przy jednoczesnym zachowaniu najwyższych standardów, etyki i kultury biznesowej – to nasza misja. Jesteśmy odpowiedzialni za organizację wszystkich niezbędnych procesów tak, aby nasz Klient mógł maksymalnie koncentrować się na kluczowych obszarach swojego biznesu. ✅ obsługa pojazdów flotowych, ✅ relokacje na kołach, ✅ transport samochodów, ✅ dostarczenia i odbiory - usługa door-to-door, ✅ transfery krajowe i zagraniczne, ✅ budowa zespołów dedykowanych, ✅ aplikacje i systemy IT, ✅ kosmetyka samochodowa (tradycyjna lub u Klienta), tankowanie ✅ innowacyjne, szybkie naprawy, ✅ serwis opon, ✅ doradztwo przy zakupie i sprzedaży pojazdów, ✅ optymalizacja kosztów oraz procesów, ✅ analizy i doradztwo, ✅ projektowanie nowych usług. Nasza sieć: Warszawa, Kraków, Gdańsk, Gdynia, Wrocław, Poznań, Katowice, Łódź, Bydgoszcz, Szczecin, Rzeszów, Lublin, Bielsko-Biała, Białystok, Legnica, Toruń. Serwis dedykujemy: → Rent a car → Carsharing → Moto-sharing → Dealerom samochodowym → CFM",Poland,0.424607,,,
Polaris Travels,416448.0,"Poland, West Pomerania, Szczecin, 9 Plac Holdu Pruskiego, 70-550",https://www.linkedin.com/company/polaris-travels,www.polaristravels.pl,"Polaris Travels is an IATA accredited travel agent in EU. Since 1995 we are specialized in Marine, Offshore and Industry travel management. Polaris Travels was founded in 1995 as a part of the Polaris Group having ISO 9001:2000 certification by Lloyds Register. We are serving our clients 24 hours a day with complete travel management including airline tickets, car rental, hotel reservation and passenger bus transport with our own Polaris busses.",Poland,0.416448,,,
EuCOvipcar S.A.,390175.0,"Poland, Lower Silesia, Legnica, 18 Św. Maksymiliana Kolbe, 59-220",https://www.linkedin.com/company/eucovipcar,www.eucovipcar.pl,Wynajem pojazdów prywatnie i z OC sprawcy,Poland,0.390175,,,
NO SMOG RENT,271511.0,"Poland, Lesser Poland Voivodeship, Podgórze, 6 6 Wadowicka, 30-415",https://www.linkedin.com/company/no-smog-rent,www.nosmog.rent,NO SMOG RENT - Wypróbuj zanim kupisz! Wynajem samochodów tylko elektrycznych to nasza specjalność.  Z nami możesz spróbować wiele aut w jednym roku zanim dokonasz wyboru auta EV do swojej firmy. Jesteśmy praktykami elektromobilbości i z wielką  przyjemnością doradzimy Ci jak łatwo i przyjemnie przejść z floty spalinowej do elektrycznej.,Poland,0.271511,,,
Pol-Motors,242640.0,"Poland, Lower Silesia, Wrocław, 1 Ul. Bardzka, 50-516",https://www.linkedin.com/company/pol-motors,www.pol-motors.pl,"W swoim zakresie działalności posiadamy: Wypożyczalnię Samochodów,  Odwiedź nasze strony:  Grupa Pol-Motors: http://www.pol-motors.pl/ Wypożyczalnia Samochodów: http://www.autowynajem.wroclaw.pl/",Poland,0.24264,,,
SNIKEYbox,229434.0,"Poland, Mazovia, Warsaw",https://www.linkedin.com/company/snikeybox,www.snikeybox.pl,"Founded in 2019, SNIKEYbox is a Polish-based company providing easy and secure access management system for various applications such as short-term rentals, hotels, hostels, as well as enterprise solutions for a variety of applications related to carsharing / car rental / car exchange and logistics. SNIKEYbox is a system connecting a web-based control app with IoT automated exchange cabinets equipped with electronic lockers and RFID key tracking system SNIKEYbox allows you to automate exchange of items such as keys and car documents, which are tagged using proprietary technology giving 100% tracking of and control over the exchanged items. End users can pick-up their items with single-use codes sent to them via SMS, in a simple and quick way. Our SNIKEYbox cabinet control system is possible to integrate for B2B purposes in multiple use cases and industries.",Poland,0.229434,,,
BEEP Rent,224630.0,"Poland, Lower Silesia, Jelenia Góra, 27 316 1 Maja",https://www.linkedin.com/company/beeprent,www.beep.rent,"Beep.rent is a car rental search engine with a mission to simplify access to mobility for people across Poland. We feature hundreds of offers from our partners, allowing users to save time and money by quickly finding an option that fits their needs and budget. For situations requiring extra support, we provide personalized assistance to help find the right vehicle. Our ecosystem is complemented by a mobile app, which, among other features, allows users to conveniently extend their current rental without any extra paperwork. For rental companies, we act as a business partner and a source of bookings. We build our network by partnering with both the largest companies in the market and local rental agencies that are experts in their respective regions. We believe the strength of our network lies in its diversity, which allows us to effectively achieve our goal of ensuring broad rental availability, not just in major cities. We also cater to business clients. We provide solutions tailored to various needs: from replacement vehicles and cars to supplement a company's fleet, to premium vehicles for business or weekend trips.",Poland,0.22463,,,
NET-RENT Sp. Z O.o.,217169.0,"Poland, Mazovia, M. St. Warszawa",https://www.linkedin.com/company/net-rent-sp-z-o-o,net-rent.com.pl,"Jako wypożyczalnia samochodów “NET RENT”, działająca na terenie Warszawy i okolic, oferujemy auta na wynajem, które posiadają bogate wyposażenie, są zadbane i świetnie sprawują się podczas długich, jak i krótkich podróży. Naszym priorytetem jest świadczenie usług wysokiej jakości, chcemy zapewnić wszystkim Klientom wysoki komfort.",Poland,0.217169,,,
IDEA RENT,208224.0,"Poland, Mazovia, Warsaw, 40 Ul. Smolna, 00-375",https://www.linkedin.com/company/idea-rent-sp-zo-o,idearent.pl,"A new road to success ! The new IDEA RENT a fast growing car rental company headquartered in Poland, Austria and Holandia, operates in over 10 airports throughout the Europe.  The brand provides business, leisure, government and local customers with a wide range of rental vehicle services.  The list of IDEA RENT destinations grows every year to bring travellers a wide variety of possibilities with which they can discover the world behiud the wheel of the newest rental cars on the market. The group offers it's customers a fleet of more than 3000 vehicles of which over 80% are renewed every year, providing one of the youngest fleets in the market. The company employs a highly skilled workforce of proffessionals committed to offering all it's clients a quality, transparent and cutting-edge service.",Poland,0.208224,,,
Smart-Car,208224.0,"Poland, Lesser Poland Voivodeship, Kraków, Aleja Juliusza Slowackiego, 30-018",https://www.linkedin.com/company/smart-car,www.smart-car.pl,"Smart-Car comapny is focused on car rental and transfers in Krakow and its surroundings: CAR RENTAL AGENCY 1.	Rental of passenger cars of various classes (A, B, C, D, E, E+) from PLN 69 per day on a short and long-term basis.  2.	Only new models from leading manufacturers. 3.	No deposit or additional fees.  4.	Delivery of a car on a 24/7 basis to any location in Krakow and its surroundings, including Krakow Airport and Katowice Airport, Katowice city center, Tarnów, Nowy Sącz and Zakopane. 5.	Negotation of prices tailored a client.  CAR TRANSFERS 1.	Transfers from Krakow Airport to any location in Poland and to selected destinations outside Poland. 2.	Fast and smooth transfer to every hotel in Krakow directly from the airport. 3.	Competitive prices on the following routes: Krakow – Oświęcim (Auschwitz),  Krakow – Zakopane,  Krakow - Warsaw, Krakow Airport – Katowice Airport 4.	High-end comfortable cars with nice and professional chauffeurs.",Poland,0.208224,,,
Tevocs.com,208224.0,Poland,https://www.linkedin.com/company/tevocs-com,www.tevocs.com,"Tevocs.com is a company run by Abide Group where customers can ease their travel plans by booking flights,hotels across the globe. We also provide travel information and other services of couriers, car rental, online shopping, etc. Tevocs.com is a widely used most secured platform where we have created a way to explore millions of Hotels and compare flights offered by different airlines. We are the most dynamic company to offer booking services that meet the satisfaction of the customer to explore the places amazingly. We use the methods that are simple to use and easy to understand. Thank you for getting to know us closer.",Poland,0.208224,,,
Wypożyczalnia Samochodów ONE WAY,74000.0,"Poland, Pomerania, Gdynia, 212a Morska, 81-064",https://www.linkedin.com/company/wypożyczalnia-samochodów-one-way,www.oneway.info.pl,"Przylatujesz do Gdańska? Potrzebujesz auta? Wypożyczalnia samochodów ONE WAY oferuje wynajem aut już od 89 zł za dobę. W naszej flocie samochodowej znajdziecie Państwo najnowsze modele aut najbardziej znanych producentów. Samochody, które oferujemy naszym klientom są serwisowane i na bieżąco sprawdzane, żeby zaoferować Państwu najwyższą jakość za przystępną cenę. Dla stałych klientów przygotowaliśmy atrakcyjne upusty cenowe. Zapraszamy do kontaktu tel. + 48 535-301-401 lub napisz do nas e-mail: wypozyczalnia@oneway.info.pl Co najważniejsze nie pobieramy żadnych kaucji. Po wylądowaniu jeśli nie masz jeszcze Polskich złotówek nie ma problemu, możesz zapłacić w innej walucie.  Jesteśmy do Państwa dyspozycji 24 h przez 7 dni w tygodniu.",Poland,0.074,,,
Car Spot,57000.0,"Poland, Greater Poland, Poznań",https://www.linkedin.com/company/carspot,www.carspot.pl,Car Spot creates new standards of car rental by an innovative system of partner and customer service. It’s a car rental company building a franchise network and providing rent supporting software. It's guided by the principle that the most important thing in cooperation is the high quality of services that save time and bring customer's satisfaction.,Poland,0.057,,,
Depart Sp. Z O.o. - Wypożyczalnia Samochodów - Rent A Car,49198.0,"Poland, Opole Voivodeship, Opole, 4/38 Damrota",https://www.linkedin.com/company/depart-sp-z-o-o---wypo-yczalnia-samochod-w,depart.pl,"DEPART SP. Z O.O. in Opole has been on car rental market for a few years now. We specialize is renting cars and transportation of people in Poland and abroad. The fleet of cars includes only new cars of prestigious makes. We offer attractive rental prices. Our cars have comprehensive motor insurance (autocaso). We adjust to your needs and thus we offer you a short-term and long-term rental.   Some of our services are:   - Pickup from and delivery to Wrocław, Katowice - Pyrzowice airports - VIP tranfer -car with a driver - Replacement car rental - we take care of all formalities - Wedding party service - a car for newly-wed and transport of wedding guests, participants stag nights and hen parties. - Transport to fairs and conferences for employees of a company and other services for business. DEPART SP. Z O.O. z siedzibą w Opolu jest firmą działającą na rynku wynajmu aut od 2008 roku.  Naszą działalność charakteryzują elastyczność, wysoka jakość usług oraz dbałość o komfort klienta. Do naszych głównych usług należą: - Wynajem samochodów osobowych - Transfer VIP - samochód z kierowcą - Transport z lotniska do hotelu i z hotelu na lotnisko - Auto zastępcze z OC sprawcy",Poland,0.049198,,,
RENTBASE Baza Historii Wynajmu Pojazdów,1533.0,"Poland, Warmia-masuria, Olsztyn, 8 Lok.7 Ulica Marka Kotańskiego, 10-166",https://www.linkedin.com/company/bigdatabox,www.rentbase.pl,"BIGDATABOX to bazodanowy HUB budowany przez ludzi z pasją do danych, nowoczesnych technologii, niestandardowych rozwiązań i działania pod prąd. Jesteśmy połączeniem najbardziej zaawansowanych technologii, strategicznego myślenia i wiedzy z zakresu oceny ryzyka oraz zabezpieczenia transakcji. Każdego dnia poszukujemy nowych źródeł danych. Naszym głównym celem jest poszukiwanie informacji dotychczas niedostępnych na rynku, a stanowiących istotne przełożenie na politykę biznesową klienta oraz optymalizację jego wewnętrznych procesów. Istotnym działaniem BIGDATABOX jest właściwe agregowanie danych, ich przetwarzanie i udostępnianie. Upraszczając, jednym z celów nadrzędnych budowania właściwej relacji z  klientem jest prezentacja danych w uzgodniony pomiędzy stronami sposób, co przekłada się na ich prawidłową interpretację. W ciągu najbliższych lat celem BIGDATABOX jest  umocnienie pozycji na krajowym rynku oraz ekspansja międzynarodowa, która realna jest między innymi  dzięki systemowi RENTBASE, który wspólnie z sektorem Rent a Car konsekwentnie wprowadzamy na rynek.",Poland,0.001533,,,
