Name,Revenue,HQ Location,LinkedIn URL,Website,Company description,Country,Revenue_M,Main Broker,Main Insurer,Hubspot
NMBS Internationaal - SNCB International,3014032000.0,"Belgium, Brussels Capital, Brussels",https://www.linkedin.com/company/nmbs-europe---sncb-europe,www.b-europe.com,"NMBS Internationaal - SNCB International is a leading provider of international train travel services, specializing in group travel for parties of ten or more. The company aims to facilitate seamless and enjoyable travel experiences by offering tailored group booking services, including dedicated contact personnel, meal options on board, and the ability to reserve before the standard booking period opens. Its target market includes schools, businesses, and travel agencies looking to organize group trips across Europe, with popular destinations such as Paris, London, and Amsterdam. SNCB International partners with various train operators, including Eurostar and TGV, to provide a comprehensive range of travel options, ensuring that clients benefit from competitive pricing and flexible travel arrangements. The company's mission is to promote sustainable travel by encouraging the use of trains as an eco-friendly alternative to air travel.",Belgium,3014.032,,,
TUC RAIL,615074538.0,"Belgium, Brussels Capital, Brussels",https://www.linkedin.com/company/tuc-rail,www.tucrail.be,"TUC RAIL is a dynamic company specializing in the railway sector, focusing on multidisciplinary and environmental studies, land acquisition, utility management, and infrastructure projects including railways and roadworks. The company is committed to promoting sustainable mobility and aims to integrate innovative solutions from the early stages of project development, ensuring high-quality outcomes that meet client needs. TUC RAIL serves a diverse clientele, including public and private sector partners, and emphasizes collaboration within multidisciplinary teams to deliver comprehensive design and planning services. With a strong emphasis on employee development and a supportive work environment, TUC RAIL fosters a culture of communication and autonomy, making it an attractive workplace for professionals in the field. The company is also dedicated to diversity and inclusivity, welcoming individuals from all backgrounds to join its mission of enhancing transportation infrastructure.",Belgium,615.074538,,,
Lineas,532996100.0,"Belgium, Brussels Capital, Brussels",https://www.linkedin.com/company/lineasyff,www.lineas.net,"Lineas est le plus grand opérateur privé de fret ferroviaire en Europe, spécialisé dans le transfert de marchandises de la route vers le rail, contribuant ainsi à réduire les émissions de CO2 de 90 %. Avec son siège social en Belgique et des succursales en France, en Allemagne et aux Pays-Bas, Lineas a construit le plus grand réseau ferroviaire privé d'Europe, offrant des liaisons rapides, quotidiennes et fiables à ses clients. L'entreprise s'engage à rendre les chaînes d'approvisionnement climatiquement neutres et joue un rôle stratégique dans la logistique européenne, soutenue par des partenariats avec des acteurs majeurs tels que BASF et PSA Antwerp. Lineas vise à renforcer la compétitivité industrielle en Belgique et en Europe, tout en poursuivant une transformation interne pour améliorer sa rentabilité et sa performance financière. Avec près de 1700 employés, Lineas est déterminée à devenir un leader dans le transport ferroviaire durable et à répondre aux besoins croissants de ses clients dans divers secteurs économiques.",Belgium,532.9961,,,
Tabaknatie NV,72582820.0,"Belgium, Flanders, Antwerpen",https://www.linkedin.com/company/tabaknatie-nv,www.tabaknatie.be,"Tabaknatie, een familiebedrijf resulterend in één visie met snelle beslissingen, heeft zich door de jaren heen weten te positioneren als een wereldwijd marktleider in opslag, transport, logistiek en andere gerelateerde activiteiten rond organische en andere hoogwaardige producten. Vandaag beschikt Tabaknatie over gespecialiseerde magazijnen met een totale oppervlakte van meer dan 1.000.000m², deze bieden de meest geavanceerde technologieën voor opslag en behandeling alsook voor uw logistieke –en transport vraagstukken. Dit stelt ons in de mogelijkheid om een hele waaier aan high-quality services aan te bieden aan onze klanten.",Belgium,72.58282,,,
RAILREST,57899382.0,"Belgium, Brussels Capital, Brussels",https://www.linkedin.com/company/railrest,www.railrest.com,RAILREST provides high standards services on Thalys high speed trains. We provide lounge services in Paris and Brussels.,Belgium,57.899382,,,
Transurb,52474694.0,"Belgium, Wallonia, Namur",https://www.linkedin.com/company/transurb-technirail,www.transurb.com,"Transurb is a private company from Belgium active in Rail and Urban Mobility solutions and Rail Simulation dedicated to Training. * RAIL SIMULATION AND ADVANCED TRAINING SOLUTIONS  Transurb Simulation was born 20 years ago by combining the considerable expertise of Transurb with a young and dynamic team. The department specialises in the design, manufacture and delivering of bespoke rail simulation solutions. With its acute sense of pedagogy and innovation, Transurb Simulation offers modern and empowering solutions to companies aiming for state of the art training tools to support their education program. * RAIL & URBAN MOBILITY SOLUTIONS With 40 years of expertise  in technical assistance and project management, innovation engineering, ERTMS integration or support for certification, Transurb  successfully delivers projects worldwide. Working in total independence with any supplier, the department puts customers first by building long-term relationships, based on close cooperation and mutual understanding.",Belgium,52.474694,,,
ITC Antwerp NV,47214112.0,"Belgium, Flanders, Antwerpen",https://www.linkedin.com/company/551477,www.itcrubis.com,"ITC Antwerp NV was initially established in 2008 as a joint venture between RUBIS, an independent international operator specializing in the downstream petroleum and chemical sector, and MITSUI, a global 360 degree business solution provider. Shareholdings are through Rubis Terminal (a storage operator wholly owned by RUBIS), MITSUI & CO. Europe PLC, and Intercontinental Terminals Company “ITC” (a petrochemical storage terminal company based in Houston, USA - ITC is wholly owned by Mitsui).  Recently, Mitsui acquired full ownership of the facility and rebanded the company to ITC Antwerp NV. We are located in the port of Antwerp on the left bank of the River Scheldt at the Doel Dock, near the entrance of the Deurganck Dock with excellent access to sea, road and rail infrastructure. We have been in operation since October 2010. Our terminal is equipped in accordance with the latest standards for the storage and transhipment of liquid chemicals, liquefied gas and petroleum products. For more information, please visit our website www.itcantwerp.com",Belgium,47.214112,,,
VLOOT,45710010.0,"Belgium, Flanders, Ostend, 2 Sir Winston Churchillkaai, 8400",https://www.linkedin.com/company/vloot,www.agentschapmdk.be,"VLOOT is een rederij gespecialiseerd in overheidsvaartuigen. Ze maakt via het agentschap Maritieme Dienstverlening en Kust deel uit van de Vlaamse overheid en staat mee in voor een vlot en veilig scheepvaartverkeer. Ze richt zich voornamelijk op de publieke sector, maar ook de private sector doet beroep op de nautische expertise van VLOOT. VLOOT zet een veertigtal vaartuigen in en stelt meer dan 500 collega's te werk op vijf verschillende locaties: Oostende, Nieuwpoort, Antwerpen, Gent en Vlissingen.",Belgium,45.71001,,,
Magetra,44704558.0,"Belgium, Wallonia, Eupen",https://www.linkedin.com/company/magetra,www.magetra.com,"Magetra is een dynamisch bedrijf dat zich richt op logistiek en transport, met een sterke focus op het creëren van een stimulerende en flexibele werkomgeving voor zijn medewerkers. Het bedrijf streeft naar samenwerking en integriteit, waarbij elke stem binnen het team wordt gewaardeerd en bijdraagt aan het collectieve succes. Magetra bedient een diverse klantenkring in de transportsector, waaronder nationale en internationale klanten, en werkt nauw samen met leveranciers en partners om wederzijds voordelige relaties op te bouwen. De missie van Magetra is om goederen onder de best mogelijke omstandigheden te beheren en op tijd te leveren, terwijl de visie gericht is op voortdurende aanpassing aan nieuwe trends en het bevorderen van een cultuur van respect en toewijding. Met een breed scala aan functies, van chauffeurs tot HR-medewerkers, biedt Magetra volop kansen voor professionele groei en ontwikkeling binnen een collegiale sfeer.",Belgium,44.704558,,,
Televic Rail,44415840.0,"Belgium, Flanders, Izegem",https://www.linkedin.com/company/televicgsp,www.televic.com,"Televic Rail, based in Berlin, Germany, has been a leader in developing innovative passenger information systems for the rail industry for over 35 years. The company is dedicated to delivering reliable communication solutions that enhance the travel experience, with a mission centered on innovation, agility, and sustainability. Televic Rail's technology is utilized in more than 60,000 vehicles worldwide, showcasing its commitment to quality and customer satisfaction. The company serves a diverse clientele, including rail operators and transportation authorities, and collaborates with various partners to ensure its products meet the evolving needs of the market. With a focus on creating value and building trust, Televic Rail aims to shape the future of passenger information systems while fostering a supportive and dynamic work environment for its team.",Belgium,44.41584,,,
Mol Cy NV,38593294.0,"Belgium, Flanders, Staden",https://www.linkedin.com/company/mol-cy-nv,www.molcy.com,"Sedert de oprichting van MOL in 1944 profileert ons bedrijf zich als een onderneming die technische uitdagingen niet uit de weg gaat, meer nog dit is ons handelsmerk geworden. Actieve productontwikkeling, een innovatieve aanpak en doorgedreven internationalisering hebben het bedrijf gemaakt tot wat het nu is: meer dan 400 gedreven werknemers die samen instaan voor de realisatie van een hoogwaardig productgamma. Een team van gespecialiseerde technici staat in voor de dienst-na-verkoop, in binnen- en buitenland. MOL beschikt over het ISO 9001-2008 getuigschrift, het Caterpillar Certified Supplier label en een lasproces certificatie volgens EN 15085 (lassen van spoorweg-voertuigen en componenten). Deze erkenningen zijn het resultaat van onze voortdurende kwaliteitsbewaking en constante verfijning van productiemethodes. De industriële voertuigen van MOL vinden een wereldwijde afzet: Europa, Afrika, Het Midden Oosten, het Verre Oosten, … behoren tot het actieterrein.",Belgium,38.593294,,,
Camco Technologies,38118640.0,"Belgium, Flanders, Leuven",https://www.linkedin.com/company/camco-technologies,www.camco.be,"Camco Technologies contributes to the overall productivity, performance and safety on container, intermodal & rail terminals delivering high-end visual and micro-location based process automation solutions. For exception-free automated handover processes, terminals benefit from our advanced and well engineered solutions: OCR truck & rail portals, crane OCR systems, kiosks, MLT, seamless overall integration with TOS providers.",Belgium,38.11864,,,
Transport Business,36501372.0,Belgium,https://www.linkedin.com/company/transport-business,transportinform.com,"Transport Inform is a leading information hub focused on the transport and logistics sectors across the CIS and Eastern Europe. Our center provides comprehensive insights, analytics, and updates on various modes of transport including automotive, rail, maritime, and air. Through our extensive resources, we help businesses navigate industry challenges, from logistics automation to cybersecurity, ensuring they stay ahead in a rapidly evolving market. Connect with us to stay informed about the latest innovations and trends driving the transport industry forward.",Belgium,36.501372,,,
Be-Trans,30261547.0,"Belgium, Flanders, Geel",https://www.linkedin.com/company/be-trans,www.be-trans.be,"Nationaal & internationaal container transport. BE-Trans spitst zich toe op het transport van 20ft tot 45ft, high cubes, reefers en kipcontainers. Ftl en groupage service in gans Europa.",Belgium,30.261547,,,
Lokaal Bestuur Zaventem,28172548.0,"Belgium, Flanders, Zaventem, 37 Diegemstraat, 1930",https://www.linkedin.com/company/zaventem,www.zaventem.be,"Lokaal Bestuur Zaventem is de gemeentelijke overheid van Zaventem, die zich richt op het verbeteren van de levenskwaliteit van haar inwoners door middel van diverse diensten en initiatieven. Een belangrijk aspect van hun aanbod is het autodeelprogramma in samenwerking met Cambio, dat inwoners de mogelijkheid biedt om zowel conventionele als elektrische voertuigen te huren op twee strategische locaties in de gemeente. De missie van Lokaal Bestuur Zaventem is om duurzame mobiliteit te bevorderen en de toegankelijkheid van transport te verbeteren, met als doel de ecologische voetafdruk te verkleinen en de verkeersdrukte te verminderen. Hun doelgroep omvat zowel individuele inwoners als lokale bedrijven die op zoek zijn naar flexibele mobiliteitsoplossingen. Door het aanbieden van een gebruiksvriendelijke app en aantrekkelijke kortingen, zoals een gratis instap voor inwoners, streeft Lokaal Bestuur Zaventem ernaar om autodelen toegankelijk en aantrekkelijk te maken voor iedereen.",Belgium,28.172548,,,
Benerail,28045625.0,"Belgium, Brussels Capital, Brussels",https://www.linkedin.com/company/bene-rail-international,www.benerail.com,"Our mission? benerail makes it possible to easily book international train travel through Europe. No more manually trying to piece together international train trips. Via our unique API platform, we make the booking process simple, accessible, stress-free and crystal clear. How it works? Just type in your journey’s starting point located in “country A” and its destination in “country B”, and immediately be shown all possible train combination options – along with their total travel times and prices. The chosen option is then booked as one single ticket to be used throughout the whole journey. Basically, we do the work for you – to save you valuable time and money. Why partner with us? * increase client base by offering one international train travel platform * incredibly user-friendly API platform, with integrated functionality for scheduling, inventory management, pricing, distribution and ticketing * instant access to multiple European railway carriers and their destinations * content from various railway carriers and inventory systems combined for seamless comparison and booking * access to a standardized solution When the national railway companies from Belgium and the Netherlands in 2003 decided to start a joint venture to combine and integrate their strengths to make booking and travelling easier, benerail was born. Going outside comfort zones is the core of collaborating on mutual terms; for the benefit of travellers in Europe that embark on a cross country journey with a single ticket. Now, nearly two decades later, benerail is ready to connect all European destinations with the ambition to deliver climate-neutral travel in the 'flight shame zone' under 800 km. Topics that are related to the business of benerail: climate-neutral travel, green transportation, railway ticket technology, travel management companies, travel agencies, self booking tools, online booking tools, eco-friendly travel, OSDM, ETCD, multimodal travel, trains, railway undertakings.",Belgium,28.045625,,,
Inter Ferry Boats,23285358.0,Belgium,https://www.linkedin.com/company/inter-ferry-boats,www.interferryboats.be,"Intermodal operator with international network IFB is a leading, neutral intermodal and terminal operator, delivering high-quality transport and logistics solutions on a reliable, international network. We provide: - reliable container transport for transport companies, shipping lines and forwarders across Europe, all with safety and care for the environment as elements of paramount importance - operational and commercial assistance close to our customers - multimodal high-quality logistics solutions using sustainable transport modes like rail - terminal operations and value added logistics in Belgium, Italy, Spain, Germany and South-Eastern Europe * Check out our updated network on www.interferryboats.be * Explore our new online tool at www.intermodalquote.be to receive immediate quotes",Belgium,23.285358,,,
Haven Genk NV,22696160.0,"Belgium, Flanders, Genk",https://www.linkedin.com/company/haven-genk-nv,www.havengenk.be,"Being a inland port and container terminal, Haven Genk / Port of Genk offers its customers a complete range of services as can be expected from a port operator; i.e. a tri-modal platform (water, rail, road) being able to handle and transport containers, conventional cargo and bulk. On a 400.000m² site we have the possibility to load/unload vessels, trains & trucks. Storage possibilities covered or in open air. Port of Genk / Haven Genk offers 5 connections per week to Antwerp, 2 connections per week to Rotterdam and 2 connections per week to Zeebrugge. On rail side we handle 42 complete blocktrains a week.(to the North of Italy) Door-to door worldwide expedition, including customs formalities/clearance,logistic solutions around the world in our forwarding department.",Belgium,22.69616,,,
DOCKX GROUP,22656024.0,"Belgium, Flanders, Antwerpen",https://www.linkedin.com/company/dockx-group,www.dockx-group.be,"Dockx Group is made up of a number of independent companies that offer high-quality total solutions to measure in the following areas: - DOCKX RENTAL -            Vehicle rental - DOCKX MOVERS -           National and international moves - DOCKX LOGISTICS -     Logistics, forwarding, customs, road transport, rail transport, sea cargo and air freight - DOCKX SELECT -               Last mile retail solution",Belgium,22.656024,,,
APCOA Belgium,20687139.0,"Belgium, Brussels Capital, Brussels",https://www.linkedin.com/company/apcoa-belgium,www.apcoa.be,"APCOA PARKING Belgium is een 100% dochtermaatschappij van de APCOA Parking Group. Anno 2016 beheert de APCOA Group in 12 Europese landen méér dan 1,3 miljoen parkeerplaatsen op ongeveer 7500 locaties.  Met een jaarlijkse verkoop van zowat 150 miljoen tickets, zowel ‘on-street’ (het ‘voorafbetaald parkeren’) als ‘off-street’ (het ‘achterafbetaald parkeren’) en 4900 voltijdse medewerkers is de APCOA Group veruit Europees marktleider.  Met méér dan 40 jaar ervaring in de parkeermanagementbranche weten wij als géén ander dat elke investeerder het maximale rendement uit zijn parking wenst te halen.  Elk project is uniek en noodzaakt een individuele, flexibele en niet in het minst creatieve aanpak.   Alle parkings bieden een klantgerichte service en worden beheerd op basis van maatwerk contracten. Binnen de groep worden regelmatig nieuwe parkeerconcepten en diensten ontwikkeld die met succes worden toegepast. De individuele landenorganisaties kunnen gebruik maken van elkaars expertise, waardoor opdrachtgevers profiteren van het uitgebreide internationale netwerk van kennis en ervaring op gebied van parkeren. Daarnaast doet het bedrijf ook controle op betalend parkeren en blauwe zone in grootsteden zoals Antwerpen, Leuven, Tienen en Vilvoorde, maar evengoed in kleinere, doch minstens even belangrijke steden en/of gemeenten zoals Lokeren, Merelbeke, Anderlecht,… . APCOA PARKING Belgium onderscheidt zich in de markt door het aanbieden van zowel publieke diensten “straatparkeren” als publiek en/of private diensten “garageparkeren”.  Het bewaken van een harmonie tussen beide opdrachten is onze kerntaak.",Belgium,20.687139,,,
CER,14991723.0,"Belgium, Brussels Capital, Brussels, 53 Avenue Des Arts, 1000",https://www.linkedin.com/company/cer-community-of-european-railway-and-infrastructure-companies-,www.cer.be,"The Community of European Railway and Infrastructure Companies (CER) brings together around 70 railway undertakings, their national associations as well as infrastructure managers and vehicle leasing companies. The membership is made up of long-established bodies, new entrants and both private and public enterprises, representing 73% of the rail network length, 76% of the rail freight business and about 92% of rail passenger operations in EU, EFTA and EU accession countries. CER represents the interests of its members towards EU policy makers and transport stakeholders, advocating rail as the backbone of a competitive and sustainable transport system in Europe. For more information, visit www.cer.be or follow us on X, Bluesky and Instagram.",Belgium,14.991723,,,
TRANSRAD sa,14911982.0,"Belgium, Wallonia, Fleurus, 1 Avenue De L'espérance, 6220",https://www.linkedin.com/company/sa-transrad-nv,www.transrad.be,"𝕆𝕌ℝ 𝔼𝕏ℙ𝔼ℝ𝕋𝕀𝕊𝔼 : ✅ Transport and forwarding of nuclear, radioactive and related material for the nuclear industry over all transport modes (road, rail, air, water). ✅ Feasibility studies related to transport and forwarding. ✅ Nuclear liability. ✅ Advice and administrative support. 𝕋𝕣𝕒𝕟𝕤𝕡𝕠𝕣𝕥 : TRANSRAD organises the worldwide transport and shipping of nuclear, radioactive and related material, 7/7, 24/24, via all modes of transportation. We have a fleet of over 50 vehicles specially designed and equipped for the transport of radioactive and nuclear substances. All vehicles are followed up with a tracking system.  A dedicated team of drivers with specific training, approved by the competent authority, for the transport of radioactive material. This staff is permanently trained. ✈️🚚🚘⚓🚝 𝕃𝕠𝕘𝕚𝕤𝕥𝕚𝕔𝕤 𝕤𝕦𝕡𝕡𝕠𝕣𝕥 :  TRANSRAD organises the logistics support from the point of departure to the final destination. We compare the different possibilities of transportation. If necessary we arrange a nuclear liability insurance. We take care of all administrative aspects in terms of packaging approvals, authorizations and licenses in strict compliance with the applicable legislation. 🏥🌎👨⚕️",Belgium,14.911982,,,
UNIFE | The European Rail Supply Industry Association,14594829.0,"Belgium, Brussels Capital, Brussels, 221 Avenue Louise, 1050",https://www.linkedin.com/company/unife-the-european-rail-industry,www.unife.org,UNIFE represents the European rail industry's interests at the level of both European and international institutions. With activities in the fields of - public affairs - railway standardisation & technical harmonisation - railway research - quality management it is our mission is to pro-actively develop an environment in which Europe's rail industry can provide competitive railway systems for increased rail traffic.,Belgium,14.594829,,,
Taveirne,14081337.0,"Belgium, Flanders, Torhout",https://www.linkedin.com/company/taveirne,www.taveirne.be,"Taveirne is al sinds de jaren 1950 gespecialiseerd in het aanleggen, vernieuwen en onderhouden van sporen. Zowel in België als in Noord-Frankrijk hebben we meegewerkt aan enkele van de belangrijkste projecten op het gebied van stationsaanleg, spoorvernieuwingen en spoorwerken, en dit zowel voor trein, tram als metro. Bovendien gebruiken we onze expertise om ook projecten in industrie- en havengebieden tot een goed einde te brengen.",Belgium,14.081337,,,
Gemeente Asse,13541250.0,"Belgium, Flanders, Asse",https://www.linkedin.com/company/2681666,www.asse.be,"Zich uitstrekkend tussen Brussel en Aalst, vormt Asse een belangrijk verkeersknooppunt in het noordwesten van Vlaams-Brabant. Zo telt Asse zes industriezones, waar multinationals als Sennheiser, Mio, Michelin gevestigd zijn. Ook andere grote namen als Delhaize en Miele zijn, elk met een groot distributiecentrum, vertegenwoordigd in Asse.  Naast deze economische karakteristieken, wordt de gemeente ook gekenmerkt door haar glooiend landelijk karakter, waar natuur en landbouw elkaar nog verstaan en waar cultuur-historisch erfgoed en folklore erkenning vinden.  Het  lokaal bestuur is toegankelijk voor mensen met allerlei opleidingen en studieniveaus en biedt kansen om een loopbaan uit te bouwen. Administratieve of technische functies in de gemeentediensten, een onderwijsfunctie in een gemeenteschool, een verzorgende job als gezinshulp, begeleider bij de kinderopvang Spinibo, een opdracht in een cultuurcentrum, ...  De bevolking eist van een gemeentebestuur een uitstekende dienstverlening die een kwaliteitstoets met de private sector kan doorstaan. Ook hogere overheden verhogen de druk op lokale besturen door hen meer taken en bevoegdheden toe te schuiven. De gemeente Asse verwacht  als werkgever van ambtenaren loyauteit, klantgerichtheid, multi-inzetbaarheid, flexibiliteit tegenover politieke en maatschappelijke evoluties. Het gemeentebestuur van Asse is momenteel op zoek naar…",Belgium,13.54125,,,
TCA Terminal Athus,12379723.0,"Belgium, Athus, 13 Rue Du Terminal, 6791",https://www.linkedin.com/company/tca-terminal-athus,www.tca.be,"TCA offers combined rail/road transport between the Maritime ports of Antwerp and Zeebrugge to the hinterland Saar-Lor-Lux region. (Saar (Germany), Lorraine (France), Luxembourg, Southern Belgium region) Terminal Athus is your innovative and efficient logistics partner! Combined Transport, Customs (warehouse B-E), Fumigation, VGM, Container depot Warehousing, stripping/stuffing, packaging",Belgium,12.379723,,,
Transport Martens BVBA,12158468.0,"Belgium, Flanders, Turnhout, 140 Hertoginstraat, 2300",https://www.linkedin.com/company/transport-martens,www.transportmartens.be,Wij zijn een familiebedrijf dat al jaren lang garant staat voor een persoonlijke transportservice.  Buiten transport leveren wij ook een full-service logistiek pakket aan. Bent u een klein bedrijf of een grote onderneming? Bij Transport Martens gaan we geen uitdaging uit de weg.  Wij denken graag mee met u en proberen zo een verlengstuk te zijn op logistiek vlak.,Belgium,12.158468,,,
EIM European Rail Infrastructure Managers,11957305.0,"Belgium, Brussels Capital, Brussels, 1 Square De Meeus",https://www.linkedin.com/company/eim_3,www.eimrail.org,"EIM supports an open and seamless European rail network, promoting a safe and sustainable transport system. Mission: • EIM promotes the development, improvement and efficient delivery of rail infrastructure in the EU • EIM and its members are committed to make liberalisation a success in the countries where it has been implemented • EIM represents its members' political, technical and business interests to all relevant EU institutions • EIM supports the business development by providing a forum for cooperation • EIM provides an environment for the leaders of IMs for sharing best practices and efficiency tools Company Overview: European Rail Infrastructure Managers (EIM) was established in 2002 following the liberalisation of the EU railway market to promote the interests of independent rail infrastructure managers in the EU and the EEA. Based in Brussels, EIM is registered as an international, non-profit association under Belgian law. It is one of 10 European railway organisations recognised by the European Commission as a 'representative body from the railway sector'. As such, EIM supports the work of the European Railway Agency (ERA) in various working groups and occupies a seat on its Administrative Board. Description: The role of EIM is to provide a single voice to represent its members (independent infrastructure managers (IMs)) vis-à-vis to the relevant European institutions and sector stakeholders. EIM also assists members to develop their businesses through the sharing of experiences and contributing to the technical and safety activities of the European Rail Agency (ERA).",Belgium,11.957305,,,
MVT Michel Verscheure Transport Intermodal,11463569.0,"Belgium, Ruddervoorde, 4 Leitemolenstraat, 8020",https://www.linkedin.com/company/mvt-michel-verscheure-transport-intermodal,www.verscheure.be,"GREEN LOGISTICS with top class SERVICE @ AFFORDABLE prices Intermodal transport road - rail - road: Belgium <-> Italy. Intermodal transport road - rail - road: Belgium <-> Spain.  ADR, full loads, coils, groupage, rail transport, waste (afval) transport Distribution Belgium: tautliner - crane - kooiaap - meeneemheftruck",Belgium,11.463569,,,
SFTL / FSTL,11328482.0,"Belgium, Brussels Capital, Brussels, 115 De Smet De Naeyerlaan, 1090",https://www.linkedin.com/company/sftl-fstl,www.sftl.be,"Het Sociaal Fonds Transport en Logistiek (SFTL) is het Fonds voor Bestaanszekerheid voor bedrijven die behoren tot de sector wegvervoer en logistiek voor rekening van derden en tot de RSZ-categorie 083. Het SFTL is enkel bevoegd voor arbeiders en wordt gefinancierd via een werkgeversbijdrage van 8% die geïnd wordt door de Rijksdienst voor Sociale Zekerheid (RSZ).  Het SFTL wordt aangestuurd door de raad van bestuur. Deze is paritair samengesteld en bestaat uit 8 vertegenwoordigers van de representatieve werkgeversorganisaties: FEBETRA, TLV en de UPTR. En ook 8 vertegenwoordigers van de representatieve werknemersorganisaties: ACV-TRANSCOM en de Belgische Transportbond (ABVV-BTB) Het SFTL heeft 3 grote taken:  1. Aanvullende sociale voordelen bieden aan de arbeiders uit de sector van het wegvervoer en de logistiek voor rekening van derden. Deze voordelen werden door de sociale partners via diverse C.A.O.'s toegekend.  2. Stimuleren van de permanente vorming van arbeiders uit de sector. Ook beroepsgerichte opleidingen voor werkzoekenden en leerlingen ondersteunen en stimuleren.  3. De knelpunten in de sector op het vlak van werkgelegenheid en bestaanszekerheid bevorderen voor de arbeiders.",Belgium,11.328482,,,
WELTJENS TRANSPORT,11226998.0,"Belgium, Opglabbeek, 56 Weg Naar Meeuwen, 3660",https://www.linkedin.com/company/weltjens-transport,weltjenstransport.be,"Weltjens Transport nv is een familiale onderneming die zich, naast algemeen transport, specialiseert in transport voor de bouwsector.",Belgium,11.226998,,,
Strukton Rail Belgium,11053859.0,"Belgium, Flanders, Merelbeke, 64 Burgemeester Maenhautstraat, 9820",https://www.linkedin.com/company/strukton-rail-belgium,struktonrail.be,"Strukton Rail NV is uw betrouwbare partner voor aanleg, onderhoud en vernieuwing van sporen, kraanbanen, seininrichting en bovenleiding. Dankzij onze eigen Survey & Engineeringsafdeling en expertise in optic fiber zijn we uniek in het Belgische spoorlandschap. Dit maakt ons dé aangewezen partner om u volledig te ‘ontzorgen’. Strukton Rail SA est votre partenaire de confiance pour la mise en place et la rénovation des voies, des voies de grues, de la signalisation et des caténaires. Grace à notre propre division de survey et d’ingénierie, et notre expertise dans le domaine de la fibre optique, nous sommes uniques dans le secteur ferroviaire belge. Ceci fait de nous le partenaire désigné pour faire face à vos soucis.",Belgium,11.053859,,,
Delcatrans,11004199.0,"Belgium, Rekkem, A6, 8930",https://www.linkedin.com/company/delcatrans,delcatrans.be,"Delcatrans is an integrated transport and logistics service provider and terminal operator with as core business:  - national and international road transport of containers - intermodal container transport by rail and barge - warehousing activities. Delcatrans has invested strongly in intermodal transport and has two important assets for this:  - Rail Terminal LAR Rekkem - River Terminal Wielsbeke This makes Delcatrans in container transport a synchromodal transport company making use of all modi: rail, barge and truck. In that perspective Delcatrans has all assets to connect deep sea containers from and to South West Flanders and the North of France with the deep sea terminals at e.g. Antwerp, Rotterdam and Zeebrugge.",Belgium,11.004199,,,
SNCF Fret Benelx,10698678.0,"Belgium, Flanders, Antwerpen, 2 Italiëlei, 2000",https://www.linkedin.com/company/sncf-fret-benelx,www.sncf.be,"En tant que filiale de Fret SNCF, nous sommes spécialisés dans le transport ferroviaire performant entre le Benelux et la France;  au coeur du Benelux et en association avec des partenaires réputés pour desservir les autres marchés tels que l'Allemagne, l'Italie et la Suisse.  SNCF Fret Benelux (SFB) est en mesure de vous offrir des services de qualité, incluant la traction ferroviaire en transporteur unique, contrôlée à 100 % par Fret SNCF pour une qualité optimale entre le Benelux et la France avec un délais de transit et une fiabilité optimisés. Nous opérons avec des ressources propres qui sont dédiées au Benelux, incluant la traction et les moyens de production. Les wagons peuvent être fournis à la demande et ce, pour des contrats spécifiques couvrant des flux tant en transport conventionnel que combiné. Les points forts de SFB proviennent d'une parfaite maîtrise du fret, en collaboration étroite avec Fret SNCF afin d'identifier le meilleur itinéraire au meilleur prix.",Belgium,10.698678,,,
FEBETRA,10279190.0,"Belgium, Brussels Capital, Brussels, 5a Stapelhuisstraat, 1020",https://www.linkedin.com/company/febetra,www.febetra.be,Febetra verdedigt en behartigt de belangen van de Belgische sector van het vervoer van goederen over de weg voor rekening van derden en van de logistieke dienstverleners. Beroepsverdediging is DE prioriteit bij uitstek voor Febetra. Wij waken er steeds over dat zoveel mogelijk vervoerders zich in de opties of standpunten van de vereniging kunnen terugvinden. La Febetra œuvre pour la défense des intérêts des transporteurs routiers belges de marchandises et des prestataires de services logistiques. La défense professionnelle est LA priorité absolue pour la Febetra. Nous veillons à ce que le plus grand nombre possible de transporteurs se retrouvent dans les points de vue et les options défendus par la Febetra. FEBETRA Belgische federatie van Belgische Transporteurs en Logistieke Dienstverleners - Fédération belge des Transporteurs et des Prestataires de services logistiques Stapelhuisstraat 5a Rue de l’Entrepôt  1020 Brussel - Bruxelles Tel 32/2/425.68.00 Fax 32/2/425.05.68 http://www.febetra.be E-mail: febetra@febetra.be Twitter@Febetra,Belgium,10.27919,,,
Putters International - Brussels,10279190.0,"Belgium, Brussels Capital, Brussels, 30 Erasmuslaan, 1804",https://www.linkedin.com/company/putters-international---uts-unigroup-brussels,www.putters.be,"Putters international moving company Putters international was founded in 1923 by Mr. Jean Putters. The company started out small, but has since then developed into one of the leading international moving companies in Belgium. We offer the full range of moving services for national and international removals, whether by air, sea, rail or road. We will handle your international removal from beginning to end. Maybe you are moving to Belgium. Maybe you are leaving it. Or you are moving internationally between two countries without ever touching Belgian territory. Whatever the origin or destination, Putters, International, will always guarantee a smooth and carefree move. A modern, dynamic moving company At Putters, we have ultramodern warehouses with the latest equipment in fire and theft prevention. So you can rest assured that your belongings will be stored under optimal circumstances. Thanks to our years of experience and our highly-skilled staff, we can guarantee a professional and carefree international removal from door to door. We are international movers delivering a global service. Wherever you are coming from and wherever you want to go: your move is in good hands. In addition to being a member of several international organisations such as FIDI, IAM, we are also a proud member of  the Harmony Relocation Network. Harmony is a global network of locally owned relocation companies, upholding strong family values through generations of heritage. We are a network of committed partners, brought together in one truly global and solid infrastructure with cutting edge technology, an ISO-tested quality system and leading sustainability criteria. Are you going international? Choose a reliable international moving company, a relocation partner that you can count on. Putters International has years of experience in international removal. Feel free to contact us to get more information on international removals!",Belgium,10.27919,,,
Transport Denecker,8940911.0,"Belgium, Flanders, Veurne",https://www.linkedin.com/company/transport-denecker,www.transportdenecker.be,"TRANSPORT DENECKER: AL JAREN DÉ REFERENTIE IN TRANSPORT Transport Denecker nv is in de jaren 50 ontsproten uit een bouwmaterialenhandel en producent van betonproducten. Het transport van bouwmaterialen zowel grondstoffen als afgewerkte producten behoort nog steeds tot onze kernactiviteit, zowel nationaal als internationaal. Transport Denecker nv beschikt daartoe over een moderne vloot milieuvriendelijke trekkers met euro 5 motoren en een gans gamma van opleggers voor het vervoeren van poedervormige producten, granulaten, landbouwproducten, kunststoffen. Wij zijn in de mogelijkheid tranporten te verrichten volgens de specificaties van de opdrachtgever nationaal en internationaal. Transport Denecker nv beschikt over een eigen moderne onderhoudswerkplaats waar ervaren technici garant staan voor een onberispelijke staat van het materieel.  Transport Denecker nv gaat de baan op met chauffeurs met een uitgebreide opleiding en ruime ervaring, geleid door verantwoordelijke planners die de vervoersopdrachten afhandelen. Het management en haar ondersteunende diensten stellen zich tot doel: •Hoge kwaliteit in de dienstverlening •Grote flexibiliteit •Klantentevredenheid •Respect voor veiligheid en milieu",Belgium,8.940911,,,
ALLRAIL The Alliance Of Passenger Rail New Entrants,8810676.0,"Belgium, Ixelles Brussels Region, 40 Rue Washington, 1050",https://www.linkedin.com/company/allraileu,allrail.eu,"ALLRAIL, the Alliance of Rail New Entrants, brings together non-incumbent companies from the passenger rail market comprising operators like European Sleeper, RegioJet, Transdev, WESTbahn, Leo Express, NTV-Italo, Flixtrain, multimodal journey planner and online booking platform Trip.com, rolling stock lessor Angel Trains, and infrastructure manager Getlink.  All our members share the belief that further market liberalisation is the only way to achieve a modal shift to rail and help the European Union (EU) achieve the ambitious targets laid down in the 2016 Paris Climate Agreement. Around Europe, it has been proven that an open rail market leads to:  - innovation and improved service  - lower fares  - passenger growth, and  - new jobs.  For example, since NTV-Italo began competing against the incumbent Trenitalia in the Italian high-speed market in 2012, average fares have fallen by 41% while demand increased by 101%. The incumbent is more profitable than before, and both operators have introduced new trains. In addition, wherever competitive tendering has been introduced for publicly-funded rail services, taxpayer cost has decreased, and quality has improved.  While all stakeholders - passengers, taxpayers, the rail sector and legislators - benefit from liberalisation, over 80% of EU passenger rail does not experience any form of competition, so there is a lot of work still to be done. Four points are to address in priority to encourage market opening: 1) Lowering track-access charges, 2) Ensuring a vibrant market for new and second-hand rolling-stock, 3) Fixing ticket retail (availability of all data, transparent and impartial retail, FRAND conditions for independent ticket vendors), 4) Public Service Obligations as a last resort, and only through competitive tenders.",Belgium,8.810676,,,
ASTRA RAIL,8535266.0,"Belgium, Flanders, Antwerpen",https://www.linkedin.com/company/astra-rail,www.cldn.com,"ASTRA RAIL is a transportation/trucking/railroad company based out of 14 Sneeuwbeslaan, Antwerpen, Belgium.",Belgium,8.535266,,,
Transport Macharis,8253149.0,"Belgium, Flanders, Dendermonde",https://www.linkedin.com/company/transport-macharis,www.transport-macharis.be,"Transport Macharis is het typevoorbeeld van een familiebedrijf in transport dat heeft weten mee te evolueren met zijn tijd. De familiefundamenten van de onderneming vertalen zich in de nauwe verbondenheid van de directie en het personeel enerzijds en de verbondenheid met de klanten anderzijds. Maar de kwaliteit van de persoonlijke contacten is geen vervanging voor de werkmethodes, wel een aanvulling.",Belgium,8.253149,,,
Rotrafic,7417603.0,"Belgium, Flanders, Zulte",https://www.linkedin.com/company/rotrafic-zulte,www.rotrafic.be,"Rotrafic is een performante en ervaren logistieke partner voor uw dagdagelijkse distributie binnen de Benelux en Noord-Frankrijk. Dagelijks verzorgt Rotrafic rond de 1000 zendingen, dit in eigen beheer.  Voor België en Luxemburg kunt u rekenen op een efficiënte 24-uur service voor zowel colli, stukgoederen als paletten. De fysieke distributie van de goederen gebeurt door middel van  een uitgebreide en recente vloot van distributievoertuigen met een laadvermogen tot 10 ton en opleggers (huif of gesloten). Alle voertuigen zijn standaard  voorzien  van een laadbrug en transpalet. Om de distributie in goede banen te leiden beschikt  Rotrafic over ruime magazijnen voor de op- en overslag van de goederen. Naast distributie kan u bij Rotrafic ook terecht voor deelladingen, volle vrachten, stockage en orderpicking. Het klantenbestand van Rotrafic is divers en situeert zich over heel België.",Belgium,7.417603,,,
Blue-bike,7347160.0,"Belgium, Flanders, Antwerpen",https://www.linkedin.com/company/blue-mobility,www.blue-bike.be,"Blue-bike is een pionier in duurzame mobiliteit.  Sinds onze oprichting in 2011 bieden we een vlotte oplossing voor het laatste stukje van je reis: een gedeelde fiets die klaarstaat aan treinstations en mobiliteitsknooppunten in heel België.  Zo maken we duurzame verplaatsingen eenvoudig en toegankelijk. Met Blue-bike kies je voor een betaalbare, milieuvriendelijke en flexibele mobiliteitsoplossing, perfect als aanvulling op trein, tram of bus.   Fiets je mee?",Belgium,7.34716,,,
Abn Transport,6922674.0,"Belgium, Flanders, Brugge, 47 Krakeleweg, 8000",https://www.linkedin.com/company/abn-transport,abntransport.be,"Sinds 1995 specialiseert ABN Transport zich in opslag, overslag en uitzonderlijk vervoer van ondeelbare ladingen, voornamelijk voor de Benelux, Frankrijk en Engeland.",Belgium,6.922674,,,
ERFA-European Rail Freight Association,6922674.0,"Belgium, Brussels Capital, Brussels, Rue Montoyer, 1000",https://www.linkedin.com/company/erfa-european-rail-freight-association,www.erfarail.eu,"ERFA – the voice of rail new entrants   ERFA today represents 32 private and independent railway companies from across Europe, who operate across the European network. The association represents the whole value chain of rail transportation: - Freight Railway undertakings - Wagon keepers - Freight forwarders - Leasing companies - National rail associations - Intermodal operators The association was established in Brussels in 2002 by a handful of new rail freight operators. It was established as the voice of new entrants to support the European vision for a liberalised railway market.   All ERFA members share a commitment to work towards a non-discriminatory, competitive and innovative Single European Railway market by promoting attractive, fair and transparent market conditions for all rail enterprises.",Belgium,6.922674,,,
Orion Services,6293340.0,"Belgium, Flanders, Antwerpen, 11 Villapark, 2180",https://www.linkedin.com/company/orion-services,www.orionservices.be,"A young company basically founded to provide you a healthy service in a relaxed atmosphere. We are devoted to bring you on time to airports, rail stations and a location of your choice.  Een jong bedrijf, als doel opgericht om jou te verzorgen tijdens je reis. Wij staan ervoor in om jou op tijd te brengen naar luchthavens, treinstations en elke locatie naar keuze.",Belgium,6.29334,,,
HERMOS TRANSPORT,6189861.0,"Belgium, Flanders, Genk",https://www.linkedin.com/company/hermos-transport,www.hermos.be,"Al sinds de opstart in 1983 werkt Hermos Transport uit Genk vanuit dezelfde filosofie. Wij nemen alle transportzorgen over van onze klanten, met zelfs in-house planning. Ook met de tweede generatie aan het bedrijfsroer, staat logistiek maatwerk centraal. SAMEN MET ONZE KLANTEN ONDERWEG Met elke nieuwe klant vertrekken we voor een langetermijnrelatie. Na een maand vrijblijvend testrijden weet u perfect welke toegevoegde waarde onze in-house planners en Belgische chauffeurs bieden. Onze medewerkers voelen zich volledig betrokken bij uw bedrijfsvoering en denken proactief mee om uw wegtransporten en distributierondes efficiënter te organiseren. Nachtdistributie, last-minute leveringen en weekendwerk zijn voor onze chauffeurs de normaalste zaak. Als vaste huistransporteur stemmen we de investeringen in onze trekkers en opleggers volledig af op uw transportnoden.",Belgium,6.189861,,,
Cambio Belgium,5956735.0,"Belgium, Flanders, Antwerpen",https://www.linkedin.com/company/cambio-belgium,www.cambio.be,"What is cambio carsharing? carsharing (noun): system that allows several people to make use of one single car. Doing more with less is a necessity to evolve towards a qualitative, sustainable and carefree city life. Cambio wants to do its part in creating more space and a more pleasant and healthy environment. Together with walking, biking and going by train/tram/bus, carsharing is the perfect alternative for owning a car yourself. By sharing we create more mobility with less cars. Cars can be very handy, but we can do better when looking at their current ecological impact. Cambio wants to offer a carsharing system that guarantees a fair price for everyone. Along with our members, on local level we hope to  contribute towards a better planet.",Belgium,5.956735,,,
Combinant Nv,5832345.0,"Belgium, Flanders, Antwerpen, 800 Scheldelaan, 2040",https://www.linkedin.com/company/combinant-nv,www.combinant.be,"Combinant (Combined Terminal Antwerp) is an open access rail terminal for intermodal transportation, located in the port of Antwerp-Bruges. Combinant helps lowering the environmental impact by replacing a part of road haulage with rail. With its central location and the cooperation with different train operators Combinant can offer extensive European rail network services. Check out our website for all possible destinations!",Belgium,5.832345,,,
Captrain Belgium Nv,5832345.0,"Belgium, Flanders, Antwerpen, 23 Noordersingel, 2140",https://www.linkedin.com/company/captrain-belgium-nv,www.captrain.be,"Captrain Belgium, a 100% affiliated company of SNCF Logistics, offers you a wide range of services as combined and conventional transport and or last-mile service. We accompany your rail transportation projects in Belgium, the Netherlands and other European countries.  Captrain Belgium was founded in 2000 as commercial representative of Fret SNCF. It became a railway undertaking in 2007 Captrain Belgium operates all over Belgium. Our production facilities are located in Antwerpen Schijnpoort rail terminal. The operational centers work 24 hours a day.  Turnover 2016: 15,5 M€",Belgium,5.832345,,,
H.J. Van Oort Transport België,5832345.0,"Belgium, Flanders, Willebroek, 9 Hoeikensstraat, 2830",https://www.linkedin.com/company/h-j-van-oort-transport-belgië,www.oort.be,Het distribueren van uw goederen naar een hoger en servicegericht niveau. Dat is wat steeds meer klanten van onze opdrachtgevers wensen. Onze opdrachtgevers kunnen zich hierin onderscheiden door gebruik te maken van het brede pakket aan diensten die Van Oort België te bieden heeft. Hierdoor creëren we gezamenlijk een win -winsituatie en worden we echte zakelijke partners op logistiek gebied.,Belgium,5.832345,,,
Transport Pierret S.A.,5721632.0,"Belgium, Neufchâteau, 100 Chaussée De Bastogne, 6840",https://www.linkedin.com/company/transport-pierret-s.a.,www.transport-pierret.be,"La société anonyme Transport Pierret est une entreprise familiale qui fut fondée dans les années 70.  Nous offrons un service fiable de transport routier grâce à notre flotte de 25 véhicules ainsi que des services logistiques.  Nous offrons également un service de transitaire aérien/maritime et sommes apte à remplir les obligations douanières, nous sommes certifiés AEO.  Nous aurons notre propre plateforme bimodale avec un raccordement au rail privé et 40000m² de stockage supplémentaire dès 2012.",Belgium,5.721632,,,
FVG Services Bvba,5502099.0,"Belgium, Hechtel-eksel, 9/2 Groenstraat, 3941",https://www.linkedin.com/company/fvgservices,www.fvgservices.be,"Goederentransport via de lucht, zee, binnenvaart, weg en trein. En dat wereldwijd. Bij FVG Services coördineren we de import en export van vrachten én treden we op als douanevertegenwoordiger. Een nauwgezette opvolging is gegarandeerd met onze geavanceerde en tegelijk gebruiksvriendelijke FVG-app. Als familiebedrijf met een jarenlang opgebouwde ervaring in expeditie en douane kennen we jouw transportuitdagingen door en door. Dankzij ons inzicht in het totaalplaatje van wereldwijd transport kunnen we je volledig ontzorgen in de complexe flow waarmee je te maken krijgt bij elk vrachtvervoer.  In de lange weg die jouw vracht aflegt, gaan wij nog die extra mile. Want bij FVG Services maken we de flow van expeditie en douane zo toegankelijk en efficiënt mogelijk voor jou. Van vlekkeloos voorbereiden en klaarheid scheppen over prijsdynamieken tot een transparante en betrouwbare aanpak in elke stap van het proces. Met op elk moment de mogelijkheid tot tracking via onze app, zodat je de gemoedsrust hebt om voluit te focussen op de corebusiness van je bedrijf.  FVG Services, going above and beyond, the extra mile.",Belgium,5.502099,,,
Your Mover Vandergoten,5502099.0,"Belgium, Flanders, Vilvoorde, 1a J. Monnetlaan",https://www.linkedin.com/company/your-mover-vandergoten,www.yourmover.com,"Your Mover is a professional removal company in Belgium with a strong sense of environmental responsability and sustainability. It is also part of the network Nnof. Nnof stand for Nearly New Office Facilities. It is a range of services to enable clients to use and re-use their office furniture for a longer time. More info can be found on www.yourmover.com or www.nnof.be. Your Mover Vandergoten is sinds haar opstart in 1976 gespecialiseerd in kantoorverhuizingen. Vandaag behoort het bedrijf tot de top 3 van de sector. Het bedrijf heeft 3 specialisatiedomeinen : kantoorverhuizingen, traditionele opslag en privé-verhuizingen onder de naam ‘Les Fils Vandergoten’. Het bedrijf werd in 1997 overgenomen door de vijfde generatie van de familie Pierre, met name door Didier en Christophe Pierre. Waarin het bedrijf zich ondermeer onderscheidt, is een internetplatform genaamd ‘V-Move’. Verder is de begeleiding en de coaching van de verhuizers een constant speerpunt in het beleid van Your Mover. De kennis van het verhuizersteam uitbreiden, behouden en valoriseren is noodzakelijk om de hoogwaardige dienstverlening te garanderen waarvoor Your Mover bekend staat. De laatste jaren werd ook gestart met een stevige verduurzaming van de dienstverlening. Zo werd Nnof opgericht. Nearly New Office Facilities biedt duurzame diensten in de sector van hedendaagse kantoorinrichtingen.",Belgium,5.502099,,,
NOVANDI,5502099.0,"Belgium, Awirs, 78 Rue Héna, 4400",https://www.linkedin.com/company/groupenovandi,www.novandi.be,"Réinventons les services et la logistique. Le Groupe Novandi propose une approche innovante pour les services et la logistique par l'intermédiaire de ses filiales. Chacune ayant ses spécialités dans le domaine de la logistique. Alineas Services - Les services généraux sont notre ADN  -- Libérez du temps pour votre buisness en nous confiant votre comptabilité, votre services du personnel ou votre informatique DPW LCT - Le conteneur maritime n'a plus de secret -- DPW LCT gère les terminaux multimodaux liégeois au Nord comme au Sud permettant une souplesse dans la distribution des containers auprès des clients Renory - Stockage et manutentions à volonté -- Renory s'occupe de toutes les opérations de stockage, manutention, empotage,... LLI - Un train d'avance -- LLI gère la plateforme bi-modale de Bierset et propose des services réguliers vers l'Italie ainsi que vers la Chine. TFC - Les navettes du futur -- TFC organise le transport fluvial des conteneurs entre les ports intérieurs et les ports maritimes : une solution économique et durable VERSUS - Le transport avec le sourire -- La combinaison de plusieurs moyens de transport demande des compétences spécifiques. Notre équipe les possède avec le sourire en plus. Nous recherchons avec nos clients des solutions nouvelles et durables comme le transport combiné, la gestion des terminaux multimodaux, les liaisons régulières par barge avec les ports européens, les navettes par train entre la Chine et l'Europe...",Belgium,5.502099,,,
Selectair - Travel Your Way,5205600.0,"Belgium, Flanders, Vilvoorde",https://www.linkedin.com/company/selectair---travel-your-way,www.selectair.be,"Al 35 jaar lang zetten onze reisagenten en reservatiemedewerkers in 119 reiskantoren zich elke dag in om jou de reis van je leven te bezorgen. En dat is niet eenvoudig, want een droomreis betekent voor iedereen iets anders. Waarom zou je je reis boeken bij een Selectair-kantoor? Onafhankelijk We zijn niet gebonden aan touroperators, hotelketens of luchtvaartmaatschappijen. Wanneer we jou dus iets aanbevelen, zijn we daarin onafhankelijk en objectief.  Persoonlijk reisadvies Wij willen geen doorgeefluik zijn van reisbrochures. Onze missie? Voor jou een vakantie vinden die je verwachtingen overstijgt. Daarom beginnen we altijd bij een persoonlijk gesprek. Zo leren we je écht kennen. Jij bepaalt je inbreng in je reisvoorstel. Geef ons de volledige vrijheid of teken zelf de krijtlijnen uit. We stellen alleen vakanties voor die passen bij je persoonlijkheid. Of dat nu een all-inverblijf aan het strand is, of een safari in Afrika. Het resultaat? Altijd jouw reis. Samenwerking We zijn een samenwerkingskoepel van onafhankelijke, zelfstandige reisbureaus. Omdat we onze kennis met elkaar delen, vinden we zelfs op de moeilijkste vragen een antwoord. En door samen reizen in te kopen, bedingen we bij onze leveranciers voor jou de beste prijzen en voorwaarden.",Belgium,5.2056,,,
JUGETRA,5193458.0,"Belgium, Flanders, Olen, 17a Industrielaan, 2250",https://www.linkedin.com/company/jugetra,www.jugetra.be,Wat begon als een klassiek transportverhaal is door de jaren heen uitgegroeid tot een operationeel centrum voor logistieke dienstverlening van A tot Z. Het bedrijf heeft intensief geïnvesteerd in logistieke processen en een multi-service aanpak om zich vandaag te ontwikkelen tot een hedendaags en innovatief bedrijf met de focus op warehousing & distributie met een opslagcapaciteit van meer dan 40.000 m2.,Belgium,5.193458,,,
Max Mobiel,5034672.0,"Belgium, Gentbrugge, 108 Kerkstraat, 9000",https://www.linkedin.com/company/maxmobiel,www.max-mobiel.be,"Max Mobiel brengt mensen samen naar het werk. Wij rijden vooral naar plaatsen die met het openbaar vervoer minder vlot bereikbaar zijn. Max Mobiel houdt zo ieders werkplek dichtbij, en zorgt voor minder auto's op onze wegen. Dat is in de eerste plaats sociaal: mobiliteit mag voor niemand een drempel naar werk zijn. Het is ook ecologisch: kiezen voor Max Mobiel is kiezen voor duurzaam en multimodaal vervoer. We zijn expert in collectief vervoer op maat, en delen die kennis op vlak van aanpak, technologie... graag met anderen. Vanuit die uitgangspunten en expertise, is Max Mobiel een onmisbare partner op vlak van mobiliteit in Gent en omgeving.",Belgium,5.034672,,,
Waterfront Shipping,4852291.0,"Belgium, Flanders, Antwerpen, 139 Noorderlaan, 2030",https://www.linkedin.com/company/waterfront-shipping,www.waterfrontshipping.be,"Waterfront Shipping are an independent liner agency and freight forwarder of global capacity based in Antwerp, ""The hub of Europe"".   The Waterfront services include cargo transhipments, port agency, handling, warehousing & logistics, packing and stevedoring arrangements as well as fully computerised documentation and operational system, operated by high calibre and experienced personnel.    Also on cargo logistics from Far East/Middle East, Africa, Indian subcontinent and America/Canada, Waterfront has over the years increased their knowledge in a wide variety of products and they developped an extensive agency network covering a full service to the customer and providing an availability of suppliers worldwide. Seafreight Airfreight Road Transport Rail Transport Containers Break bulk Project cargoes Steel | Ferro | Non-Ferro FOR MORE AND DETAILED INFO, PLEASE VISIT OUR WEBSITE ON : WWW.WATERFRONTSHIPPING.COM",Belgium,4.852291,,,
CLECAT,4852291.0,"Belgium, Brussels Capital, Brussels, 77 Rue Du Commerce, 1040",https://www.linkedin.com/company/clecat,www.clecat.org,"CLECAT was established in 1958 in Antwerp, it is now located in Brussels and it represents the interests of 20 national organisations of European freight related service providers. Multinational, medium and small freight forwarders and Customs agents are all part of CLECAT's structures, thus making it the most representative structure of its kind. Our members voice the interests of more than 19.000 companies employing in excess of 1.000.000 staff. In rough figures European freight forwarders and Customs agents clear 95% of all goods in Europe and handle 65% of the cargo transported by road, 95% of the cargo transported by air and 65% of the maritime. CLECAT also plays a major role in rail and inland waterways. Intermodal transport, extensive use of IT and dedicated terminals and warehouses are the main tools our members use to address customers' requirements.  CLECAT promotes the activity and defends the interests of its members in connection with a large number of institutional and non-institutional counterparts. It has a voice where a regulatory environment concerning transport formalities and transport modes is created, in the intent of securing a uniform and seamless environment, where cargo can move freely and securely for the benefit of the whole international trade, with due respect to issues such as security and environment.",Belgium,4.852291,,,
Project Olivia,4472000.0,"Belgium, Brussels Capital, Brussels, 20/5 Koning Albert Ii-laan, 1000",https://www.linkedin.com/company/project-olivia,www.projectolivia.be,"De Vlaamse overheid wenst te sensibiliseren rond opleidingen, jobs en loopbaanpaden in de maritieme sector.  Project Olivia richt zich specifiek op meisjes en vrouwen, maar uiteraard zijn en blijven mannen ook welkom!  Samenwerken met verschillende maritieme partners uit de onderwijsinstellingen en werkgevers in de publieke en private sector staat hierbij voorop.",Belgium,4.472,,,
UIRR,4406187.0,"Belgium, Brussels Capital, Brussels, 31 11 Rue Montoyer, 1000",https://www.linkedin.com/company/uirr,,"Created in 1970, the International Union for Road-Rail Combined Transport (UIRR) is the industry association for the sector of Combined Transport in Brussels.  Its members are Combined Transport Operators and Combined Transport Terminals. UIRR actively promotes Combined Transport, primarily towards European decision-makers and facilitates the enhancement of the sector, while also supporting the daily functioning of this ecologically and economically sustainable mode of long(er) distance freight transport.",Belgium,4.406187,,,
ITB Het Huis Van De Binnenvaart In België - La Maison De La Batellerie En Belgique,4177305.0,"Belgium, Brussels Capital, Brussels, 19 Rue De La Presse",https://www.linkedin.com/company/itb-asbl-vzw,www.itb-info.be,"Het Instituut voor Transport langs de Binnenwateren vzw (ITB), ook wel het huis van de binnenvaart in België genoemd, bouwt de brug tussen schippers en overheid. ITB zet zich in voor een duurzame toekomst van de binnenvaart, als essentieel onderdeel van een geïntegreerd en milieubewust logistiek systeem. Door focus op vergroening, digitalisering, promotie en het bevorderen van passende regelgeving, stuwt ITB innovatie en duurzame vooruitgang binnen de sector. Daarnaast biedt ons 'Huis van de binnenvaart' in hartje Brussel ruimte voor vergaderingen en samenwerking, vanuit een focus op duurzame oplossingen. L'Institut pour le Transport par Batellerie asbl (ITB), également connu comme la maison de la batellerie en Belgique, jette un pont entre les bateliers et les autorités. L'ITB s'engage en faveur d'un avenir durable pour la navigation intérieure, en tant qu'élément essentiel d'un système logistique intégré et respectueux de l'environnement. En se concentrant sur le verdissement, la numérisation, la promotion et l’encouragement d'une réglementation appropriée, l'ITB stimule l'innovation et le progrès durable au sein du secteur. De plus, notre 'maison de la batellerie' à Bruxelles offre un espace dédié aux réunions et à la collaboration, avec un fort accent sur les solutions de transport durables.",Belgium,4.177305,,,
All Drive,4126574.0,"Belgium, Flanders, Genk, 29 Hasseltweg Geleenlaan, 3600",https://www.linkedin.com/company/all-drive,alldrive.be,"Bij All Drive kunt u terecht voor al uw touringcarvervoer, voor kleine en grote groepen, in binnen-en buitenland. Wij verzorgen uw groepsvervoer, dagtocht of meerdaagse reis op maat, volledig afgestemd op uw wensen. Alleen het vervoer regelen is mogelijk, maar wij bieden ook de mogelijkheid de volledige invulling van uw reis te verzorgen, zoals bijvoorbeeld hotels, diners, entreekaarten, etc. Naast het vervoer op maat bieden wij ook volledig verzorgde dagtochten en meerdaagse reizen aan. Ons doel is u als klant naar volle tevredenheid te helpen. Meer informatie over deze georganiseerde autocarreizen vindt u op de website. Door het gevulde programma zal u zich geen minuut vervelen!",Belgium,4.126574,,,
Nissin Transport GmbH Belgium,4068817.0,"Belgium, Flanders, Machelen, 738/2 Bedrijvenzone Machelen Cargo, 1830",https://www.linkedin.com/company/nissin-belgium,www.nissin.be,"Nissin Belgium is your trusted partner in international freight forwarding and logistics. We provide end-to-end solutions across air, ocean, road and rail, tailored to your timing, budget, and cargo type - from full container loads (FCL) to smaller consignments (LCL), urgent shipments or long-term planning. Our services include: 📦 Reliable warehousing for general, valuable, dangerous and temperature-sensitive goods 🚚 Efficient first- and last-mile transport across Europe 🌍 Global coverage with local expertise and GDP-compliant solutions for life sciences, automotive, food and more 🏡 Hassle-free moving services for expats Need flexible, smart and cost-effective logistics? Let’s move your freight forward!",Belgium,4.068817,,,
ERTMS Users Group,3955597.0,"Belgium, Brussels Capital, Brussels",https://www.linkedin.com/company/ertms-users-group,ertms.be,"Strong and integrated energy and transport networks are the cornerstone of the European market. Development and implementation of ERTMS is one of the measures to create a Trans-European Network for rail. The ERTMS Users Group combines the knowledge and experience of its members to support the introduction of ERTMS and to assure that it will be a safe, reliable and interoperable system at reasonable and affordable costs.",Belgium,3.955597,,,
Record-Trans,3576020.0,"Belgium, Flanders, Zelzate, 6 Karnemelkstraat, 9060",https://www.linkedin.com/company/record-trans,www.record-trans.com,"Record-Trans specialiseert zich in dubbeldek transport, logistieke oplossingen op maat voor élke klant & groepage en distributie van langwerpig materiaal.  Dubbeldek transport stelt u in staat om dubbel zoveel te vervoeren met eenzelfde vrachtwagen. Reken op 30% kostenbesparing, 50% minder CO² uitstoot en spaar een laadkade uit voor u en uw klanten. http://www.record-trans.com/dubbeldek-transport/ Met magazijnen in  Zelzate is Record-Trans perfect gelegen, centraal tussen de grote haven van Antwerpen, Gent, Zeebrugge en Vlissingen. Bij Record-Trans gaat het om service, voor elke klant. We denken met u mee en helpen om een op maat gemaakte oplossing te realiseren. Record-Trans beschikt over rolbruggen, zware heftrucks 4 laadkades. http://www.record-trans.com/logistics/ Groepage en distributie van langwerpige goederen is een echte specialiteit van Record-Trans. Wekelijks worden er goederen van op allerhande locaties afgehaald. Deze worden in Zelzate gelost met de rolbrug, uitgesorteerd per locatie en worden dan geladen op onze speciaal ontworpen distributiewagens voor langwerpige goederen. Dagelijks worden er melkrondes gereden over heel België om de goederen tijdig bij elke klant te leveren. http://www.record-trans.com/transport/",Belgium,3.57602,,,
TPL bv,3510470.0,"Belgium, Flanders, Boechout, 13 Hovesesteenweg, 2530",https://www.linkedin.com/company/tpl-transport-project-logistics-bv,,"lokale breakbulk specialist, biedt wereldwijd betere oplossing aan voor verpakking , verzending , bedrijfsverhuizingen, montage, demontage, SEI gekeurde verpakking tegen corrossie READ THE COMPLETE TPL STORY : 20 years of “Happy Profit” and “Better Solutions” at  https://TPLprojects.com/about/ 📈I’m always happy to connect and provide information to anyone keen to know more about worldwide breakbulk shipments -  project - forwarding - relocation - maritime packing - shipping  📩Feel free to get in contact via LinkedIn or email -  r.vermetten@tpl.be  💡I have expertise in multimodal transport / DAP transport Africa / Russia / Central Asia /O.B.O / new silk road / rail transport china  So here we are now 20 year later , I could not offer you a party because of COVID, but  I thank my partners and my esteemed customers for your confidence and you for reading this story. Ahoi ! Robert J Vermetten  (TPL - 20 years young !)",Belgium,3.51047,,,
Martins Taxi,3510470.0,"Belgium, Zeebrugge, 16 Polderweg, 8380",https://www.linkedin.com/company/martins-taxi,martinstaxi.be,"Martin's taxi, Martins taxi is a taxi company that mainly focuses on the port of Zeebrugge. We are mainly responsible for the transport of the crew of the ships that visit our port. We are also active in transporting cargo train drivers.",Belgium,3.51047,,,
Ferry Cars Groep,3438812.0,"Belgium, Flanders, Eeklo",https://www.linkedin.com/company/ferry-cars-groep,www.ferrycars.be,"Ferry Cars groep is een Belgische familiale bedrijf actief in het geregeld personenvervoer in Vlaanderen en Wallonië met de familie Lanssens als enige aandeelhouder. Iedere dag zetten onze bedrijven met ruim 280 gemotiveerde medewerkers zich in om dagelijks de reizigers op een veilige en vlotte manier naar hun bestemming te brengen. Met onze  moderne vloot van 160 voertuigen staan we garant voor kwalitatieve dienstverlening binnen de openbare busdiensten (De Lijn / TEC) Alle bedrijven hebben openbare busdiensten voor De Lijn of TEC als hoofdactiviteit. Alle aangekochte voertuigen voldoen aan de milieunormen en kwaliteitseisen van VVM De Lijn en SRWT TEC, die op het moment van de aanbestedingen gevraagd werden. Onze groep bestaat uit Ferry Cars (Eeklo), Lenoir (Menen), Egmont (Zottegem), Seys-Coopman (Aalter), Roman  (Tournai),Naway  (Bierghes) Als partner zijn wij ook actief bij Muylaert en Rebex (Haaltert) Ferry Cars groep voert haar maatschappelijke taak van collectief personenvervoer efficiënt en geëngageerd uit. Dagelijks streven wij een gezond en duurzaam bedrijf na met een positieve invloed op de bedrijfsomgeving en het personeel, en dit zowel op korte als lange termijn.",Belgium,3.438812,,,
ATS Antwerp Travel Service,3146670.0,Belgium,https://www.linkedin.com/company/ats-antwerp-travel-service,atsantwerp.be,"ATS Antwerp Travel Service is gespecialiseerd in personenvervoer met ervaren chauffeurs in Antwerpen en omgeving.  ATS focust zich op maritiem transport van zeelui en officieren met name in 'crew changes'.  Verder bieden wij ook vip-, business- en luchthavenvervoer voor bedrijven aan, net als snel transport van documenten en kleine pakketten.",Belgium,3.14667,,,
Couwels & Co,3146670.0,"Belgium, Flanders, Wuustwezel",https://www.linkedin.com/company/couwels-&-co,www.couwels.be,"As forwarding agent, Couwels & Co offers a wide range of logistic services. We can arrange transport of your goods by road, sea, air or rail withing Europe or oversea and offer a personal, flexible and reliable service due to more then 70 years of experience ! In 1946, Couwels & Co was founded by Jos Couwels, who was the first who started part loads between Belgium and Switzerland and today our focus is still road transport to Switzerland (part loads as well as full loads). But it is obvious that our services are not limited to our swiss specialization. Therefor we offer transport all over the world. Import as well as export. By sea as well as by air. Untill the seaport as well as door-deliveries.",Belgium,3.14667,,,
Pavan Flanders INT,3146670.0,"Belgium, Gits, 11 Torhoutstraat, 8830",https://www.linkedin.com/company/pavan-flanders-int,www.pavan.be,"Ervaren expediteur voor internationale transporten What you see is what you get bij Pavan Flanders. Van onze dienstverlening tot  onze kwaliteitsbelofte. In volledige transparantie en met de nodige discretie begeleiden we je import- en exportcargo. Tot op de kade, de luchthaven of in het station van aankomst. Al je cargo onder 1 dak Voor elke vracht krijg je een veilige, efficiënte en betaalbare oplossing aangeboden. Altijd aangepast aan je specifieke noden. Hier heb je een vast aanspreekpunt voor al je transportnoden. Organisatie en administratie Wettelijke bepalingen, douaneformaliteiten, incoterms,… Er komt heel wat kijken bij internationale transporten. Zaken waar je de tijd of specifieke kennis niet voor hebt. Als ervaren expediteur neemt Pavan Flanders de organisatie en administratie uit je handen. Discreet en in alle vertrouwen. Moderne software Met moderne software spelen ze kort op de bal. Directe en transparante communicatie met partners, bevoegde instanties en uiteraard met klanten is daarvan een rechtstreeks gevolg. Net als de verhoogde efficiëntie en de minimale foutenmarge. Directe communicatie Goede afspraken maken goede vrienden. Zeker in een sector waarin timing essentieel is om de zaken draaiende te houden. Ons team stelt zich flexibel op. Een mail, een appje of een telefoontje? Je krijgt snel antwoord. Zodat je meteen weer verder kan. Gecombineerde transporten Een allround cargopartner is je beste garantie voor voordelige, correcte en betrouwbare transporten. Door vervoer over de weg, het water en door de lucht te combineren, bieden we steeds een oplossing op maat. Aangepast aan jouw noden en de beste omstandigheden voor je goederen.",Belgium,3.14667,,,
Knorr-Bremse Benelux,3146670.0,"Belgium, Flanders, Mechelen, 4 Blarenberglaan",https://www.linkedin.com/company/knorr-bremse-benelux,www.knorr-bremse.be,"Knorr-Bremse Benelux onderdeel van het Knorr-Bremse-concern, waarvan het hoofdkantoor in München is gevestigd, is wereldmarktleider op het gebied van remsystemen voor railvoertuigen en bedrijfswagens. Als technologische gangmaker houdt Knorr-Bremse zich al meer dan 110 jaar intensief bezig met de ontwikkeling, productie, verkoop en service van moderne remsystemen.",Belgium,3.14667,,,
Certus Rail Solutions,2909579.0,"Belgium, Flanders, Merelbeke, 64 Burgemeester Maenhautstraat, 9820",https://www.linkedin.com/company/certus-rail-solutions,certusrailsolutions.be,"Het vervoer van spoorgebonden materieel en materiaal is een nichemarkt waarin slechts een beperkt aantal spoorvervoerders haar diensten aanbiedt.  Het transport van werfmateriaal en de bijhorende grote machines is echter van primordiaal belang voor de bedrijven die in deze sector actief zijn.  Certus Rail Solutions wil een oplossing op maat bieden voor dit hiaat in het Belgische spoortransport en Belgische spooraannemers én hun klanten ‘ontzorgen’ bij het verplaatsen van grote spoormachines, het leveren of afvoeren van spoormateriaal en het uitvoeren van korte verplaatsingen binnen spoorbundels en stelplaatsen.",Belgium,2.909579,,,
Gebroeders Crijns,2751049.0,"Belgium, Flanders, Maasmechelen, 25 Breitwaterstraat, 3630",https://www.linkedin.com/company/gebroeders-crijns-bvba,www.gebroeders-crijns.be,"Gebroeders Crijns is een familiebedrijf in de transportsector waarbij het partnerschap met de klant centraal staat.  Als logistieke dienstverlener zorgt het bedrijf ervoor dat de klanten zich voornamelijk op hun eigen core-business concentreren. De vloot bestaat uit 40 trekkers en 70 opleggers waaronder kipwagens, huifwagens, plateauwagens, bulkwagens en kraanwagens.",Belgium,2.751049,,,
MAAAT,2711670.0,"Belgium, Flanders, Aalst, 7 Wijngaardveld, 9300",https://www.linkedin.com/company/maaat,www.maaat.be,"Maatwerkbedrijf MAAAT is een sterke ploeg die flexibel en snel inzetbaar is in heel wat sectoren: retail, bouw, automotive, voeding, logistiek, productie, recyclage, ... De ploegmaten zijn de onmisbare schakels in uw onderneming. Ze ondersteunen elke stap in uw productieproces. Samen met hun teamcoach spelen de ploegmaten zowel thuis als op verplaatsing. Zo onderscheidt MAAAT zich als betrouwbare partner die topkwaliteit levert en maatschappelijk verantwoord ondernemen combineert met de beste prijs-kwaliteitsverhouding.   MAAAT is een competitieve speler in de hoogste klasse en denkt samen met zijn klanten de beste strategie uit voor een optimaal resultaat. Een hechte teamspirit en de juiste inzet van multitalenten zijn hierbij de grootste troeven, net als de moderne infrastructuur van MAAAT. De ploegmaten zijn zowel uit als thuis de beste pionnen in elk productieproces.   MAAAT zorgt altijd voor een volledige ploeg op het terrein en geeft nooit forfait. We verfijnen de expertise van onze gepassioneerde en trotse ploegmaten met doorgedreven opleidingen. Dit kan zelfs op maat van uw project. Wat uw bedrijf ook nodig heeft, MAAAT biedt telkens een verrassende oplossing.   Word jij ook fan van MAAAT?",Belgium,2.71167,,,
Ditraco Transport,2697310.0,"Belgium, Molenstede, 6 Ambachtenlaan, 3294",https://www.linkedin.com/company/ditraco-transport,www.ditraco.be,"Ditraco Transport is een logistieke bedrijf dat zich heeft gespecialiseerd in geconditioneerd transport en opslag. Met behulp van een uitgebreid multifunctioneel wagenpark verzorgt Ditraco Transport dagelijks de distributie voor klanten die gevestigd zijn in de Belgie; Nederland, Luxemburg, Frankrijk & Duitsland. Daarnaast beschikt Ditraco Transport over gekoelde opslag en ambient opslag die het ons mogelijk maken om onze klanten specifieke logistieke diensten aan te bieden zoals Stockage, Orderpicking en andere Value Added Logistics.",Belgium,2.69731,,,
Rijschool Segers,2517336.0,"Belgium, Flanders, Hasselt, 440 Kempische Steenweg, 3500",https://www.linkedin.com/company/groupsegers,www.rijschoolsegers.be,"Bij onze rijschool begin je aan een avontuur vol leerervaringen, gericht op veiligheid en zelfverzekerdheid achter het stuur. Jouw succes is onze bestemming! Bij ons word je geholpen door mensen met jarenlange praktijkervaring als chauffeur, lesgever of recruiter. We weten als geen ander dat kwalitatief personeel een must is voor de transportsector. We vinden ook dat vrachtwagenchauffeurs en logistieke medewerkers meer respect verdienen. Een opwaardering van het beroep is nodig. Daarom helpen wij onze kandidaten groeien in hun carrière met de rijschool en het opleidingscentrum. Zo verzekeren we de instroom van gekwalificeerde profielen voor onze klanten en kunnen we sollicitanten de beste vacatures aanbieden. Wij zoeken en vinden het allerbeste personeel voor logistiek en transport. Kwaliteit is ons handelsmerk en chauffeurs zijn onze passie. Passie die al jaren overvloeit in gespecialiseerde dienstverlening en een sterk aanbod vacatures. Wij gaan bewust voor vaste jobs met goede loonvoorwaarden. Onze sollicitanten moeten zich 100% goed voelen op hun nieuwe werkplek en onze klanten moeten 100% tevreden zijn over de diensten van hun nieuwe chauffeur, arbeider of bediende.",Belgium,2.517336,,,
Omnirack BV,2517336.0,"Belgium, Flanders, Gent, 150 Drieselstraat, 9041",https://www.linkedin.com/company/omnirack-bv,www.omnirack.be,"Omnirack BV is Uw ideale partner bij de (her)inrichting en optimalisatie van uw magazijn, archief of werkplaats. Doorheen Vlaanderen en Wallonië beschikken wij over een dealernetwerk, bestaande uit diverse groothandels binnen de bouw & industriesector. Hier kunt u zich telkens vrijblijvend informeren naar onze diverse mogelijkheden of beroep doen op onze dienstverlening. Indien u wenst komen wij ter plaatse, voeren wij professionele opmetingen uit en bieden we u onze expertise over hoe we uw magazijn zo optimaal mogelijk kunnen inrichten. Vraag prijs bij uw locale vakhandel, of rechtstreeks bij OmniRack, en wij zorgen voor offerte/levering/montage via uw vertrouwde vakhandelaar.",Belgium,2.517336,,,
Velgio,2517336.0,"Belgium, Flanders, Lier, 171d Hagenbroeksesteenweg, 2500",https://www.linkedin.com/company/velgio,www.velgio.be,"Wie zijn wij?  VELGIO is ontstaan uit een samenwerking tussen een aantal zelfstandige docenten uit allerhande vakgebieden die gerelateerd zijn aan transport en logistiek. Deze docenten en instructeurs zijn mensen met jarenlange ervaring in hun domein, mensen die zich bovendien zelf voortdurend bijscholen en die allemaal met één voet staan in de wereld van de vrachtwagen, het vervoer, de autocarsector, de rijscholen, de logistiek, de gevaarlijke stoffen,... met andere woorden: alles wat rijdt zit in hun interessesfeer! Onze docenten hebben bovendien allemaal vele jaren ervaring met het geven van opleidingen aan volwassenen. Ze weten als geen ander hoe ze een groep mensen moeten boeien.  Een opleiding bij VELGIO is niet alleen leerrijk, maar iedereen zal bij het einde van de dag kunnen besluiten dat er op een leuke en interactieve manier les gegeven werd.  Wij zijn continu bezig met het ontwerpen van nieuwe modules, het updaten van bestaande cursussen en zoeken voor uw chauffeurs de meest boeiende onderwerpen die ze in hun dagelijkse realiteit kunnen toepassen. Binnen de grenzen van de wetgeving zijn wij altijd bereid om modules op maat van uw bedrijf te ontwerpen.  Voor meer vrijblijvende informatie mag u altijd contact met ons opnemen via info@velgio.be  VELGIO is erkend als dienstverlener voor de kmo-portefeuille. Ons erkenningsnummer is DV.O221095 VELGIO is erkend als opleidingscentrum voor het Betaald Educatief Verlof Ons erkenningsnummer is VG-395-17 Bron: Velgio - www.velgio.be",Belgium,2.517336,,,
VIP Cars,2517336.0,"Belgium, Flanders, Oudenaarde, 12 Casterstraat, 9700",https://www.linkedin.com/company/vipcarsbelgium,www.vip-cars.be,VIP Cars is een jong bedrijf gevestigd in Oudenaarde die zich specialiseert in luchthavenvervoer en limousine verhuur. Naast luchthavenvervoer verzorgen we ook alle mogelijke personenvervoer voor zowel particulieren als bedrijven. Liever een tijdloze klassieker dan een blitse limo voor de mooiste dag van uw leven? Ook dit is mogelijk bij ons met ons ceremonie vervoer op maat van de klant. En tot slot bent u bij ons ook aan het juiste adres voor al uw pakketten die dringend waar ook in Europa geleverd moet worden; onze expressdienst is al onderweg naar u!,Belgium,2.517336,,,
Logistiekdirect,2369436.0,"Belgium, Flanders, Antwerpen",https://www.linkedin.com/company/logistiekdirect,www.logistiekdirect.be,"Logistiekdirect is dé totaalleverancier voor de logistiek. Alle gebruiks- en verbruiksartikelen voor magazijn en transport, zoals spanbanden, vrachtbrieven, pallets, magazijn artikelen, truckparts en verpakkingen vind je onder één dak. Altijd aan een scherpe prijs, omdat we de markt zo goed in de gaten houden. Onze missie: het ontzorgen van onze klanten, zodat zij zich kunnen richten op het primaire proces en hún klanten. Zakendoen met Logistiekdirect betekent samenwerken met een marktleider op het gebied van logistieke gebruiks- en verbruiksartikelen. Momenteel bedienen we meer dan 40.000 (zakelijke) klanten in de Benelux.",Belgium,2.369436,,,
P.E.A.S. Bvba,2063287.0,Belgium,https://www.linkedin.com/company/p.e.a.s.-pan-european-airport-service-bvba,www.peas.be,"Toen een nieuw initiatief, nu een gevestigde waarde  P.E.A.S. werd opgericht in 1996.  Na een intuïtieve marktstudie bleek er plaats te zijn voor een nieuw soort dienstverlening op het vlak van luchthavenvervoer, gebaseerd op comfort, vriendelijkheid en stiptheid.  Deze principes werden in 1996 bepaald door Lieven Claeys,   de jonge en dynamische zaakvoerder van  P.E.A.S. (Pan European Airport service).   Hij begon toen met één Mercedes minibus. Vandaag beschikt P.E.A.S. over 15 eigen voertuigen, bestaande uit luxe voertuigen en luxe minibusjes (Mercedes en Volvo). Vanzelfsprekend beschikken deze alle over klimaatregeling en GPS met lifeTraffic. Onze wagens worden om de 2 jaar vervangen!  P.E.A.S. heeft heden 17 professionele chauffeurs in dienst en is nog steeds in volle expantie!",Belgium,2.063287,,,
VAN DIJLE,2063287.0,"Belgium, Flanders, Antwerpen, 97c Bredabaan, 2170",https://www.linkedin.com/company/van-dijle,www.vandijle.be,"Van Dijle is een Belgische bedrijf dat geïntegreerde logistieke diensten kan aanbieden in combinatie met eigen transportactiviteiten. Deze combinatie is één van de belangrijkste troeven van onze vennootschap. Wij onderscheiden ons door het bieden van gepersonaliseerde en flexibele oplossingen. We zijn dan ook van mening dat voor iedere goederensoort of transport een ideale oplossing te bedenken is. We zijn ervan overtuigd dat een goede samenwerking wonderen doet. Daarom zorgen we door het hele transport voor een strakke communicatie en service, van aanvraag tot levering en alles wat daartussen zit. Uw organisatie kan zich focussen op de core business, wij doen de rest!",Belgium,2.063287,,,
Autobussen Cannaerts,2044702.0,"Belgium, Heffen, 59 Molenbeekstraat, 2801",https://www.linkedin.com/company/vamos-ontwart-verkeersknopen,autobussencannaerts.be,"Sinds 1924 verhuurt Autobussen Cannaerts autobussen vanaf 22 tot 94 plaatsen. Dit geeft ons de mogelijkheid om groepen tot 1000 man te vervoeren. Op uw verzoek organiseren we ook originele en verrassende autocarreizen.  Onder onze klanten bevinden zich bedrijven, verenigingen, scholen, gemeentebesturen, supportersclubs, jeugdbewegingen, rusthuizen maar evengoed familie- of vriendengroepen.",Belgium,2.044702,,,
DiNa Critical,2022982.0,"Belgium, Flanders, Zaventem, 7 Brixtonlaan, 1930",https://www.linkedin.com/company/dina-critical,www.dina-consulting.com,"Sinds de oprichting in 2017 is ons bedrijf geleidelijk uitgegroeid tot een veelzijdige partner voor al uw logistieke activiteiten. In 2019  groeide onze ambitie om als transportbedrijf groter en nog professioneler te worden. Transport is een van de belangrijkste pijlers binnen ons bedrijf. Door onze uitgebreide kennis, ervaring, capaciteit en beschikbare diensten zijn wij uw full service distributie partner voor het verzorgen van vrijwel al uw transport. Door onze samenwerking met betrouwbare partners kunnen wij uw goederen naar vrijwel iedere bestemming transporteren. Van Europees wegtransport tot wereldwijde lucht- en zeevracht: wij voorzien in al uw wensen. Wij zetten maximaal in op veiligheid en milieu. De andere pijler binnen ons bedrijf is Consultancy. Waar wij advies verlenen op logistiek vlak. Onze medewerkers maken mee het bedrijf en zijn gemotiveerd en goed opgeleid. Wij hechten veel belang aan persoonlijk contact en staan steeds voor u klaar om gepaste oplossingen te zoeken Onze sterke punten:     Vlotte communicatie     Nederlands sprekende chauffeurs     Snelle reactietijd op al uw vragen     Hoge leverbetrouwbaarheid     Complete dienstverlening van A tot Z     Langetermijnsamenwerking     Track and Trace     White Glove projecten     Charter supervisie     AOG & Critical Transports Het transport van uw goederen laat u niet aan de eerste beste over, u wilt zekerheid. Wij bieden u de zekerheid van een complete dienstverlening, snelle levering en maximale betrouwbaarheid. Waarom voor ons kiezen? Wij maken het verschil door onze klantvriendelijke manier van werken. Met al onze klanten willen wij een echte betrokkenheid nastreven, een band opbouwen én onderhouden. Wij spreken uw taal, denken met u mee naar een gepaste oplossing en zijn pas tevreden als u dat bent. We beschouwen onze klanten als onze partners en streven daarbij naar een langetermijnsamenwerking waarbij we steeds zoeken naar optimalisatie van uw transport. Het DiNa Team",Belgium,2.022982,,,
Contralo NV - Container Transport & Logistiek,1888002.0,"Belgium, Antwepen, 37 Rijnkaai, 2000",https://www.linkedin.com/company/contralo-nv---container-transport-&-logistiek,www.contralo.be,"Having your goods transported in the shortest time possible, at the lowest cost possible and in the best and safest conditions possible, this is what logistics is all about.  Architects of your cargo flow The proven experience and know-how of Contralo as a logistics and shipping company offers you a state-of-the-art service and care by a specialist in logistics.  Contralo handles and manages all kind of cargo flows: FCL, LCL, ISO-tanks, Flexitanks, Project cargo, Airfreight, Road transport, Rail, Warehousing and documentation. For any logistical need which needs a solution, our dedicated and experienced team will be able to create tailored innovative solutions.  More information required call +32 (0)3 205 90 50, send an e-mail to contralo@contralo.be or surf to www.contralo.be",Belgium,1.888002,,,
Mobility Business,1888002.0,"Belgium, Flanders, Liedekerke",https://www.linkedin.com/company/glan-o,www.mobilitybusiness.be,"Mobility By Olivier Business uw mobiliteit, fleet en design specialist! MBO zal producten verdelen die hun oorsprong vinden in de gezondheidszorg. Het zijn producten waarbij het functionele en design elkaar ontmoeten, producten die het makkelijker maakt voor de werknemer om fantastische prestaties neer te zetten met minder energie! Mobility Business zal zich focussen op: • Race wagens , elektrisch • Verbeteren van werkprestaties • Elektrische transportmiddelen, Utility voertuigen • Ontwikkeling van nieuwe producten • E-bikes",Belgium,1.888002,,,
Reibel Sa/nv,1888002.0,"Belgium, Brussels Capital, Brussels, 11 Chausée De Vilvorde, 1120",https://www.linkedin.com/company/reibel-sa-nv,www.reibel.be,"The Great Wall in China was the only human artefact visible from space. Still, the communication routes crossing each other, meeting each other and splitting up above and beyond our planet, symbolize Man’s deepest wish to contact others, similar to him or not. The need to communicate and trade has always inspired people from all countries. Very quickly, man developed, created and installed communication methods, systems and transport means. In 1923, REIBEL joined the great adventure in HAMBURG. Created in Belgium, in 1985 by Giovanni Esposito in association with Dutch branch of Reibel group To the initial maritime activities, all other vectors of transportation and logistics were added later on, because our economical evolution needed them to grow, without an ocean or a border being an invincible barrier. Originally a “traditional” freight forwarder, including customs brokering, air, sea, rail and road transport in niche markets A worldwide network of agents and correspondents makes sure that REIBEL is there where you want us, as soon as you or your customers want to use powerful logistics or transportation possibilities.",Belgium,1.888002,,,
RTChem Bvba,1430408.0,"Belgium, Drongen, 14/108 Industriepark, 9031",https://www.linkedin.com/company/rtchem-bvba,www.rtchem.be,Rail Freight Forwarding all over Europe. Railfleet Management Freight Manbagement  Rail Consultency,Belgium,1.430408,,,
LB-International NV,1375524.0,"Belgium, Flanders, Arendonk, 310 Hoge Mauw, 2370",https://www.linkedin.com/company/lb-international,www.lb-international.be,"INTERNATIONAAL TRANSPORT Heeft u een betrouwbare partner nodig voor uw internationaal transport? Wij verzorgen uw transport door gans Europa. Onze transportservice biedt klanten de mogelijkheid om hun volledige transportactiviteiten geheel of gedeeltelijk uit te besteden met oplossingen die afgestemd zijn op hun exacte behoeften. Dankzij ons deskundig management, kan u zich concentreren op andere belangrijke taken en zakelijke beslissingen. Onze chauffeurs staan via de boordcomputer continu in contact met het hoofdkantoor. Zo kunnen wij u in real-time op de hoogte houden van leveringsschema’s en geschatte aankomsttijden om uw vrachten zo efficiënt mogelijk te vervoeren en plannen. Met ons uitgebreid wagenpark kunnen we instaan voor al uw Europese import, export en nationale distributie. Gaande van palletten tot volledige ladingen. Alle voertuigen worden overigens in eigen werkplaats onderhouden. Zo wordt stilstand en vertraging vermeden en kan u rekenen op een optimale benutting van de rijtijden Wekelijks vertrekken onze gemotiveerde, ervaren chauffeurs op verschillende routes waarbij ze tal van landen in West- en Oost-Europa aandoen. Dit alles wordt mogelijk gemaakt door onze eigen vloot van Koel-, Huif- en Containertrailers. Buiten het transporteren van uw goederen, kan LB-International NV ook instaan voor de op- en overslag van uw goederen. OP- EN OVERSLAG VAN GOEDEREN Opslag van goederen met goede bereikbaarheid is van vitaal belang voor veel bedrijven. Daarom investeerde we recentelijk in een nieuw magazijn met 3000m² opslagruimte, voorzien van drie laad- en loskades om u zo snel mogelijk van dienst te kunnen zijn. Dit nieuwe magazijn biedt momenteel veel plaats voor opslag van allerhande goederen. Bovendien is het magazijn strategisch gelegen tussen de metropolen Antwerpen en Eindhoven. U vindt het terug op De Hoge Mauw in Arendonk, vlak langs de E34. Dit is een van de belangrijkste snelwegen tussen België en Nederland. Deze strategische ligging zorgt ervoor dat drukke verkeersaders vermeden kunnen worden. Zodoende zijn uw opgeslagen goederen het hele jaar door goed bereikbaar. OP- EN OVERSLAG Met onze transportdienst staan we graag in voor een gelokaliseerde goederenopslag voorzien van volledig transportbeheer. Voor producenten en fabrieken kunnen wij de logistiek geheel of gedeeltelijk overnemen. Zelf instaan voor het transport van de goederen is perfect mogelijk, maar u kan de bezorging ook door LB-International NV laten uitvoeren; Zelfs tot aan de voordeur van uw klant. Met ons uitgebreid wagenpark kunnen we instaan voor het transport van uw goederen. Wekelijks vertrekken onze gemotiveerde, ervaren chauffeurs op verschillende routes waarbij ze tal van landen in West- en Oost Europa aandoen. Deze logistieke operaties worden ondersteund door onze eigen vloot van Koel-, Huif- en Containertrailers. Wij staan graag in voor het transport en opslag van uw goederen. Vraag vrijblijvend meer informatie aan.",Belgium,1.375524,,,
GECA BVBA,1375524.0,"Belgium, Flanders, Meulebeke, 46a Vossekotstraat, 8760",https://www.linkedin.com/company/geca-bvba,geca.be,"GECA: transporteren is een vak apart. Wij zijn specialisten op dit gebied!  Ons Familiebedrijf, geleid door 2 broers Geert en Chris Pauwels, specialiseert zich vooral in het transport voor de landbouw.     Bulk-, kipper-, walkingfloor en citernetransport behoren tot onze specialisaties. Een groot deel van onze activiteit bestaat uit het vervoeren van voeders, mest, diverse compostsoorten en varkens. Daarnaast is er voornamelijk seizoensgebonden vervoer zoals aardappelen, bieten, granen, ... Onze vloot bestaat uit moderne voertuigen, waarvan ieder voertuig uitgerust is met een AGR-GPRS verbinding en GPS. Hierdoor kunnen wij u op ieder tijdstip de nodige informatie verstrekken.  Flexibiliteit en nauwe samenwerking met onze klanten aan concurrentiële prijzen brengt ons tot een maximale klantentevredenheid. Wij staan open om uw vragen en of voorstellen te overwegen en te bespreken   Wij zijn FCA gecertifieerd.",Belgium,1.375524,,,
Global Ukraine Rail Task Force,1375524.0,"Belgium, Brussels Capital, Brussels, 40 Rue Washington, 1050",https://www.linkedin.com/company/gurtf,www.allrail.eu,"After Russia’s unprovoked and brutal invasion of Ukraine, a group of rail experts came together and created the Global Ukraine Rail Task Force.   The Task Force is an advisory body and the members are all volunteers working in individual capacities.    The primary task of the Global Ukraine Rail Task Force is to provide a roundtable to analyse the impact of Russia’s aggressive invasion on Ukraine’s rail sector and to seek solutions. The twin goals are to address the humanitarian crisis enveloping the rail sector as well as rebuilding the rail infrastructure to replace war damage and meet the long term needs of a democratic Ukraine linked to the West. The Task Force's four objectives are: 1) Address the humanitarian crisis,       2) Rebuild the Ukrainian rail sector infrastructure, 3) Address passenger rail capacity, 4) Maximise freight capacity. The Task Force is chaired by: Jolene Molitoris; Former Administrator of the United States Federal Railroad Administration Nick Brooks; Secretary General of the Alliance of Passenger Rail New Entrants in Europe – ALLRAIL.",Belgium,1.375524,,,
V-Step Bvba,1375524.0,"Belgium, Flanders, Roeselare, 1 Zwaaikomstraat, 8800",https://www.linkedin.com/company/v-step-bvba,www.v-step.be,"V-Step is een West-Vlaamse onderneming geleid door 3 jonge ondernemers. De onderneming is actief binnen het personentransport en zet meer bepaald in op het gebruik van de elektrische step of e-step. De e-step is een nieuw concept op een bestaande basis. De e-step verschilt van zijn klassieke tegenhanger omdat deze elektrisch wordt aangedreven. Dit verhoogt de snelheid en het gebruiksgemak. Een volledig opgeladen exemplaar heeft een bereik van verschillende tientallen kilometers. De steps halen een topsnelheid van 18 tot 25 kilometer per uur.  V-Step richt zich op drie belangrijke pijlers met betrekking tot e-steps. De eerste pijler is het verkopen van e-steps en overige benodigdheden. Dit gebeurt via onze online winkel die te vinden is op www.v-step.be.  Onze tweede pijler bestaat uit de exploitatie van deelsteps onder de Troty merknaam. Deelsteps zijn elektrische steps die verspreid staan in een stad of een uitgestrekte site. Gebruikers kunnen via de Troty-app (te downloaden in de Apple store & Google Play store) de dichtste e-step terugvinden en ontgrendelen. Eens ontgrendeld kan de gebruiker rijden naar de gekozen locatie. Eens aangekomen kan de gebruiker uitloggen en de step veilig achterlaten. Het voordeel van dit concept is de flexibiliteit. Het achterlaten van de step is niet gebonden aan vaste locaties. Daarnaast is het snel, goedkoop en leuk om te gebruiken. De laatste pijler waar V-Step op inzet, is het aanbieden van B2B oplossingen. Deze oplossingen zetten in op het verhogen van efficiëntie, flexibiliteit en plezier bij het maken van verplaatsingen.",Belgium,1.375524,,,
Vzw Stoomtrein Dendermonde-Puurs,1375000.0,"Belgium, Flanders, Dendermonde, 118 Fabriekstraat, 9200",https://www.linkedin.com/company/vzw-stoomtrein-dendermonde-puurs,www.stoomtrein.be,De v.z.w. Stoomtrein Dendermonde-Puurs werd in 1977 opgericht met als doelstelling het instandhouden van historisch spoorwegmateriaal.  We proberen onze reizigers een beeld te geven van hoe een spoorbedrijf vroeger werkte. De vereniging huurt van de NMBS spoorlijn 52 Dendermonde-Puurs. Deze spoorlijn is 14 kilometer lang en kronkelt zich doorheen de prachtige natuur van het Scheldeland  en Klein-Brabant. Langs dit traject vindt u interessante bezienswaardigheden en pittoreske dorpjes  die te voet of met de fiets makkelijk te bereiken zijn.,Belgium,1.375,,,
Vlaamse Taxi Centrale - VTC Taxi,1348655.0,"Belgium, Flanders, Kuurne, 109 Brugsesteenweg, 8520",https://www.linkedin.com/company/vlaamse-taxi-centrale,vtctaxi.be,"🚖 Vlaamse Taxi Centrale (VTC) - Uw betrouwbare vervoerspartner Over ons: VTC is een professionele taxidienst die 24/7 operationeel is in Zuid-West-Vlaanderen, de Westhoek en Antwerpen. Met meer dan 35 jaar ervaring (oorspronkelijk Taxi Gilbert) zijn wij uitgegroeid tot een moderne, technologisch geavanceerde vervoersoplossing. Onze diensten: 🔹 Particuliere ritten - Directe boekingen en toekomstige ritten 🔹 Bedrijfsvervoer - Professionele oplossingen voor medewerkers en klanten 🔹 Luchthavenshuttles - Betrouwbaar transport naar alle grote luchthavens 🔹 Evenementenvervoer - Groepsvervoer voor organisatoren 🔹 24/7 dispatching - Persoonlijke service met real-time tracking Wat ons onderscheidt: ✅ Geavanceerde AI-technologie voor optimale rit-matching ✅ Netwerk van onafhankelijke chauffeurs en taxicentrales ✅ Meerdere boekingskanalen: telefoon, website, mobiele app ✅ Flexibele betalingsopties inclusief digitale betalingen ✅ Zakelijke portalen met kostenbeheer en facturering Innovatie & Technologie: Wij leiden de sector op vlak van ons ISO27001 hoogwaardige IT-systeem dat chauffeurs en passagiers intelligent verbindt. Onze AI-oplossingen verkorten wachttijden en optimaliseren routes. Missie: Efficiënte, moderne en gebruiksvriendelijke taxidiensten leveren voor een comfortabele en naadloze reiservaring. 📱 Boek nu: www.vtctaxi.be | +32 56 37 01 02 📍 Werkgebied: Zuid-West-Vlaanderen, de Westhoek en Antwerpen #VTC #TaxiKortrijk #Vervoer #Mobiliteit #ZuidWestVlaanderen --- Dit overzicht geeft een professioneel beeld van VTC en benadrukt jullie technologische voorsprong en uitgebreide dienstverlening. Wil je dat ik bepaalde onderdelen aanpas of uitbreid?",Belgium,1.348655,,,
Vervoersbedrijf PANS,1298105.0,Belgium,https://www.linkedin.com/company/vervoersbedrijf-pans,www.pans.be,"Vervoersbedrijf PANS richt zich op het leveren van transportdiensten en logistieke oplossingen aan zijn klanten. Met een focus op efficiëntie en klanttevredenheid biedt PANS een breed scala aan transportoplossingen, waaronder vrachtvervoer en logistiek management. PANS streeft ernaar om de verwachtingen van zijn klanten te overtreffen en een naadloze transportervaring te bieden.",Belgium,1.298105,,,
ADM Team Heavy Weight BV,1258668.0,"Belgium, Flanders, Westerlo, 1 Molenbergstraat, 2260",https://www.linkedin.com/company/adm-team-heavy-weight,www.thw-adm.be,"Welcome at ADM Team Heavy Weight transport ADM Team Heavy Weight, the transport company who makes all your exceptional logistic desires come true. We are situated in Geel (B), not even thirty kilometres from Antwerp, from here we can offer you road-, water- and rail transport and this as well abroad as in Belgium. Because we are positioned next to one of the biggest heavy transport routes of west-Europe this makes it possible to transport the largest loads right to its destination. We are also able to store your goods temporary in our depot in Geel. That’s why goods handling is also one of our strengths. The biggest load up to now was 72000mm x 8400mm x 8400mm en 800T, but also smaller loads we like to deliver for you. The primary activity of THW-ADM is to come up with a total logistic solution for all your problems. That’s why we are the number one partner in exceptional transport. For road transport we offer a decent and accurate service to a very competitive price. As well the requesting permissions as the escorting of exceptional transports is done by our own staff. Also if you are a college transport company we can offer you our supporting services, this can be the application of permits till the escorting of your transport. If you have a problem we will find you the solution, our motto still stands: “A good service for a fair price makes a satisfied customer”.",Belgium,1.258668,,,
IRQB - The International Rail Quality Board,1258668.0,"Belgium, Brussels Capital, Brussels, 221 Unife Avenue Louise, 1050",https://www.linkedin.com/company/irqb-the-international-rail-quality-board,www.irqb.org,"IRQB is a global consortium that brings together leading companies in rail operations, system integration and equipment manufacturing to foster a global culture of quality across the whole rail sector, notably by promoting the use of the IRIS Certification system worldwide to ensure high product quality.",Belgium,1.258668,,,
Kyoni Trans BVBA,1258668.0,"Belgium, Flanders, Roeselare, 75 Kaaistraat, 8800",https://www.linkedin.com/company/kyoni-trans-bvba,www.kyonitrans.be,"Kyoni Trans is een transportbedrijf met een vloot bestaande uit 18 Volvo trucks. gelegen in Roeselare, dichtbij de autosnelweg richting Frankrijk en Nederland. Kyoni Trans specialist in afvaltransport, beschikt over alle soorten afvalvergunningen in België, Nederland, Duitsland, Zweden, Denemarken..... We kunnen een totaalpakket aanbieden op vlak van transport.",Belgium,1.258668,,,
Rail Competence Center,1217542.0,"Belgium, Flanders, Antwerpen, 100 Rijnkaai, 2000",https://www.linkedin.com/company/railcompetencecenter,www.railcompetencecenter.be,Rail Competence Center offers training and certifications for the Belgian railway industry.,Belgium,1.217542,,,
Porthos Rail,1217542.0,"Belgium, Flanders, Antwerpen",https://www.linkedin.com/company/porthos-rail,www.porthosrail.com,"Porthos Rail seeks to develop rail concepts on an end-to-end basis, being involved in all phases, from conception to start-up and daily management.  The team of Porthos Rail consists of a team of professionals from diverse backgrounds, and knows the rail sector very well. We are all rail enthusiasts, and firmly believe that the potential of rail on the European continent remains massively underused today. We think the key to success in this sector lies in the development of realistic rail concepts that leverage the strengths of rail transportation. We keep an open mind on developments in the industry and believe in a mindset of continuous improvement and adoption of technology to drive efficiency gains.",Belgium,1.217542,,,
EIA European Intermodal Association,1217542.0,"Belgium, Brussels Capital, Brussels, 1000",https://www.linkedin.com/company/eia-european-intermodal-association,www.eia-ngo.com,"The aim of the European Intermodal Association is to promote sustainable intermodal mobility in Europe by creating innovative solutions, combining transportation of rail, road, waterway, air and sea transport. The EIA emphasizes an optimal use of each form of transport with better links between each other (""co-modality”). Its ""highest goal"" is the development of a sustainable transport system for an environmentally friendly and energy-efficient future. Therefore, this neutral organisation with more than 90 members is suitably qualified to discuss controversial subjects and to propose well balanced sustainable solutions in line with and to improve the EU transport policy. In this sense EIA offers its services to the EU Institutions and the industry in order to help shaping the appropriate measures. Ziel der EIA ist es, die dauerhafte intermodale Mobilität in Europa und darüber hinaus zu fördern, indem innovative Lösungen für Transporte per Bahn, Strasse, Wasserstrasse, Luft- und Seetransport kombiniert werden. Der EIA geht es also um eine optimale Nutzung jedes einzelnen Verkehrsträgers bei gleichzeitig besserer Verknüpfung untereinander (auch ""co-modality"" genannt). Das ""höhere Ziel"" ist die Entwicklung eines nachhaltigen Verkehrssystems für eine umwelt- und energieschonende Zukunft.",Belgium,1.217542,,,
Mootrans Transport,1217542.0,"Belgium, Flanders, Lebbeke",https://www.linkedin.com/company/mootrans-transport,www.mootrans.be,"Mootrans BVBA is een familiaal transportbedrijf gesitueerd te Lebbeke (in de driehoek Gent - Antwerpen - Brussel). Wij bieden onze klanten een totaalservice aan op het gebied van transport. Onze activiteiten beperken zich niet enkel tot het vervoer van uw goederen, maar wij denken ook resultaatgericht met u mee en dit binnen het meest voordelige budget. Wij bieden transport aan in gans Benelux en Noord-Frankrijk. Wij hebben ons over de jaren gespecialiseerd in het vervoer van bouwmaterialen, maar beperken ons niet alleen daartoe. Ook uitzonderlijk vervoer en transport van palletgoederen kunnen wij u aanreiken.",Belgium,1.217542,,,
Laerenbergh Koerierdienst,1217542.0,"Belgium, Flanders, Wommelgem, 235 Ternesselei, 2160",https://www.linkedin.com/company/laerenberghkoerierdienst,www.laerenbergh-koerier.be,Laerenbergh koerierdienst is een jong en dynamisch bedrijf dat zich wil toeleggen op zowel nationaal als internationaal transport. Voorlopig focussen we ons op het sneltransport. Wij halen uw pakket op en bezorgen het op de door U aangegeven locatie. Dit zowel in binnen- als buitenland. Onze bestelwagens zijn uitgerust voor een gewicht tot 499 KG. We kunnen zowel 1 als 2 europallets vervoeren. Neem zeker een kijkje op onze vernieuwde website!  Heeft u een mogelijke opdracht voor ons? Stuur dan snel een mailtje naar: info@laerenbergh-koerier.be en vraag uw offerte op maat aan! Of contacteer ons telefonisch op: +32(0)499 20 18 13,Belgium,1.217542,,,
OTO-PLUS Taxi,1217542.0,"Belgium, Flanders, Temse",https://www.linkedin.com/company/oto-plus,www.oto-plus.com,"OTO-PLUS brengt u veilig en zo snel mogelijk op plaats van bestemming.  Wij beschikken over een modern wagenpark, professionele -en vakbekwame chauffeurs. De service die u van ons kunt verwachten is dus zo goed als uitstekend. OTO-PLUS specialiseert zich in de volgende service; Taxivervoer, Zakelijk vervoer, Directievervoer, V.I.P-vervoer, Luchthaven vervoer.  Overtuig uzelf en boek vandaag nog telefonisch +32 (0)489- 427888, of via email : info@oto-plus.com",Belgium,1.217542,,,
BELGO MULTIMODAL BV,1217542.0,"Belgium, Flanders, Antwerpen, 127 Kasteeldreef, 2970",https://www.linkedin.com/company/belgo-multimodal-bv,www.belgomultimodal.com,"Lead Logistic Service Provider towards Central-Asia (Kazachstan - Uzbekistan - Tadjikistan - Kyrgystan - Turkmenistan ) and Russia specialized in Multimodal shipments using various modes of transport mainly Ocean- Rail - Truck Own contaienr equipment department offering flexible - compettive solutions. Part of CGLI network as a neutral handling agent in Belgium nd Central-Asia.   This innovative , hard working network guarantees we can offer the complete region from any part of the world David@belgomultimodal.com",Belgium,1.217542,,,
Stevensweert Marina,703230.0,"Belgium, Stevensweert, 3 In Het Broek, 6107",https://www.linkedin.com/company/stevensweert-marina,holland-marina.nl,"Holland Marina biedt u net dat beetje m&eacute;&eacute;r: Meer service, bijvoorbeeld bij het aanleggen van uw boot, meer privacy, door onze enkelboxen, en te allen tijde hoogwaardige kwaliteit van onze faciliteiten, onder andere op het gebied van sanitair. Hierdoor hoeft u zich tijdens een verblijf in een haven of op een strand van Holland Marina geen zorgen te maken over randvoorwaarden: Uw genot staat centraal; voor de rest zorgen wij.",Belgium,0.70323,,,
Gebr. Dobbelaere Transport,687762.0,"Belgium, Oostakker, 933 Antwerpse Steenweg, 9041",https://www.linkedin.com/company/gebr-dobbelaere-transport,dobbelaere-transport.be,"Door in te spelen op de noden van onze klanten, garanderen wij niet enkel een snelle service, maar ook een scherpe prijs. Wij zijn de klok rond beschikbaar. Wij bevinden ons vlak bij de R4 & de E17 in Gent, een ideaal uitgangspunt dus. Onze chauffeurs zijn allemaal goed opgeleid zodat uw zending veilig, goed en stipt afgeleverd wordt, zowel in binnen-en buitenland.",Belgium,0.687762,,,
SafeRide Solutions,687762.0,"Belgium, Flanders, Herzele, 149 Stationsstraat, 9550",https://www.linkedin.com/company/saferide-solutions,www.saferide-solutions.be,"Met het oog op verkeersveiligheid, zouden mensen zich vaker zouden moeten laten vervoeren. Het comfort van in je eigen auto rondgereden te worden zonder je iets van zorgen te hoeven te maken is enorm waardevol.  Wil je tijdens een restaurantbezoekje een glaasje wijn drinken? Ga je feesten en drink je graag een cocktail? Wil je onderweg verder werken? Wil je je geen zorgen moeten maken over parkeren? Kan of mag je tijdelijk niet rijden, maar heb je wel een auto? Maak gebruik van onze diensten om je veilig op je bestemming en weer thuis te brengen!",Belgium,0.687762,,,
EURO-SERVICES SA,687762.0,"Belgium, Wallonia, Aiseau-presles",https://www.linkedin.com/company/euro-services-sa,www.euro-services.be,"Depuis 1994, notre société est installée sur le domaine du Port Autonome de Charleroi (site de Pont-de-Loup) pour exploiter la multimodalité. La combinaison de plusieurs moyens de transports (eau-rail-route) est devenu notre facteur de développement. Transport, manutention, stockage. Nous offrons un panel de services complet à nos clients.  Une flotte de plus de 50 véhicules et une collaboration avec de nombreux sous-traitants nous permettent de répondre à toutes les demandes ! Disponibilité, flexibilité, qualité et surtout rapidité d’exécution sont les maîtres mots de notre activité de transport. Grâce à nos bennes, nous transportons des marchandises en vrac telles que dolomie, charbon, gravier, blé, chaux, engrais,… Nos plateaux sont principalement destinés au transport de sacs et de big bags que nous conditionnons pour les besoins de nos clients Nos porte-engins sont dédiés au transport d’engins lourds de manutention. Nos citernes nous permettent de transporter des pulvérulents (chaux, calcaire broyé etc.) Nous mettons à votre disposition une série d’engins de manutention s’intégrant parfaitement dans des infrastructures combinant plusieurs modes de transports (eau-rail-route) et destinées à la manutention professionnelle de marchandises en vrac.",Belgium,0.687762,,,
B2B Hamelendreef,687762.0,"Belgium, Flanders, Tienen",https://www.linkedin.com/company/b2bhamelendreef,www.b2bhamelendreef.com,"B2B Hamelendreef verleent al meer dan 20 jaar de gewenste logistieke ondersteuning aan bedrijven. Wij organiseren uw volledige logistiek van opslag tot transport. Dankzij deze jarenlange ervaring kan het volledige logistieke proces opgevolgd worden op maat van uw bedrijf. U kan opteren voor een van onze diensten of een combinatie ervan zodat u zich terug kan focussen op de core business van uw bedrijf. U kan terecht bij B2B Hamelendreef voor opslag, verpakking, documentenbeheer en het gebruik van kantoor- en werkruimtes.",Belgium,0.687762,,,
PLS NV,687762.0,Belgium,https://www.linkedin.com/company/pls-nv,plstransport.be,"PLS NV is a Belgian logistics company specialized in multimodal transport. With years of expertise and a strong network, we provide flexible and reliable solutions across road, ocean, rail and air freight. From Antwerp, we connect Belgium with the rest of Europe and the world, supporting industries such as steel, chemicals, FMCG and general cargo.",Belgium,0.687762,,,
CTD Taxi,687762.0,"Belgium, Flanders, Mechelen, 20t Schaliënhoevedreef, 2800",https://www.linkedin.com/company/ctd-taxi,comfortdrive-taxi.be,"CTD Taxi is een gerespecteerd taxibedrijf dat haar uitvalsbasis heeft in Mechelen, België. Het bedrijf heeft zich gespecialiseerd in diverse transportdiensten, waaronder regulier taxivervoer, luchthaventransfers, zakelijk transport en het transporteren van goederen. Voor verdere informatie of om een reservering te plaatsen, kunt u contact opnemen met CTD Taxi via het volgende telefoonnummer: +32 4 73 47 45 45, of per e-mail via info@comfortdrive-taxi.be.",Belgium,0.687762,,,
Ostende Vienne Orient Experience bv,674327.0,"Belgium, Flanders, Gent",https://www.linkedin.com/company/ostende-vienne-orient-experience-bvba,www.ovoe.be,"België heeft een rijk spoorwegverleden.  Reeds in 1835 werd de eerste spoorlijn geopend tussen Brussel en Mechelen, waarna het Belgische spoorwegnet in korte tijd snel uitgroeide tot zijn huidige grootte. De mogelijkheid om per trein snel grote afstanden af te leggen leidde al snel tot de eerste internationale treinverbindingen. Het is niet toevallig dat een Belgisch ondernemer en ingenieur - Georges Nagelmackers - in 1876 een bedrijf oprichtte met als specifieke doelstelling het comfort te verhogen op deze internationale verbindingen.  Hieruit ontstond de onderneming die wereldfaam heeft verworven onder de naam “La Compagnie Internationale des Wagons-Lits (CIWL) et des Grands Express Européens Van deze unieke spoorweghistorie is in België helaas niets noemenswaardigs bewaard gebleven.   Daarom hebben wij het initiatief genomen om een deel van dit roemrijke spoorverleden te doen herleven voor het grote publiek ! Het hoofddoel van O.V.O.E. bvba is het aanbieden van een belevenis, geïnspireerd op het reizen in een trein van grote allure uit de jaren '30.",Belgium,0.674327,,,
Antwerp Railhouse,629334.0,"Belgium, Flanders, Antwerpen, Muisbroeklaan, 2030",https://www.linkedin.com/company/antwerp-railhouse,www.antwerprailhouse.be,A JOINT VENTURE BETWEEN CONTI7  – ZUIDNATIE – EDMOND VAN DYCK & SONS ARH will operate as from February 2019 modern indoor rail facilities in the Port of Antwerp. INTERMODAL SOLUTIONS AVAILABLE Direct rail and barge shuttle to export deep sea container terminals. SUSTAINABLE MODE OF TRANSPORT TOTAL AREA: 30654 m² Warehouse 1  6300 m²      180 x 35 m  Equipped with overhead crane 40 t Warehouse 2  7920 m²      132 x 60 m  Container freight station,Belgium,0.629334,,,
Belgian Rail Freight Forum,629334.0,"Belgium, Brussels Capital, Brussels",https://www.linkedin.com/company/belgian-rail-freight-forum,www.railfreightforum.be,"The Belgian Rail Freight Forum #railfreightBE unites rail freight operators that are active in Belgium. The Forum has the ambition to double the volumes of freight transport by rail in Belgium and Europe. With a current transport model consisting of 75% road transport (74% in Belgium) and the predicted growth of the transport sector of 30% by 2030, a modal shift to rail freight is the better socio-economic solution to counter the transport sector’s negative impact mobility, climate and health.",Belgium,0.629334,,,
Y-Drive Chauffeured Services BV,629334.0,"Belgium, Hever, 91 Bieststraat, 3191",https://www.linkedin.com/company/y-drive-belgium,www.y-drive.be,"Y-Drive is een professionele chauffeurdienst met een klantgerichte en persoonlijke aanpak. Wij zijn gespecialiseerd in comfortabel, stijlvol en betaalbaar personenvervoer. Iedereen is welkom in onze wagens. Of u nu de CEO van een beursgenoteerd bedrijf bent, een bekende artiest of een particulier die zich op zijn huwelijksdag door een privéchauffeur wil laten vervoeren: bij ons bent u zeker van een flexibele oplossing op uw maat.",Belgium,0.629334,,,
Back On Track Belgium,629334.0,"Belgium, Brussels Capital, Forest, 27 Rue Timmermans, 1190",https://www.linkedin.com/company/back-on-track-belgium,www.backontrackbelgium.be,"Back on Track Belgium is the Belgian chapter of the European network Back-on-Track that supports European cross-border passenger train traffic and in particular the night trains. The Benelux, and in particular Brussels, has the opportunity to become again a night train hub linking the north with the south and the west with the east of Europe.  Our ambition is to become a citizen thinktank to enable this change. Our members come from different professional, technical and political backgrounds.",Belgium,0.629334,,,
DV Consultancy BV,623861.0,"Belgium, Flanders, Bornem, 25 Bovenstraat, 2880",https://www.linkedin.com/company/dv-consultancy-bv,www.dvc-veiligheidsadviseur.be,"DV Consultancy BV zal zich ontfermen over de veiligheid van uw goederen. Dit kan zowel als Veiligheidsadviseur ADR of als consultant voor interne optimalisatie van uw goederen in verband met veiligheid, opslag en inzameling.",Belgium,0.623861,,,
AERRL,623861.0,"Belgium, Brussels Capital, Brussels, 37 Square De Meeûs, 1000",https://www.linkedin.com/company/carole-coune-aerrl-eu,www.aerrl.eu,European Association of European Rail Rolling Stock Lessors,Belgium,0.623861,,,
P.L.FW,623861.0,"Belgium, Middelburg, Middelburgse Kerkstraat, 9992",https://www.linkedin.com/company/plfw,www.plfw.be,"P.L.FW, kort voor Pushing Logistics Forward!, is een logistiek dienstverlener voor alles aangaande warehouseing en logistieke IT-uitdagingen. We richten ons op KMO's die geconfronteerd worden met hun logistiek en dan in hoofdzaak wat zich in hun magazijn(en) afspeelt. Vaak is de software te complex, of te beperkt. Of niet afgestemd op de noden van de KMO.  Soms is het voor de zaakvoerder niet langer mogelijk om in een oogopslag het logistieke proces te overzien en moet hij/zij vertrouwen op wat er via het IT-systeem wordt aangeleverd. Wij kunnen dan zorgen voor een overzicht, een plan van aanpak en een opleiding van de mensen. We kunnen ondersteunen in de opmaak van rapportering, de juiste data verzamelen of simpelweg al eens de noden in kaart brengen. Contacteer ons zeker voor verdere vragen of informatie. Bert@plfw.be 0491 86 92 24",Belgium,0.623861,,,
GRIVE,521531.0,"Belgium, Scherpenheuvel, 11 Mannenberg, 3270",https://www.linkedin.com/company/spare-mobility,www.grive.be,"Bij GRIVE verenigen we het aanbod van stilstaande wagens met de nood om van plaats A naar plaats B te geraken als particulier of bedrijf zonder wagen. Met een scherp oog voor het gebruiksgemak van beide partijen, bieden we met GRIVE een platform aan om elkaar met gemak te vinden. Wat kan jij hier mee? De kosten drukken van een stilstaand wagenpark Creëren van extra opportuniteiten in verhuur naast je huidige activiteiten Administratief word je volledig ontlast   De cijfers van stilstaande wagens en de kosten die dit met zich meebrengen zijn mindblowing. Bij GRIVE zien we hier de opportuniteit om de kost om te zetten in extra omzet. Maar ook wanneer je (nog) niet actief bent in de automobiele sector, staan wij voor je klaar. Heb jij een locatie waar wij onze huurauto's ter beschikking kunnen stellen? Laat het ons dan ook zeker even weten.",Belgium,0.521531,,,
ESPO,5578028.0,"Belgium, Brussels Capital, Brussels, 6 Treurenberg, 1000",https://www.linkedin.com/company/european-sea-ports-organisation,www.espo.be,"The European Sea Ports Organisation was founded in 1993. It  represents the port authorities, port associations and port administrations of the seaports of the Member States of the European Union and Norway. ESPO has also observer members in several neighbouring countries to the EU. The European Union simply cannot function without its seaports. 90 % of Europe’s cargo trade in goods passes through the more than 1200 seaports existing in the 23 maritime Member States of the EU and more than 400 million passengers pass through Europe’s ports every year using ferry and cruise services. Without seaports, the European Union would not exist as an economic world power. Without seaports, there would be no internal market. ESPO ensures that seaports have a clear voice in the European Union. The organisation promotes the common interests of its members throughout Europe and is also engaged in dialogue with European stakeholders in the Port and Maritime sector. ESPO works through a permanent secretariat in Brussels, a General Assembly, an Executive Committee, and 8 specialised committees.",Belgium,5.578028,,,
Seaman Solutions,4075727.0,"Belgium, Sint-martens-latem, 8 Nevelse Warande, 9830",https://www.linkedin.com/company/seaman-solutions-by-migrabel,seaman-solutions.com,"Empowering Seafarers. Supporting Crew Managers. Ensuring Flag Compliance. Seaman Solutions is a digital platform that simplifies seafarer certification and training , offering fast, flag-approved services for Panama, Liberia, Malta, The Netherlands, and others as we continue expanding globally. We serve all sectors of the maritime industry, with tailored solutions for the cruise industry, oil & gas sector, commercial shipping, and superyachts. What We Offer: • All-in-One Platform – Manage seaman books, STCW courses, and maritime documents in one secure place • Flag-State Approved – Fast-track processing with full compliance for multiple registries • Digital STCW Training – Accredited online courses, accessible globally • Smart Payments & Tracking – Easy online payments and real-time application tracking • Crew Manager Benefits – Referral partnerships and tools to streamline compliance • Data Security, Encrypted, reliable systems protecting user and company data 💡 We’re building the future of maritime certification , making it faster, smarter, and more connected for crews and operators worldwide. Follow us for updates or message us to explore partnerships.",Belgium,4.075727,,,
ABL Worldwide Limousines,2022982.0,"Belgium, Brussels Capital, Brussels, Rue Du Reigersvliet, 1040",https://www.linkedin.com/company/abl-worldwide-limousines,www.abl-limousines.com,"ABL Worldwide Limousines is a Belgian company founded in 1975. We organize any type of transfer or roadshows, hourly services for individuals or groups, from and to airports or railway stations, cruise ships, hotels, business sites, offices and event sites. Incentive planners will find in ABL Worldwide Limousines all solutions to complete their destination management needs. Our worldwide client data-base includes independent private passengers, major international corporations, high net worth families, five star hotels, Travel Agencies and Embassies who continually use our services. * Worldwide Airport Transfers * Point to Point * Hourly Services * Financial Roadshows * Official Delegations * Sightseeing Reservations and Quotations: https://abl-limousines.hudsonltd.net/res",Belgium,2.022982,,,
H-way,1258668.0,Belgium,https://www.linkedin.com/company/h-way,www.h-way.be,Wens je je paard op een comfortabele manier te vervoeren en heb je geen vervoer...   Huur bij ons een paardentransporter rijbewijs B! - Fiat ducato 120pk - Airco - Cruise control - Camera systeem (camera paarden + achteruitrijcamera) - Trekhaak - Laadvermogen 1200kg - FAVV vergunning TYPE 2,Belgium,1.258668,,,
