Name,Revenue,HQ Location,LinkedIn URL,Website,Company description,Country,Revenue_M,Main Broker,Main Insurer,Hubspot
ECT Rotterdam,3202996893.0,"Netherlands, South Holland, Rotterdam",https://www.linkedin.com/company/ect,www.ect.nl,"Hutchison Ports ECT Rotterdam is one of the leading and most advanced container terminal operator in Europe. The company handles a majority of the containers at the port of Rotterdam. ECT operates two terminals to this extent: the Hutchison Ports ECT Delta and the Hutchison Ports ECT Euromax at the Maasvlakte (directly on the North Sea).   European Gateway Services is a part of ECT Rotterdam, and offers its clients an extended network of inland terminals and extended gates that are connected to the deepsea terminals in Rotterdam through high-frequency rail and inland shipping services. Extra services are added to these efficient connections, especially in the area of customs clearance.",Netherlands,3202.996893,,,
Hanzevast,2741439400.0,"Netherlands, Groningen, Groningen",https://www.linkedin.com/company/hanzevast,www.hanzevast.nl,"Hanzevast is een toonaangevende speler in de scheepvaartsector, actief sinds 1999, met een focus op het faciliteren van internationale handel over zee via haar wereldwijd opererende rederij, Hanzevast Shipping. Het bedrijf biedt een breed scala aan diensten, waaronder de inkoop, exploitatie en verkoop van schepen, en het commercieel, operationeel en technisch beheer van schepen in haar scheepsfondsen. Hanzevast heeft meer dan 25 jaar ervaring in het beheren van investeringsfondsen, met een indrukwekkend totaal van € 3,4 miljard aan vastgoedfondsen en € 600 miljoen in scheepvaartfondsen. De missie van Hanzevast is om integriteit, transparantie en klanttevredenheid te waarborgen, terwijl het zich richt op duurzame investeringen en het creëren van waarde voor haar klanten. De klanten van Hanzevast omvatten zowel particuliere als institutionele beleggers die op zoek zijn naar stabiele rendementen in de scheepvaart- en vastgoedmarkten.",Netherlands,2741.4394,,,
Nederlandse Spoorwegen,2557910340.0,"Netherlands, North Brabant, Uden",https://www.linkedin.com/company/nederlandsespoorwegen,www.werkenbijns.nl,"NS is de Nederlandse spoorwegmaatschappij die zich richt op het aanbieden van betrouwbare en comfortabele treinreizen voor zowel binnenlandse als internationale reizigers. De missie van NS is om het openbaar vervoer toegankelijk en aantrekkelijk te maken, met een sterke focus op klanttevredenheid en duurzaamheid. Het bedrijf streeft ernaar om een veilige en schone reiservaring te bieden, hoewel er in de afgelopen jaren kritiek is geuit op de netheid en onderhoud van de treinen. NS bedient een breed scala aan klanten, waaronder dagelijkse forenzen, toeristen en zakelijke reizigers, en werkt samen met verschillende partners in de vervoerssector om een geïntegreerd mobiliteitsaanbod te creëren. De focus ligt op het verbeteren van de dienstverlening en het verhogen van de klanttevredenheid, terwijl het bedrijf ook rekening houdt met de financiële uitdagingen en beleidskeuzes die de spoorsector beïnvloeden.",Netherlands,2557.91034,,,
Arriva Nederland,2324960048.0,"Netherlands, Friesland, Heerenveen",https://www.linkedin.com/company/arriva-nederland,werkenbij.arriva.nl,"Arriva Nederland is een toonaangevende speler in de openbaarvervoersector, die zich richt op het bieden van duurzaam en innovatief vervoer. Met een sterke focus op de ontwikkeling van talent, biedt het bedrijf diverse stage- en afstudeermogelijkheden aan studenten van verschillende opleidingen, waarbij persoonlijke begeleiding en een leertraject centraal staan. Arriva streeft ernaar om een positieve impact te maken op de samenleving door maatschappelijk verantwoord te ondernemen, met initiatieven die kansen bieden aan mensen met een afstand tot de arbeidsmarkt. Het bedrijf werkt samen met verschillende partners en organisaties om zijn doelen te bereiken, waaronder het verminderen van CO2-uitstoot en het verbeteren van de duurzaamheid van zijn operaties. Arriva's missie is om een groen hart te hebben en bij te dragen aan een betere wereld, wat ook weerspiegeld wordt in hun hoge scores op de CO2- en MVO-prestatieladders.",Netherlands,2324.960048,,,
Connexxion,1954932586.0,"Netherlands, North Holland, Hilversum",https://www.linkedin.com/company/connexxion,www.connexxion.nl,"Connexxion wil de beste keuze zijn op het gebied van regionaal personenvervoer in Nederland.  Met zorg brengen wij mensen op hun bestemming met toegankelijk, duurzaam en veilig vervoer! Wij willen mobiliteit voor iedereen toegankelijk en beschikbaar houden. Want wij geloven dat mobiliteit essentieel is in ieders leven. Het verbindt je met de wereld om je heen en geeft je de vrijheid om te gaan en staan waar je wilt. Met onze innovatieve diensten bieden wij comfort en gemak afgestemd op individuele behoeften.  Binnen Connexxion leveren wij de volgende diensten: •	Connexxion Openbaar Vervoer verzorgt dagelijks het vervoer per bus in diverse regio’s en per trein over vier regionale lijnen.  •	Connexxion Taxi verzorgt, verspreid over heel Nederland, het taxivervoer voor speciale doelgroepen, zoals leerlingen in het bijzonder onderwijs en gebruikers van het wmo-vervoer. Ook Schiphol Taxi en business taxi zijn diensten die Connexxion Taxi levert. Connexxion maakt, samen met Witte Kruis, onderdeel uit van Transdev. Transdev is een wereldwijde speler op het gebied van personenvervoer en zorg.",Netherlands,1954.932586,,,
Keolis Nederland,833294330.0,"Netherlands, Overijssel, Deventer",https://www.linkedin.com/company/keolisnederland,www.keolis.nl,"Keolis Nederland verzorgt openbaar vervoer in Almere, Utrecht en op de treintrajecten Amersfoort - Ede-Wageningen, Zwolle - Enschede en Zwolle - Kampen. Dat doen we met ongeveer 1100 medewerkers, 250 bussen en 23 treinen. Onze klanten zijn onze gasten. We brengen hen graag ontspannen en veilig naar hun bestemming. Onze ambitie is om (on)gewoon goed te zijn. In het bieden van een veilige reis, up-to-date informatie en een chauffeur die optreedt als perfecte gastheer of gastvrouw. Daarnaast investeert Keolis in goed werkgeverschap (PSO trede 2, certificaat Gender Equality). Keolis hecht grote waarde aan integriteit, veiligheid en duurzaamheid. In Gelderland en Overijssel lanceerden we de grootste e-vloot van Europa in één keer. Keolis Nederland is een 100% dochteronderneming van de wereldwijde opererende mobiliteitsonderneming Keolis. Ieder jaar vervoeren we met 68.000 medewerkers bijna 3,5 miljard reizigers in 13 landen.  Feiten en cijfers  Hoofdkantoor: Deventer. Vestigingen: Almere Buiten, Almere Haven, Amersfoort, Bunnik, Ede, Enschede, Hengelo, Mijdrecht, Montfoort, Zwolle. Medewerkers: 1100  Bussen: 450  Treinen: 23  Spoor: 115 km  Reizigers (2023): 44 miljoen",Netherlands,833.29433,,,
NS International,709322683.0,"Netherlands, North Holland, Amsterdam",https://www.linkedin.com/company/nsinternational,www.nsinternational.com,"NS International is a leading provider of international train travel services, connecting travelers from the Netherlands to various European destinations, including Belgium, France, Germany, and beyond. The company aims to make train travel easy, comfortable, and sustainable, offering a range of services such as online ticket booking, customer support, and travel information. With a focus on enhancing the travel experience, NS International partners with various rail operators, including Eurostar, TGV, and Intercity, to provide seamless connections and a variety of travel options. Its target market includes leisure travelers, families, and business professionals seeking efficient and eco-friendly transportation solutions across Europe. By prioritizing customer satisfaction and accessibility, NS International strives to be the preferred choice for international rail travel.",Netherlands,709.322683,,,
RET,572299300.0,"Netherlands, South Holland, Rotterdam",https://www.linkedin.com/company/ret,www.werkenbijderet.nl,"Public Transport Company in the region of Rotterdam. RET offers metro, light rail, tram, bus and ferry services in the Rotterdam metropolitan area. Over 600.000 passengers on a daily base. RET is responsible for operation as well as maintaining infrastructure.",Netherlands,572.2993,,,
AutoAfleveren.nl,461969865.0,"Netherlands, Overijssel, Holten, Dorpsstraat, 7451bv",https://www.linkedin.com/company/autoafleveren-nl,www.autoafleveren.nl,"Wegens het gebrek aan aandacht bij het afleveren van een (nieuwe) auto, is AutoAfleveren.nl in het leven geroepen. Middels de aanwezige kennis en ervaring in de automotive die deze ondernemers en medewerkers hebben, is AutoAfleveren.nl gericht op zowel het vervoeren van de auto richting de nieuwe berijder en/of klant, als ook de totale aflevering die daarbij hoort. Waar menig bedrijf zich enkel richt op het transporteren van de (nieuwe) auto, richt AutoAfleveren.nl zich op het totaalplaatje. Wij verzorgen het transport van A naar B en geven vervolgens een gedegen instructie over de auto. Wij vormen hét visitekaartje van uw bedrijf bij zowel het transport en de aflevering van de (nieuwe) auto. Bent u benieuwd wat wij voor u kunnen betekenen? Vraag dan vrijblijvend informatie op en wij vertellen u graag waarom u gebruik kunt maken van de kwalitatief hoogwaardige diensten van AutoAfleveren.nl.",Netherlands,461.969865,,,
Bakker Logistiek Groep,449139004.0,"Netherlands, Flevoland, Zeewolde",https://www.linkedin.com/company/bakker-logistiek-groep,www.bakker-logistiek.nl,De Bakker Logistiek Groep is een onderdeel van de ruim 100 jaar jonge Bakker Groep. Naast logistiek houdt de Bakker Groep zich bezig met bedrijfswagens en vastgoed. Met 4 vestigingen in midden Nederland is 'bedrijfswagens' één van de grotere dealers van het merk DAF. De Bakker Logistiek Groep is een prominente speler op de markt van gespecialiseerde logistieke dienstverlening. De omzet van circa 150 miljoen Euro wordt gerealiseerd met ruim 1200 personeelsleden. De Bakker Groep bestaat uit: Bakker Transport Bakker Logistiek Bakker Bedrijfswagens Becker Logistiek Broersma Logistiek Huybregts Logistiek,Netherlands,449.139004,,,
HTM Personenvervoer N.V.,408337070.0,"Netherlands, South Holland, The Hague",https://www.linkedin.com/company/htm,www.htm.nl,"HTM Personenvervoer N.V. is the public transportation company serving the Hague region, operating a fleet of trams, light rail vehicles, and buses since 1864. With a commitment to sustainability and economic growth, HTM transports over 300,000 passengers daily across its extensive network, which includes 115 buses, 212 trams, and the unique Randstadrail light rail system. The company aims to provide safe, comfortable, and environmentally friendly transportation options, including low-emission natural gas and electric buses. HTM caters to a diverse clientele, including daily commuters, tourists, and event attendees, offering tailored services such as the HTM Congreskaart for conferences and events. With a focus on enhancing mobility in the region, HTM plays a vital role in connecting communities from Wateringen to Scheveningen and beyond.",Netherlands,408.33707,,,
Simon Loos,394632587.0,"Netherlands, Wognum, 2 1687 Tender",https://www.linkedin.com/company/simon-loos,www.simonloos.nl,"Simon Loos is een toonaangevende logistieke dienstverlener in Europa, die zich richt op het trainen van chauffeurs door middel van innovatieve leermethoden zoals de pilot 'Learning on the Job'. Deze unieke aanpak stelt chauffeurs in staat om hun code 95-opleiding te volgen tijdens reguliere werkuren, waardoor ze praktische vaardigheden kunnen ontwikkelen zonder extra tijd te verliezen. Het bedrijf bedient een breed scala aan klanten, waaronder supermarktketens zoals Albert Heijn en Lidl, en richt zich op zowel ervaren als onervaren chauffeurs die behoefte hebben aan extra ondersteuning en training. Simon Loos streeft ernaar om de kwaliteit van de chauffeursopleiding te verbeteren en tegelijkertijd de operationele efficiëntie te waarborgen, met als doel een betrouwbare en duurzame logistieke oplossing te bieden.",Netherlands,394.632587,,,
Noot Personenvervoer,375523773.0,"Netherlands, Gelderland, Ede",https://www.linkedin.com/company/noot-personenvervoer,www.noot.nl,"Noot Personenvervoer behoort tot de grotere personenvervoerders in Nederland. Gevestigd in Ede heeft Noot zich gespecialiseerd in groepsvervoer en rolstoelvervoer. Dagelijks komt u ons tegen in Gelderland, Utrecht, Zeeland, Noord Holland en Zuid Holland met kinderen, ouderen en mensen met een beperking. Op weg naar scholen, de dagbesteding, een zorginstelling of elders; de voertuigen van Noot herkennen zich snel. Verder hebben wij een uitgebreid en gevarieerd aanbod op het gebied van bus-, auto- en touringcarverhuur. Tevens verzorgen we touringcarreizen, dagtochten, schoolreisjes en bedrijfsvervoer.  Bij Noot Personenvervoer hechten we bovendien grote waarde aan een goede relatie met onze medewerkers. Zo hebben we ons eigen opleidingscentrum waar we investeren in top kandidaten, bieden we verschillende relevante trainingen aan en genieten onze medewerkers van een plezierige, collegiale werkomgeving.  Oftewel, Noot voor al uw personenvervoer en autoverhuur. Voor meer informatie nodigen we u uit onze website te bezoeken of contact op te nemen met het algemene nummer: 0318 - 623 500.",Netherlands,375.523773,,,
Traffic Service Nederland,282549000.0,"Netherlands, North Brabant, Oss",https://www.linkedin.com/company/traffic-service-nederland,www.tsned.nl,"Traffic Service Nederland (TSNed) is een toonaangevend bedrijf dat zich richt op het verbeteren van verkeersveiligheid, doorstroming en bereikbaarheid in Nederland. Met meer dan driehonderd medewerkers verspreid over tien vestigingen, biedt TSNed een breed scala aan diensten en producten voor zowel tijdelijke als permanente verkeerssituaties. De missie van het bedrijf is om ervoor te zorgen dat iedereen veilig onderweg is en aan het eind van de dag weer veilig thuiskomt. TSNed werkt samen met diverse overheden en aannemers, en richt zich op een dynamische markt waarin veiligheid en efficiëntie voorop staan. De organisatie staat bekend om zijn hands-on mentaliteit en no-nonsense aanpak, waarbij teamwork en persoonlijke ontwikkeling centraal staan.",Netherlands,282.549,,,
Vervoerregio Amsterdam,279455333.0,"Netherlands, North Holland, Amsterdam",https://www.linkedin.com/company/vervoerregio-amsterdam,www.vervoerregio.nl,"Vanaf 1 januari 2017 gaat de Stadsregio Amsterdam verder als Vervoerregio Amsterdam. Met deze nieuwe organisatie blijven de vijftien gemeenten zich inzetten voor een optimale bereikbaarheid van de Amsterdamse regio. De Vervoerregio Amsterdam draagt bij aan goede verbindingen tussen bestemmingen binnen de Amsterdamse regio, zodat mensen zich per openbaar vervoer, fiets of auto snel, veilig en comfortabel kunnen verplaatsen. Daarvoor bundelen de vijftien gemeenten hun kennis en bestuurlijke kracht. De gemeenten Aalsmeer, Amstelveen, Amsterdam, Beemster, Diemen, Edam-Volendam, Haarlemmermeer, Landsmeer, Oostzaan, Ouder-Amstel, Purmerend, Uithoorn, Waterland, Wormerland en Zaanstad vormen samen de Vervoerregio Amsterdam.",Netherlands,279.455333,,,
Tielbeke Logistiek,269891953.0,"Netherlands, Overijssel, Lemelerveld, 17 Handelsweg, 8152",https://www.linkedin.com/company/tielbeke-logistiek,www.tielbeke.nl,"Primair heeft Tielbeke drie typen logistieke dienstverlening: Transport, Distributie en Warehousing. De synergie tussen de drie typen dienstverlening maakt het mogelijk een totaalpakket aan hoogwaardige logistieke dienstverlening aan te bieden en creëert een sterke mate van flexibiliteit richting onze opdrachtgevers. In een veranderende wereld waarbij alles steeds meer met elkaar in verbinding staat en mensen 24/7 bereikbaar zijn, zal ook de behoefte om te consumeren het komende decennium blijven groeien. De logistiek vervult hierin een cruciale rol bij het voorzien van de consumentenbehoefte over de hele wereld. Gezien de maatschappelijke uitdagingen aangaande mens en milieu, de snelheid waarmee innovaties en vernieuwingen worden geïntroduceerd en de constante druk om te voorzien in efficiëntere en duurzamere logistieke oplossingen maakt Tielbeke op dit snijvlak hét verschil. Tielbeke heeft zich gehuisvest in Lemelerveld en Zwolle en heeft extra standplaatsen in Zwolle, Heerenveen en Heteren. Binnen de organisatie werken ongeveer 420 medewerkers. De cultuur van de organisatie kenmerkt zich door een hoge mate van betrokkenheid, flexibiliteit en gedrevenheid. We willen ons werk naar maximale tevredenheid van de klant uitvoeren en daarbij het beste uit onze mensen, middelen en innovaties halen om nu en in de toekomst efficiënte en duurzame logistieke oplossingen te bieden.",Netherlands,269.891953,,,
Eurailscout,256664822.0,"Netherlands, Utrecht, Amersfoort",https://www.linkedin.com/company/eurailscout,www.eurailscout.com,"We use modern measurement and inspection trains and handheld equipment to carry out measurements and analyses on the track, working on behalf of infrastructure managers in a wide range of countries. Our customer located in the Netherlands, Denmark, Germany and France, as well as in many other European countries.",Netherlands,256.664822,,,
Reining Transport,167479137.0,"Netherlands, Groningen, Kolham, 2 H. Fordlaan, 9615",https://www.linkedin.com/company/reining-transport-b-v-,www.reining.eu,Reining is een complete logistieke dienstverlener gespecialiseerd in Volumevervoer en Warehousing. Wij zijn continu op zoek naar optimale oplossingen voor logistieke vraagstukken. Door onze schaalgrootte en professionaliteit kunnen we de gehele logistiek voor een klant uitvoeren. Daarbij denken we niet in standaardoplossingen. Reining verplaatst zich in uw situatie en denkt voortdurend met u mee om tot de juiste aanpak te komen van uw vraagstuk. Een belangrijk motto van onze dienstverlening is leveringsbetrouwbaarheid. Wij kunnen dat garanderen door de vastlegging en voortdurende toetsing van gemaakte afspraken en werkprocessen. Wij zijn een innovatief bedrijf en zijn ons goed bewust van de hedendaagse milieuproblematiek. Maatschappelijk verantwoord ondernemen staat bij ons dan ook centraal in de bedrijfsvoering. Reining in cijfers  - 375 FTE  - 330 trucks  - 100.000 transport orders  - Warehouse: 100.000 m²  - 4 Europese vestigingen,Netherlands,167.479137,,,
Riksja Travel,164116050.0,"Netherlands, South Holland, Leiden",https://www.linkedin.com/company/riksja-travel,www.riksjatravel.nl,"Riksja Travel is een reisorganisatie die zich al meer dan 20 jaar richt op het aanbieden van individuele reizen naar meer dan 70 bestemmingen wereldwijd. Met een sterke focus op verantwoord reizen, stelt het bedrijf unieke reisroutes samen die zijn ontworpen om reizigers een authentieke ervaring te bieden, weg van de massa. Klanten kunnen hun eigen reis plannen met handpicked accommodaties en activiteiten, waarbij lokale ondernemers worden ondersteund. Riksja Travel is trots op zijn team van 120 bestemmingsexperts, die hun persoonlijke reiservaringen delen om reizigers te helpen bij het creëren van hun ideale avontuur. De organisatie streeft ernaar om de wereld een beetje mooier te maken door samen te werken met lokale partners die de cultuur en natuur van hun land respecteren en bevorderen.",Netherlands,164.11605,,,
De Jong Intra Vakanties,140670900.0,"Netherlands, South Holland, Ridderkerk",https://www.linkedin.com/company/de-jong-intra-vakanties,www.dejongintra.nl,"De Jong Intra Vakanties is een toonaangevende reisorganisatie die zich richt op het aanbieden van unieke en op maat gemaakte vakanties, met een sterke focus op de Verenigde Staten. Het bedrijf heeft als missie om reizigers te inspireren en te ondersteunen bij het plannen van hun ideale vakantie, waarbij ze praktische informatie en tips verstrekken om de reis zo soepel mogelijk te laten verlopen. De Jong Intra Vakanties streeft ernaar om reizigers een onvergetelijke ervaring te bieden door middel van zorgvuldig samengestelde rondreizen en vakantiepakketten, waarbij zowel de natuurlijke schoonheid als de culturele diversiteit van de bestemmingen worden belicht.  Het bedrijf bedient een breed scala aan klanten, van gezinnen tot avontuurlijke reizigers, en richt zich voornamelijk op de Nederlandse markt. De Jong Intra Vakanties werkt samen met diverse partners in de reisindustrie om een uitgebreid aanbod van bestemmingen en thema's te bieden, wat bijdraagt aan de kwaliteit en klanttevredenheid. Met een sterke nadruk op het creëren van authentieke ervaringen en een zorgeloze vakantie, overtreft het bedrijf de verwachtingen van haar klanten door hen te voorzien van gedetailleerde informatie en persoonlijke service. De Jong Intra Vakanties is daarmee een betrouwbare keuze voor reizigers die op zoek zijn naar unieke en onvergetelijke vakanties naar de Verenigde Staten.",Netherlands,140.6709,,,
Van Rooijen Logistiek,135173556.0,"Netherlands, North Brabant, Eindhoven",https://www.linkedin.com/company/van-rooijen-logistiek,www.vanrooijen.nl,"Vanuit onze vestigingen in Eindhoven (NL) en Turnhout (B) bedienen wij onzen opdrachtgevers. Ons werkgebied is voornamelijk de Benelux en Duitsland in de sectoren Fast Moving Consumer Goods, zoals food en zoetwaren, personal care products, consumer electronics, farmaceutische, medische producten (GDP), cosmetica, displays, textiel etc.  Door de mogelijkheid van opslag, warehousing (125.000m2)  en transport vanaf 1 kilogram tot volle vrachten, kunnen wij onze klanten bedienen volgens het one-stop shopping principe. We realiseren dit met ca. 600 Van Rooijen medewerkers en 240 eigen trekkende eenheden in een continue dienst. Van Rooijen beschikt op haar terrein over de Rail Terminal Eindhoven welke opgericht is in 2001 en een dagelijkse verbinding heeft met de Rotterdamse haven (ECT Maasvlakte en Hanno-Uniport). Op de terminal worden uw containers gelost en verder verwerkt.",Netherlands,135.173556,,,
Greenwheels,134523730.0,"Netherlands, South Holland, Rotterdam",https://www.linkedin.com/company/greenwheels-international,www.greenwheels.nl,"Our history and purpose In 1995 Greenwheels started car sharing service in The Netherlands with the ambition to make streets more liveable by reducing stationary cars on the street and improve the efficiency of car usage. A recent study (vananaare.nl) shows that every new Greenwheels member takes 14 cars off the street and every Greenwheels car is being shared by approximately 30 active drivers.  Our locations A lot of people and businesses have joined our platform. Nowadays they share almost 2.800 cars in The Netherlands, making us the #1 car sharing company here.  Customers We serve private customers across The Netherlands. We also provide car sharing services to businesses and organisations, which a portfolio containing freelancers, SME's and a few of the biggest corporations in the Netherlands. There's the option to make use of our public fleet (cars on the streets), as well as their 'own' cars that can be shared amongst company employees only. Our partners We work together with other mobility partners, including NS, Mobiliteitsfabriek, and Shuttel. Their mobility services include the offering of Greenwheels. With NS we provide door to door services that can include train, OV bikes and Greenwheels cars. How it works Our app can be used to register an account and to book and open a car. Registering and booking is also possible via our website.",Netherlands,134.52373,,,
HEBO,130641879.0,"Netherlands, South, 1 Pastoriestraat, 3195",https://www.linkedin.com/company/hebo-maritiemservice,www.hebo.eu,"DIT IS HEBO MARITIEMSERVICE... HEBO is een Maritieme dienstverlener in de breedste zin van het woord. Dagelijks houden onze teams zich bezig met olie- en calamiteitenbestrijding, transporten, hijswerkzaamheden, bergingen en een scala aan ondersteunende diensten op en rondom het water. En dat zowel in binnen- als buitenland.  Onze sterke punten: ✔ Specialistisch equipment voor élke taak ✔ 24/7 bereikbaar ✔ Sterke focus op risicobeheersing We zijn altijd op zoek naar de meest veilige, efficiënte en aantrekkelijke oplossingen voor onze klanten. Kwaliteit, veiligheid en duurzaamheid staan bij ons centraal.  ----------------------------------------------------------------------------- DIT MAAKT ONS ZO'N INTERESSANTE WERKGEVER: Ben je op zoek naar een veelzijdige baan, waarin je de kans krijgt om te groeien? Hou je van afwisseling en een no-nonsense werkcultuur? Hou dan onze LinkedIn pagina goed in de gaten en blijf op de hoogte van de nieuwste vacatures! Daarom is HEBO zo'n leuke werkgever: ✔ Veel variatie in je werk, geen dag is hetzelfde ✔ Een gezond en betrouwbaar bedrijf ✔ Volop kans voor persoonlijke groei en ontwikkeling Meer weten over HEBO? ↠ Ga naar www.hebo.eu of mail naar info@hebo.eu",Netherlands,130.641879,,,
Toyota Material Handling Nederland,129014353.0,"Netherlands, Gelderland, Ede",https://www.linkedin.com/company/toyota-material-handling-nederland,www.toyota-forklifts.nl,"Toyota Material Handling Nederland is een toonaangevende leverancier van heftrucks en logistieke oplossingen, gericht op het verbeteren van veiligheid en efficiëntie binnen magazijnactiviteiten. Het bedrijf heeft recent een strategische samenwerking aangekondigd met de Belgische startup BlooLoc, die een geavanceerd Real Time Location System (RTLS) heeft ontwikkeld, wat bijdraagt aan de optimalisatie van processen en de veiligheid van werknemers. Met een sterke focus op continue verbetering, zoals weerspiegeld in hun toepassing van het Kaizen-principe, streeft Toyota Material Handling naar duurzame bedrijfsvoering en heeft het een Gouden medaille van EcoVadis ontvangen voor zijn inspanningen op het gebied van milieu en ethiek. Hun klantenbestand omvat een breed scala aan bedrijven die afhankelijk zijn van efficiënte en veilige logistieke oplossingen, en het bedrijf richt zich op het bieden van innovatieve technologieën die de productiviteit van truckvloten verbeteren. Toyota Material Handling Nederland is vastbesloten om zijn klanten te ondersteunen met hoogwaardige producten en diensten, terwijl het zich inzet voor een duurzame toekomst.",Netherlands,129.014353,,,
Taxi Dorenbos,123052352.0,"Netherlands, Drenthe, Assen",https://www.linkedin.com/company/taxi-dorenbos,dorenbosbv.nl,"Taxi Dorenbos, gevestigd in Norg, is een veelzijdig mobiliteitsbedrijf dat zich richt op het bieden van hoogwaardige transportdiensten, waaronder taxi- en touringcarverhuur, Schiphol vervoer, en schade- en bergingsdiensten door heel Nederland. Met een sterke focus op klanttevredenheid en een service met een glimlach, streeft Dorenbos ernaar om de koning van de klant te zijn in alles wat met mobiliteit te maken heeft. Het bedrijf werkt samen met diverse partners, waaronder BOVAG garages en Total tankstations, en bedient een breed scala aan klanten in de regio Drenthe en Groningen. Dorenbos B.V. is toegewijd aan het waarborgen van privacy en gegevensbeveiliging, en biedt transparante communicatie over de verwerking van persoonsgegevens. Met een missie om mobiliteit toegankelijk en betrouwbaar te maken, blijft Taxi Dorenbos zich inzetten voor het verbeteren van hun diensten en het voldoen aan de behoeften van hun klanten.",Netherlands,123.052352,,,
Easytrip Transport Services,119754171.0,"Netherlands, South Holland, Dordrecht, 122 Jacobus Lipsweg, 3316",https://www.linkedin.com/company/easytrip-hgv-services,easytrip-transport-services.com,"Keeping your fleet moving smoothly, across borders and through every step of the journey - that's our promise. Easytrip Transport Services, a member of 360PAY group, is an expert in delivering mobility services. As a one-stop-shop we facilitate your day-to-day journeys, providing convenience, choice and competitive pricing on a broad range of services:  -	Toll payment: Enhance your travel experience with our flexible Toll solutions designed to optimize your journeys across Europe. Benefit from extensive range of local and interoperable devices covering 29 countries. -	Parking payment:   Pay for secure parking facilities across Europe, ensuring the tranquility of your drivers and the safety of their loads with the convenience of our Toll Boxes.  -	Ferry – Train- Tunnels Bookings: Benefit from exclusive 24/7 online portal to simplify your connections between Road, Train, and Sea transports. Book across 700 lines and all Alpine Tunnels with just few clicks!  -	VAT and Excise refunds: Get your VAT & Excise Duty refunded quickly and easily! Let Easytrip team of more than 50 Experts handle the VAT paperwork for you in over 30 countries and Excise refund in 7 countries.  -	Telematics: Maximize your profitability with our Telematics solutions tailored to your fleet management needs. -	Posted Drivers support: Get your certificate for all your cabotage and cross-trade journeys in Europe and be compliant with the European Mobility Package. -	Fuel Cards: Fuel up at more than 29.000 gas stations in 36 European countries. With a wealth of over 35 years of broad knowledge and presence in the International Transports sector, we help you manage your operations with ease from mobility to financial services. With 17 local teams through Europe, serving over 16 000 customers, we have a dynamic and multilingual team constantly striving to provide you with the best service. Our aim is to exclusively treat each client to always deliver the right tailored solutions.",Netherlands,119.754171,,,
TheTravelClubNederland,115168122.0,"Netherlands, Gelderland, Culemborg",https://www.linkedin.com/company/717640,www.thetravelclub.nl,"TheTravelClubNederland is a pioneering travel agency dedicated to promoting sustainable tourism by crafting unique travel experiences that respect people, nature, and culture. The company's mission is to minimize the ecological footprint of travel while maximizing the positive impact on destinations, ensuring that future generations can enjoy the beauty of the world. Catering to environmentally conscious travelers, TheTravelClubNederland offers personalized travel advice and alternatives that reduce carbon emissions, such as train travel and eco-friendly accommodations. The agency collaborates with local communities and suppliers to foster responsible tourism practices, focusing on biodiversity, cultural preservation, and local economic support. By encouraging travelers to make informed choices, TheTravelClubNederland aims to create memorable journeys that contribute positively to both the traveler and the visited locations.",Netherlands,115.168122,,,
Trigion Traffic Support,103648940.0,"Netherlands, Overijssel, Zwolle",https://www.linkedin.com/company/trigiontrafficsupport,safetygroup.nl,"Trigion Traffic Support is een toonaangevend bedrijf dat professionele verkeersbegeleiding biedt voor bouw- en infraprojecten. Met een team van gediplomeerde beroepsverkeersregelaars staat de organisatie garant voor de veiligheid van wegwerkers, de bereikbaarheid van bouwplaatsen en een optimale verkeersdoorstroming. De missie van Trigion Traffic Support is om een veilige werkomgeving te creëren en verkeershinder te minimaliseren, terwijl de visie gericht is op het onderhouden van goede contacten met diverse stakeholders voor een positieve bijdrage aan projecten. Hun klanten omvatten wegenbouwbedrijven en overheidsinstanties, en ze bieden een compleet dienstenpakket, waaronder instructie, projectmanagement en 24/7 ondersteuning. Trigion Traffic Support streeft ernaar om met hun expertise en ervaring een efficiënte en veilige verkeersbegeleiding te realiseren, zodat alle betrokken partijen zich kunnen concentreren op hun eigen taken.",Netherlands,103.64894,,,
Sectorinstituut Transport En Logistiek,91861490.0,"Netherlands, South Holland, Gouda",https://www.linkedin.com/company/sectorinstituut-transport-en-logistiek,www.stl.nl,"Sectorinstituut Transport en Logistiek (STL) is een organisatie die zich richt op het verbeteren van de instroom en het behoud van personeel in de transport- en logistieksector. Opgericht door en voor de sector, biedt STL ondersteuning aan werkzoekenden, studenten, werknemers en werkgevers door hen te helpen bij het vinden van banen, het kiezen van opleidingen en het ontwikkelen van vaardigheden. De missie van STL is om mensen met plezier aan het werk te laten gaan en te blijven, terwijl ze ook de vitaliteit, veiligheid en ontwikkeling van medewerkers bevorderen. STL werkt samen met diverse partners en organisaties om een breed scala aan diensten aan te bieden, waaronder werving, training en advies, gericht op het creëren van een duurzame en inclusieve arbeidsmarkt. Hun klanten omvatten zowel individuele werkzoekenden en studenten als bedrijven die actief zijn in de transport- en logistieksector.",Netherlands,91.86149,,,
ASSET Rail,91640351.0,"Netherlands, Gelderland, Bemmel",https://www.linkedin.com/company/asset-rail,www.assetrail.nl,"ASSET Rail - partner in spoorwegonderhoud. Een hoge beschikbaarheid van het spoor is van groot belang voor een punctuele treindienst. Gedegen en vooruitziend onderhoud is daarvoor essentieel. ASSET Rail maakt dit mogelijk.  ASSET Rail staat voor verbetering van de betrouwbaarheid, beschikbaarheid, onderhoudbaarheid en veiligheid van railinfrastructuur. ASSET Rail integreert duurzaamheid in alle stadia van ontwikkeling en gebruik. ASSET Rail beschikt over specialistische kennis van alle relevante vakdisciplines binnen de railinfrastructuur. Opereert van concept naar realisatie en van onderhoud tot sloop. ASSET Rail fungeert als aanbieder en contractmanager met advies voor onderhoud, vernieuwing, monitoring en realisatie. Lees op deze website meer over de activiteiten van ASSET Rail. Maak kennis met de mensen die dit mogelijk maken.  Wilt u ook uw kennis en ervaring inzetten voor ASSET Rail? Kijk dan snel naar de mogelijkheden die ASSET Rail u biedt.",Netherlands,91.640351,,,
Rotterdam Rail Feeding B.V.,89585736.0,"Netherlands, South Holland, Rotterdam",https://www.linkedin.com/company/rotterdam-rail-feeding,www.railfeeding.com,"Rotterdam Rail Feeding (RRF) is a railroad company specialized in high quality short line and feeder rail services. Our highly flexible and skilled employees are one of our biggest strengths. With our dedicated locomotives equipped with the required safety systems we operate in the Netherlands, Germany and Belgium.  Because of our unique strategy we have become the leading independent rail service provider in the Port of Rotterdam and on the main corridors towards the German and Belgium borders. ‘At RRF, customers are the focus of our operations. We listen carefully to what customers say and work hard to develop creative, flexible logistics packages that address the individualized service needs. This will result in cost reduction and higher margin for the customer.’ A lean organization, designed to be close to our customers Our staff is well-educated and trained to meet your requirements, with the capacity to deal with almost any situation. Within RRF we apply best practices to conduct business with personalized involvement and a commitment to strong relationships with our customers and other stakeholders. We have the local touch that characterizes the entrepreneurial spirit of our organization. Like we say in Rotterdam: Geen woorden maar daden……!",Netherlands,89.585736,,,
AW Groep,87916356.0,"Netherlands, South Holland, Hillegom",https://www.linkedin.com/company/aw-groep,www.awgroep.nl,"AW Groep richt zich op het ontwerpen, inrichten en onderhouden van infrastructuur en groen. Wij ondernemen met lef, aandacht voor de mens en draagkracht van de aarde. Een no-nonsens familiebedrijf met focus op kwaliteit en tevredenheid. We spelen steeds in op uitdagingen met creatieve en verrassende oplossingen. Spreekt jou dit aan? Wacht niet langer en #wordAWer!",Netherlands,87.916356,,,
Ertsoverslagbedrijf Europoort C.V.,84895591.0,"Netherlands, South Holland, Rotterdam",https://www.linkedin.com/company/ertsoverslagbedrijf-europoort-c-v-,www.eecv.nl,"Ertsoverslagbedrijf Europoort C.V. (EECV) is een toonaangevende speler in de havenlogistiek, gespecialiseerd in het overslaan van bulkgoederen zoals ijzererts en kolen. Gevestigd in de Europoort van Rotterdam, opereert het bedrijf op een 100 hectare grote terminal waar jaarlijks ongeveer 24 miljoen ton grondstoffen worden verwerkt en vervoerd naar de staalindustrie in Duisburg, Duitsland. EECV, opgericht in 1967 en eigendom van thyssenkrupp Steel AG en Hüttenwerke Krupp Mannesmann GmbH, streeft naar een duurzame toekomst door bij te dragen aan de productie van groen staal met behulp van innovatieve technologieën. Het bedrijf richt zich op de ontwikkeling van zijn medewerkers door middel van interne opleidingen en groeimogelijkheden binnen diverse operationele functies. EECV bedient een breed scala aan klanten in de staalindustrie en werkt nauw samen met partners in de logistieke sector om een efficiënte en veilige afhandeling van bulkgoederen te waarborgen.",Netherlands,84.895591,,,
Ovet BV,84676929.0,"Netherlands, Zeeland, Terneuzen",https://www.linkedin.com/company/ovet-bv,www.ovet.nl,"OVET BV is a leading provider of logistics services specializing in the transshipment, storage, and processing of dry bulk goods, including ores, solid fuels, biomass, and fertilizers. Established in 1957, the company is committed to delivering tailored solutions that extend beyond standard services, fostering collaboration with clients to address complex logistical challenges. With strategically located terminals in Vlissingen and Terneuzen, OVET offers seamless access to the North Sea and extensive European hinterland, ensuring efficient transport via water, rail, and road. The company prides itself on its flexibility, operating advanced mobile cranes and handling a diverse range of shipping needs, from inland vessels to capesize ships. OVET is dedicated to sustainability, actively participating in the circular economy by integrating useful by-products into its operations, contributing to a greener future. Its mission is to provide timely, complete, and high-quality services, while its vision focuses on continuous improvement and innovation in logistics solutions.",Netherlands,84.676929,,,
Transportbedrijf De Rooy,83701422.0,"Netherlands, North Brabant, Eindhoven",https://www.linkedin.com/company/de-rooy,www.derooy.com,"Innovatieve transportoplossingen. Technisch steeds weer een stap verder. Maatwerk voor onze klanten. Dat is ons doel. Jarenlange ervaring, technisch inzicht, weten wat de markt vraagt en grote betrokkenheid. Kwaliteiten waarmee De Rooy een toonaangevende positie in geheel Europa heeft verworven. Het bedrijf heeft zich sterk ontwikkeld en groeide door de jaren uit tot een multinationale marktspeler met een zeer duidelijk omschreven expertise: custom made transport.",Netherlands,83.701422,,,
QLS,77313718.0,"Netherlands, South Holland, Dordrecht",https://www.linkedin.com/company/qls-pakketdienst-en-fulfilment,qls.nl,"QLS Pakketdienst & Fulfilment is dertig jaar geleden in Dordrecht opgericht en is van origine een familiebedrijf wat met veel passie en zorg haar intrede heeft gemaakt in de branche van logistieke e-commerce. QLS typeert zich als een organisatie die stapsgewijs toonaangevende en innovatieve ontwikkelingen heeft doorgemaakt en daardoor heeft uit kunnen groeien tot het vooruitstrevende logistieke e-commerce bedrijf wat het nu is.  QLS streeft er middels haar twee typerende dienstverleningen naar om al haar klanten binnen de e-commerce te kunnen bedienen, ondersteunen en te ontzorgen. Middels de pakketdienst dienstverlening ondersteunt QLS webshops met het verzenden van uw pakketten. Door de gratis ophaalservice, het eigen ontwikkelde verzendplatform en de snelle verzending, waarbij pakketten de volgende dag voor zowel Nederland als België worden bezorgd, is Pakketdienst QLS uw logistieke verlengstuk van uw webshop.  QLS Fulfilment ontzorgt uw webshop door het gehele logistieke proces uit handen te nemen. Alle processen met betrekking tot inslag, opslag, orderpicken, inpakken, verzenden en retouren worden geheel door QLS overgenomen. Ons vooruitstrevende DNA maakt het mogelijk dat QLS constant in beweging is en de processen kan optimaliseren en automatiseren. Hierdoor kunnen wij bestellingen razend snel verwerken en verzenden. Door onze familiaire insteek, persoonlijke betrokkenheid en vooruitstrevende werkwijze is zowel QLS Fulfilment als Pakketdienst QLS uw ideale logistiek partner.",Netherlands,77.313718,,,
Veenstra|Fritom,72224607.0,"Netherlands, Friesland, Heeg, 26 Lytshuzen, 8621",https://www.linkedin.com/company/veenstra-fritom,www.veenstrafritom.nl,"Veenstra|Fritom ontzorgt en creëert logistieke rust voor u. Wij zijn al bijna 100 jaar uw partner in transport,  warehousing , logistieke oplossingen, zeevracht en luchtvracht. Met onze oplossingsgerichtheid, flexibiliteit en persoonlijke communicatie, zorgen wij voor het grote verschil als uw logistieke partner. Door ons totaalaanbod aan diensten nemen wij u het volledige logistieke proces uit handen. Veenstra|Fritom levert logistieke rust aan bijna 1000 relaties.  Kiest u ook voor volledige ontzorging en overweegt u het uitbesteden van uw logistieke proces? Veenstra|Fritom zorgt ervoor dat u er geen omkijken meer naar heeft. Met de juiste kennis in huis, verlopen de logistieke processen gemakkelijk en flexibel. Zo kunt u de focus houden op waar u goed in bent en doen wij de rest. Onze relaties waarderen onze betrouwbare en solide oplossingen. Medewerkers zijn trots -grutsk- om bij Veenstra|Fritom te werken en zetten zich altijd voor de volle 100 procent voor u in. We staan open voor anderen, zijn vriendelijk en gaan altijd voor een eersteklas resultaat. Fritom staat voor dé slimme en innovatieve logistieke dienstverleners die altijd op zoek zijn naar de beste logistieke oplossingen. Dit doen we door nauw samen te werken met onze zusterbedrijven. De fakkeldrager op het gebied van logistieke dienstverlening, dat wil de Fritom Group zijn. Daarbij staan we in de top 30 van de logistieke dienstverleners in Nederland. Deel van uitmaken? Bekijk ook eens: werkenbijveenstrafritom.nl",Netherlands,72.224607,,,
Tamoil Nederland B.V.,59010598.0,"Netherlands, South Holland, Ridderkerk",https://www.linkedin.com/company/tamoil-nederland-b-v-,www.tamoil.nl,"Tamoil Nederland B.V. is een toonaangevende speler op de Nederlandse brandstofmarkt, met meer dan 225 tankstations verspreid over het land en een ambitie om te groeien naar 300 locaties. Sinds de oprichting in 1993 onder de merknaam Tamoil, heeft het bedrijf zich gericht op het leveren van hoogwaardige brandstoffen en een uitstekende klantenservice. Tamoil streeft ernaar om een duurzame en klantgerichte ervaring te bieden, waarbij het gebruik van technologie, zoals de Tamoil app, klanten extra voordelen en kortingen biedt. Het bedrijf werkt samen met diverse partners en is actief betrokken bij maatschappelijke initiatieven, zoals het ondersteunen van kankeronderzoek via evenementen als Alpe d'HuZes. Tamoil richt zich op zowel particuliere als zakelijke klanten, en biedt hen een breed scala aan producten en diensten, waaronder tankpassen en loyaliteitsprogramma's.",Netherlands,59.010598,,,
Pultrum Rijssen BV,58528062.0,"Netherlands, Overijssel, Rijssen, 22 Noordermorssingel, 7461",https://www.linkedin.com/company/pultrum-rijssen-bv,www.pultrum-rijssen.nl,"Pultrum is een veelzijdige logistieke dienstverlener met jarenlange ervaring in nationaal en internationaal transport, exceptioneel transport en bouwlogistiek. Wat uw vraagstuk ook is, wij gaan als krachtige partner graag aan de slag met een passende en innovatieve oplossing. Met onze toegewijde mensen, ons moderne wagenpark, onze uitstekende service én slimme automatisering ontzorgen wij u volledig. Flexibiliteit, transparantie en een hoge kwaliteit staan daarbij voorop. Zo kunt u zich richten op wat voor u écht belangrijk is.",Netherlands,58.528062,,,
Wagenborg Passagiersdiensten,58477793.0,"Netherlands, Groningen, Delfzijl",https://www.linkedin.com/company/wagenborg-passagiersdiensten-b.v.,www.wpd.nl,"Wagenborg is een onderdeel van het familiebedrijf Royal Wagenborg, waarvan het hoofdkantoor in Delfzijl is gevestigd. Jaarlijks vervoeren wij met onze veerboten, watertaxi's en sneldienst ruim 1,5 miljoen passagiers en zo’n 200.000 auto's en vrachtauto’s. Een ambitieuze veerdienst die al meer dan een eeuw ieder seizoen passagiers van en naar de Waddeneilanden Ameland en Schiermonnikoog vervoert. En dat in een ongeëvenaard dynamisch natuurgebied. Veilig en verantwoord varen op Werelderfgoed de Waddenzee met respect voor de natuur. Dat zien we terug in alles: in ons beleid, in onze werkwijze en in onze medewerkers die graag de handen uit de mouwen steken. In april 2014 heeft de Minister van Infrastructuur en Milieu aan Wagenborg Passagiersdiensten voor de looptijd van 15 jaar de Concessie Waddenveren Oost verleend. Al met al zijn wij al ruim een eeuw een betrouwbare partner van de overheid. Ook na 2029 willen wij de concessie graag behouden. Daarom leggen wij de lat steeds een beetje hoger als het gaat om het niveau van service, kwaliteit, veiligheid en klantentevredenheid. Wij willen dat onze passagiers zich prettig voelen aan boord en varen met eersteklas materiaal. Veiligheid, kwaliteit en continuïteit staan voorop. Daar kunnen onze reizigers en medewerkers op rekenen.",Netherlands,58.477793,,,
SwetsODV,52256751.0,"Netherlands, Manitoba, Zwijndrecht, 250 Scheepmakerij, 3331",https://www.linkedin.com/company/swetsodv-groep,www.swetsodv.com,"SwetsODV heeft besloten haar activiteiten te splitsen en als twee aparte organisaties verder te gaan onder de namen ODV Maritiem en Swets Group.  ODV Maritiem blijft zich bezighouden met het leveren van personeel voor bediening van nautische objecten, scheepvaartbegeleiding, nautisch beheer en bemannen van veerponten. Swets Group blijft zich bezighouden met het leveren van personeel voor de binnenvaart, offshore en passagiersvaart.",Netherlands,52.256751,,,
Wezenberg Groep,49717386.0,"Netherlands, Overijssel, Ijsselmuiden, 1 Veilingweg, 8271",https://www.linkedin.com/company/wezenberg-groep,www.wezenberg.nl,"Your specialist in fresh logistics, warehousing & new and used trailers Wezenberg Transport Wezenberg Transport Is een transportbedrijf dat zich heeft gespecialiseerd in het geconditioneerd vervoeren en distribueren van AGF producten en levensmiddelen, zowel nationaal als internationaal. Het moderne en goed onderhouden wagenpark voldoet aan de laatste eisen op het gebied van milieu, geluid en veiligheid. Verder is zij in het bezit  van diverse certificaten zoals HACCP en GMP. Ook heeft Wezenberg Transport een Lean and Green award mogen ontvangen. Deze award vormt een erkenning voor de inspanningen die Wezenberg levert om de CO2 uitstoot tussen 2010 en 2015 te reduceren met minimaal 20%. Agrarisch Logistiek Centrum Agrarisch Logistiek Centrum IJsselmuiden (ALC) is een op- en overslag bedrijf gespecialiseerd in de bewaring en handling van geconditioneerde producten. ALC heeft de beschikking over Ultra Low Oxygen (ULO)  cellen voor langdurige bewaring van o.a. appels en peren, maar ook mechanische koelruimte is ruimschoots aanwezig. Tevens beschikt ALC over opslagcapaciteit van 35.000 palletplaatsen ten behoeve van droge goederen. Voor meermalige verpakkingen (fusten) heeft ALC een drietal industriële wasmachines. ALC is HACCP gecertificeerd. Wezenberg Atrop Verkoop van nieuwe en gebruikte opleggers, vrachtwagens en aanhangwagens. Nieuwe opleggers worden op klantwens samengesteld.",Netherlands,49.717386,,,
Airflo,45678294.0,"Netherlands, North Holland, De Kwakel, 11 Betula, 1424lh",https://www.linkedin.com/company/airflo-b-v,www.airflo.nl,"We are a Perishable Logistics Company committed to delivering perishable products in a punctual and reliable manner.  Airflo offers transport via air, road, ocean, or rail focused on but limited to fruit, vegetables, flowers, and fish. Our unique procedures and facilities ensure that product remains and is delivered fresh.  With facilities in Holland, Kenya, and Zimbabwe, we can offer freight services to various parts of the world.   We would be pleased to hear from you, please get in touch at info@airflo.nl",Netherlands,45.678294,,,
PAX Groep,44348443.0,"Netherlands, Friesland, Leeuwarden",https://www.linkedin.com/company/pax-beheer,www.pax.nl,"PAX Groep richt zich op de coördinatie en uitvoering van logistieke projecten in de bouw en industrie. Van exceptioneel transport tot verscheping en van intern transport tot montage. Door het combineren van logistieke disciplines bieden wij een integrale oplossing op de meest uiteenlopende logistieke vraagstukken. Geen lading te groot, geen land te ver. Slimme en efficiënte oplossingen, uitgevoerd met een maximum aan discipline. Dat is hoe wij het doen.",Netherlands,44.348443,,,
Evofenedex,42943176.0,"Netherlands, Utrecht, Veenendaal",https://www.linkedin.com/company/evofenedex,www.evofenedex.nl,"Evofenedex is een invloedrijk kennis- en adviescentrum dat zich richt op de groei van duurzame handel en toekomstbestendige logistieke ketens. Opgericht in 2017, verenigt het meer dan 10.000 leden die actief zijn in de logistiek en internationale handel, variërend van grote chipmachinefabrikanten tot bedrijven die bijen internationaal versturen. De missie van Evofenedex is om kennis om te zetten in kunde, met een sterke focus op mens en milieu, en om leden te ondersteunen bij het navigeren door de uitdagingen van digitalisering, verduurzaming en geopolitieke veranderingen. Het bedrijf biedt een breed scala aan diensten, waaronder kennisdeling, lobbywerk en innovatieve producten, en werkt samen met Europese partners om de belangen van zijn leden te behartigen. Evofenedex streeft ernaar om een sterke positionering van de handel en logistiek te realiseren door collectieve actie en samenwerking binnen de sector.",Netherlands,42.943176,,,
Frigo Group,40547148.0,"Netherlands, North Holland, Nieuw-vennep, 1635 Ijweg, 2151mr",https://www.linkedin.com/company/frigo-group,www.frigogroup.com,"Frigo Group Logistics is een toonaangevende speler in de sector van koel- en vriestransport, met een sterke focus op het waarborgen van de kwaliteit van diepvriesproducten. Met een vrieshuis in Nieuw-Vennep en een breed scala aan logistieke diensten, waaronder volledige ladingen, groupage en palletvervoer, bedient het bedrijf klanten door heel Europa, met speciale expertise in geconditioneerd vervoer naar Spanje en Portugal. De missie van Frigo Group is om klantgerichte oplossingen te bieden die voldoen aan de unieke eisen van hun klanten, terwijl ze tegelijkertijd de hoogste kwaliteitsnormen handhaven door middel van uitgebreide certificeringen en training van personeel. Het bedrijf investeert voortdurend in innovatie en duurzaamheid, met geavanceerde technologieën en energiezuinige voertuigen om de ecologische voetafdruk te verkleinen. Frigo Group werkt nauw samen met diverse klanten, waaronder Hekos Oriental Food, en richt zich op het opbouwen van langdurige relaties gebaseerd op vertrouwen en wederzijds voordeel. Door hun flexibele en efficiënte aanpak zijn ze goed gepositioneerd om te voldoen aan de groeiende eisen van de markt en de uitdagingen van de toekomst aan te gaan.",Netherlands,40.547148,,,
Simwave,39018708.0,"Netherlands, South Holland, Barendrecht",https://www.linkedin.com/company/simwave,www.simwave.nl,"Simwave is a company active in operating comprehensive maritime simulation training centres equipped with simulators based on world-leading simulation technology.  Our customers require training or assessing on simulators and do not choose to develop and maintain own in-house simulators for various reasons. By using our own naval architects and a team of 3D modellers, Simwave offer you facilities where you can use your own mathematical ship models in your own port-environment. Bring your own instructors, we take care of all technical, operational and hospitality support. Simwave centres are flexible centres, it adapts to your own corporate branding.  Our focus is not only on the navigation, engine and ship management related training but also on the emergency response training on board of cruise ships, such as advanced firefighting -and crowd control training. Because of the fast-growing technology, we have made it possible to integrate these applications.  Simwave operates global and independently and will fully relieve customers by running best-of-class facilities. It is a one stop shop for certified maritime training and we can offer the full scope of possibilities: hiring our facilities or a turnkey solution, all tailor made to your requirements and expectations. Your crew will love to train!",Netherlands,39.018708,,,
Eurail,35000000.0,"Netherlands, Utrecht, Utrecht",https://www.linkedin.com/company/eurail,www.eurail.com,"Eurail is a travel company that specializes in providing rail passes for international train travel across Europe, allowing travelers to explore multiple countries with ease and flexibility. The company's mission is to make European travel accessible and enjoyable for everyone, promoting the convenience of train journeys as a sustainable and scenic way to experience the continent. Eurail's target market includes tourists and travelers seeking to discover Europe, particularly those interested in multi-country itineraries. The company partners with various national rail operators to offer a wide range of train connections and reservations, ensuring that clients can navigate the extensive European rail network seamlessly. With a focus on customer support and community engagement, Eurail aims to enhance the travel experience by providing valuable information and resources to its users.",Netherlands,35.0,,,
Hutchison Ports Europe Intermodal,34211656.0,"Netherlands, South Holland, Maasvlakte, 875 Europaweg, 3199",https://www.linkedin.com/company/european-gateway-services-b-v-,hutchisonportseuropeintermodal.com,"In our growing European network, we make container transport reliable, cost-effective and sustainable. Hutchison Ports Europe Intermodal offers shipping lines, logistics service providers and shippers high frequent rail and barge services between a growing network of inland terminals and deep-sea terminals in Rotterdam and other ports. HPEI also offers many additional services, such as transport without customs documents, storage, empty depot and last mile trucking.  Simply let us know when you want to receive your containers - or, in the opposite direction, when your containers need to be in the port - and we will take care of everything!",Netherlands,34.211656,,,
KNVvL,32856453.0,"Netherlands, Utrecht, Woerden",https://www.linkedin.com/company/knvvl,linkin.bio,"Koninklijke Vereniging voor Luchtvaart De KNVvL is opgericht op 19 oktober 1907 als Vereeniging ter Bevordering van de Luchtscheepvaart. Al heel gauw werd de vereniging hernoemd in Nederlandse Vereniging voor Luchtvaart (NVvL). De eerste aanschaf was de ballon ""Rotterdam"" en het aantrekken van de gebrevetteerde ballonvaarder kapitein der genie P.J. Post van der Steur. Nadat men eerst in 1908 een Nederlandstalig aanhangsel meegaf bij het Belgische blad La Conquête de l'Air van de Belgische luchtvaartvereniging, ging men in 1909 over tot het uitgeven van een eigen blad Het Luchtschip wat enkele maanden later al weer werd herdoopt in De Luchtvaart. Eveneens sloot men zich in 1909 aan bij de Franse overkoepelende organisatie FAI. Vanaf 14 november 1912 mocht men het predicaat Koninklijk voeren. De Koninklijke Nederlandse Vereniging voor Luchtvaart, de KNVvL is de overkoepelende organisatie voor alle luchtsporten en luchtvaart hobby's in Nederland. De KNVvL is als sportbond aangesloten bij het NOC*NSF en de internationale federatie FAI. De KNVvL bestaat uit de volgende afdelingen: Aerobatics Algemene luchtvaart afdeling (ALA) Ballonvaren Gemotoriseerd vliegen Historische Luchtvaart Luchtvaartkennis Luchtvaartwetenschappen Modelvliegsport Parachutespringen Schermvliegen Zeilvliegen Zweefvliegen",Netherlands,32.856453,,,
De Burgh,31907248.0,"Netherlands, North Brabant, Eindhoven",https://www.linkedin.com/company/de-burgh-eindhoven-b-v-,www.deburgh.com,"De Burgh is al meer dan 60 jaar een begrip in de regio Eindhoven dankzij de complete, persoonlijke service. Je bent hier niet alleen het juiste adres voor de beste bedrijfswagens (bestelwagens en vrachtwagens), maar ook voor onderdelen, reparatie en onderhoud. Dat de klanten centraal staan, wordt elke dag weer bewezen. De ruime openingstijden en de 24-uursservice zijn daar twee perfecte voorbeelden van.  De Burgh heeft 3 vestigingen in Eindhoven, Acht en Son en is onderdeel van de LenGo Automotive Group. Momenteel is LenGo Automotive Group met meer dan 1.700 medewerkers actief in drie landen: Nederland, Polen en Rusland. In alle landen richten wij ons op de totale dienstverlening voor de bedrijfswagenbranche met het merk DAF als voornaamste vertegenwoordiging. Daarnaast voeren we onder meer de merken Fiat Professional, IVECO, MAN en Kässbohrer. LenGo Automotive Group beschikt over een zeer uitgebreid servicenetwerk met moderne, goed uitgeruste werkplaatsen. Ondanks alle uitbreidingen blijft LenGo een echt familiebedrijf waar medewerkers en vooral ook klanten zich thuis voelen.",Netherlands,31.907248,,,
Captrain Netherlands B.V.,31907248.0,"Netherlands, South Holland, Rotterdam, 103-b/c Albert Plesmanweg, 3088gc",https://www.linkedin.com/company/captrain-netherlands-b.v.,www.captrain.nl,"Welkom bij Captrain Netherlands! Captrain Netherlands B.V. is sinds 2007 actief als spoorvervoerder in Nederland. Binnen de Captrain Deutschland Group concentreert het transportbedrijf zich op het organiseren en uitvoeren van regionaal en grensoverschrijdend spoorvervoer met een focus op de haven van Rotterdam, de grootste diepzeehaven van Europa en de op twee na grootste haven van de wereld. De nauwe verwevenheid met de buurbedrijven van de Captrain Group is uw garantie voor een betrouwbare en efficiënte productie van uw logistieke diensten in het regionale vervoer en het langeafstandsvervoer.",Netherlands,31.907248,,,
Loodet,31677459.0,"Netherlands, North Brabant, Breda",https://www.linkedin.com/company/loodet,www.loodet.nl,"Als specialist in het op- en overslaan, sileren en ompakken van food, feed, ADR en niet-ADR geclassificeerde vaste goederen, nemen we u als Loodet B.V. ook het gehele logistieke proces van opslag, overslag en transport uit handen. Een correcte en efficiënte afhandeling van uw goederenstromen is onze zorg. Zo nemen we u veel werk uit handen. Het naleven van de juiste wet- en regelgeving is voor ons als BRZO/VR-plichtig bedrijf immers dagelijkse kost. Waardoor u zich kunt richten op uw corebusiness: de in- en verkoop van goederen.",Netherlands,31.677459,,,
Wandelnet,31466700.0,"Netherlands, South Holland, Barendrecht",https://www.linkedin.com/company/wandelnet,www.wandelnet.nl,"Wandelnet is een organisatie die zich richt op het bevorderen van een toegankelijk, levendig en aaneengeschakeld netwerk voor voetgangers in Nederland. Met de missie om wandelen te positioneren als meer dan alleen een vervoersmiddel, streeft Wandelnet ernaar om de maatschappelijke voordelen van lopen te benadrukken, zoals het bevorderen van biodiversiteit, klimaatadaptatie en de lokale economie. Het bedrijf biedt beleidsmakers en ontwerpers concrete instrumenten en richtlijnen via hun PLAN, dat hen helpt bij het creëren van veilige en aantrekkelijke loopruimtes. Wandelnet werkt samen met diverse partners en richt zich op een breed scala aan klanten, waaronder gemeenten, ontwerpers en wandelaars, om de kwaliteit van wandelroutes en -omgevingen te verbeteren. Door obstakels te minimaliseren en de beleving van de openbare ruimte te optimaliseren, draagt Wandelnet bij aan een cultuur waarin wandelen een vanzelfsprekende en gewaardeerde activiteit is.",Netherlands,31.4667,,,
Transport- En Containerbedrijf Wielemaker BV,30680046.0,"Netherlands, Zeeland, Middelburg, 3 Ampereweg, 4330",https://www.linkedin.com/company/transport--en-containerbedrijf-wielemaker-bv,www.wielemaker.nl,"Wielemaker werd in 1916 opgericht. Sindsdien is Wielemaker zich voortdurend blijven ontwikkelen om als dienstverlenend bedrijf optimaal te kunnen functioneren. Thans vormen regionaal, nationaal en internationaal transport, groepage, exceptioneel transport, inzameling van afval en reststoffen en containerverhuur de belangrijkste pijlers van de onderneming. Daarnaast verhuurt Wielemaker zo'n 16.000 m² overdekte opslagruimte. Wielemaker streeft naar duurzame relaties. Het is namelijk een wederzijds belang, ontwikkelingen van opdrachtgevers te kennen en daarop te anticiperen zodat een optimale transportoplossing geboden kan worden. Een team van bijna 70 enthousiaste medewerkers staat nu klaar om zich in te zetten voor een optimale uitvoering van uw opdrachten. Door onze jarenlange ervaring is er een enorme expertise opgebouwd. En daar kunt u van profiteren!",Netherlands,30.680046,,,
Jan Deckers Jr. B.V.,29452845.0,"Netherlands, Gelderland, Ammerzoden, 20 Uilecotenweg, 5324",https://www.linkedin.com/company/jan-deckers-jr--b-v-,www.jandeckersjr.nl,"Het transporthart van Nederland klopt in Ammerzoden! Dat weten de klanten van Jan Deckers Jr. B.V. al langer dan vandaag. Sterker nog, Jan Deckers heeft al meer dan 50 jaar ervaring. Voor al uw nationaal, internationaal, droog of geconditioneerd transport en op- & overslag bent u bij Jan Deckers aan het juiste adres! Daarnaast beschikt het bedrijf over de perfecte faciliteiten voor geconditioneerd op- en overslag met kwaliteitsbehoud van uw producten. Optimaal vervoer van uw lading als uitgangspunt Uw product is van de hoogste kwaliteit en dat wilt u graag zo houden. Dat is iets wat wij begrijpen en behoud van kwaliteit tijdens het vervoer van A naar B is bij ons uitgangspunt. Ook al zijn de afgelegde afstanden lang, binnen ons bedrijf houden we de wegen kort en persoonlijk. Logistiek dienstverlener is onze specialiteit en wij nemen dan ook graag uw logistieke zorgen uit handen. Lean & Green Award Jan Deckers Jr. BV heeft in 2011 de Lean & Green award mogen ontvangen. Dit betekent dat Jan Deckers Jr. BV in bezit is van een toonaangevend certificaat, waarmee bedrijven laten zien, dat zij zich actief inspannen om hun logistieke proces duurzamer te maken. Lean and Green Star In 2014 is na de award ook de Lean and Green Star in ontvangst genomen. Deze ‘Star’ wordt toegekend aan organisaties zodra zij de ambitie uit het Plan van Aanpak bewezen hebben gerealiseerd. Tevens moet de award 1,5 jaar in bezit zijn voordat deze star uitgereikt kan worden.",Netherlands,29.452845,,,
KNRM,28411680.0,"Netherlands, Ijmuiden, 2 Haringkade, 1970",https://www.linkedin.com/company/knrm,www.knrm.nl,"De Koninklijke Nederlandse Redding Maatschappij (KNRM) is een vrijwilligersorganisatie die sinds 1824 zich inzet voor het kosteloos redden van mensen in nood op en rond het water. Met een sterke focus op veiligheid en preventie, biedt de KNRM hulp aan zwemmers, watersporters, beroepsvaarders en zelfs dieren in nood, en opereert vanuit 45 reddingstations langs de Nederlandse kust en binnenwateren. De organisatie is volledig afhankelijk van donaties en giften, waardoor haar vrijwilligers, die vaak uit diverse beroepsgroepen komen, hun tijd en expertise belangeloos inzetten. KNRM investeert continu in moderne reddingstechnologie en de opleiding van haar vrijwilligers, zodat zij optimaal voorbereid zijn op de uitdagingen van het reddingswerk.  Met een missie die al bijna twee eeuwen standhoudt, blijft de KNRM een onmisbare schakel in de maritieme veiligheid van Nederland. De organisatie biedt essentiële training en uitrusting voor vrijwillige redders, waaronder overlevingspakken, noodsignalen en veiligheidshelmen, die allemaal gericht zijn op het verbeteren van hun operationele effectiviteit tijdens reddingsmissies. KNRM streeft ernaar een significante impact te maken op de maritieme veiligheid door middel van betrokkenheid van de gemeenschap en ondersteuning, waarbij individuen en bedrijven worden aangemoedigd om donateurs en partners te worden in hun levensreddende inspanningen.  Hun doelgroep omvat strandbezoekers, recreatieve bootvaarders en lokale gemeenschappen, terwijl hun partnerschappen zich uitstrekken tot verschillende organisaties en bedrijven die een gedeelde toewijding aan waterveiligheid hebben. Door samenwerking te bevorderen en middelen te bieden, streeft KNRM ernaar een veiligere omgeving te creëren voor iedereen die van het water geniet.",Netherlands,28.41168,,,
Germo Logistiek BV,28225643.0,"Netherlands, Gelderland, Heino, 12 C. Huygensstraat, 8141",https://www.linkedin.com/company/germo-logistiek-bv,www.germologistiek.nl,"Germo Logistiek is uw partner in de transportketen van vloeibare levensmiddelen, veevoerproducten en RMO transport. Vanuit onze standplaats Heino rijden we dagelijks met 35 goed uitgeruste tankwagens. Goed opgeleide en betrokken chauffeurs zorgen – keer op keer – dat uw producten met zorg én op tijd bij uw klanten worden afgeleverd. Als specialist in vloeibaar tanktransport op het gebied van feed, food en RMO transport, staat Germo Logistiek bekend als een betrouwbare partner in de logistieke keten tussen leverancier en ontvanger.  Onze chauffeurs kennen hun klanten en de vee- en geitenhouders waar ze rauwe melk collecteren. Ze komen er regelmatig en staan daardoor dichtbij de klant. Ze zijn betrokken en voelen zich verantwoordelijk voor de hele logistieke keten en de producten die ze vervoeren. Germo Logistiek - Snelle afwikkeling van aanvragen - Professioneel en duurzaam transport - Goede afhandeling bij uw klant - De juiste papieren en certificaten - Moderne tankwagens en goed opgeleide planners en chauffeurs - Directe opvolging van uw vracht via track en trace",Netherlands,28.225643,,,
Kuypers Kessel,28225643.0,"Netherlands, Limburg, Kessel, 47 Maasstraat, 5995",https://www.linkedin.com/company/kuypers-kessel,www.kuyperskessel.nl,"Kuypers Kessel is een familiebedrijf, gevestigd te Kessel (Limburg), dat al 80 jaar bestaat. De activiteiten concentreren zich op de productie van en handel in zand, grind, steenslag, klei en andere bouwgrondstoffen ten behoeve van de bouw en wegenbouw, het aannemen en uitvoeren van werkzaamheden in de grond-, weg- en waterbouw op een innovatieve manier door gebruikmaking van eigen ontwikkelde hoogstaande technische middelen, het vervoeren van bouwgrondstoffen, sportveldenzand en andere los gestorte bulkproducten.",Netherlands,28.225643,,,
DCB Energy,27137106.0,"Netherlands, South Holland, Spijkenisse",https://www.linkedin.com/company/tankeasy,www.dcbenergy.nl,"DCB Energy levert naast de reguliere brandstoffen ook duurzame brandstoffen  zoals LNG, CNG, CNG+, HVO100, Snelladen (voor personen auto's, bedrijfswagens en trucks) en nu ook Waterstof. Met eigen DCB Energy tanklocaties, onderverdeeld in vier concepten, voorzien we  zakelijke en particuliere weggebruikers van gemak, voordeel en mobiliteit. Aangevuld met partnerlocaties omvat het netwerk van de DCB EnergyCard een dekking in de gehele Benelux en Duitsland.    Duurzame mobiliteit volgens DCB Energy Duurzame mobiliteit betekent langdurige, kosteneffectieve en milieuvriendelijke oplossingen voor alle vervoersuitdagingen van bedrijven en individuen. Net als alle andere bedrijven binnen de D.C. Berkel Groep onderscheiden we ons van de concurrentie door continue focus op – en drang naar – duurzame ontwikkeling van onze diensten en relaties. Zo is DCB Energy voorloper op het gebied van de uitrol van clean fuels, zoals LNG, CNG, CNG+,  HVO100, Elektrisch Snelladen en Waterstof. Zowel zichtbaar bij de pomp, als achter de schermen. DCB Energy zet zich daarnaast in om al haar reguliere brandstoffen te verduurzamen.  Onze organisatie is erop ingericht om flexibel in te springen op behoeften van onze klanten en de brandstoffenmarkt in het algemeen. Duurzame mobiliteit betekent ook continuïteit en vooruitgang, een gedachtegoed dat diep in ons DNA zit. Net als klantvriendelijkheid en persoonlijk en professioneel advies. Onze medewerkers weten er alles van.",Netherlands,27.137106,,,
Gebroeders Hoefnagels Transport,26998441.0,Netherlands,https://www.linkedin.com/company/gebroeders-hoefnagels-transport,www.hoefnagelstransport.nl,"Gebroeders Hoefnagels Transport is een familiebedrijf uit het Brabantse Asten, met een nevenvestiging in Weert. Hoefnagels Transport is sinds de oprichting in 1943 uitgegroeid tot een professioneel transportbedrijf, dat bekend staat om haar flexibiliteit en klantgerichtheid. Gebroeders Hoefnagels Transport heeft een informeel karakter; ondanks groei en succes, zijn de kenmerkende eigenschappen van het familiebedrijf altijd behouden gebleven. Met zo’n 142 trekkende eenheden en 155 medewerkers is Gebroeders Hoefnagels Transport flexibel in haar planning en staat het bedrijf garant voor snelle en zorgvuldige levering. Gebroeders Hoefnagels Transport heeft veel kennis ván en ervaring mét het vervoeren van bouwmaterialen. Ook is het bedrijf gespecialiseerd in het uitzonderlijk en speciaal transport. Daarnaast richt Gebroeders Hoefnagels Transport zich op container-vervoer, zowel nationaal als internationaal. Het heeft enkele opdrachtgevers van klinkende naam, met wie al een jarenlange relatie bestaat. Gebroeders Hoefnagels Transport staat bekend als een betrouwbare partner. Het bedrijf denkt graag mee met de klant, bijvoorbeeld over mogelijkheden voor los- en laadtijden. Indien nodig, kan Gebroeders Hoefnagels Transport direct inspelen op veranderde omstandigheden op de bouwplaats, maar ook voor logistieke oplossingen is Gebroeders Hoefnagels Transport dé partner.",Netherlands,26.998441,,,
Brussaard Company Group B.V.,26998441.0,"Netherlands, Utrecht, Maarssen",https://www.linkedin.com/company/brussaard-company-group,www.brussaard.nl,"Brussaard Company Group B.V. is initiatiefnemer van Brussaard Chauffeursdiensten (1990), BRUSECO (2001), Excellent.me (2009) en Chauffeur.nl (2017) en richt zich op de menselijke kant van personenvervoer en chauffeursdiensten in de brede zin van het woord.",Netherlands,26.998441,,,
Rietlanden Terminals,26432028.0,"Netherlands, North Holland, Amsterdam, 502 Westpoortweg",https://www.linkedin.com/company/rietlanden,www.rietlanden.com,"Rietlanden Terminals has a rich history in the port of Amsterdam and has grown to become a major player in the transshipment of coal, on behalf of power plants in Germany, and other dry bulk cargo, as well as logistics services. We have two terminals at Afrikahaven and Amerikahaven in Amsterdam, with a combined storage capacity of around 2.6 million tons. With five modern floating cranes, we can load and unload vessels elsewhere in Amsterdam harbours as well as those moored to buoys in IJmuiden, up to a so-called Cape size of 170,000 tons. We also have a large fleet of shovels and other quay equipment for the storage and transit of goods, and a rail connection to facilitate the transit of products to the hinterland. We carry out all of our activities in a socially responsible manner in which safety, the environment and use of sustainable resources are our highest priorities. This work is performed by approximately 120 employees, 80% of whom work at the terminal and the rest in the office at the Afrikahaven. Rietlanden Terminals was taken over by JERA Trading PTE Ltd in 2017.",Netherlands,26.432028,,,
Kemi,25771239.0,"Netherlands, Riethoven, 8 Hennepstraat, 5561ac",https://www.linkedin.com/company/kemi-kempische-metaalwaren-industrie,www.kemi.nl,"KEMI is toeleverancier van plaatwerkproducten en onderscheidt zich door creativiteit, innovatief meedenken met de klant en slagvaardigheid in technische en in logistieke processen bij het leveren van plaatwerkproducten. Wij leveren wereldwijd hoge kwaliteit voor de juiste prijs met een korte levertijd en hoge leverbetrouwbaarheid. Dankzij onze platte en laagdrempelige organisatie zijn onze communicatielijnen kort en transparant, zowel intern als extern. Door de grote teamspirit, persoonlijke betrokkenheid en door creatief mee en vooruit te denken, zijn slimme oplossingen, snelle beslissingen en een perfect plaatwerkproduct de specialiteit van KEMI.",Netherlands,25.771239,,,
Westdijk Transport Group,24544037.0,"Netherlands, South Holland, Alphen Aan Den Rijn, 12 Christiaan Huygensweg, 2408",https://www.linkedin.com/company/westdijk-transport-group,www.westdijktransport.com,"Westdijk BV is een toonaangevende naam in het exceptioneel én zwaar transport. Wij zijn een sterk familiebedrijf die vertrouwt op haar vakmensen, kennis, ervaring en gespecialiseerd materieel. Elk project benaderen wij met de juiste zorg, aandacht voor veiligheid en zorgvuldig projectmanagement.  Bij onze klanten staan we bekend als hardwerkend, betrouwbaar en ervaren; dit maken wij elke dag weer waar. Goede samenwerking start met een transparant overleg met de klant, goed luisteren en meedenken. Zo komen wij met de klant tot optimale en waar nodig innovatieve oplossingen! Met onze afdeling autolaadkranen verzorgen wij hijswerk van klein tot groot. Denk hierbij aan glas plaatsen met de kleine kraan in een moeilijk te bereiken achtertuin of op een hoogte van 45 meter. Wij vinden de oplossing voor uw project, zakelijk én particulier. Wij zijn een betrouwbare partner voor het hijsen, vervoeren én plaatsen van uw lading. Hierbij mag u van ons flexibiliteit, vakbekwaamheid en professionaliteit verwachten.  Wij zijn actief in diverse industrieën en bedrijfstakken, zoals: - Olie & Gas; - Vernieuwbare energiebronnen; - Luchtvaart; - Industrie en bouw; - (Wind) energie en power; - Mijnbouw; - Productie; - Materiaalafhandeling; - Rail; - Civiele techniek; - Projectladingen en -lifting; en - Fabriek- en machineverhuizingen. Maar ook hijswerken voor de particuliere markt!",Netherlands,24.544037,,,
Van Marwijk Kraanverhuur B.V.,24544037.0,"Netherlands, South Governorate, Zoeterwoude",https://www.linkedin.com/company/van-marwijk-kraanverhuur-b-v-,www.vanmarwijk.com,"Van Marwijk Kraanverhuur B.V. kent zijn oorsprong als taxibedrijf, welke in 1941 werd opgericht door Henk van Marwijk in Leidschendam. Het bedrijf groeide door met als resultaat de start als kraanverhuurder in 1965, waarna het bedrijf zich in 1978 vestigde op de huidige locatie in Zoeterwoude. Het bedrijf is doorgegroeid binnen de kraanverhuur en telt inmiddels zo’n 22 telekranen (waaronder 5 mobiele torenkranen) en 35 rupskranen. Het bedrijf heeft niet alleen de beschikking over een breed kranengamma (35 ton t/m 1.200 ton), het is vooral goed vertegenwoordigd in het zwaardere segment. Zo beschikt het binnen de telekranen over een 150 tonner, een 250 tonner, een 500 tonner en een 1.200 tonner. En binnen de rupskranen heeft het bedrijf de beschikking over een 160 tonner, een 200 tonner en een 300 tonner. Het grootste deel van het park betreft Liebherr kranen, welke bekend staat als de “Mercedes onder de kranen”. Het bedrijf is VCA* gecertificeerd, waartoe de veiligheid en kwaliteit van zowel het materieel als het personeel gewaarborgd is. Daarnaast is door gedegen opleidingen het personeel zeer bekwaam en door toewijzing van een “eigen kraan” kennen zij deze door en door en zijn ze in staat de meest lastige klussen tot een groot succes te brengen. De dienstverlening houdt niet op bij simpelweg de verhuur van (bemande) hijskranen, bijvoorbeeld het opstellen van hijsplannen, het voorbereiden van werken en het verzorgen van vergunningsaanvragen behoren eveneens tot de diensten van Van Marwijk Kraanverhuur.",Netherlands,24.544037,,,
Hertoghs Carrosserieën B.V.,24544037.0,"Netherlands, North Brabant, Roosendaal, 49 Gewenten, 4704",https://www.linkedin.com/company/hertoghs-carrosserieën-b-v-,www.hertoghs.nl,"Hertoghs Carrosserieën is niet voor niets een begrip in de transportbranche. De rijke historie en aanwezige know how voeren namelijk terug naar een werkwijze die een persoonlijke benadering, maatwerk en klantspecifieke wensen centraal stelt. Iedere carrosserie èn ieder budget is nu eenmaal anders ... Daarnaast is het geen geheim dat Hertoghs Carrosserieën ook op het gebied van research en innovatie actief is. De engineeringsafdeling houdt zich dan ook niet alleen bezig met de verfijning van het bestaande aanbod, maar ontwikkelt tevens nieuwe producten en toepassingen. Zo was Hertoghs een van de eerste aanbieders van een door TÜV geteste en gecertificeerde opbouw. Door rekening te houden met aard en soort van de te vervoeren ladingen, wordt voor iedere carrosserie de meest rendabele oplossing en toepassing gezocht. Inmiddels hebben reeds vele innovatieve speciale carrosserieën de fabriek in Roosendaal verlaten!",Netherlands,24.544037,,,
Millenaar En Van Schaik Transport BV,23347222.0,"Netherlands, Oude Meer, 171 Fokkerweg, 1438am",https://www.linkedin.com/company/millenaar-en-van-schaik-transport,www.millenaarvanschaik.nl,"Millenaar & van Schaik Transport bv Een begrip in de Nederlandse wegenbouw, zo kunnen we Millenaar & van Schaik Transport zeker noemen. Dagelijks rijden onze herkenbare gele auto’s naar de meest uiteenlopende wegenbouwprojecten in Nederland. Het logo met de twee boemerangs staat symbool voor de effectieve samenwerking tussen Millenaar & van Schaik die in 2010 werd bezegeld met een fusie. Millenaar & van Schaik mag zich sinds dat jaartal een van de grootste vervoerders van Nederland op het gebied van asfalttransport noemen. Niet alleen wat capaciteit betreft levert ons bedrijf grote prestaties, ook het meedenken met klanten speelt een belangrijke rol. Dankzij de schat aan kennis en ervaring die binnen ons bedrijf aanwezig is, kunnen klanten rekenen op een uitstekend advies. Of het nu gaat om een groot, ingewikkeld wegenbouwproject of een kleinere opdracht, we weten wat wegenbouwers nodig hebben en bieden tal van diensten om hen te ontzorgen. Denk bijvoorbeeld aan de in- en verkoop van producten, “just in time” levering op de plaats van bestemming en project-coördinatie. Daarnaast staan we dankzij onze omvang garant voor een grote flexibiliteit. Spoedreparaties of andere acute vragen kunnen wij snel inplannen.",Netherlands,23.347222,,,
Interim Transport Group,23316835.0,"Netherlands, Dalen, 21 21 Kleine Veld, 7751",https://www.linkedin.com/company/interim-transport-group,www.interimtransport.com,"Your way, our style. Een dynamische organisatie voor transportbedrijven en beroepschauffeurs in en uit geheel Europa. Interim Transport Group staat garant voor efficiency en automatisering. Wij zorgen ervoor dat de juiste chauffeur op de juiste plek terecht komt. 24 uur per dag, zeven dagen in de week! Mensen staan bij Interim Transport Group centraal. Interim Transport Group werkt alleen met de allerbeste chauffeurs van Nederland. Na een uitgebreide intake, referentiecheck en een rijtest komt een kandidaat in aanmerking. Daarna luisteren wij goed naar de wensen van de chauffeur. Het is voor iedereen van belang dat hij op de juiste plek terecht komt. Vanaf het moment dat een chauffeur voor Interim Transport Group gaat rijden kan hij rekenen op een uitgebreide begeleiding. Wij nemen de planners van transportbedrijven het werk graag uit handen. Zij hoeven zich alleen bezig te houden met de vracht zelf. Het bemannen van de auto’s regelen wij, Nationaal en Internationaal. Dat is onze core business. Het is tijd voor een nieuwe start met een frisse, moderne kijk op het uitzendgebeuren. Wij zijn er helemaal klaar voor! Met een gezamenlijke ervaring van 30 jaar in de transport sector kent de Interim Transport Group de klappen van de zweep.",Netherlands,23.316835,,,
Montrieurs,22026690.0,"Netherlands, Holland, 14 Limpergstraat, 2288ad",https://www.linkedin.com/company/montrieurs,www.montrieurs.nl,"Montrieurs is al meer dan tien jaar een zeer betrouwbare dienstverlener voor interieurmontage en meubelbezorging. Onze jarenlange ervaring ziet men direct terug in de vakkundige oplevering. Of dat nu voor particulieren is of voor één van onze vooraanstaande opdrachtgevers.    Ons team is gespecialiseerd in het totaaltraject. Dat betekent dat u weinig omkijken naar uw logistieke afdeling heeft. Planning, transport, installatie en service zijn enkele diensten binnen onze business. Ook de nazorg is bij ons heel vanzelfsprekend en onderdeel van onze vaste prijs. Dat is duidelijk en wel zo gemakkelijk! Montrieurs wordt ingehuurd door retailers die opereren in de meubelbranche. Onze klanten bevinden zich in het midden-hoog segment en hoge segment. Montrieurs staat erom bekend op alle fronten uitstekende service, kwaliteit en bovenal een goede en duidelijke communicatie te leveren. Montrieurs is altijd op zoek naar nieuwe uitdagingen en kansen. Mocht u interesse hebben in onze diensten of een andere vraag hebben dan horen wij graag van u. U kunt u zowel per mail als telefonisch bereiken. Tot ziens.",Netherlands,22.02669,,,
Ssp - A Smithers company,21397356.0,"Netherlands, Heinenoord, 7u Reedijk, 3274",https://www.linkedin.com/company/ssp-b-v,www.ssp-rotterdam.nl,"Ssp - a Smithers company is gespecialiseerd in het inspecteren en bemonsteren van vaste brandstoffen, ferro-legeringen, mineralen en metalen. Of het nu gaat om het nemen van monsters volgens internationale normen, het toezicht houden op het laden/lossen van goederen of het assisteren bij temperatuurbeheersing op voorraden, onze werkzaamheden worden wereldwijd 24/7 uitgevoerd. Onder andere in de havens en op de terminals van Rotterdam, Amsterdam, Vlissingen, Antwerpen, Dordrecht en Moerdijk zijn wij dagelijks te vinden. In 2013 hebben wij een zelfstandig en onafhankelijk laboratorium opgericht onder de naam Ssp Analytical Services B.V.  Zowel Ssp als Ssp Analytical Services B.V. bevinden zich samen onder één dak in Heinenoord. In het laboratorium worden analytisch chemische analyses verricht op het gebied van vaste (bio) brandstoffen, cokes, Fe legeringen, concentraten en mineralen in opdracht van onze klanten. In 2021 namen wij een grote stap in onze verdere ontwikkeling en zijn wij onderdeel geworden van Smithers. Smithers is een wereldwijde leverancier van test-, advies-, informatie- en compliancediensten. Samen met Smithers zien wij de toekomst met vertrouwen tegemoet. Wij blijven werken aan verdere groei en professionalisering van onze organisatie, waarbij iedereen binnen Ssp baat heeft.",Netherlands,21.397356,,,
Maasstad Regie Centrale,20862431.0,"Netherlands, South Holland, Rotterdam, 28d Laagjesweg, 3076",https://www.linkedin.com/company/maasstadvervoerservice,www.mrc-nederland.nl,"MAASSTAD REGIE CENTRALE behoort tot een van de beste personenvervoerders in de Regio. We zijn actief in (regio)taxivervoer en leerlingenvervoer voor opdrachtgevers en personenvervoer voor zorginstellingen. Maasstad Vervoerservice onderscheidt zich enerzijds door klantgerichtheid, flexibiliteit en anderzijds door een sterk accent op kwaliteit en veiligheid. De onderneming stelt hoge eisen aan het niveau van haar mensen en middelen en is TX-  gecertificeerd. Continu wordt geïnvesteerd in de verbetering van de bedrijfs- en personele processen, waaronder personeelszorg en opleidingen.",Netherlands,20.862431,,,
Boonstra Group,20138688.0,"Netherlands, Friesland, Haulerwijk, 63b Leeksterweg, 8433",https://www.linkedin.com/company/boonstragroup,www.boonstra.eu,"Met Boonstra Transport maakt u kennis met een modern kwaliteitsgericht transportbedrijf met een lange historie. Reeds in de jaren twintig van de vorige eeuw kochten de grootouders van het huidige management hun eerste vrachtauto. Inmiddels is de onderneming uitgegroeid tot een goed georganiseerde, strak geplande logistieke organisatie in het wegtransport met bijna 100 trekkende eenheden en ca. 150 medewerkers. Naast efficiënte planning en snelle computers klopt er nog steeds een betrokken transporteurhart. De derde generatie runt momenteel het transportbedrijf. Vandaag de dag ondersteund met voertuigen voorzien van de modernste technieken, communicatiemiddelen en goed opgeleide medewerkers. Niet voor niets kenmerkt de kwaliteitsgerichte onderneming zich als de betere in de transport branche met de slogan: ‘Topsport in Transport’ Inmiddels worden jaarlijks circa 10 miljoen kilometers afgelegd voor een trouwe, hechte klantenkring. ‘Flexibiliteit, betrouwbaarheid en efficiency’ vormen de basis voor een gestage en gezonde groei. De service van Boonstra Transport omvat o.a. 24-uurs leveringen en levering aan huis met een meeneem-heftruck. Boonstra Transport B.V. is gecertificeerd volgens ISO 9001-2015, TAPA TSR 1-2017,  SKAL & GMP+ B3 en B4",Netherlands,20.138688,,,
UVO Vervoer B.V.,20138688.0,"Netherlands, Groningen, Uithuizermeeden, 5 Bergsmastraat, 9982",https://www.linkedin.com/company/uvo-vervoer-b-v,www.uvovervoer.nl,"Wij bieden een antwoord op uw totale vervoersvraag; wij kunnen dan ook het vervoer verzorgen voor een enkel individu tot een groep van 500 personen -of zelfs meer. Op verschillende evenementen zorgt UVO Vervoer voor de oplossing van -soms complexe- vervoersproblemen. Reeds meer dan 92 jaar staat UVO Vervoer paraat. Chauffeurs, centralisten, mecaniciens, poetsers en directie spannen zich dagelijks in om uw taxi- en/of touringcarrit op tijd, comfortabel en veilig te laten verlopen. Daarnaast staat duurzaamheid hoog op onze agenda. Veel van onze taxi’s rijden bijvoorbeeld op het nagenoeg CO2-neutrale Groen Gas dat wordt gewonnen uit tuinafval, planten, mest en rioolslib.",Netherlands,20.138688,,,
Verduyn Group,19945110.0,"Netherlands, North Holland, Hoofddorp, Rijnlanderweg, 2132",https://www.linkedin.com/company/verduyn-group,verduyn-group.nl,"Een familiebedrijf dat in 1934 is opgericht door dhr. Verduyn en zich heeft gespecialiseerd in het transporteren van bitumen door West en Oost/Europa. Naast de bitumen worden er containers, brandstof en chemicaliën vervoerd.",Netherlands,19.94511,,,
Koninklijke Van Der Slot Groep,18880020.0,"Netherlands, South Holland, Noordwijkerhout, 63 's-gravendamseweg, 2211",https://www.linkedin.com/company/vanderslotgroep,www.vanderslot.nl,"De Koninklijke Van der Slot Groep houdt zich 24/7 bezig met het transporteren en logistiek verwerken van hoofdzakelijk sierteeltproducten. Om gerichte service te kunnen bieden aan onze klanten, bestaat de Koninklijke Van der Slot Groep inmiddels uit meerdere bedrijven: met eigen vestigingen op Royal FloraHolland Naaldwijk, Rijnsburg, Aalsmeer, in Emmeloord, Numansdorp (NL) en in Lokeren en Lochristi (BE) is de Van der Slot Groep met meer dan 200 medewerkers uitgegroeid tot één van de meest toonaangevende logistiek dienstverleners binnen de sierteeltsector. Onze verschillende bedrijven zijn gespecialiseerd binnen hun eigen disciplines, maar hun werkzaamheden sluiten naadloos op elkaar aan. In combinatie met vakmensen en kwaliteitsmateriaal bieden wij onze klanten een breed dienstenpakket aan. Wij ontzorgen diverse groothandelaren, tuincentra en kwekers op het gebied van sierteeltlogistiek in Nederland, België en Duitsland. In 2018 hebben we ons 100-jarig bestaan mogen vieren. Ondanks dat we al een tijdje meegaan, zijn we jong qua ondernemen en maken we al jaren gezonde groei door! De Koninklijke Van der Slot Groep is een vooruitstrevende dienstverlener en een moderne werkgever. Als de woorden dynamisch, flexibel, service en kwaliteit je aanspreken, dan zijn wij op zoek naar jou! Wij zoeken enthousiaste medewerkers die met ons willen werken aan een optimale dienstverlening voor onze klanten. Wij bieden een open, informele en gezellige werkomgeving, waarin samen hard gewerkt wordt. Hierbij horen goede arbeidsvoorwaarden en organiseren wij regelmatig leuke activiteiten, omdat de boog niet altijd gespannen kan staan. Heb jij ambities om jezelf te ontwikkelen? Ook dan kun jij prima bij ons terecht! Wij bieden namelijk goede doorgroei- en opleidingsmogelijkheden.",Netherlands,18.88002,,,
Fellinger Internationale Transporten,18408028.0,"Netherlands, Overijssel, Kampen, 54 Eckertstraat, 8263",https://www.linkedin.com/company/fellinger-internationale-transporten-vof,www.fellingertransport.eu,Bij Fellinger Internationale Transporten vervoeren wij koel- en vriesgoederen vanuit onze standplaats in Kampen naar de grote binnensteden van Europa. Daarbij hebben onze chauffeurs veel contact met klanten en manoeuvreren ze zich door deze grote steden. Dit maakt het werk zo leuk en uniek! We rijden van Scandinavië tot Zuid-Frankrijk en van Duitsland tot Hongarije. Wekelijks lossen onze chauffeurs met zijn allen ruim 1200 klanten door heel Europa en daar zijn wij super trots op!,Netherlands,18.408028,,,
Bentvelzen Transport - Bentvelzen Logistiek,18250686.0,"Netherlands, South Holland, Bleiswijk, 202 Klappolder, 2665",https://www.linkedin.com/company/bentvelzentransport,www.bentvelzentransport.nl,"Bentvelzen Transport B.V. is opgericht in 1955 en is al ruim 65 jaar een flexibele en betrouwbare transportonderneming met een persoonlijke service en heeft zich, door je jaren heen, gespecialiseerd in geconditioneerd vervoer over de weg. Wij streven naar een lange termijn relatie met onze klanten omdat, volgens onze visie, dit tot meer succes leidt. Onze persoonlijke betrokkenheid is voor ons een belangrijke drijfveer, dit komt mede voort uit het feit dat we een familiebedrijf zijn. Het grootste deel van onze werkzaamheden bestaat uit “dedicated transport”, voor een aantal vaste opdrachtgevers. Wij beschikken over een modern en goed onderhouden wagenpark van ruim 70 auto’s. Ons wagenpark bestaat uit trekkers, bakwagens en koel/vriestrailers. Al deze voertuigen zijn Euro 5 of Euro 6 gecertificeerd. Het merendeel van onze trailers is PIEK-gecertificeerd. Daarnaast is het grootste deel van onze bakwagens en trailers voorzien van Multi temp en Euroscan. Nagenoeg al onze voertuigen zijn ingericht naar de wensen en eisen van onze opdrachtgever(s) en zijn voorzien met logo’s en belettering in de huisstijl van de opdrachtgever(s). Wij richten ons voornamelijk op nationaal transport, maar wij rijden ook naar omringende landen als Duitsland en België.",Netherlands,18.250686,,,
Schot Groep,18250686.0,"Netherlands, North Holland, Alkmaar, 3 Smaragdweg, 1812",https://www.linkedin.com/company/schot-groep,www.schot-groep.nl,"Toen Gijsbert Schot en Zonen in 1931 een transportbedrijf begon aan de Herenweg in het toenmalige Oudorp bij Alkmaar, hield hij zich hoofdzakelijk bezig met het afgraven van zand en het transport daarvan ten behoeve van de wegenbouw. De firma G. Schot en Zonen van toen is nu uitgegroeid tot de Schot Groep, met de werkmaatschappijen Schot Infra, Schot Verticaal Transport, Kwinfra en Dailycool. Het Hoofdkantoor van de Schot Groep is gevestigd op het industrieterrein Boekelermeer in Alkmaar.",Netherlands,18.250686,,,
Personenvervoer Kort,18157863.0,Netherlands,https://www.linkedin.com/company/personenvervoer-kort,www.personenvervoerkort.nl,Personenvervoer Kort is een taxibedrijf dat zich richt op vervoer met aandacht,Netherlands,18.157863,,,
Korpershoek BV,17621352.0,"Netherlands, Gelderland, Nijkerk",https://www.linkedin.com/company/korpershoek-bv,www.korpershoek.nl,"Korpershoek is een logistiek dienstverlenend bedrijf, opgericht in 1985.  Een logistieke dienstverlener in een wereld waar iedere organisatie uniek is en dus unieke logistieke  wensen heeft. Voorts heeft Korpershoek een enorme expertise opgebouwd op het gebied van douane-, in- en uitvoerformaliteiten. Daarmee heeft Korpershoek zich ontwikkeld tot een waardevolle partner voor uw bedrijfsvoering. Of u nu zaken doet met leveranciers en/of afnemers in welk werelddeel of welk Europees land binnen en buiten de EU dan ook, u weet zich verzekerd van een logistiek dienstverlener die precies weet wat nodig is. Korpershoek weet wat moet gebeuren om uw goederen precies op tijd, voorzien van de juiste documenten op de plaats van bestemming te krijgen. Daarnaast bieden wij u (geconditioneerde) op- en overslaggelegenheid voor uw goederen. Het tot in perfectie uitgevoerde transport- en opslagproces zorgt voor nauwkeurige levering. Bij Korpershoek zijn alle logistieke onderdelen – ónze kerntaken - in zeer vertrouwde handen. U kunt al uw aandacht richten op úw corebusiness, bij Korpershoek ontzorgen wij u van A tot Z.",Netherlands,17.621352,,,
ULTRA Group,17180826.0,"Netherlands, North Holland, Amsterdam, 90 Portsmuiden, 1046",https://www.linkedin.com/company/ultra-transport-logistics-b-v,www.ultralogistics.nl,"Ultra Logistics levert in opdracht van klanten pakketten en vrachtlading. Dit doen wij regionaal, nationaal en internationaal.  Het hoofdkantoor van Ultra Logistics bevind zich in Amsterdam. Daarnaast hebben wij nog standplaatsen in Utrecht, Vianen, Rotterdam en Venlo. Naast logistiek biedt Ultra Fulfilment logistieke oplossingen aan voor groothandels en webshops. Vanuit de locaties in Amsterdam en Zaandam worden zowel B2B als B2C klanten voorzien van opslag, orderpicken en retourverwerking.",Netherlands,17.180826,,,
De Ooievaart - Rondvaart Den Haag,17180826.0,"Netherlands, Den Haag, 18 B Bierkade, 2512ab 2512ab",https://www.linkedin.com/company/ooievaart,www.ooievaart.nl,Stichting de Ooievaart heeft zich bewezen als een prima rondvaartorganisatie en een betrouwbaar partner.  Wij zijn gevestigd in het centrum van Den Haag alwaar onze rondvaart dan ook start. Nl de Bierkade. Vanaf hier varen we een rondtje Oud Centrum van Den Haag. Na het oude centrum komen we vervolgens in het koninklijk Den Haag.,Netherlands,17.180826,,,
LTE Netherlands BV,17180826.0,Netherlands,https://www.linkedin.com/company/lte-netherlands-bv,www.lte.at,"Since the year 2012 LTE Netherlands B.V. exists. LTE Netherlands holds railroad license A and since 2015, licence B for Germany. Some company history: Since the year 2000 LTE is an innovative private railway company specialised in freight transportation and logistics. Our mission is to provide our customers with outstanding solutions and services. Our strengths are innovative and individual rail transport concepts, extraordinary flexibility and services and 24h dispatching and train monitoring. With our local presence in Austria, Hungary, Slovakia, the Czech Republic, the Netherlands, Germany, Romania, Poland and a partner company in Slovenia (Adria Transport / Port of Koper) we ensure superior services to our customers. LTE is ISO 9001 certified and the first Austrian private railway company with SQAS certification. LTE is dedicated to continuous improvement of products, services and processes to assure highest safety and quality standards. Our standards: Safety Certificate in AT, HU, SK, CZ, NL Quality-and Safety Management System Public liability insurance AT, HU, SK, CZ, NL Comprehensive insurance for wagons and goods",Netherlands,17.180826,,,
Combi Terminal Twente B.V.,16992018.0,"Netherlands, Overijssel, Hengelo, 4 Zuidelijke Havenweg, 7554",https://www.linkedin.com/company/combi-terminal-twente-b.v.,www.ctt-twente.nl,"CTT is a fast growing, fully equiped intermodal transportation company with own inlandterminals in the Netherlands and Germany. With daily services to our Inlandterminals by barge, rail or truck we offer certified, sustainable and reliable connections.",Netherlands,16.992018,,,
Surlogic,16472278.0,"Netherlands, North Brabant, Boxtel, 15 Van Salmstraat, 5281rp",https://www.linkedin.com/company/surlogic,surlogic.nl,"Onze jarenlange kennis van logistiek, betrokkenheid en betrouwbaarheid maken Surlogic tot dé e-fulfilment partner voor webwinkels. Wij bieden oplossingen op maat passend bij de meest complexe order requirements. Hierdoor nemen wij u de logistieke zorg uit handen en laten we uw webshop optimaal presteren. Zo kunt u zich volledig focussen op ondernemen terwijl de logistiek en voorraadbeheer in onze vertrouwde handen ligt. Wij bieden u een volledige service van A tot Z.",Netherlands,16.472278,,,
ZUIDWEST Totaal In Logistiek,16362684.0,"Netherlands, Zeeland, Goes, 3 Van Doornestraat, 4462",https://www.linkedin.com/company/zuidwest-logistiek,www.zuidwestlogistiek.nl,"Spoedkoerier, transport, distributie en opslag door heel Europa. Gegarandeerd snel, betrouwbaar en op tijd!  ZUIDWEST Logistiek is een dynamische en snelgroeiende onderneming. Vanuit vestigingen in Goes, Krimpen a/d IJssel, Terneuzen en Tholen bieden wij een breed scala aan logistieke diensten.  Vakbekwame koeriers zetten zich dagelijks in voor het zorgvuldig en snel afleveren van uw zendingen; nationaal en internationaal door heel Europa. Daarnaast is ons wagenpark zo uitgebreid dat wij iedere lading kunnen vervoeren. Breed dienstenpakket: Van het sneltransport, koeltransport, vervoer van de gevaarlijke stoffen kunt u rekenen op betrouwbaar en flexibel transport binnen de Benelux. Wij staan dag- & nacht klaar en hebben altijd overzicht door geïntegreerde traceersystemen. Maatwerk: Wij vertalen uw koerierswensen in passende vervoersoplossing. Daarvoor bieden wij niet alleen passend vervoer en professionele chauffeurs, ook het verzorgen van de noodzakelijke vrachtbrieven en eventuele douaneformaliteiten nemen wij u graag uit handen.",Netherlands,16.362684,,,
Port Of Moerdijk,16099954.0,"Netherlands, Moerdijk, 3 Plaza",https://www.linkedin.com/company/port-of-moerdijk,www.portofmoerdijk.nl,"Port of Moerdijk is de meest landinwaartse zeehaven van Nederland en door de aanwezige mogelijkheden voor shortsea, binnenvaart, rail, road en buisleidingen hét knooppunt voor Europese toegevoegde waarde logistiek en circulaire chemie. in de Vlaams-Nederlandse Delta.  Havenbedrijf Moerdijk werkt betrouwbaar en daadkrachtig aan een veilige en duurzame haven-en industriegebied, met oog voor profit, people en planet.  Port of Moerdijk is een belangrijke economische motor voor de regio en biedt direct en indirect werkgelegenheid voor ruim 20.000 mensen.",Netherlands,16.099954,,,
Driessen Speciaal Transport BV,15733350.0,"Netherlands, Limburg, Horst",https://www.linkedin.com/company/driessen-speciaal-transport-bv,www.driessen-horst.nl,"De Driessen Groep werd in 1942 opgericht door Hubert Driessen en heeft zich in 75 jaar ontwikkeld tot een innovatieve organisatie waarbij de wensen van de klant centraal staan. De Driessen Groep is een familieonderneming die bestaat uit een aantal bedrijven die een specifieke vorm van dienstverlening aanbieden. De Groep is aktief in speciaal transport,grondwerken, machineverhuur t.b.v. spoorwegonderhoud en techniek & service. Speciaal transport Driessen Speciaal Transport BV verzorgt dagelijks de meest uiteenlopende transporten. Een groot aantal eenheden is actief in het transport van prefab beton in West-Europa Het uitvoeren van speciaal transport in West-Europa. Specialist in het transporteren van prefab elementen",Netherlands,15.73335,,,
Djoser,15658738.0,"Netherlands, South Holland, Leiden",https://www.linkedin.com/company/djoser,www.djoser.nl,"Djoser is een reisorganisatie die zich richt op het aanbieden van unieke en avontuurlijke rondreizen naar diverse bestemmingen, met een sterke focus op cultuur, natuur en lokale ervaringen. De organisatie biedt een breed scala aan reizen, waaronder groepsreizen naar Zuid-Amerika, de Verenigde Staten, India, Nepal, Egypte, en Afrika, waarbij de nadruk ligt op het ontdekken van de rijke geschiedenis, adembenemende landschappen en levendige culturen van deze regio's. Djoser heeft als missie om reizigers de vrijheid te geven om op hun eigen manier te verkennen, terwijl ervaren Nederlandse reisbegeleiders hen begeleiden naar zowel populaire als verborgen parels.  De organisatie richt zich voornamelijk op avontuurlijke reizigers, waaronder zowel solo-reizigers als gezinnen en vrienden, die op zoek zijn naar authentieke ervaringen en een combinatie van georganiseerde tours en individuele vrijheid. Djoser werkt samen met lokale gidsen en partners om een diepere verbinding met de bestemmingen te creëren en biedt een flexibele reisstructuur die deelnemers in staat stelt om hun eigen programma te bepalen. Met een gemiddelde groepsgrootte van 16 deelnemers, zorgt Djoser voor een persoonlijke en intieme reiservaring, waarbij de nadruk ligt op het ontdekken van lokale culturen en het ontmoeten van mensen. Djoser staat bekend om haar deskundige reisbegeleiding en biedt een breed scala aan excursies en activiteiten die de rijke cultuur en natuur van de bestemmingen benadrukken. De organisatie heeft meer dan 40 jaar ervaring in de reisbranche en streeft naar klanttevredenheid door authentieke en duurzame reiservaringen te garanderen. Djoser richt zich op natuurliefhebbers, cultuursnuivers en avontuurlijke reizigers die op zoek zijn naar een unieke en onvergetelijke reiservaring, met respect voor lokale tradities en gemeenschappen.",Netherlands,15.658738,,,
Compass Transport,15104016.0,"Netherlands, Overijssel, Hardenberg, 11 Zwedenweg, 7772",https://www.linkedin.com/company/compass-transport,www.compasstransport.nl,"Door de jarenlange ervaring in transport en logistiek heeft Compass Transport zich ontwikkeld tot een volwaardig nationaal en internationaal transport- en distributiepartner binnen de Benelux en overige landen in Europa. Met het team gemotiveerde transport- en distributie specialisten dat opereert vanuit Hardenberg zijn wij iedere dag weer in staat dat stukje extra service te verlenen wat u van ons verwacht! Daarnaast zijn al onze chauffeurs ADR opgeleid dus ook voor gevaarlijke stoffen kunt u bij ons terecht... Compass Transport onderscheidt zich als transporbedrijf door zich te allen tijde vast te houden aan de waarden waar wij vanaf de eerste dag voor staan..  Bent u ook opzoek naar een betrouwbare transport- en distributiepartner voor uw zendingen in Nederland, België en Luxemburg en overige landen Europese landen? Hecht u waarde aan continuïteit? Dan kunt u kiezen uit een groot aantal transportbedrijven. Maar kiest u ook voor kwaliteit, flexibiliteit en korte communicatielijnen, dan bent u voor uw transport en distributie zendingen bij Compass Transport aan het juiste adres!  Wij komen graag met u in contact om samen met u te kijken naar de mogelijkheden waarin Compass Transport haar dienstverlening ook voor uw bedrijf kan uitvoeren.",Netherlands,15.104016,,,
Antonisen B.V.,14726422.0,"Netherlands, North Brabant, Oud, 19 Argon, 4751",https://www.linkedin.com/company/antonisenbv,www.antonisen.com,"Antonisen profileert zich als full-service provider. Wij zijn expediteur, transporteur en de juiste partner op logistiek gebied.  Over de gehele wereld, via land-, lucht- of zeetransport, zorgen wij ervoor dat uw missie succesvol en effectief verloopt.  Daarnaast ontzorgen wij u van alle overige zaken, zoals vergunningen en het regelen van begeleiders waar nodig. We adviseren u het meest adequate traject voor uw transport, hierbij maken we onderscheid in de volgende goederensoorten: * Reguliere goederen  * ADR  * Klasse 1  * Strategische goederen Voorbereiding is volgens ons het halve werk. Ons team exploreert nieuwe transportroutes voorafgaand aan het daadwerkelijke transport en bekijkt wat voor u de beste oplossing is. Ieder heeft zijn eigen specialiteit, zo krijgt u altijd de juiste persoon en service tot uw beschikking. Wij zijn dan ook 24/7 bereikbaar en staan u graag te woord.",Netherlands,14.726422,,,
Van Thiel Transport B.V.,14474682.0,"Netherlands, Gelderland, Hierden",https://www.linkedin.com/company/van-thiel-transport-b-v-,vanthiel.nl,"Van Thiel Transport B.V. is a Forwarding company located in 1 Kleine Mheenweg, Hierden, Gelderland, Netherlands. We are committed to provide transport to anywhere in the world in the best suitable way.  It doesn't matter if you are looking for Road, Sea, Air or Rail freight or even warehousing we can help you! Our transport quality control system enables us to accurately track & trace your consignments and keep you informed of their whereabouts. You do not have to call us, because we will inform you. Once you placed a transport order, we will draw up a delivery schedule. If desired we can also keep your customers informed of the progress of the goods. We also carry out interim checks between deliveries, and if there is any deviation we will inform you of this immediately. You can sit back and relax in the confidence that we will keep you informed!",Netherlands,14.474682,,,
BTT Multimodal Container Solutions,14394298.0,"Netherlands, North Brabant, Tilburg",https://www.linkedin.com/company/btt-multimodal-container-solutions,www.bttilburg.nl,"BTT Multimodal Container Solutions is a forward-thinking logistics company dedicated to providing sustainable and efficient transport solutions. With a mission to lead the way in green logistics, BTT integrates innovative technologies, such as their first electric truck, into their operations to minimize environmental impact while delivering reliable services to clients. The company recently expanded its capabilities with a state-of-the-art terminal in Bergen op Zoom, enhancing its capacity to handle 550,000 TEU annually and facilitating multimodal transport via inland waterways and rail connections, including direct links to China. BTT's commitment to ecological responsibility is reflected in its partnerships and collaborations, as they strive to support global trade while prioritizing sustainability. Their target market includes businesses seeking environmentally friendly logistics solutions, and they believe that collaboration is key to achieving shared goals in the transport sector.",Netherlands,14.394298,,,
Embassy Freight Rotterdam,13916089.0,"Netherlands, South Holland, Vlaardingen, 33 Gerard Burgerlaan",https://www.linkedin.com/company/1484714,www.embassyfreight.nl,"Meet Embassy Freight Rotterdam; your digital freight forwarder with an open, honest and informal culture where personal contact and neutrality are key. We are solution-oriented and flexible. You can rely on our years of experience and extensive worldwide network to find a suitable solution for any logistical challenge. Logistics is in our blood and consultancy is part of our service. ALWAYS A STEP AHEAD. We can no longer imagine a world without digitization, and that rings true for the world of transport and logistics. We are an innovator, always keeping up with the latest developments. You can follow your shipments in real time with our Track & Trace system and get various reports for your records. WE KNOW THE WAY. When talking about transport and logistics, we literally know the way. Thanks to our extensive network of reliable logistic partners, we have a solution for all your logistic challenges. Our main focus is a timely and correct delivery of your goods whatever the circumstances. JUST ASK US. We always keep up with the latest regulations and legislation pertaining to logistics. Sharing knowledge with you, so you can make the best decisions, is ingrained in our DNA. With our worldwide network and extensive knowledge, we can expedite your shipment, quickly and efficiently. Just ask Embassy! TOGETHER WE’RE STRONGER. A personal touch is one of the key elements to our company culture. Knowing and trusting each other, makes the job easier. We like to think along proactively and out of the box which enables us to tackle any issues, before they can become problems. Seafreight – Airfreight – Road transport – Stowage – Warehousing – Rail transport – Customs; just leave it to us and we will take care of it all.  Contact us at sales@embassyfreight.nl or call the office at +31 10 593 33 33 and we will be happy to assist. We do it The Embassy Way!",Netherlands,13.916089,,,
Mondial Movers,13901448.0,"Netherlands, South Holland, Alblasserdam, 52b Kelvinring, 2952",https://www.linkedin.com/company/mondial-movers,www.mondial-movers.nl,"Tweemaal Winnaar van De Kristal, als Beste MKB-bedrijf in 2011 en in 2012!! Mondial Movers,het landelijk netwerk van Erkende Verhuisbedrijven en De Zorgverhuizer van Nederland is in 1990 opgericht door acht verhuisbedrijven en is uitgegroeid tot een succesvolle organisatie  die op  28  plaatsen in Nederland aanwezig is. Wij richten ons op die opdrachtgevers die wij een voordeel kunnen bieden. De lokale zelfstandige vestiging werkt voor particulieren en regionale en plaatselijke opdrachtgevers. Mondial Movers werkt voor opdrachtgevers die óf een landelijke dekking op prijs stellen óf een verhuisproject willen laten uitvoeren dat voor een enkel verhuisbedrijf een maatje te groot is. Ook is Mondial Movers het kenniscentrum voor verhuizingen binnen de zorgsector. Hiervoor is haar Unit De Zorg verantwoordelijk. Mondial Movers levert een toegevoegde waarde (contractbeheer, accountmanagement, kwaliteitscontroles) die door opdrachtgevers zeker wordt gewaardeerd. In de verkoop richt zij zich daarom op relaties die behoefte hebben aan die meerwaarde, terwijl door de kostenbesparingen die binnen het samenwerkingsverband behaald worden de ‘verkooptarieven’ van Mondial Movers minimaal marktconform zijn.  De certificaten van Mondial Movers: ISO 9001, ISO 14001, IiP, OHSAS 18001 en als MVO koploper hebben wij ISO 26000 geimplementeerd",Netherlands,13.901448,,,
TMA Multimodal,13845348.0,"Netherlands, Utrecht, Utrecht, 33 Isotopenweg, 3542",https://www.linkedin.com/company/ctubv,www.tmalogistics.nl,"Logistieke dienstverlening op maat: CTU zet zich in om logistieke processen optimaal uit te voeren en te begeleiden. Wij hebben hiervoor meerdere inland containerterminals, in Utrecht, Tiel en Lelystad.",Netherlands,13.845348,,,
Brant Visser Transport En Warehousing,13531588.0,"Netherlands, Friesland, Heerenveen",https://www.linkedin.com/company/brant-visser-transport-&-warehousing,www.brantvisser.nl,"Brant Visser is een vooruitstrevende logistieke dienstverlener die zich bezig houdt met diverse activiteiten: warehousing, nationaal- en internationaal transport over de weg van zowel deel-, compleet- als volumineuze lading. Daarvoor beschikken wij over circa 15.000 m2 opslagruimte en een modern, goed onderhouden wagenpark bestaande uit 75 eenheden. Ons werkgebied beslaat voornamelijk België, Nederland, Duitsland en Frankrijk.",Netherlands,13.531588,,,
Riksen Transport Arnhem,13216014.0,"Netherlands, Gelderland, Arnhem, 10 Industriestraat, 6827bd",https://www.linkedin.com/company/riksen-arnhem,www.riksen.nl,"Specialist fijn distributie Belgie en Nederland binnen 24-uur van verpakte chemie. Dagelijks leveren wij goederen vanuit de magazijnen in Arnhem en Duiven en vanuit locaties van onze klanten volgens afspraak aan de eindklant. De organisatie beschikt over kwaliteitssystemen ISO 14001, 9001 en SQAS. Riksen heeft zich weten te specialiseren in complexe goederenstromen waarbij temperatuur opvolging, strikte tracking en tracing noodzakelijk zijn.",Netherlands,13.216014,,,
HM Verploegen - Internationaal Transportbedrijf,13216014.0,"Netherlands, Gelderland, Wijchen, 1005 Bijsterhuizen, 6604la",https://www.linkedin.com/company/hmverploegen,www.hmverploegen.nl,"Wij zijn een eigentijds transportbedrijf en specialist in levering binnen Frankrijk en de Benelux. Met jarenlange expertise in nationaal en internationaal transport is H.M. Verploegen een betrouwbare logistieke partner. We hebben ons in de afgelopen jaren extra toegelegd op transporten van en naar Frankrijk.  We streven naar een transparant vervoersproces waarbij onze klanten de status van hun producten continu op de voet kunnen volgen en onze chauffeurs het verlengstuk zijn van hun organisatie. Met moderne kennis en materialen en uitstekende kwaliteit van onze service en dienstverlening willen wij klanten optimaal ontzorgen. Ons transportbedrijf heeft de beschikking over 50 trekkende eenheden en zo’n 80 trailers. Ons wagenpark is een belangrijk visitekaartje voor ons bedrijf en onze chauffeurs zijn er trots op dat zij in deze mooie trucks mogen rijden. 𝐎𝐧𝐬 𝐭𝐞𝐚𝐦 Wij zijn trots op ons team van zo’n 80 medewerkers, die allemaal achter de kernwaarden van ons familiebedrijf staan. Onze binnendienst is 24/7 bereikbaar en onze chauffeurs zijn het visitekaartje van onze organisatie. Transportbedrijf H.M. Verploegen bestaat al sinds 1936. De broers Henri en Erwin Verploegen, die samen aan het roer staan van het bedrijf, behoren tot de derde generatie van het familiebedrijf. Ons bedrijf kent een platte organisatiestructuur waarin onze medewerkers volop de gelegenheid krijgen om zichzelf verder te ontwikkelen.  Daarnaast zet directeur Henri Verploegen zich als bestuurslid van het samenwerkingsverband Logistics Valley in voor een gezonde toekomst voor de sector Transport en Logistiek in de regio.  𝐅𝐫𝐚𝐧𝐤𝐫𝐢𝐣𝐤 𝐬𝐩𝐞𝐜𝐢𝐚𝐥𝐢𝐬𝐭 Naast de hoofdvestiging in Wijchen, nabij Nijmegen, heeft ons familiebedrijf ook een eigen vestiging en warehouse in het Franse Lyon.  Meer weten over ons bedrijf? Stuur dan een bericht via LinkedIn of kijk op onze website.",Netherlands,13.216014,,,
Special Air Services B.V.,12865213.0,Netherlands,https://www.linkedin.com/company/special-air-services-b-v-,www.vlieglessen.nl,"Special Air Services bv is het eerste Nederlandse vliegbedrijf in de General Aviation (kleine luchtvaart) dat beschikt over een Europese A.O.C. (Air Operator Certificate). Voor u als klant geeft deze erkenning waarborg voor de veiligheid en kwaliteit van de vluchtuitvoering, de vloot en het personeel. Special Air Services beschikt over een eigen vloot van 12 vliegtuigen, waaronder een aantal tweemotorige. De vloot kan door de vele nationale en internationale relaties van het bedrijf snel uitgebreid worden.   WAAROM VLIEGEN BIJ SPECIAL AIR SERVICES? - Wij vliegen op een Europese erkenning (AOC).  - U heeft een compleet verzekerings-pakket, waaronder een WA- en ongevallenverzekering.  - Goed opgeleide vliegers die tevens uw gastheer/vrouw zijn.  - U vliegt met schone en goed onderhouden vliegtuigen.  - S.A.S. staat voor veiligheid en betrouwbaarheid. Met de erkenning voldoet Special Air Services aan de kwaliteitseisen van de E.A.S.A. en de Inspectie Dienst Luchtvaart van het Ministerie van Verkeer & Waterstaat.  De naam van het bedrijf geeft al aan dat het zich heeft gespecialiseerd in de verschillende takken van de kleine luchtvaart. Hierbij willen wij u uitnodigen om via deze site nader kennis met ons te maken. Heeft u toch nog vragen over een van onze diensten of wilt u een afspraak met onze sales afdeling, neemt u dan even contact met ons op per telefoon of per email. Wij staan 7 dagen per week voor u klaar. www.vlieglessen.nl",Netherlands,12.865213,,,
9292 REISinformatiegroep bv,12633526.0,"Netherlands, Utrecht, Utrecht",https://www.linkedin.com/company/9292-reisinformatiegroep-bv,www.9292.nl,"9292 REISinformatiegroep bv is a leading provider of public transport information and ticketing solutions in the Netherlands, primarily through its innovative 9292 app. The company focuses on enhancing the travel experience by allowing users to purchase etickets for their entire journey across various modes of public transport, including trains, buses, trams, and ferries. With a mission to simplify public transport access, 9292 aims to make travel seamless and efficient for its users. The app not only facilitates ticket purchases but also provides personalized travel advice, catering to a diverse clientele that includes daily commuters, tourists, and occasional travelers. Partnering with multiple public transport operators, such as NS and Arriva, 9292 is committed to promoting sustainable mobility solutions while ensuring convenience and accessibility for all users.",Netherlands,12.633526,,,
Transport Groep Gelderland B.V.,12586680.0,"Netherlands, Gelderland, Doetinchem, 10 Transportweg, 7007",https://www.linkedin.com/company/transport-groep-gelderland-b.v.,www.tggbv.nl,"Transport Groep Gelderland B.V. houdt zich dagelijks bezig met het collecteren en distribueren van (rauwe) melk(producten) en transport in stukgoed. Dit doen we met een team gedreven chauffeurs, elke dag op pad met een stukje Achterhoekse mentaliteit.",Netherlands,12.58668,,,
Topspeed Netherlands B.V.,12586680.0,"Netherlands, Limburg, Panningen, Industrieterrein Panningen, 5981",https://www.linkedin.com/company/topspeed-netherlands-b-v-,www.topspeed.nl,"U heeft een zending die met spoed van A naar B moet? Topspeed, met vestigingen in Panningen, Eindhoven en Asten, is een internationaal koerierbedrijf dat zich er in gespecialiseerd heeft om de uiterst urgente transportproblemen van haar klanten direct op te lossen, 24 uur per dag, 7 dagen per week. Binnen Nederland of wereldwijd maar altijd exclusief dus zonder bijlading of overslag. Over de weg of door de lucht (per On-Board Courier). Wij realiseren de kortst mogelijke transporttijd én meest zekere en aankomstgarantie van uw zendingen.",Netherlands,12.58668,,,
Alptax Taxiservice B.V.,12586680.0,"Netherlands, North Brabant, Deurne, 10 Blasiusstraat, 5754av",https://www.linkedin.com/company/alptax-taxiservice-b-v-,www.alptax.nl,"Alptax Taxiservice BV. beschikt over een breed aanbod aan diensten. Het veelzijdige wagenpark bestaat momenteel uit 47 modern uitgeruste taxivoertuigen. Hiermee is Alptax een middelgroot taxibedrijf in de regio Zuidoost Brabant. Alptax streeft naar kwalitatief hoogwaardig vervoer. Voor elk vervoersprobleem bieden wij de oplossing! Met de hoofdvestiging in Deurne en nevenvestigingen in de gemeenten Helmond, Eindhoven, Gemert-Bakel, Asten en Someren vervoert Alptax dagelijks klanten naar alle gewenste bestemmingen in de regio en ver daarbuiten. Alptax beschikt over het TX-Keur. Waaraan herkent u een TX-Keur taxi? Een taxi die TX-keur gecertificeerd is herkent u aan de blauwe sticker rechts op de voorruit. Op de achterruit en de zijkanten van de taxi kunnen zich ook TX-stickers bevinden, de achterruit en zijkanten zijn echter niet verplicht. Een TX-Keur gecertificeerd bedrijf staat op de website van TX-keur vermeld  en voert de blauwe sticker.  Hierdoor kunt u er als consument op rekenen dat u op een veilige en comfortabele manier wordt vervoerd.  De bedrijven die het TX-Keur hebben behaald worden jaarlijks onafhankelijk getoetst. Daarnaast worden er continu tussentijdse kwaliteitscontroles gehouden op straat, bij ziekenhuizen, scholen en instellingen waar taxi's vaak komen.",Netherlands,12.58668,,,
Nassau Sneltransport Breda,12586680.0,"Netherlands, North Brabant, Breda, 258 Leursebaan, 4814re",https://www.linkedin.com/company/10926376,www.nassausneltransport.nl,"Ondernemen is de regie in handen nemen. Toekomstgericht werken en dat betekent keuzes maken om gezond en flexibel te blijven. We willen een bedrijf zijn dat aan de wensen voldoet en de verwachtingen overtreft. Een bedrijf waar klanten zich graag bij aansluiten. We komen afspraken na, zodat jij je afspraken na kunt komen. Daar draait het om! Krachten bundelen Nassau Sneltransport Breda is jong, maar toch ook weer niet. We zijn het resultaat van de krachtenbundeling van Gitrans Sneltransport en Van Dijk Expresse. Van Dijk Expresse is in 1984 opgericht, was toonaangevend, telde veel en gevarieerde klanten en profileerde zich sterk in farmaceutisch vervoer. Gitrans is in 1999 opgericht en was sterk in high value transport.  Door de krachtenbundeling is Nassau Sneltransport ontstaan. Samen zijn we sterk in het vervoer van tijdskritische-, hoogwaardige-, kwetsbare- en diefstalgevoelige goederen. Voor elke klant en elk type transport hebben wij een uitstekende oplossing. Flexibelk en dynamisch: Als logistiek bedrijf komt er van alles op je pad: verduurzaming, veiligheid, krapte op de arbeidsmarkt, drukte op de wegen, nieuwe en veranderende transportstromen. Dat zien we als uitdagingen en wij zijn dus klaar voor die uitdagende toekomst! Onze naam, Nassau Sneltransport Breda, geeft aan waar we vandaan komen en waar we voor staan. Het is een naam om trots op te zijn, met een huisstijl die trots uitstraalt! Waarbij het opvallende oranje staat voor verbondenheid, energie en dynamiek.",Netherlands,12.58668,,,
Delft Hyperloop,12549409.0,"Netherlands, South Holland, Delft",https://www.linkedin.com/company/delft-hyperloop,www.delfthyperloop.nl,"For years now, the transportation industry has consisted of four modes of transportation. Society has settled on cars, trains, boats, and airplanes. In 2013, a new conceptual high-speed transportation system was introduced using near-vacuum tubes in which pressurized vehicles travel: the Hyperloop. Due to low air resistance in the tubes, the vehicles can travel at speeds of over 1000 km/h, almost the speed of sound. Delft Hyperloop IX (DH09) is a team of 43 students from Delft University of Technology, on a mission to develop the desire, technology, and infrastructure for the future implementation of the Hyperloop system. We believe that the Hyperloop, a concept that is as fast as an airplane but has a fraction of the ecological footprint, will be the fifth mode of transportation and the future of long-distance traveling. We, as a team, will build upon years of successful experience and multiple great performances in the SpaceX Hyperloop Pod Competition and the European Hyperloop Week (EHW). This year, we will be co-organizing and participating in EHW 2025, set to take place in Groningen and Veendam in July 2025. Follow DH09 on LinkedIn to see our journey and watch us achieve our goals!",Netherlands,12.549409,,,
Roosenboom,12505621.0,"Netherlands, North Brabant, Bergen Op Zoom, 5 5 Slingerweg, 4613",https://www.linkedin.com/company/roosenboom-transport-&-expeditie-bv,www.roosenboom-logistiek.nl,"Roosenboom is een familiebedrijf dat in 1992 werd opgericht. Wat bij Roosenboom begon als enkel transportactiviteiten, is inmiddels uitgegroeid tot een volledige logistieke dienstverlener, met aanvullende specialisaties in warehousing, value-added logistics en customs. Roosenboom onderscheidt zich door zijn service, flexibiliteit, digitalisering en verduurzaming",Netherlands,12.505621,,,
Logistiek.nl,12461246.0,"Netherlands, Utrecht, Zeist",https://www.linkedin.com/company/logistiek.nl,www.logistiek.nl,"Met een community van ruim 30.000 professionals is Logistiek hét multimediale platform voor logistiek in Nederland.  Logistiek richt zich op de thema's Smart Warehousing, Logistieke dienstverlening, Logistieke Arbeidsmarkt, Ketensamenwerking, Logistieke Hotspots en E-fulfilment. De focus bij alles wat Logistiek aan content brengt, ligt op het bieden van ondersteuning bij het nemen van investeringsbeslissingen.",Netherlands,12.461246,,,
Audax Logistiek,12388079.0,"Netherlands, Gilze, 14 Burg. Krollaan",https://www.linkedin.com/company/audax-media-logistics,,"Uw partner in E-Fulfilment en Distributie. Audax Logistiek is uw partner voor alle e-fulfilment en distributie  diensten. Bent u retailer, e-tailer of heeft u een webshop en zoekt u een partner voor uw logistieke proces? Audax Logistiek biedt maatwerkoplossingen gebaseerd op beproefde standaarden uit de markt. Wij koppelen onze back-end oplossingen aan uw front-end. Wij slaan uw producten op, verwerken uw webshop orders, verpakken ze en regelen de verzending. We werken met flexibele cut-off tijden. Daarnaast ontzorgen wij u bij een eventuele retourverwerking. Wij ondersteunen cross-channel distributie oplossingen zoals bijv. een retourenstroom via de winkel waarbij wij er voor zorgen dat het weer in uw voorraad komt, in de winkel kopen en thuis laten bezorgen vanuit een centraal warehouse en click&collect zodat de online aankopen door de consument zelf kunnen worden opgehaald in de winkel of bij een pick-up point. Dit kunnen we bieden omdat we over een eigen gespecialiseerd fijnmazig distributienetwerk beschikken in de steden, de winkelstraten, supermarkten, scholen, benzinestations, enzovoorts in Nederland en Belgie. Wij maken 6.000-8.000 stops per dag. Wij bieden de juiste schaalgrootte voor zowel de start-up als ook voor de ervaren webwinkel en e-tailer. Met 250 collegae bieden wij al meer dan 40 jaar logistieke oplossingen. Wij ontzorgen u op het gebied van warehousing, e-fulfilment, distributie en e-logistics zodat u zich volledig kunt concentreren op uw core business. Een belangrijke meerwaarde is onze mogelijkheid om producten uniek te maken, om- en her- te verpakken, om van een andere barcode te voorzien, in cadeaupapier verpakken en om bijvoorbeeld sets te maken. Dit zijn slechts enkele voorbeelden van onze Value Added Services (VAS-diensten) welke eindeloze mogelijkheden bij ons kennen. Door onze schaalvoordelen en service gerichtheid kunnen wij samen met u voor een optimale Total Cost of Ownership zorgen",Netherlands,12.388079,,,
Railexperts,12286298.0,"Netherlands, Utrecht, Soesterberg, 7b Stemerdingweg, 3769",https://www.linkedin.com/company/railexperts,www.railexperts.nl,"Railexperts specialiseert zich in het aanbieden van dienstverlening op het gebied van personenvervoer per spoor. Zowel nationaal als internationaal. Tractie, personeel, advies, draaiboeken; Railexperts is van alle markten thuis. Railexperts offers rail services throughout Europe.  Traction, staffing, advise or operational plans; Railexperts are here to help. www.railexperts.nl",Netherlands,12.286298,,,
Wessels Transport Rijssen B.V.,12272018.0,"Netherlands, Rijssen Overrijssel, 13 Nijverheidsstraat, 7461",https://www.linkedin.com/company/wesselstransportrijssen,www.wessels-rijssen.nl,"Wessels Transport Rijssen is een transportbedrijf met 80 jaar ervaring. Wij zijn een deskundig logistiek partner voor transport door heel Europa.  Wessels Transport: voor een volledige ontzorging.  Wilt u geen omkijken meer hebben naar uw logistieke vraagstuk? Van logistieke oplossing tot planning en transport: wij werken strak en vakkundig, op basis van onderling vertrouwen en betrouwbaarheid. U wordt volledig ontzorgd en kunt zich op uw core business richten.  U kunt bij ons terecht voor transport van bouwmaterialen, stenenvervoer, transport met zware autolaadkranen, prefab-transport en stukgoedvervoer. Graag vertellen wij u hier meer over.",Netherlands,12.272018,,,
Car Drivers Chauffeursdiensten,12105242.0,"Netherlands, North Holland, Amsterdam, 573 Jan Tooropstraat, 1061",https://www.linkedin.com/company/car-drivers-chauffeursdiensten,www.car-drivers.nl,"Wij besparen onze klanten heel veel tijd in hun doorlopende zoektocht naar goede en ervaren chauffeurs, wij geven klanten de flexibiliteit om hun chauffeurspoule op te schalen tijdens piekmomenten en af te schalen tijdens rustige momenten, indien gewenst nemen wij alle administratie, planning en sturing van de chauffeurs over. Aan elk chauffeursverzoek koppelen wij de meest passende chauffeur die past bij de bedrijfscultuur van onze klanten.  Onze jarenlange ervaring zetten wij in om klanten te helpen om hun chauffeurs zo efficiënt mogelijk in te zetten.  Kortom, wij geven met onze chauffeurs de klanten de mogelijkheid om te groeien, te besparen en zich te focussen op hun core business.",Netherlands,12.105242,,,
Besseling Vervoert,11452320.0,"Netherlands, Utrecht, Amersfoort",https://www.linkedin.com/company/besseling-holding-b.v.,www.besseling.com,"BESSELING VERVOERT ... goederen en personen, van klein tot groot. Besseling is een familiebedrijf en kenmerkt zich door kwalitatief, veilig, duurzaam, betrouwbaar en betaalbaar vervoer. Vanuit het midden van Nederland kan Besseling geheel Nederland bedienen.",Netherlands,11.45232,,,
BAM Infra Verkeerstechniek,11044816.0,"Netherlands, Gelderland, Culemborg, 32 Plantijnweg",https://www.linkedin.com/company/bam-infra-verkeerstechniek,www.baminfratechniekmobiliteit.nl,"BAM Infra Verkeerstechniek richt zich op de markten voor verkeers- en besturingstechniek, waaronder tunneltechnische installaties, en opereert in de landelijke markt voor complexe projecten, als in de lokale verkeersmarkt. De hoofdvestiging van BAM Infra Verkeerstechniek is Culemborg.",Netherlands,11.044816,,,
Koel-en Vriestransport Voesenek BV,11044816.0,"Netherlands, North Brabant, Breda, 5262 Iabc, 4814rd",https://www.linkedin.com/company/koel-en-vriestransport-voesenek-bv,voesenek-transport.nl,"Koel- en Vriestransport Voesenek BV is een transporteur die zich gespecialiseerd heeft in geconditioneerd vervoer met een focus op klantgerichte oplossingen. Dit doen we nu al meer dan 65 jaar. Inmiddels hebben we ons in twee disciplines gespecialiseerd. Distributie ritten binnen de Benelux enerzijds en transporten van en naar Frankrijk anderzijds met een wagenpark bestaande uit meer dan 120 eenheden. Volgens ons is een beperking van het werkgebied noodzakelijk om een goede frequentie te bieden en om de beste kwaliteit en service te kunnen verlenen. Op onze locatie te Breda beschikken we over een eigen op- en overslag met EG-erkenning voor jullie gekoelde of diepgevroren producten. We wensen gekend te worden als het bedrijf waar net iets meer service en kwaliteit geboden wordt. De basis hiervoor wordt gevormd door onze moderne vloot en de inzet en prestaties van ons personeel op elk niveau. Vandaar dat wij ook bewust hebben gekozen om uitsluitend met goed opgeleide chauffeurs te werken. Ons wagenpark bestaat geheel uit DAF’s en Iveco’s en al onze trailers zijn voorzien van koelmotoren. Met onze verscheidenheid aan trailers (met dubbele verdampers, enkele verdampers en trailers voorzien van hangwerk) kunnen we aan al jullie wensen voldoen. Uiteraard beschikken we over een eigen wasstraat met de mogelijkheid tot uitspuiten en desinfecteren. Sinds 2007 zijn wij IFS Logistics gecertificeerd.",Netherlands,11.044816,,,
Kraanbedrijf Nederhoff,10760326.0,"Netherlands, South Holland, Gouda, 121 Burgemeester Van Reenensingel, 2803",https://www.linkedin.com/company/kraanbedrijf-nederhoff,www.nederhoff.nl,"Kraanbedrijf Nederhoff heeft vestigingen in Gouda en Vianen. Wij verhuren materieel voor verticaal en horizontaal transport: weg- en terreinkranen, loopkatkranen, verreikers en rupskranen. Niets is ons te veel. Voor elk project, groot of klein, bieden wij een passende oplossing. U kunt Kraanbedrijf Nederhoff ook inschakelen voor nationaal en internationaal (zwaar) transport. Diverse soorten oplegger- en diepladercombinaties staan tot uw beschikking. Met onze verscheidenheid aan materieel en gedegen engineering kunnen wij elk project aan. Onze vakbekwame en gemotiveerde medewerkers hebben veel ervaring in de meest uiteenlopende projecten. Van het hijsen van een piano naar de eerste verdieping tot aan het plaatsen van een brug van 80 ton. Zelfs een totale verhuizing van een fabriek of het verplaatsen van een antieke molen is ons niet vreemd. Dat wij veel ervaring in de bouwwereld hebben, spreekt natuurlijk voor zich. Dagelijks zijn onze medewerkers op bouwprojecten te vinden om bouwmaterialen te transporteren en te hijsen.",Netherlands,10.760326,,,
Delta Reefer Care B.V.,10760326.0,"Netherlands, South Holland, Rotterdam, 875 Europaweg, 3199",https://www.linkedin.com/company/delta-reefer-care,www.deltareefercare.nl,"Providing 24/7 Reefer, Rail and Airco services at all ECT Terminals.",Netherlands,10.760326,,,
Droginet,10698678.0,"Netherlands, Groningen, Winschoten, 15 Industrieweg",https://www.linkedin.com/company/droginet,droginet.nl,"Droginet verzorgt fulfilment voor e-commerce partijen, zodat de e-commerce partij zich kan bezighouden met de webshop en de verkoop. Voor online drogisterijen verzorgen wij alles: van inkoop, orderpick, verzending tot en met klantenservice & aftersales. De bekendste drogisterij daarvan is KoopjesDrogisterij die jaar op jaar groeit.  Droginet is een commercieel partner met een sociaal hart waarbij wij met mensen met afstand tot de arbeidsmarkt een baan en opleidingsplek bieden. Wij vertellen daarover omdat wij graag zien dat ook andere ondernemers deze mogelijkheden creëren omdat ieder mens kansen verdient. Het vergt veel inspanning en investering maar geeft nog meer voldoening.",Netherlands,10.698678,,,
Wiver Logistiek,10585449.0,"Netherlands, Eemnes, 9-2 Bramenberg, 3755",https://www.linkedin.com/company/wiver-logistiek,www.wiver.nl,"Wiver Logistiek is een toonaangevende HR-dienstverlener die zich richt op het uitzenden, opleiden en begeleiden van flexwerkers binnen de transport- en logistieksector. Met de missie om mensen te helpen hun eigen toekomst te kiezen op de arbeidsmarkt, biedt Wiver Logistiek een scala aan diensten, waaronder opleidingen, taallessen en persoonlijke begeleiding, om de duurzame inzetbaarheid van arbeidskrachten te waarborgen. Het bedrijf bedient een breed scala aan klanten, van kleine bedrijven tot grote logistieke spelers, en heeft een sterke focus op het creëren van een motiverende werkomgeving voor flexkrachten. Wiver Logistiek streeft ernaar marktleider te zijn in de Benelux en investeert continu in de ontwikkeling van zowel medewerkers als klanten, met als doel een eerlijke en kwalitatieve arbeidsmarkt te bevorderen.",Netherlands,10.585449,,,
Fuchs Service Equipment B.V.,10070103.0,"Netherlands, Utrecht, Veenendaal, 3a Arsenaal, 3905nn",https://www.linkedin.com/company/fuchs-workshop-equipment-bv,fuchs-wse.nl,"Fuchs Service Equipment BV is specialist in de import, distributie, installatie en after-salesservice van de technisch meest hoogwaardige apparatuur voor voertuigenwerkplaatsen. Wij leveren de gerenommeerde A- merken van Hunter Engineering, AUTOPSTENHOJ en Fuchs Hydrauliks. Deze producenten onderscheiden zich door een hoog kwaliteits niveau en innovatief karakter. Veel producten zij door automobielfabrikanten gehomologeerd. Daarnaast hebben wij een zeer goede reputatie opgebouwd op het gebied van service en onderhoud aan garage apparatuur. Hierbij beperken wij ons niet tot onze eigen merken.",Netherlands,10.070103,,,
Brouwer Urk Internationaal Transport B.V.,10069344.0,"Netherlands, Flevoland, Urk, 4 Westwal",https://www.linkedin.com/company/brouwer-urk-internationaal-transport-b.v.,www.brouwer-urk.nl,"Brouwer Transport – Uw partner in geconditioneerd transport Brouwer Transport transporteert geconditioneerde goederen van Nederland en België naar Duitsland, Oostenrijk en het Verenigd Koninkrijk. Daarnaast bestaan er voor de andere landen in Europa talloze mogelijkheden door het ijzersterke netwerk en samenwerkingen met andere logistieke partners. Informeer naar de mogelijkheden.  Het familiebedrijf kenmerkt zich door korte lijnen en een no-nonsense mentaliteit. De focus ligt op neutraliteit, kwaliteit, leverzekerheid en een lange samenwerking. Door het vertrouwen van de trouwe klantenkring heeft Brouwer talloze vaste lijnen naar Duitsland, Oostenrijk en Engeland opgebouwd. Hierdoor gaan de snelle levertijden gepaard met een hoog service-level en een zeer voordelige prijsstelling.  Brouwer kiest bewust voor Nederlandse chauffeurs met een ruime ervaring in het vak en affiniteit met de producten die ze vervoeren. Echte vakmensen die Brouwer een loopbaan biedt tot minimaal hun pensioen. Ook op de andere plekken binnen de organisatie vindt u de logistieke professionals. Samen zetten ze zich elke dag volledig in om uw product onder de juiste voorwaarden af te leveren op plaats van bestemming.  Kort: - Geconditioneerd vervoer van één doos tot een volle trucklading naar Duitsland, Oostenrijk en Engeland. - Talloze mogelijkheden in Europa door samenwerkingen. - Kernwaarden: neutraliteit, kwaliteit, leverzekerheid en een lange samenwerking met zowel klanten als personeel. - Nederlandse chauffeurs met ruime ervaring. - Snelle levertijden met een hoog service-level voor een voordelig tarief. Klaar om samen te werken? Neem contact met ons op en ontdek wat wij voor uw logistiek kunnen betekenen!",Netherlands,10.069344,,,
Transportbedrijf Schoones B.V.,10069344.0,"Netherlands, Vinkel, 7 Coppensdijk, 5382",https://www.linkedin.com/company/transportbedrijf-schoones-b-v-,www.schoonestransport.nl,"Transportbedrijf Schoones B.V. is een familiebedrijf met 65 transporteenheden en 45 medewerkers. Het bedrijf bestaat sinds 1990. Bij Schoones B.V. staan flexibiliteit en service hoog in het vaandel. De chauffeurs leveren goede prestaties en zijn zich bewust van hun verantwoordelijkheden t.o.v. de klanten, het milieu en de overige weggebruikers. Zij zijn het visitekaartje van ons bedrijf. Ons streven is het handhaven en versterken van onze positie in het speciaalvervoer,zand en grind tevens  het vervoer van wegenbouw- en landbouwmachines, zowel in binnen- als buitenland. Wij hopen dat wij de vertrouwensrelatie met onze klanten kunnen behouden en versterken",Netherlands,10.069344,,,
Vepco Transport B.V.,10050133.0,"Netherlands, Klundert, 2 Fazantweg, 4791rr",https://www.linkedin.com/company/vepco-transport-b-v-,www.vepco.nl,"Wie wij zijn en wat wij doen, In 1945 werd de transport onderneming opgestart, nu 68 jaar en drie generaties verder wordt ""Vepco Transport"" gestuurd door Alexander met behulp van vader Aad. Vepco vervoert nationaal en internationaal zeecontainers over verschillende modaliteiten als weg, water en spoor. Dit in diverse vormen: 20' tot en met 45'-FT, high cube, ADR, reefer transport met of zonder genset, tankcontainer en keepcontainers.  Sinds 2012 wordt er met Langere Zwaardere Vrachtwagencombinaties gereden. Deze LZV's zijn uitgerust volgens de Euronorm.  Met een jong en dynamisch team voert Vecpo de transportopdrachten naar wens uit. Dit team denkt graag mee met de opdrachtgever en werkt nauw samen met de chauffeurs zodat er tijdig en correct geleverd wordt.  Strategisch gelegen tussen de twee grote havensteden Rotterdam en Antwerpen bevindt Vepco zich in de Moerdijk. Hierdoor levert Vepco snel transport tegen een gunstig tarief!",Netherlands,10.050133,,,
Verschoor Kranen & Transport,10050133.0,"Netherlands, South Holland, Sassenheim, 59 Rijksstraatweg, 2171",https://www.linkedin.com/company/verschoor-kranen-transport,hijskraanhuren.nl,"Verschoor Kranen & Transport is nationaal- en internationaal actief in het horizontaal en verticaal transport. Veiligheid, gezondheid, milieu, kwaliteit, continuïteit en klanttevredenheid zijn hierbij onze kernwaarden. Wij streven naar een langdurige samenwerking met onze klanten. Door goed te luisteren, brengen wij de behoeftes in kaart en ontzorgen wij de klant met onze oplossingen. Inzicht in kansen en bedreigingen is hierbij van groot belang. De kwaliteit van onze dienstverlening wordt bepaald door onze medewerkers. Daarom hechten wij groot belang aan ervaring, opleiding en training. Onze medewerkers beschikken over de juiste kennis en vaardigheden en werken alleen met gekeurd en gecertificeerd materieel. Voor aanvang van de werkzaamheden voeren zij een LMRA uit, waardoor alle risico’s in kaart worden gebracht. Vervolgens wegen zij af of de werkzaamheden op een veilige wijze gestart kunnen worden. M. Verschoor B.V. vindt een prettige, informele, ondernemende en innovatieve werkomgeving belangrijk. Iedereen moet zich veilig voelen in onze organisatie, zodat men elkaar kan aanspreken op gedrag en kan leren van elkaar. Door de capaciteiten van onze medewerkers optimaal te benutten kunnen wij onze opdrachtgevers de juiste logistieke dienstverlening bieden. Bij M. Verschoor B.V. is veiligheid de hoogste prioriteit. Aan het einde van de dag moet iedereen weer gezond naar huis. We streven dan ook naar een zo laag mogelijk ziekteverzuim, zo min mogelijk materiële en milieu schades en het voorkomen van persoonlijk letsel.  Periodieke evaluaties van bovenstaande doelstellingen en het systeem maken de vooruitgang die geboekt wordt zichtbaar en geven aan in hoeverre de doelstellingen zijn behaald en of deze nog consistent zijn met missie, visie en het kwaliteitsbeleid. Daarbij is continuïteit, verbetering van de systemen, kwaliteit, veiligheid, gezondheid en het milieu ons uitgangspunt. Bij wijzigingen in het systeem wordt de integriteit van het systeem gewaarborgd.",Netherlands,10.050133,,,
Thermo King Transportkoeling B.V.,10024896.0,"Netherlands, South Holland, Rotterdam, 60 Driemanssteeweg, 3084",https://www.linkedin.com/company/thermo-king-transportkoeling-b-v-,www.thermoking.nl,"Uw business is onze uitdaging. Of het nu gaat om vraagstukken op het gebied van milieu, geluid of voedselveiligheid: Thermo King Transportkoeling heeft alle kennis en expertise in huis om uw logistieke proces en koudeketen te optimaliseren. Met oplossingen op het gebied van nationaal en internationaal transport, Pharma, Retail en Intermodaal transport is Thermo King Transportkoeling uw partner op het gebied van geconditioneerd transport.  https://www.thermoking.nl/vind-de-juiste-koelmachine/ Service Waar u ook gaat; u kunt vertrouwen op het grootste, wereldwijde serviceapparaat met uitsluitend gecertificeerde technici. Wij staan 7 dagen per week, 24 uur per dag voor u klaar. Met 9 eigen servicepunten en de mogelijkheid van service op locatie zijn wij altijd en overal bij u in de buurt.  Wij zijn gevestigd in Aalsmeer, Apeldoorn, Best, Heerenveen,  Maasdijk, Oldenzaal, Roosendaal, Rotterdam en Venlo.  https://www.thermoking.nl/service/ Code 95 Onze cursus ""Chauffeur geconditioneerd vervoer & digitale tachograaf"" is geaccrediteerd bij het CCV en telt mee voor 7 uren Code95. U kunt zich inschrijven op geplande trainingssessies of een volledige groep van uw bedrijf in één keer trainen op een door u gewenste locatie.    Bezoek ons online: Voor meer informatie: www.thermoking.nl Interesse in onze Code95 cursus?  https://www.thermoking.nl/service/code-95/",Netherlands,10.024896,,,
Troost Transport Middelharnis B.V.,9996926.0,"Netherlands, South Holland, Middelharnis, 60 Huygens, 3241",https://www.linkedin.com/company/troost-transport-middelharnis-b-v,troostgroup.eu,"Bij Troost Transport vindt de trucking voor diverse klanten plaats. Er worden containers en opleggers getrokken door geheel Europa. De chauffeurs zijn multifunctioneel inzetbaar en zijn kwalitatief goed opgeleid. In dit bedrijf zijn koelopleggers en containerchassis beschikbaar. Die laatste zijn ook uitgerust met genset modules, zodat reefer containers op de gewenste temperatuur vervoerd kunnen worden. De containerchassis zijn geschikt voor 20ft tot en met 45ft High Cube containers. De koelopleggers kunnen ook twee temperaturen vervoeren en zijn geschikt voor gevaarlijke stoffen vervoer (IMO lading). Troost Transport heeft ook de beschikking over koeriers bussen. Ook het vervoer onder temperatuur of IMO lading kan in deze bussen door geheel Europa. Troost Logistics b.v. Deze nieuwe tak binnen de Troost Group heeft zich het afgelopen jaar (2019) al onderscheiden in een zeer goede en betrouwbare dienstverlener, waarbij het stukje extra service zeer hoog in het vaandel staat. In dit bedrijf zijn verschillende nieuwe dienstverleningen onder gebracht.  Als eerste worden hier de warehouse activiteiten uitgevoerd. Zowel Food als Non Food producten kunnen worden overgeslagen, maar ook opslag is mogelijk. Zowel palletladingen als losse kartons kunnen behandeld worden. De loods in Middelharnis beschikt over een ISO 22000 certificaat en binnenkort ook een AEO douane vergunning. Wij vervoeren deze ladingen hoofdzakelijk met onze eigen moderne vloot.  Daarnaast is sinds september 2019 gestart met de afdeling Shipping. Met een eigen vloot 45ft reefer containers is het mogelijk om transporten aan te bieden overzee naar o.a. Ierland en Verenigd Koninkrijk. Hier wordt samengewerkt met diverse partners. Ook verschepingen buiten Europa zijn mogelijk. Troost Logistics biedt wereldwijde mogelijkheden aan. 📍Middelharnis  ☎️ +31 (0)187-485657 📧 info@troostgroup.eu",Netherlands,9.996926,,,
POT Holding,9996926.0,"Netherlands, Utrecht, Amersfoort, 18 Databankweg, 3812",https://www.linkedin.com/company/pot-holding,www.pot-verhuizingen.nl,"POT Verhuizingen/\L|ogistiek houdt zich bezig met kantoor verhuizingen, particuliere verhuizingen en opslag",Netherlands,9.996926,,,
Hutchison Ports Venlo,9996926.0,"Netherlands, Limburg, Venlo, 30 Celciusweg, 5928",https://www.linkedin.com/company/hutchison-ports-venlo,www.hutchisonportsvenlo.nl,"Binnen het Hutchison Ports Europe Intermodal netwerk van ECT is de terminal Hutchison Ports Venlo de extended gate aan de Nederlands - Duitse grens. De inlandterminal is strategisch gelegen, midden in Nederland’s logistieke hotspot nr. 1. Het Duitse Roergebied ligt op een steenworp afstand: Düsseldorf is slechts 55 kilometer rijden, Keulen 90 kilometer. Hutchison Ports Venlo omvat zowel een spoorterminal als een binnenvaartterminal. Meerdere treinen per dag en meerdere binnenvaartschepen per week verzorgen de verbindingen met de deepsea terminals en (empty) depots van Rotterdam. Hutchison Ports Venlo is ook via de binnenvaart verbonden met Antwerpen. CARGO CARD Voor een snelle en veilige gate procedure is het noodzakelijk dat de truck chauffeur beschikt over een CargoCard. Zonder CargoCard is er geen toegang tot de terminal.  Alle informatie over de CargoCard en het aanvragen ervan vindt u op de website van Secure Logistics. BREDE DIENSTVERLENING Hutchison Ports Venlo biedt klanten een brede dienstverlening, zoals kort- en langdurige opslag van volle containers, het op afroep per truck ophalen en afleveren van containers bij de klant en een volwaardig empty container depot. Goed opgeleide medewerkers zijn een garantie voor een betrouwbare, professionele en veilige dienstverlening. Duits is op de inlandterminal een vanzelfsprekende tweede taal. In het kader van European Gateway Services is tussen de deep-sea terminals van ECT Rotterdam en Venlo bovendien documentloos transport mogelijk. E-SERVICES Voorafgaand aan het brengen of halen van een lege container checkt u via deze e-service eenvoudig de rederijreferentie. Zo weet u zeker dat u de betreffende lege container bij de inlandterminal meekrijgt c.q. kunt inleveren.",Netherlands,9.996926,,,
JLN Transport,9996926.0,"Netherlands, North Brabant, Etten-leur, 10 Zwarthoofd, 4878",https://www.linkedin.com/company/jln-transport,www.jlntransport.nl,"JLN Transport richt zich op de totale logistieke dienstverlening. Van nationaal- en  internationaal transport tot opslag en voorraadbeheer van uw goederen. Onze diensten op een rij: - Nationaal- en internationaal sneltransport - Koeriersdiensten - Contract vervoer - Consument leveringen - Meubeltransport - Geconditioneerd vervoer - Op- en overslag - Logistieke dienstverlening Meer dan alleen transport..... Uw specifieke wensen en behoeften vormen de kern van onze dienstverlening. Klanttevredenheid en een relatie voor de lange termijn zijn sleutelwoorden in onze aanpak. Snel kunnen schakelen, het leveren van maatwerk en service zijn onze speerpunten.",Netherlands,9.996926,,,
Dirix Elsloo BV,9972828.0,"Netherlands, Limburg, Elsloo",https://www.linkedin.com/company/dirix-elsloo-bv,www.dirix.nl,"Dirix Elsloo is in 1923 opgericht als eenmanstransportbedrijf, dat inmiddels is uitgegroeid tot een gerenommeerd bedrijf tot ver buiten de regio. Inmiddels staat de vierde generatie aan het roer om met zoveel mogelijk passie voor u en uw project klaar te staan. Wij zijn in staat om voor zowel bedrijven, overheden als particulieren flexibel aan de slag te gaan. Daarbij is de omvang van het project niet van belang. Flexibiliteit is mogelijk door goede planning en effectieve inzet van professionals. De activiteiten hebben zich in de loop der jaren uitgebreid naar: • Transport • Grondverzet • Tuin & Bouw • Bestrating • Containerverhuur • Puin-recycling • Sloopwerken • Truck & Van wash We bieden niet alleen tuinmaterialen aan, maar kunnen ook de aanleg en bestrating op professionele wijze verzorgen. Inmiddels werken bijna honderd mensen bij Dirix Elsloo. Dankzij een goede opleiding, hun vakkennis en enthousiasme maken ze uw project tot een succes. U kunt ons bereiken via telefoonnummer +31 (0)46 437 62 62 of info@dirix.nl. Onze 24-uurs transportservice is bereikbaar via telefoonnummer +31 (0)46 436 02 09. Hoofdkantoor: Business Park Stein 230 6181MB Elsloo Tuin & Bouw: 6181 MB Elsloo Mauritsweg 3  6181 AA Elsloo W:  www.dirix.nl  E:  info@dirix.nl  T:  046 437 62 62 F:  046 437 07 87",Netherlands,9.972828,,,
Raillogix,9817615.0,"Netherlands, South Holland, Rotterdam, 83k Waalhaven Oostzijde, 3087",https://www.linkedin.com/company/raillogix,www.raillogix.com,"Raillogix is one of the leading freight train operators in Europe focusing on moving more cargo by rail. Our business is to design and organize efficient and optimized logistics. Every day our trains cross Europe with different commodities such as containers, steel and metals, dry-bulk and automotive, agriculture and consumer goods or liquids or exceptional cargo. Raillogix is a member of the Rail Innovators Group family, which is acting in different areas of the market such as leasing of freightwagons, railway logistics and traction services.",Netherlands,9.817615,,,
Rail Service Center Rotterdam B.V.,9712617.0,"Netherlands, South Holland, Rotterdam",https://www.linkedin.com/company/rail-service-center-rotterdam-b.v.,www.rscrotterdam.nl,"Rail Service Center Rotterdam B.V. (RSC Rotterdam) is a leading terminal operator specializing in the loading and unloading of various means of transport, including rail and road vehicles. The company is dedicated to providing efficient logistics services, which encompass acceptance, temporary storage, transfer, weighing, and delivery of goods, while ensuring compliance with safety and environmental regulations. RSC Rotterdam aims to facilitate seamless operations for its clients by maintaining high standards of service and operational safety. Its clientele includes transport companies, freight forwarders, and logistics providers, all of whom benefit from RSC's strategic location in Rotterdam, a key logistics hub in Europe. The company collaborates with various partners to enhance its service offerings and is committed to continuous improvement in its operational processes to meet the evolving needs of the market.",Netherlands,9.712617,,,
Eren Transport & Logistiek B.V.,9684194.0,"Netherlands, North Holland, Amsterdam, 31 Watervoort",https://www.linkedin.com/company/eren-transport-logistiek-b-v,www.erentransport.nl,"Eren Transport & Logistiek – Uw gids naar de logistieke oplossing! Transport & Logistiek is altijd een ware passie geweest voor Mehmet Eren. In 2008 besloot hij om een stap verder te gaan met zijn passie; hij richtte een eenmanszaak op. Vanwege de kwalitatieve en efficiënte dienst die hij al vanaf het begin leverde, kon de volgende stap niet lang uitblijven! Na de nodige ontwikkeling en modernisatie transformeerde zijn bedrijf in 2013 tot Eren Transport & Logistiekbedrijf. Sindsdien staat de onderneming bekend,  gevestigd in Amsterdam Westpoort, als een vooraanstaand bedrijf dat zich kenmerkt door zijn kwalitatieve dienstverlening, efficiënte service en ervaren personeel. Onze ruime ervaring, ultieme passie en de goede service resulteren zich al jaren in een kwalitatieve dienstverlening. Met ons gemoderniseerd en ruim wagenpark staan wij dag en nacht tot uw dienst! Met een ruim aanbod aan transportmogelijkheden zijn wij voor u de meeste geschikte transportpartner. Kortom, voor een transport & logistiek bedrijf met een uitgebreid netwerk, ruime keuze aan transportdiensten en een betrouwbare werkwijze bent u bij Eren Transport & Logistiek aan het juiste adres! Kies voor de zekerheid, kies voor de efficiëntie, kies voor Eren Transport & Logistiek. Ons team De beste oplossing voor uw transport problemen. Uw eisen staan bij ons hoog in het vaandel. Wij gaan zorgvuldig om met de specifieke eisen van uw organisatie en de behoefte van uw klanten. Bij alles wat we doen gaan we uit van de kracht van onze mensen. De diensten wordt uitgevoerd met ons modern wagenpark en ervaren chauffeurs. Deze voertuigen voldoen aan de hoogste kwaliteitseisen en worden enkel bestuurd door gecertificeerde chauffeurs. U kunt er dus zeker van zijn dat uw transport in betrouwbare handen zijn. We horen graag van u om te bespreken wat we voor u kunnen betekenen.",Netherlands,9.684194,,,
Goes Transport B.V.,9671457.0,"Netherlands, Utrecht, Utrecht",https://www.linkedin.com/company/goes-transport-b-v-,,"Sinds 1913 is Goes een begrip in transport en opslag. Ons bedrijf, dat zich hoofdzakelijk richt op klantgerichte distributie, onderscheidt zich in stiptheid, snelheid en flexibiliteit. Wij zien het dan ook als missie om de goederen van de klant, met de grootste zorgvuldigheid en flexibiliteit, stipt en snel op de plaats van bestemming af te leveren. Dankzij de jarenlange kennis en ervaring in de distributie en opslag van groenten, fruit, bloemen, planten, maar ook overige geconditioneerde producten, neemt Goes een vooraanstaande plaats in, zowel nationaal als internationaal.    Goes loopt voorop als het gaat om service en dienstverlening, maar om deze ook zo efficiënt en effectief mogelijk te kunnen uitvoeren, beschikt Goes over een uitgebreid kwaliteitsmanagement systeem. Dit systeem voldoet aan en is gecertificeerd conform de ISO 9001-2008 eisen.   Transport van groenten, fruit, bloemen en planten vergt speciale vaardigheden. Het vindt plaats onder geleide temperatuur, tussen de -20˚C en +20˚C: koeltransport of warmtetransport. De medewerkers van alle bedrijven binnen de Goes groep werken volgens de zeer strenge HACCP richtlijnen, waarin veel aandacht wordt besteed aan de hygiëne en het milieu.",Netherlands,9.671457,,,
Delivery Drivers BV,9671457.0,"Netherlands, North Holland, Amsterdam, 573 Jan Tooropstraat, 1061",https://www.linkedin.com/company/delivery-drivers-bv,www.deliverydrivers.nl,"Wij leveren chauffeurs rijbewijs B aan groothandels, apotheken en logistiek dienstverleners. Onze jarenlange ervaring zetten wij in om onze klanten te ontzorgen op het gebied van werving van voldoende chauffeurs, chauffeursplanning, inrichting bezorgproces en het begeleiden en opleiden van de chauffeurs. Op deze manier kunnen onze klanten zich focussen op hun core processen en de mooie producten/diensten die zij leveren.",Netherlands,9.671457,,,
GWG International B.V. In Nieuwleusen,9671457.0,Netherlands,https://www.linkedin.com/company/gwg-international-b.v.-in-nieuwleusen,www.gwginternational.nl,combined rail/raod transports between Holland/Germany and Sweden against very interesting rates.,Netherlands,9.671457,,,
Vereniging Nederlandse Verkeersvliegers - Dutch ALPA,9659900.0,"Netherlands, Badhoevedorp, 61 Dellaertlaan",https://www.linkedin.com/company/vereniging-nederlandse-verkeersvliegers,www.vnv.nl,"Vereniging Nederlandse Verkeersvliegers (VNV) is een organisatie die zich richt op het bevorderen van de vliegveiligheid in de burgerluchtvaart. De VNV pleit voor de noodzaak van minimaal twee goed getrainde piloten in de cockpit, in tegenstelling tot de opkomende technologieën zoals Reduced Crew Operations (RCO) en Single Pilot Operations (SiPO), die gericht zijn op het vervangen van een piloot door technologie. De organisatie is van mening dat de samenwerking tussen twee piloten cruciaal is voor het handhaven van de hoge veiligheidsstandaard in de luchtvaart, en dat technologische innovaties altijd moeten bijdragen aan het verbeteren van de veiligheid. VNV werkt samen met internationale pilotengemeenschappen en experts om de risico's van het wegnemen van een piloot te onderbouwen en pleit voor een kritische benadering van nieuwe cockpitconcepten. De organisatie richt zich op zowel de luchtvaartindustrie als de toezichthouders, met als doel de veiligheid van passagiers, de omgeving en de crew te waarborgen.",Netherlands,9.6599,,,
BKV Kraanverhuur,9659900.0,"Netherlands, Gelderland, Barneveld, 138 Nijkerkerweg, 3771",https://www.linkedin.com/company/bkv-kraanverhuur,www.bkv.nl,"Kraanverhuur is een vak apart - een samenspel tussen machinist en kraan, tussen mens en omgeving. Het is ons vakmanschap om elke last daar te krijgen, waar de opdrachtgever dat verlangt. Wie dat spel beheerst, mag zich specialist noemen in verticaal transport. Daar is meer voor nodig dan het bedienen van knuppels en knoppen. Het is de optelsom van verantwoordelijkheidsgevoel, inzicht in het bouwproces, advies op de bouwplaats en zorg voor de machine. De machinisten van BKV zijn één met hun machine. Zij hijsen snel, veilig en precies.   Dankzij de brede range mobiele (toren)kranen van 30 tot 750 ton, kunt u in praktisch elke situatie een beroep doen op de specialisten van BKV.",Netherlands,9.6599,,,
A. Nobel & Zn.,9586389.0,"Netherlands, South Holland, Zwijndrecht, 100 Uilenkade, 3336lp",https://www.linkedin.com/company/anobel-zn,www.anobel.nl,"In 50 jaar tijd heeft familiebedrijf A. Nobel en Zn. zich ontwikkeld tot een toonaangevende dienstverlener in de maritieme sector. Bedrijfslocatie Uilenkade in Zwijndrecht voldoet aan alle randvoorwaarden om de grootste mondiale spelers uit de offshore sector en onshore sector, ‘fullservice’ van dienst te zijn. De onderneming onderscheidt zich met de jarenlange opgebouwde kennis van 3 generaties Nobel, een hoge servicegraad, vergaand advies over producten en oplossingen en een omvangrijke voorraad producten vanuit Filtration & Separation, de Scheepswinkel en het Bunkerstation. Filtration & Separation De dienstverlening binnen deze divisie van Nobel is veelomvattend. Als marktleider beschikken wij over een modern magazijn (4.500 m2) met daarin het meest complete aanbod aan filters en toebehoren. Direct uit voorraad leveren wij 8.000 producten aan onze klanten wereldwijd. -	Huur mobiele reinigingsunits -	Controle en reiniging van filters en olie -	Reparatie en onderhoud -	Geavanceerde microscoop -	Koelwaterbehandeling Scheepswinkel Het leveren van scheepsbenodigdheden uit onze ruim opgezette winkel (500 m2) in Zwijndrecht is onderdeel van de totale dienstverlening bij Nobel. Met een breed assortiment van o.a. veiligheidsartikelen, werkkleding, lasbenodigdheden, gereedschappen, verven, touwen en boodschappen, zijn wij hét adres voor de binnenvaart en zeevaart.  -	Centraal gelegen -	6 dagen per week geopend -	Ruime parkeergelegenheid -	Afhalen buiten openingstijden mogelijk  Bunkerstation Ruim 50 jaar is Nobel fullservice dienstverlener voor de sector binnenvaart, zeevaart, dredging en offshore. Vanuit Zwijndrecht verlenen wij wereldwijd onze service aan de rederijen. Wij zijn de one-stop-shop voor de levering van smeerolie, gasolie, AdBlue, drinkwater, LNG, en reiniging van olie en brandstoffen.  -	Meerdere ligplaatsen aan onze kade -	Bunkerboten in regio’s Rotterdam, Dordrecht, Gorinchem en Moerdijk -	LNG bunkerkade  +31 (78) 62 509 60 www.anobel.nl",Netherlands,9.586389,,,
Eljo Exalto Transport & Opslag,9440010.0,"Netherlands, Gelderland, Brakel, 6 Langekamp, 5306",https://www.linkedin.com/company/eljo-exalto-transport-opslag,www.exaltotransport.com,"Bijzonder vervoer had altijd al zijn speciale aandacht. Eljo Exalto begon daarom in 1995 zijn gelijknamige transportbedrijf en specialiseerde zich in het vervoer van exceptionele materialen. De eerste 'spannende klussen' werden gecoördineerd vanuit Aalst. Tegenwoordig is de onderneming gevestigd in Brakel. Eljo Exalto Transport levert kwaliteitswerk. Flexibiliteit, snelheid en kennis van zaken zijn daarbij de sleutelwoorden. Goed overleg met de klant is uiterst belangrijk en transport onderweg wordt voortdurend gemonitord. Op die manier kan het vervoer van buitengewone constructies, soms van hout, vaak van staal, altijd just in time plaatsvinden. Vanuit en naar Nederland, Duitsland, Frankrijk, Engeland, Oostenrijk en binnen de Benelux.",Netherlands,9.44001,,,
Koning En Drenth B.V.,9440010.0,"Netherlands, Beerta, 2-a Ulsderweg",https://www.linkedin.com/company/koning-en-drenth-b.v.,www.kdtransport.nl,"Koning & Drenth B.V. wordt door veel opdrachtgevers ingeschakeld om hun transport in te vullen. Hiervoor beschikken wij over verschillende vrachtwagen-combinaties. Dagelijks zijn er ca. 70 voertuigen onderweg. De meeste zijn uitgerust met schuifvloeren voor het horizontaal lossen van de goederen. Daarnaast hebben we tautliners, kippers en container-afzet-combinaties voor dedicated regionaal vervoer. Koning & Drenth richt zich op de industriële, de recycling en de agrarische sector. Dit doen we in de Benelux, Duitsland en het Verenigd Koninkrijk.",Netherlands,9.44001,,,
Lievaart Expeditie B.V.,9199668.0,"Netherlands, South Holland, De Lier",https://www.linkedin.com/company/lievaart-expeditie-b-v-,www.lievaartexpeditie.nl,"Lievaart Expeditie is al meer dan 25 jaar dé specialist op het gebied van transport van planten en bloemen naar Italië. Wij werken voor exporteurs, importeurs en retailers die planten en bloemen als groeimarkt zien. Vooral laatstgenoemde is een erkenning voor onze professionaliteit. Met een uniek & uitgekiend logistiek proces zijn wij in staat om als snelste uw producten in topconditie op de door u gewenste locatie te krijgen. Wij zorgen ervoor dat onze klanten hun beloftes altijd kunnen waarmaken. Indien gewenst kunt u bij Lievaart ook terecht voor op- & overslag van uw goederen. Met de nieuwste innovaties blijven wij de koploper in onze markt. Wij durven te beweren dat wij voor onze vaste klanten met de meeste flexibiliteit, stiptheid en snelheid de producten op tijd en op de juiste plek leveren.  Al onze medewerkers realiseren zich dat iedere bloem of plant voor iemand een cadeau is en handelen daar naar. Wij bieden onze medewerkers een uitdagende werkomgeving met ruimte om zichzelf te ontwikkelen. Het nemen van eigen verantwoordelijkheid hierin en op zoek gaan naar continue verbetering is voor hen vanzelfsprekend.",Netherlands,9.199668,,,
Van Hooft Transport,9199668.0,"Netherlands, Hoevelaken, 24-26 Hogebrinkerweg, 3871",https://www.linkedin.com/company/van-hooft-transport,www.vanhooft-transport.nl,"Van Hooft Transport B.V. heeft zich door de jaren heen gespecialiseerd in het vervoeren van zware objecten en high-tech apparatuur. Door een uniek wagenpark van wagens met zware autolaadkranen, van 33 ton/meter tot en met 225 ton/meter, is Van Hooft Transport B.V. een toonaangevend bedrijf in Nederland.",Netherlands,9.199668,,,
Stichting Hondekop,9094935.0,"Netherlands, North Holland, Hilversum, 1200 Aj",https://www.linkedin.com/company/stichting-hondekop,www.stichtinghondekop.nl,"Stichting Hondekop is een organisatie die zich richt op het restaureren en onderhouden van historische treinen, met een bijzondere focus op de Hondekop-modellen, waaronder de Benelux Hondekop 220902 en Hondekop 766. De stichting heeft als missie om deze iconische treinen in hun oorspronkelijke staat te herstellen, zodat ze weer kunnen worden ingezet voor ritten en evenementen, en zo het spoorwegverleden levend te houden. Met een team van enthousiaste vrijwilligers en samenwerkingen met diverse sponsors en partners, zoals AkzoNobel en Stichting 2454 Crew, werkt de stichting aan verschillende revisieprojecten en onderhoudsritten. De doelgroep bestaat uit treinliefhebbers, donateurs en het bredere publiek dat geïnteresseerd is in de geschiedenis van het spoorvervoer. Door middel van crowdfunding en donateursactiviteiten, zoals de jaarlijkse donateursrit, probeert de stichting de benodigde financiële middelen te verwerven om haar doelen te realiseren.",Netherlands,9.094935,,,
Zorgvervoercentrale Nederland B.V.,9094935.0,"Netherlands, South Holland, Rotterdam, 400 Bahialaan, 3065",https://www.linkedin.com/company/zorgvervoercentrale-nederland-b-v-zcn,www.zcnvervoer.nl,"ZCN- De mobiliteitsregisseur van Nederland  Wij zijn de verbindende factor. Voor zaken, voor zorg of voor plezier; mensen laten zich graag vervoeren. Een oneindig netwerk van opdrachtgevers, overheden en uitvoerders is daarbij betrokken. ZCN leidt al dat personenvervoer in goede banen. Veilig, vlot en comfortabel.  Van lokale opdracht tot nationaal netwerk  Waar A en B zich ook bevinden, wij regelen een voorspoedige reis. Vanuit Rotterdam realiseert ZCN nationale dekking. Met eigen middelen of via ons landelijke netwerk van gespecialiseerde vervoerders. Ook de Waddeneilanden en bestemmingen buiten de landsgrenzen vallen onder ons bereik.  Voor heel veel verschillende mensen  Eigenlijk is het heel simpel. We brengen mensen naar hun plaats van bestemming (en weer terug). Onze reizigers verwachten vervoer op tijd en op maat. Ze zijn onderweg naar een zorglocatie, een afspraak, werk, school, of gewoon een uitje. Vaak vervoeren we kwetsbare doelgroepen die speciale aandacht verdienen.  We verbinden en vervoeren  Als onafhankelijk regievoerder hebben we een sleutelrol in een groot en complex netwerk van stakeholders. Denk aan vervoerders, opdrachtgevers en belangenorganisaties. Partners met allemaal eigen systemen en processen. ZCN zorgt ervoor dat deze naadloos op elkaar aansluiten voor de optimale klantreis, inclusief de rest van de ketenreis.  Samen naar een duurzame toekomst  Onze milieu-impact verkleinen, onze sociale impact vergroten. We zijn toegewijd aan het verminderen van de ecologische voetafdruk en het bevorderen van milieuvriendelijke alternatieven voor traditioneel vervoer. Niet alleen van onszelf, maar in de gehele keten. Wij gebruiken realtime data om onze service beter, duurzamer en vooral menselijker te maken.   Wij vertellen graag meer over hoe ZCN kan bijdragen aan de mobiliteitsbehoeften van uw organisatie.      Neem gerust contact met ons op om de mogelijkheden te bespreken.     Meer informatie:  www.zcnvervoer.nl  info@zcnvervoer.nl",Netherlands,9.094935,,,
Van Der Sluis Transport,9086735.0,"Netherlands, Drenthe, Rogat, 2-4 Verlengde Industrieweg, 7949ar",https://www.linkedin.com/company/van-der-sluis-transport,www.vdstransport.nl,"Van der Sluis Transport is een internationaal transportbedrijf dat zich gespecialiseerd heeft in los gestort transport en is gevestigd in Rogat. Het wagenpark van VDS transport bestaat uit tautliners en boxtrailers met walking floor. Een groot deel van ons werk bestaat uit transport van en naar Scandinavië en hierbij werken wij nauw samen met LCM Expeditie, wat eveneens is gevestigd in Rogat. Maar ook voor transport naar andere landen kunt u altijd bij ons informeren naar de mogelijkheden.",Netherlands,9.086735,,,
FleetCareXL,9023805.0,"Netherlands, North Brabant, Veghel, 4939 Poort Van Veghel, 5466",https://www.linkedin.com/company/fleetcarexl,www.fleetcarexl.com,"Verhoog de uptime van uw voertuigen, bespaar op onderhoudskosten en concentreer u op uw corebusiness door onze expertise in wagenparkbeheer. Vanuit onze uitgebreide ervaring met zware voertuigen van vrijwel alle merken, binnen diverse segmenten en met verschillende opdrachtgevers, herkennen we de eisen van de markt en kunnen we snel inspelen op al uw wensen. Daarvoor heb je experts nodig. Met kennis. Maar ook met inzicht en enthousiasme. Met liefde voor het vak. Op verschillende vlakken. Want wagenparkbeheer is een optelsom van specialiteiten. FleetCareXL heeft al die specialisten samengevoegd in een ervaren team, dat zich voor u inzet. Om de hoogste kwaliteit te bereiken. Onze specialisten worden daarin ondersteund door FleetGuide, een in eigen huis ontwikkeld informatie- en communicatieplatform, wat de spil vormt binnen onze werkwijze. Wij hebben een uitgesproken mening over het organiseren van kosten efficiënt wagenparkbeheer. Dit gecombineerd met uw wensen vormen de basis voor onze gezamenlijke aanpak. Benieuwd wat FleetCareXL voor uw bedrijf kan betekenen? Neem dan contact met ons op. www.fleetcarexl.com info@fleetcarexl.com 088-7323555",Netherlands,9.023805,,,
Nederlandse Transport Maatschappij B.V.,8992094.0,"Netherlands, Overijssel, Hardenberg",https://www.linkedin.com/company/nederlandse-transport-maatschappij-b-v-,www.ntm.info,"De Nederlandse Transport Maatschappij B.V. ontstond in de jaren ’70 als handelsonderneming. Halverwege de negentiger jaren ontwikkelde het bedrijf zich tot beroepsgoederenvervoerder. In 1998 kreeg de organisatie zijn huidige vorm. N.T.M. werd bekend als innovatieve, betrokken partner en maakte een explosieve groei door. De hoofdvestiging ligt in Hardenberg (Overijssel)  De Nederlandse Transport Mij. is gespecialiseerd in vervoer van silogoederen. De producten worden vervoerd door geheel Europa. In het logistieke centrum in Hardenberg worden de ritten gepland en bewaakt. Ook vindt hier de vrachtafhandeling plaats en zijn er faciliteiten voor op- en overslag. Losgestorte producten worden verpakt in bigbags en voorverpakte producten worden verwerkt voor het bulkvervoer. Voor iedere klant wordt gezocht naar de beste vervoersoplossing. Dit betekent niet alleen de inzet van vrachtwagens, N.T.M. organiseert ook vervoer per spoor. Wij verzorgen voor u complete transporttrajecten van silogoederen zoals: alu-oxyde, bentoniet, cementen, graniet, kalk, vliegas, mortels, soda, ureum, zand, zout, kortom elk product dat in poeder- en granulaatvorm is. Het vervoer van afval in en naar Nederland en Duitsland behoort tot de mogelijkheden. De benodigde vergunningen hiervoor zijn in ons bezit. Tevens hebben wij de mogelijkheid om ADR-transporten voor u te verzorgen. Het transport van de producten vindt plaats met silo-onderlossers, van 35m3 tot 45m3 en met silo kiepopleggers van 40 m3 tot 66 m3. De producten worden vervoerd door geheel Europa. Tevens hebben wij een groot netwerk van betrouwbare vervoerders waar wij mee samenwerken.",Netherlands,8.992094,,,
WSSN - WebShop Service Nederland,8869688.0,Netherlands,https://www.linkedin.com/company/wssn-webshop-service-nederland,www.wssn.nl,"WSSN heeft ruim 20 jaar ervaring op het gebied van e-fulfilment, zoals de logistiek aan de ‘achterkant’ van de webwinkel wordt genoemd. Ons bedrijf is opgezet om u als web winkelier vrij te maken van de operationele werkzaamheden die uw winkel met zich meebrengt, maar die u eerder hinderen dan verder brengen. Bovendien moet u dat kunnen doen zonder veel inspanning vooraf en zonder zorgen achteraf. Daar staan we voor. WSSN is onderdeel van de TWI Groep, gevestigd in Nieuwveen. Aldaar hebben daar wij een groot eigen distributiecentrum tot onze beschikking. Op alle mogelijke gebieden kunnen we de juiste specialisten inschakelen. Door de ruime ervaring hebben we al onze processen zo efficiënt weten te maken, dat we de laagste tarieven in de markt kunnen bieden. Aan hele grote klanten, maar ook aan webwinkels die (nog) klein zijn.",Netherlands,8.869688,,,
Vertex Dangerous Goods Services & Vertex Learning Institute,8810676.0,"Netherlands, North Holland, Oude Meer, 300 Bldg 8f Fokkerweg, 1438an",https://www.linkedin.com/company/vertex-dangerous-goods-services-consultancy-b-v,www.vertexdg.com,"Vertex Dangerous Goods Services & Consultancy is een relatief jonge organisatie met een ervaren team van enthousiaste en gedreven medewerkers. Vanuit onze locaties op Schiphol en Rotterdam, nemen onze specialisten jou alle genoemde activiteiten uit handen rondom het opslaan, documenteren, verpakken en vervoeren van gevaarlijke stoffen en luchtvrachtveiligheid. Als erkend opleidingsinstituut verzorgt Vertex Learning Institute een ruim aanbod aan actuele en goedgekeurde trainingen. Op onze eigen trainingslocatie op Schiphol-Rijk brengen onze bevoegde, bekwame en zeer ervaren docenten je alles bij over Gevaarlijke stoffen & Security. Ook voor In-Company of een e-learning bent u bij ons aan het juiste adres. Vertex onderscheidt zich in flexibiliteit en klantgerichtheid; het oogmerk van de klant staat in alles centraal, 24 uur per dag, 365 dagen per jaar!",Netherlands,8.810676,,,
Green Speed Fietskoeriers,8810676.0,"Netherlands, North Holland, Hilversum, 26 42 Utrechtseweg, 1213",https://www.linkedin.com/company/greenspeed-fietskoeriers,www.greenspeedkoerier.nl,"GreenSpeed is een professionele bezorgdienst van medicatie in Midden Nederland. Wij organiseren uw bezorging efficiënt en inzichtelijk. Onze ruim 100 bezorgers werken met slimme software en zijn niet langer onderweg dan nodig. U krijgt inzicht in het proces en de voortgang. U kunt online zien wat de bezorger bij zich heeft en live volgen wat de actuele status (bezorgd of nog onderweg) van elk pakje is.  Onze bezorgers worden met zorg geselecteerd, aan de deur zijn wij natuurlijk wel uw visitekaartje! U kunt op ons rekenen, elke dag! De bezorging is een essentieel onderdeel van uw bedrijfsvoering. Wij begrijpen dat dit niet mag uitvallen. U krijgt van ons de garantie dat wij er elke dag staan.",Netherlands,8.810676,,,
Zeekadetkorps Nederland,8709458.0,Netherlands,https://www.linkedin.com/company/zeekadetkorps-nederland,www.zkk.nl,"Het Zeekadetkorps Nederland wil de belangstelling bij de jeugd voor Nederland als maritiem land vergroten en hen wijzen op de mogelijkheden die er daarbij voor hun verdere ontwikkeling zijn. Het doet dit door het ondersteunen van Zeekadetkorpsen die lessen en spelactiviteiten op en om het water organiseren. Visie •  Zeekadetten voelen zich thuis bij het Zeekadetkorps Nederland en ervaren dat hun lidmaatschap bijdraagt aan hun verdere ontwikkeling. Zij werken samen en hebben respect voor natuur en milieu. •  Organisaties binnen Maritiem Nederland ervaren het Zeekadetkorps Nederland als relevant voor de maritieme sector. •  Het Zeekadetkorps Nederland en de plaatselijke korpsen werken nauw samen om de doelstelling te bereiken. •  Er is zowel bij het Zeekadetkorps Nederland en de korpsen voldoende gekwalificeerd kader beschikbaar om veiligheid, kwaliteit en continuïteit te waarborgen. •  Het Zeekadetkorps Nederland werkt nauw samen met organisaties met gelijksoortige doelstellingen.",Netherlands,8.709458,,,
Taxicentrale Unitax,8590413.0,"Netherlands, Veldhoven, 46 Locht",https://www.linkedin.com/company/taxicentrale-unitax,www.unitax.nl,"Taxivervoer is een dienst met een hoogwaardig serviceniveau. De beginwaarde hiervoor is "" afspraak is afspraak"", iets waar bij Unitax geen concessies aan gedaan worden. De chauffeurs van Unitax zijn door hun tientallen jaren onafgebroken inzet een begrip geworden in de lokale taxiwereld. “De klant centraal” is voor hen geen betekenisloze slogan, maar een ambitie recht uit de genen. Met het bovenstaande onderscheidt Unitax zich door 24 uur per dag, 7 dagen per week haar taxidiensten aan te bieden zoals taxidiensten behoren te zijn en dat doen we met trots! Voor vragen, meer informatie of reserveringen: Taxicentrale Unitax  Locht 46 5504KE VELDHOVEN T: 0031- 408423333 E: info@unitax.nl W: www.unitax.nl",Netherlands,8.590413,,,
Elburg Yachting BV,8181342.0,"Netherlands, Gelderland, Elburg, 37 J.p. Broekhovenstraat, 8081",https://www.linkedin.com/company/elburg-yachting,www.elburgyachting.nl,"Gevestigd in het pittoreske Elburg aan de doorgaande vaarroutes van de randmeren bevindt zich het verkoopkantoor van Elburg Yachting met daarbij verkoophallen en verkoophaven. Met ons enthousiaste team van twaalf watersporters waaronder vier full-time jachtmakelaars verzorgen wij het gehele dienstenpakket rondom aan- en verkoop van motorjachten. Het grootste gedeelte van ons aanbod ligt in Elburg; Permanent zijn er circa 150 kwaliteitsmotorjachten te bezichtigen, 7 dagen per week. De jachten die vanaf eigen ligplaats verkocht worden, zijn op afspraak te bezichtigen. Wij begeleiden verkopers bij het gehele verkooptraject en voeren de werkzaamheden uit die daarmee samenhangen; van prijsstelling tot transport, van BTW-zaken tot registraties, en uiteindelijk de oplevering en uitbetaling via onze Stichting derdengelden Elburg Yachting. Voor kopers is er eveneens een totaalpakket aan diensten beschikbaar: Naast de keuzebepaling en het zoekproces, begeleiden we de koper tijdens de transactie bij de onderhandelingen, de proefvaart en /of keuring, de afwikkeling van de koopsom, tot aan winterstalling en begeleiding bij werkzaamheden aan de boot. Alle werkzaamheden, reparaties of zelfs een complete refit kan in Elburg op eigen terrein worden uitgevoerd. Elburg Yachting heeft EMCI (European Maritime Certification Institute) gecertificeerde en beëdigde makelaars in dienst die lid zijn van de NBMS (Nederlandse Bond voor Makelaars in Schepen).",Netherlands,8.181342,,,
Nationaal Trainingscentrum Burgerluchtvaart,8181342.0,"Netherlands, Badhoevedorp, 307 Schipholweg",https://www.linkedin.com/company/nationaal-trainingscentrum-burgerluchtvaart-ntcb-,www.ntcb.nl,"Nationaal Trainingscentrum Burgerluchtvaart (NTCB) is een toonaangevend opleidingsinstituut dat sinds 2006 zich richt op het verbeteren van de veiligheid in de burgerluchtvaart. Met meer dan 50.000 cursisten en een slagingspercentage van boven de 90%, biedt NTCB meer dan 15 door justitie erkende opleidingen, waaronder trainingen voor luchthavenbeveiligers en luchtvaartdienstverleners. Het team van ervaren trainers en consultants, onder leiding van directeur onderwijs Isabel van den Hoek en oprichter Bas van Geem, streeft ernaar om de hoogste standaarden in luchtvaartveiligheid te waarborgen. NTCB werkt nauw samen met diverse partners in de luchtvaartsector en richt zich op zowel nieuwe als ervaren professionals die hun kennis en vaardigheden willen verbeteren. De organisatie staat onder toezicht van de Koninklijke Marechaussee (KMar) en is toegewijd aan het delen van actuele inzichten en ontwikkelingen in de sector, onder andere via hun podcast V45.",Netherlands,8.181342,,,
OOC Terminals B.V.,8181342.0,"Netherlands, North Brabant, Oss",https://www.linkedin.com/company/25100340,www.ooc.nl,"Welkom bij OOC Terminals – uw multimodale logistieke partner. Wij verbinden op creatieve wijze spoor, weg en water voor multimodaal en duurzaam goederentransport. Of het nu gaat om droge of natte bulk, breakbulk of containers: wij verzorgen een naadloze overslag tussen trein, schip en truck. Ook voor opslag en aanvullende diensten bent u bij ons aan het juiste adres. Met een terrein van 46.000 m², een kade van 330 meter en 3,75 meter diepgang bieden wij een betrouwbare verbinding voor scheepvaart (CEMT-klasse Vb). Via OOC Rail, onze eigen spoororganisatie met eigen locomotieven, leveren wij flexibele lokale rangeerdiensten. Hiermee realiseren we directe trein-schip connecties en slimme multimodale oplossingen. Wij zijn actief in uiteenlopende sectoren en behandelen onder andere agrarische producten (feed & food), meststoffen, recyclingmaterialen, hout, papier, staal, projectlading, containers, plantaardige en zwarte oliën en vetten. Ook aanvullende diensten zoals zeven, breken, mengen, verpakken of transportorganisatie behoren tot de mogelijkheden. Onze focus ligt op het verbinden van goederenstromen en het ontwikkelen van slimme, duurzame logistieke concepten. Met certificeringen als ISO 9001, GMP+ FSA en Skal garanderen wij kwaliteit, veiligheid en betrouwbaarheid. Bij OOC Terminals draait het om verbinden, verbeteren en verduurzamen. Door samenwerking en innovatie creëren wij oplossingen die bijdragen aan sterke prestaties én een duurzamere wereld – altijd in balans tussen People, Planet & Profit. Heeft u logistieke ambities op spoor of water? Wij denken graag met u mee. Neem contact op voor een goed gesprek en kosteloos advies.",Netherlands,8.181342,,,
A. Van Grunsven Transport BV,8181342.0,"Netherlands, North Brabant, Uden, 5 Bovenstraat, 5405",https://www.linkedin.com/company/a-van-grunsven-transport-bv,www.vangrunsventransport.nl,"KIPPERTRANSPORT WEGENBOUW EN SPECIALIST IN TRANSPORT VAN ASFALT Van Grunsven en Langenhuijzen Transport B.V. houdt zich met name bezig met kippertransport binnen de wegenbouw, met als specialiteit het transport van asfalt. Het bedrijf, dat zich toelegt op duurzaam ondernemen, werkt met een keur van vakbekwame, maar ook gediplomeerde chauffeurs. Het moderne wagenpark voldoet aan de strenge eisen, die milieu en maatschappij daar heden ten dage aan stellen. Er wordt gebruik gemaakt van geavanceerd materieel en de aller modernste technieken staan ons ten dienste. Zo maken we verantwoord en veelvuldig gebruik van digitale mogelijkheden als smartphones voor de chauffeurs; via die apparatuur wordt bijvoorbeeld opdrachtbegeleiding verzonden. Snel en efficiënt. De flexibiliteit van Van Grunsven en Langenhuijzen Transport B.V. is optimaal, vooral dankzij een intensieve samenwerking met enkele andere transportbedrijven die dezelfde specialiteiten in huis hebben. Die flexibiliteit wordt vooral gekenmerkt door het personeel, maar ook door het materieel. Met trots stellen wij vast, dat we een fantastisch bedrijf hebben, dat gedragen wordt door een groep personeelsleden, die zich te allen tijde voor de onderneming en onze klanten inzetten. De multifunctionele inzetbaarheid vormt één van de redenen, dat er in die afgelopen 20 jaar nog nooit een klant afscheid heeft genomen van onze diensten. Terwijl er door de jaren heen alleen maar verschillende opdrachtgevers bij zijn gekomen. Dat geeft iedereen binnen het bedrijf enorm veel motivatie om door te gaan op de in geslagen weg. Bovendien zijn we er binnen onze onderneming van hoog tot laag van overtuigd, dat duurzaamheid een integraal onderdeel vormt van onze strategie. We willen winstgevend zijn, maar tegelijk transparant en maatschappelijk verantwoord handelen. Ons wagenpark bestaat uit voertuigen die aan de hoogste kwaliteits- en milieueisen voldoen. Terwijl ons werkelijke kapitaal – ons betrokken personeel – uiterst vakbekwaam is en beschikt over adequate opleiding zowel als werkervaring.",Netherlands,8.181342,,,
Flex-in Uitzendgroep,8152073.0,"Netherlands, North Brabant, Breda",https://www.linkedin.com/company/flex-in-uitzendgroep,www.flex-in.nl,"Flex-in Uitzendgroep, hét uitzendbureau voor transport en logistiek! Flex-in Uitzendgroep is een uitzendbureau dat zich al meer dan 10 jaar lang specialiseert in het uitzenden van vrachtwagenchauffeurs en overig transport gerelateerd personeel. Inmiddels zijn we uitgegroeid tot een hecht team waarvan de meesten een achtergrond hebben in de transport.  We kennen onze klanten en onze klanten kennen ons. Dit komt door onze persoonlijke benadering en no-nonsens cultuur.  Naast onze open en eerlijke communicatie onderscheiden we ons vooral doordat we altijd tot uiterste gaan om uw problemen op te lossen. De transport staat natuurlijk nooit stil dus daarom zijn wij voor onze klanten en hun planners 24/7 bereikbaar voor uw aanvragen of andere situaties die direct om een oplossing vragen.",Netherlands,8.152073,,,
Routescanner,8152073.0,"Netherlands, South Holland, Rotterdam",https://www.linkedin.com/company/routescanner,routescanner.com,"Routescanner, the first global platform that provides insight into all routes for worldwide container transport and helps user to find, compare and choose the best options. From door to door and completely neutral.  The smart way to connect: We offer operators (sea, barge, rail) the opportunity to share their schedules for free on Routescanner.com. Add your schedules to make sure shippers and freight forwarders worldwide can quickly find the correct information about your connections Together, we can improve transparency in container shipping and create the right conditions for optimised routes, Co2 emissions and costs.  Stay up to date: Sign up and be the first one to hear about our latest news: https://www.routescanner.com/signup",Netherlands,8.152073,,,
Drenthe Tours B.V.,8152073.0,"Netherlands, Drenthe, Assen, 32 A.h.g. Fokkerstraat, drenthe 9403",https://www.linkedin.com/company/drenthe-tours-b-v-,www.drenthetours.nl,"Missie: Drenthe Tours staat voor een betrouwbare maatschappelijk verantwoorde touringcar-onderneming. Wij zorgen voor kwalitatief hoogwaardig vervoer van personen. Drenthe Tours hecht veel waarde aan luxe, schone en goed onderhouden touringcars, bestuurd door gediplomeerde chauffeurs die betrokken en gemotiveerd zijn. Wij streven er naar dat klanten van Drenthe Tours bij iedere rit iets meer krijgen dan ze verwachten. Visie: Drenthe Tours sluit nauw aan bij de specifieke wensen van de klant, in plaats van sec een product aan te bieden. Medewerkers van Drenthe Tours hebben als doel om tevreden klanten te hebben en zijn daarom beleefd, zien er net uit en stellen zich dienstbaar op. Elke keer dat de klant verrast wordt door extra attentheid of een beter dan verwachtte kwaliteit is winst voor morgen.",Netherlands,8.152073,,,
EBO Van Weel,8127282.0,"Netherlands, South Holland, Rhoon, 49 Achterdijk, 3161eb",https://www.linkedin.com/company/ebo-van-weel,www.ebovanweel.com,"EBO van Weel is een Nederlands familiebedrijf met meer dan 50 jaar aan ervaring betreft aanhangwagens, carrosserieën en verkeerssystemen. A. van Weel is de oprichter van dit bedrijf en is in 1953 gestart vanuit een garage naastgelegen aan het huis. De producten van EBO van Weel onderscheidden zich door een snelle levertijd en maatwerk en innovatie, waardoor het bedrijf zich succesvol kon ontwikkelen. Gedurende het ontwerp proces probeert EBO van Weel de wensen van de klant centraal te stellen. De klant krijgt de volledige ruimte om met ideeën en opties te komen, waarna deze door EBO van Weel zullen worden verwerkt tot een totaalontwerp. Sinds 2008 maakt de derde generatie van de familie van Weel deel uit van het bedrijf en in 2012 heeft EBO van Weel een nieuw bedrijfspand gebouwd. Deze ontwikkelingen hebben een nieuw impuls gegeven aan het bedrijf EBO van Weel. Deze vorderingen maken het mogelijk dat EBO van Weel zich verder kan ontwikkelen tot een vooruitstrevend technologie bedrijf.",Netherlands,8.127282,,,
Aiport Freight Handling B.V.,7621126.0,Netherlands,https://www.linkedin.com/company/aiport-freight-handling-b.v.,www.afh-schiphol.nl,"Airport Freight Handling is bekend geworden door detachering van professioneel personeel aan diverse afhandelaren en expediteurs op SPL. Echter naast detachering heeft Airport Freight Handling een compleet pakket van services, die u helpen uw klant nog beter van dienst te zijn. Zo zijn bijvoorbeeld al onze diensten 7 dagen 24 uur voor u en uw klant beschikbaar. U wilt zich onderscheiden door de beste service, maar heeft hiervoor niet de benodigde ervaring of personeel, dan kan AFH u daar bij helpen. AFH is sedert 2005 volledig KIWA gecertificeerd als het eerste bedrijf in Nederland en voldoet daarmee aan alle door de overheid gestelde eisen m.b.t. Air Cargo Security. Onze service gaat verder dan een pakketje wegbrengen! AFH wil zich graag laten gelden als DE derde man in de vracht. Heeft u dus een speciaal geval, een probleem, of zelfs een claim waarvoor u de tijd en mankracht niet heeft deze verder te behandelen…… bel ons. Wij dagen u uit. Want zelfs als wij het niet weten, dan zoeken we zeker een oplossing.",Netherlands,7.621126,,,
Seatrade Rotterdam B.V.,7582924.0,"Netherlands, South Holland, Rhoon, 5 Ravelstraat, 3161",https://www.linkedin.com/company/seatrade-rotterdam-b-v-,www.seatraderotterdam.nl,"Seatrade Rotterdam B.V. – Port, ship and booking agent and logistic service provider. Seatrade Rotterdam is a modern ship agent, acting as sole agent for niche carriers Seatrade Reefer Chartering NV and Streamlines NV. Seatrade Rotterdam is specialized in the transport of dry- and reefer containers, conventional cargo, Breakbulk, RoRo and refrigerated cargo, to/from Caribbean, Central- and South America, South Africa, French Polynesia and New Zealand. •	Office located in Rhoon (NL), close to Rotterdam Waalhaven and Rotterdam city center •	17 dedicated employees •	Founded in 1997, 100% subsidiary of Hudig & Veder Group since 2003 •	Performing under the unique 360 Quality Code,  AEO Certified, member of VRC/VNC/FONASBA Services Import: Fast, Direct, Fixed day weekly REEFER service for both 40’HCRF containers as well as (under deck) pallets. Seatrade offers weekly services for bananas, pineapples, melons, mangos, avocado, asparagus, plants/ferns. From: 	Costa Rica, Colombia, Peru, Ecuador, South Africa and New Zealand. 	 To: 	Europe North Continent, UK and Russia.  Services Export: Fast, Direct, Fixed day weekly service for dry- and reefer containers, conventional cargo (also palletized), Breakbulk, RoRo and refrigerated cargo. From: 	Northern Europe To: 	Surinam, Curacao, Aruba, Bonaire, St Maarten, Lee & Windward Islands, Dominica Republic, Haiti, Guadeloupe, Colombia, Costa     Rica, Ecuador, Peru, French Polynesia and New Zealand.	 General (Value added) Services in The Netherlands •	Port, Ship and booking agent •	Inter/Multimodal inland transport throughout Europe: truck, rail, barge and feeder connections •	Custom formalities:          -	Export document – ExA, T2L          -	Import  customs clearance, Transit document, Phyto Sanitary Check •	Cargo Insurance •	Palletization, sealing, shrink wrapping, container stuffing •	Handling, stuffing, lashing and securing of project cargo •	Project Cargo Survey",Netherlands,7.582924,,,
RPM,7582924.0,"Netherlands, North Holland, Amsterdam",https://www.linkedin.com/company/rpmmoves-eu,rpmmoves.eu,"RPM provides the automotive ecosystem with flexible logistics for the transportation of finished vehicles and other specialty freight. To support the exact requirements of our clients, RPM’s custom-engineered technology automates, optimizes, and digitizes the shipping process throughout a vehicle’s life cycle. Our asset-light model is agile and flexible, bridging transportation modes regardless of scope and complexity to drive an operational advantage for our clients.   Backed by Trive Capital and Bluejay Capital, RPM strives to be the premier service aggregator for finished vehicle logistics and value-add interconnected services. By offering our clients a sophisticated network covering over-the-road, rail, port, and sea, we are transforming the future of mobility.",Netherlands,7.582924,,,
Dutch Qargo,7582924.0,"Netherlands, North Holland, Nieuw-vennep, 20 Pesetaweg, 2153",https://www.linkedin.com/company/dutchqargo,www.dutchqargo.com,"Welcome to Dutch Qargo! We offer reliable logistics solutions, specializing in air freight. Our team is ready to handle your transportation and storage needs seamlessly, including road transport, rail transport, and sea freight.   If you want your logistic flows handled by enthusiastic professionals at competitive rates, quickly and securely, contact us at ams@dutchqargo.com.",Netherlands,7.582924,,,
Koring Freight Forwarders B.V.,7582924.0,"Netherlands, South Holland, Barendrecht, 26 Zweth, 2991lh",https://www.linkedin.com/company/koring-freight-forwarders-b-v-,www.koring.eu,"Koring Freight Forwarders B.V. biedt een compleet dienstenpakket: wij verzorgen al uw logistieke, douane-, expeditie-, en Europese transporten van A tot Z. Onze dienstverlening kenmerkt zich door: persoonlijk advies, een vaste contactpersoon, korte lijnen én scherpe tarieven. Waarom Koring? Betrouwbare dienstverlening Bij Koring Freight Forwarders B.V. geldt: afspraak is afspraak. Of het nu gaat om een op maat gemaakte offerte, een veilige opslagplaats voor uw goederen of deskundige fiscale vertegenwoordiging.  Als u voor ons kiest, kiest u voor zekerheid. Koring Freight Forwarders B.V. staat voor betrouwbare communicatie, betrouwbare softwaresystemen én een persoonlijke aanpak. Ontzorging is ons doel Indien wenselijk willen wij u graag vrijwaren van alle logistieke en douanewerkzaamheden rondom uw bedrijf. Het voordeel van volledig uitbesteden is: u kunt zich focussen op uw corebusiness en heeft minder overhead. Ook zorgt uitbesteden voor een hoge flexibiliteit. Benieuwd of wij ook iets voor u kunnen betekenen? Neem contact met ons op voor een vrijblijvend en persoonlijk advies. T: +31 180 692692 E: sales@koring.nl",Netherlands,7.582924,,,
Becx Verhuur,7552008.0,"Netherlands, Esbeek, 45a Notelstraat, 5085et",https://www.linkedin.com/company/becxverhuur,www.becxverhuur.nl,"Altijd de juiste trekker, altijd de juiste trailer. Of je nu de eigenaar van een transportbedrijf bent, de fleetmanager, de planner of de chef van de werkplaats, je wilt eigenlijk maar met één ding bezig zijn: het zo optimaal mogelijk bedienen van jouw klanten. Als de vraag naar je diensten groeit of piekt, dan wil je natuurlijk daarop in kunnen spelen. Becx Verhuur snapt als geen ander wat daarvoor nodig is en hoe we jouw bedrijf daarbij kunnen ondersteunen. We kennen de transportmaterieel-markt als onze eigen broekzak waardoor we altijd de juiste trekker of trailer kunnen aanbieden, en dat tegen voorwaarden die passen bij jouw vraag van dat moment. Op deze manier werken we samen aan tevreden eindklanten en is onze gezamenlijke missie geslaagd! Becx onderscheidt zich in de verhuurmarkt door onze gedrevenheid om een optimaal passende oplossing voor de klant te realiseren. Het resultaat is dan vaak een voertuig dat qua uitstraling of techniek naadloos aansluit bij jouw behoefte. Natuurlijk vullen we de vraag vanuit de markt naar een standaard oplegger graag in. Maar onze passie komt pas echt naar boven als jouw vraag net iets verder gaat dan die standaard oplossing. Of misschien wel veel verder. Want wij gaan ver in maatwerk van transportmaterieel. Becx Verhuur neemt de totale zorg rondom je wagenpark uit handen. Daar kun je 24/7 van op aan. Dat doen we op veel verschillende manieren, die dan ook weer overeenkomsten hebben: creativiteit, gedrevenheid en klantgerichtheid zijn waarden die we koesteren. In de werkplaats in Esbeek zijn wij in staat alle benodigde onderhouds- en herstelwerkzaamheden volledig in eigen beheer uit te voeren. In je klantportaal kun je, wanneer het jou zelf uitkomt, je gehuurde voertuigen bekijken, bepaalde wijzigingen doorvoeren en bijvoorbeeld een werkplaatsafspraak maken.",Netherlands,7.552008,,,
Van Lijssel Transport BV,7552008.0,"Netherlands, North Brabant, S-hertogenbosch, 48 Graaf Van Solmsweg",https://www.linkedin.com/company/van-lijssel,www.vanlijssel.nl,"Van Lijssel in 's-Hertogenbosch is gebleven wat het sinds 1953 ook al was: een bedrijf dat zich met hart en ziel inzet voor de belangen van de opdrachtgevers, dat kwaliteit koppelt aan echte service. Door de jaren heen is het bedrijf uitgegroeid van een eenzame pionier tot een fullservice partner in transport en aanneming in de G.W.W. en B&U-sector.",Netherlands,7.552008,,,
Bram Van Tuyl & Zn Internationaal Koel- En Vriestransport B.v.,7552008.0,"Netherlands, Gelderland, Gameren",https://www.linkedin.com/company/bram-van-tuyl-koel--en-vriestransport-bv,www.bramvantuyl.nl,"Geconditioneerd vervoer van uw product is voor BvT een koud kunstje! Want juist als uw product dat beetje extra aandacht nodig heeft, zijn wij úw transportpartner. Of het gaat om koeltransport, vriestransport of andere logistieke oplosingen, wij zijn u van dienst. BvT is een betrokken en meedenkende partner met jarenlange ervaring in het logistieke vak. Wij gaan voor een maximale dienstverlening en trachten daarbij uw logistieke behoeften te optimaliseren. Want wij willen u als klant ontzorgen, zodat u zich kunt richten op datgene waar u goed in bent!",Netherlands,7.552008,,,
Dorrestijn Internationaal Transport En Logistiek,7552008.0,"Netherlands, Utrecht, Soest",https://www.linkedin.com/company/dorrestijn-transport-en-logistiek,www.dorrestijn.nl,"Al meer dan 80 jaar is ons bedrijf actief in transport  en logistiek van met name bouwmaterialen en ''forest products''. Wij vervoeren deze maar ook andere goederen in complete ladingen, deelzendingen als ook levering met kooiaap. Ons werkgebied betreft de Benelux en delen van West Duitsland. Wij leveren na (digitale) order ingaven binnen 48 uur. Als logistiek dienstverlener geloven wij waarde te kunnen toevoegen voor onze klanten, door het uit handen nemen van logistieke handelingen, kunnen onze klanten zich helemaal richten op hun core-business. Wij richten ons op een beperkt aantal specifieke sectoren, dit zorgt er voor dat wij onze klanten het beste kunnen ontzorgen van logistieke handelingen. Door te werken met professionele en enthousiaste mensen kunnen wij een excellente service neerzetten rondom de wensen en eisen van onze klanten. Door goed te luisteren naar de wensen van onze klanten en de ontwikkelingen binnen onze markt nauwlettend in de gaten te houden, blijven wij de specialist in het midden van Nederland. Naast het transport beschikken wij ook over meerdere grote opslag faciliteiten in Soest en Baarn waar wij met onze medewerkers zowel B2B als B2C logistieke diensten leveren onder de naam www.we-fulfil.nl",Netherlands,7.552008,,,
Internationaal Transportbedrijf Jan De Lely B.V.,7552008.0,"Netherlands, Gelderland, Geldermalsen, 60 Rijnstraat, 4191cm",https://www.linkedin.com/company/jandelely,jandelely.nl,"Jan de Lely is opgericht in 1910 door Jan de Lely. Als transportbedrijf dat zich voornamelijk richtte op specialistisch transport, onder andere naar Noord-Afrika, de toenmalige Oostbloklanden en het Midden-Oosten die vele andere transporteurs links lieten liggen. Jan de Lely denkt altijd, vooruit en gaat alleen voor het beste resultaat. Een grote tabaksleverancier is bij Jan de Lely gekomen met de vraag een alarmsysteem te ontwikkelen om de veiligheid van de lading te waarborgen. Voor deze klant zijn 65 nieuwe Schmitz trailers gekocht en volledig beveiligd op V1 niveau.",Netherlands,7.552008,,,
Heppner HaCas Transport,6977830.0,"Netherlands, North Brabant, Gilze",https://www.linkedin.com/company/hacas-transport,www.hacas-transport.nl,"HaCas Transport is een wegtransportbedrijf met een rijke historie die terugloopt naar 1906. Inmiddels is het een eigentijds transportbedrijf met een modern wagenpark en 8.500 m2 opslagruimte. Hiermee biedt HaCas Transport ruime mogelijkheden voor opslag, Value Added Logistics en natuurlijk transport. De 25 medewerkers stellen dagelijks alles in het werk om u optimale betrouwbaarheid en service te bieden. Om zichzelf duidelijk te profileren, heeft HaCas zich gespecialiseerd op één hoofdterrein: groupagevervoer naar Frankrijk. HaCas Transport staat voor: 1. Direct transport 2. Direct contact 3. Direct gemak 1. Direct transport Wij maken geen gebruik van onnodige schakels, zoals agenten of depots. In ons streven naar een optimale betrouwbaarheid, hebben wij ervoor gekozen om overbodige tussenschakels over te slaan: uw zendingen worden direct geleverd, zonder tussenkomst van depots of agenten. De kans op manco’s, schades of vertragingen wordt hierdoor maximaal beperkt. 2. Direct contact Alle zendingen worden vooraf aangemeld bij de ontvanger, het laadadres en de opdrachtgever. Wij hechten veel waarde aan een goede communicatie met onze klanten. De medewerkers van de planning hebben direct contact met de klant, het laadadres en de ontvanger. De communicatie is hierdoor kort, betrouwbaar en duidelijk. Dit betekent dat u altijd goed geïnformeerd bent over de uitvoering van uw transportopdrachten. 3. Direct gemak Hierdoor ervaart u direct het gemak van een samenwerking met HaCas Transport. Wilt u meer informatie? Neem dan contact met ons op via 0161 - 45 00 30 of kijk voor meer informatie op www.hacas-transport.nl.",Netherlands,6.97783,,,
KSZ TRANSPORT,6977830.0,"Netherlands, North Brabant, Moerdijk, 19 Plaza, 4782",https://www.linkedin.com/company/ksz-transport,www.ksztransport.nl,"KSZ Transport is een jong dynamisch bedrijf wat zich kenmerkt door het vinden van creatieve oplossingen voor elk logistiek vraagstuk; wij gaan geen uitdaging uit de weg.  Wij staan voor Kwaliteit, Flexibiliteit en Betrouwbaarheid.",Netherlands,6.97783,,,
Van Opijnen Transport & Warehousing,6922674.0,"Netherlands, Overijssel, Deventer",https://www.linkedin.com/company/van-opijnen-transport,www.vanopijnentransport.nl,"Ons bedrijf is opgericht in 1946 te Gorssel. Na een aantal jaren binnenlands vervoer te hebben gedaan werd eind jaren 50 met het internationale transport begonnen. Door een gestage groei werd het eind jaren 80 noodzakelijk een andere locatie te zoeken en werd het bedrijf gevestigd op het industrieterrein Kloosterlanden te Deventer. Hier was ook al het zusterbedrijf Industriële Diensten Deventer gevestigd sinds 1979.   Op ons terrein bevindt zich het kantoorpand, een opslagcomplex van 40.000 m², een crossdockingruimte met laadperrons, een tankeiland en de parkeerplaats. Tevens is op ons terrein een goed geoutilleerd garagebedrijf aanwezig waarin het onderhoud van ons eigen materieel en het onderhoud voor derden geschiedt.",Netherlands,6.922674,,,
UNIT45 B.V. Intermodal Innovators,6922674.0,"Netherlands, South Holland, Rotterdam, 29 Rotterdam Airportplein, 3045",https://www.linkedin.com/company/unit45-b-v-,www.unit45.com,"The Rotterdam based UNIT45 specializes in the sale and lease of 45ft pallet-wide containers in Europe. The company started business in 2002 and is privately owned, the shareholders being mainly investment holding companies.  UNIT45 focuses solely on meeting the container equipment requirements of European shortsea/ intermodal transport operators. UNIT45's forward strategy is based on there being a continuing intermodal shift from road to rail, sea and inland waterways during the next decade and beyond.  The broad based client portfolio includes most of the leading names in the European intermodal market including Containerships, P&O Ferrymasters, ECS-2XL, Eucon, Transfennica, A2B online, Samskip and BG Freight Line.",Netherlands,6.922674,,,
PortShuttle Rotterdam,6922674.0,"Netherlands, South Holland, Rotterdam, 335 Weena, 3013al",https://www.linkedin.com/company/portshuttle-rotterdam,portshuttle-rotterdam.com,PortShuttle Rotterdam offers its customers an extensive network for the exchange of containers between terminals in the port of Rotterdam. By using the existing network of rail providers in Rotterdam we interconnect the deepsea container terminals located on the Maasvlakte. Through the Rail Service Center and CTT-R we connect the Waal-/Eemhaven area and the Maasvlakte.,Netherlands,6.922674,,,
Pleging Transportservice En PV Transport,6922674.0,"Netherlands, North Brabant, Eersel, 4 Sigarenmaker, 5521",https://www.linkedin.com/company/pleging-transportservice,www.plegingtransportservice.nl,Pleging ondersteunt het succes van haar klanten in een intensieve samenwerking op het gebied van transport. Door zich te verdiepen in de wens van de klant en door het tonen van een hoge mate van flexibiliteit is Pleging in staat aan een hoge verwachting te voldoen.,Netherlands,6.922674,,,
Nesta Shipping BV,6808133.0,"Netherlands, Friesland, Harlingen, 13 Korte Lijnbaan, 8861",https://www.linkedin.com/company/nesta-shipping-bv,www.nesta.nl,"Nesta Shipping is een unieke specialist in logistieke dienstverlening. Door het bundelen van onze kennis op het gebied van douanereglementen, stuwadoors, (zee) scheepvaart en wegtransport in combinatie met ruim 50 jaar ervaring als scheepsagent, leveren wij een totaal pakket aan diensten. Onze missie: Het ontzorgen van onze klanten op logistiek gebied. Door het bundelen van kennis op het gebied van het douane-regelement, stuwadoors en vervoersstromen. Onze visie: Nesta Shipping streeft ernaar om zich als betrouwbare partner te ontwikkelen tot een brede organisatie op het gebied van logistieke dienstverlening. Met de beste werkomgeving en oog voor medemens en omgeving bieden we onze klanten ongekende logistieke mogelijkheden. Vanuit een modern kantoor in de haven van Harlingen worden vele nationale en internationale relaties bediend. Nesta Shipping mag zich, door de aanwezigheid van een moderne overslag terminal van 7 ha groot met ruim 9000 m2 overdekte opslagruimte, 2 mobiele havenkranen, 1 containerkraan en 420 meter kade direct aan open vaarwater, rekenen tot de grotere overslag faciliteiten in de regio.",Netherlands,6.808133,,,
LCG - Logistiek Centrum Gorinchem B.V.,6808133.0,"Netherlands, South Holland, Gorinchem",https://www.linkedin.com/company/lcg-logistiek-centrum-gorinchem-b-v-,lcgterminal.nl,"Logistiek Centrum Gorinchem B.V. is een organisatie die zich bezighoudt met het transport, op- en overslag van zeecontainers en daaraan gerelateerde werkzaamheden. Wij verzorgen het binnenlandse transport van zeecontainers van en naar onze terminal in Gorinchem. Tijdigheid van levering, betrouwbaar en flexibiliteit zijn hierbij sleutelbegrippen. Alle wegtransporten worden vanaf onze terminal in eigen regie ingepland gebruik makend van een toekomstgericht automatiseringssysteem. Het succes van Logistiek Centrum Gorinchem B.V. wordt mede ingegeven door de bedrijfscultuur en de normen en waarden die in onze werkwijze belangrijk zijn. Wij zijn trots op de flexibiliteit, doortastendheid en slagvaardigheid die wij daardoor aan de dag kunnen leggen. Betrokkenheid in combinatie met professionaliteit maakt dat samenwerking en het leveren van kwaliteit hand in hand gaan. Het tonen van initiatief wordt gewaardeerd. Binnen ons bedrijf heerst een sfeer van no-nonsense en vertrouwen.",Netherlands,6.808133,,,
VTR-Rail B.V.,6441767.0,"Netherlands, South Holland, Zwijndrecht",https://www.linkedin.com/company/vtr-rail-b-v-,vtr-rail.nl,"VTR-Rail B.V. is a transportation/trucking/railroad company based out of Lindtsedijk 22a, Zwijndrecht, Zuid-Holland, Netherlands.",Netherlands,6.441767,,,
Personenvervoer Maas En Waal,6441767.0,"Netherlands, Gelderland, Beneden-leeuwen, 4 Veesteeg, 6658",https://www.linkedin.com/company/personenvervoer-maas-en-waal,pers-vervoer.nl,Met ruim 65 jaar aan vervoerservaring mag PMW zich professioneel noemen in het personenvervoer algemeen. PMW zet deze kwaliteit met passie en overtuiging in voor alle soorten relaties.  Neem een kijkje op de linkedin pagina van PMW: https://www.linkedin.com/company/personenvervoer-maas-en-waal/?viewAsMember=true,Netherlands,6.441767,,,
CF&S Netherlands B.V.,6441767.0,"Netherlands, Limburg, Venlo, 14 Marco Poloweg, 5928",https://www.linkedin.com/company/cf-s-netherlands-b-v,www.cfs.nl,"Een samenwerking waarin de klant centraal staat, dat is waar wij op focussen als CF&S Netherlands in Venlo.  Dit doen wij door middel van een proactieve manier van communiceren en proactief meedenken, om zo voor elk van onze klanten de best passende oplossing te vinden. Want, geen klant is immers hetzelfde en niet elke klant behoeft dezelfde oplossing. Op deze manier besparen wij onze klanten een hoop tijd en ergernis (en uiteindelijk ook geld!). De kernwaarden van ons bedrijf zijn dan ook: Betrouwbaarheid; klantgerichtheid en eerlijkheid. Hiermee proberen wij ons te onderscheiden van onze vele concullega’s.  Wie zijn wij dan precies? : CF&S Netherlands is een logistiek dienstverlener in Venlo en maakt deel uit van de grotere CF&S Group met 12 wereldwijd verspreide kantoren waarvan het hoofdkantoor zich in Tallinn – Estland bevind. Dit heeft als groot pluspunt dat wij klein genoeg zijn om klantgericht te kunnen opereren met de back-up en mogelijkheden van een grotere organisatie.  Wij willen onze klanten zo efficiënt mogelijk bedienen, op een dusdanige manier dat we beiden kunnen groeien. En bovendien doen wij dit met een flinke dosis aan enthousiasme en plezier! Niets meer en niets minder. Nieuwsgierig? Bekijk voor meer informatie dan gerust eens onze website: WWW.CFS.NL   En uiteraard zijn wij altijd in voor een (digitaal) kopje koffie!",Netherlands,6.441767,,,
Ridderkerks Kraanwagenbedrijf BV,6441767.0,"Netherlands, South Holland, Ridderkerk",https://www.linkedin.com/company/ridderkerks-kraanwagenbedrijf-bv,www.rkbkraanverhuur.nl,"Ridderkerks Kraanwagenbedrijf BV is een familiebedrijf met ruim 50 jaar ervaring, dat zich heeft gespecialiseerd in: + Spierings mobiele torenkranen + Mobiele kranen + Transport + Minikranen + Industriële verhuizingen + Opslag Voor meer informatie kunt U ons altijd vrijblijvend bellen: 0180 - 420 400",Netherlands,6.441767,,,
Blad,6293340.0,"Netherlands, South Holland, Heinenoord, 7 T Reedijk, 3274",https://www.linkedin.com/company/blad-verkeersschool-bv,www.rijschoolblad.nl,"In 1952 werd Rijschool Blad opgericht aan de Wolphaertsbocht te Rotterdam-Zuid.   Het rijbewijs is misschien wel het meest felbegeerde roze document van Nederland. Logisch dus dat u zo snel mogelijk voor het rij-examen wilt slagen. Wie lessen neemt bij Rijschool Blad maakt een verstandige keuze.   Of het nu gaat om deskundige instructeurs die zich houden aan de BOVAG-gedragscode, goed onderhouden lesauto's, inzicht in uw vorderingen, een aantrekkelijke en betrouwbare lesovereenkomst en natuurlijk een goed slagingspercentage...want door de ""Blad-Lesmethode"" is dit hoger dan het landelijke gemiddelde!",Netherlands,6.29334,,,
Fier Stadslogistiek,6293340.0,"Netherlands, South Holland, Delft, 4 Neptunusweg, 2624",https://www.linkedin.com/company/fier-fietskoerier-delft,fierstadslogistiek.nl,"Snel, schoon en sociaal bezorgd. Elke dag, op elke plek in Delft, Delfgauw, Den Hoorn, Rijswijk Buiten en Vrijenban. En over de hele wereld. Fier draagt bĳ aan een schonere stad, en aan waardevolle banen voor mensen met een afstand tot de arbeidsmarkt. Minder busjes, meer mensen die zich gezien weten. Dat is waar wĳ voor op de fiets stappen. Het maakt ons blij dat zoiets tastbaars als een pakketje dát mogelĳk kan maken! Samen maken we onze stad groener, socialer en gezelliger. Een schone en sociale stad kunnen we samen maken, zonder in te leveren op snelheid of gemak. En dat is helemaal niet zo moeilĳk. Terwĳl iedereen groter denkt, denken wĳ klein en passend. Fietsen hebben geen last van milieuzones, venstertĳden of smalle steegjes. Onze hub ligt gewoon aan de rand van het centrum van Delft in plaats van een weiland langs de snelweg. Onze collega’s hebben tĳd voor een praatje. Post en pakketten leveren alsof we je buren zĳn. Kĳk, dát is stadslogistiek!",Netherlands,6.29334,,,
Vlaming Verhuizingen,6293340.0,"Netherlands, North Holland, Diemen, 24 Stammerdijk, 1112",https://www.linkedin.com/company/vlaming-verhuizingen,www.vlaming.com,Sinds de oprichting in 1885 heeft Vlaming Verhuizingen veel verhuizingen uitgevoerd. In de jaren '80 heeft zich een professionalisatie doorgevoerd naar de bedrijfsverhuizingen.  Vlaming werkt met accountmanagers die zorgdragen voor een succesvolle Business to Business dienstverlening die verder gaat dan alleen verhuizingen. Zo kunnen wij het hele projectmanagement voor een verbouwing of verhuizing overnemen.,Netherlands,6.29334,,,
De Gier Jachtservice,6221041.0,"Netherlands, North Holland, Enkhuizen, 4 Volmolen, 1601",https://www.linkedin.com/company/degierjachtservice,www.degierjachtservice.com,"De Gier Jachtservice is een kwalitatief hoogwaardige scheepswerf voor zowel kleine- als middel groot en zins kort ook voor grote motor- en zeiljachten. De Gier Jachtservice specialiseert zich in het aanbieden van een totaalpakket aan diensten. Alle facetten van scheepsonderhoud zijn te vinden op één adres, waardoor de boten maar 1 keer uit het water moeten worden gehaald met de (nieuwe) 100-tons lift voor schepen tot 30 meter. Eveneens biedt De Gier Jachtservice binnen- en buitenstalling op het terrein van 12.500 vierkante meter. De gedetailleerde aanpak met nadruk op kwaliteit en persoonlijke dienstverlening, zorgen voor een gestage groei van het bedrijf.",Netherlands,6.221041,,,
Het Historisch Bedrijfsvaartuig,6221041.0,"Netherlands, North Holland, Amsterdam",https://www.linkedin.com/company/lvbhb,www.lvbhb.nl,"het Historisch Bedrijfsvaartuig (LVBHB) stelt zich ten doel: “het behoud van historische bedrijfsvaartuigen waarmee oorspronkelijk op de Nederlandse wateren enig bedrijf is uitgeoefend en waarvan het karakter overwegend bewaard is gebleven, alsmede het in stand houden van de ambachten die hierbij betrokken zijn geweest.” De LVBHB, ofwel Het Historisch Bedrijfsvaartuig is aangesloten bij de Federatie Varend Erfgoed Nederland.",Netherlands,6.221041,,,
P. Van Setten Transport B.V.,6136009.0,"Netherlands, Gelderland, Ederveen, 32a Hoofdweg, 6744",https://www.linkedin.com/company/p-van-setten-transport-b-v,www.pvansettentransport.nl,"Peter van Setten Transport is al meer dan 25 jaar een betrouwbare partner voor al uw transport vraagstukken, zowel nationaal als internationaal.  Wij werken graag samen met onze partners en doen wat wij beloven. Door onze persoonlijke benadering werken we aan langdurige relaties met onze klanten. Onze kracht ligt verder in de diversiteit van transportmiddelen die wij als vervoerder bieden. Wij beschikken over zo’n 40 trekkers, verschillende combinaties met BDF wissel laadbakken en in totaal zo’n 100 opleggers, waaronder kastentrailers, tautliners, koeltrailers en diepladers.  Door het gebruik van een TransportManagement Systeem (TMS) en Fleetmanagement Systeem (FMS) kunnen wij uw zending optimaal plannen én volgen.  Peter van Setten Transport wil graag meewerken aan het realiseren van een schonere wereld. Dit doen we door de aanschaf van trucks die voldoen aan de meest recente emissienormen (Euro 6 motoren).  Ook maken we gebruik van intermodale transportoplossingen, door onze trailers zo mogelijk over het spoor te laten verplaatsen.  Verder investeren we in de nieuwste innovaties: zo hebben we verschillende trucks rijden met LNG motoren. Deze motoren leveren een CO2 reductie tot 20%. Verder kunnen we binnenkort gaan rijden met onze eerste volledig elektrisch aangedreven trekker. Uiteraard noemen we in het verband van duurzaam innoveren ook graag onze drie LZV combinaties. Deze combinaties zorgen ervoor dat er tot 30% minder transportbewegingen nodig zijn. Wij zijn niets zonder onze wel gewaardeerde medewerkers. Zij zijn immers, samen met ons materieel, het visitekaartje van ons bedrijf! Wij begeleiden onze chauffeurs met onze eigen mentorchauffeur. Hij zorgt voor uitstekend opgeleid personeel dat op de hoogte is van de werking van ons materieel, huidige wet- en regelgeving en specifieke wensen en eisen van onze klanten. De planning van onze voertuigen is goed uitvoerbaar. Zo houden onze chauffeurs zich zonder problemen aan de voorgeschreven rij- en rusttijden.",Netherlands,6.136009,,,
Weltens B.V. Internationale Transporten / Hulsbosch Transport Service,6136009.0,"Netherlands, Limburg, Hoensbroek, 74 De Koumen, 6433ke",https://www.linkedin.com/company/hulsbosch-transport-service-weltens,weltens-holten.nl,"Door onze jarenlange ervaring kunt u zich verzekeren van onze kennis, kwaliteiten en capaciteiten om in uw logistieke behoeften te worden voorzien. Deze kenmerken van ons bedrijf zorgen ervoor dat wij u flexibel, betrouwbaar, maar ook snel en effectief van dienst kunnen zijn. Op deze manier kunnen wij daadwerkelijk fungeren als een verlengstuk van uw onderneming, als uw logistieke partner. Gespecialiseerd in: - Huiftransport - Tanktransport - ADR transport - Kraanwagentransport",Netherlands,6.136009,,,
Veltkamp Group,6136009.0,"Netherlands, North Holland, Schagen, 28 Witte Paal, 1742",https://www.linkedin.com/company/veltkamp,veltkamp.pro,"Veltkamp is part of the Veltkamp Group, with headquarters in the Netherlands. Founded in 1925 in Amsterdam as a manufacturer of electrical fasteners. In the fifties, production was expanded to include a division for processing phenolic resin (bakelite), the first synthetic plastic. In subsequent years, it was further developed into an advanced injection molding and metalworking department and with its own engineering department and mold production. Techniques which since the seventies professional end-users of cargo securing equipment and lifting equipment under the hook be served and supported. Sectors: •  Distribution and Logistics •  Road, Rail ans Sea Transport •  Container Stuffers •  Stevedores •  Offshore Our customers are mainly professional end users who are mostly active worldwide and besides reliability also demand high-quality technical and logistical support. Our activities are focused not only on a wide range of clients and market sectors, but are also performed in accordance with customer-specific requirements and applicable laws and regulations. Our focus is he care for quality, the environment, welfare, safety, service and reliability. In order to respond quickly and effectively to market trends, customer needs and to ensure quality, Veltkamp HQ is certified for: •  ISO 9001 - management of product and process quality •  ISO 14001 - managing the environmental impact and the care that purpose •  ISO 45001 - for the safety and welfare of our employees •  AEO F - customs simplification and safety To this end: •  all relevant products delivered with certificate •  certificates and documentation to customers available through our website •  the products delivered anywhere in the world door-to-door on time •  we keep if necessary reserve stocks •  required courses and trainings on site •  inspections and examinations provided by our own inspectors",Netherlands,6.136009,,,
Regoort B.V.,6026970.0,"Netherlands, South Holland, Zwijndrecht, 11 Griendwerkersstraat, 3334",https://www.linkedin.com/company/regoort-b.v.,www.regoort.nl,"Welkom op onze pagina! Wij zijn een middelgroot bedrijf met een grote passie voor de import, opslag, verwerking, distributie en verkoop van technische materialen. Wij zijn jouw one-stop-shop: met vier verschillende business-units – Telecom, Rail, Verlichting en Metal Framing – bieden we een unieke mix aan producten én diensten. Want ook na jouw aankoop blijven we graag actief betrokken bij jouw project. Met onze jarenlange ervaring, korte lijnen en betrokken aanpak staan we klaar om snel en flexibel de beste oplossing voor jou te realiseren. Laat ons weten waar we je mee kunnen helpen, we denken graag met je mee!",Netherlands,6.02697,,,
MCA Brabant,5664006.0,"Netherlands, North Brabant, S-hertogenbosch, 3 Brabantlaan, 5216tv",https://www.linkedin.com/company/mca-brabant,www.mcabrabant.nl,"In 1998 is in Noord-Brabant het Multimodaal Coördinatie- en Adviescentrum (MCA Brabant) opgericht. Sindsdien is de organisatie een prominente aanjager voor het bevorderen van multimodaal transport in de provincie. Als verbinder, bruggenbouwer en katalysator heeft MCA Brabant een grote rol gespeeld bij de revitalisatie, ontwikkeling en aanleg van vaarwegen en spooraansluitingen in de provincie. Sindsdien heeft het multimodaal transport een vlucht genomen en groeit de vervoersstroom jaar op jaar. Deze groei brengt nieuwe uitdagingen met zich mee die alle aandacht krijgen.  Prioriteiten van MCA Brabant:  -	Betere benutting van vaarwegen -	Betere benutting van spoorwegen  -	Versterken van de logistieke hotspots -	Efficiënter containervervoer (per spoor of via water) van en naar de zeehavens -	Monitoring en informatievoorziening  De missie van MCA Brabant is: het bevorderen van het multimodale goederenvervoer over water en spoor binnen, naar, door en vanuit de provincie Noord-Brabant.",Netherlands,5.664006,,,
MCS Fulfilment - Webwinkel Fulfilment,5664006.0,"Netherlands, Etten Leur, 16 Florijnstraat, 4879",https://www.linkedin.com/company/mcs-fulfilment-webwinkel-fulfilment,www.mcsfulfilment.com,"We are a fulfillment company based in The Netherlands, specialized in E-commerce fulfillment MCS Fulfilment provides the following order fulfilment services from our warehouse:     * Response handling     * Order processing     * Mailorder     * E-fulfilment & distribution for webshops     * Merchant services     * Customer care     * Promotional fulfilment     * Stock management & secure storage MCS Fulfilment Specialist in fulfilment e-fulfilment voor Belgische en Nederlandse webshops. Wij verzorgen de gehele logistieke afhandeling voor webshops. Webshop logistiek --> Opslag, orderverwerking, inpakken en verzenden.  Gezien onze gunstige ligging leveren alle bovenstaande diensten ook in Belgie.  Bij MCS Fulfilment kunt significante kostenbesparingen realiseren op verzendkosten, inkoop verpakkingsmaterialen etc. Zodat u zich kunt richten op nieuwe klanten en het genereren van bestellingen!",Netherlands,5.664006,,,
De Jong IJmuiden I B.V.,5664006.0,"Netherlands, Arizona, Velsen, 1 Eendrachtsstraat, 1951",https://www.linkedin.com/company/de-jong-ijmuiden,www.dejongijmuiden.nl,"Sinds 1983 zijn wij importeur van de meest fassinerende autolaadkranen van de GROOTSTE fabrikant van Italië, welke zich sedert jaren mag scharen in de top 3 van de wereld m.b.t. het ontwikkelen, produceren en leveren van autolaadkranen. Reeds in 1983 was de eerste Fassi autolaadkraan voor Nederland een feit, middels een levering van de onderstaande kraan aan de gemeente Bloemendaal. Volledig in dezelfde gedachtegang als onze fabrikant, hebben wij ons door de jaren heen gespecialiseerd in het leveren, distribueren en monteren van autolaad- en marinekranen vanaf 1 ton.meter t/m 215 ton.meter Wij heten u dan ook wederom welkom in onze digitale, continu evoluerende, autolaadkranenwereld, waar gewerkt wordt met een “no nonsens” mentaliteit.",Netherlands,5.664006,,,
V.V.T Europa B.V.,5625575.0,"Netherlands, Gelderland, Geldermalsen",https://www.linkedin.com/company/vvt-europa-bv,www.vvteuropa.com,"V.V.T Europa is a reliable logistics partner within Europe . Our company is characterized by a high level of security, flexibility, automation, expertise and sustainability. The security of your freight comes first at V.V.T Europa. This is why we invest in people, resources and services to provide as much guarantee as possible with regard to security when transporting your goods. The quality of our service provision is largely guaranteed by safeguarding all our processes through the use of automation. This includes also external processes. For example, we use an advanced GPRS/GPS track-and-trace system.  The entire process, from loading all the way to final delivery, is fully controlled by people with ‘loads’ of planning experience. Our extensive network means, we can always find a suitable solution for any logistics challenge. To guarantee an effective and secure logistics process to every client, transportation is available by truck, ship, train or plane.   Furthermore you can count on our flexibility: 24 hours a day, 7 days a week, 365 days a year we’re on the move for you. So whatever your logistics challenge is, we can always deliver. V.V.T Europa’s drive is to be your reliable connection in transportation.",Netherlands,5.625575,,,
A.F.L. Barendrecht B.V.,5625575.0,"Netherlands, South Holland, Ridderkerk, 74 Peterselieweg, 2988",https://www.linkedin.com/company/a-f-l-barendrecht-b-v,www.aflbarendrecht.nl,"AFL Barendrecht uitgegroeid tot een internationaal transportbedrijf in groente en fruit dat zich voornamelijk richt op transporten in Nederland, Frankrijk, België en Duitsland. Daarbij hebben wij de beschikking over op- en overslagplaatsen van o.a. onbewerkte en verse, groente en fruit (AGF). Op onze nieuwe locatie beschikken wij over 2 rijpcellen, 2 vriescellen en 17 grote koelcellen met een capaciteit voor 9697 palletplaatsen. Ons wagenpark bestaat uit 16 trekkende eenheden, 9 opleggers en 24 trailers voor gekoeld transport.",Netherlands,5.625575,,,
TDB Bevrachtingen BV,5625575.0,"Netherlands, Gelderland, Maurik, 1 De Woerd, 4021",https://www.linkedin.com/company/tdb-bevrachtingen-bv,www.tdbbevrachtingen.nl,"TdB Bevrachtingen BV heeft zich gespecialiseerd in het transporteren en bemiddelen in het vervoer van o.a. schroot, nieuw & oud staal, granietproducten, heipalen en elektromotoren binnen heel Europa.",Netherlands,5.625575,,,
PSI PIPING,5625575.0,"Netherlands, South Holland, Papendrecht",https://www.linkedin.com/company/psi-piping,www.psipijpleidingen.com,"PSI is sinds 1998 actief op de markt van de scheepvaart, offshore en industrie met het leveren en installeren van pijpleidingsystemen. Onze kracht ligt in de verregaande specialisatie die wij ons op dit terrein eigen hebben gemaakt. Die specialisatie vertaalt zich in het leveren van klantgerichte engineering en kwalitatief hoogwaardige oplossingen. Met gekwalificeerde medewerkers realiseren we een grote verscheidenheid aan projecten voor de scheepvaart, de offshore en de industrie. PSI biedt vakmanschap en een totaalpakket aan diensten vanuit een open, klantgerichte organisatie, met korte, directe lijnen.",Netherlands,5.625575,,,
Disbergen Hydrauliek Service,5625575.0,"Netherlands, Gelderland, Apeldoorn",https://www.linkedin.com/company/disbergen-hydrauliek-service,www.disbergen.nl,"Onze core-business is de opbouw van autolaadkranen, kippers (achterover- en twee of drie zijden), haakarm-, portaal- en kabelsystemen. Tevens verzorgen wij de opbouw van open laadbakken. Ook voor onderhoud, reparatie en RAI-keuringen kunt u bij DHS terecht. Kwaliteit en service zijn onze kernwaarden. Onze monteurs zijn ervaren en worden periodiek bijgeschoold om zich de nieuwe ontwikkelingen en technieken eigen te maken. Met hun kennis, ervaring  en persoonlijke betrokkenheid staan zij borg voor de aflevering van een kwalitatief hoogwaardige opbouw. Om een goede kwaliteit van het totale product te kunnen garanderen bouwt DHS uitsluitend hydraulische systemen op uit het A-segment. Naast kwaliteit hebben wij ook servicegerichtheid hoog in ons vaandel staan. Zeven dagen per week is DHS bereikbaar voor het verlenen van service.",Netherlands,5.625575,,,
Hotrans B.V.,5625575.0,"Netherlands, North Brabant, Eindhoven",https://www.linkedin.com/company/hotrans-b-v-,www.hotrans.nl,"Hotrans is een jong, fris en dynamisch transportbedrijf waar de klant centraal staat. Door een rijke historie op het gebied van goederenvervoer, hebben wij de ervaring en expertise in huis om u een passend advies te geven en waar nodig u van dienst te zijn. Middels een jong team zullen wij een flexibele benadering toepassen voor al uw transportzaken. Door nauwkeurig elk transport te belichten kunnen wij een passend aanbod doen, met transparante prijssettingen.  Flexibiliteit, nauwkeurigheid, en betrouwbaarheid zijn eigenschappen waar Hotrans zich mee identificeert.",Netherlands,5.625575,,,
Bonotrans bv,5625575.0,"Netherlands, Utrecht, Vianen, 11 Lange Dreef, 4131",https://www.linkedin.com/company/bonotrans-bv,www.bonotrans.nl,"het transportbedrijf waar de klant kwaliteit wordt geboden en waar de klant zich kan bezig houden met zijn/haar core-bussiness. Wij transporteren 24 uur per dag 7 dagen per week. Groot in nachtdistributie, dagdistributie, dedicated, on-time deivery en winkeldistributie van levensmiddelen.  Termen die bij ons vanzelfsprekend zijn is milieu vriendelijk, geluidsarm en efficiency.",Netherlands,5.625575,,,
VZB Nederland B.V.,5625575.0,"Netherlands, Gelderland, Geldermalsen, 6 De Iepenwei, 4191",https://www.linkedin.com/company/vzb-nederland-b-v,www.vzbnederland.nl,"VZB staat voor Veeg-Zuig-Bedrijf dat zich bezighoudt met het schoonmaken van onder andere straten, wegen, terreinen, asfalt en betonverharding. Wij zijn tevens inzetbaar bij milieu incidenten door middel van veegzuigwagens, wegdekreinigers en zoabreinigers van klein tot groot.   Onze opdrachtgevers zijn Rijkswaterstaat, provincies, gemeentes, aannemers, particuliere bedrijven, overheden en semi-overheden.   De doelstelling van VZB Nederland B.V. is kwaliteit boven kwantiteit en verregaande serviceverlening naar de opdrachtgevers.   VZB Nederland B.V. is een ISO9001 en VCA* gecertificieerd bedrijf. Het beleid van VZB is een steeds verdergaande interpretering van het veiligheid- en gezondheidsplan. Daarnaast is het Arbo- en milieuzorgsysteem geïntegreerd in de dagelijkse bedrijfsvoering.   Onze machines onderhouden wij in eigen beheer. VZB is gevestigd in Geldermalsen waar we ook de beschikking hebben over een ruime werkplaats.",Netherlands,5.625575,,,
EngineFlex B.V.,5625575.0,"Netherlands, South Holland, Alblasserdam",https://www.linkedin.com/company/engineflex-b.v.,www.engineflex.nl,"De kracht van Engineflex is te opereren in een bijzonder enerverende markt die sterk conjunctuurgevoelig is, met de flexibiliteit en snelheid die daarin wordt verwacht en steeds meer wordt geëist. Engineflex positioneert zich als intermediair door hierin actief mee te gaan.  De balans tussen werk en privé, kosten tegen baten, groei of krimp en generaliseren of specialiseren zijn zaken waarmee Engineflex voortdurend speelt. Deze tegenstellingen maken dat het voor iedereen noodzakelijk is om deze van tijd tot tijd eens goed tegen het licht te houden. Engineflex is als onafhankelijke partij in staat hierin tot verfrissende inzichten en oplossingen te komen.  Bedrijven en werknemers willen ook steeds meer factoren in een steeds kortere tijd afwegen om tot beslissingen te komen. Dit is het spanningsveld waarin onze medewerkers al jaren opereren en hun ervaring benutten om invulling te geven aan deze vraag. Binnen Engineflex hanteren wij de regel dat voor de juiste match, de “zachte” criteria minstens zo belangrijk zijn als de “harde” criteria.  Engineflex is een bureau waar vertrouwen, openheid en professionaliteit voorop staan. Vanuit deze drie kenmerken kan Engineflex zich presenteren als een snelle, flexibele en vooral vooruitdenkende organisatie waarin een langdurige samenwerkingsvorm centraal staat.",Netherlands,5.625575,,,
ROAD2CEE BV,5625575.0,"Netherlands, North Brabant, Berkel-enschot, Vivaldilaan, 5056",https://www.linkedin.com/company/road2cee,www.road2cee.nl,"Road2CEE BV is a dutch privately owned freight forwarding company, having +25 years experience. Road2CEE offers a wide range of logistics activities, whereas the services to/from/in the CEE region are the big lines through its developments. The management of Road2CEE spent almost 20 years in that region and has excellent knowledge of the CEE region, including understanding of culture, language and the way of doing business.  - Established in 2019 - HQ in Tilburg(NL), subsidiaries in Croatia, Sales organisations in Spain and Hungary. - Xdock in Breda; logistics hotspot No. 1 in NL  - Direct connection to the ports of Antwerp and Rotterdam as well as to the airports of Brussels and Amsterdam  - Branche organisation in Croatia, close to the main harbours of Trieste, Koper and Rijeka - Excellent Barge and Rail connections  - Strong focus on customer satisfaction by good anticipation on customer needs and wishes.  - Strong partner network -> rely on a trusty service with passion, quality and personal involvement.  Road2CEE offers following services:  - Pan European coverage for Full Truck Loads(FTL); ambient(normal and megatrailers) and temperature controlled(Chilled and Frozen) trucking.  - Less than Full Truck Loads(LTL) - Groupage from Benelux - CZ, SK, HU, HR, SI, RS, RO, BG, GR, PL, Baltics, SE, PT, ESP and v.v.  - Xdock and distribution activities in Benelux and local markets in de CEE region.  - Central and East European scope from 1 pallet till FTL, i.e. PL - HU, BG - HR, SK - GR etc   - Multilingual staff  - Single Point of Contact -> dedicated accountmanager For more information please contact: jvk@road2cee.nl",Netherlands,5.625575,,,
Fikse Transport B.V.,5625575.0,Netherlands,https://www.linkedin.com/company/fikse-transport-b-v-,www.fiksetransport.nl,"fiksen (fikste, heeft gefikst): 1. voor elkaar brengen  (van Dale) Welkom bij het altijd bruisende Fikse Transport, een logistieke duizendpoot gevestigd in Duiven aan de Duitse grens. De passie voor wielen & ambitie voor het efficiënt uitvoeren van logistieke opdrachten staan hier centraal. Uw vracht is onze zorg en ons vakkundige team zet zich 24/7 in om deze met de grootste precisie van A naar B te vervoeren. Met trots presenteren wij u ons uniforme en uitgebreide wagenpark van 30 trucks en 30 tautliners. Dagelijks rijden wij hiermee onder andere naar Nederland, België, Duitsland en Frankrijk. Onze dynamiek kenmerkt zich door de inzet van een flexibel wagenpark en een hierop ingespeelde planning. Ons deskundige team wordt dan ook enthousiast van het meedenken over de uitvoering van de meest uiteenlopende logistieke vraagstukken. Heeft u een vracht, een vraag of een uitdaging, wij Fiksen het graag voor u!",Netherlands,5.625575,,,
Modern B.V. Kraanverhuur Transport Bergingsbedrijf En Verhuur Van Evenementen-tenten.,5625575.0,"Netherlands, Utrecht, Utrecht, 16a Elektronweg, 3542ac",https://www.linkedin.com/company/modern-b-v-kraanverhuur-auto--transport-en-bergingsbedrijf-en-verhuur-van-evenementen-tenten-,www.modern-berging.nl,"Modern B.V.  is een middelgrote dienstverlener die vanuit Midden-Nederland actief is in Berging, Kraanverhuur, (Auto-)transport, verhuur van evenementen-tenten en ontruimingen en inbeslagnames. Ons multifunctionele wagenpark geeft de mogelijkheid om voor iedere (transport-)opdracht het juiste voertuig inzetten. Het bergen van een gestrand voertuig, hetzij met schade hetzij met pech, is een dagelijkse bezigheid voor Modern. Door de inzet van het juiste materieel in combinatie met goed opgeleid personeel wordt iedere bergings- of pechopdracht op een vakkundige wijze uitgevoerd. Naast het horizontaal transporteren van goederen heeft Modern zich ook toegelegd op het verticaal transporteren van goederen. Zware lasten, grote hijshoogtes en krappe hijslocaties zijn geen probleem voor Modern.  Ontruimingen en inbeslagnames voor deurwaarders, belastingdienst en andere overheidsinstanties is ook  een snelgroeiende activiteit binnen ons bedrijf. Dit geldt zeker ook voor het plaatsen en verhuren van evenementententen door heel Nederland. De no-nonsense instelling van onze medewerkers, gecombineerd met een jarenlange ervaring, maken Modern voor veel opdrachtgevers tot een betrouwbare en solide partner. Een lange termijn relatie opbouwen met de opdrachtgevers is voor Modern dan ook een belangrijke doelstelling.",Netherlands,5.625575,,,
JS Laadtechniek B.V.,5625575.0,"Netherlands, Maasdijk, 25 Bandijkweg, 2676lh",https://www.linkedin.com/company/js-laadtechniek-b.v.,www.jslaadtechniek.nl,"Met 22 gekwalificeerde medewerkers werkt JS Laadtechniek vanuit vier vestigingen aan de verkoop, onderhoud en de verplichte keuringen van laadkleppen. Tel daar de ruim vijfentwintig jaar ervaring bij op en JS Laadtechniek mag zich dé specialist noemen als het gaat om hydraulische laadkleppen. En terecht! Door de jarenlange ervaring beschikt JS Laadtechniek over een schat aan kennis. Voor de medewerkers van JS Laadtechniek kent de laadklep en vooral de techniek daarachter geen geheimen. Niet alleen in de vestigingen Westland, Boskoop, Barendrecht en Aalsmeer staan de medewerkers van JS Laadtechniek voor u klaar. Ook bij u voor de deur kunt u rekenen op effectieve service, zodat een mogelijk probleem met uw laadklep snel verholpen is. Kwaliteit, service, en snelheid zijn kernbegrippen voor JS Laadtechniek. Snelheid vanwege de korte levertijd en de snelle reparatie bij een defect. Ons team stelt alles in het werk om een wagen zo spoedig mogelijk op de weg te hebben, zodat de klant geholpen is. Onze dienstverlening kenmerkt zich door een hoge kwaliteitsnorm en u kunt rekenen op een uitstekende service. Kortom: JS Laadtechniek al 30 jaar voor laadkracht met daadkracht!",Netherlands,5.625575,,,
Hoektrans B.V.,5625575.0,"Netherlands, North Holland, Schiphol-rijk, 71 Douglassingel",https://www.linkedin.com/company/hoektrans-b.v.,www.hoektransbv.nl,"Hoektrans B.V. is gespecialiseerd in het vervoeren van luchtvracht van en naar Schiphol. In de loop der tijd heeft Hoektrans zich ontwikkeld tot meer dan transporteur. Toch vormt transport het uitgangspunt van alle diensten. Het is de basis van waaruit ons bedrijf in 1983 is ontstaan. Wij weten dan ook als geen ander wat voor de klant van belang is: betrouwbare, snelle levering van de juiste producten, in uitstekende conditie. De specifieke wensen van de klant staan bij ons voorop.",Netherlands,5.625575,,,
Koeriers Service Zeeland,5625575.0,Netherlands,https://www.linkedin.com/company/koeriers-service-zeeland,www.koeriersservicezeeland.nl,"Heeft u een envelop, pakket of pallet dat snel en betrouwbaar verzonden moet worden? Binnen Nederland of internationaal? Koeriers Service Zeeland kan 24 uur per dag, 7 dagen per week voor u op pad. Wij zoeken naar de beste oplossing voor uw wensen. Zo kunt u het vervoer van uw zending met een gerust hart aan ons toevertrouwen. Onze ervaren chauffeurs gedragen zich professioneel en hebben een breed scala aan vervoersmiddelen en de modernste communicatiemiddelen tot hun beschikking. Zo wordt uw zending onze zorg.",Netherlands,5.625575,,,
HTARail,5625575.0,"Netherlands, South Holland, Rijswijk, Tollensstraat, 2282",https://www.linkedin.com/company/htarail,hta-rail.nl,"HTA-Rail provides the independent expertise for operators, infrastructure managers and public authorities to be able to ensure safe, effective and efficient investments and operations. Rail can provide highly efficient and sustainable transportation and mobility solutions for both passengers and freight. In most cases the infrastructure and part of the operation is financed by public authorities. Since investments are high and operations are complex the operators, infrastructure managers and public authorities that are involved need to safeguard an effective and efficient implementation of its investments and the accompanying operation. Holland Transport Advisors provide the expertise for operators, infrastructure managers and public authorities to be able to exercise its role as a professional principal of transport and infrastructure companies.",Netherlands,5.625575,,,
DistriRail,5625575.0,"Netherlands, South Holland, Rhoon, 1 Rivierweg, 3161",https://www.linkedin.com/company/distri-rail-b-v-,distrirail.nl,"Distri Rail connects all rail terminals in the port of Rotterdam with the European hinterland. We daily operate 7 trains of each 100 TEU / 2200 TBR to/from Duisburg – Mannheim – Ludwigshafen – Wörth. Distri Rail is one of Rotterdam’s largest privately owned Rail companies. The head office is situated in Rhoon, right in the heart of the Port of Rotterdam, the centre of European container shipping. Being one of Rotterdam’s leading suppliers in logistics, we operate with our extensive in-house team, backed by a European network of dedicated agencies and representatives. Information is available to our customers and suppliers 24 hours a day, 7 days a week, and 365 days per year. Not only through online accessibility via our system and Electronic-Data-Interchange (EDI) but also through our staff and management. 100% Neutral and Private Rail Operator. At the moment we offer under mentioned destinations for 20/23/26/30/40/45 Ft box- and tankcontainers : Rotterdam <=> Duisburg (D) 12 x per week Rotterdam <=> Mannheim (D) 5 x per week Rotterdam <=> Wörth Rhein (D) 5 x per week Rotterdam <=> Strassbourg (FR) 3 x per week www.DistriRail.nl",Netherlands,5.625575,,,
VOTOB Vereniging Van Nederlandse Tankopslagbedrijven,5034672.0,"Netherlands, Alaska, S-gravenhage, 150 Loire, 2491",https://www.linkedin.com/company/votob,www.votob.nl,"VOTOB ondersteunt tankopslagbedrijven bij veilig, duurzaam en transparant ondernemen. VOTOB-leden staan garant voor de veiligheid van hun bedrijven en voor hun medewerkers en omgeving. Branchevereniging VOTOB draagt door middel van een unieke Safety Maturity Tool bij aan het veiliger maken van de gehele sector. De sector past zich ""as we speak"" aan de veranderende wereld aan. En vooral op het gebied van de nodige import van groene energie in allerlei vormen zullen we een cruciale rol spelen.",Netherlands,5.034672,,,
WegMoo,5034672.0,"Netherlands, Gelderland, Bergharen, 17 Hoekgraaf, 6617ax",https://www.linkedin.com/company/wegmoo,www.wegmoo.nl,WegMoo B.V. is een dynamisch uitzendbureau gevestigd in Bergharen dat zich met name richt op het uitzenden en detacheren van chauffeurs in het beroepsgoederenvervoer. Daarnaast zijn wij gespecialiseerd in: chauffeurs in het groente en fruit en betonmixerchauffeurs. Wij garanderen korte lijnen en een persoonlijke aanpak.,Netherlands,5.034672,,,
Bereikbaar Haaglanden,5034672.0,"Netherlands, South Holland, The Hague",https://www.linkedin.com/company/bereikbaar-haaglanden,www.bereikbaarhaaglanden.nl,"Bereikbaar Haaglanden is een inspirerend netwerk voor werkgevers, ondernemersverenigingen en logistieke organisaties. Het doel is een bereikbare regio door het stimuleren van slim reizen en werken en het efficiënt gebruiken van wegen en het OV- en fietsnetwerk. Minder files en vertragingen zijn beter voor de economie, voor de leefbaarheid en levert veel minder stress en irritatie op. Bereikbaar Haaglanden is een platform waar samenwerking en kennisdeling centraal staat. Initiatiefnemers zijn VNO-NCW West, de Metropoolregio Rotterdam Den Haag, evofenedex, TLN en Duurzaam Den Haag. Werkgevers met minimaal 15 medewerkers die geïnteresseerd zijn in mobiliteit en willen bijdragen aan verbetering van bereikbaarheid kunnen partner worden. De samenwerking binnen Bereikbaar Haaglanden kenmerkt zich door: Kennisdeling over actuele oplossingen op het gebied van slim werken en slim reizen Kennisdeling over logistieke efficiency Kennisdeling over de te nemen stappen bij invoeren mobiliteitsbeleid Individuele begeleiding werkgevers Benchmark werknemersmobiliteit deelnemende werkgevers Gebiedsgerichte aanpak op lokale vraagstukken Nauwe samenwerking en kennisdeling tussen publieke en private partijen",Netherlands,5.034672,,,
Logistiek Platform Oss,5034672.0,"Netherlands, North Brabant, Oss, 5341",https://www.linkedin.com/company/logistiek-platform-oss,www.logistiekplatformoss.nl,"De ondernemers in het Logistiek Platform Oss zetten zich gezamenlijk in voor de realisatie van hoofddoelen, te weten: imagoverbetering van de sector (oa als goede werkgever) de inzet en uitbouw van de kracht van trimodaliteit de uitbouw van de lokale en regionale samenwerking Om aan deze hoofddoelen concreet invulling te geven zijn enkele thema's benoemd waar de deelnemers binnen het Logistiek Platform Oss aan werken.  Kennisdelen en innoveren Gezamenlijke inzet op arbeidsmarkt/human capital Havenontwikkeling Oss Bovenregionale samenwerking  Naast de aandacht voor deze thema's wordt bewust aandacht besteed aan projectmanagement, kennisdeling binnen het Logistiek Platform Oss en communicatie met externen zoals Agrifood Capital en Vijfsterren Logistiek. Dit met als doel de resultaten van de deelprojecten op te schalen naar bovenregionaal niveau.",Netherlands,5.034672,,,
CTC B.v.,4976833.0,"Netherlands, South Holland, Maassluis, 16 Zwarte Zee, 3144",https://www.linkedin.com/company/ctc-b-v,ctcbv.com,"Opgericht in 1996 heeft CTC b.v. geleidelijk een reputatie opgebouwd als leverancier van tankwasmachines en gasvrij ventilatoren. Sinds februari 2009 vertegenwoordigt CTC b.v. het Engelse Victor Marine Ltd., een bekende fabrikant van dergelijke apparatuur. Victor Marine Ltd. produceert tevens olie-water separatoren en afvalwaterzuivering installaties. Onze vertegenwoordiging heeft betrekking op Nederland, Duitsland, Luxemburg, België, Frankrijk en Spanje. Daarnaast vertegenwoordigt CTC b.v. een ander Engels bedrijf: PSM Instrumentation, een fabrikant van onder andere water-detectie apparatuur (bulksafe) en tank-meet apparatuur. Verder heeft CTC b.v. zich gespecialiseerd in de levering van allerlei soorten technische scheepsbenodigdheden, zowel tanker-gerelateerd (slangen, pompen, ejectors, afsluiters en koppelingen) als meer algemeen. CTC b.v. is in staat om zelf aan boord te leveren in de meeste Noord West-Europese havens. Meer afgelegen bestemmingen kunnen worden bereikt middels koerier, luchtvracht of zeevracht. CTC b.v. heeft ondersteunende kantoren in Spanje, Singapore en Brazilië. Het personeel van CTC b.v. – bestaande uit vijf ervaren, nautisch-onderlegde, bekwame en gemotiveerde mensen – staat 24/7 tot uw beschikking.",Netherlands,4.976833,,,
Nationaal Dataportaal Wegverkeer,4908807.0,"Netherlands, Utrecht, Utrecht",https://www.linkedin.com/company/nationale-databank-wegverkeersgegevens,www.ndw.nu,"Nationaal Dataportaal Wegverkeer (NDW) is een samenwerkingsverband van 19 partners dat zich richt op de inwinning, distributie en toepassing van mobiliteitsdata om oplossingen te bieden voor verkeersmanagement en de openbare ruimte. De organisatie, opgericht in 2007, heeft als missie om de kwaliteit en beschikbaarheid van verkeersdata te waarborgen, met een sterke focus op samenwerking tussen wegbeheerders en marktpartijen. NDW ondersteunt overheden in Nederland bij het ontwikkelen van multimodale mobiliteitsdiensten en het verbeteren van verkeersveiligheid, luchtkwaliteit en doorstroming. De uitvoeringsorganisatie van NDW, gehuisvest in het Provinciehuis Utrecht, bestaat uit flexibele teams van specialisten die moderne technologieën toepassen om relevante data te verzamelen en te delen. Met een klantgerichte benadering en een focus op duurzaamheid, streeft NDW naar een goed functionerend mobiliteitsnetwerk dat bijdraagt aan een betere leefomgeving voor alle weggebruikers.",Netherlands,4.908807,,,
HTS Aqua Maritime Jobs,4908807.0,"Netherlands, South Holland, Gorinchem",https://www.linkedin.com/company/hts-aqua-maritime-jobs,www.htsgroup.nl,"H.T.S. Aqua B.V. is een dynamisch bureau dat zich bezighoudt met personeelszaken t.b.v. diverse schepen, welke actief zijn in het transport van zeecontainers in de Benelux en het Rijngebied. Het succes van H.T.S. Aqua B.V. wordt mede ingegeven door de bedrijfscultuur en de normen en waarden die in onze werkwijze belangrijk zijn. Wij zijn trots op de flexibiliteit, doortastendheid en slagvaardigheid die wij daardoor aan de dag kunnen leggen. Betrokkenheid in combinatie met professionaliteit maakt dat samenwerking en het leveren van kwaliteit hand in hand gaan. Het tonen van initiatief wordt gewaardeerd. Binnen ons gecertificeerd leerbedrijf heerst een sfeer van no-nonsense en vertrouwen.",Netherlands,4.908807,,,
Bonnes Bestel Service B.V.,4908807.0,"Netherlands, South Holland, Rotterdam, 17 Overschieseweg, 3044",https://www.linkedin.com/company/bonnes-bestel-service-b-v-,www.bonnesbestelservice.nl,"Al vanaf 1966 zijn wij gespecialiseerd in het vervoer van pakketten, post, waarde-documenten e.d. van en naar elk adres in de Benelux, Duitsland, Frankrijk, Italië, Oostenrijk, Spanje en Zwitserland. Tot onze vaste opdrachtgevers behoren banken, notaris- en advocaten- kantoren, rederijen, ziekenhuizen, laboratoria, ministeries en andere overheidsinstellingen. Door een hoge graad van automatisering en een optimale samenwerking tussen binnen- en buitendienst wordt een grote mate van efficiency gewaarborgd. Als u het vervoer van uw goederen overlaat aan Bonnes Bestel Service bent u verzekerd van: * Een betrouwbare en controleerbare aflevering. * Behandeling door in eigen huis opgeleide, gescreende en representatieve mensen in representatieve auto's. * Een waterdichte registratie met tijdvermelding van afhaal- en bezorgadres Onze vloot bestaat uit een vijftigtal goed onderhouden en verzorgd uitziende bedrijfswagens met een laadvermogen tot 500kg. Al onze wagens zijn voorzien van de modernste communicatiemiddelen,zodat op elk gewenst moment kan worden nagegaan waar een zending zich bevindt en de klant indien nodig kan worden ingelicht.",Netherlands,4.908807,,,
Comtax Contractvervoer B.V.,4908807.0,"Netherlands, Drenthe, Emmen, 42 Jacob Le Mairestraat, 7825xh",https://www.linkedin.com/company/comtax-contractvervoer-b.v.,www.comtax.nl,"Comtax Contractvervoer B.V. is een bedrijf dat zich richt op personenvervoer. U kunt ons 24/7 benaderen voor alle vormen van vervoer op maat en aangepast naar uw persoonlijke wensen. Al ruim 20 jaar verzorgen wij dagelijks rolstoelvervoer, ziekenvervoer, vliegveldvervoer, VIP-vervoer en horeca en evenementen in heel Oost-Groningen en Zuidoost Drenthe.",Netherlands,4.908807,,,
Astrosoft Nederland,4846664.0,"Netherlands, Kc",https://www.linkedin.com/company/astrosoft-nederland,www.astrosoft.nl,"Astrosoft, specialist in advisering, ontwerp, ontwikkeling, implementatie en het beheer van software ten behoeve van logistieke of administratieve processen, inclusief de integratie daarvan in het bestaande bedrijfsproces.  SCD en Astrosoft leveren gezamenlijk een compleet pakket aan ICT producten en diensten. De basis voor Astrosoft ligt in het ontwikkelen van een Warehouse Management Systeem genaamd Nereus, bedoeld voor logistieke dienstverleners en de groothandelsbranche. Astrosoft heeft zich ontwikkeld tot een volwaardige dienstverlener waarbij het 'one-stop-shop' concept de klanten de mogelijkheid biedt hun logistieke software alsmede de installatie en beheer van de infrastructuur uit één betrouwbare bron te betrekken. De klanten van Astrosoft zijn actief in uiteenlopende branches, waaronder uitgeverijen, logistieke dienstverleners, apotheken, productiebedrijven, drukkerijen en groothandelsbedrijven.",Netherlands,4.846664,,,
Van Der Spek Groen Grond En Infra,4842097.0,"Netherlands, South Holland, Bergschenhoek, 20 Schiebroekseweg, 2661",https://www.linkedin.com/company/van-der-spek-loon--en-grondwerk,www.duurzaam-grondverzet.nl,"Van der Spek Groen, Grond en Infra specialiseert zich in kwaliteitswerk binnen de groen, grond en infra met een oog op de toekomst, voor mens en natuur. Van grote grondverzet projecten tot het herinrichten van uw tuin. Betrokkenheid, kwaliteit en maatwerk, dat is waar we voor staan als Van der Spek. Neem gerust contact met ons op!",Netherlands,4.842097,,,
SmartCab,4405338.0,Netherlands,https://www.linkedin.com/company/smartcab,www.smartcab.nl,"SmartCab ontwikkelt betaalbare vervoersoplossingen. De vervoersoplossingen die worden ontwikkelt hebben een sterk sociale insteek en dienen een maatschappelijk doel. SmartCab biedt in Twente en Noord Holland vervoer aan voor particulieren en bedrijven. Door gebruik te maken van zeer compacte auto's en een tarief dat duidelijk onder het marktniveau ligt, onderscheidt SmartCab zich compleet van de traditionele taxi/vervoersmarkt. Hierdoor worden nieuwe doelgroepen bereikt en ontwikkeld.",Netherlands,4.405338,,,
Humby - Your Freight Forwarding Agent,4405338.0,Netherlands,https://www.linkedin.com/company/humby-your-freight-forwarding-agent,www.humby.nl,"Humby is de expediteur voor complete ontzorging van het verzenden van goederen wereldwijd. Wij verzorgen niet alleen het goederenvervoer van door to door, maar we dragen ook zorg voor het milieu en al uw wensen rondom het logistieke proces. Denk hierbij aan de afhandeling van administratieve formaliteiten, prijsonderhandelingen, de best passende logistieke oplossing voor u en het milieu, spoedzendingen, warehousing, overslag van goederen, douane formaliteiten, opslag van vervoersdocumenten volgens de wettelijke vereisten en verdere zaken waarmee we u van dienst kunnen zijn.    Humby is een jonge onderneming met een ruime ervaring in de logistieke dienstverlening. Gelegen in regio Venlo, de logistieke hotspot van Europa. Perfect voor overslag of tijdelijke opslag. Venlo is het doorgeefluik voor het Europese achterland en de locatie voor een Europawijde intermodale oplossing. Dankzij ons uitgebreid netwerk zijn we in staat om op lokaal maar ook op wereldwijd niveau te opereren indien u goederen wenst te importen of exporteren.  Een zending is voor ons nooit te groot of te klein. Dit geldt ook voor projecten of uw wensen. Alles is mogelijk en we gaan altijd voor de best passende logistieke oplossing.  Multimodaal en intermodaal zijn voor ons de oplossingen om mee te werken aan een betrouwbaar, kwalitatief goed en milieuvriendelijk transport voor nu en in de toekomst. Verder zijn deze modaliteiten ook erg gunstig in de prijs-kwaliteitverhouding en ontlasten ze de dagelijkse filedruk. Een win-win situatie voor iedereen en alles, daar gaat het toch om!  Humby heeft een duidelijke missie : ' Doe waar u goed in bent, doen wij dat ook. Samen vooruit ! ' De klant en betrouwbaarheid staan bij Humby centraal, waarbij totale ontzorging het uitgangspunt is. Door duidelijke communicatie, korte lijnen en een snelle interactie kunt u zich zonder zorgen volledig richten op uw eigen business en regelen wij de logistiek. Samen vooruit!",Netherlands,4.405338,,,
TTH Watersport,4405338.0,"Netherlands, North Holland, Wieringerwerf, 22c6 Schelphorst, 1771",https://www.linkedin.com/company/tth-watersport,www.tthwatersport.nl,"TTH Watersport, is uw totaal leverancier in de watersport. Wij verkopen onder ander Suzuki, Mercury, Liberty sloepen, en Fabrikant ITrailer. TTH Watersport is al jaren leverancier van merken als Suzuki, Mercury, Liberty, Topcraft, Nimarine, Suzumar, Family, Blue Star, en onze eigen boottrailer merk iTrailer. Sinds 2014 hebben we daar dan ook de lijn Rapid Marine bij. Dit is onze lijn waar wij ook de professional watersporter zicht thuis voelt. Ook de watersporter die een jetski of een waterscooter heeft kan terecht bij TTH Watersport. TTH Watersport is namelijk de leverancier op het gebied van Solas producten. Met Solas haalt u namelijk meer uit uw waterscooter of jetski. UMS van Tuna boats in Oekraine is het aluminium merk dat TTH Watersport verkoopt en ook importeur van is voor heel Noord-West Europa. Deze Aluminium boten kenmerken zich door de uitgekiende vaareigenschappen van deze boten. Zelfs de kleinste boot van deze lijn heeft een dikte van 3mm aluminium en is volledig gelast. Is uw buitenboordmotor toe aan onderhoud, ook daarvoor gaat u naar TTH Watersport. Onze monteurs staan graag voor u klaar om u een onbezorgd vaarseizoen te bezorgen. In onze showroom van maar liefst 2000m2 vind u meer dan 30 verschillende boten. Vele buitenboordmotoren van Merucy, Suzuki, Nimarine of Haswing welke wij uit voorraad aan u kunnen leveren. Maar ook onderdelen voor boottrailers, buitenboordmotoren en boten hebben wij voor u op voorraad Wij zijn maandag tot en met zaterdag geopend van 8.00 tot 17.00 uur. Mocht u meer informatie over ons wensen neem dan contact met ons op 0227-604362.",Netherlands,4.405338,,,
Aber Solutions,4405338.0,"Netherlands, Minas Gerais, Vierpolders, 11 Seggelant-noord",https://www.linkedin.com/company/aber-logistics,www.abersolutions.nl,"Veiligheid en efficiëntie door innovatie en ervaring Bij Aber zijn wij toegewijd aan het creëren van veilige en efficiënte werkomgevingen binnen de logistiek, industrie, bouw, havens en terminals en andere sectoren waar de combinatie van voertuigen, machines en personeel hoge risico’s met zich meebrengt. Met onze diepgaande kennis van operationele processen en onze samenwerking met Lopos bieden wij oplossingen die verder gaan dan alleen technologie. Wij helpen bedrijven om niet alleen hun veiligheid te verbeteren, maar ook hun productiviteit te verhogen. Onze missie Bij Aber geloven we dat veiligheid en efficiëntie hand in hand gaan. Ons doel is om bedrijven te helpen bij het creëren van een werkomgeving, waarin risico's worden geminimaliseerd en waarin mensen en middelen optimaal kunnen functioneren. Door het combineren van innovatieve technologieën met praktijkgerichte oplossingen, zorgen we ervoor dat onze klanten hun veiligheidsdoelen behalen zonder in te leveren op de productiviteit. Wat ons onderscheidt Ervaring en expertise Aber is opgebouwd op een fundament van jarenlange ervaring in de logistieke en industriële sectoren. We begrijpen de specifieke veiligheidsuitdagingen, waarmee bedrijven te maken hebben, omdat we er zelf mee hebben gewerkt. Deze ervaring stelt ons in staat om op maat gemaakte oplossingen te bieden die aansluiten bij de unieke behoeften van onze klanten. Totaaloplossingen Wij bieden niet alleen technologie, maar complete oplossingen. Van het advies en de installatie tot training en after-sales service, wij begeleiden onze klanten in elke stap van het proces. Onze oplossingen omvatten bescherming van medewerkers, voertuigbeveiliging, het instellen van veiligheidszones en assetbescherming – allemaal afgestemd op de specifieke omstandigheden van uw operatie.",Netherlands,4.405338,,,
CTOB Transport - Multilogics BV,4405338.0,"Netherlands, Zeeland, Oostburg, 7 Handelsweg",https://www.linkedin.com/company/ctob-transport,www.ctob-logistics.nl,"CTOB Transport is een uniek samenwerkingsverband van kleinere en middelgrote bedrijven in de regio Zeeland. Als betrouwbare dynamische partner levert CTOB Transport al meer dan 70 jaar transport en logistieke diensten. Onze activiteiten concentreren zich op transport van zeecontainers, agrobulk, kiepertransport en stukgoed. Daarnaast bieden we via CTOB Multilogics BV. o.a.  gladheidbestrijdingsdiensten aan in de regio Zeeland.",Netherlands,4.405338,,,
Smits Jachtmakelaardij,4405338.0,"Netherlands, Utrecht, Snelrewaard, Noord-linschoterzandweg",https://www.linkedin.com/company/smits-jachtmakelaardij,www.smitsjachtmakelaardij.nl,"In 2012 is Smits Jachtmakelaardij opgezet door René Smits, nadat hij jaren heeft gewerkt als financieel adviseur voor een verzekeringsmaatschappij. In zijn eigen bedrijf combineert hij zijn financiële kennis met zijn passie voor luxe motorjachten en watersport. Smits Jachtmakelaardij is gespecialiseerd in het bemiddelen bij aan- en verkopen van motorjachten en sloepen in het midden en hogere segment, prijsklasse €25.000,- tot €1.500.000,-. Samen met zijn team doet René er alles aan om de aan- of verkoop van boten van zijn opdrachtgevers zo prettig en soepel mogelijk te laten verlopen. De werkwijze van Smits Jachtmakelaardij kenmerkt zich door de persoonlijke aanpak, deskundigheid en nèt dat stapje extra willen zetten voor een tevreden opdrachtgever. Hierdoor is er de afgelopen jaren een grote klantenkring opgebouwd door heel Nederland en omstreken. Voor meer informatie en ons actuele aanbod kunt u terecht op www.smitsjachtmakelaardij.nl of bel 010-5118000.",Netherlands,4.405338,,,
Rederij Kees,4405338.0,"Netherlands, North Holland, Amsterdam, 42 Nieuwe Hemweg, 1013cx",https://www.linkedin.com/company/rederij-kees-b-v-i-o-,www.rederijkees.nl,"Rederij KEES - logistiek partner in Amsterdam  Op zoek naar een logistiek dienstverlener die de dynamiek van je bedrijf begrijpt? Die met je meedenkt, flexibel is en helpt je doelen te bereiken? Rederij KEES brengt je goederen van a naar b. Snel, milieuvriendelijk en altijd met een glimlach. Over de Amsterdamse grachten in duurzame elektrische schuiten. Of over land in onze bestelbussen op groengas of kleine elektrische bestelwagens. Ook schoon en stil. KEES vervoert niet alleen, maar biedt complete stadslogistiek. Van opslag en overslag tot voorraadbeheer en order picking. De naam ‘KEES’ is geïnspireerd op het boek ‘Kees de jongen’ (1923) van Nederlands schrijver, onderwijzer en sociaal-politicus Theo Thijssen. De Amsterdamse Kees, moet vechten voor zijn bestaan als zijn vader overlijdt. Maar, als je wilt kun je alles bereiken. Dat bewijst Kees in het boek. En dat bewijzen ook de medewerkers van Rederij KEES. De jongens van Rederij KEES pakken hun kans, werken hard en ontwikkelen zich.  Rederij KEES is opgericht in augustus 2013 als sociale firma: onze commerciële doelstelling gaat gepaard met een maatschappelijke opdracht. Hierin werken we samen met De Regenboog Groep. Samen creëren we werkplekken voor mensen met een afstand tot de arbeidsmarkt, geven ze een duwtje in de rug en laten ze groeien. Zo kunnen mensen trainingen, opleidingen en cursussen volgen. Bijvoorbeeld om hun heftruckcertificaat of vaarbewijs te halen. Of om opgeleid te worden tot facilitair of logistiek medewerker. Het doel is mensen te laten doorstromen naar betaalde arbeid in een regulier bedrijf. Momenteel werken er in totaal ruim 30 medewerkers bij Rederij KEES. Ons personeelsbestand is een mix van mensen met een afstand tot de arbeidsmarkt en doorgewinterde professionals.",Netherlands,4.405338,,,
Rail Wagon Xtra,4405338.0,"Netherlands, South Holland, Rotterdam, Moezelweg, 3198",https://www.linkedin.com/company/independent-rail-partner,railxtra.eu,Special transports by Rail  Shunting locomotives  Locomotive rental,Netherlands,4.405338,,,
Nederland Maritiem Land,4398007.0,"Netherlands, South Holland, Rotterdam, 40 Boompjes, 3011",https://www.linkedin.com/company/nederland-maritiem-land,www.maritiemland.nl,"Stichting Nederland Maritiem Land (NML) is een netwerkorganisatie die zich bezig houdt met het promoten en uitbouwen de Nederlandse maritieme sector in binnen- en buitenland. De organisatie zet zich in voor het faciliteren, ondersteunen en coördineren van activiteiten met alle maritieme bedrijven, organisaties en branches onder het motto ‘samenwerken is doen’.  Focusgebieden zijn: innovatie, internationalisering, arbeidsmarkt en scholing en communicatie. Het bestuur betstaat uit een breed deelnemersveld van branche-voorzitters, CEO’s vanuit de sector en belangrijke vertegenwoordigers van aanpalende sectoren. High Tech, Hands On: de Nederlandse maritieme sector is al eeuwenlang een topsector. Midden in de maatschappij en open voor samenwerking. Ons nationale visitekaartje als het gaat om innovatie, durf en ondernemingszin. Wereldwijd toonaangevend in oplossingen die anderen niet zien of niet aandurven",Netherlands,4.398007,,,
Bolk Business Improvement,4398007.0,"Netherlands, Overijssel, Hengelo, 2 Zuidelijke Havenweg",https://www.linkedin.com/company/bolk-business-improvement,www.bolkbusinessimprovement.com,"BBI = logistiek. Logistiek is meer dan alleen transport. Het is de goederenstroom van A tot Z, precies waar BBI zich op richt. Van de indeling van een warehouse en advies in type trucks tot automatisering van complexe processen middels data. En alles daartussenin. BBI is samen met BOLK opgericht door Hein Langeveld en Niek Tijink. Twee jonge proces-engineers die zelf uit de logistiek en productie komen. Die praktische kennis koppelen zij met verstand van computers en data. Een flinke schep Twentse nuchterheid maakt het cirkeltje rond.",Netherlands,4.398007,,,
Middelkoop Logistiek,4398007.0,"Netherlands, Gelderland, Culemborg",https://www.linkedin.com/company/middelkoop-logistiek,www.mklogistiek.nl,"Middelkoop Logistiek Culemborg biedt opslagfaciliteiten voor 10.000 palletplaatsen, Realtime Voorraadbeheer en E-Fulfilment voor webwinkeliers. E-fulfilment voor webwinkeliers Wilt u het volledige logistieke proces van uw webwinkel uitbesteden? Dat willen wij graag voor u verzorgen. We hebben onlangs geïnvesteerd in geavanceerde software en een volledig geautomatiseerd systeem waarbij elke handeling wordt doorgegeven door middel van handscanners. U kunt uw voorraad online bekijken en elke handeling van een order kunt u in uw account volgen. Ook kan er aan elke handeling een e-mailnotificatie gekoppeld worden, zodat u (en uw klant) weet waar de order zich bevindt. Middelkoop Logistiek Culemborg heeft meerdere opslaghallen waar in totaal plaats is voor 10.000 pallets. Naast volle pallets, is er ook ruimte voor losse dozen zoals we in onze e-fulfilment dienst aanbieden. Onze opslag faciliteiten voldoen aan:  - Geavanceerde klimaatbeheersing met verwarming en airco systeem  - Optimale beveiliging tegen brand en inbraak  - 10.000 palletplaatsen  - Realtime voorraad inzicht via uw persoonlijke internet account  - Geavanceerde scanners die alle informatie van elke handeling realtime doorgeven Transport Uw goederen kunnen vanuit ons warehouse rechtstreeks gedistribueerd worden naar uw klanten.",Netherlands,4.398007,,,
Bestboats International Yachtbroker,4177305.0,"Netherlands, Limburg, Roermond, 4 Maashaven, 6041",https://www.linkedin.com/company/best-boats,www.bestboats.nl,"De jachtmakelaar van het Zuiden Al meer dan 25 jaar zijn wij gespecialiseerd in de verkoop van jong gebruikte plezierjachten. Daarbij ligt onze focus op luxe motorjachten vanaf 10 meter van gerenommeerde jachtbouwers zoals Linssen Yachts. Daarnaast zijn wij exclusief dealer voor de Benelux van Riviera Yachts en Pirelli Speedboats.   Tijn Teuwsen, directeur/eigenaar van Bestboats, is als jachtmakelaar EMCI-gecertificeerd en mag zich HISWA Qualified Yacht Broker noemen. Hij is aangesloten bij de NBMS (Nederlandse Bond van Makelaars in Schepen).  Wij verkopen uw jacht met aandacht!  Dan is daar het moment gekomen dat u uw jacht gaat verkopen.  Misschien stopt u met varen. Of misschien wilt u juist de volgende stap zetten naar een mooier of groter jacht. Welke reden u ook heeft: uw jacht is bij ons in goede handen.  Wij verkopen uw jacht met dezelfde aandacht die u er zelf altijd aan gaf. Bovendien bieden wij u als gecertificeerd jachtmakelaar extra zekerheid tijdens het verkoopproces.    Of bent u op zoek naar een jong gebruikt, luxe motorjacht? En weet u precies wat u zoekt of juist helemaal niet? Dan zit er voor u maar één ding op: oriënteren, bekijken en vergelijken. Op onze website en in onze professionele verkoophaven in Roermond, vindt u ons uitgebreide aanbod. Dat bestaat uit premium occasions van diverse gerenommeerde merken.  Kom eens vrijblijvend bij ons langs, of neem contact op voor meer informatie!  één ding is zeker: We'll give our Best for your Boat!",Netherlands,4.177305,,,
WDL Transport,4177305.0,"Netherlands, Utrecht, Woerden, 77 Rietveld, 3443",https://www.linkedin.com/company/wdltransport,www.wdl-transport.eu,"WDL is een logistieke dienstverlener die zich gespecialiseerd heeft in het transport, de opslag en overslag van gekoelde- en diepvriesproducten. Ons wagenpark is perfect uitgerust om goederen die snel richting de consument moeten op de voorgeschreven temperaturen naar de bestemming te brengen.",Netherlands,4.177305,,,
Taxi Veldhoven,4177305.0,"Netherlands, North Brabant, Eindhoven",https://www.linkedin.com/company/taxi-veldhoven,www.taxiveldhoven.nl,"Taxi Veldhoven is een onderdeel van Taxicentrale Lichtstad en richt zich 100 % op Veldhoven. Wij zijn constant op zoek naar nieuwe bedrijven die op zoek zijn naar een taxibedrijf waar men van op aan kan. Wij bieden scherpe concurrerende prijzen maar dit gaat niet ten kosten van onze service. Laat ons weten wat uw vervoer wensen zijn, wij zullen u vervolgens een scherpe offerte speciaal voor u op maat gemaakt tonen.",Netherlands,4.177305,,,
Justkar Sealing Company B.V.,4177305.0,"Netherlands, South Holland, Strijen, 15 Edisonweg, 3291",https://www.linkedin.com/company/justkar-sealing-copany-bv,www.justkar.nl,"JustKar Sealing Company B.V. levert afdichtingen en aanverwanten producten aan de industriële markt. Vanuit ons nieuwe kantoor in Strijen, onder de rook van Rotterdam, bedienen wij de gehele Nederlandse markt. JustKar Sealing Company B.V. levert kwalitatief hoogwaardige producten, waarbij gunstige prijsstelling en korte levertijden belangrijke aspecten zijn. Onze flexibele instelling en klantgerichte benadering garanderen u bovendien een uitstekende serviceverlening. Via deze website kunt u kennis maken met ons totale productaanbod. Tevens bieden wij u een online bestelfaciliteit. Justkar Sealing Company B.V. specialiseert zich met name in het nieuw leveren van Lidering Mechanical Seals. Wij hebben deJustkar Sealing Company B.V. vertegenwoordiging in Nederland voor de gehele productlijn van Lidering, dat gevestigd is in Spanje. Wij leveren een breed pakket aan afdichtingen. Naast mechanische afdichtingen maken hydraulische, rubberen en teflon afdichtingen deel uit van ons pakket. Verder leverd Justkar Sealing Company B.V. pompen van de merken: Bornemann pompen, Grundfos pompen, Houttuin pompen, Ebara pompen en wilden pompen. Justkar Sealing Company B.V. richt zich verder op het reviseren van alle merken mechanical seals, pompen, en appendages. Bovendien maken wij nieuwe kogels voor diverse kogelkranen. Tenslotte biedt Justkar Sealing Company B.V. ook nog een aantal andere handelsproducten aan. Zo leveren wij het hele programma lagers van SKF en Koyo. Voor meer informatie kunt u contact op nemen met een van onze medewerkers. Wij zijn u graag van dienst!",Netherlands,4.177305,,,
Send Solution BV,3801295.0,"Netherlands, North Brabant, Eindhoven, 111 Kanaaldijk-noord, 5642",https://www.linkedin.com/company/send-solution,www.sendsolution.com,"Welkom bij Send Solution: Dé Logistieke E-commerce Center – Alles Onder Eén Dak Send Solution biedt iets unieks voor e-commerce ondernemers: een volledig Logistiek E-commerce Center waar alle diensten voor jouw webshop onder één dak zijn samengebracht. Wij bieden een complete oplossing die jouw bedrijf ondersteunt op elk vlak. 	•	E-fulfilment: Wij nemen de volledige orderverwerking uit handen, van voorraadbeheer tot verzending. Alles snel, efficiënt en zonder zorgen. 	•	Verzendservice: Profiteer van scherpe tarieven en flexibele verzendopties dankzij onze samenwerkingen met toonaangevende vervoerders. 	•	PostNL Premium Business Point: Binnen ons pand bevindt zich een eigen PostNL Premium Business Point, waarmee jouw zendingen direct verwerkt worden en je geniet van snelle, betrouwbare leveringen. Dit biedt extra gemak, omdat je de deur niet uit hoeft en altijd profiteert van onze voordelige tarieven. 	•	E-commerce Center: Onze ruimtes bieden flexibele kantoor- en bedrijfsruimtes, ideaal voor groeiende webshops. Bovendien ben je onderdeel van een bruisende community van webshopondernemers, wat volop mogelijkheden biedt om te netwerken, samenwerken en van elkaar te leren. 	•	Retourenverwerking: Geen zorgen over retouren – wij regelen de volledige verwerking, zodat jij je kunt focussen op je groei. 	•	Haalservice: Wij komen bij jou langs om pakketten op te halen. Ook als je geen ruimte huurt in ons e-commerce center, kun je gebruikmaken van onze verzendservices en scherpe tarieven. Met 4 locaties en een snelle groei, breiden wij ons unieke concept verder uit door heel Nederland. Send Solution is altijd op zoek naar nieuwe locaties om nog meer ondernemers te ondersteunen met onze alles-in-één logistieke oplossing.",Netherlands,3.801295,,,
Scholte Verhuis Groep B.V.,3801295.0,"Netherlands, South Holland, Zoetermeer, 65 Goudstraat, 2718",https://www.linkedin.com/company/scholte-verhuis-groep-s-v-g-b-v-,www.svg-euromovers.nl,"Scholte Verhuis Groep Euromovers is een logistieke dienstverlener met de volgende bedrijfsactiviteiten: - Particuliere verhuizingen - Bedrijfs- of Projectverhuizingen - Project- Verhuis en Facility Management - Opslag van Inboedel en Inventaris - Opslag van Archief, statisch en dynamisch Scholte Verhuis Groep Euromovers is een zelfstandige onderneming, die ontstaan is uit de Scholte Transport Groep (S.T.G.). Scholte’s Zonen is een familiebedrijf dat in 1931 werd opgericht. Scholte Verhuis Groep Euromovers werd in 2000 opgericht en beschikt over speciaal voor het verhuizen ingerichte, transportmiddelen met al het daarvoor benodigde materiaal. Daarbij draagt geschoold personeel zorg voor de vakkundige afhandeling van zowel particuliere- als bedrijfsverhuizingen. Voor speciale omstandigheden kan er, wederzijds, binnen de nauwe samenwerkingsverband van Euromovers, een beroep op menskracht en materieel worden gedaan. Scholte Verhuis Groep Euromovers heeft zich tevens gespecialiseerd in de opslag van archieven. Vanuit deze archieven kunnen (dagelijks) online, door de opdrachtgever/eigenaar, archiefstukken opgevraagd worden. Scholte Verhuis Groep Euromovers voert daarvoor een registratie van de archiefstukken in relatie tot de vindplaats in de, daarvoor speciaal ingerichte, archiefruimte. De archiefstukken worden volgens de richtlijnen van de opdrachtgever/eigenaar gecodeerd. Hierdoor worden de belangen, van de personen of zaken waarvan in de archieven gegevens zijn opgenomen, beschermd. Voor de tijdelijke opslag van inboedels en inventaris is een speciale opslagloods ingericht. Deze loods geeft, evenals de archiefruimte, een verwarmde en droge opslagmogelijkheid. Het bedrijf heeft, door steeds voor zijn opdrachtgever klaar te staan, een goede naam opgebouwd als betrouwbare partner. Om ook in de nabij toekomst deze betrouwbaarheid of wel kwaliteit en veiligheid te kunnen waarborgen, is het bedrijf ISO-9001, ISO-14001, VCA* en PPV gecertificeerd.",Netherlands,3.801295,,,
Xtend Business Software,3801295.0,"Netherlands, North Brabant, Tilburg, 31a Droogdokkeneiland, 5026",https://www.linkedin.com/company/xtend-business-software,www.xtendbusiness.nl,Xtend is dé softwarespecialist op het gebied van intralogistiek.  Ieder magazijn is uniek en heeft zijn eigen uitdagingen. De medewerkers van Xtend bedenken het liefst slimme oplossingen om ieder unieke magazijn optimaal te laten functioneren.  Het team vol kennis en ervaring zorgt ervoor dat het magazijn een volgende stap kan maken. Zodat onze klanten zich kunnen richten op de dagelijkse operatie én de toekomst! Zusterbedrijf Costo Intralogistics is onze hardware specialist. Door onze combinatie van hardware en software kunnen wij altijd de beste oplossing op maat bieden!,Netherlands,3.801295,,,
FlowFreight BV,3776004.0,"Netherlands, Zwanenburg, 342 Zwanenburgerdijk, 1161nn",https://www.linkedin.com/company/flowfreight,www.flowfreight.com,"FlowFreight is the specialist in mediation of national and international transport of your goods. In a way that suits your quality requirements and that will be done on the most budget conscious and efficient manner. FlowFreight works with a worldwide network, selective group international carriers, using all common modalities: Air, Sea, Road & Rail. Because FlowFreight can combines the total flow of goods for our clients, benefits our customers by attractive transport rates. FlowFreight manages the total flow of goods. Through our extensive network within all common modalities for its customers and will FlowFreight acts as single point of contact. FlowFreight is your flexible and professional partner. We seek daily to the best solutions for all goods flows, according to your wishes!.  Our Project department can assist you with all kind of oversized cargos.  More information? For detailed information: feel free to look at our website, but would you personal contact for all your questions, feel free to call us! + 31 (0) 20-4129905.",Netherlands,3.776004,,,
RailConnect,3776004.0,"Netherlands, Utrecht, Amersfoort, 244 Soesterweg, 3812bh",https://www.linkedin.com/company/railconnect,www.railconnect.nl,"RailConnect ontwikkelt en organiseert opleidingen voor getalenteerde professionals in de spoorsector.  Opleidingen die gebaseerd zijn op ons Kickstart-concept. Dit concept gaat ervan uit dat je het beste leert in een netwerk setting. Met collega's uit verschillende bedrijven die actief zijn in het spoor werk je aan o.a: - Begrip van het spoorsysteem - Inzicht in de keten en je eigen rol in die keten - Innovatieve oplossingen voor de uitdagingen van de sector Kickstart RAIL Kickstart RAIL is een introductieprogramma voor nieuwe, hoogopgeleide medewerkers in de spoorsector. Een programma waarin je in drie dagen de wereld van het spoor leert kennen. Begeleid door een universitair docent en samen met vakspecialisten krijg je een uniek kijkje achter de schermen.  Kickstart PRO Kickstart PRO is een versnellingsprogramma voor collega’s van verschillende bedrijven met vijf tot tien jaar werkervaring in de spoorsector. Een programma waarin deelnemers diepgaander kennis opdoen van de werking van het spoorsysteem en samen, onder begeleiding van ervaren docenten en consultants werken aan innovatieve oplossingen voor de uitdagingen van vandaag en morgen. Doel is om jouw prestaties verder te verbeteren door verdieping van kennis en verbreding van netwerk en inzicht. Basisopleiding treinverkeersleider  De basisopleiding treinverkeersleiding is het eerste gedeelte van de opleiding tot treinverkeersleider. Dit gedeelte wordt afgesloten met een examen waarna de opleiding wordt voortgezet op een verkeersleidingspost van ProRail. De opleiding bestaat uit voornamelijk uit theorie en oefenen op de simulatieset. Tijdens het simuleren ligt de nadruk op het scherp krijgen van wat er aan de hand is, het bepalen van de impact en het toepassen van de juiste procedure. De opleiding wordt verzorgd door opleiders die allen ruime ervaring hebben als treinverkeersleider. Vanuit het principe ""vakman leidt vakman op"" kiezen wij voor een praktische insteek met een dosis enthousiasme!",Netherlands,3.776004,,,
Marintec Expertise B.V.,3776004.0,"Netherlands, South Holland, Rotterdam, 875 Europaweg, 3199",https://www.linkedin.com/company/marintec-expertise-b.v.,www.marintec.nl,"We are surveyors and consulting engineers who serve in the field of marine, non-marine engineering, transport and cargo. Our company is located in Rotterdam-Maasvlakte, the centre of the port of Rotterdam. We operate on behalf of stevedore’s, transport companies, rail traction companies, underwriters and brokers",Netherlands,3.776004,,,
Nederlandse Vereniging Van Binnenhavens,3776004.0,"Netherlands, South Holland, Zwijndrecht, 330 Scheepmakerij, 3331",https://www.linkedin.com/company/nederlandse-vereniging-van-binnenhavens,binnenhavens.nl,"De Nederlandse Vereniging van Binnenhavens staat voor professionele en onafhankelijke behartiging van de belangen van de Nederlandse binnenhavens. Dit gebeurt door ter zake deskundige mensen in een relevant netwerk. Het delen van kennis is een essentieel onderdeel van het werk van de vereniging. De NVB: Een vereniging als netwerkorganisatie. De binnenhavens zijn een essentiële schakel in de logistieke keten. Zij vormen, als economisch belangrijke knooppunten, een wezenlijk onderdeel van de achterlandverbindingen. De zeehavens van Nederland hebben een uitstekende aanvoerpositie met hun goede ligging. De binnenhavens in het achterland zijn hierbij van wezenlijk belang. Het is van belang om als binnenhavens te blijven ontwikkelen en toegevoegde waarde te leveren, zodat dit de regio’s en de Nederlandse economie versterkt in hun positie ten opzichte van Europa. Doelen NVB De NVB zet zich in voor het behoud en de ontwikkeling van de binnenhavens door middel van belangenbehartiging en kennisspreiding en heeft o.m. ten doel: •	Uitdrukking geven aan de betekenis van de binnenhavens als logistieke knooppunten; •	Versterking van de economische, logistieke en toeristische positie van de binnenhavens in het regionale, provinciale, nationale en Europese transportbeleid; •	Een rol spelen in de professionalisering van havenbeheer en de ontwikkeling van duurzaamheid. Neem voor vragen contact op met de Nederlandse Vereniging van Binnenhavens via: Tel: 010-7989840 Mail: nvb@binnenvaart.nl Of kijk voor meer informatie op havens.binnenvaart.nl",Netherlands,3.776004,,,
Boudesteijn Verhuizers B.V.,3776004.0,"Netherlands, North Holland, Beverwijk, 51 Kanaalweg, 1948",https://www.linkedin.com/company/boudesteijn-verhuizers-b-v-,www.boudesteijn.nl,"Zorgeloos en duurzaam verhuizen Als u gaat verhuizen wilt u alles goed geregeld hebben. Het is dan ook zeker aan te raden een professioneel verhuisbedrijf in te schakelen. Boudesteijn Verhuizers B.V. is een PPV gecertificeerd verhuisbedrijf en heeft jarenlange ervaring in de verhuisbranche. Onze gekwalificeerde verhuisspecialisten zetten zich in voor de volle 100% en regelen voor u een zorgeloze verhuizing. Particuliere verhuizingen Een particuliere verhuizing moet goed worden georganiseerd. Boudesteijn Verhuizers B.V. zorgt ervoor dat uw verhuizing vloeiend verloopt. Bedrijfsverhuizing Boudesteijn Verhuizers B.V. is gespecialiseerd in bedrijfsverhuizingen, die natuurlijk een stuk complexer zijn dan particuliere verhuizingen. Wij zorgen altijd voor een juiste aanpak en afhandeling. Internationaal verhuizen Er komt veel kijken bij een internationale verhuizing. Boudesteijn Verhuizers begeleidt u niet alleen bij het verhuizen, maar ook bij alle andere aspecten waar u mee te maken heeft. Inboedelopslag U kunt via Boudesteijn Verhuizers B.V. uw inboedel opslaan. Wij beschikken over meerdere betrouwbare opslagfaciliteiten in Nederland. Opslag/Archiefbeheer Wilt u kantoorruimte besparen? U kunt bij Boudesteijn Verhuizers B.V. uw archief opslaan in een beveiligde opslagruimte.",Netherlands,3.776004,,,
Nicolaas Witsen,3776004.0,"Netherlands, North Holland, Alkmaar, 1821 Kraspolderweg 4",https://www.linkedin.com/company/nicolaaswitsen,www.nicolaaswitsen.nl,"Scheepswerf Nicolaas Witsen is al sinds 1853 actief in reparatie en nieuwbouw van schepen. Sindsdien zijn er op de werf vele honderden jachten gebouwd. Van veel van deze schepen zijn de tekeningen en documentatie nog aanwezig in het historisch archief van de scheepswerf. Vanaf 1980 heeft de werf zich verder gespecialiseerd in (winter)stalling, onderhoud, reparatie en verkoop van jachten. Het werfterrein beslaat momenteel ruim 32.000 m2. In de winter biedt de werf onderdak aan ruim 700 jachten. Nicolaas Witsen beschikt over moderne hijs-, helling- en transportmaterialen. Dat maakt ons bijzonder flexibel in het hijsen, hellingen en transporteren van jachten tot 300 ton waterverplaatsing. Zo is er een portaalkraan voor het droogzetten van jachten tot 50 ton en een helling voor schepen tot 300 ton. Transport verzorgen we met moderne hydraulische botenwagens en voor het afmasten van zeiljachten hebben we een eigen hijsinstallatie.  Voor onderhoud, reparatie en verkoop van uw jacht kunt u vertrouwen op de vakkundigheid van ons team. Schakel ons ook in voor: installatiewerkzaamheden jachtbetimmeringen schilderwerkzaamheden",Netherlands,3.776004,,,
Uitzendbureau BESTChauffeurs & Logistiek,3776004.0,"Netherlands, Overijssel, Hengelo",https://www.linkedin.com/company/bestchauffeurs-logistiek,www.bestgroep.nl,"BESTChauffeurs & Logistiek is een dynamisch uitzendbureau gespecialiseerd in het werven, detacheren en uitzenden van logistiek personeel. BESTChauffeurs & Logistiek beschikt over een ruim aanbod van goed opgeleide chauffeurs in elke categorie, (winkel)distributie, tank, bulk, walkingfloor, nationaal of internationaal, met ADR en/of heftruck certificaat. BEST zet zich 24/7 voor u in!! EFFICIËNTIE OP ZIJN BEST U hebt uw klanten, uw vrachten, uw wagens, uw opdrachten maar … te weinig personeel. Of het nu gaat om opvang van tijdelijke drukte, ter vervanging bij ziekte of gewoon ter uitbreiding van de werkzaamheden. BEST denkt en schakelt met u mee.",Netherlands,3.776004,,,
Bongers Expeditie B.V. |Customs Import- And Export Services|,3776004.0,"Netherlands, South Holland, Maasdijk, 70 Honderdland, 2676ls",https://www.linkedin.com/company/bongers-expeditie,www.bongersexpeditie.nl,Opgericht in 2001 en sindsdien actief als douaneagent met de gehele EU als werkgebied. Een team van bekwame en gemotiveerde mensen verzorgen voor u alle vormen van douane aangiften en documentatie. Onze dienstverlening kenmerkt zich door snelle en persoonlijke service en is erop gericht u te ontzorgen zodat u zich kunt richten op de kerntaken van uw onderneming.,Netherlands,3.776004,,,
Uitzendbureau Lotra,3776004.0,"Netherlands, Limburg, Weert, 15 Bassin, 6001",https://www.linkedin.com/company/uitzendbureau-lotra-bv,www.lotra.eu,"Lotra is gespecialiseerd in transport en logistieke dienstverlening. Al vanaf 2006 zijn wij een betrouwbare partner als het gaan om sales, werving, selectie, planning en uitzenden van flexibele en zeer gemotiveerde krachten. We zijn erg betrokken met onze werknemers. Zij voelen zich goed, dus wij ook. Door middel van trainingen zijn onze chauffeurs zeer breed inzetbaar. Ze kunnen  rijden en werken met allerhanden kwalificaties. Denk dan aan specialismen als; autolaadkraan, combi-haakarmsysteem of afzetbakken. Bij ons kan het allemaal. Zo niet? Wordt daar voor gezorgd! Als geen ander weten wij van de problematiek die zich voor kan doen in deze sector. Aan de hand van een functieprofiel van Uw bedrijf weten wij als geen ander hier adequaat op in te spelen. Bent U op zoek naar zo een betrouwbare partner? Dan bent U bij Lotra BV aan het juiste adres! Wat kan Lotra BV nu precies voor U betekenen;  - Ruime ervaring in transport & logistiek. - Zorgvuldige werving en selectie van ervaren en goed opgeleide flexwerkers. - Middels wij een functieprofiel hebben gemaakt van Uw organisatie weten wij als geen ander hoe hier op in te spelen - Last minute uitzending. - Flexibele werkwijze en grote capaciteit. - Korte communicatielijnen waardoor snel en adequaat op uw vraag geanticipeerd kan worden. - Een goede prijs-kwaliteitsverhouding.",Netherlands,3.776004,,,
Van Bakel En Zn. Transporten BV,3776004.0,"Netherlands, North Brabant, Oss",https://www.linkedin.com/company/van-bakel-en-zn.-transporten-bv,www.vanbakeltransport.nl,Van Bakel en Zn. transporten BV is een transportbedrijf dat zich gespecialiseerd heeft in de verhuur van vrachtauto's met chauffeur. In principe betreft het verhuur voor langere periode. Het materieel en de vakbekwame chauffeurs worden op maat samengesteld en daardoor is de inzet naadloos toepasbaar op elke vervoersbehoefte.  Het zwaartepunt van onze dienstverlening ligt in de inzet van transportmaterieel voor regionale en nationale distributie. Hiervoor hebben we een diversiteit van materieel tot onze beschikking. Maar ook buitenlandritten komen voor.,Netherlands,3.776004,,,
ETB Solutions BV,3776004.0,"Netherlands, Gelderland, Duiven, 81b Impact, 6921",https://www.linkedin.com/company/etb-solutions-bv,www.etb-solutions.com,"ETB Solutions BV is een strategisch samenwerkingsverband. Vakspecialisten met jarenlange ervaring bundelen krachten om het verschil te maken in de logistiek. Met maatwerk, een klantgerichte aanpak en uitstekende service wordt dat stapje extra gezet.  Wij richten ons op nationaal en internationaal transport, spoedleveringen, contract logistieke activiteiten en meer. Echte klanttevredenheid in combinatie met maatschappelijk verantwoord ondernemen staat bij ons centraal. ETB Solutions bestaat uit betrokken en bevlogen medewerkers met jarenlange ervaring in de logistieke branche. Een klantgerichte aanpak en een oprechte verbinding met onze relaties zorgt ervoor dat we samen het hoogst haalbare serviceniveau hebben/bereiken. We denken en handelen in oplossingen en daarmee zijn wij dé logistieke dienstverlener waar een ieder zich bij thuis voelt.  ""REAL CUSTOMER SATISFACTION DOES NOT HAVE TO BE AN ILLUSION""    ETB Solutions is a strategic joint venture. Professionals with years of experience join forces to make a difference in logistics. With customization, a tailored customer oriented approach and excellent service, we give that extra go the extra mile .  We focus on national and international transport, on time deliveries, contract logistics activities and more. Real customer satisfaction in combination with corporate and social sustainability is our core value. ETB Solutions employs committed and inspired enthusiasts with years of experience in the logistics industry. A customer-oriented approach and a sincere connection with our partners ensures that together we achieve and retain the highest attainable service level. We listen, think and act in solutions, which makes us the logistics service provider where our partners feel at home.",Netherlands,3.776004,,,
Maritiem Instituut De Ruyter,3776004.0,"Netherlands, Zeeland, Vlissingen, Boulevard Bankert, 4382",https://www.linkedin.com/company/maritime-institute-de-ruyter,www.deruyter-mi.nl,"Maritime Institute de Ruyter is the premier university in the Netherlands that trains Maritime Officers, Engineers, Mates and Captains for all ships",Netherlands,3.776004,,,
Euro Piping B.V.,3732625.0,"Netherlands, South Holland, Vlaardingen, 70 James Wattweg, 3133",https://www.linkedin.com/company/euro-piping-bv-kemo-bv,europiping.nl,"Ons bedrijf bestaat uit een kleine, vaste bezetting die allen 1e fitters c.q. gekwalificeerden G6 lassers zijn. Personeel die door jaren werkervaring hun sporen hebben verdiend. In combinatie met ons zusterbedrijf Kemo BV kunnen wij ook veelomvattende karweien aan die zich verder strekt dan pijpleidingen, zoals apparatenbouw, plaat- en constructiewerk. Producten die wij ook maken zijn o.a.    - Warmtewisselaars - Reducers onder Class - Uitlaatpijpen en expansiestukken Klanten die wij regelmatig bedienen:     - Stolt Nielsen  BV - Maersk - Man Diesel - Wallem GmbH - Anthony Veder BV - Bernhard Schulte Shipping - Exmar Shipping NV  - Holland America Line - JR Shipping - Stena line Op Locatie: Wij zijn compleet self-supported met diverse bedrijfs-, mobiele las- en plasma wagens, gas, zuurstof en allerhande handgereedschappen, welke noodzakelijk zijn om werkzaamheden uit te voeren op locatie. Vanuit ons bedrijf van 1350 m2 welke gelokaliseerd is langs de ringweg van Rotterdam zijn wij in staat direct en snel op alle mogelijke werklocaties in  Nederland, België en de rest van Europa te werken.",Netherlands,3.732625,,,
Mondial Joh. Van Buuren En Zn. Verhuizingen,3683163.0,"Netherlands, South Holland, Delft, 63 Lagosweg, 2622",https://www.linkedin.com/company/mondial-joh-van-buuren-en-zn-verhuizingen,www.vanbuurenbv.nl,"Bent u op zoek naar een betrouwbaar verhuisbedrijf in Delft? Dan bent u bij ons aan het juiste adres. Of uw verhuizing klein is of groot, particulier of zakelijk, binnen Nederland, Europa of overzee: Joh. van Buuren en Zn voert alle vormen van verhuizingen uit. Met passie. Al ruim honderd jaar. Wij werken alleen met gediplomeerde topverhuizers en de modernste materialen. Dit doen we vanuit ons hypermoderne pand aan de rand van Delft, vlak bij een aantal belangrijke uitvalswegen. In ons beveiligde pand kunt u voor langere of kortere tijd uw inboedel opslaan. Wilt u zelf verhuizen? Bezoek dan onze digitale verhuiswinkel.",Netherlands,3.683163,,,
PackFeed Fulfilment,3681605.0,"Netherlands, South Holland, Hendrik-ido-ambacht, 4 Ecologieweg, 3343",https://www.linkedin.com/company/packfeed-fulfilment,www.packfeed.nl,"Logistiek uitbesteden PackFeed Fulfilment: de oplossing voor al uw fulfilment behoeften PackFeed Fulfilment is uw betrouwbare partner voor het beheer van uw fulfilment processen. Of u nu een startende onderneming bent of een gevestigde speler in de e-commerce wereld, wij bieden de diensten die u nodig heeft om uw bedrijf te laten groeien. Ons fulfilmentcentrum bevindt zich in het hart van Europa en biedt gemakkelijke toegang tot de Europese markt.",Netherlands,3.681605,,,
Meta Top Movers,3681605.0,"Netherlands, North Brabant, Eindhoven, 3550 Flight Forum, 5657dw",https://www.linkedin.com/company/meta-top-movers,www.meta.nl,"Meta Top Movers in Eindhoven is een familiebedrijf dat zich bezighoudt met particuliere en zakelijke verhuisdiensten. Met ons enthousiaste team van circa 20 medewerkers, verzorgen wij dagelijks particuliere en zakelijke verhuizingen voornamelijk in, vanuit of naar de regio Noor Brabant. Daarnaast bieden wij diensten als opslag, meubeldistributie, montage en handyman. Wij streven naar een hoge klantwaardering van onze dienstverlening en het aangaan van duurzame relaties binnen en buiten onze organisatie. Wij vinden het belangrijk om gastvrij, stipt, betrouwbaar en behulpzaam te zijn. Meta Top Movers maakt tevens onderdeel uit van Top Movers Nederland, een landelijke organisatie gericht op de verhuisbranche met in totaal 17 vestigingen.",Netherlands,3.681605,,,
Tulpfietsen - Assembly And Distribution,3681605.0,"Netherlands, Limburg, Maastricht, 29 Sleperweg, 6222",https://www.linkedin.com/company/tulpfietsen-b.v.,www.tulpfietsen.nl,"Welkom bij Tulpfietsen. In 2009 is Tulpfietsen opgericht en werd daarmee het eerste fietsenmerk waarbij een consument zelf op internet zijn fiets kon samenstellen. De fietsen werden toen nog geassembleerd bij een sociale werkplaats. Na een klein jaar groeide Tulpfietsen uit haar eerste jasje en zijn wij verhuisd naar onze eerste eigen locatie. De groei zette door en al snel leverde Tulpfietsen ook fietsen aan bedrijven, voorzien van logo en in de eigen huisstijl van de klant. Vele duizenden fietsen zijn in de loop der jaren geleverd aan allerlei bedrijven en naar vele landen: van winkels tot banken, en van Thailand tot Spitsbergen. Inmiddels zijn wij voor de vierde keer verhuisd en hebben nu de beschikking over een ruime assemblagehal van ca. 3.000m2. De activiteiten zijn de afgelopen jaren uitgebreid met assemblage van fietsen voor andere fietsmerken, zowel binnen- als buitenlands, en met de distributie van fietsen. Wij verzorgen daarbij het rijklaar-maken en de aflevering van de fietsen, zodat u zich kunt concentreren op de verkoop. Voor bedrijven heeft Tulpfietsen aantrekkelijke mogelijkheden om bedrijfsfietsen te leveren, al dan niet voorzien van de huisstijl van uw bedrijf. Tulpfietsen is sinds oktober 2020 de exclusieve distributeur voor Nederland van het Oostenrijkse kinderfietsen merk WOOM en Swiss Eye sportbrillen.",Netherlands,3.681605,,,
BLOX Xtra Opslag Hengelo,3681605.0,"Netherlands, Overijssel, Hengelo, 22 Loodsstraat, 7553",https://www.linkedin.com/company/blox-xtra-opslag,www.bloxopslag.nl,"In de praktijk blijkt steeds vaker dat bedrijven rendement kunnen behalen met het huren van flexibele ruimte.  BLOX Xtra Opslag is uitermate geschikt voor multinationals of midden- en kleinbedrijf die tijdelijke of permanente opslagruimte nodig hebben. Enkele voorbeelden van situaties, waarin een opslagunit van pas komt: ◦Opslag van archief ◦Opslagruimte van (kantoor)meubelen, drukwerk, etc. ◦Opslag van bedrijfs/winkelvoorraden ◦Gebruik als opslag van goederen t.b.v. vertegenwoordigers ◦Standbouwmateriaal en promotioneel materiaal ◦Seizoensgebonden goederen, kerstversieringen, terrasmeubilair etc. ◦Opslag als u dure verkoopruimte benut voor opslag van goederen ◦Wanneer u gereedschappen niet in de bus of op de klus wilt opslaan ◦Opslag voor startende ondernemingen die flexibel willen zijn ◦Opslag voor webwinkels BLOX specialiseert zich in de volgende maatwerkoplossingen: BLOX Xtra Opslag zorgt voor: ◦Ontvangst goederen ◦Aftekening voor ontvangst ◦Controle op aantal colli ◦Controle op beschadiging ◦Plaatsing van de zending in uw opslagunit of een apart afgesloten ruimte ◦Een direct persoonlijk bericht van ontvangst via telefoon en/of mail BLOX Xtra Opslag geeft u de ruimte in opslag èn werktijd ! Distributieservice van uw goederen Indien gewenst kunnen wij uw ontvangen goederen ook elders op afspraak afleveren. Informeert u hiervoor bij ons BLOX Team. Beveiligde- en geconditioneerde ruimten Veiligheid staat bij BLOX Xtra Opslag altijd voorop. Daarom is het gehele pand voorzien van een geavanceerd 24-uurs camerabewaking. Tevens houdt Securion een oogje in het zeil. Natuurlijk kunt u ook als particulier bij ons terecht voor de opslag van inventaris of inboedel.  Bekijk onze website op www.bloxopslag.nl Ook verhuren wij kantoorunits en flexplekken per uur in ons Businesscenter De Brug. https://debrugkanaalkwartier.webnode.nl/",Netherlands,3.681605,,,
O.J. Dahl Netherlands,3681605.0,Netherlands,https://www.linkedin.com/company/o-j-dahl,www.ojdahl.nl,"O.J. Dahl A/S was founded in 1917 and since the '70 part of a Swiss/Dutch family owned business group. In Norway and Sweden, we represent various leading leading brands in the railway, rolling stock and infrastructure industry, and have our own workshops and service facilities.  With the opportunity to support Stadler Rail - one of Europe's most successfull manufacturers of Rolling Stock based in Switserland - also in the Netherlands, O.J. Dahl BV was established in 2015.  Our mission  is to be the most recognised value added partner to the railway sector. We always provide exceptional services and solutions to our customers and partners, and HAVE FUN DOING SO!  In addition to an impressive network of suppliers, we have a knowledgeable and dedicated team working across national borders for the growing number of customers. Our specialist areas include couplings, brakes, compressed air components, data recorder and passenger information (PIS, PA) systems. The group has operations in Norway, Sweden, the Netherlands, Switserland and Italy. Other activities include manufacturing and servicing railway components (www.buffersrailindustry.com), providing telecommunications network solutions (www.group2000.eu), and production of award winning wines in the Chianti region (www.villatrasqua.it).",Netherlands,3.681605,,,
Truckstop 8 B.V.,3681605.0,"Netherlands, North Brabant, Eindhoven, 30 Het Schakelplein, 5651gr",https://www.linkedin.com/company/truckstop-8-b-v-,www.truckstop8.nl,"Truckstop 8 is het tankstation en rustpunt voor vrachtwagenchauffeurs en de perfecte locatie voor een zakelijke afspraak in Eindhoven. Bij Truckstop 8 is behalve een tankstation ook een groot aantal voorzieningen, waaronder een restaurant, wasstraten en natuurlijk een shop. Daarnaast bieden we onze klanten graag dat beetje extra service. De locatie van Truckstop 8 is vlak bij de A2 en Eindhoven Airport. Truckstop 8 is onderdeel van de Truckwash 1 Group. Voor meer informatie: www.truckstop.8.nl.  Momenteel is Truckwash 1 Group met ongeveer 180 medewerkers actief in Nederland in Aalsmeer, Bodegraven, Ede, Eindhoven, Maasvlakte, Rilland, Roosendaal, Rotterdam en Utrecht.  Ondanks alle uitbreidingen blijft Truckwash 1 Group / Truckstop 8 een echt familiebedrijf waar medewerkers en vooral ook klanten zich thuis voelen.",Netherlands,3.681605,,,
Zwerus Transport B.V.,3681605.0,"Netherlands, Overijssel, Hasselt",https://www.linkedin.com/company/zwerus-transport-b.v.,www.zwerus.nl,"Zwerus Transport B.V. is een transportbedrijf dat zich voornamelijk bezig houdt met fijnmazige distributie van gepalletiseerde lading en losse collie in Nederland. Zwerus Transport B.V. is sinds 1969 een middelgrote zelfstandige onderneming met een landelijk dekkend netwerk in eigen beheer. Het vervoer van zonweringproducten is nog steeds een specialisme van Zwerus Transport B.V. maar het vervoer van gepalletiseerde zendingen vormen nu de basis van het bedrijf. Wij vervoeren voor met name enkele gerenommeerde klanten speelgoederen en verpakkingsmaterialen binnen de food-sector Met een distributiecentrum in Hasselt beschikt Zwerus Transport over een compleet logistiek dienstenpakket bestaand uit; transport, overslag en warehousing. In combinatie met onze know-how in diverse specialismen, kunnen wij u van dienst zijn in uw specifieke branche",Netherlands,3.681605,,,
Hooikammer Groep,3631572.0,"Netherlands, Overijssel, Staphorst, 201 Oude Rijksweg, 7951",https://www.linkedin.com/company/hooikammer-autoberging-&-transport,www.hooikammergroep.nl,"De Hooikammer Groep specialiseert zich in pechhulp, auto- en vrachtwagenberging, stalling (elektrische) voertuigen, Fleetservices en verkoopondersteuning. Uiteraard zijn wij 24/7 bereikbaar. Met ons brede aanbod aan diensten en onze jarenlange ervaring in het vak garanderen we iedere opdrachtgever een passende en professionele oplossing op maat. Dit doen we met veel enthousiasme voor ons vak en met onze blik gericht op een duurzamere toekomst. Het alles onder één dak principe staat borg voor een efficiënte afhandeling van uw mobiliteitswens. Naast autoberging- en transport bieden wij ook de mogelijkheid voor inname van ex-lease voertuigen, stalling, opslag en de handling hiervan. Voor verdere vragen over de afdeling transport kunt u bellen met: 088 24 24 7 24.",Netherlands,3.631572,,,
Ervaar Het OV,3631572.0,Netherlands,https://www.linkedin.com/company/ervaar-het-ov,www.ervaarhetov.nl,"Het openbaar vervoer biedt een zorgloze, ontspannen en relatief goedkope manier om je bestemming te bereiken. Provincie Flevoland, Gelderland en Overijssel, Stadsregio Arnhem Nijmegen, gemeente Lelystad, Arriva, Breng, OV regio IJsselmond, Connexxion en Syntus willen je dat graag zelf laten ervaren. Daarom hebben ze hun krachten gebundeld om het openbaar vervoer onder de aandacht te brengen van alle inwoners van de drie provincies. Hiervoor is onder andere de website Ervaar het OV ontwikkeld. Via deze site bieden we je interessante kortingsacties. En we attenderen je op leuke evenementen en attracties waar we je graag met de bus of trein naar toe brengen.",Netherlands,3.631572,,,
Vels Transport Oostzaan,3631572.0,"Netherlands, Oostzaan, 9 Westeinde, 1511",https://www.linkedin.com/company/vels-transport-oostzaan,www.velstransport.nl,"Vels Transport Oostzaan is gelegen aan de rand van Amsterdam. Onder aan de A10/A8 (snelweg op/ snelweg af). In een tijdsbestek van 15 minuten is die gele vrachtauto midden in het centrum van Amsterdam. Veel van de werkzaamheden van Vels Transport Oostzaan bevinden zich in Amsterdam, deze plaats is dan ook dagelijkse kost voor de chauffeurs. Zij weten als geen ander waar en wanneer je met je vrachtauto mag komen. Heeft u goederen die “de stad” in moeten, geen enkel probleem om ze bij Vels Transport Oostzaan te leveren, zij zullen ervoor zorg dragen dat uw materialen op de gewenste plek terecht zullen komen. Sinds 2020 is Vels Transport Oostzaan een onderdeel van Kisjes Transport & Verhuur te Apeldoorn.",Netherlands,3.631572,,,
Van Der Veen Shipping,3535607.0,"Netherlands, Groningen, Groningen",https://www.linkedin.com/company/van-der-veen-shipping,vanderveenshipping.nl,Van der Veen Shipping is een allround binnenvaartkantoor gevestigd aan het Eemskanaal nabij de zeesluizen van Delfzijl. Van der Veen Shipping houdt zich al meer dan 40 jaar bezig met bevrachtingen in de binnenvaart en is hét aanspreekpunt in het noorden van Nederland voor al uw vervoer over de Europese binnenwateren.  Wij zijn uw partner in transport over water.  Naast bevrachtingen verzorgen wij Door to Door totaaltransport inclusief op- en overslag. Wij hebben ervaren praktijkmensen in huis die de techniek van een schip verstaan en van de marktwaarde van schepen op de hoogte zijn. Er zijn dan ook diverse eigenaren die wij hebben kunnen ondersteunen in de aan- en de verkoop van hun schip. Naast een aantal eigen schepen beschikken wij over circa 40 multi inzetbare relatieschepen met een laadcapaciteit tussen de 500 en de 2300 ton.,Netherlands,3.535607,,,
Partner In Rail,3510470.0,Netherlands,https://www.linkedin.com/company/partnerinrail,www.partner-in-rail.com,"Partner in Rail is an independent rail agency for both national and international rail freight transportation, we established our company in 2017 and are currently located in the largest European port: Rotterdam. We offer a full-service agent that serves and supports its internal and overseas customers in a  fast and flexible way and if required, under your company’s name. In this position, Partner in Rail functions as integrated partner with all the knowledge and expertise needed in rail freight transportation within or across Europe. Partner in Rail acts on the need for a reliable partner in the chain collaboration. As a local link in the Benelux, we play an integral role in realizing growth for our customers - rail operators, railway operators, logistics service providers, shipping companies and forwarders – this is achieved by efficient working processes, transparency and service-oriented business practices.                    CUSTOMER SERVICE                           OPERATIONS                   PLANNING & BOOKING                DIRECT SALES & AQUISITION               KEY ACCOUNT MANAGEMENT",Netherlands,3.51047,,,
Union Container Services bv,3510470.0,Netherlands,https://www.linkedin.com/company/union-container-services-bv,www.bouwbak.nl,"Union Container Services bv onderscheidt zich in de afvalmarkt door Service en het nakomen van afspraken met de klant. Door de ligging van het bedrijf op de Processorstraat 3 in Amsterdam Noord, kunnen wij snel anticiperen naar de wensen van onze klanten in de binnenstad en omstreken van Amsterdam, Noord Holland en Flevoland. van bouwafval tot bedrijfsafval, Union Container Services bv bied de oplossing! .",Netherlands,3.51047,,,
Quality Rail Services,3510470.0,"Netherlands, South Holland, Hellevoetsluis, Marshalllaan",https://www.linkedin.com/company/qualityrailservices,www.qualityrailservices.nl,"Quality Rail Services leent gecertificeerd personeel uit aan spoorwegondernemingen die een tijdelijk tekort hieraan hebben. Door ons personeel zo breed mogelijk op te leiden kunnen wij de meeste functietekorten moeiteloos opvullen. Machinist goederenvervoer (nationaal en internationaal), Wagencontroleur, Rangeerder, Proces Operator.",Netherlands,3.51047,,,
Total Crew,3510470.0,"Netherlands, Groningen, Appingedam, 20 Eerste Industrieweg, 9902",https://www.linkedin.com/company/total-crew,www.totalcrew.nl,"Total Crew is actief als uitzend- en detacheringsbureau voor zeevarenden, binnevaart en in alle voorkomende walfuncties. Wij bieden dan ook een breed scala aan vacatures in de koopvaardij en  offshore- ,. In opdracht van onze klanten zijn wij tevens actief op het gebied van werving & selectie voor het midden- en hoger management. Total Crew in een relatief jong bureau met een ervaring van ruim 25 jaar op het gebied van Detachering, Werving & Selectie. Wij staan dan ook garant voor kwaliteit, zorgvuldigheid en een prettige werksfeer aan boord. De juiste persoon op de juiste plaats. Onze sterke punten:  •	Klantgerichte benadering; •	Topkwaliteit;  •	Effectieve services; •	Transparante communicatie; •	Een lange relatie. Total Crew valt onder de kwaliteit eisen van de MLC 2006. Wat zijn onze werkzaamheden? Total crew houd zich voor al bezig met onderstaande werkzaamheden. •	Werving & selectie van personeel •	Detacheren van arbeidskrachten •	Inhuren van tijdelijk personeel •	Assistentie en advies bij sollicitatie procedures •	Outplacement •	Totale scheepsmanagement •	ISM – ISPS •	Audits (interne) •	Verzorgen van VCA cursussen •	Loon administratie •	Bemiddeling",Netherlands,3.51047,,,
Maritech Special,3510470.0,"Netherlands, South Holland, S-gravenzande, 7 Van Leeuwenhoekstraat, 2693ba",https://www.linkedin.com/company/maritech-special,www.maritech.nl,"Maritech Special voorziet al jaren de nautische en industriële sector van PBM’s en apparatuur, evenals bijbehorend onderhoud en keuringen. Het bedrijf dat een decennium geleden uit passie voor de maritieme sector begon, is inmiddels uitgegroeid tot een gevestigde naam. Een naam die staat voor een kundig team, kwaliteit en klantenservice. Onze drie K’s hebben er voor gezorgd dat we een bijzondere mix aan klanten mogen adviseren en beleveren. Van rederijen, (semi-)overheden, scheepswerven, defensie, windmolenontwikkelaars, laboratoria, offshore, loodswezen, douane, reddingsbrigades, vissers, sleepvaart en baggeraars tot leidingleggers en vele andere partijen. We werken volgens de laatste richtlijnen, met de modernste apparatuur en leveren uitsluitend topsegment producten waar u te allen tijden op kunt vertrouwen. Of het nu gaat om maritieme kleding, redvesten, drijf- en droogpakken, industriële PBM’s of veiligheidsmaterialen. Daarnaast verzekert u zich, met ons onderhoud en de vereiste keuringen, van goed werkende PBM’s.",Netherlands,3.51047,,,
Taxi Tilburg,3146670.0,"Netherlands, North Brabant, Tilburg, 39 Spoorlaan, 5038cb",https://www.linkedin.com/company/taxi-tilburg,www.taxitilburg.eu,"Taxi Tilburg is ruim 10 jaar geleden ontstaan en inmiddels uitgegroeid tot toonaangevend bedrijf in en omstreken de regio Tilburg. Ons bedrijf beschikt over een ruim wagenpark met luxueuze en ruime wagens. Ons bedrijf is gespecialiseerd in personenvervoer en zakelijk vervoer op hoog niveau tegen bijzonder aantrekkelijke en vooral concurrerende tarieven. Alle services en diensten zijn op maat en geheel naar uw wensen in te vullen.  Taxi Tilburg is het ideale alternatief voor u, om snel en rechtstreeks op uw plaats van bestemming te komen. Onze representatieve en gecertificeerde gastheren rijden u en uw medereizigers tot aan de voordeur. Dankzij onze ruime overlapping kan de klant binnen 15 minuten beginnen aan zijn/haar reis. Onze verbindingen zijn zo ingericht dat we erg snel op locatie zijn. U bent vreemd in de omgeving? Wij zijn wegwijs in de meeste gebieden, waardoor U zich geen zorgen meer hoeft te maken. U heeft geen tijd meer te verspillen en wilt snel voor de deur in- en uit stappen? Parkeerplaatsen en parkeerkosten, een plek in de bus of trein behoren tot verleden tijd.Met het oog op de kosten, tijd en gemak komt u snel tot de conclusie komen dat Taxi Tilburg helemaal niet duur hoeft te zijn. Zeker in een vreemde omgeving is Taxi Tilburg een oplossing.",Netherlands,3.14667,,,
Overslagbedrijf Moerdijk bv,3146670.0,"Netherlands, North Brabant, Moerdijk, 5 Oostelijke Randweg, 4782",https://www.linkedin.com/company/overslag-bedrijf-moerdijk-bv,www.obm.nl,"Overslagbedrijf Moerdijk OBM is een bulk-overslagbedrijf bestaande uit 3 terminals op Moerdijk: - OBM Noord (hoofdkantoor), Oostelijke Randweg 5 , 4782 PZ, Havennummer 136 , Noordelijke insteekhaven - OBM Oost, Oostelijke Randweg 42, 4782 PZ , Havennummer 128, Insteekhaven Roode vaart  - OBM West, Middenweg 26 , 4782 PM, Havennummer 380, Westelijke insteekhaven Naast de afhandeling van een grote variëteit aan droge bulkladingen en stukgoed heeft OBM alle vergunningen en is gespecialiseerd voor de afhandeling en opslag van alle soorten van verontreinigde materialen zoals droge bulk, zijnde diverse ertsen, mineralen, bouwstoffen, granen, biomassa en afval/recycling stoffen. Daarnaast wordt desgewenst door OBM aansluitend binnenvaart- rail- en/of wegtransport verzorgd. Diensten en faciliteiten: hydraulische mobiele havenkranen, shovels, bobcats, haakarm vrachtwagens, weegbruggen 70 ton aansluitend weg, binnenvaart en railtransport diensten en mobiele laadbruggen voor overslag op uw locatie. Kadefaciliteiten: - Noordelijke insteekhaven, lengte max 200 m, diepgang aan de kade max. 9,0m. - Insteekhaven Roode Vaart, vingerpier, lengte max. 190 m, diepgang max. 8,0m, diepgang vingerpier 8,5m. - Westelijke insteekhaven, lengte max. 150m, diepgang max. 5,5m, diepgang met drijvende kraan max. 8,4m.  Openingstijden: standaard 07:00 - 16:00u, 24 uur op verzoek. Opslag: 9,5 ha open / halfopen en gesloten opslagterrein waarvan 9,5 ha vloeistofdicht verhard. Op alle locaties is thermische ontwikkeling in uw product (bijv. broei) meetbaar zodat we in een vroegtijdig stadium schade aan uw product kunnen voorkomen.",Netherlands,3.14667,,,
Erkende Projectverhuizers,3146670.0,"Netherlands, South Holland, Zoetermeer, 26 Bredewater, 2715",https://www.linkedin.com/company/erkendeprojectverhuizers,www.erkendeprojectverhuizers.nl,"Een verhuisbedrijf met het EPV branchekeurmerk biedt u de zekerheid dat u in zee gaat met dé specialist in het verhuizen van kantoren, bedrijven en instellingen.  Of het nu gaat om een grote, complexe en risicovolle verhuizing van een kantoor, bedrijf of instelling waar ook in Nederland of om een kleine lokale bedrijfsverhuizing. Een ‘gewone’ inboedelverhuizing brengt al heel wat met zich mee. Bij een zakelijke verhuizing of bedrijfsverhuizing geldt dat nog sterker omdat de omvang, belangen en risico’s hiervan meestal groter zijn. Om zekerheid te bieden is op basis van de wensen van zakelijke opdrachtgevers het EPV keurmerk ontwikkeld. Het doel is dat elke EPV projectverhuizing voor de opdrachtgever een succes wordt.",Netherlands,3.14667,,,
Taxi Roermond,3146670.0,"Netherlands, Limburg, Roermond, 7m Zuidhoven, 6042",https://www.linkedin.com/company/taxiroermond,www.taxiroermond.com,"Taxi Roermond is uw partner op het gebied van personenvervoer voor de particuliere en zakelijke markt. Alles begint met kwaliteit.  Ons motto: ""Niet de grootste, wel de beste!""  Wat dat inhoudt; Klanten de aandacht geven, afspraken nakomen, het geven van een goede presentatie en veel oog voor veiligheid en detail. Kwaliteit, betrouwbaarheid, veiligheid en goede service staan bij onze diensten centraal. Taxi Roermond zal er dan ook zorg voor dragen op al uw vragen van vervoer een passend antwoord te vinden. Taxi Roermond heeft zich in de loop der jaren gespecialiseerd in het zakelijk vervoer. Wij zijn zeer bekend op de omliggende (inter)nationale vliegvelden en tevens het wegennet in binnen en buitenland is ons zeer bekend.  Neem vrijblijvend contact met ons op om te informeren naar onze uiterst scherpe tarieven.",Netherlands,3.14667,,,
Bandenservice Klaas Van Der Eijk,3146670.0,"Netherlands, South Holland, Hoek Van Holland, 80 Priel, 3151",https://www.linkedin.com/company/bandenservice-klaas-van-der-eijk,www.kvdeijk.nl,"Bandenservice Klaas van der Eijk is ruim 20 jaar een begrip in Hoek van Holland, Rotterdam, Westland en omstreken. Klaas is al zijn hele leven actief in de transportwereld en heeft samen met zijn ervaren monteurs in al die jaren een sterke band opgebouwd met zijn trouwe klanten. Door de jarenlange ervaring en deskundigheid op het gebied van vrachtvervoer, bedrijfsvervoer en luxe wagens kunnen wij alle zorg uit handen nemen voor zowel particulieren als transportondernemingen. Onze toplocatie is gelegen aan de rand van Hoek van Holland, dichtbij de veerdienst Stena Line. Het Westland bevindt zich slechts op steenworp afstand van onze locatie. Ons bedrijf beschikt over een moderne bedrijfsruimte waarin een vakkundig team werkzaam is. Onze zeer ervaren monteurs zijn u graag van dienst. Daarnaast hebben wij diverse goed uitgeruste servicewagens onderweg, die de 24/7 Nationale- en Internationale serviceverlening verzorgen, want stilstand is achteruitgang.",Netherlands,3.14667,,,
Agrilog Bedrijfstrainingen,3146670.0,"Netherlands, Friesland, Leeuwarden, 8 Zwettestraat, 9113",https://www.linkedin.com/company/agrilog-bedrijfstrainingen,www.agrilog.nl,"Agrilog bedrijfstrainingen is hét bedrijf, dat in heel Nederland logistieke trainingen verzorgd. Te denken valt hierbij aan Heftruck-, reachtruck-, Shovel-, (mini)kraan-, verreiker- en hoogwerker- trainingen. Ook voor VCA en BHV kunt u contact met ons opnemen. Bovendien beschikken wij op locaties in Leeuwarden en Eindhoven om de training buiten het bedrijf te geven of voor ZZP en particulier.  In 2004 is het opleidingsbedrijf Agrilog van start gegaan met het organiseren en geven van trainingen in de Logistieke sector. Oorspronkelijk ontstaan in het Landbouwonderwijs heeft de organisatie zich meer en meer geconcentreerd op de interne logistiek , infra en veiligheidstrainingen. Door een cursus te volgen is een deelnemer veel beter in staat om de handelingen in zijn werkomgeving beter en veiliger uit te voeren. Bovendien ligt in de Arbeids Omstandigheden Wet de kern van het volgen van een cursus (artikel 7.17 C lid 1) Naast de cursussen, die wij op ons opleidingscentrum in Leeuwarden geven, bestaat ook de mogelijkheid om deze cursus op uw bedrijf te geven. De instructeur komt dan naar u toe en geeft m.b.v. uw machines de praktijkinstructie.",Netherlands,3.14667,,,
Roads Vervoer,3146670.0,"Netherlands, North Holland, Amsterdam, 128 Domselaerstraat, 1093",https://www.linkedin.com/company/roadsvervoer,roadsvervoer.nl,"Roads Vervoer is meer dan alleen een vervoersbedrijf. Wij helpen mensen goed op weg. Sinds 2010 rijden wij met meerdere bussen door Amsterdam en omstreken om onze klanten zo goed mogelijk te bedienen. Daarnaast zijn wij een sociale onderneming, waar mensen met afstand tot de arbeidsmarkt op weg worden geholpen en zich voorbereiden op de toekomst.",Netherlands,3.14667,,,
Strukton Rail A/S,3033746.0,"Netherlands, Utrecht, Utrecht",https://www.linkedin.com/company/strukton-rail-a-s,www.strukton.dk,"Strukton Rail A/S er en jernbaneentreprenør, som opbygger og vedligeholder jernbanen med det mål at skabe en sikker, attraktiv og punktlig sportrafik. Den danske virksomhed indgår i den hollanske koncern Strukton Rail, som er en af Europas største jernbanevirksomheder med ca. 4000 ansatte fordelt i seks lande. Strukton Rail er førende på forebyggende vedligehold og har udviklet avancerede målemetoder til at finde fejlene på infrastrukturen, før de forsinker togene. Kombinationen af Struktons brug af avanceret teknologi og geografiske bredde gør det muligt at tilbyde den bedst mulige løsning til hver en tid. Vi er anerkendte af vores kunder for vores høje troværdighed - vi agerer europæisk, men med en lokal tilstedeværelse.",Netherlands,3.033746,,,
FreshRail.eu,2909579.0,"Netherlands, South Holland, Rotterdam",https://www.linkedin.com/company/ffwdfreshrail,freshrail.eu,Save up to 95% CO2 on conditioned goods transports by rail (and pay less for it as well),Netherlands,2.909579,,,
High-Speed Rail Nederland,2909579.0,"Netherlands, North Holland, Amsterdam",https://www.linkedin.com/company/high-speed-rail-nederland,highspeedrail.nl,"HSR, high-speed rail, hogesnelheidslijn, hsl",Netherlands,2.909579,,,
Coastlink B.V.,2909579.0,"Netherlands, North Brabant, Tilburg, 8 Asteriastraat, 5047 rm",https://www.linkedin.com/company/coastlink-bv,www.coastlink.eu,"We take care of your shipments quickly and without error. This is expressed in our work method, by being as close to our clients as possible. We advise you about the optimal logistic solutions. We make frequent use of regional barge and rail terminals, to ensure you hassle-free loading and unloading of cargo and save you costs, coupled to a high level of service. We believe in the synergy of informing, advising and unburdening.",Netherlands,2.909579,,,
Jarex Shipping And Forwarding B.V.,2909579.0,Netherlands,https://www.linkedin.com/company/jarex-shipping-and-forwarding-b.v.,www.jarex.nl,"Jarex is an international forwarding agency, focusing on intermediation in expedition and distribution activities within and outside Europe.  We are specialized in transportation of goods via trucking and train, but also via sea- and airfreight.  Depending on your needs and wishes we offer you a customized solution. Personal and qualitative service play a crucial role at Jarex.  Our service portfolio consists of:  - Incoming and outgoing groupage services (LCL) worldwide  - Container trucking of dry, cooled, and reefer containers  - Rail, barge, and truck transportation through entire Europe  - Tank transportation for food products and hazardous substances  - Treatment for gas measurements for containers  - Transportation of hazardous substances overseas en over land  - Incoming and outgoing air- and sea freights worldwide (LCL/FCL)  - Cross-trading, exceptional transportation and project-loadings  - Custom clearances and facilitation of all required documents  - Warehousing and transshipment for both cooled and reefer loadings  - Warehousing and transshipment of hazardous substances.  For more information as well as offer requests, check www.jarex.nl Jarex Shipping and Forwarding B.V., your intermediator in transportation.",Netherlands,2.909579,,,
Boat Import Holland,2909579.0,"Netherlands, Gelderland, Ermelo, 5 Meeboerserf, 3851",https://www.linkedin.com/company/boat-import-holland,www.boatimportholland.nl,"Boat Import Holland is een bedrijf dat zich specialiseerd in de import en groothandel van nieuwe polyester boten, van de welbekende merken Oud-Huijzer, Topcraft, SilverYacht, Wato, en Fibrafort. Daarnaast zijn wij importeur van Tohatsu buitenboordmotoren Benelux. Onze merken staan voor betrouwbaar en betaalbaar! Wij hebben een groot landelijk dekkend dealernetwerk opgebouwd, waar de klant terrecht kan voor optimale service, aanschaf en onderhoud. Bezoek onze website voor de dichtstbijzijnde dealer bij u in de buurt!",Netherlands,2.909579,,,
Eurasian Transport Solutions,2884259.0,"Netherlands, Schiphol, 100 Koolhovenlaan, 1119",https://www.linkedin.com/company/eurasian-transport-solutions,www.ets-logistics.nl,"ETS is specialized in shipping international cargo from the European Union into the CIS countries. Using different modes of transport such as air, rail, sea and trucking or in combination (intermodal) we can deliver your cargo from door to door. We are a Schiphol based company in the Netherlands but we also have an office in Frankfurt am Main Germany.",Netherlands,2.884259,,,
Shuttlewise,2824445.0,Netherlands,https://www.linkedin.com/company/shuttlewise-b.v.,www.shuttlewise.com,"Shuttlewise, an intermodal operator, wants to develop high-quality container-shuttles by rail on strategic European corridors. The aim is to link together parties with a common interest in a specific destination where Shuttlewise will be the director and organizer of this new service. Shuttlewise is responsible for a reliable service and decent execution and is taking the financial risk on rest capacity of the shuttle.",Netherlands,2.824445,,,
Romme Rail Assets,2596210.0,"Netherlands, North Brabant, Geffen, Heesterseweg",https://www.linkedin.com/company/romme-rail-assets,www.rommerailassets.com,"About Romme Rail Assets Looking for special train components? Old locomotives, new or used wagons? At Romme Rail Assets you can find a comprehensive listing of thousands of rail-related products from home and abroad. On this website you can - 7 days a week, 24 hours a day - simply look for the product that you have been looking for so long. And if you're interested, you can directly contact the supplier of the product. Offer products themselves Do you have new or used rail-based material in your possession? Offer them on this website at competitive prices. Only then will you be able quickly and directly in contact with potential buyers. See here the different possibilities! Other specialties are With the (inter)national transport service from Romme Container Service you can make your purchase process easy and worry free transportation. In addition belongs storage and handling in a guarded indoor or outside area to the expanded possibilities.",Netherlands,2.59621,,,
SMN Post NH,2534196.0,"Netherlands, North Holland, Wormerveer, 10 Soldaatweg, 1521rl",https://www.linkedin.com/company/smn-post-nh,www.smnpostnh.nl,"Met een uitgebreid pakket aan diensten zijn wij, SMN Post NH uit Wormerveer, in staat de zorg over uw postzaken bij u weg te nemen. Dat geldt voor alle soorten postzendingen. Heeft u grote of kleine volumes, aangetekende stukken of pakketten, wij handelen alles netjes voor u af. Onze mensen zijn precies en voelen zich verantwoordelijk om zorgvuldig om te gaan met alles wat u ons toevertrouwd.",Netherlands,2.534196,,,
Transportbedrijf P. Verboon De Lier B.V.,2534196.0,"Netherlands, South Holland, De Lier, Burgerweg, 2678kw",https://www.linkedin.com/company/transportbedrif-p-verboon-de-lier-b-v,www.pverboon.nl,"Transportbedrijf P. Verboon De Lier B.V. is een internationaal transportbedrijf dat zich heeft gespecialiseerd in het vervoer van aardappelen, pootaardappelen, groenten, biologische groenten, en alle andere voorkomende agrarische producten door heel Europa.",Netherlands,2.534196,,,
AP Stacking,2534196.0,"Netherlands, North Brabant, Eindhoven",https://www.linkedin.com/company/ap-stacking,www.ap-stacking.com,"APS stacking solution for every type of load. There are Advanced Pallet Stacking systems (APS) for every type of load - even products that are normally considered to be non-stackable.  APS has a proven solution to improve your load factor in any road-, rail,- and sea-transport. AP Stacking develops and markets innovative pallet stacking systems for transport. The FlexMax – with adjustable heights ensures that you can safely double, triple or quadruple your (non-stackable) load on different heights on each pallet place without any pressure on your products or packaging, plus offers you the chance to maximally use floor space during transport in trailers or sea-containers. Simpler and faster than ever before.  No more wasted space in transport vehicles. Now goods can be loaded right up to roof height so more cargo is transported per trip.  APS stacking systems delivers significant savings on your annual transport costs by increasing your trailer or container utilization and reduce your CO2 emission. On top the bonus of a secure load and a greatly reduced risk of damage.  We believe that both customers and society will considerably benefit from savings in transport costs, natural resources and environment created by our solutions to optimally use wasted space in transport and storage.   “Turning space into profits”",Netherlands,2.534196,,,
Infra Delivery,2517336.0,"Netherlands, South Holland, Dordrecht, 220 Aventurijn, 3316lb",https://www.linkedin.com/company/infradelivery,www.infradelivery.nl,Infra Delivery richt zich op de volgende werkzaamheden:  •	Overname transport (weg & water) •	Levering bouwgrondstroffen  •	Afzet van bouwgrondstoffen •	Grondstromen coördinatie,Netherlands,2.517336,,,
Locon Benelux B.V.,2517336.0,Netherlands,https://www.linkedin.com/company/locon-benelux-b.v.,www.locon-benelux.com,"Locon Benelux B.V. is een Europees aanbieder van railtransport oplossingen. Het bedrijf is opgericht in 2010 en heeft zich ontwikkeld als een van de grotere railtransportbedrijven van Nederland. Binnen Nederland is er een landelijke dekkend netwerk ontwikkeld. Daarnaast worden grensoverschrijdende transporten uitgevoerd.  Locon Benelux B.V. beschikt over eigen locomotieven, wagens en machinisten en richt zich op zowel internationaal transport, lange afstandstransporten, als flexibele railtransport oplossingen binnen Nederland.",Netherlands,2.517336,,,
Van De Spijker Houten Verpakkingen,2517336.0,"Netherlands, Hapert, 35 De Bonkelaar, 5527gc",https://www.linkedin.com/company/vds-houten-verpakkingen,www.vdshv.nl,"Hoe wil u uw goederen versturen?  Met een vrachtwagen, per boot, per trein, met het vliegtuig?   Wij hebben de passende oplossing om uw producten veilig aan te laten komen. Wij leveren op maat gemaakte pallets, vlonders, skids, kratten en kisten. Allemaal voorzien van een duidelijke ISPM15 identificatie, met de bijbehorende documenten. We kunnen alles inpakken in een beschermende folie, kunnen alles zelfs luchtdicht sealen (doen we er meteen droogmiddel bij). GPS tracking van uw goederen, waar ter wereld ze ook zijn? Live volgen of er geen rare dingen gebeuren onderweg? Kan allemaal! Wij hebben de mogelijkheden voor veilig vervoer en opslag van uw product.",Netherlands,2.517336,,,
MijnPakketDienst Franchise Nederland B.V.,2517336.0,"Netherlands, Zeeland, Goes, 1-35 Smithweg, 4462",https://www.linkedin.com/company/mijnpakketdienst-franchise-nederland-b-v,www.mijnpakketdienst.nl,"MijnPakketDienst staat al jaren voor hoge kwaliteit, persoonlijke service en logistieke begeleiding van haar relaties en heeft vrijwel alle grote vervoerders onder één dak. En daar zijn we trots op!  Ook jij kunt vanaf nu als zelfstandig ondernemer gebruik maken van onze expertise en onze goede naam door je aan te sluiten als franchisenemer bij MijnPakketDienst.  In verschillende Nederlandse regio’s zijn wij op zoek naar precies die zelfstandige ondernemers die aan de kwaliteitsvoorwaarden van MijnPakketDienst voldoen en die zin hebben het avontuur samen met ons aan te gaan. Wij verzorgen je totale backoffice, marketing, opleiding, softwaresysteem en ISO 9001 certificering. En wij ondernemen met je mee. Zodat jij je vooral kan bezighouden met je klanten en acquisitie. Omdat wij erg in samen ondernemen geloven, zijn onze franchisevoorwaarden uniek in Nederland en zijn wij eerste en op dit moment enige franchiseformule die voldoet aan de strenge Nederlandse Franchisecode volgens de nieuwste norm 2021.  Wat betekent dit voor jou? Lage instapfee: € 3.500,-. En vanaf begin ontvang je 75% van de marge (verkoop minus Inkoop). Activiteit: Het op elk vlak ondersteunen van klanten met de best mogelijke logistieke oplossingen. Ben je bekend met verzending van pakketten, pallets, Express documenten via PostNL, DPD, UPS, DHL, DB-schenker etc.?  Denk jij dat je de juiste man of vrouw bent waar wij naar zoeken en wil je meer informatie over franchisen bij MijnPakketDienst?  Stuur dan een e-mail met motivatie naar Kees: k.koopman@mijnpakketdienst.nl. Wij nemen na daarna snel contact met je op!  Meer weten? Kijk op www.mijnpakketdienst.nl",Netherlands,2.517336,,,
DEEL B.V.,2517336.0,"Netherlands, Panningen, 224 John F. Kennedylaan, 5981wx",https://www.linkedin.com/company/4869398,www.deel.biz,"DEEL e-fulfilment: Als webshop kunt u bij DEEL uw gehele logistieke operatie uitbesteden. Hierdoor kunt u zich volledig focussen op het belangrijkste kapitaal van uw bedrijf: uw klant en uw markt.  Want uiteindelijk moet daar de groei vandaan komen! DEEL Selfstorage biedt fysieke opslagruimte aan zakelijke en particuliere klanten die behoefte hebben aan veilige opslag van hun goederen. Zo kunnen zakelijke klanten terecht voor opslag van (seizoens) voorraden, dossiers, archief, promotiematerialen, gereedschappen enzovoort. Particuliere huurders kunnen bijvoorbeeld hun overtollige huisraad, tuinmeubelen of zomer/winter banden opslaan. Zo kan een opslagunit als praktisch verlengstuk dienen van uw zolder, garage of tuinhuis.  De opslagunits variëren in grootte en zijn per maand te huur. De huur is op elk moment opzegbaar. U huurt dus nooit langer dan nodig.",Netherlands,2.517336,,,
Hijdra Transport,2517336.0,"Netherlands, South Holland, Bleiswijk",https://www.linkedin.com/company/hijdra-transport,www.hijdratransport.nl,Wij als Hijdra Transport B.V. zijn een jong en dynamisch bedrijf dat zich richt op kwaliteit en service. Wij zijn een bedrijf met een hands on mentaliteit. Al vele jaren zijn we een betrouwbare en flexibele partner in de logistiek en zijn wij niet bang om een stapje extra te lopen en te innoveren.  Een bedrijf met 20 jaar ervaring in het sierteeltvervoer maar met een frisse blik op de toekomst. Hijdra Transport heeft 24 uur per dag auto's op de weg wat zorgt voor flexibiliteit en continuïteit. Als Hijdra Transport bieden wij onder andere vrachtwagens die uitgerust zijn met •	Laadklep •	Koeling of juist verwarming •	Met of zonder pompwagen Daarnaast •	Boxruimte •	Zelf ontwikkeld planprogramma •	Innovaties op het gebied van intern transport Als bedrijf werken wij met een gecertificeerd kwaliteitssysteem. Hiervoor hebben wij in September 2013 het keurmerk Transport & Logistiek met de specialisatie Sierteeltvervoer overhandigd gekregen. Op dit moment zijn wij het grootste en een van de weinige bedrijven in het sierteeltvervoer die dit kan zeggen.  Het keurmerk is recentelijk opnieuw verlengd en heeft de volgende elementen •	Het keurmerk verbetert de bedrijfsvoering •	Het keurmerk zorgt voor een duidelijke marktpositie •	Het keurmerk verbetert het zakelijk inzicht van ondernemers •	Het keurmerk laat zien dat een ondernemer serieus is over MVO,Netherlands,2.517336,,,
ERA Chartering,2517336.0,"Netherlands, South Holland, Rotterdam, 10 Westplein, 3016",https://www.linkedin.com/company/era-chartering,www.era-chartering.com,"At ERA, we understand the unique challenges of bulk and project cargo. That’s why we work closely with you to create tailored solutions, whether it's cost-effective transportation of aggregates or the efficient, timely delivery of wind turbine and train components. Headquartered in Rotterdam, with an additional office in Groningen, our team brings years of maritime experience. We’ve built strong relationships with all the major ports in Europe and have reliable partners across the industry, helping us move your cargo smoothly, no matter the journey. This extensive network allows us to offer seamless, efficient logistics solutions that ensure your cargo is always in safe hands. Our team takes a personal approach, staying focused on what you need and providing full service from start to finish - from pre-carriage to port operations, onward transport, and GMP+ certified warehousing. Get in touch and see how we can make your bulk and project cargo experience smooth and hassle-free. Email: info@era-chartering.com",Netherlands,2.517336,,,
HOLLCERT B.V.,2517336.0,"Netherlands, North Brabant, Waalwijk, 90 C Industrieweg, 5145",https://www.linkedin.com/company/hollcert-b-v,www.hollcert.nl,"HOLLCERT B.V. Sinds 2010 is HollCert Opleiding & Training actief in Nederland. HollCert is van oorsprong een Poolse onderneming en staat voor Hollands Certificaat. In eerste instantie als opleider voor Poolse mensen die in Nederland in de logistiek willen gaan werken. Nu kunnen en worden vrijwel al onze opleidingen in het Duits, Engels, Nederlands, Pools en Roemeens verzorgd. HollCert Opleiding & Training is een internationaal bedrijf! De afgelopen 5 jaar zijn wij uitgegroeid tot een gespecialiseerd bedrijf in het opleiden van mensen voor het veilig en vakbekwaam bedienen van alle interne en externe transportmiddelen. Denk hierbij aan alle soorten hef- en reachtrucks, verreikers, hoogwerkers, graafmachines, etc. Tevens verzorgen wij o.a. alle soorten VCA en BHV opleidingen, nascholingscursussen code 95 voor beroepschauffeurs, maatwerktrajecten, speciale trainingen, etc. Kwaliteit en professionaliteit Onze docenten en trainers zijn het allerbelangrijkste onderscheidend vermogen. Wij werken met en bieden alleen goed gekwalificeerde, ervaren en onafhankelijke professionals binnen de totale breedte van de opleidingsbranche. Docenten hebben minimaal de onderstaande opleidingen zelf met goed gevolg afgerond - Train de trainer - Communicatieve en sociale vaardigheden - Omgaan met agressie - VCA-B of VCA VOL - Certificaten voor alle opleidingen die men verzorgt Opleidingen -100% startgarantie! - Gecertificeerd conform richtlijnen CCV, LEC en SOG Opleidingslocatie - Locatie is door het CCV gecertificeerd als opleidings- en examenlocatie - Hollcert is door STOOF erkend als opleider",Netherlands,2.517336,,,
OX Heavy BV,2517336.0,"Netherlands, Overijssel, Oud-ootmarsum, 40 Laagsestraat, 7637",https://www.linkedin.com/company/ox-heavy,www.oxheavy.com,Specialist in transports; Shipping - Road - Air - Rail,Netherlands,2.517336,,,
DMRouwservice,2517336.0,Netherlands,https://www.linkedin.com/company/dmrouwservice,www.dmrouwservice.nl,Dulci Memoria Rouwservice is een innovatief bedrijf die zich bezig houd met de complete verzorging rond een overlijden. Omdat we geen uitvaart onderneming zijn en dus een neutrale partij in de uitvaart wereld kunnen we ons volledig richten op de verzorging van de overledene na een overlijden. En zo kunnen we uitvaart ondernemers en zorginstellingen ontlasten of begeleiden om de verzorging zo goed mogelijk te laten verlopen. DMRouwservice werkt tegen de aller laagste tarieven en probeert zich te onderscheiden in de geleverde kwaliteit. Vaak komen wij al in contact met de familie voordat er een uitvaart onderneming gekozen is en met onze kennis proberen we de familie daar kosteloos in te begeleiden.,Netherlands,2.517336,,,
KB Alufrees,2517336.0,"Netherlands, Friesland, Makkum, 3 De Munniksplaat, 8754",https://www.linkedin.com/company/kb-alufrees,www.kbalufrees.nl,"KB Alufrees is een freesbedrijf dat zich toegespitst heeft op het CNC frezen van aluminium plaatmateriaal, zoals snijpakketten voor schepen. Deze methode geeft een kwalitatief zeer hoogstaand product, wat een goede basis is voor het samenstellen van uw product. KB Alufrees is a cutting company that focuses on CNC milling of aluminum sheet material, such as cutting packages for ships. This method produces a very high-quality product, which is a good basis for your project. KB Alufrees is onderdeel van KB Alubouw & RVS Bewerking. Hiermee kunnen wij het hele proces tussen het aanleveren van de tekeningen en nesting tot het opleveren van een kant en klaar aluminium casco voor u verzorgen.",Netherlands,2.517336,,,
Space Solutions B.V.,2517336.0,"Netherlands, North Holland, Alkmaar, 16 Fluorietweg, 1812",https://www.linkedin.com/company/space-solutions-b.v.,www.spacesolutions.nl,"Opslagoplossingen: dáár staat Space Solutions B.V. voor. Want wij zijn gespecialiseerd in het adviseren over en het leveren en bouwen van magazijninrichting, Self Storage en tussenvloeren. In 1987 zijn wij gestart onder de naam Space 2000 B.V. Per 1 juli 2009 heeft Space echter een nieuwe toevoeging: Solutions.       Space Solutions: een naam die weer jaren mee kan. Ingegeven door een nieuwe eigenaar, klaar voor een frisse wind en turn-key beleid. Naast haar autonome groei heeft Space zich weten te versterken door de overname van deze branchegenoot. In augustus 2010 is MagaSign overgenomen. Voor ons is een magazijnstelling niet alleen een opslagmedium. Uw opslag behoeft aansluiting op uw logistieke en/of productieproces, ofwel op uw business. U bent goed in uw bedrijfsvoering, wij in het vinden van dé opslagoplossing. Door slim op te slaan heeft u een efficiënte handling, kortere omsteltijd en kunt u uw goederen sneller vinden, met dezelfde ruimte meer opslaan of zelfs met een kleinere huisvesting toe.  Juist in een economische moeilijke tijd is het belangrijk om naar deze aspecten te kijken. Dit geeft winst op korte én lange termijn. Wij willen onze kennis, ervaring en enthousiasme graag met u delen. Ik nodig u dan ook uit om Space Solutions te ontdekken via onze website. Grote kans dat wij ook voor uw organisatie de juiste oplossing hebben en uw partner blijven of worden. Waarom Space Solutions? Kijk op onze site en laat u overtuigen!",Netherlands,2.517336,,,
Euro Transport College,2517336.0,"Netherlands, Limburg, Maastricht, 8 Punterweg, 6222",https://www.linkedin.com/company/euro-transport-college,www.eurotransportcollege.com,"Euro Transport College is een initiatief van Verkeersschool Cordewener BV en Zeker&Vast Transport Support.  Als onderdeel van Profguide (www.profguide.eu) leveren wij een totaalpakket aan opleidingen en advies in de sectoren transport en logistiek in de Euregio. - Rijopleidingen en rijvaardigheidstrainingen voor de professionele chauffeur; - Code 95 (na)scholing en trainingen (chauffeursdagen op maat, competentiegericht) - Arbo- en veiligheid adviezen & trainingen (VCA, RI&E, ADR, veiligheidsadvies); - Logistieke-, hijs- en heftruck opleidingen; - Lading zekeren, implementatie, advies en training. Onze dienstverlening richt zich op meer dan alleen maar opleiden. We adviseren onze klanten op basis van een degelijke analyse van vraagstukken en opleidingsbehoeften.  Op basis van deze analyse komen wij met een maatwerk advies zodat zowel opdrachtgevers alsook werknemers zich verder kunnen ontwikkelen. Onze missie hierbij is opdrachtgevers volledig te ontzorgen.",Netherlands,2.517336,,,
MAAT | Transport | Techniek | Heftrucks | Logistiek | Truckparq 24/7,2468850.0,"Netherlands, South Holland, Alblasserdam",https://www.linkedin.com/company/maat4pl,www.maat4pl.nl,"MAAT | Transport | Techniek | Heftrucks | Logistiek | Truckparq 24/7 is een toonaangevend bedrijf dat zich richt op duurzame mobiliteit en innovatieve transportoplossingen. Met een breed scala aan elektrische voertuigen, waaronder de Pilotcar PCWSL, biedt MAAT krachtige en milieuvriendelijke opties voor diverse zakelijke toepassingen, zoals het festivalseizoen. Het bedrijf streeft ernaar om de CO₂-uitstoot van zijn klanten te verlagen en hen te helpen efficiënter te werken door gebruik te maken van geavanceerde technologieën zoals Lithium batterijen en zonnepanelen. MAAT bedient een diverse klantenkring, van kleine bedrijven tot grote organisaties, en werkt samen met partners die zich inzetten voor duurzame energie en transport. De missie van MAAT is om bedrijven te ondersteunen in hun transitie naar elektrische mobiliteit, met een focus op kostenbesparing en efficiëntie.",Netherlands,2.46885,,,
J. Molenaar Transport VOF,2454403.0,"Netherlands, North Holland, Spaarndam, Inlaagpolder, 2064",https://www.linkedin.com/company/j-molenaar-transport,j-molenaartransport.nl,"J. Molenaar Transport onderscheidt zich sinds 1 november 1989 door middel van ons materiaal en persoonlijke inzet. Door jarenlange ervaring, ook met collega vervoerders hebben wij altijd een passende auto met gekwalificeerde chauffeur voor uw bedrijf c.q. werkzaamheden of vervoersbehoeften. Wij bieden 24/7 service aan en zijn daardoor altijd te bereiken . Tevens verhuren wij ook bouwmaterialen.",Netherlands,2.454403,,,
Pallethandel Den Bosch BV,2454403.0,"Netherlands, North Brabant, S-hertogenbosch, 5231 Xa",https://www.linkedin.com/company/pallethandel-den-bosch-bv,pallethandeldenbosch.nl,"Pallethandel Den Bosch BV  is een dynamisch en snelgroeiend bedrijf dat zich gespecialiseerd heeft in het in- en verkopen, sorteren en repareren van gebruikte houten pallets. Vanuit ’s-Hertogenbosch bieden wij al ruim 15 jaar klantgerichte oplossingen met betrekking tot het afvoeren en aanleveren van gebruikte pallets.",Netherlands,2.454403,,,
Veiligheidsregio Zuid Holland Zuid,2355330.0,"Netherlands, South Holland, Dordrecht",https://www.linkedin.com/company/veiligheidsregio-zuid-holland-zuid,www.zhzveilig.nl,"Veiligheidsregio Zuid Holland Zuid is een organisatie die zich richt op de brandweer- en hulpdiensten in de regio Zuid Holland Zuid. De organisatie heeft als missie om de veiligheid van de inwoners te waarborgen door snel en effectief te reageren op incidenten, zowel op het land als op het water. Met een team van professionele brandweermensen en gespecialiseerde schippers, zoals Tjerk Schipper en Léon Schmidt, biedt de Veiligheidsregio een unieke combinatie van brandbestrijding en nautische expertise. De organisatie werkt nauw samen met andere veiligheidsregio's en hulpdiensten, waarbij teamwerk en afstemming cruciaal zijn, vooral gezien de drukke waterwegen in de regio. Veiligheidsregio Zuid Holland Zuid richt zich op het beschermen van de gemeenschap en het waarborgen van de veiligheid in een dynamische omgeving, waar incidenten zich snel kunnen ontwikkelen.",Netherlands,2.35533,,,
Heftruck Centrum Onderwater bv,2350255.0,"Netherlands, South Holland, Hillegom, 9 Arnoudstraat, nl-2182 dz",https://www.linkedin.com/company/heftruck-centrum-onderwater-bv,www.hconderwater.nl,"Heftruck Centrum Onderwater is de intern transport specialist voor de Bollenstreek, Haarlemmermeer en omgeving.   Het uitgangspunt van ons relatief kleine bedrijf is dat onze klanten zo min mogelijk zorgen hebben aan het intern transport.   Om dit te bereiken draait alles bij HCO om een goede en snelle service. Van alle merken en soorten intern transport materieel is de kennis in huis. Verder beschikken wij over een uitgebreide en gevarieerde voorraad huurmachines en leveren we nieuwe en gebruikte machines van gerenommeerde merken en van goede kwaliteit..   HCO heeft zich bewust niet aan één bepaald merk verbonden. Zo kunnen we in iedere situatie de best passende machine aanbieden. De ene keer zal dat een Linde zijn, in een andere situatie is bijvoorbeeld een Cesab, BT of Atlet een betere keuze. Ook magazijn inrichting behoort tot de activiteiten. Laat u adviseren door één van de heren Onderwater.   Verder kunt u uiteraard bij HCO terecht voor verdere dienstverlening met betrekking tot intern transport zoals keuringen, chauffeursopleidingen, onderdelen, enz. .",Netherlands,2.350255,,,
PROJAXION,2350255.0,"Netherlands, Houten, 14 Kaagschip, 3991",https://www.linkedin.com/company/projaxion,www.projaxion.nl,"Het resultaat van uw e-shopactiviteiten moet maximaal zijn. Bij de uitvoering wilt u daarom kunnen vertrouwen op een onafhankelijke partner die naast u staat en uw belangen deelt. Die partner is PROJAXION. Onze service?  E-commerce management: de regievoering over alle backoffice-activiteiten van e-shops.  Wat ons daarbij onderscheidt van andere aanbieders, is dat we gebruikmaken van de ervaring en expertise in de markt. We streven er niet naar om alle processen in eigen huis uit te voeren. Je kunt nu eenmaal niet overal de beste in zijn. Voor elke opdracht selecteren we daarom de juiste partners die relevante ervaring en specifieke middelen hebben.   Van paymentservices, fulfilment en distributie tot de servicedesk, retourenafhandeling, financiële verslaglegging en data-integratie: elke activiteit wordt apart meetbaar en zelfs uitwisselbaar als deze niet goed verloopt.  Bovendien gaan we te werk alsof we deel uitmaken van úw organisatie. Zo hoeft u geen interne resources aan te wenden, maar profiteert u wel van de beste maatwerkoplossing, gecombineerd met high end IT en realtime managementinformatie.  Alle onderdelen van uw e-commerce zijn in goede handen en u kunt zich richten op uw kernactiviteiten: het uitbreiden van uw klantenbestand en het verhogen van uw omzet.",Netherlands,2.350255,,,
Kooltrans B.V.,2350255.0,"Netherlands, Gelderland, Barneveld, 22 Gildeweg, 3771",https://www.linkedin.com/company/kooltrans-b-v,www.kooltrans.nl,"Kooltrans is een transport/expeditie/bevrachtingskantoor welke wegtransporten verzorgt door geheel Europa. Dagelijks vervoeren we tientallen nationale en internationale zendingen door Europa en daarbuiten. Onze focus ligt vooral op het transport van food of food gerelateerde producten zoals vruchtensapconcentraten. Zelf beschikken we over eigen opleggers en trekkende eenheden. We werken daarnaast ook met eigen rijders die dagelijks met onze opleggers onderweg zijn in binnen en buitenland. Ons werkgebied bevindt zich voornamelijk in de Benelux / Duitsland en Scandinavië. Wat ons onderscheid ten opzichte van collega's is dat we werken met zeer korte lijnen. Dus geen callcenters / lange mail discussies maar korte lijnen, vaste contactpersonen, real time informatie, en afspraak is afspraak.",Netherlands,2.350255,,,
Schietrans B.V.,2350255.0,"Netherlands, South Holland, Vlaardingen",https://www.linkedin.com/company/schietrans-b.v.,www.schietrans.nl,"Schietrans is een jonge en dynamische transportonderneming welke zich richt op meerdere specialismen in de branche. De onderneming heeft sinds 2002 een breed klantenbestand opgebouwd, mede door de ervaring en het enthousiasme van het personeel.    Schietrans is gespecialiseerd in auto/laadkaan transporten, ADR transporten, uitzonderlijk vervoer en trailer trucking door heel Europa. U kunt ons bereiken op 010-4375660",Netherlands,2.350255,,,
Maritime Delta,2350255.0,"Netherlands, South Holland",https://www.linkedin.com/company/maritime-delta,www.maritimedelta.nl,"Sinds 2012 zet het samenwerkingsverband Maritime Delta zich in om het regionale cluster Maritime Delta te versterken op het gebied van innovatie en human capital. Door het opzetten en stroomlijnen van initiatieven in de regio zorgen de partners van Maritime Delta er samen voor dat het maritiem cluster haar toppositie behoudt en versterkt! Maritime Delta bestaat uit belangrijke maritieme partijen uit de regio in de vorm van publieke partijen, marktpartijen, intermediairs en onderwijsinstellingen.",Netherlands,2.350255,,,
Twentrex,1888002.0,"Netherlands, Overijssel, Almelo, 5 Columbus, 7609 rm",https://www.linkedin.com/company/twentrex,www.twentrex.nl,"Twentrex is specialist in het organiseren van spoedtransport en wereldwijde express. Altijd `just-in-time` geleverd. Waar dan ook ter wereld. We onderscheiden ons in communicatie en uitvoering. Geen onpersoonlijke callcenter constructie, maar uw eigen Twentrex contactpersoon. Vanaf belading tot aflevering,  altijd aanspreekbaar. Vanzelfsprekend ook buiten werktijden. Aandacht is allesbepalend. Onze aanpak bewijst zich met name wanneer uw levertermijn onder druk staat. Of wanneer er speciale eisen aan voertuig, route of verpakking worden gesteld. Dan zijn we op ons best. Dit doen we op geheel eigen Twentse wijze. Nuchter, eerlijk, maar ook kritisch. We kiezen altijd de optimale route. Niet via tijdrovende en dure overslaglocaties, maar direct ‘Non-stop’. Van laadadres naar afleveradres. Waar deze zich ook bevindt. Typisch Twentrex",Netherlands,1.888002,,,
BoschSpoor,1888002.0,Netherlands,https://www.linkedin.com/company/boschspoor,www.boschspoor.nl,"Advise on startegic and tactical issues related to Heavy Rail, Light Rail, Tram and Metro.",Netherlands,1.888002,,,
JRL Koerier Assen,1888002.0,"Netherlands, Drenthe, Assen, 51 Opaalstoep, 9403",https://www.linkedin.com/company/jrl-koerier-assen,www.jrlkoerier.nl,"Wij stellen u graag voor aan JRL Koerier, uw dynamische en snelgroeiende partner in transportdiensten. Sinds onze oprichting in 2015 hebben wij gestaag onze dienstverlening uitgebreid en ons gespecialiseerd in dedicated transport. Of het nu gaat om goederenvervoer binnen Nederland of door heel Europa, bij JRL Koerier kunt u altijd rekenen op een nauwkeurige, flexibele en betrouwbare uitvoering van uw opdrachten. Ons ervaren team, staat klaar om diverse ritten uit te voeren met een maximaal gewicht van 1200 kg en een maximum van 3 europallets. Bovendien hebben wij de benodigde NIWO-vergunning, wat garant staat voor vakbekwaamheid en naleving van belangrijke criteria zoals het bezit van het getuigschrift vakbekwaamheid, een vestiging in Nederland, kredietwaardigheid en betrouwbaarheid. Bij JRL Koerier kunt u rekenen op een modern wagenpark en gemotiveerde chauffeurs die uw zendingen snel en vakkundig op hun bestemming afleveren. Wij bieden een scala aan diensten, Koerier voor documenten transport Koerier voor pakket & pallet transport Koerier voor dedicated transport Koerier voor ad – hoc transport Koerier voor next day transport Koerier voor internationaal transport Door voor JRL Koerier te kiezen, verzekert u zich van een representatieve partner die een waardevolle toevoeging vormt aan uw onderneming. Wij begrijpen het belang van snel inspelen op uw wensen, zodat u uw klanten een snelle en efficiënte service kunt bieden. Bovendien staan wij alle werkdagen voor u klaar en zijn bereikbaar via telefoon +31 (0)6 14820238 of per e-mail jan@jrlkoerier.nl  Neem gerust vrijblijvend contact met ons op. Wij kijken ernaar uit om met u samen te werken! Met vriendelijke groet, Team JRL Koerier",Netherlands,1.888002,,,
CPB Transport,1888002.0,"Netherlands, North Brabant, Beek En Donk, 3 Hurkbeemd, 5741tw",https://www.linkedin.com/company/central-point-brabant,www.cpbtransport.nl,Samenwerkingsverband van +/- 40 boomkwekerijen in Noord-Brabant op voornamelijk logistiek gebied. CPB transport kenmerkt zich in het bundelen van kleine bestellingen van verschillende kwekers voor één koper. Voor meer informatie kijk op www.centralpointbrabant.nl,Netherlands,1.888002,,,
FFWD Rail,1888002.0,"Netherlands, South Holland, Rotterdam, 750 Weena",https://www.linkedin.com/company/ffwdrail,www.ffwdrail.com,"Trade, Invest, Consult in the European rail rolling stock.",Netherlands,1.888002,,,
Batterijcentrum Nederland,1888002.0,"Netherlands, North Brabant, S-hertogenbosch, 27-29 De Beverspijken, 5221",https://www.linkedin.com/company/batterijcentrumnederland,www.batterijcentrumnederland.nl,"Hét centrum van de batterijen en laders Batterijcentrum Nederland is er voor u. Wij leveren niet alleen een compleet programma van batterijen en laders, wij zíjn het centrum van de batterijen en laders. Onze expertise op dit gebied is enorm en dit is gebundeld in Batterijcentrum Nederland. Voor al uw vragen op het gebied van batterijen en laders kunt u bij ons terecht. We verkopen, verhuren én onderhouden. Daarnaast kunnen we ook de reparaties, service, keuringen, inspecties en reparaties uitvoeren, zodat u een minimale stilstand heeft. We staan garant voor: - scherpe prijs - snelle levering - hoogwaardige kwaliteit - deskundig advies - een optimale capaciteitsinzet voor uw vervoersmiddel. U kunt bij ons terecht voor tractiebatterijen, monoblocks, lithium-ion batterijen en laders. Zo leveren wij de batterijen en -laders tbv intern transportmaterieel zoals heftrucks, reachtruck, etc. Maar ook de startbatterijen voor het starten van personenauto's, vrachtwagens en motoren. Deze startbatterijen horen bij de groep monoblocks. Binnen deze groep leveren wij ook de gesloten AGM en gel loodblokken, de semitractie en tractie monoblocks voor bijvoorbeeld computersystemen, alarminstallaties, laadkleppen van vrachtwagens en schrob- en veegmachines en hoogwerkers. Ook de nieuwste ontwikkeling, de lithium-ion batterij, kunnen we leveren. Hiervoor zijn speciale toepassingen en laders. Laat u zich informeren door onze experts naar de mogelijkheden bij u. Bovendien zitten in ons leveringsprogramma ook de stationaire batterijen en -laders die worden gebruikt voor grotere noodstroomvoorzieningen van ziekenhuizen, openbare gebouwen en industriële productieprocessen die niet onderbroken mogen worden door stroomstoringen. Wilt u zelf de deskundigheid in huis hebben? Wij kunnen ook uw monteurs opleiden op het gebied van batterijen en -laders. Laat ons weten waar we u mee kunnen helpen. Neem contact op via 073 - 631 5 202 of mail ons op info@batterijcentrumnederland.nl.",Netherlands,1.888002,,,
Noordrek,1888002.0,"Netherlands, Drenthe, Emmen, 20 Hoenderkamp, 7812",https://www.linkedin.com/company/noordrek,www.noordrek.nl,"Noordrek® BV is een dynamisch bedrijf dat u de oplossing levert voor uw opslagprobleem. Noordrek® is een geregistreerd merk. Wat belangrijk is, is het feit dat Noordrek® BV de statische berekeningen van de entresolvloeren en draagarmstellingen zelf in de hand heeft. Noordrek® heeft softwareprogramma´s  laten ontwerpen, waardoor wij snel en effectief deze producten statisch berekenen.  Een Noordrek® entresolvloer wordt tevoren altijd statisch berekend. Deze statische berekening is in eigen beheer vervaardigd. Zo kunt u rekenen op een scherpe prijs en een hoge kwaliteit. Noordrek® ontwerpt en levert entresolvloeren binnen heel Nederland én Europa. Leg uw vraag bij Noordrek neer en samen wij vinden een oplossing! Bij uw keuze voor Noordrek® BV kunt u rekenen op een totaaloplossing van advies, productie en montage.  Onze service vertaalt zich naar een groot aantal producten en diensten die naadloos op elkaar aansluiten.U kunt  rekenen op de kwaliteit en service van onze mensen. Het gezamenlijke doel is duidelijk, het realiseren van de beste ruimteoplossing voor uw bedrijf.  Entresolvloeren- met een overspanning tot 11 meter lengte, een belasting tot 2000 kg/m2 is mogelijk Online Konfigurator voor Entresolvloeren Entresolvloer Palletopzetplaats Entresolvloer Leuningconstructie   Metalen Trappen Stalen Legbordstellingen , Stalen Stellingkasten ( Metalsistem)      Houten Legbordstellingen: Scandadebasic, SacndadeLuxe, ScandadeRoyal Kunststof Legbordstellingen Haccp Palletstellingen Grootvakstellingen/breedvakstellingen Noordrek®  is eenvoudig en snel te bereiken. U krijgt advies van specialisten. Er ligt een offerte voor standaardproduckten binnen 24 uur in uw mailbox . Advies en inmeten ter plaatse is geen probleem. U krijgt materialen van de hoogste kwaliteit . Korte levertijden!",Netherlands,1.888002,,,
V.d. CAMP Oss,1888002.0,"Netherlands, North Brabant, Oss, 18 Randmeer, 5347jw",https://www.linkedin.com/company/vd-camp-oss,www.vdcamp.nl,"v.d. CAMP OSS transportbedrijf zet zich breed in op het gebied van grondverzet. Door ons uitgebreide wagenpark en een grote capaciteit kunnen we snel schakelen in de markt. We zijn gespecialiseerd in transport | containerverhuur | grondwerk | sloopwerk | straatwerk | zand-grindhandel | asfalt | grondbank de GEER Oss | SierbestratingOss Bij Transportbedrijf v.d. CAMP Oss vind je een breed pakket aan diensten ! U kunt bij ons terecht voor zand,grond en grind, verhuur van open containers, dichte containers, magazijncontainers, mobiele kranen, minigravers, rupskranen, geïsoleerde vrachtwagens 8x4, 8x4Ws, 10x4. Knijperwagens, containerauto's, Metselzand, betonzand, ophoogzand, klapzand, brekerzand, voegzand, vloerenzand, grond, klinkers,tegels. Wij zijn een familie bedrijf dat in 1966 is opgericht. Vanuit OSS bedienen wij zowel de zakelijke als de particulieren klanten door heel Nederland.",Netherlands,1.888002,,,
Sense Innovations,1888002.0,"Netherlands, North Brabant, Roosendaal",https://www.linkedin.com/company/sense-innovations,www.senseinnovations.nl,"Sense Innovations is een jonge toeleverancier van beveiligings- en veiligheidsproducten. Waarmee wij ons specialiseren op in de maritieme sector waar alles draait om het veiliger maken van elke activiteit en situatie in en om het water.  Wij maken het onze missie om te voorkomen de zoveelste in een dozijn te zijn voor zowel onszelf als onze klant. Wat ons heeft doen bewegen om producten op te nemen die zich in het buitenland al hebben bewezen maar zicht tot heden de weg naar de Benelux nog niet of nauwelijks hebben gevonden. Het resultaat is dan ook beproefde kwaliteit, hoog service en kennis niveau en een marktconforme prijs zonder de nadelen van oneerlijke concurrentie.  Onze merken:  - Entel: radio communicatie (portofoons en marifoons)  - FirePro®: Automatische blussystemen  - Streamlight: zaklampen en verlichting (ook ATEX)  - ABLOY: hangsloten en sluitsystemen  - Sense: inbraakalarm/volgsysteem/geofencing  - Bluetraker: volgsystemen  - Irridium: volgsystemen/telefonie  - BlueAIS: AIS systemen (klasse-A en klasse-B)  - Medical  - ResQ: reddingsvesten/reddingsvlotten/werk- en zeilpakken  - PBM’s (persoonlijke beschermingsmiddelen)  - MSA: gasdetectie  - Skywatch: windmeters",Netherlands,1.888002,,,
Hoeben Holding BV,1888002.0,"Netherlands, Overijssel, Kampen, 1 Oslokade, 8263",https://www.linkedin.com/company/hoeben-holding-bv,www.hoebenrdm.nl,"Hoeben Metalen KWALITEIT OP ALLE FRONTEN De verwerking van ferro- en non- ferro materialen vindt bij ons plaats op zeer hoog niveau. Ons doel? Een productkwaliteit afleveren die zo zuiver mogelijk is. Bovendien willen we niet alleen een goed eindproduct leveren, maar ook een prettige partij zijn om mee samen te werken. Dat uit zich in een snelle financiële afwikkeling én snelle uitvoering van uw sloopproject. Hoeben RDM SCHEEPSRECYCLING MET EEN PERSOONLIJK GEZICHT Uw schip moet tegenwoordig aan strenge eisen voldoen. De vraag is of u verder gaat investeren, of dat u uw schip laat slopen. Wij helpen u graag bij deze lastige keuze. Hoe? Door samen met u te inventariseren wat de beste oplossing is en door begrip te tonen voor uw emotionele betrokkenheid bij het traject.",Netherlands,1.888002,,,
BM Interfreight B.V.,1888002.0,"Netherlands, Zevenbergen, 11c Koekoeksedijk, 4761",https://www.linkedin.com/company/bm-interfreight-b-v-,www.bminterfreight.com,"BM Interfreight forwards cargo by shortsea, road and train. Completely adapted to your needs: full and part charters, door-to-door services. We offer you a wide network and extensive flexibility, whilst making sure that you will get the personal touch and intensive contacts you deserve. Furthermore, our services are offered at very competitive prices. Check www.bminterfreight.com Contact us for all your road / logistics activities. sales@bminterfreight.com",Netherlands,1.888002,,,
CaribIntertrans,1888002.0,"Netherlands, South Holland, Ijssel, 22-24 Capelle A/d Molenbaan, 2908",https://www.linkedin.com/company/caribintertrans,www.caribintertrans.com,"Welkom, Bon Bini bij Carib Intertrans! Carib Intertrans is een dynamisch exportbedrijf dat zich heeft gespecialiseerd in zowel zakelijk als particulier transport naar het Caribisch gebied. Wij verschepen alle soorten goederen, van kleine dozen tot grote vrachtwagens naar Aruba, Bonaire, Curaçao, St. Maarten, Suriname en overige bestemmingen in het Caribisch gebied, Midden- en Zuid-Amerika. Carib Intertrans biedt de mogelijkheden om snel, betrouwbaar en vakkundig uw goederen te verschepen. Als professioneel expediteur bieden wij een vakkundige service en zijn u graag van dienst met advies en informatie. Wij helpen u graag met emigreren naar onder andere: de Antillen, Aruba, Curaçao, Sint Maarten en Suriname. Op deze website vindt u allerlei informatie over het verschepen van uw goederen, inpaktips, onze bestemmingen, douaneformaliteiten en meer.",Netherlands,1.888002,,,
B&A Magzijninrichting,1888002.0,"Netherlands, Akersloot, 2 F Molenlei, 1921",https://www.linkedin.com/company/b&a-magzijninrichting,www.benamag.nl,"B&A Magazijninrichting heeft zich door de jaren gespecialiseerd in het ontwerpen, leveren en installeren van magazijninrichting met diverse opslagsystemen en In-House-Storage inrichting. Door onze ruime ervaring zijn we in staat om een haalbare,  kostenbesparende, efficiënte en werkbare opslag methode voor verschillende bedrijfstakken  te ontwerpen en te installeren die de beschikbare ruimtes optimaal benut.  B&A Magazijninrichting levert aan en monteert bij alle bedrijven door heel Nederland. Onze eigen montagedienst beschikt over de juiste gereedschappen en apparatuur waardoor wij in staat zijn om professioneel uw opdracht uit te voeren.",Netherlands,1.888002,,,
Haven Resort Heeg,1676939.0,"Netherlands, Friesland, Heeg",https://www.linkedin.com/company/haven-resort-heeg,www.havenresortheeg.nl,"Haven Resort Heeg: een zeer goede investering in ruimte, luxe en comfort. Op één van Frieslands fraaiste plekken bevindt zich deze luxe jachthaven die is ontwikkeld voor de watersporter die ongestoord wil genieten van ruimte en privacy. Gelegen aan open vaarwater, bieden wij verschillende afmetingen ligplaatsen vanaf € 39.000,-, boothuizen en luxe schiphuizen tot 22 meter lengte met of zonder studio en diverse (bedrijfs)kavels te koop aan. Bel 0515 444 159 voor een inspirerende, vrijblijvende bezichtiging of kijk op www.havenresortheeg.nl voor meer informatie. Een bezichting van Haven Resort Heeg is absoluut de moeite waard.",Netherlands,1.676939,,,
Aquaplanning,1657702.0,"Netherlands, Gelderland, Nijmegen, 45 Schriksestraat, 6654an",https://www.linkedin.com/company/aquaplanning,www.aquaplanning.org,"AquaPlanning geeft Royal Yachting Association powerboat cursussen in Nederland. Deze praktijkgerichte cursussen richting zich op open motorboten zoals RIB's, kleinere patrouilleboten, speedboten en sloepen. Daarnaast geeft AquaPlanning cursussen in het SRC marifoon certificaat. Het SRC is gelijkwaardig aan het Marcom-B certificaat maar is sneller en goedkoper te behalen door een zeer praktijkgerichte cursus.  Ook geeft AquaPlanning ISAF goedgekeurde EHBO, Sea Survival en OPST cursussen.",Netherlands,1.657702,,,
Assist Logistiek,1657702.0,"Netherlands, North Brabant, Moerdijk, 4782",https://www.linkedin.com/company/assist-logistiek,www.assist-logistiek.com,"Assist Logistiek onderscheidt zich door het aanbieden van totaaloplossingen middels het verzorgen van transporten vanuit de gehele wereld (land/zee/lucht) tot inklaringen, trucking, warehousing en alle overige handling. Deze totaaloplossingen krijgen vorm door op ieder vlak toegevoegde waarde en innovatieve logistieke oplossingen aan te dragen, kennisdeling binnen en buiten ons bedrijf te realiseren en een voortdurende interesse in uw bedrijfsvoering te tonen.",Netherlands,1.657702,,,
Solid WMS,1657702.0,"Netherlands, North Brabant, Breda, 19 Wilhelminasingel, 4818",https://www.linkedin.com/company/solid-wms,solidwms.com,"Solid WMS is een uitgebreide en gebruiksvriendelijke cloudapplicatie. Dat wil zeggen dat de mogelijkheden eindeloos zijn en het gebruikersgemak groot is. Opslag, inslag, uitslag, scanning en je facturatie; alle processen binnen je bedrijf komen samen in één overzichtelijke applicatie. Omdat wij een korte implementatietijd hanteren, kun je al binnen enkele weken met Solid WMS aan de slag.  Doordat Solid WMS Software as a Service (Saas) is, hoef jij je als bedrijf geen zorgen te maken over veiligheid, hardware en andere technische zaken. Jij richt je op je bedrijf, wij richten ons op de technologische ontwikkeling van Solid WMS waardoor je altijd met een up-to-date systeem werkt. Dit alles is mogelijk voor een lage, vaste prijs per maand. Als extra service bieden wij de mogelijkheid om koppelingen te maken vanuit Solid WMS naar jouw systemen. Zo voldoet Solid WMS aan jouw integratie wensen en kun je de transportplanner of het facturatieprogramma waar je mee werkt gewoon blijven gebruiken.  De applicatie leent zich perfect voor Third Party Logistic, transport- en opslagbedrijven, kleine magazijnhouders en grote namen op het logistieke speelveld. Solid WMS onderscheidt zich doordat het simpel in gebruik is, lage instapkosten heeft en een snelle te implementere is.",Netherlands,1.657702,,,
Truckwash De Groot B.V.,1657702.0,Netherlands,https://www.linkedin.com/company/truckwash-de-groot-b-v-,www.truckwashdegroot.nl,"Truckwash De Groot B.V. is een cleaningbedrijf welke zich richt op het cleanen van trucks, trailers, campers, caravans, land- en akkerbouwmaterieel alsmede personen- en bedrijfswagens. Het bedrijf kenmerkt zich door een hoge mate van kwaliteit van cleanen van uw voertuig(-en). Ons bedrijf beschikt over twee wasstraten waarmee uw voertuigen van voor tot achter gewassen wordt. Het personeel heeft naast jarenlange ervaring met het cleanen van voertuigen oog voor detail en zorgt ervoor dat uw voertuig met de juiste materialen wordt gewassen en in uitstekende conditie de wasstraat uitrolt. Nieuwsgierig geworden?; schroom niet om contact met ons op te nemen of langs te komen voor een wasbeurt!",Netherlands,1.657702,,,
Horizon Transport & Koeriersdienst,1657702.0,"Netherlands, North Holland, Heerhugowaard, 110 Middenweg, 1702hc",https://www.linkedin.com/company/horizon-transport-koeriersdienst,www.transport-heerhugowaard.nl,"Wij zijn een bedrijf wat zich specialiseert in klein transport. Al vele jaren de Koerier uit Heerhugowaard. Snel en betrouwbaar wordt uw brief, pakket, Pallets afgehaald en bezorgd.",Netherlands,1.657702,,,
HRSI,1657702.0,"Netherlands, Zeeland, Sint Philipsland, 2 Boserf, 4675ct",https://www.linkedin.com/company/hrsi-nl,www.hrsi.nl,"Ons motto: ""Denken in oplossingen!"" brengen wij in de praktijk bij invulling van personeelsdiensten, bij het repareren van wissellaadbakken en trailers op locatie en bij het toekennen van certificaten aan uw wissellaadbakken. HRSI reparatie & onderhoud: Onze klanten zijn transporteurs en die zien graag dat hun materiaal onderweg is. Stilstand is in die branche uit den boze. Als wij worden ingeschakeld om een probleem van een gestrand transportmiddel op te lossen, komt de oplossing er. Een blijvende welteverstaan. Soms kan het een tijdelijke zijn, omdat een klant van onze opdrachtgever op iets zit te wachtten, maar het wordt altijd een blijvende. Wij geven een project pas vrij, als de opdrachtgever zich voor 100% kan vinden in de door ons aangereikte oplossing. HRSI keuren & certificeren: Wij streven er naar dat de transportbranche veiligheid serieus neemt en blijft nemen. Omdat wissellaadbakken onze specialiteit zijn, richtten wij ons op die tak van het transport. Onze specialisten keuren uw materiaal en als deze voldoet aan de gestelde eisen, krijgt deze een certificaat. Alle certificaten hebben een uniek nummer, zodat ten alle tijden kan worden gezien war, wanneer en door wie de keuring is gedaan. HRSI detachering & service: Tijdelijke invulling van specifieke arbeidsplaatsen door ziekte of (langdurig) verlof is voor veel bedrijven een probleem. Wij richtten ons niet op de gangbare markt, nee wij leveren mensen die specifiek zijn opgeleid voor  het werk wat bij U dient door te gaan.  Op verschillende niveau kunnen wij U helpen.",Netherlands,1.657702,,,
4Fill,1657702.0,"Netherlands, Gelderland, Nijmegen, 1063m Kerkenbos, 6546bb",https://www.linkedin.com/company/4fill,www.4fill.nl,"4Fill neemt de volledige logistiek van webshops uit handen, zodat zij weer ruimte hebben om zich te richten op hun webshop. We bewaren hun voorraad in ons magazijn en zorgen ervoor dat alle bestellingen naar hun klanten worden verzonden.",Netherlands,1.657702,,,
Fetra Nederland B.V.,1657702.0,"Netherlands, North Brabant, Oosterhout, 89 De Wetering, 4906",https://www.linkedin.com/company/fetra-nederland-b-v-,www.fetra.nl,"Fetra Nederland B.V. is het verkoopkantoor voor de Benelux en 100% dochter van de Duitse fabrikant, Fetra Fechtel Transportgerate GmbH, de grootste Europese fabrikant van intern transportmiddelen.  Fetra behoort tot de leidende fabrikanten van transportwagens en steekwagens van staal, roestvrijstaal of aluminium. Wij produceren transportmiddelen van de hoogste kwaliteit, die zich door absolute functionaliteit, hoog comfort en een duidelijke design onderscheiden. De naam fetra staat daarom voor een buitengewoon programma aanbod en hoge innovatiekracht.",Netherlands,1.657702,,,
Bestforu,1657702.0,"Netherlands, North Holland, Amsterdam",https://www.linkedin.com/company/bestforu,www.bestforu.nl,"De jarenlange ervaring in de taxibranche heeft ons geleerd om efficiënt te werken. Ons deskundigheid zorgt ervoor dat onze diensten, onze klanten tevredenstelt. Als BestForU Taxidiensten vinden wij de echte service en betrouwbaarheid belangrijk, dat ook nog betaalbaar is voor onze samenleving. De kwaliteit van onze service zorgt ervoor dat onze passagiers zich totaal kunnen richten op hun rust tijdens de reis. Betrouwbaarheid, veiligheid en loyaliteit zijn de kernwaarden achter onze dienstverlening. Het is voor ons een hoge prioriteit om ervoor te zorgen dat zowel onze chauffeurs als onze klanten zich beschermd voelen. Hierdoor streven wij naar een persoonlijke band met onze klanten, en geven we hun de mogelijkheid om te reizen zonder betalingen te verrichten. Want dit kan natuurlijk ook na uw reis als u gebruikmaakt van onze diensten. Als reiziger van BestForU kunt u vertrouwen op de beloftes die wij doen, want onze relaties zijn voor ons belangrijker dan strikte regels. Onze missie BestForU streeft naar een betaalbare en betrouwbare dienstverlening voor de totale samenleving,waardoor iedereen gerust en voordelig gebruik kan maken van onze diensten. Onze visie BestForU wil de bekendste taxi in Amsterdam zijn door haar aanbod ‘’De beste prijs voor de beste service’’. Met het oog op de echte taxibeleving, betrouwbaarheid en prijs!",Netherlands,1.657702,,,
HIT Rail,1396686.0,"Netherlands, Utrecht, Netherlands, 3511 Leidseveer 4, 3511",https://www.linkedin.com/company/hit-rail-bv,www.hitrail.com,"Supporting Europe’s railways for over 30 years Hit Rail helps the European railway community connect their international applications for seamless business across borders. Private clouds, data centres and company networks are interconnected by a pan-European Internet Protocol (IP) Virtual Private Network (VPN), named Hermes VPN. Railway business in the international freight, passenger and infrastructure markets is guided by a need for greater cooperation in an evolving market. More railway operators are increasingly competing and collaborating with each other, and new processes are being established by working with international infrastructure managers. Hit Rail believes that advancing the standardisation and digitalisation of business processes is the best possible means of achieving this cooperation. Secure and efficient cloud IT services and TCP/IP data communications are essential requirements to realising this goal.",Netherlands,1.396686,,,
SafeTrips B.V.,1298105.0,"Netherlands, Gelderland, Geldermalsen",https://www.linkedin.com/company/safetripsbv,www.safetrips.nl,Betrouwbare chauffeursdiensten op elk moment beschikbaar. Laat u zich niet beperken door de rit naar huis en wordt in uw eigen auto naar huis gereden. Chauffeurs zijn tot 's avonds laat en eventueel op korte termijn beschikbaar. SafeTrips is inzetbaar voor: - Thuisbrengservice - Privéchauffeur - Vliegveld service,Netherlands,1.298105,,,
Specialisten Vervoer Gevaarlijke Stoffen,1298105.0,Netherlands,https://www.linkedin.com/company/specialisten-vervoer-gevaarlijke-stoffen,,"Hartelijk welkom op de pagina van de Specialisten Vereniging  Gevaarlijke Stoffen !   De vereniging bestaat uit ruim 120 leden die allen de meerjarige opleiding Specialist Gevaarlijke Stoffen gevolgd hebben aan de Scheepvaart- en Transportcollege te Rotterdam. Daarmee is er een gedegen kennis op het gebied van (inter)nationale wetgeving zoals de WVGS, ADR, RID, ADNR, ICAO/IATA verworven. Er wordt echter ook stilgestaan bij Brandbestrijding, Chemie en Veiligheid. Onze leden zijn afkomstig uit diverse bedrijfstakken, overheden en opleidingsinstanties  die er zo voor  zorgen dat de kennis en ervaring van hun directie en personeel optimaal aanwezig is.   De SVGS stelt zich ten doel, door uitwisseling van kennis, inzichten en ervaringen, een veiliger vervoer van gevaarlijke stoffen te bewerkstelligen in alle transportmodaliteiten. Om dat doel te bereiken worden door de SVGS diverse activiteiten ontplooid waarvoor wij u graag doorverwijzen via onze website.   Wij stellen het zeer op prijs om met u van gedachten te wisselen over de ontwikkelingen op ons vakgebied. Met vriendelijke groet, Het bestuur SVGS.",Netherlands,1.298105,,,
Railpromo B.V.,1298105.0,Netherlands,https://www.linkedin.com/company/railpromo-b-v-,,"Railpromo B.V. develops and commercializes innovative product or service concepts in the railway industry. We excel at offering feasible and enjoyable travel solutions based on dedicated charter train services across Europe by deploying a number of train concepts which can be tailored down to your specific needs, whether being mass transportation or exclusive, high-end experiences.",Netherlands,1.298105,,,
ITS MX,1298105.0,"Netherlands, North Holland, Amsterdam, 22b Grensstraat",https://www.linkedin.com/company/its-mx,www.its-mx.nl,"Naarmate automatisering meer ingeburgerd raakt in het openbaar vervoer worden systemen steeds complexer en veel omvattend. Dit geldt voor meer algemene administratieve systemen, maar ook voor markt specifieke automatiseringsproducten. Het afgelopen decennium is het aantal automatiseringssystemen, specifiek voor toepassing in het Openbaar Vervoer fors toegenomen. Denk daarbij aan fleetmanagement- en planningssystemen, dynamische reizigersinformatie systemen en de OV-chipkaart. Deze producten kenmerken zich door een complexe infrastructuur en een hoge mate van customization (maatwerk).     ITS-MX ondersteunt OV bedrijven bij het aanbesteden en implementeren van ICT projecten. Hoewel we pas recentelijk zijn opgericht (oktober 2007) combineren wij samen meer dan 40 jaar ICT ervaring in het Openbaar Vervoer. De afgelopen 10 jaar zijn wij als adviseur en/of projectleider betrokken geweest bij de implementatie van Fleetmanagmentsystemen, de OV-Chipkaart en Vervoersdatamanagement-systemen voor diverse grote OV-bedrijven in Nederland.",Netherlands,1.298105,,,
Port Of Urk,1267098.0,"Netherlands, Flevoland, Urk, 8321",https://www.linkedin.com/company/port-of-urk,www.portofurk.com,"Urk is onlosmakelijk verbonden met het water en de visserij. Al eeuwenlang weet Urk zich keer op keer opnieuw uit te vinden en de kansen te pakken die het water biedt. Het resultaat? Een toonaangevende maritieme- en visindustrie, die op mondiaal niveau opereert. Port of Urk is de volgende logische stap om de sterke internationale positie te verstevigen en de groeiambitie van ondernemers te faciliteren. Want op Urk zit de kennis, de innovatie en het werk.",Netherlands,1.267098,,,
LCS Clean,1267098.0,"Netherlands, Limburg, Weert, 203a Graafschap Hornelaan, 6004",https://www.linkedin.com/company/letscleansustainably,www.lcscleaning.nl,"LCS - Let's Clean Sustainably Al jarenlang houdt LCS zich bezig met het verantwoord reinigen van verschillende herbruikbare verpakkingen binnen marktsegmenten als ‘bloemen en planten’, ‘groenten en fruit’ en ‘food’: •	Bloemen- en plantenfust  •	Starre en klapkratten •	CBL fust, E-kratten en kipkratten •	Kunststof pallets en palletboxen Wij leveren betrouwbare en hoge kwaliteit service met onze uitgebreide ervaring en deskundigheid op het gebied van reinigingsmethoden en integraal beheer van het totale wasproces. Het LCS Full Service Concept... Onze dienstverlening beheerst het complete wasproces waarbij personeel, machines, logistiek en kwaliteitsmanagement volledig door LCS verzorgd wordt. Ons Full Service Concept is erop gericht om uw bedrijf te laten besparen op investeringskosten maar met behoud van flexibiliteit: er wordt afgerekend per gewassen eenheid. Het verantwoord reinigen van uw herbruikbare verpakkingen kan plaats vinden op een locatie bij of in uw bedrijf alsook op de eigen waslocaties van LCS. •	Duurzaamheid •	Logistiek en facility •	Kwaliteitsmanagement Met onze unieke kennis en kunde op het gebied van reinigingsmethoden richten wij ons op duurzaamheid en maatschappelijk verantwoord ondernemen. Hierbij staan de drie P’s: People, Planet en Profit centraal. Uiterst vooruitstrevend op het gebied van technologische ontwikkelingen inzake energieverbruik, watertemperatuur en -verbruik en het verantwoord gebruik van reinigingsmiddelen en desinfectiemethoden. Let's Clean Sustainably",Netherlands,1.267098,,,
Smart Intralogistic Solutions,1267098.0,"Netherlands, North Brabant, Helmond, 19 Varenschut, 5705",https://www.linkedin.com/company/smart-intralogistic-solutions,www.sminso.nl,"Smart Intralogistic Solutions (SIS) biedt u slimme oplossingen voor de intralogistiek. SIS redeneert niet vanuit een standaard merk of range van trucks, maar kijkt naar de toepassing en zoekt daar de beste oplossing bij. In de afgelopen 40 jaar hebben wij veel ervaring opgedaan met de inzet van maatwerk/custom magazijntrucks voor de meest uiteenlopende toepassingen, denk hierbij aan: Gegalvaniseerde pallettrucks en stapelaars Roestvrijstalen/inox pallettrucks en stapelaars Custom magazijntrucks voor het handlen van verschillende lasten of lastdragers Knikheftrucks Individuele en persoonlijke service is de belangrijkste kernwaarde van ons bedrijf. U krijgt onze volledige ondersteuning in het voortraject zodat we komen tot een efficiënte en veilige intern transportoplossing, toegespitst op uw wensen en inzet. Vervolgens kiezen we met u de gewenste financieringsvorm in de vorm van aanschaf, financial of full operational lease. En indien gewenst verzorgen wij ook het onderhoud en keuringen van uw materieel zodat u zich kunt richten op uw eigen bedrijfsprocessen! Bel ons voor een vrijblijvende kennismaking op +31 (0)492 382919 of stuur een mail naar info@sminso.nl Smart Intralogistic Solutions is een onderdeel van Sanders Heftrucks BV",Netherlands,1.267098,,,
C.J. Van Den Berg & Zn. Euromovers,1267098.0,"Netherlands, Ag, 64 Tolhuis Nijmegen De Vlotkampweg, 6545",https://www.linkedin.com/company/c.j.-van-den-berg-&-zn.-euromovers,www.euromoversvandenberg.nl,"Over C.J. van den Berg & Zn. Euromovers  Al 80 jaar staat C.J. van den Berg & Zn. Euromovers garant voor verhuizen en veilig transport. Het familiebedrijf waar inmiddels drie generaties hun steentje hebben bijgedragen. Een kleine geschiedenis C.J. van den Berg begon zo’n tachtig jaar geleden zijn transportbedrijf in Nijmegen. Als ondernemer in hart en nieren, breidde hij zijn bedrijf al snel uit en ging professioneel verhuizingen uitvoeren. Het ondernemersbloed bleek niet alleen hem door de aderen te vloeien. Dertig jaar na de oprichting kwam ook zoon Martien van den Berg Sr. het team versterken. Inmiddels reikte de ondernemerslust verder dan de Nederlandse grens. Om verhuizingen door heel Europa te kunnen uitvoeren, sloot C.J. van den Berg & Zn. zich twintig jaar geleden aan bij een internationaal netwerk van verhuizers: Euromovers. C.J. van den Berg & Zn. Euromovers nu Tegenwoordig bestaat het team uit ervaren verhuizers, gespecialiseerd in particuliere verhuizingen binnen én buiten Nederland. En ook de derde generatie in de familie van den Berg kreeg het verhuizen met de paplepel ingegoten. Martien van den Berg Jr. wilde U nog beter van dienst zijn. De opslag is uitgebreid naar 6000 m3. Er zijn gespecialiseerde teams voor Project en Kantoorverhuizingen geformeerd. Kortom, alles voor een vlekkeloze verhuizing.",Netherlands,1.267098,,,
Carer Lifting Solutions,1267098.0,"Netherlands, South Holland, Hoogvliet, 40 Nieuwe Langeweg, 3194",https://www.linkedin.com/company/carer-lifting-solutions,www.carer-ls.nl,"Carer Lifting Solutions is onderdeel van de Peinemann Mobilift Groep en onafhankelijke importeur voor Nederland voor het Carer programma. Als onafhankelijk importeur kunnen we alle service-providers in intern transport van dienst zijn bij het leveren van Carer vorkheftrucks. Door deze opzet zal het totale leveringsprogramma van de serviceprovider op het gebied van elektrische vorkheftrucks compleet zijn. Door service gericht te werken kunnen we assistentie leveren in product support, onderdelen en begeleiding in het verkoop/verhuur traject Carer Italië ontwikkeld, produceert en levert elektrische heftrucks van 0,8 tot 25 ton die de prestaties van verbrandingstrucks kan evenaren. In 1976 is Carer opgericht in Cotignola in Noord-Italië, 50 km vanaf Bologna. De fabriek is 5000m2 groot en daarnaast hebben ze nog meer dan 2000m2 grond tot hun beschikking. Per jaar produceren ze ca. 600 machines. De Carer heftrucks wijken af van standaard machines doordat ze heel compact zijn, grote batterijcapaciteiten hebben en hefvermogens die door de meeste fabrikanten niet geleverd worden in een elektrische uitvoering. Daarnaast richt Carer zich vooral op specials. De trucks worden vanuit één van de standaardmodellen naar de specifieke wens van de klant verder uitgebouwd. Alle machines zijn zowel buiten als binnen te gebruiken. Ze zijn zo geproduceerd dat de machines goed tegen vocht, stof en lage temperaturen kunnen zonder dat dit het functioneren beïnvloed. Ook gaan ze zuinig om met energie. Dit komt door speciaal ontwikkelde draai- en wisselstroommotoren voor de aandrijving.",Netherlands,1.267098,,,
Tank Terminal Sluiskil,1267098.0,"Netherlands, Zeeland, Sluiskil, 5 Oostkade, 4541",https://www.linkedin.com/company/tank-terminal-sluiskil,tankterminal-sluiskil.nl,"Tank Terminal Sluiskil (TTS) is sinds 2017 operationeel op het Ecopark Terneuzen. TTS richt zich op de afvalwater, vloeibare halffabricaten, grondstoffen en producten markt. Zowel voor de nationale als internationale markt biedt TTS maatwerkoplossingen voor transport, opslag en verwerking. EcoService Europe, ATM (Afvalstoffen Terminal Moerdijk) en Heros Sluiskil B.V. zijn gezamenlijk eigenaar van Tank Terminal Sluiskil. De totale opslagcapaciteit, verdeeld over 13 tanks, bedraagt ruim 50.000 m3. TTS is gelegen op het Ecopark aan het Kanaal van Gent naar Terneuzen. De centrale ligging, het diepe vaarwater en de kade van 500 meter zorgen voor een uitstekende verbinding met Nederland, België, Duitsland, Noord-Frankrijk en het Verenigd Koninkrijk. De centrale ligging biedt veel perspectief voor een breed scala aan dienstverlening voor het transport, op- en overslag en optionele verwerking van afvalwaters, halffabricaten, grondstoffen en eindproducten. TTS beschikt over een directe verbinding tussen de opslagfaciliteiten, de kade en de afvalwaterzuivering. Tevens beschikt TTS over een aantal hallen voor op- en overslag van vaste stoffen. De terminal valt onder de ISPS-code (havenbeveiliging) en is hiervoor gecertificeerd. Wij ontzorgen u graag bij al uw logistieke, op- en overslag en (afvalwater) verwerkingsvraagstukken.",Netherlands,1.267098,,,
Looije Uitzenden,1267098.0,"Netherlands, South Holland, Maasdijk",https://www.linkedin.com/company/looije-uitzenden,www.logisticteam.nl,"De uitzendbranche zit vol verrassingen en de werkzaamheden lenen zich er meestal niet voor om lang vooruit gepland te worden. Een tegenvallertje in kwaliteit of een lading die eerder aankomt dan gedacht; het moet altijd direct worden opgelost. Dit vinden wij helemaal niet erg, want Looije Uitzenden staat voor u klaar met haar flexibele team van gemotiveerde uitzendkrachten! Al jaren hebben wij vakmensen in huis die precies weten wat uw producten nodig hebben. Ze zijn ervaren, uitstekend opgeleid en ook nog eens direct beschikbaar. In betere handen kunnen uw producten niet zijn! Looije Uitzenden gaat verder dan alleen de AGF. U kunt bij ons terecht voor alle denkbare werkzaamheden in en om uw productie. Of het nu gaat om orderpicken, metaal bewerken, kassenbouwen, besturen van een heftruck, laden, lossen of kwaliteitscontrole: wij hebben altijd de juiste medewerker voor u! Met minimale kosten haalt u een maximaal gemotiveerde uitzendkracht in huis.",Netherlands,1.267098,,,
Europcab,1258668.0,"Netherlands, Utrecht, Utrecht, 41 Maarssenbroeksedijk, 3542 dm",https://www.linkedin.com/company/europcab,www.europcab.nl,"Europcab is een landelijke taxicentrale. Onze auto's zijn verspreid over heel Nederland. We hebben in alle grote steden en gemeenten standplaatsen, in totaal 28 standplaatsen en het breidt zich voortdurend uit. We zijn gespecialiseerd in het vervoer van en naar binnenlandse en buitenlandse luchthavens en trouwvervoer. We vervoeren tevens onze opdrachtgevers naar alle overige locaties in heel Nederland en Europa vanaf een afstand van 25 KM. Stadsritten en trajecten korter dan 25 km rijden wij niet. We zijn actief zowel in de particuliere markt als de zakelijke markt. We streven ernaar om zoveel mogelijk aan de eisen van onze klanten te voldoen. Het wordt systematisch bijgehouden en we ontwikkelen regelmatig nieuwe producten en diensten voor het gemak van onze klanten. Klanttevredenheid en kwaliteit zijn tevens een van onze hoofddoelen. Wij zullen dan ook alles in het werk stellen om aan uw verwachtingen te voldoen. Door onze goede samenwerking onderling en met hoog gekwalificeerde taxi bedrijven binnen Europa, kunnen wij u zeer voordelig van A naar B brengen. Door onze lage prijzen en hoge service hebben wij een onderscheidende positie op de markt kunnen verwerven en we houden onze concurrenten sterk in de gaten om die positie voor altijd te kunnen behouden.",Netherlands,1.258668,,,
E&S Consultancy BV,1258668.0,"Netherlands, Gelderland, Ede, 22b Morsestraat, 6716",https://www.linkedin.com/company/e&s-consultancy-bv,www.esconsultancy.eu,"E&S Consultancy is een opleidingsinstituut gespecialiseerd in het verzorgen van in-company trainingen op het gebied van transport, logistiek, Arbo & veiligheidstrainingen.  Ons doel is het kwalitatief opleiden van medewerkers die werken met mobiele gemotoriseerde arbeidsmiddelen waar deskundigheid voor nodig is. Maar ook beroepschauffeurs die moeten voldoen aan de Richtlijn Vakbekwaamheid voor Beroepschauffeurs (Code 95-richtlijn), kunnen bij E&S Consultancy terecht voor vakgerichte opleidingen.  Waarom een opleiding volgen bij E&S Consultancy? • Een groot voordeel van het in-company organiseren van trainingen is dat zowel de theorie- als de   praktijkinstructie kan worden aangepast aan de bedrijfsspecifieke situaties.  • Onze docenten hebben jarenlange ervaring in het vak, komen zelf van de werkvloer en kunnen het beste advies geven. • De cursist krijgt een certificaat met een adviesgeldigheid van vijf jaar en een persoonsgebonden veiligheidspas, wat de gebruiker bij zich kan dragen ten tijde van het voertuiggebruik.  • Een uitstekende prijs-/kwaliteit verhouding • Indirect voldoet zowel werkgever als werknemer door het volgen van de aangeboden opleidingen aan de voorschriften van zowel de Arbowet, als ook het Arbo-besluit. Er kan aantoonbaar worden gemaakt dat de werknemer over een zekere mate van deskundigheid beschikt, middels het volgen van een gedegen instructie.  Ontzorgen E&S Consultancy biedt een breed scala aan opleidingen, waarmee ze beoogt haar opdrachtgevers op elk gebied te kunnen ontzorgen. Ontzorgen betekent bij E&S Consultancy ook dat wij de administratie van haar opdrachtgevers zoveel mogelijk uit handen nemen, inclusief de verzorging van de subsidieaanvragen en registratie van nascholingsuren.  Erkenningen De opleidingen van E&S Consultancy voldoen aan hoge kwaliteitseisen. Niet alleen aan eisen gesteld vanuit het CCV, maar ook aan die van organisaties als VTL en scholingsfonds SOOB.",Netherlands,1.258668,,,
Taxi Haarlem Service,1258668.0,"Netherlands, North Holland, Haarlem, 141 Oudeweg, 2031",https://www.linkedin.com/company/taxi-haarlem-service,www.taxihaarlemservice.nl,"Taxi Haarlem: Bent u op zoek naar comfortabele en betrouwbare taxi in Haarlem, of naar Schiphol Airport. Wij zijn uw betrouwbare partner voor een taxi in Haarlem. Taxi Haarlem Service is uw oplossing! Onze ervaren, vriendelijke en professionele chauffeurs zorgen ervoor dat u zorgeloos en op tijd op uw bestemming aankomt. Wij zijn trots op onze uitstekende reputatie en onze jarenlange ervaring in het vervoeren van klanten door Haarlem en omgeving. Voor een Taxi Schiphol Haarlem hebben wij een vaste prijs. Of u nu een zakenreis maakt of op vakantie gaat, taxi Haarlem service biedt u de juiste oplossing. Onze ruime en comfortabele taxi's zijn uitgerust met moderne technologieën en bieden u de nodige ruimte en comfort tijdens uw reis. Onze chauffeurs kennen de stad en omgeving goed en zullen u snel en veilig naar uw bestemming brengen. Wij bieden u ook de mogelijkheid om online een taxi te reserveren via onze eenvoudige en gebruiksvriendelijke website. U hoeft alleen uw datum en tijd, bestemming en gegevens in te voeren en wij zorgen voor de rest. Wij garanderen u een snelle en efficiënte service, zodat u zich geen zorgen hoeft te maken over het vinden van een taxi in Haarlem. Onze tarieven zijn transparant en concurrerend, zodat u altijd weet waar u aan toe bent. Wij bieden u de mogelijkheid om contant of met een creditcard te betalen, afhankelijk van uw voorkeur. Bij taxi Haarlem Service kunt u rekenen op een comfortabele en betrouwbare rit naar elke bestemming. Wij zijn 24/7 beschikbaar, zodat u altijd op ons kunt rekenen wanneer u een taxi nodig heeft. Neem gerust contact met ons op 023-80000000 of maak direct online een reservering via onze boekingsformulier. Wij zien u graag bij ons. Onze Google reviews zijn een weerspiegeling van onze toewijding aan onze klanten en ons vakmanschap. We zijn er trots op dat we consequent hoge beoordelingen krijgen en gebruiken de feedback van onze klanten om onszelf voortdurend te verbeteren.",Netherlands,1.258668,,,
NOVIMAR - Home Of The Vessel Train Concept,1258668.0,"Netherlands, South Holland, Rotterdam, 78 Vasteland, 3011",https://www.linkedin.com/company/novimar,www.novimar.eu,"NOVIMAR researches a new system of waterborne transport operations. In the NOVIMAR vision, future waterborne transport operations on short-sea, sea-river and inland waterways can be performed by vessel trains. Such a vessel train will consist of a number of vessels, the lead ship and individual ships with reduced crew or remotely controlled. The consortium involved contains 22 partners: logistic operators, industry, public bodies and research organisations from seven EU and two associated countries.",Netherlands,1.258668,,,
4FOLD Containers,1258668.0,"Netherlands, South Holland, Delft, 1 Paardenmarkt, 2611",https://www.linkedin.com/company/4foldcontainers,www.4foldcontainers.com,"4FOLD introduces new shipping efficiency that saves space, time, money and our planet. In our case a foldable shipping container that creates extra room on vessels, trucks, trains, terminals and depots. By simply folding it in a fast, safe and easy way to a quarter of its volume. A smart piece of Dutch engineering that will help destroy empty transport miles worldwide. 40% of container transport on land is empty. At sea it’s 20%. Hundreds of Megatons of CO₂ emissions and 25Bn Euro in cost are wasted. This form of global inefficiency has to stop. Right now. We at 4FOLD reduce empty transport in the most significant way. With a foldable container that saves up to 37% in costs and CO₂. We are calling all shippers and shipping lines to take responsibility and start saving CO₂ with 4FOLD now",Netherlands,1.258668,,,
Daily Movement Express,1258668.0,"Netherlands, North Brabant, Tilburg, 5045",https://www.linkedin.com/company/daily-movement-express,www.dailymovementexpress.com,"* Daily Movement Express is een jonge onderneming die zich uitsluitend bezig houdt met het vervoeren van goederen in de nationale en internationale transportsector, dat zowel particulier als zakelijke verzendingen.  - Koerier - Pakketdiensten  - Winkeldistributie  - Pendeldiensten - Zeecontainer   Alle bovenstaande diensten zijn zowel nationaal als internationaal. Mocht u nog meer informatie willen neem gerust contact op via een bericht.",Netherlands,1.258668,,,
Tankpersoneel,1258668.0,"Netherlands, South Holland, Waddinxveen",https://www.linkedin.com/company/tankpersoneel,www.tankpersoneel.nl,"Tankpersoneel is een gespecialiseerde bemiddelingsorganisatie die zich volledig richt op de tankstationwereld, met bijna 20 jaar ervaring in het vak. Het bedrijf heeft als missie om kandidaten te verbinden met de juiste tankstationfuncties, waarbij plezier in het werk en persoonlijke aandacht centraal staan. Tankpersoneel biedt flexibele werkuren en een gezellige werkomgeving, en richt zich op zowel sollicitanten zonder ervaring als op ervaren professionals. Met een uitgebreid netwerk door heel Nederland zorgt het bedrijf voor duurzame plaatsingen en een hoge kans op een vast contract voor medewerkers. Klanten van Tankpersoneel zijn tankstations die op zoek zijn naar gemotiveerde en goed passende medewerkers, waarbij de focus ligt op kwaliteit en langdurige relaties. Door een persoonlijke aanpak en deskundigheid in de branche, fungeert Tankpersoneel als de verbindende schakel tussen kandidaten en tankstations.",Netherlands,1.258668,,,
Buijks Maritiem,1258668.0,"Netherlands, North Brabant, Raamsdonksveer, 1b Keizersveer, 4941",https://www.linkedin.com/company/buijks-maritiem,www.buijksmaritiem.nl,"Buijks Maritiem is een onderneming die zich specialiseert in reparaties, onderhoud en binnenvaart afbouw.",Netherlands,1.258668,,,
Contitank,1258668.0,"Netherlands, Groningen, Groningen",https://www.linkedin.com/company/contitank,www.contitank.eu,"“Your ambition. Our green solution.” Welcome to Contitank Contitank, the green tank terminal in the Northern Netherlands Contitank is a full-service logistics provider with special storage tanks for animal and vegetable oils and fats. We are a flexible and service-oriented company with made-to-measure solutions for both storage and transport. We receive products from ships, trucks and inland barges and store these in our special tanks. Any special storage and processing requirements are easily met with our tailor-made solutions, including product mixing, heating and/or transfers. The products are then transported to their final destination by maritime and inland shipping routes and the road and rail network. Thanks to our unique location in the northern Netherlands port of Delfzijl, we are ideally positioned to forge intensive partnerships with companies in the strong Central European and Scandinavian markets. Contitank is also the ideal springboard to expand into Eastern European growth markets. Plus, with our rapid turnaround times, you can be sure you will never face annoying delays. As a sustainable company, Contitank is contributing to the strong growth of the Groningen bioeconomy. Innovation is in our genes, resulting in sustainable made-to-measure solutions for a green future. We want to play a central role in the bioeconomy by storing and processing high-quality natural raw materials using an interconnected technical infrastructure. We also have the ambition to strengthen our ties with Chemport Europe, which will enable us to provide traders and manufacturers of animal and vegetable oils and fats with sustainable solutions. As we continue to grow and develop our competences, we will be able to boost Groningen’s green economy to a new level.",Netherlands,1.258668,,,
LEC Regio Nijmegen,1258668.0,"Netherlands, Gelderland, Nijmegen",https://www.linkedin.com/company/lec-regio-nijmegen,www.lecregionijmegen.nl,"Het LEC Regio Nijmegen zet zich in om meer logistieke activiteiten te genereren en de individuele en de regionale concurrentiekracht te vergroten. Dit kan alleen door samenwerking en kennisdeling tussen de 4 O’s (Ondernemers, Overheid, Onderwijs en Onderzoek). Dit doet het LEC Regio Nijmegen door innovatieve activiteiten te ontplooien rond de volgende speerpunten: 1 – Acquisitie van nieuwe logistieke activiteiten 2 – Kennisontwikkeling en kennisdeling 3 – Meerwaarde logistiek 4 – Infrastructuur en duurzaamheid 5 – Profilering en imagoverbetering Voor meer informatie, neem een kijkje op www.lecregionijmegen.nl",Netherlands,1.258668,,,
Mobility Managers,1258668.0,"Netherlands, Houten, 18 Duwboot, 3991",https://www.linkedin.com/company/mobility-managers,www.mobilitymanagers.nl,"Mobility Managers begeeft zich in de complexe wereld van mobiliteitsmanagement en zorgt voor efficiënte oplossingen rondom de verplaatsing van mensen. Dat gaat verder dan het aanbieden van producten of diensten; we creëren totaaloplossingen. Het begint met slechts een idee om mensen efficiënt in beweging te brengen, maar groeit uit tot de uitvoering van A tot Z. Met Mobility Managers wordt het organiseren van personenvervoer een succes.",Netherlands,1.258668,,,
Logistiek Cluster Flevoland,1258668.0,"Netherlands, Flevoland, Lelystad, 5a Emoeweg, 8218",https://www.linkedin.com/company/lcflevoland,www.lcflevoland.nl,"Logistiek Cluster Flevoland: dé broedplaats in de logistieke regio. Wij zijn hét cluster dat zich inzet voor de ontwikkeling van toekomstbestendige ondernemingen en talent in de logistieke sector. Daarnaast zetten wij ons in voor een ideale arbeidsmarkt voor de werknemers in deze sector. Ondernemers, overheid en onderwijs slaan in dit cluster de handen ineen om de dynamische logistieke sector in Flevoland te versterken en verder op de kaart te zetten. WAAROM? Wereldwijd kent de sector een grote groei en Flevoland heeft veel te bieden qua bereikbaarheid, beschikbare ruimte, kennisinfrastructuur en de aanwezige arbeidsmarkt. Zo streven wij naar een concurrerend, duurzaam en veilig vormgegeven logistieke sector. Dit stelt ons voor de nodige uitdagingen. Logistiek is samenwerken. Door ons op allerlei gebieden samen in te zetten voor logistiek versterken we elkaar en onze regio. HOE? Veel partijen houden zich samen met de ondernemers bezig met de regionale groei van de sector, zowel vanuit het Onderwijs, (toegepast) Onderzoek, de Arbeidsmarktbemiddeling en uiteraard de gemeenten zelf op het gebied van acquisitie. Met het Logistiek Cluster Flevoland willen we de initiatieven bundelen als dé plek voor al je logistieke vragen. WAT? Dit doen we met de volgende 4 programmalijnen: - Opleiden & Arbeidsmarkt - Innovatie & Business Development - Infrastructuur - Regionale Promotie / Logistieke Hotspot VOOR WIE? In de eerste plaats is LCF er voor Flevolandse ondernemers actief in de logistiek. En voor partijen die daar positief aan willen bijdragen. Denk aan: Logistieke dienstverleners, Producenten/verwerkers, (Groot)handels ondernemingen en logistieke regisseurs Maar ook aan: - Werknemers in de logistieke sector die willen op-/bijscholen - Werknemers die vanuit een andere branche in korte tijd succesvol willen instromen (zij-instromers) - Talenten (scholieren en studenten of instromers) Windesheim, ROC van Flevoland, Horizon en Win4all werken in LCF met elkaar samen.",Netherlands,1.258668,,,
Adeso Trucks,1258668.0,"Netherlands, Overijssel, Enschede, 14 De Heersche, 7547",https://www.linkedin.com/company/adesotrucks,www.adesotrucks.com,"ADESO Trucks is een jong en dynamische onderneming die zich bezig houdt met het in en verkopen van (zware) bedrijfswagens. U kunt bij ons terecht voor alle Europese merken bedrijfswagens. Wij zijn een onafhankelijke handelsonderneming die internationaal zaken doet over de hele wereld. Als er een vrachtwagen die u zoekt niet op ons voorraad staat, kunt u gerust met ons contact opnemen. Door onze uitgebreide netwerk kunnen wij wellicht een passende bedrijfswagen voor u vinden. Hierbij houden wij rekening mee met de prijs kwaliteit verhouding.   Bij ADESO Trucks staan de wensen van de klanten voorop. Wij luisteren wat de klant wil en proberen wij zo goed mogelijk een bijpassende bedrijfswagen voor de klant te vinden. Door de kleinschaligheid van ons onderneming krijgt de klant alle aandacht wat zij verwachten van een professionele onderneming. Bij ADESO Trucks kunt u communiceren in het Nederlands, Engels, Duits, Russisch of Armeens.   Wij zijn gevestigd in Enschede aan de Heersche 14. Ons pand ligt in 5 autominuten vanuit A35, 10 km van de Duitse grens en in het oosten van Nederland. De openingstijden zijn van maandag t/m vrijdag van 8:00 tot 17:00 uur. Wilt u liever ’s avonds of in het weekend komen? Dat is ook mogelijk met een afspraak.",Netherlands,1.258668,,,
DAILYAIRPORTTAXI,1258668.0,"Netherlands, North Holland, Haarlem, 2011kl",https://www.linkedin.com/company/dailyairporttaxi,www.dailyairporttaxi.nl,"DAILY AIRPORT TAXI Om wat voor reden dan ook, besluit u zich te laten rijden naar Schiphol. Daar mag u dan wel iets van verwachten. Bij Daily Airport Taxi rijden wij u veilig, snel en voordelig van en naar Schiphol. Onze ervaren chauffeurs weten precies welke routes het best genomen kunnen worden om u zo snel en veilig mogelijk vanaf de gewenste bestemming op te halen. Tevens doen wij ons best om de kortste route te rijden en om files en verkeersdrukte te vermijden.   Wij zijn een dynamisch taxibedrijf dat rondom Schiphol actief bezig is. Wij vormen samen met onze taxichauffeurs een hecht en professioneel team dat de wensen en veiligheid van de klant vooropstelt. Wij werken uitsluitend met ervaren, professionele taxichauffeurs. Wij leiden onze chauffeurs na aanwerving verder op, zodat we steeds een correcte, vlotte en klantvriendelijke service kunnen leveren.",Netherlands,1.258668,,,
Rotterdams Taxi Bedrijf,1258668.0,"Netherlands, South Holland, Rotterdam, 83b Lepelaarsingel, 3083kd",https://www.linkedin.com/company/royal-class-taxi-service,regiotaxicentrale.nl,"Rotterdams Taxi Bedrijf is hét taxibedrijf voor vervoer van en naar Rotterdam. Professionaliteit, kwaliteit en goede service staat hoog in het vaandel.  Rotterdams Taxi Bedrijf kenmerkt zich op verschillende punten: 24/7 service Gekwalificeerde taxichauffeurs met RTX keurmerk Scherpe prijzen U kunt bij ons terecht voor al uw personenvervoer, zakelijk vervoer en luchthaven vervoer. Bij Rotterdams Taxi Bedrijf kunt u contant betalen, met de pin, creditcard, Mastercard, Visa en American Express",Netherlands,1.258668,,,
W. Van Den Brink Internationaal Transport B.V.,1258668.0,"Netherlands, Gelderland, Putten",https://www.linkedin.com/company/w-van-den-brink-internationaal-truck-transport-b-v,www.brink-transport.nl,"Het vervoer van transportmaterieel is specialistisch werk. Naast het goed en efficiënt laden en zekeren van de auto’s moet altijd de hoogte en lengte van de voertuigen in het oog worden gehouden. Omdat wij veel nieuwe machines en vrachtwagens rijden is het ook van belang dat het ‘nieuw’ op het afleveradres aankomt. Ook al zijn de losadressen soms op onbegaanbare wegen, de klant verwacht een ongeschonden aflevering. Zo netjes als onze chauffeurs op hun eigen vrachtwagen zijn, zo behandelen zij de vracht die ze vervoeren. Door onze jarenlange ervaring kunnen we strak plannen. Efficiëntie en kostenbewust werken staan bij van den Brink hoog aangeschreven. Door een beroep te doen op ons brede netwerk, proberen we in de buurt terugvracht te laden om zo weinig mogelijk leeg te rijden. Met onze moderne vrachtwagens met dito opbouw kunnen we zo schuiven en heffen dat de meeste lading past. Onze lading bestaat voornamelijk uit gebruikte en nieuwe vrachtwagens, maar ook hoogwerkers, (land)bouwmachines, intern transportmaterieel, bussen en campers vervoeren we. Hoogwaardige lading die net even meer aandacht vraagt. Ons team ervaren chauffeurs weet de weg in Europa, heeft alle benodigde papieren van ladingzekering en zijn ervaren in het omgaan met kostbare transportmiddelen. We rijden heel Europa door, met de focus op Zuid-Scandinavië. Bent u op zoek naar een transportbedrijf dat zich kenmerkt door snel te handelen, de hoogste leverbetrouwbaarheid en liefde voor het vak heeft? Dat werkt met een strakke planning en, nog belangrijker, een goede communicatie? Neem dan snel contact met ons op via +31 615 334 398 of info@brink-transport.nl.",Netherlands,1.258668,,,
SMN Post,1258668.0,"Netherlands, Gelderland, Apeldoorn, 38 Arnhemseweg, 7331",https://www.linkedin.com/company/smn-post,www.smnpost.nl,"Met een uitgebreid pakket aan diensten zijn wij, SMN Post uit Apeldoorn, in staat de zorg over uw postzaken bij u weg te nemen. Dat geldt voor alle soorten postzendingen. Heeft u grote of kleine volumes, aangetekende stukken of pakketten, wij handelen alles netjes voor u af. Onze mensen zijn precies en voelen zich verantwoordelijk om zorgvuldig om te gaan met alles wat u ons toevertrouwd.",Netherlands,1.258668,,,
Dutch Trailer Center BV,1258668.0,"Netherlands, Overijssel, Ommen, 1 Strangeweg, 7731gv",https://www.linkedin.com/company/dutch-trailer-center-bv,www.dutchtrailercenter.nl,"Dutch Trailer Center is een onderneming die zich toelegt op de verhuur, inkoop en verkoop van getrokken materieel voor het wegtransport. Met gemotiveerde en klantgerichte medewerkers staat DTC voor u klaar. Of het nu gaat om een korte of lange termijn verhuur of om de aanschaf van gebruikt materieel, wij zijn voor u de competente partner.",Netherlands,1.258668,,,
Train2EU,1258668.0,"Netherlands, Utrecht, Utrecht, 28a Hamburgerstraat, 3512ns",https://www.linkedin.com/company/train2eu,www.train2eu.org,"We are Train2EU and we work for the interests of European railway passengers. We believe in a Europe where the train forms logical alternative for the automobile and aeroplane. This is necessary to combat congestion, environmental damage and the overuse of fossil fuels. The European internal borders have steadily become vaguer. An open and flexible international railway network and travel information fits into this reality. We believe in the potential of the existing European railway network, if we succeed in making the availability simpler, more transparent and accessible. We are Train2EU, a group of young professionals with a passion for international train travel. Our generation grew up without European borders, and with the Internet and smartphones. We use the power of cooperation and sharing of knowledge. United in Train2EU we’re working on a common dream.",Netherlands,1.258668,,,
Danteco Industries BV,1258668.0,"Netherlands, South Holland, Zoetermeer, 14 Van Der Waalsstraat, 2721",https://www.linkedin.com/company/danteco-industries-bv,www.danteco.com,"You found it! Danteco is a worldwide tank container supplier. This core business has enabled us to establish a wide network all over Western Europe and, more precisely, in Benelux and Asia.  The services we offer include the following: sea, rail, and road transportation, storage, sales, leasing, purchase, etc., of intermodal equipment, iso chemical tank, bitumen tank, bitutainer, bitucontainer, and cement tank containers.",Netherlands,1.258668,,,
Bio-LNG Platform,1258668.0,"Netherlands, South Holland, Rotterdam, 19 Waalhaven Zuidzijde, 3089",https://www.linkedin.com/company/nationaal-lng-platform,www.nationaallngplatform.nl,"Het Bio-LNG Platform: samen werken aan bio-LNG, de bio-brandstof voor duurzamer zwaar transport. Sinds 2013 verbindt het Bio-LNG Platform bedrijven en overheden met één doel: LNG (vloeibaar gas) introduceren als nieuwe, schonere en stillere brandstof voor wegtransport en scheepvaart. Bijna 30 leden maken zich samen met de overheid al vijf jaar hard voor het opzetten van de huidige LNG-markt en -infrastructuur. Dit heeft tot nu toe geresulteerd ruim 30 LNG-tankstations, 500 LNG-trucks en een eerste binnenvaart vloot op LNG.  Nu LNG in Nederland beschikbaar is en voldoet aan alle veiligheidsmaatregelen, is de transitie ingezet naar Bio-LNG: non-fossiele brandstof voor het zwaar transport. Door gebruik te maken van Bio-LNG kan de CO₂-uitstoot drastisch worden verlaagd. Daar ligt onze focus voor de komende jaren.  Het Nationaal LNG Platform telt bijna 30 leden. Stuk voor stuk bedrijven en organisaties die zich inzetten voor (Bio-)LNG als nieuwe brandstof voor de scheepvaart en het wegtransport. Ieder bedrijf draagt bij aan een deel van de LNG-keten.",Netherlands,1.258668,,,
4Port Services,1244208.0,Netherlands,https://www.linkedin.com/company/4port-services,www.4port.nl,"4Port Services is een jong pragmatisch ingesteld bedrijf op de maritiem nautische markt dat zich toelegt op het optimaliseren van maritiem-nautische bedrijfsprocessen. 4Port Services helpt u bij het oplossen van maritiem-nautische  proces verbeter vraagstukken en de daarbij behorende informatievraag. Behoefte aan (tijdelijk) extra capaciteit?  Tevens levert 4Port Services (tijdelijk) capaciteit aan bedrijven op het gebied van (maritieme) informatie analyse, business analyse en informatiemanagement. Daarnaast zetten wij onze mensen in als interim manager in het maritiem-nautisch, logistieke en ICT werkveld.",Netherlands,1.244208,,,
Albin Motor Nederland,1244208.0,"Netherlands, Friesland, Heerenveen",https://www.linkedin.com/company/albin-motor-nederland,www.albinonderdelen.nl,Reparatie en restauratie van Albin scheepsmotoren. Door de jaren heen hebben we veel knowhow over Albin motoren vergaard waardoor wij oplossingen kunnen bieden waar anderen stranden. Vooral op het gebied van ontstekingen en carborateurs is onze kennis erg groot. Ook andere speciefieke problemen welke zich voor kunnen doen bij Albin scheepsmotoeren kunnen door ons worden opgelost. Uiteraard werken we met alle voorkomende merken en typen scheepsmotoren. van antiek tot hypermodern. Onze webshop bied een goed overzicht van de beschikbare onderdelen voor Albin en diverse andere motoren.,Netherlands,1.244208,,,
Watersportcentrum De Zeilhoek,1244208.0,"Netherlands, Katwoude, 6 Hoogedijk, 1145",https://www.linkedin.com/company/wsc-de-zeilhoek,www.dezeilhoek.nl,"Watersportcentrum De Zeilhoek is a beautiful marina with 150 berths situated at the Gouwzee. There is an open connection to the Markermeer, you navigate without bridges or locks. For our international customers there is a good bus / train connection to and from Amsterdam Airport (30 minutes). You will find the seaport of IJmuiden just “around the corner”. “Blue Flag” since 2004.",Netherlands,1.244208,,,
Yourfleet B.V.,1227201.0,"Netherlands, North Holland, Aalsmeer, 15a Van Cleeffkade, 1431 ba",https://www.linkedin.com/company/smart-partnerships-bv,www.topdeals-transport.com,"Binnen Smart Partnerships BV bieden wij verschillende transport platformen aan: FLEXTRACK.INFO biedt elke planner in elke branche inzicht in het verloop van de voorgang van alle eigen voertuigen en dus de voortgang van de werkzaamheden. Het biedt de mogelijkheid de werkzaamheden bij te sturen, zodat een ieder optimaal wordt benut. FLEXCARGO.COM biedt transportbedrijven in de groot-vracht (Niwo vergunning houders) niet alleen de mogelijkheid de eigen vloot 'live' te volgen, maar tevens om desgewenst voertuigposities en bestemmingen te delen met enkele of vele collega transportbedrijven. Het doel van het laatste is elkaar retour te beladen en zo een hogere omzet per kilometer/uur te behalen. FLEXCOURIER.COM biedt koeriersbedrijven in de klein-vracht tot 400 kilogram niet alleen de mogelijkheid de eigen vloot 'live' te volgen, maar tevens om desgewenst voertuigposities en bestemmingen te delen met enkele of vele collega koeriersbedrijven. Het doel van het laatste is elkaar retour te beladen en zo een hogere omzet per kilometer/uur te behalen. FLEXRIDER.COM is de flexibele vloot die ingehuurd wordt door koeriers- en transportbedrijven en bestaat uit éénpersoons transportbedrijven, waar de ondernemer zelf aan het stuur zit. Deze bedrijven fungeren als onderaannemer voorde koeriers- en transportbranche. Dit is de flexibele vloot, die overal aanvult en 24 uur per dag inzetbaar is. Zij etaleren zich voor werk niet alleen met hun voertuigpositie, maar ook met hun bestemming en de verwachte aankomst (ETA) aldaar. Ze zijn voor hele aantrekkelijke prijzen in te huren. En...ze zijn overal! TOPDEALS-TRANSPORT.COM fungeert als transportmakelaar en zoekt naar retour- en bijlading voor de Flex-community leden. Doelstelling meer rendement per kilometer/uur en het MKB verbinden in gezamenlijke producten voor de eindgebruikers. Meer weten? Neem contact met me op! stef.bouwhuis@intellicom.nl",Netherlands,1.227201,,,
Mobipunten,1227201.0,"Netherlands, North Holland, Anna, De Verwachting",https://www.linkedin.com/company/mobipunten,mobipunt.nu,Op een mobipunt worden diverse vormen van vervoer aangeboden. Het openbaar vervoer is er vaak vlak in de buurt en er staan deelauto's en deelfietsen. Mobipunten worden gerealiseerd om de bereikbaarheid en leefbaarheid van steden en dorpen in de regio te vergroten.,Netherlands,1.227201,,,
Uw-Leverancier,1227201.0,Netherlands,https://www.linkedin.com/company/uw-leverancier,www.uw-leverancier.nl,Uw-Leverancier heeft zich toegelegd op het totaal ontzorgen van inkooporganisaties. Wij bieden hulp op het gebied van Inkoop en/of Logistiek door: - Onze specialisten uit te lenen voor langdurende of kortdurende projecten - Orders met een lage orderwaarde of orders bij eenmalige leveranciers voor u in te kopen om vervuiling van uw ERP systeem te voorkomen - U te ondersteunen bij het uitonderhandelen en inrichten van raamcontracten - ERP systemen in te richten voor grote en kleine organisaties - Project specifieke inkoop te verzorgen - Logistieke ondersteuning van complexe leveringen,Netherlands,1.227201,,,
New Waves Academy,1227201.0,"Netherlands, South Holland, Alphen Aan Den Rijn, 6 Jac. P. Thijsseweg, 2408",https://www.linkedin.com/company/new-waves-academy,www.newwaves-academy.com,"Wij zijn een jong en ambitieus team, aan ervaring echter niks te kort. Een ieder heeft zijn of haar eigen specialisaties binnen het (verticaal) transport, zodat we elkaar aanvullen en we hiertoe onze cursisten optimaal kunnen begeleiden.  ,, Groot worden door klein te blijven"" is ons motto.  Want wat is het mooi om een persoon te zien ontwikkelen, te zien groeien! Dat iemand door de gemaakte stappen uitgroeit tot een zeker en deskundig persoon, die open blijft staan voor ontwikkelingen, want we zijn nooit uitgeleerd. Wij onderscheiden ons door de persoonlijke benadering, waarbij een ieder de mogelijkheid krijgt hetgeen te behalen wat hij/zij voor ogen heeft. Samenwerking is daarbij een belangrijke pijler, zowel tussen opleider en cursist als tussen (eventuele) werkgever en opleider. Zodat de cursist het optimale pad kan bewandelen, waarbij hij/zij klaargestoomd wordt voor het echte werk. We vinden het belangrijk dat de cursist zich gezien voelt, mag zijn wie hij/zij is en op eigen tempo de benodigde kennis kan op doen. Zodat de cursist uitgroeit van een ""onbewust onbekwame"" aspirant naar een ""onbewust bekwame"" deskundige.",Netherlands,1.227201,,,
Koelcentrum Gorinchem bv,1227201.0,"Netherlands, South Holland, Gorinchem, 45 Franklinweg, 4207",https://www.linkedin.com/company/koelcentrum-gorinchem-bv,www.koelcentrum-zederik.nl,"Koelcentrum Zederik beschikt over drie uiterst moderne opslaglocaties voor geconditioneerde bewaring van verse producten. Door een sterke combinatie van passie, kennis en techniek kunnen wij de kwaliteit van uw fruit het hele jaar rond waarborgen. Of u uw fruit nu alleen wilt opslaan of ook de sortering, het transport of zelfs de gehele ordering en voorraadbeheer uit handen wilt geven, het is bij Koelcentrum Zederik allemaal mogelijk. Dankzij ons klantgerichte team kunt u zich zonder zorgen focussen op de kern van uw werk: het telen of in- en verkopen van uw fruit.",Netherlands,1.227201,,,
Herik Rail Company,1227201.0,"Netherlands, North Holland, Weesp",https://www.linkedin.com/company/herik-rail-cargo,www.herikcargo.com,"DIRECTE SPOORVERBINDING DOOR DE ALPEN De rail shuttle van Herik Rail geeft de Amsterdamse havenregio haar directe spoorverbinding door de Alpen. Zo kunnen bijvoorbeeld verse snijbloemen uit Aalsmeer, vis uit IJmuiden, groente, maar ook elektronica, farmaceutische producten etc. regelrecht naar Milaan en Verona worden getransporteerd. En vinden bijvoorbeeld Italiaanse lederwaren hun weg terug naar Amsterdam. Vanuit Venlo waar de firma Cabooter een terminal runt exporteren bedrijven naar of importeren uit Italië.",Netherlands,1.227201,,,
Declaranten.nl,1227201.0,"Netherlands, South Holland, Gorinchem",https://www.linkedin.com/company/declaranten-nl,www.declaranten.nl,"Declaranten.nl kenmerkt zich door mensgerichtheid, snelheid, vakkennis, gedrevenheid en enthousiasme. Door onze diepgaande kennis van de branche waarin wij actief zijn, bezitten wij over een groot netwerk en kunnen we snel schakelen en maatwerk leveren.    Het vinden van de juiste betrekking is al een maatpak(je), alles moet kloppen. Daarom vinden wij niet alleen de bemiddeling belangrijk maar ook het onderhandelen over je voorwaarden en nazorg.  Wie zoeken wij? Onze doelgroep bestaat uit ambitieuze kandidaten die toe zijn aan een 1ste, 2de of volgende stap in hun carrière waarbij de focus ligt op de positie van declaranten en / of customs specialisten dan wel andere douane gerelateerde activiteiten. Neem vrijblijvend contact met ons op via info@declaranten.nl  Wij adviseren je dan over hoe wij je verder kunnen helpen op het vinden van een nieuwe betrekking of werkomgeving. Wil je meer weten? Bel Arnoud 06-81686869 of Marcel  06-44696428",Netherlands,1.227201,,,
Gecertificeerd Hoger Veiligheidskundige | Gecertificeerd Veiligheidsadviseur Gevaarlijke Stoffen,1227201.0,"Netherlands, North Brabant, Ulvenhout",https://www.linkedin.com/company/vhls-veiligheidsadviseur-adr,www.vhls.eu,"Sinds 1995 is er, als logistieke dienstverlener, ervaring opgebouwd met het ontvangen, opslaan en verzenden van gevaarlijke stoffen conformde voorwaarden die het ADR hieraan stelt. Het ADR staat voor de Europese regelgeving op het gebied van het vervoer van gevaarlijke stoffenover de weg (Accord européen relatif au transport international des marchandises Dangereuses par Route). VHLS is hiervoor gecertificeerd en twee jaar later volgde de certificering voor het vervoer van gevaarlijke stoffen door de lucht.(IATA-dangerous goods regulations). Sinds 2002 heeft VHLS zich verder ontwikkeld als logistiek dienstverlener en gespecialiseerd in het Veiligheidsadviseurschap voor het vervoer van gevaarlijke stoffen over de weg. In de huidige vorm, VHLS Veiligheidsadviseur ADR, adviseren wij bedrijven en instellingen die conform de wet- en regelgeving een Veiligheidsadviseur ADR nodig hebben. Wie heeft er een Veiligheidsadviseur ADR nodig? In de wettelijke voorschriften voor het vervoer van gevaarlijke stoffen over de weg, is de verplichting opgenomen tot het aanstellen van een gecertificeerde Veiligheidsadviseur ADR. Deze mag zowel intern als extern worden ingevuld.Als er binnen uw onderneming vervoershandelingen plaatsvinden (laden, lossen en opslag en / of transport) en deze boven de zogenaamde “1.000 puntenregeling” vallen, dan moet u een Veiligheidsadviseur hebben aangesteld. Naast die veiligheidsadviseur gevaarlijke stoffen, is ook de Gecertificeerd Hoger Veiligheidskundige in ons ruime dienstenpakket opgenomen. Daarmee is een verbreding en verdieping op het gebied van veiligheid in de ruimste zin des woords mogelijk. Dit, om u nog beter van dienst kunnen zijn met “Veiligheidsvraagstukken”.",Netherlands,1.227201,,,
Nieuwkerk Transport & Detachering.B.V,1227201.0,Netherlands,https://www.linkedin.com/company/nieuwkerk-transport-detachering,www.nieuwkerktransport.nl,"Services > Detachering Arbeid, arbeidskrachten en payrolling Bent u op zoek naar gekwalificeerde, betrouwbare en gemotiveerde arbeidskrachten? John van Nieuwkerk selecteert en detacheert de juiste mensen voor werkzaamheden in de transport-, tuinbouw- en industriesector. Hij bemiddelt in tijdelijke en vaste banen voor zowel werkzoekenden als werkgevers. Wat is de kracht van John van Nieuwkerk? * Persoonlijke werkwijze op het gebied van detachering * Optimale prijs- kwaliteitverhouding * Binnen 24 uur de juiste arbeidskracht op de juiste plek * Grondige werving- en selectieprocedure * Eigen payrolling. Oplossing voor zzper in transport Een zzper die niet in het bezit is van een Eurovergunning mag zich niet verhuren aan een transportbedrijf. Een transportbedrijf mag alleen gebruik maken van chauffeurs die bij dat bedrijf in loondienst zijn en dit d.m.v. van een verklaring van dienstbetrekking kunnen aantonen of van chauffeurs die ingehuurd zijn via een erkend uitzendbureau dat in het bezit is van een Aanwijzingsbeschikking. Deze regels maken het een zzper in de transportwereld niet makkelijk. John van Nieuwkerk transport bv is als erkend uitzendbureau wel in het bezit van deze aanwijzingsbeschikking. Dus wanneer u als zzper voor John van Nieuwkerk transport bv wilt werken, krijgt u van hem een Verklaring terbeschikkingstelling en kunt u direct aan de slag. U moet deze verklaring onderweg wel altijd op zak hebben om hem bij controle te kunnen tonen. Wanneer u geen werkzaamheden meer verricht voor John van Nieuwkerk transport bv, bent u verplicht de verklaring weer in te leveren.",Netherlands,1.227201,,,
Cura Consultancy,1227201.0,"Netherlands, Limburg, Valkenburg Aan De Geul, 6 Hekerweg, 6301rh",https://www.linkedin.com/company/cura-consultancy,www.cura-consultancy.nl,"Cura Consultancy biedt logistieke bedrijven een ruim pakket aan diensten op een breed vlak: operationele logistiek (warehouse en transport), ICT en Logistiek (pakketselectie, interne projectleiding en medeation bij vastgelopen projecten) en aanverwante projecten (HACCP, opslag gevaarlijke stoffen)",Netherlands,1.227201,,,
RiskPartners,1227201.0,Netherlands,https://www.linkedin.com/company/riskpartners,www.riskpartners.nl,"RiskPartners is een onafhankelijk adviesbureau. Zij adviseert ondernemingen en helpt  de aan de bedrijfsvoering gerelateerde risico's te identificeren, te meten en te beheersen.  Ons advies richt zich op het ontwikkelen van kosteneffectief Risk,- Security,- en Insurance Management binnen uw bedrijf. Een advies vanuit uw perspectief als ondernemer. RiskPartners staat voor en onafhankelijk en objectief advies op het gebied van: - Risk Management - Security Management - Insurance Management - Bedrijfscontinuïteit Management - Interim Management RiskPartners is een adviesbureau met expertise binnen het werkveld transport (goederen- en personenvervoer), handel en industrie",Netherlands,1.227201,,,
Packing Planet BV,1227201.0,"Netherlands, Utrecht, Amersfoort, 15 Argonweg, 3812",https://www.linkedin.com/company/packing-planet-bv,packingplanet.nl,"Packing Planet BV is een verpakkings- en montagebedrijf dat zich sinds juli 2016 gespecialiseerd heeft in het: -Opzetten, vullen en verzendklaar maken van kartonnen displays voor derden.* -Verpakken van plano displays en deze door heel Europa te verzenden. -Verpakken van beauty accessoires in {cadeau} verpakkingen",Netherlands,1.227201,,,
MS De Vries,1227201.0,"Netherlands, Friesland, Beetgum, 16 Alddyk, 9044",https://www.linkedin.com/company/ms-de-vries,www.dealer.volvotrucks.nl,"Wij begrijpen de verantwoordelijkheden die u draagt als ondernemer op de weg. Met de ervaring en gedrevenheid van ons team nemen we een deel van uw zorgen weg. Voor ons is dat vanzelfsprekend, zonder onszelf op de borst te willen kloppen. Met betrouwbare merken als Volvo en Renault én deskundig onderhoud maken we de kans op storingen zo klein mogelijk. Maar niet alles laat zich plannen. Een ongeluk of storing zit soms in een klein hoekje. Dat komt nooit gelegen. Als uw mobiliteitspartner weten we dat directe actie noodzakelijk is. Niet morgen of over een uur, maar nú. Daarom staat ons eigen team 24 uur per dag, 7 dagen in de week voor u klaar. Heeft uw wagenpark bij drukte tijdelijk extra capaciteit nodig? Onze uitgebreide huurvloot biedt dé oplossing. Wij geven u graag dat extra duwtje in de rug, zodat uw bedrijf succesvol kan blijven groeien. Bij MS de Vries doen we wat we hebben beloofd. Niet is te gek: wij regelen het.",Netherlands,1.227201,,,
Dit Is Bas B.V.,1210524.0,"Netherlands, South Holland, Alblasserdam, 2 Van Leeuwenhoekweg, 2952",https://www.linkedin.com/company/dit-is-bas-bv,ditisbas.com,"Dit is Bas zorgt voor het milieubewust afvoeren van montage afval. Een groot percentage van keukenmontages houd geen rekening met het afvoeren van het verpakkingsmateriaal. Dit is Bas is door vraag vanuit de markt opgericht en kenmerkt zich door snelle en ecologische service. Door een Whatsapp bericht te sturen naar ons telefoonnummer, kan er snel aan de vraag van de klant voldaan worden.",Netherlands,1.210524,,,
Kees Van Leeuwen & Zonen Transport,1210524.0,"Netherlands, North Brabant, Steenbergen, 6 Warwickstraat, 4651gr",https://www.linkedin.com/company/kees-van-leeuwen-zonen-transport,www.vanleeuwentransport.com,"Kees van Leeuwen & Zonen transport is een familie bedrijf dat is opgericht in 1994 en is gevestigd in Steenbergen Noord-Brabant. In 1994 was het bedrijf gevestigd in het plaatsje de Heensemolen, in een woonhuis. Na wat jaren te hebben gereden, was het tijd voor vernieuwing in het bedrijf. Ze kochten de eerste nieuwe Scania 143, het was toen de tijd een hele happening in het kleine dorpje. Na wat jaren kwam er een stuk bouwgrond vrij in steenbergen op industrieterrein Reinierpolder 1. En ze begonnen een loods en een woonhuis te bouwen. Na een jaar kwam kwam er de tweede auto bij en de groei van het bedrijf was gestart. In de loop van de jaren kwamen er meerdere auto’s bij om de werkzaamheden voor de klanten te behartigen. Dit was een hele onderneming voor het bedrijf. Ook heeft het bedrijf veel last gehad van de economische crisis, maar zijn daar met hard werken uit gekomen. Na wat jaren kwamen de twee zoons in het bedrijf om hun vader en moeder te versterken in het ondernemen van het bedrijf. De twee zoons wilden meer, zij wilden naast transport ook op/en overslag gaan doen en zijn daar mee gestart. Het familie bedrijf heeft in de jaren heel wat vaste klanten en fabrieken achter hun gekregen om de goederen van A naar B te brengen. Kees van Leeuwen transport is een groeiend bedrijf, die zijn diensten uit wil breiden om een veelzijdig bedrijf te worden en de klanten goed te bedienen. Kees van Leeuwen & Zonen Transport heeft zich de laatste jaren gespecialiseerd in het containervervoer van en naar de wereldhavens Rotterdam en Antwerpen. Naast het containervervoer verzorgen wij in onze loodsen op- en overslag, het laden en lossen van containers en (her)verpakken van goederen. Kees van Leeuwen & Zonen Transport is een bedrijf zonder een 9 tot 5 mentaliteit waar de service en kwaliteit hoog in het vaandel staat.",Netherlands,1.210524,,,
Verhuisbedrijf Snelle Jongens,1210524.0,"Netherlands, South Holland, The Hague, 609 Ammunitiehaven, 2511",https://www.linkedin.com/company/verhuisbedrijf-snelle-jongens,verhuisbedrijfsnellejongens.nl,Verhuisbedrijf Snelle Jongens is een gedreven verhuisbedrijf wat zich inzet voor de aanvrager. Ons doel is jou duidelijkheid bieden en dat je gelijk weet waar je aan toe bent. Ook werken wij samen met diverse partijen. Zo kunnen wij je toch vaak in jouw behoefte(s) voorzien.,Netherlands,1.210524,,,
Taxi - Juwett,1210524.0,"Netherlands, Limburg, Grubbenvorst, 1 Koekoeklaan, 5971",https://www.linkedin.com/company/taxi-juwett,www.taxi-juwett.nl,"Taxi - Juwett ; Gedreven door mensen.  Wij van Taxi - Juwett zijn een jong en dynamisch vervoersbedrijf wat zich bezig houdt met alle vormen van vervoer. Dagelijks vervoeren we schoolkinderen, woon-werk klanten, zakenvervoer, rolstoel afhankelijke en veel meer.  Taxi - Juwett heeft al meer dan 25 jaar ervaring in de taxi branche en we zijn voor veel organisaties en bedrijven een vast aanspreekpunt als het om vervoer gaat.  Taxi-Juwett blijft zich verbeteren en moderniseren, zo rijden we altijd met nette Mercedes-Benz sprinters die voor alle typen vervoer kunnen worden ingezet.  Heeft u een vervoersbedrijf dat al uw lasten en zorgen kan overnemen, waardoor u meer tijd over heeft voor andere werkzaamheden?  Twijfel niet en neem contact met ons op zodat we een passende offerte voor u kunnen maken. We helpen graag!  Contact 077-8506999 info@taxi-juwett.nl www.taxi-juwett.nl",Netherlands,1.210524,,,
Koeriersdienst De Molen,1210524.0,"Netherlands, South Holland, Rotterdam, 40 Vlaardingweg, 3044ck",https://www.linkedin.com/company/koeriersdienst-de-molen,www.koeriersdienstdemolen.nl,"Wij zijn koeriersdienst De Molen.  We zijn een jong en dynamisch bedrijf dat zich concurreert door prijs en kwaliteit. Onze centrale ligging zorgt ervoor dat wij makkelijke aanrijroute hebben namelijk via de A20, A4 en de A13. Heeft u een zending wat snel van A naar B moet worden gebracht en draagt u de verantwoordelijkheid dat het discreet, ongeschonden en op tijd aankomt? Dan zijn wij de juiste partner die deze zorg uit handen neemt.",Netherlands,1.210524,,,
Distributie Service Nederland,1210280.0,Netherlands,https://www.linkedin.com/company/distributie-service-nederland,www.distributieservice.nl,"Distributie Service Nederland is een jong en dynamische bedrijf en is al jaren actief Distributievak.  Flexibiliteit, service en kwaliteit vormen de basis van onze 24 uurs bedrijfsvoering. Distributie Service Nederland kent een platte organisatiestructuur. U hebt steeds te maken met één centraal aanspreekpunt. Onze ervaren medewerkers zien erop toe, dat uw transport in goede banen wordt geleidt.  Uw producten worden zorgvuldig behandeld. Onze planners kunnen met ondersteuning van moderne communicatiemiddelen en verslaglegging, u steeds exact aangeven waar uw producten zich bevinden en wanneer ze worden afgeleverd.  Ons heldere distributiesysteem maakt een goed beheersbaar, traceerbaar en schadevrij transport mogelijk, dat met modern, multifunctioneel en perfect onderhouden materieel wordt uitgevoerd",Netherlands,1.21028,,,
Watersportvereniging Flevo,1210280.0,"Netherlands, Gelderland, Harderwijk, 2 Knarweg, 3846",https://www.linkedin.com/company/watersportvereniging-flevo,wvflevo.nl,"Wij heten u van harte welkom bij watersportvereniging Flevo in Harderwijk, eigenaar van jachthaven de Knar gelegen aan de Knarweg 4-6, 3846 AH Harderwijk. Komt u over het water vanuit Zeewolde, dan vindt u jachthaven de Knar aan stuurboordzijde voor het Aquaduct, komende vanuit de richting Elburg vaart u door het Aquaduct en vindt u de haven aan bakboordzijde. Jachthaven de Knar is in november 2015 opgeleverd. Een mooiere locatie kun je je niet wensen. De vereniging bestond op 9 juli 2016 85 jaar. Op deze dag heeft de officiële opening plaats gevonden. In het vaarseizoen bent u als passant van harte welkom. Er zijn fietsen beschikbaar (alleen voor de boodschappen ) en bent u binnen 10 minuten in het centrum van Harderwijk. Een bezoek aan het Dolfinarium mag natuurlijk niet op uw lijstje ontbreken, maar ook een bezoek aan b.v. het Harderwijker Museum is de moeite waard. De havenmeester geeft u  alle relevante informatie. De jachthaven is van alle moderne gemakken voorzien. U vindt er elektriciteit en water op de steigers, in beide gebouwen, t.w. in het havengebouw en in het verenigingsgebouw de ‘Kop van de Knar’, zijn toiletruimten. Tevens is er een wasserette in het havengebouw. Onder de kraan vindt u de vuilwater afzuig installatie. De jachthaven beschikt over een kleine baai, waar in een afgesloten gedeelte kinderen in het water kunnen spelen. Vanaf het terras, waar u tijdens de openingstijden kunt genieten van een hapje en een drankje, heeft u zicht op het speeltuintje waar uw kinderen zich kunnen vermaken. Wij wensen u veel vaarplezier en verwelkomen u graag op onze  jachthaven.",Netherlands,1.21028,,,
VDS Projects bv,1210280.0,Netherlands,https://www.linkedin.com/company/vds-projects-bv,www.vdsprojects.nl,"VDS Projects bv heeft zich met als basis logistieke dienstverlening de afgelopen jaren gespecialiseerd in het realiseren van turn-key projecten ten behoeve van Hotels, vakantieparken en kantoren wereldwijd. Of het nu gaat om montage, electro technische montage, inhuizing, renovatie, opslag, voorraadbeheersing, transporten zowel nationaal als internationaal of wat er ook komt kijken bij u project, VDS Projects bv kan voor iedere organisatie een optimale oplossing aanbieden.",Netherlands,1.21028,,,
PDA Chauffeurs,1210280.0,"Netherlands, Groningen, Groningen, 50 Poelestraat, 9712kc",https://www.linkedin.com/company/pda-chauffeurs,pda-chauffeurs.nl,PDA Chauffeurs (Private Drivers Association) is een bedrijf dat zich heeft gespecialiseerd in het rijden van zowel zakelijke als particuliere klanten door heel Nederland. PDA Chauffeurs biedt u de mogelijkheid om ‘verloren’ uren terug te winnen en uw reistijd effectief te benutten.,Netherlands,1.21028,,,
CAEMS,1210280.0,"Netherlands, Utrecht, Zeist",https://www.linkedin.com/company/caems,www.caems.nl,"CAEMS is all about effective Marketing & Sales, we practice hands on, realistic, enjoyable and committed ways of working together and doing business. CAEMS enjoys a great network in the Rail and Aviation Industry which can be utilised to advantage by clients of CAEMS to assist them in enlarging their market-share and sales volumes. CAEMS offers not only hands-on prospecting and sales assistance, but also marketing services, such as the conducting of Market Survey’s, SWOT Analysis, product strategy and management. Furthermore interim management, on the job training of Marketing & Sales departments and consultancy are also services provided by CAEMS CAEMS can also operate as a representative, agent or as a distributor for its clients in their market.",Netherlands,1.21028,,,
Stalling Fryslan,1210280.0,"Netherlands, Friesland, Sneek, 19 Kamerlingh Onnesstraat, 8606",https://www.linkedin.com/company/stallingfryslan,stallingfryslan.nl,"Nieuw! Op 1 januari 2023 opent Stalling Fryslan haar deuren in Sneek, Friesland.  Ruim 8500m2 aan hoogwaardig overdekte, droge, uitstekend onderhouden en stofvrije stallingsruimte voor uw camper, caravan, vouwwagen, boot, jetski, oldtimer of ander object.  DE ÉNIGE LOCATIE IN NOORD-NEDERLAND MET NOG VOLDOENDE PLEK BESCHIKBAAR VOOR CAMPERS. De locatie is verdeeld in een begane grond van 5000m2 met een gevlinderde betonvloer voor objecten vanaf 1000kg en een verdieping van 3500m2 voor lichtere objecten tot 1000kg. Wij hanteren slechts 2 prijzen, gebaseerd op de beide gewichtsklassen: - €50,- per strekkende meter per jaar voor objecten lichter dan 1000kg en max. hoogte 200cm - €75,- per strekkende meter per jaar voor objecten zwaarder dan 1000kg en max. hoogte 320cm Genoemde prijzen zijn incl. btw en 4 x halen/brengen (waarbij u uw auto mag achterlaten op de vrijgekomen plaats. Prijzen gelden voor objecten met een max. breedte van 250cm excl. spiegels. Het spreekt voor zich dat de stalling afgesloten en goed beveiligd is door onder meer beveiligingscamera's en rookmelders; de beheerder woont nabij en tijdens openingsuren is er altijd personeel aanwezig. De perfecte omstandigheden voor uw kostbare eigendom. Wanneer u op zoek bent naar een ruim opgezette, betrouwbare én klantvriendelijke stalling met nog voldoende ruimte beschikbaar in Noord-Nederland dan bent u bij Stalling Fryslan aan het juiste adres! U vindt ons aan de rand van Sneek op industrieterrein Houkesloot, uitstekend bereikbaar via de A7 en de N354. Op enkele minuten rijden zijn diverse tankstations, garage- en bandenservicebedrijven, supermarkten (Lidl en AH) en enkele prachtige camperplaatsen.",Netherlands,1.21028,,,
Nissin Transport GmbH Netherlands,1210280.0,"Netherlands, North Brabant, Tilburg, 3 Rheastraat, 5047",https://www.linkedin.com/company/nissin-transport-gmbh-netherlands,www.nissin-eu.com,"Nissin Netherlands is an international freight forwarder, providing worldwide transport and logistics solutions tailored to your needs. Air, ocean, road or rail? Multiple containers (FCL) or smaller loads (LCL)? The fastest option? Or the most cost-efficient? An urgent, last-minute shipment? We find the shipping solutions that suit your needs, at fair rates that stay within your budget. We also provide warehousing solutions for regular cargo, dangerous, explosive and temperature-sensitive materials, or valuable goods.",Netherlands,1.21028,,,
Tradingplaza,1210280.0,Netherlands,https://www.linkedin.com/company/tradingplaza,www.tradingplaza.nl,"Een fijnmazig, goed renderend verkoopnet waar u geen omkijken naar heeft, welke leverancier wil dat niet? Tradingplaza maakt het mogelijk.  Bent u een middelgrote tot grote leverancier - groothandel, importeur, fabrikant -, dan is Tradingplaza geïnteresseerd in uw “kleine klanten”: klanten die voor u minder rendabel zijn omdat ze te weinig omzet genereren.  Tradingplaza kan de groep kleine afnemers van u overnemen, en u zo verlossen van de logistieke, administratieve en financiële beheerslast. U behoudt de omzet, en de feeling met al uw klanten, maar met een veel hoger rendement.  Toonaangevende groothandelbedrijven gingen u voor en laten orderintake, facturatie, logistiek enz. voor een groot deel van hun klantenbestand via Tradingplaza lopen. Tot grote tevredenheid van zowel de klanten als de leveranciers.  Hoe doet Tradingplaza dat?  Eenvoudig. Door een kleine organisatie, slimme automatisering, een gebruiksvriendelijke website en een groot kostenbewustzijn.  Tradingplaza presenteert zich als één grote klant richting leverancier, die hiermee zijn verkoopkosten aanzienlijk kan verlagen. Toch worden indirect honderden klanten bediend.  Afnemers zien slechts één leverancier, Tradingplaza, en kunnen zo hun facturenstroom, en dus hun inkoopkosten sterk reduceren. Bestellingen kunnen snel en gemakkelijk worden gedaan via de website. Tradingplaza organiseert de logistiek – bijna alle artikelen worden binnen vier dagen geleverd - en zorgt voor de maandelijkse facturatie.  Nog een voordeel: Tradingplaza is p-card acceptant. In samenwerking met de p-card providers, biedt Tradingplaza klanten de mogelijkheid met deze populaire bedrijfscreditcard te betalen. Veel groothandels bieden deze faciliteit niet. Klanten krijgen zo wel de lusten, maar niet de lasten van het inkopen bij een grote leverancier: wél toegang tot een enorm assortiment, níet de trage orderafhandeling en facturatie. Met de p-card wordt het verwerken van facturen simpel en goedkoop.",Netherlands,1.21028,,,
BCF-Products B.V.,1210280.0,"Netherlands, North Brabant, Eindhoven, 4e Steenoven, 5626dk",https://www.linkedin.com/company/bcf_products,www.bcf-products.nl,"BCF-Products is een groothandel met zowel een webshop functie als bezoekadres met magazijn in Eindhoven. De klantenkring van BCF-Products bestaat zowel uit zakelijke klanten als particulieren. Het assortiment betreft producten voor ladingzekering en logistiek, met als onderscheidend vermogen om maatwerk oplossingen aan te bieden. Het assortiment bestaat onder andere uit; spanbanden, rails, fittingen, stuwzakken, ladingstangen, sloten, bakken, antislipmatten en verzegelingen.",Netherlands,1.21028,,,
Night-X,1210280.0,"Netherlands, North Holland, Amsterdam",https://www.linkedin.com/company/night-x,www.night-x.co,"Open access train operator, planning to offer high-quality, high-speed overnight train services throughout mainland Europe.",Netherlands,1.21028,,,
Pas Taxi & Tours,1210280.0,"Netherlands, North Brabant, Helmond, 260 Mierloseweg, 5707av",https://www.linkedin.com/company/pas-taxi-&-tours,www.pastaxi.nl,Pas Taxi & Tours is een taxibedrijf uit Helmond en heeft zich gespecialiseerd in groepsvervoer en zakelijk vervoer. 24/7/365 staan wij voor u klaar!,Netherlands,1.21028,,,
Van Leeuwen Gevaarsetiketten,1210280.0,"Netherlands, South Holland, Rotterdam",https://www.linkedin.com/company/van-leeuwen-gevaarsetiketten-bv,www.gevaarsetiketten.com,"Supplier of dangerous goods labels, but in fact not only the labels. Attached to the product is our knowledge about how to use and produce. A unique combination! Understanding of the needs of the users is inevitable!  We like to share our knowledge with you, so we advise and help you to get the labels you need, for transportation by road, rail, water and air! Or as just as important for GHS(Global Harmonized System). We will be glad to be at your service! We deliver worldwide.",Netherlands,1.21028,,,
Transport.nl,1210280.0,"Netherlands, North Holland, Amsterdam, 98-100 Meeuwenlaan, 1021",https://www.linkedin.com/company/transport-nl,www.transport.nl,"Transport.nl is het nieuwe portal voor en door transporterend Nederland.  Wij bieden een selfservice omgeving waarbinnen bedrijven zich uitstekend kunnen profileren. De inhoud van de website moet zoveel mogelijk door transporteurs (of aan de transportbranche gerelateerde bedrijven) tot stand komen. Bedrijven kunnen op Transport.nl zelf zeer uitgebreide bedrijfsprofielen aanmaken, (binnenkort) ladingen uitwisselen, offerteaanvragen van (nieuwe) klanten ontvangen, vacatures plaatsen, cv’s doorzoeken, opleidingen aanbieden, nieuws delen en nog veel meer.",Netherlands,1.21028,,,
Oléus Coatings,1210280.0,"Netherlands, South Holland, Capelle Aan Den Ijssel, Nijverheidstraat, 2901",https://www.linkedin.com/company/oleus-b-v-,www.oleus.nl,"Oléus richt zich op de ontwikkeling en verkoop van coatings en onderhoudsproducten voor de professionele beroepsvaart.  Wij adviseren over de toepassingen van deze producten en leveren de daarbij behorende technische ondersteuning. Wij zijn actief in onder andere: binnenvaart, bunkerstations, visserij, bagger, natte aannemerij, rijksdiensten, scheepsbouw. Met een sterk distributienetwerk en een vlakke organisatiestructuur kan Oléus u een snelle en adequate ondersteuning bieden. Wij trainen onze distributiepartners zodat zij op de hoogte blijven van alle nieuwe ontwikkelingen en u een correct advies kunnen geven.",Netherlands,1.21028,,,
De-Chauffeurs.nl,1210280.0,Netherlands,https://www.linkedin.com/company/de-chauffeurs-nl,www.de-chauffeurs.nl,"Wilt u uw kostbare tijd efficiënter besteden? De-Chauffeurs.nl helpt u op weg. Wij zorgen ervoor dat u uw kostbare tijd efficiënt kunt besteden. Met een chauffeur kunt u rustig in de auto doorwerken, zonder dat u zich druk hoeft te maken om files of het zoeken naar een parkeerplaats. Ook na werktijd, bij sociale gelegenheden, zoals diners en recepties, zorgt een chauffeur van De-Chauffeurs.nl ervoor dat u weer veilig thuis wordt gebracht in uw eigen auto.",Netherlands,1.21028,,,
Vesta Netherlands BV,1210280.0,"Netherlands, Gelderland, Doetinchem, 37 Hanzestraat, 7006",https://www.linkedin.com/company/vesta-netherlands-bv,www.lcvesta.nl,"Vesta Netherlands B.V. is a freight forwarder specialising in national and international transport by road, rail, sea, air and multimodal. From our office in the Netherlands, we coordinate daily shipments to destinations in Europe, the Middle East, North Africa and Central Asia. Whether it is groupage, FTL, ADR, conditioned transport, exceptional transport or project cargo - we ensure safe, timely and efficient delivery. Thanks to reliable partners and personal service, we provide tailor-made solutions for every logistics challenge.  Why choose Vesta? ✔ Specialist in Europe, the Middle East, North Africa and Central Asia ✔ Experienced in complex and cross-border routes ✔ Customs support  ✔ Personal service with short communication lines 🌍 We connect markets, people and opportunities.",Netherlands,1.21028,,,
Arminak Transport & Logistiek,1210280.0,"Netherlands, North Holland, Alkmaar, 29 Jan Brugmankade",https://www.linkedin.com/company/arminak-transport,www.arminak.nl,Een transportbedrijf gevestigd in Alkmaar die zich focused op lastmile delivery diensten en koeriersdiensten voor diverse opdrachtgevers waar we direct mee samenwerken o.a. PostNL en DHL. We bezitten over de NIWO vergunning en de Paychecked certificaat.,Netherlands,1.21028,,,
Motorenrevisie Eemsdelta BV,1210280.0,"Netherlands, Groningen, Farmsum, 2 Visserijweg, 9936",https://www.linkedin.com/company/motorenrevisie-eemsdelta-bv,www.motorenrevisie-eemsdelta.nl,"Motorenrevisie Eemsdelta is een full service bedrijf gericht op het leveren, reviseren, testen en repareren motoronderdelen. Motorenrevisie Eemsdelta richt zich voornamelijk op bedrijven uit de : landbouw, automotive, industrie en scheepvaart. Dit doen wij door middel van het verrichten van diverse werkzaamheden: cilinderkopbewerkingen, motorblokbewerkingen, krukasbewerkingen, dynamo’s, startmotoren, revisie & reparatie op locatie motoronderdelen en ruilmotoren. Door het uitvoeren van deze revisie-bewerkingen maken wij kapotte of versleten onderdelen weer als nieuw.",Netherlands,1.21028,,,
Almas Magazijninrichting,1210280.0,Netherlands,https://www.linkedin.com/company/almas-magazijninrichting,www.almas.nl,"Sinds 1993 zijn wij actief in de inkoop en verkoop van magazijnstelling en magazijninrichting. Wij leveren alles voor het magazijn, zowel nieuw als gebruikt. Op deze LinkedIn pagina zult u projecten vinden die wij hebben gedaan. Ook zullen wij wijzigingen in ons assortiment regelmatig op de pagina zetten. Almas magazijninrichting is een bedrijf dat zich richt op zowel kleine als grote projecten. Wij helpen u graag met de inrichting voor een soepele warehousing met maximale capaciteit. Kwaliteit en klantgerichtheid staat bij ons hoog in het vaandel. Almas magazijninrichting is in staat om grote projecten, van plan tot oplevering in een korte tijd te realiseren.",Netherlands,1.21028,,,
ESKA Fulfilment,1210280.0,"Netherlands, North Brabant, Waalwijk, 15 Elzenweg, 5144",https://www.linkedin.com/company/eskafulfilment,www.eskafulfilment.nl,"Vertegenwoordigers van de e-commerce-industrie moeten zich voortdurend aanpassen aan de verwachtingen van hun klanten, die steeds veeleisender worden. Daarom profiteren veel beginnende ondernemers van extra ondersteuning door te kiezen voor warehouse outsourcing. We leggen uit hoe fulfilment werkt voor kleine bedrijven!",Netherlands,1.21028,,,
Green Wave Urban Transports,1210280.0,"Netherlands, North Holland, Amsterdam, 526-s1 Nieuwendammerdijk, 1023",https://www.linkedin.com/company/green-wave-urban-transport,www.tesco-shipping.com,"Green Wave Urban Transports wilt zich onderscheiden door nieuwe type kleine schepen te ontwikkelen die voldoen aan de laatste milieu normeringen (elektrisch varen) en tot op de kleinste wateren, in de binnenstad, kunnen varen. Dit in combinatie met strategische partners voor aanvullende vervoersmodaliteiten en dienstverleningen om zo een totale omgevingsvriendelijke logistieke oplossing te kunnen bieden.",Netherlands,1.21028,,,
Tall Ship Minerva,1210280.0,"Netherlands, South Holland, Scheveningen, Nr 10 Dr. Lelykade T/o, 1025",https://www.linkedin.com/company/tall-ship-minerva,www.tallshipminerva.nl,"Tall Ship Minerva can host groups of 25 until 120 guests for a sailing trip and up to 175 guests for a deck party in port. Homeport is Scheveningen, but sailings can also start from other ports in Europe. The ship is especially designed for daytrips, company outings, client events, parties, business dinners, weddings, etc. De prachtige witte driemaster Tall Ship Minerva kan groepen van 25 tot 120 gasten ontvangen voor een vaartocht en tot 175 gasten voor een receptie in de haven. Thuishaven is Scheveningen (Den Haag), maar op aanvraag zijn ook andere afvaarthavens in Nederland en Noord-Europa mogelijk. Het schip leent zich voor bedrijfsuitjes, relatie evenementen, (trouw)feesten, haringparties, etc. Meer info: www.tallshipminerva.nl.",Netherlands,1.21028,,,
B&P Shipping B.v.,1210280.0,Netherlands,https://www.linkedin.com/company/b&p-shipping-b.v._2,www.bpshipping.nl,"Your door to door transport specialist by Sea (containers), rail or road. Norway, Sweden, Finland, Denmark, UK and Ireland.",Netherlands,1.21028,,,
Evolution Terminals B.V.,1210280.0,"Netherlands, Zeeland, Vlissingen, 4 Europaweg Zuid, 4389",https://www.linkedin.com/company/evolutionterminals,www.evoterminals.com,"Evolution Terminals is developing a new state-of-the-art bulk liquid storage terminal and deepwater jetty for storage and handling of renewable and sustainable fuels in the North Sea Port of Vlissingen, the Netherlands. The facility will be directly accessible from the North Sea and the adjoining Scheldt River will connect the Terminal to the Ports of Antwerp, Ghent and Terneuzen, as well as to the European inland waterway, rail and road infrastructure.",Netherlands,1.21028,,,
Fulfilment Partners N.V.,1210280.0,Netherlands,https://www.linkedin.com/company/fulfilment-partners,www.fulfilmentpartners.nl,"Fulfilment Partners is onderdeel van Printing Partners en heeft zich volledig gespecialiseerd in het verzorgen van webshop activiteiten en E-fulfilment voor derden. Fulfilment Partners biedt een totaaloplossing voor het verzorgen van het complete voorraadbeheer, logistieke afhandeling van orders, maar ook voor klantenservice en marketing.",Netherlands,1.21028,,,
Breusers Assemblage Eindhoven,1210280.0,Netherlands,https://www.linkedin.com/company/breusers-assemblage-eindhoven,www.breusersassemblage.nl,"Bij Breusers Assemblage Eindhoven kunt u terecht voor diverse activiteiten. Deze werkzaamheden worden handmatig en/of licht machinaal verricht. Dit varieert van eenvoudige inpakwerkzaamheden tot hoogwaardige elektrische producten. Bij deze werkzaamheden kunt u denken in-cq ompakken van producten van uiteen  lopende aard. Mailings verzendklaar maken, stickerwerkzaamheden, verpakken, sealen en/of krimpen. Montage, assemblage of re-works van uiteenlopende producten. Hierbij kunt u  denken aan elektrische componenten, onderdelen uit de automotive industrie,  onderdelen voor kantoorinventaris, reclame artikelen, etc. Onze  werkzaamheden beperken zich niet tot het werken VOOR derden. Wij denken met  onze opdrachtgevers mee om zo efficiënt en zo kostenbesparend te werken op  het gebied van transport, werkprocedures en planningen. Dit uit zich in accuratie in kwaliteit, kwantiteit en levertijd. Onze prijs/kwaliteit  verhouding is dan ook zeer concurrerend. Hierin onderscheiden wij ons van andere assemblage bedrijven.",Netherlands,1.21028,,,
Rail Fleet Partner,1210280.0,"Netherlands, South Holland, Rotterdam",https://www.linkedin.com/company/railfleetpartner,www.railfleetpartner.com,Independent Rail Fleet Services // Rail Fleet Partner for: Railway Operators - Railway Undertakings - Logistics Service Providers,Netherlands,1.21028,,,
Metin International B.V.,1210280.0,"Netherlands, Overijssel, Oldenzaal, 9 Multatulistraat, 7575eb",https://www.linkedin.com/company/metin-international,www.metininternational.nl,"Metin International Als een derde partij logistieke dienstverlener, blinken we bij een bereik van logistieke diensten, die trucking services, expeditie, en een scala aan andere ondersteunende diensten omvat. Wij hebben jarenlange ervaring in de logistiek als trucking service en expediteur en streven ernaar om onze klanten met gemak, betrouwbaarheid en betaalbaarheid te bieden met onze logistieke diensten. Ons team heeft jarenlange ervaring achter zich. Dit helpt ons altijd bij het verstrekken van stipte levering en service, of het nu charter diensten of expeditie. Ons doel is om een positief verschil in uw bedrijf te maken door middel van onze diensten, en het opbouwen van lange termijn relatie met u.",Netherlands,1.21028,,,
Hago Airport Services B.V.,1185911.0,Netherlands,https://www.linkedin.com/company/hago-airport-services-b-v-,www.hagoairportservices.nl,"Schoon is van iedereen. Ook van iedereen die z’n vleugels uitslaat. Daarom zetten duizenden Hago-medewerkers zich elke dag graag in voor de meer dan 63 miljoen bezoekers van Schiphol. De medewerkers van Hago Airport Services weten als geen ander dat de wereld van Schiphol meer vraagt dan ‘alleen’ schoonmaak. Verregaande kennis van de dynamiek in deze wereld is essentieel. Dit, in combinatie met de trots en passie voor hun werk, laat bij iedere reiziger of bezoeker van Schiphol een positieve indruk achter. Hago is er niet alleen voor Schiphol, maar voor iedereen. Ontdek Hago, de schoonmakers van Nederland. www.schoonmakersvannederland.nl  Hago Airport Services maakt onderdeel uit van familiebedrijf Vebego, dat in vier landen actief is op het gebied van schoonmaak, facilitaire dienstverlening en zorgondersteunende diensten.",Netherlands,1.185911,,,
GreenCityTrip,1172257.0,"Netherlands, North Brabant, Breda",https://www.linkedin.com/company/greencitytrip,www.greencitytrip.nl,Affordable and sustainable citybreaks by train. GreenCityTrip operates a network of beautiful European destinations and offers direct international rail connections since October 2021.,Netherlands,1.172257,,,
Borgers Conservering,1050055.0,"Netherlands, Gelderland, Nijkerk, 17 Smitspol, 3861",https://www.linkedin.com/company/borgers-decoratie,www.borgersconservering.nl,"Borgers Conservering ‘Uw partner voor verzinkwerk, poedercoating en (sier)hekwerkonderdelen' Borgers Conservering verzorgt het conserveren van staal voor u op elk vlak en is tevens een groothandel in sierijzerwerken. Borgers Conservering heeft zich de laatste jaren geconcentreerd op het totaal verzorgen van verzinken en poedercoating. Door de reeds opgebouwde naamsbekendheid in het gehele land met verzinken en poedercoating, hebben wij ondertussen een flink aantal eigen trailers tot onze beschikking. Ons streven is dan ook u zo veel mogelijk te ontzorgen wat betreft de oppervlakte behandeling van uw staalwerk. Een uniek aspect van Borgers Conservering is het enthousiasme in combinatie met de betrokkenheid van een familiebedrijf, maar de kwaliteit en professionaliteit van een grote marktspeler. Borgers Conservering denkt graag met u mee om tot een subliem resultaat te komen. Hebben wij uw interesse gewekt? Dan heten wij u uiteraard van harte welkom in onze uitgebreide showroom aan de Smitspol 17 in Nijkerk.",Netherlands,1.050055,,,
Baas Chauffeurs,832896.0,"Netherlands, North Holland, Bussum, 1403",https://www.linkedin.com/company/2969453,www.baaschauffeurs.nl,"✨ Baas Chauffeurs – Uw persoonlijke chauffeur & meer ✨ Bent u op zoek naar een betrouwbare privéchauffeur of directiechauffeur? Bij Baas Chauffeurs staan professionaliteit, discretie en comfort voorop. Wij bieden u een compleet pakket aan diensten: 	•	🚘 Privéchauffeur & Directiechauffeur – comfortabel en stressvrij reizen. 	•	🛫 Vliegveldservice – zorgeloos naar Schiphol, Rotterdam of Eindhoven. 	•	🏡 Thuisbrengservice – veilig en relaxed thuis na een diner of feest. 	•	📦 Koeriersdiensten – snelle en veilige levering van belangrijke documenten of pakketten. 	•	🛠️ Garage- & Bandenwisselservice – wij brengen uw auto voor onderhoud of bandenwissel. 	•	⛽ Tank- & Wasservice – altijd een volle, schone auto tot uw beschikking. Waarom kiezen voor Baas Chauffeurs? ✔ Ervaren en representatieve chauffeurs ✔ Altijd discreet en professioneel ✔ Beschikbaar in Amsterdam, Utrecht, Amersfoort en omgeving ✔ Zowel voor particulieren als zakelijke klanten Laat ons het rijden en regelen doen, zodat u zich kunt focussen op wat écht belangrijk is. 📞 Neem vandaag nog contact op en ervaar het gemak van Baas Chauffeurs.",Netherlands,0.832896,,,
AirFi,800400.0,"Netherlands, South Holland, The Hague",https://www.linkedin.com/company/airfi,www.airfi.aero,"We provide easy solutions for smart airlines.   AirFi is the global innovator in portable technology and software innovation for inflight digitization. Together, our market-leading in-flight entertainment streaming platform, award-winning LEO Connectivity solution and Connected Crew mobile point-of-sale (mPOS) software are bringing the “Mall in the Sky” to life for airlines large and small.   It’s simple: We enable our clients to blend digital inflight retail opportunities with world-class entertainment, then we tie it all together with aircraft connectivity, secure payment architecture and partner integration.  The result? Improved customer satisfaction, bigger ancillary revenues and lasting brand loyalty.   The AirFi box, now in its third generation, is designed with a flexible open platform architecture so airlines can work within our partner ecosystem and with third parties to truly customize their entertainment and retail offerings.   Combined with the in-flight messaging and real-time payment verification capabilities offered by AirFi LEO Connectivity, alongside connected crew functionalities like in-seat ordering, plus an interactive map, gaming and more, airlines can easily deploy cabin technology that just makes sense.  The airline business case is just as important to us as impressing airline passengers. This is why we deploy quickly, keep costs low, and always strive to be the crew’s best friend.  More than 80 customers around the world, from full-service airlines to low-cost carriers and rail operators, have put their trust in AirFi. Innovation is in our DNA.  Want to find out more? Email sales@airfi.aero.",Netherlands,0.8004,,,
Vectura Transport & Trading,652892.0,"Netherlands, South Holland, Rotterdam",https://www.linkedin.com/company/vectura-transport-trading,www.vectura.nl,"We are able to handle your shipments worldwide by Sea, Road, Air and Rail Against very sharp rate and best possible service.   Please try us and send your inquiries and let us kindly surprise you!   We can do transport by SEA (FCL, RO/RO, Break Bulk),   !! Empty containers on stock available in Europe, which will safe you a lot of money and global energy. by ROAD (FTL, LTL),   !! Our trucks are often empty available very close to your loading point, so that we can be quick to load, and again safe money/km. by RAIL (FCL, wagons),  !! Specialized to Russia, Kazakhstan, etc. Own fleet of containers available in Europe     and…. AIR, BARGE, etc If you have questions, please don't hesitate contact us: Email: vectura@vectura.nl phone: 0031-104292535",Netherlands,0.652892,,,
Koerierscentrale Nederland,629334.0,"Netherlands, Gelderland, Apeldoorn, 155 Molenstraat, 7321bd",https://www.linkedin.com/company/koerierscentrale-nederland,www.koerierscentrale.nl,"Koerierscentrale is landelijke en dynamische koeriersdienst met meer dan 10 jaar ervaring. Flexibiliteit, service en kwaliteit vormen de basis van onze 24 uurs bedrijfsvoering. Ons personeel en het materieel staan in voor een snelle en correcte uitvoering van uw opdrachten. 24 uur per dag, 7 dagen in de week. Dus ook op zon-en feestdagen!   Wij bieden oplossingen in distributie, transport en opslag. Door onze flexibele organisatie hebben we voor elanden logistiek vraagstuk wel een oplossing. Wilt u meer weten over welke oplossingen Kunnen wij u bieden? Kijk dan rond op de website.   Koerierscentrale heeft Zich gedurende deze jaren, nationaal als internationaal, Ontwikkeld tot een Betrouwbare vervoerspartner. Door een betrouwbaar netwerk binnen heel Nederland Beschikken wij over een groot aantal Betrouwbare Koeriers. Er is dus altijd wel een voertuig van ons bij u in de buurt. Dus ook in uw omgeving.",Netherlands,0.629334,,,
Stuwanivo B.V.,629334.0,"Netherlands, South Holland, Hendrik Ido Ambacht",https://www.linkedin.com/company/stuwanivobv,www.stuwanivo.nl,"Stuwanivo BV is een jong dynamisch bedrijf dat werkzaam is in de logistiek. De organisatie bestaat uit een team van ervaren medewerkers die veel ervaring hebben in de logistieke branche. Kwaliteit en flexibiliteit zijn de twee belangrijkste speerpunten voor onze organisatie. Voor onze klanten leveren we maatwerk. De werkzaamheden worden zorgvuldig in kaart gebracht en vervolgens gematcht met geschikte kandidaten. Elk medewerker krijgt een loopbaancoach toegewezen. De loopbaancoach zorgt ervoor dat de medewerker in kwestie zonder knelpunten zijn werkzaamheden kan verrichten en zich 100% kan focussen op zijn/haar werkzaamheden. Zelfs na uitstekende referenties en complimenten van onze klanten, blijft Stuwanivo BV zoeken naar manieren om de service en geleverde kwaliteit van werkzaamheden voor onze klanten verder te verhogen. Wie voor kwaliteit en betrouwbaarheid kiest, kiest voor Stuwanivo BV!",Netherlands,0.629334,,,
WebLogistics,629334.0,"Netherlands, North Holland, Nieuw-vennep",https://www.linkedin.com/company/weblogistics2017,www.weblogistics.nl,"WebLogistics is een multifunctioneel webportaal voor transporteurs en verladers. Met de verschillende modules van WebLogistics biedt u klanten de mogelijkheid tot order entry en track & trace. Ook up- en download van POD’s, e-mail notificatie en het aanmaken van CMR’s is mogelijk. Met behulp van de track & trace e-mail notificatie krijgen uw klanten automatisch informatie over de status van hun zending. Op deze manier verhoogt u uw service en kunnen uw medewerkers zich beter richten op andere zaken. De order entry module geeft uw klant de mogelijkheid transportopdrachten -handmatig of door het inlezen van een bestand- te boeken.  Ontdek ook wat WebLogistics nog meer te bieden heeft.",Netherlands,0.629334,,,
Freshcabs,629334.0,"Netherlands, North Brabant, Tilburg",https://www.linkedin.com/company/freshcabs,www.freshcabs.nl,"Freshcabs taxi app is een app om makkelijk een taxi te bestellen en om direct te zien wat de prijs is die jij voor een rit betaalt. Als je via Freshcabs een taxi gaat bestellen, dan kunnen chauffeurs zich op jouw rit inschrijven. Jij ziet vervolgens direct wat de prijs is, in wat voor een auto de chauffeur rijdt en hoe anderen deze chauffeur hebben ervaren. Hierdoor komt er meer transparantie en duidelijkheid in de markt. Chauffeurs mogen zelf hun tarieven bepalen waardoor je een eerlijke prijs betaald.",Netherlands,0.629334,,,
Webshopvoorraad.nl,629334.0,"Netherlands, Utrecht, Soest",https://www.linkedin.com/company/webshopvoorraad-nl,www.webshopvoorraad.nl,"Uw webshop ontgroeit uw kantoor aan huis, de hal of garage. Groei is mooi, maar dit betekent ook dat u meer tijd besteedt aan orderpicking, inpakken, verzenden en afhandelen van retouren. De toenemende voorraad voor uw webshop en de tijd die u besteedt aan het logistieke proces kunt u kosteneffectief uitbesteden zodat u zich volledig kunt richten op uw kernactiviteit. Benieuwd naar wat webshopvoorraad.nl voor u als webshop eigenaar kan betekenen? Lees dan snel meer over onze dienstverlening op het gebied van inslag (het in ontvangst nemen van uw goederen),  opslag, orderpicking, verzenden, retouren en aftersales.",Netherlands,0.629334,,,
De Boomgroep,629334.0,"Netherlands, South Holland, Rotterdam, 2 Charloisse Kerksingel, 3082da",https://www.linkedin.com/company/dpmc-groep,www.deboomgroep.nl,"De Boomgroep ontzorgt klanten met totaaloplossingen voor goederenwagons binnen Europa. Wij onderscheiden ons van traditionele partijen door innovatief klantgericht, onafhankelijk en duurzaam te werken. De Boomgroep wil met haar bedrijfsonderdelen een bijdrage leveren aan het zo efficiënt mogelijk inzetten van rail gebonden voertuigen. Al sinds 2002 beweegt De Boomgroep zich in de spoormarkt in Europa. Zij is betrokken bij diverse bedrijven in deze dynamische sector.",Netherlands,0.629334,,,
Maashaven Warehousing & Logisticals B.V.,629334.0,"Netherlands, South Holland, Rozenburg, Oranjelaan, 3181",https://www.linkedin.com/company/maashaven-warehousing-logisticals-b-v,www.maashaven-wl.nl,"Ofschoon wij nog een “jong” bedrijf zijn, zien wij de logistieke toekomst met vertrouwen te gemoed. Rozenburg is waar u ons kunt vinden. Vlak bij de terminal, dus de ideale locatie voor de logistieke (af)handeling van uw zendingen. In onze gerenoveerde hal kunnen wij uw goederen netjes en veilig opslaan.  Als bedrijf zijn wij flexibel en kunnen wij snel inspelen op wijzigende omstandigheden. Denkt u bijvoorbeeld maar eens aan de gevolgen van de Brexit. Wij zijn goed voorbereid op alle scenario’s en kunnen uw onderneming 24 uur per dag, 7 dagen per week ondersteunen met de logistieke afhandeling van uw zendingen in binnen- en buitenland.  Een overzicht van onze service:  • Goederentransport over zee en door de lucht over de hele wereld. • Verzorging van de benodigde begeleidende documentatie bij de zendingen. • Inklaring van lucht- en zeevracht. • Overslag van goederen. • Warehousing, waaronder labelen en bestickeren van goederen. Als bedrijf willen wij graag uw vertrouwde partner zijn voor in- en uitgaande zendingen per lucht- of zeevracht. Wij nemen u de logistieke handelingen en het bijbehorende papierwerk uit handen, zodat u zich op uw onderneming kunt concentreren. Speciale wensen? Wij zijn flexibel. Maatwerk is onze specialiteit. Samen met u zoeken wij naar de beste oplossing. U kunt vrijblijvend met ons contact opnemen.",Netherlands,0.629334,,,
MWSneltransport,629334.0,"Netherlands, Gelderland, Apeldoorn, 8 Epicurustraat, 7323",https://www.linkedin.com/company/mwsneltransport,www.mwsneltransport.nl,"Geachte klant. Wij als MWSneltransport hebben zo'n 30 jaar ervaring in de transport branche ,Waaronder werk als int Chauffeur (Vrachtwagen) en als Planner (distributie) en Ad Hoc (Koerierswerk) daardoor zijn er voor ons in deze branche geen verrassingen meer. MWSneltransport is een koeriers/distributie bedrijf met 2 auto's die zich hebben toegelegd op het ad hoc (koeriers en vaste routes Maar we willen groeien waardoor we de prijzen minimaal kunnen houden . Wat in deze tijden cruciaal is, zijn branches waar de marges bijna altijd onder druk staan. Wij staan voor om maatwerk te leveren, met korte lijnen klant gericht, voor zowel particulier als de zakelijk markt, waar wij doorgaan tot dat de klant tevreden is. Wij willen gaan verder waar andere stoppen  Wij willen de dienstverlening optimaliseren en al u logistieke vraagstukken oplossen.                                                                       ***Ons is niets te gek***  We streven erna dat we binnen een half uur na opdracht bij de af /ophaal adres te staan, en met spoed weer op weg. Van envelop tot aantal palletten,Telefoontje na levering ook geen probleem,Tevens attenderen wij uw erop dat we geen stop prijs reken, puur alleen de Km en  btw verder niets, geen verrassingen voor of  achteraf. Tevens staat er vanaf heden een aanhanger (open) tot onze beschikking van 4 meter lang.                                                      Voor de specials vervoer                              ***Dus daarom is MWSneltransport Goedkoper*** Bent uw nieuwsgierig geworden of wilt uw direct ook opdracht melden, Bel of mail gerust,, uw zult er geen spijt van krijgen.......",Netherlands,0.629334,,,
Fast Forward Snelkoeriers,629334.0,"Netherlands, North Holland, Heerhugowaard",https://www.linkedin.com/company/fast-forward-snelkoeriers,www.fastforward.nl,"Een snelkoerier die begrijpt wat u bedoelt. Geen moeilijke vragen, maar direct actie, dus direct van A naar B, of C.  Wij rijden met het nieuwste materiaal en altijd schone en schadevrije auto's. Onze chauffeurs verplaatsen zich in de ernst van de (spoed) situatie, zodat wij de aflevering laten plaatsvinden, zoals u het zelf zou doen. Probeer ons eens op: 072-5723900 Wij doen wat u belooft, 24/7 en meer. Like us op Facebook en zie uw bedrijf op onze pagina verschijnen :-) https://www.facebook.com/FastForwardFFWD",Netherlands,0.629334,,,
Transmanut Meeneemheftrucks,629334.0,"Netherlands, Aa",https://www.linkedin.com/company/transmanut,www.transmanut.nl,"Transmanut is hét merk voor betrouwbare en degelijke meeneemheftrucks. De Transmanut meeneemheftruck onderscheidt zich van andere merken door zijn “eenvoud”. De meeneemheftruck bevat geen ingewikkelde en storingsgevoelige elektronica. Tevens is de machine zo ontworpen dat onderhoud en service eenvoudig uit te voeren is. Zo zijn de gebruikskosten laag te houden, iets wat voor elke vervoerder belangrijk is. Contactpersonen zijn: Marco Reyneveld :  06-54674652 Erwin Walgien : 06-53622369 Ernst Woortman :  06-51919892 Geralt van't Blik :  06-51311361",Netherlands,0.629334,,,
JHEducation,629334.0,"Netherlands, South Holland, Poortugaal, Doen Beijenszlaan, 3176",https://www.linkedin.com/company/jheducation,www.jheducation.nl,JHEducation richt zich volledig op BTW en Douanecursussen bruikbaar voor de dagelijkse praktijk van de internationale handel. De docenten zijn dan ook werkzaam in deze sector en nemen u aan de hand van vele praktijkvoorbeelden mee in de wereld van de BTW- en douaneregels.,Netherlands,0.629334,,,
Haaster Koeriersdienst,629334.0,"Netherlands, Gelderland, Zutphen",https://www.linkedin.com/company/haaster-koeriersdienst,www.haaster-koerier.nl,"Een koerier is het uithangbord van uw bedrijf. Het is belangrijk dat hij/zij goed voor de dag komt bij uw partners en klanten. Onze koeriers beseffen dit maar al te goed. Zij zijn zorgvuldig, betrouwbaar, stipt, welgemanierd en hebben een representatief voorkomen. Hierin onderscheidt Haaster Koeriersdienst zich van andere koeriersbedrijven: wij beschouwen het overbrengen van uw goede naam als onze taak. Uw goederen zijn bij ons in goede handen. Wij gaan er zorgvuldig mee om en leveren ze altijd en overal op het gewenste tijdstip af. Voor uw gemoedsrust kunnen wij desgewenst de aflevering van uw goederen telefonisch bevestigen zodra deze heeft plaatsgevonden. De met u afgesproken tarieven blijven in alle omstandigheden ongewijzigd. Zo weet u altijd waar u aan toe bent. U kunt Haaster Koeriersdienst inhuren voor al uw nationale en internationale ritten. Bij spoedritten worden de goederen doorgaans binnen 30 minuten opgehaald (binnen een straal van 15 km rondom Zutphen). Ook het uitvoeren van uw vaste dagelijkse of wekelijkse periodieke ritten behoort tot de mogelijkheden. Wij vervoeren goederen tot een maximum van 500 kg. Het vervoer van (euro)pallets is mogelijk. Wij hanteren concurrerende tarieven! (Zie website)",Netherlands,0.629334,,,
BeMotus,629334.0,"Netherlands, Utrecht, Amersfoort, Ubachsberg, 3825",https://www.linkedin.com/company/bemotus,www.bemotus.nl,"BeMotus geeft bedrijfskundig advies en staat vooruitstrevende bedrijven met raad en daad bij in complexe vraagstukken. BeMotus onderscheid zich door een multidisciplinaire aanpak door gebruik te maken van meerdere perspectieven.  Door het inhuren van BeMotus gaat u begrijpen waarom gewenste verbeteringen niet tot stand komen en door te werken aan het lerend vermogen van uw organisatie leren individuen, teams en afdelingen van uw bedrijf zelf analyses te doen, verbeteringen te definiëren en deze te implementeren. Het inhuren van BeMotus levert geen enmalig voordeel op, maar is een duurzame investering in uw bedrijf. De aanpak van BeMotus kenmerkt zich door een top-down analyse en een bottom-up aanpak voor de verandering. Deze aanpak creëert leergierige, vooruitstrevende en hardwerkende teamleden die op hun beurt leergierige en vooruitstrevende organisaties vormen. BeMotus streeft daarbij naar het uiten van talent en het ontwikkelen hiervan.",Netherlands,0.629334,,,
Transure Consultancy,629334.0,"Netherlands, Heinenoord, 3274",https://www.linkedin.com/company/transureconsultancy,www.transure.nl,"Als ondersteunend inspectie- en adviesbureau richt Transure Consultancy zich op gevaarlijke stoffen, ladingzekering en oplossingen voor lading gerelateerde problemen. Bij voorkomende problemen, zoals schade, lekkage, ontbreken ladingzekering en vervoersblokkades door ILT/NVWA verzorgen wij oplossingen op terminals en bij warehouses. Transure voert tevens onafhankelijke belading-, securing- en schade surveys uit. Transure biedt een uniek en ondersteunend preventie programma voor NVOCC, expediteur en forwarder bij het vervoer van gevaarlijke stoffen. Ook biedt Transure een speciaal ontwikkelde training voor het vastzetten van lading in containers. U kunt bij ons terecht voor advies, training, inspectie en aanverwante dienstverlening. Meer info: info@transure.nl of bel 010-2613636 Transure Consultancy is focussed on dangerous goods, cargo securing and solutions for cargo problems. We offer solutions at warehouses and container terminals for occurring problems during transport processes such as damage, leakage, lack of proper cargo securing and for government issued transport prohibitions. As independent inspector/surveyor Transure is available for loading, securing and damage surveys. Transure offers an unique and supportive prevention program for NVOCC, expeditors and forwarders carrying dangerous goods. We also provide special training for the securing of cargo in containers. Don't hesitate on contacting us if you are interested in consultancy, training, inspection or other supportive services. More info: info@transure.nl or call +3110-2613636",Netherlands,0.629334,,,
Slow Traffic,629334.0,"Netherlands, Friesland, Leeuwarden",https://www.linkedin.com/company/slow-traffic,www.slowtraffic.nl,"Alles van waarde is weerloos (Lucebert)  Als we om ons heen kijken, zien we verkeer. Steeds meer verkeer. De wereld wordt mobieler en iedereen geniet vrijelijk van dat gaan en ontmoeten. Aan de horizon zien we voertuigen bewegen. Maar als we onze ogen sluiten, blijft het vermoeden dat de prijs voor dat alles misschien te hoog gaat worden. En als we onszelf in slaap hebben gesust, doemt de nachtmerrie op dat we met te veel zijn. Dat het te vol wordt in de openbare ruimten en dat het verkeer verstroopt op de wegen. Of, erger nog, dat anderen net ons parkeerplaatsje inpikken. Wie had het over vrij beschikbare mobiliteit? De geschiedenis herhaalt zich: opnieuw worden steden bedreigd. Alleen nu niet door middeleeuwse roversbenden, maar door de overvloedige verplaatsingen van de eigen bewoners, hun bezoekers en de almaar toenemende goederenstroom. Dat blijft niet zonder consequenties. Minder groen, minder speelruimte, minder bewegingsvrijheid. En meer ongevallen, meer vervuiling, meer vervreemding. Onderzoeker Appleyard (1981) constateerde het 25 jaar geleden al: te veel verkeer verbreekt sociale contacten. Uit ""Stedenbouw en verkeer: een selectie uit de gereedschapskist van Bach"".",Netherlands,0.629334,,,
Logixbox - Pakketbrievenbus/pakketbox Voor Het Ontvangen En Verzenden Van Uw Producten,629334.0,"Netherlands, Heel, 20 Julianastraat, 4566ag",https://www.linkedin.com/company/logixbox,www.logixbox.nl,"Na steeds eenvoudiger bestellen en betalen nu ook eenvoudig ontvangen aan huis of kantoor.  Logixbox levert hét antwoord op de problematiek van het afleveren van bestelde goederen. Zowel voor particulieren als bedrijf. Met een Logixbox bestelt men met een gerust gevoel zonder zorgen over het aflevermoment. U haalt immers het pakket uit uw pakketbox wanneer het u schikt. Ook zijn er geen dure en tijdrovende ritjes meer nodig om de bestellingen meerdere keren aan te bieden en hoeft u niet naar een afhaalpunt. Zo zorgen we samen voor een duurzaam efficiënt bezorg- en ontvangstsysteem dat ook nog eens beter is voor het milieu! De Logixbox is meer dan een ‘grote brievenbus’ en positioneert zich nadrukkelijk zo.  Belangrijk onderscheid is het duurzaam ontwerp (slot, materiaalsoort, veiligheid enz.)  De boxen voldoen aan de allerhoogste kwaliteits- en veiligheidseisen, alle delen zijn extra verzwaard. Samen met de ijzersterke poedercoating volgens Qualicoat-normen kan men jarenlang veilig bestellingen ontvangen. Steeds meer bedrijven zien het voordeel van (nacht-)levering in een Logixbox. Met een Logixbox zadelt men de klant niet meer op met de problematiek van de 'Last Mile'. Voordelen: • kwaliteit van levering gaat omhoog: men levert immers sneller en vergroot het gemak voor de klant • het imago verbetert: uw levering is betrouwbaar en veilig • men maakt de beloftes van “vandaag besteld, morgen in huis” waar • met een Logixbox biedt men de klant de gemakkelijkste laatste stap in het bestelproces: het comfortabel in ontvangst nemen van de bestelling.  De e-commerce markt verandert in rap tempo: kopen via internet is steeds meer gemeengoed. Het CBS meldt dat de Nederlandse e-commercesector over heel 2018 met 10 procent ten opzichte van het jaar daarvoor. Logixbox biedt hét antwoord op het afleveren van deze bestellingen.",Netherlands,0.629334,,,
Westzuidwest,629334.0,"Netherlands, South Holland, Gouda, 140 Graaf Florisweg, 2805ap",https://www.linkedin.com/company/westzuidwest,www.westzuidwest.com,"Westzuidwest is een adviesbureau in mobiliteit, verkeer en vervoer. Wij adviseren (semi) overheden, projectontwikkelaars, bedrijven en particulieren en verzorgen de projectleiding van verkeersgerelateerde projecten bij en namens onze opdrachtgevers. Westzuidwest is geboren uit de filosofie dat een advies of project pas is afgerond als het helemaal klopt. Iedere situatie is anders en iedere opgave vraagt om maatwerk. Daarbij is de verkeerskundige basis als kern van een sterk advies of project heel belangrijk. Een advies moet kloppen, goed onderbouwd zijn. Maar daar houdt het niet bij op: afstemming met andere beleidsvelden, draagvlak creëren en het communiceren en verder brengen van een advies en project zijn net zo belangrijk. Op die manier wordt een oplossing gedragen en realiseerbaar. Westzuidwest richt zich met name op projecten in het westen en zuidwesten van Nederland: Zeeland, Zuid-Holland en West-Brabant. Westzuidwest staat voor een stevige koers en een frisse wind. Westzuidwest | Graaf Florisweg 140 | 2805 AP Gouda | 06 11 866 946 | info@westzuidwest.com",Netherlands,0.629334,,,
Taxiservice Eindhoven,629334.0,"Netherlands, North Brabant, Eindhoven, Stationsweg",https://www.linkedin.com/company/taxieindhoven,taxi-serviceeindhoven.nl,"Taxiservice Eindhoven, uw partner in vervoer op maat. Onze centrale is 24/7 bereikbaar voor uw rit naar het vliegveld of elk ander bestemming. Met ons ruim en divers wagenpark leveren wij taxidiensten op maat. Laat u zich comfortabel en stipt op tijd vervoeren, door één van onze luxe taxi’s van Taxiservice Eindhoven. Voor zowel de zakelijke als de particuliere klant. Met ons jong, dynamisch en representatief team zullen wij u zorgeloos vervoeren naar uw bestemming. Al onze chauffeurs zijn goed opgeleid en in het bezit van het Eindhovense Keurmerk. Voor het reserveren van een taxi bel of mail ons. Taxiservice eindhoven, uw partner in vervoer op maat. Wij zijn u graag van dienst om u zo snel, comfortabel en veilig mogelijk op de plaats van uw bestemming te brengen tegen een betaalbare prijs. Gezien ruim 15 jaar ervaring in Eindhoven en omliggende regio bent u verzekerd dat onze chauffeurs beschikken over een uitgebreide wegenkennis.",Netherlands,0.629334,,,
Oude Kotte Chauffeursdiensten,629334.0,"Netherlands, Friesland, Heerenveen, Hoofdlocatie, 8446kv",https://www.linkedin.com/company/oude-kotte-chauffeursdiensten,www.okcd.nl,"Oude Kotte Chauffeurs en beveiligingsdiensten onderscheid zich door service gericht te werken. Kernwaarden van ons zijn vriendelijk, gedisciplineerd, vrolijk, klantgericht, flexibel en meedenkend. Wij zijn er voor uw veiligheid.",Netherlands,0.629334,,,
Koeriersdienst Apeldoorn,629334.0,"Netherlands, Gelderland, Apeldoorn, 37 Koperweg, 73156gl",https://www.linkedin.com/company/koeriersdienst-apeldoorn,www.koeriersdienst-apeldoorn.nl,"Koeriersdienst Apeldoorn is een dynamische koeriersdienst met meer dan 10 jaar ervaring. Flexibiliteit, service en kwaliteit vormen de basis van onze 24 uurs bedrijfsvoering. Ons personeel staat in voor een snelle en correcte uitvoering van uw opdrachten. 24 uur per dag, 7 dagen in de week. Dus ook op zon- en feestdagen! Koeriersdienst Apeldoorn heeft zich gedurende deze jaren, nationaal als internationaal, ontwikkeld tot een betrouwbare vervoerspartner.",Netherlands,0.629334,,,
Martin Vos Verkeersopleidingen,629334.0,"Netherlands, Flevoland, Almere Stad, 174 Gildemark, 1351hn",https://www.linkedin.com/company/martin-vos-verkeersopleidingen,www.mvot.nl,Martin Vos Verkeersopleidingen richt zich met name op het verzorgen van rijopleidingen voor rijbewijzen BE. Daarnaast worden opleidingen verzorgd  voor de verplichte nascholing code 95. Deze cursussen verzorg ik zelf in eigen beheer of op freelance basis voor andere opleiders door bijna heel Nederland. In samenwerking met Beroepsvervoercollege verzorgen wij cursussen voor het vakbekwaamheidsdiploma Ondernemer beroepsgoederenvervoer.,Netherlands,0.629334,,,
Vissers Holding / VTG,629334.0,"Netherlands, South Holland, Rotterdam",https://www.linkedin.com/company/vissers-holding,www.vissersholding.ch,"Vissers TG organizes Europe-wide road-, water- and rail freight transport for its customers. In particular, mineral oil and chemical products, liquid gases and further bulk and general cargo are transported. In the moment the company is developing bulk transports ex Asia.",Netherlands,0.629334,,,
BlueBirdstore.nl,629334.0,"Netherlands, North Brabant, Eindhoven, 20 Torenallee, 5617",https://www.linkedin.com/company/bluebirdstore,bluebirdstore.nl,"Wij van BlueBird zijn de officiële dealer van Segway! Met onze elektrische steps zorgen wij ervoor dat je zonder zorgen van A naar B kunt verplaatsen op een veilige, innovatieve en duurzame manier. De elektrische step is het ideale vervoersmiddel voor de stad omdat deze inklapbaar en flexibel mee te nemen is in de auto of trein.   Daarnaast biedt BlueBird een uitstekende klantenservice aan die 24/7 klaarstaat zodat jij altijd snel weer onderweg bent. BlueBird is de enige partij in Nederland die het ES4 model van Segway aan mag bieden.  Benieuwd? Bekijk onze website voor meer informatie!",Netherlands,0.629334,,,
Creative Packaging BV,629334.0,"Netherlands, North Brabant, Gemert, 48 Scheiweg, 5421xl",https://www.linkedin.com/company/creative-packaging-bv,www.creative-packaging.nl,"Creative Packaging levert al meer dan 50 jaar producten in dienst van logistiek en een beter milieu, met een sterke nadruk op duurzaamheid en modulariteit. Hierbij richt Creative Packaging zich op groei naar een Europese toppositie door een professionele partner te zijn voor zowel onze klanten als leveranciers middels: Kwaliteit - van onze producten, advies en service Creativiteit - van de door ons voorgestelde oplossingen Duidelijkheid - en toegankelijkheid van onze communicatie Volledigheid - van ons leveringsprogramma",Netherlands,0.629334,,,
Transportshop.nl,629334.0,Netherlands,https://www.linkedin.com/company/transportshop.nl,www.transportshop.nl,"De Transportshop is de jongste winkel die actief is op het gebied van hulpmiddelen voor de transportwereld. In rap tempo breidt het aanbod van de Transportshop zich uit. Op dit moment zijn het voornamelijk producten op het gebeid van hijs, hef en securing & lashing. Spanbanden, rondstroppen, hijsbanden en sjorbanden dus. De Transportshop werkt enkel samen met leveranciers van kwalitatief hoogwaardige producten. Daarbij fungeert de Transportshop als digitaal 'doorgeefluik'. De producten die besteld worden, komen over het algemeen zo bij de leverancier vandaan. Op die manier houden wij de kosten laag en dat merkt de klant! Maar ook voor leveranviers en producenten is het een interessant gegeven. Want een eigen webshop bouwen is vaak wel een wens, maar waar begin je en hoe onderhoud je dat allemaal? Verkopen via www.transportshop.nl is dan een prima oplossing: een breed scala aan producten zorgt voor veel verkeer, een professioneel bureau verzorgt het onderhoud, de promotie en de afhandeling van het contact met de klant. Daarnaast wordt er gewerkt met exclusiviteit. Dus per productgroep 1 leverancier. Bent u de volgende?",Netherlands,0.629334,,,
H. Van Den Berg Transport BV,629334.0,"Netherlands, North Brabant, Vinkel, 61 Brugstraat",https://www.linkedin.com/company/h-van-den-berg-transport-bv,www.hvdbergbv.nl,"H. van den Berg Transport BV is sinds 1950 een familiebedrijf dat zich specialiseert in het transport van wegenbouwmaterialen (o.a. zand, grond, asfalt) en verontreinigde grond, het aannemen van logistieke opdrachten in de wegenbouw en het bieden van 24-service. Met ons goed onderhouden materieel en vakbekwaam personeel bieden wij diverse aannemers in de wegenbouw en het grondverzet niet alleen het transport van A naar B, maar ook de service eromheen. Dit alles met als doel de logistieke processen rondom wegenbouwprojecten, bouwplaatsen en saneringen voor onze opdrachtgevers te vereenvoudigen.",Netherlands,0.629334,,,
Vels Transport Westendorp B.V.,629334.0,"Netherlands, Westendorp, 3 Lankerdijk, 7054bw",https://www.linkedin.com/company/vels-transport-westendorp-b.v.,www.velstransportwestendorpbv.nl,"Vels Transport Westendorp B.V. is transportonderneming dat zich bezig houdt met het transport van los gestorte materialen. Het transport van zand, grind en asfalt behoren tot de dagelijkse werkzaamheden. Het wagenpark bestaat uit diverse voertuigen zoals: 8x4 ws, 8x4 kraan, 10x4 ws en trekker/opleggers. Ook beschikken wij over een aantal diepladers waarmee wij dagelijks wegenbouw machines verplaatsen.",Netherlands,0.629334,,,
Delphi Logistiek Bedrijfsadvies,629334.0,"Netherlands, Overijssel, Zwolle, 29 Boekbinderstraat, 8043",https://www.linkedin.com/company/delphi-logistiek-bedrijfsadvies,www.delphibedrijfsadvies.nl,"Delphi Logistiek Bedrijfsadvies is een jong adviesbureau dat zich richt op rendementsverbetering bij productiebedrijven in de maakindustrie.   Door het beter organiseren van de productielogistiek verbetert uw leverbetrouwbaarheid, wordt de doorlooptijd verkort en dalen de kosten. Hiermee verbetert u de klanttevredenheid, uw concurrentiepositie en het bedrijfsresultaat.",Netherlands,0.629334,,,
LogiSol Consultancy,629334.0,"Netherlands, Limburg, Ittervoort, 24 Lobeliastraat, 6014",https://www.linkedin.com/company/logisol-consultancy,www.logisol-consultancy.nl,"LogiSol Consultancy denkt en werkt als onafhankelijk project- en adviesbureau met u mee aan oplossingen van logistieke vraagstukken. Wij ontzorgen en bieden oplossingen voor bedrijfsleven en overheden. Van strategie tot operatie. Vanuit een diepgaande kennis en ervaring van logistieke processen en branches verrassen we opdrachtgevers met een innovatieve, soms onverwachte, maar altijd resultaatgerichte benadering. Naast logistiek advies is tevens interim management mogelijk via LogiSol Consultancy. Voor tijdelijke inzetbaarheid kunnen specialisten uw opgave volledig uit handen nemen en tot het gewenste resultaat brengen. Hierbij kunt u denken aan hands-on en praktisch operationeel management, zoals het organiseren van de werkvloer, het verbeteren van de werkomgeving en het coachen en trainen van het leidinggevend kader en/of de medewerkers op uw werkvloer.  Werkwijze: De werkwijze van LogiSol Consultancy kenmerkt zich door een no-nonsense aanpak. Met twee benen op de grond worden rendementsverbeteringen uitgevoerd in samenwerking met U en uw medewerkers. Onze aanpak resulteert in draagvlak op alle niveaus en blijvend verbeterde prestaties. Door jarenlange ervaring en samenwerking met meerdere opdrachtgevers in verschillende branches, is een uitgebreid netwerk van (logistieke) professionals ontstaan. Hierdoor kan LogiSol Consultancy uw logistieke vraagstukken snel en vakkundig oplossen. LogiSol Consultancy is met advies en interim management actief in de volgende “takken van sport”: * Conceptontwikkeling en procesoptimalisatie * Management en coaching * Logistiek en warehousing * Inrichting en verhuizing * Tendering en outsourcing * Benchmarking en prestatiemonitoring * Duurzaamheid en innovatie Wilt u graag weten wat LogiSol Consultancy voor u kan betekenen? Wij gaan graag met u in gesprek over de mogelijkheden.",Netherlands,0.629334,,,
DCisive.,629334.0,"Netherlands, South Holland, Nieuw-lekkerland, Watervluchtmolen, 2957",https://www.linkedin.com/company/dcisive,www.dcisive.nl,"DCisive geeft logistiek advies. Goed advies! DCisive is de bedrijfsnaam waaronder ik logistiek advies geef. Ik ben Jaap Eikelboom en heb twintig jaar ervaring als logistiek adviseur. Tijdens die periode heb ik veel toonaangevende bedrijven geholpen bij het nemen van uiteenlopende, vaak lastige, logistieke beslissingen. DCisive is goed in logistiek DCisive biedt inzicht en overzicht in uw distributiecentrum. DCisive beheerst de afzonderlijke logistieke vakgebieden en adviseert hierover. Wanneer uw beslissing lastig wordt door ingewikkelde samenhang tussen meerdere logistieke vakgebieden, is DCisive op z’n best. DCisive is goed in adviseren DCisive combineert twee competenties: logistiek en advies. Adviseren is een vak op zich. Advies geven lijkt eenvoudig. Maar een eenvoudig advies geven, in klare taal, blijkt vaak het moeilijkste dat er is. Wat betekent de naam DCisive? DCisive is een samentrekking van de afkorting ‘DC’ en het Engelse woord ‘decisive’. ‘DC’ is de afkorting van distributiecentrum. Distributiecentrum verwijst, veel meer dan bijvoorbeeld magazijn of warehouse, naar de functie van een logistiek centrum. In zo’n centrum komen goederen- of transportstromen samen en worden goederen gedistribueerd naar afnemers. In het functioneel denken over een distributiecentrum en in het in samenhang beoordelen van de verschillende onderdelen van een distributiecentrum ligt mijn grootste kracht. ‘Decisive’ betekent besluitvaardig, doorslaggevend en zelfverzekerd. Dit verwijst enerzijds naar de genoemde hulp bij de juiste logistieke beslissingen. Anderzijds verwijst het naar het vrije ondernemerschap dat DCisive voor mij betekent.",Netherlands,0.629334,,,
GSB-Nederland B.V.,629334.0,"Netherlands, South Holland, Rotterdam, 22 Ap3045 Airportplein, ap3045",https://www.linkedin.com/company/gsb-nederland-bv,www.gsb-nederland.nl,"GSB-Nederland provides operations, infrastructure, ERTMS and programme / project management expertise to the rail industry, and also manages a residential property portfolio. Most recently supporting the Southeastern Class 707 cascade programme. ________________________________________________________________________________________________________________________ GSB-Nederland kunnen hulpen met de uitvoeren van nieuwe spoorweg beveiligingsysteemen, en ook nieuwe treinstellen bij spoor projecten. Als de voorzitter, ik ben Geoff Brison, en ik heb kennis en ervaring in de uitvoeren van nieuwe treinstellen en veiligheid systeemen en ook processen voor veranden in de spoorwegsector.",Netherlands,0.629334,,,
NAVMATE Marine Innovations,629334.0,"Netherlands, North Brabant, Werkendam, 1d Ir. Blankenstraat, 4251 nr",https://www.linkedin.com/company/navmate-marine-innovations,www.navmate.eu,"NAVMATE is al sinds 1977 een vertrouwd gezicht in de maritieme sector. Bedrijfsactiviteiten hebben gevarieerd van het vervaardigen van schroefasinstallaties en hydraulische stuurmachines tot aan het bouwen van generatorsets. Ondertussen heeft het bedrijf zich al ruim 28 jaar gespecialiseerd in het ontwikkelingen en produceren van nautische apparatuur op basis van het eigen 2-draads systeem. Dit tijdperk is destijds ingeluid met de introductie van de fameuze piloot van Jan Egas die tot op de dag van vandaag nog altijd ongeëvenaard is.  Naast de piloot worden ook alle overige nautische apparatuur in eigen huis ontwikkeld en geproduceerd. U kunt hierbij denken aan een roerstandaanwijzer, bochtaanwijzer, echolood, boegschroefbediening, intercom, clinometer en ijkmeting. Daarnaast is NAVMATE leverancier van vrijwel alle toebehoren aan de maritieme sector.  De kracht van NAVMATE zit in de flexibiliteit van de organisatie. Deze flexibiliteit maakt het mogelijk om voor iedere klant een uniek concept te ontwikkelen. Of het nu gaat om het leveren van een losse piloot, de renovatie van een lessenaar of een volledige nautische en elektrische installatie aan boord van een nieuwbouwschip, NAVMATE is altijd in staat om de individuele wensen van de klant te vertalen naar een uniek concept",Netherlands,0.629334,,,
Els In The City Fietskoeriers,629334.0,"Netherlands, South Holland, The Hague, 83 Henricuskade, 2497",https://www.linkedin.com/company/fietsxpress,www.elsinthecity.nl,"De snelle, milieu- vriendelijke koeriers voor Den Haag, nationaal en internationaal. Els in the City zet zich in voor sneltransport op duurzame wijze. In de binnensteden bezorgen wij op de racefiets, vrachtfiets. Voor nationale opdrachten gebruiken wij auto's die op aardgas (CNG) rijden, en voor internationale zendingen compenseren we altijd de CO2 uitstoot. Wij geloven in duurzaam ondernemen, niet ten koste van, maar juist ten goede van uw leefomgeving.",Netherlands,0.629334,,,
In2motions,629334.0,"Netherlands, Zeeland, Goes, 23 Amundsenweg, 4462",https://www.linkedin.com/company/in2motions,www.in2motions.com,"Welkom bij In2motions, hét autobedrijf in Zeeland gespecialiseerd in mobiliteitsoplossingen.  In2motions richt zich op shortlease, verkoop, import en export van personenauto's en overige vervoersmiddelen in héél Europa.",Netherlands,0.629334,,,
Intern Transportmiddelen,629334.0,"Netherlands, Overijssel, Vriezenveen",https://www.linkedin.com/company/intern-transportmiddelen,www.interntransportmiddelen.nl,"Intern Transportmiddelen is een totaalleverancier op het gebied van intern transportmaterieel en magazijninrichting. Vanwege grote voorraden kan Intern Transportmiddelen de meeste producten uit voorraad leveren. Daarnaast heeft Intern Transportmiddelen zich in de loop der jaren flink ontwikkeld op het gebied van maatwerk. Met jaren lange ervaring leveren wij een scala aan producten voor de complete magazijninrichting. De kwaliteit, de relaties en de service dienen als prioriteit binnen het bedrijf! Kunnen wij wat voor u betekenen? Neem contact op via: 📧 info@interntransportmiddelen.nl 📞 0546-307001 WhatsApp: https://wa.me/message/TH2GVIO3RNG2D1 Of bekijk www.interntransportmiddelen.nl en bekijk een deel van ons assortiment.",Netherlands,0.629334,,,
0900 BIERTAXI,629334.0,"Netherlands, North Brabant, Eindhoven, 32 Lichttoren, 5611bj",https://www.linkedin.com/company/de-biertaxi-nederland,www.0900biertaxi.nl,"GRATIS* Bezorging van gekoelde alcoholische, non-alcoholische dranken en snacks bij zowel particulieren als bedrijven. *Bij bestelling vanaf gemiddeld tenminste € 15,- drank. (Regio-afhankelijk, ex. tabakskosten). Leeftijd 18 Jaar. Legitimatie verplicht. ID | NIX18. Netwerk van uitsluitend professionals. Onder voorwaarden wordt ondernemers de mogelijkheid geboden om deel te nemen, te profiteren en gezamenlijk het netwerk voortdurend verder te professionaliseren. Individuele ondernemers maken direct gebruik van de al sinds 2006 stevig gevestigde naamsbekendheid, de professionele structuur en het landelijke communicatiebeleid. Zowel BIERTAXI™ als 0900 BIERTAXI™ zijn geregistreerde en beschermde merken. Beide merken zijn eigendom van BIERTAXI™. Benelux Merkenbureau BoiP/BBIE. Ondernemers die niet deelnemen aan het netwerk maar die zich publiekelijk wel zodanig als zogenaamde 'Biertaxi' profileren schenden het Merkrecht. Klanten herkennen de professionals direct aan het door hen gevoerde en landelijke eenduidige bestelnummer; 0900 BIERTAXI™. Benelux Merkenbureau BoiP/BBIE Nº0823485.",Netherlands,0.629334,,,
RailGood,629334.0,"Netherlands, Utrecht, Langbroek, 23 Wijkerweg, 3947",https://www.linkedin.com/company/railgood,www.railgood.nl,"With the management of public affairs and the external relations with politics, government, port authorities and the railway infrastructure manager in the Netherlands, RailGood provides its customers a good basis for a profitable and future proof development of rail freight transport in the Netherlands.  RailGood aims for good basic conditions for competitive rail freight transport and strengthening level playing field with other transport modes and internationally. RailGood stands for the entrepreneurial spirit on the Dutch railway network. RailGood is making itself hard for the interests of its customers by committing itself to a safe, profitable, reliable and flexible rail freight transport product in an open market. The work is carried out purposefully, cost-consciously, independently and in close cooperation with the customers. RailGood is lobbying for investments in a future proof and competitive Dutch railway network and for competitive capacity for rail freight transport. RailGood is committed to fair infra charges, competitive service levels and efficient operational procedures and regulations of the railway infrastructure manager. RailGood is tackling actively market barriers, market distortions and administrative burdens for rail freight transport companies in the Netherlands.",Netherlands,0.629334,,,
Beredeneer!,629334.0,Netherlands,https://www.linkedin.com/company/beredeneer-,www.beredeneer.nl,"Beredeneer! richt zich op  interim-management, projectmanagement in logistiek en ICT, change-management, openbare aanbesteding en inkoop. Het motto van het bedrijf is “Samen Vooruit”.  Dit geeft aan dat er meerwaarde zit in samenwerking: “alleen ben je sneller, samen kom je verder!”",Netherlands,0.629334,,,
Pakfiets,629334.0,"Netherlands, South Holland, Sliedrecht, 36 Middeldiepstraat, 3361",https://www.linkedin.com/company/pakfiets,www.pakfiets.eu,"Pakfiets, een deelfiets voor werknemers, gefaciliteerd door de werkgever De nieuwe mobiliteit is dat we niet langer waarde hechten aan bezit maar veel meer aan gebruik. Geen gedoe met wat bezit met zich meebrengt, maar zorgeloos gebruik maken van een deelsysteem. Met overvolle binnensteden en milieuzones is de auto steeds meer een aanvulling dan een noodzaak. Nieuwe mobiliteit vraagt om flexibele oplossingen, vervoer aanpassen aan het moment en meer begrip voor verduurzaming. Pakfiets is een van de toekomstgerichte mobiliteitsoplossing voor uw bedrijf of organisatie. Het pakfiets principe is verrassend eenvoudig. Voor een vast bedrag per maand krijgt u een mobiliteitshub die bestaat uit deelfietsen voor uw bedrijf of organisatie. Zo wordt de mogelijkheid om de fiets te nemen in plaats van de auto voor iedereen toegankelijk. Hoe werkt het: - Maak een keuze in het aantal fietsen dat nodig is. - De mobiliteitshub wordt gratis bezorgd bij uw bedrijf / kantoor. - Sleutel management wordt overgedragen. - Onderhoud wordt door ons geregeld. - Als er een fiets stuk is zorgen wij voor een nieuwe. - Uw logo op fiets en stalling. Wat zijn de voordelen: - Meer groen in uw omgeving door het sedum dak.   Groen is belangrijk voor gezondheid en leefomgeving en zorgt    voor biodiversiteit. Een beter milieu dus. - Bewegen is goed voor de gezondheid. - In veel gevallen is de fiets (e-bike) sneller dan de auto. - De fiets als toevoeging in de nieuwe mobiliteit.   bijvoorbeeld met de fiets naar station en met de trein de reis voortzetten. - Een stuk goedkoper dan de auto. - Als klant van pakfiets zorgt u ervoor dat er een scholier,    gezondheidsvrijwilliger, boer of kleine ondernemer in afrika kan fietsen.    Het toegang hebben tot een fiets biedt de mogelijkheid om de vicieuze    cirkel van armoede te doorbreken. - Een geweldig goed imago voor uw bedrijf of organisatie.",Netherlands,0.629334,,,
EK Rail,629334.0,"Netherlands, Utrecht, Utrecht, 22 Pieter Saenredamstraat, 3583tc",https://www.linkedin.com/company/ek-rail,www.ek-rail.nl,"Advies en projectmanagement op het gebied van materieel, operatie een strategie. Technisch expert, ervaren manager en onafhankelijk adviseur op het gebied van rollend materieel, operatie en strategie. In de afgelopen 20 jaar bouwde ik eerst een gedegen technische kennis op als adviseur en projectleider. Ik verbreedde mijn kennis en ervaring met managementfuncties en projecten op het operationele en strategische vlak van de railsector. Die uitgebreide ervaring aan techniek- én gebruikerskant stelt mij – in combinatie met een groot (internationaal) netwerk en een resultaatgerichte aanpak – in staat een waardevolle bijdrage te leveren aan de oplossing van complexe railopgaven.",Netherlands,0.629334,,,
Taxi Aarnoudse,629334.0,"Netherlands, Utrecht, Veenendaal",https://www.linkedin.com/company/taxi-aarnoudse,www.taxiaarnoudse.nl,Taxi Aarnoudse uit Veenendaal richt zich op zakelijke en particuliere klanten die een taxi nodig hebben in de omgeving van Veenendaal. Voor taxi's van of naar vliegvelden worden vaste tarieven gehanteerd. Verder is het mogelijk om een prijsafspraak te maken voor ritten vanaf 25 km.,Netherlands,0.629334,,,
Melior Yachts,629334.0,"Netherlands, Friesland, Irnsum",https://www.linkedin.com/company/melior-yachts,www.melioryachts.com,"Melior is jaren actief in de watersport en is  officieel dealer van de merken Saga Boats, Viknes, Skilso en Westwood. Hiermee is Melior Yachts en allround importeur van kwalitatief hoogwaardige merken. Melior Yachts is naast dealer van bovenstaande merken ook actief als jachtmakelaardij. U kunt uw boot door ons laten taxeren of verkopen. Vraag naar de gunstige voorwaarden. U kunt naast nieuwe boten ook bij ons terecht voor onderdelen van uw Saga, Viknes, Skilso of Westwood boot. We zorgen voor een snelle levering bij u aan huis. Stuur een foto of neem contact met ons op. Garantie: Voor uw gemoedsrust en om aan uw verwachting te kunnen voldoen geeft Melior Yachts met gepaste trots 2-jaar garantie op alle nieuwe vaartuigen. Onderhoud en stalling: Het bezitten van een boot brengt een aantal zorgen met zich mee. De boot moet goed worden onderhouden en met de lange strenge winters is het belangrijk dat uw boot vakkundig ‘winterklaar’ gemaakt is of in een vorstvrije winterstalling ligt. Om uw deze zorg uit handen te nemen verzorgen wij graag al deze voorkomende werkzaamheden voor u. Of het nu gaat om het zetten van nieuwe Anti-fouling, het repareren van schade aan uw boot of het onderhoud van de motor. U kunt in alle gevallen gewoon bij uw vertrouwde importeur terecht.",Netherlands,0.629334,,,
VanDTD,629334.0,"Netherlands, North Brabant, Eindhoven, 122 Aalsterweg, 5615cj",https://www.linkedin.com/company/vandtd,www.vandtd.nl,"VanDTD is een koeriersbedrijf die is gevestigd in Eindhoven. VanDTD richt zich volledig op de wensen en behoeften van de klant. Bedrijven hebben een imago die ze naar buiten willen brengen. Transport moet daar een verlengstuk van zijn. VanDTD levert deze service. VanDTD vervoert zowel nationale als internationale ritten en is in bezit van een NIWO- vergunning. VanDTD is gespecialiseerd in spoedritten, zo heeft u geen zorgen op de momenten die het belangrijkst zijn.",Netherlands,0.629334,,,
Transportbedrijf Joka B.v.,629334.0,"Netherlands, Zeeland, S-heer Arendskerke, 21 Noordweegseweg, 4458",https://www.linkedin.com/company/transportbedrijf-joka-bv,www.joka.nl,"Transportbedrijf Joka bestaat al meer dan 50 jaar. Flexibel zijn we in de aanname van uw opdracht. De Joka planning speelt snel en flexibel in op uw logistieke behoeften.  Joka is veelzijdig in transport en beperkt zich niet tot één bepaalde branche. Met eigen, moderne auto's verzorgen wij (inter)nationale transporten. Maar ook distributie en deelladingen door heel Nederland. U bent altijd welkom, ook voor kleinere eenheden.",Netherlands,0.629334,,,
Maropol Coating Experts,629334.0,"Netherlands, North Brabant, Werkendam, 2 Velsenstraat, 4251",https://www.linkedin.com/company/maropol-coating-experts,www.coatingexperts.nl,"Maropol Coating Experts is onderdeel van de Maropol Group uit Werkendam en is de bedrijfstak die zich bezig houdt met het professioneel stralen en coating van allerlei constructies en objecten.   De werkzaamheden worden voornamelijk uitgevoerd voor klanten in de scheepsbouw, bagger- en offshoreindustrie. In ons pand zijn recentelijk een professionele straal- en spuitcabine gebouwd. Ervaren personeel, gedegen productkennis, ondersteuning door alle gerenomeerde coatingproducenten en een eigen kleurmengerij leiden tot de hoge kwaliteit waarmee de produkten en objecten van onze klanten ons bedrijf verlaten. Zeer binnenkort kunnen de toegepaste coatings en primers ook in onze webshop besteld worden. Wij bieden een zeer compleet assortiment van onder andere BICCS en Coatright. Speciaal ontwikkelde coatings door een gerenomeerde producten in Nederland. Hoge kwaliteit en een uitgebreide research en devolepment afdeling bij deze fabrikant leiden tot hoogwaardige producten die hun weg naar de bagger- en offshoreindustrie al hebben gevonden. Deze producten kunnen ook zeer goed toegepast worden in jachtonderhoud, carrosseriebouw en bijvoorbeeld trailerbouw.",Netherlands,0.629334,,,
Taxi Rooney,629334.0,"Netherlands, South Holland, Hoek Van Holland, 9 Zekkenstraat, 3151xp",https://www.linkedin.com/company/taxi-rooney,www.taxirooney.nl,"0174-388888  //   24/7 Bereikbaar  //   www.taxirooney.nl  // www.twitter.com/taxirooney  // www.facebook.com/taxirooney  // www.youtube.com/user/TaxiRooneyWestland // www.linkedin.com/company/taxi-rooney www.flickr.com/people/taxirooney  // www.taxirooneywestland.hyves.nl  // Taxi Rooney is al sinds 1904 een begrip in het Westland en houd zich bezig met personenvervoer taxi-, limousine- en touringcarservice.",Netherlands,0.629334,,,
Blockchain Realisten,629334.0,"Netherlands, Groningen, Groningen, 1 Achterweg, 9725",https://www.linkedin.com/company/blockchain-realisten,blockchainrealisten.nl,"De Blockchain Revolutie brengt een enorme hype met zich mee, met sterk overspannen verwachtingen. Wij halen de hype eraf en laten je zien wat wel en wat niet kan.",Netherlands,0.629334,,,
Truck-Market.nl,629334.0,Netherlands,https://www.linkedin.com/company/truck-market.nl,www.truck-market.nl,Truck-Market.nl is een Nederlands bedrijf dat zich volledig richt op truck dealers. Met de website van Truck-Market.nl kunnen dealers eenvoudig voorraad en bedrijfsinformatie publiceren. Truck-Market.nl is a Dutch company that is fully focussed on dealers in the (used) truck market. Dealers can use Truck-Market.nl for displaying their stock and company information.,Netherlands,0.629334,,,
4S Logistiek,629334.0,"Netherlands, South Holland, Gouda, 2805dk",https://www.linkedin.com/company/4s-logistiek,www.4slogistiek.nl,"Advies op vlak van pakketdistributie (First & Last Mile), Projectmanagement en Implementatie.  4SLogistiek biedt bedrijven en (semi) overheden inzichten en advies in de verduurzaming van de ‘first en last mile’ bezorging binnen stadslogistiek.",Netherlands,0.629334,,,
Budgettrucks,629334.0,"Netherlands, South Holland, Nieuw-vennep, 1 Hugo De Vriesstraat, 2152",https://www.linkedin.com/company/budgettrucks,www.budgettrucks.nl,"Budgettrucks richt zich op de zakelijke markt.  Bedrijfswagenverhuur voor een normale prijs zonder alle administratieve rompslomp en hoge borg. Budgettrucks onderscheidt zich door haar servicegerichtheid met een laagdrempelige benadering.  Het inhuren van een bedrijfswagen moet geen extra kopzorgen met zich meebrengen voor de huurder. Maar juist een oplossing!  Persoonlijk contact en vertrouwen is voor ons zeer belangrijk. Zo kunnen wij altijd passend vervoer voor u verzorgen. Wij staan voor u klaar! Wij onderscheiden ons van de gevestigde orde door: •	Geen borg •	Geen reclame of belettering op de wagens •	Persoonlijk contact met onze accountmanagers •	100 kilometers vrij •	Gratis haal en breng service (binnen straal van 15km) •	Track and Trace logincode tijdens huur  •	Rittenstaat over de huur periode •	24 uurs service •	Charterbasis mogelijk •	Onze chauffeurs zijn in het bezit van ACN-passen •	Enkel recente bouwjaren.  •	Eigen risico vanaf € 750,00  •	Aangepast tarief voor langere huur periode •	Aangepast tarief bij meerdere wagens •	Geen kosten wanneer wagen stil staat •	Brede variëteit binnen het wagenpark",Netherlands,0.629334,,,
Koeriersbedrijf De Visser,629334.0,"Netherlands, Zeeland, Middelburg, 4335ak",https://www.linkedin.com/company/koeriersbedrijf-de-visser,koeriersbedrijfdevisser.nl,"Koeriersbedrijf de Visser richt zich op het vervoer van goederen, voor zowel de zakelijke klant als de particulier. Flexibel inzetbaar en iedere dag bereikbaar. Ook bij klussen op de korte termijn of zelfs spoedklussen, zijn wij in te schakelen.  Gevestigd in Middelburg - vervoer door heel Nederland.",Netherlands,0.629334,,,
Magazijninrichting Zeeland,629334.0,"Netherlands, Zeeland, Kapelle, 31 Handelsweg, 4421",https://www.linkedin.com/company/magazijninrichting-zeeland,www.magazijninrichtingzeeland.nl,"Magazijninrichting Zeeland is een handelsnaam van Easy Magazijninrichting BV, een klein, zeer servicegericht bedrijf wat zich bezig houdt met de in- en verkoop van jong gebruikte magazijninrichting.  Hierbij valt te denken aan palletstelling, lichte en zware draagarmstelling, grootvakstelling, bandenstelling, inrijstelling, legbordstelling e.a.  De merken die we voeren zijn onder andere Stow, Jungheinrich / Esmena, Nedcon, GS3, BT, Mecalux.  Tevens voor het monteren / demonteren van uw magazijn. Ook voor keuren kunt u bij ons terecht.  Voor vragen zijn we 24 uur per dag/7 dagen per week telefonisch bereikbaar : 0113-820388 of 06-51566700. Op afspraak ook 's avonds of in het weekend geopend.",Netherlands,0.629334,,,
A DE BOER OP,629334.0,"Netherlands, North Holland, Nieuw-vennep, 20 Smedenweg, 2151",https://www.linkedin.com/company/adeboerop,www.adeboerop.nl,"A de Boer OP is gespecialiseerd in procesoptimalisatie en automatisering voor transportbedrijven.  Begrijpen waar u naartoe wilt, duidelijke communicatie en een hands-on mentaliteit onderstrepen onze kennis en ervaring op het gebied van Transport & Logistiek en Automatisering. Dit maakt snel en efficiënt schakelen mogelijk. Exotische uurtarieven zorgen er vaak voor dat investeringen achter blijven. Toegevoegde waarde en kostenbesparing realiseren de belangrijkste drijfveren. Een project moet zich dan ook zo snel mogelijk terugverdienen. Onze tarieven sluiten aan bij deze visie, realistisch en betaalbaar.",Netherlands,0.629334,,,
GTL - Goederen Transport Langestraat,629334.0,"Netherlands, South Holland, Bolnes, 6 Gouwestraat, 2987",https://www.linkedin.com/company/goederen-transport-langestraat,www.gtl-transport.nl,"Goederen Transport Langestraat (GTL) is een startend bedrijf dat zich graag wil gaan bewijzen in de transport/ koeriers wereld. Wij zijn begonnen in 2018 en hebben gelijk geïnvesteerd in goed materiaal zoals een nieuwe en betrouwbare bus.  Wij zijn zeer gedreven om de communicatie tussen ons en de klant zo goed en soepel mogelijk te laten verlopen. Wij vervoeren niet alleen uw pallet, pakket of andere goederen van A naar B. Wij streven ook naar een snelle en veilige levering.  Wij beschikken over een 24/7 service zodat wij ten alle tijden te bereiken zijn voor bijvoorbeeld een spoedrit. Wij denken met u mee en we zoeken samen naar de beste oplossing. Wij bieden zowel Nationaal als Internationaal transport. Geen kilometer gaat ons te ver om uw goederen op de plaats van bestemming af te leveren.  Wij kunnen door middel van onze verhuis-assistentie de verhuizing van uw huisraad of klein kantoor soepel en kostenefficiënt laten verlopen. Uw spullen zijn veilig onderweg en doordat wij een uurtarief rekenen is het over het algemeen goedkoper dan een bus of verhuisbedrijf (in) te huren. Des te sneller u zelf in- en uitlaadt des te korter en goedkoper is de verhuizing.",Netherlands,0.629334,,,
Eurasia Forwarding,629334.0,Netherlands,https://www.linkedin.com/company/eurasiashipping,www.eurasiaforwarding.com,"Eurasia forwarding heeft een breed netwerk dat het mogelijk maakt om flexibel en marktgericht in te spelen op uw behoeften. Wij nemen u alle zorgen rondom uw logistieke proces uit handen zodat u zich kunt richten op uw Core Business. Eurasia forwarding is daarmee uw betrouwbare partner voor uw logistieke vraagstuk. Eurasia forwarding is specialist op het gebied van import, export & transport en maakt daar mee het totaal concept compleet.  Mail : musa@eurasiashipping.nl / desk@eurasiashipping.nl",Netherlands,0.629334,,,
FlowResult,629334.0,Netherlands,https://www.linkedin.com/company/flowresult,,"FlowResult is een dienstverlenende organisatie die zich richt op het ontwikkelen, organiseren en verbeteren van primaire, ondersteunende en sturende bedrijfsprocessen. Procesgericht denken en handelen vanuit het klantperspectief, dat is onze basis.  Onze dienstverlening bestaat uit : ♦  ‘vertalen' van strategische doelen naar operationele activiteiten ♦  organisatie en inrichting van werk- en beheersprocessen ♦  initiëren en implementeren van procesverbeteringen ♦  projectleiding en -ondersteuning ♦  bedrijfstrainingen en workshops ♦  begeleiding en coaching",Netherlands,0.629334,,,
FAIR Professionals,624672.0,"Netherlands, South Holland, Rotterdam, Benthemstraat, 3032",https://www.linkedin.com/company/fair-professionals,www.fairprofessionals.com,"Wij zijn FAIR Professionals, het bemiddelingsbureau voor in en om de haven!  Vanuit de passie om te verbinden heeft Ferry van den Bos in 2020 FAIR Professionals opgericht. Begonnen als werving en selectiebureau, maar inmiddels uitgegroeid tot een veelzijdige arbeidsbemiddelaar. Of het nu gaat om werving & selectie, uitzenden of een ander vraagstuk op het gebied van recruitment, onze passie is verbinden! Ons team werkt met passie aan jouw toekomst en zet zich dagelijks met hart en ziel in. Wij ondersteunen professionals en werkgevers met het bewerkstelligen van de perfecte match.",Netherlands,0.624672,,,
Efios Rail,543011.0,"Netherlands, Utrecht, Leusden, 12 Koolzaadland, 3833",https://www.linkedin.com/company/efios-rail,www.efiosrail.com,"Efios Rail provides consulting services in the railway sector for Test Campaign Management, Test Coordination and Project Management. We have worked throughout our projects with the following organizations in our field of expertise: Ministry of Public Works, ProRail, Infrabel, Nedtrain, KEMA, Lloyds Register Rail, NS, Siemens, NS HiSpeed, Thalys.",Netherlands,0.543011,,,
GoCharter,543011.0,Netherlands,https://www.linkedin.com/company/gocharter,www.gocharter.nl,"De transportsector komt meer in het teken te staan van logistieke ketens. GoCharter richt zich uitsluitend op één onderdeel van die keten, het vervoer.  Met het vervoer over de weg in de genen en jaren onafgebroken inzet in de sector heeft GoCharter continuïteit zich eigen gemaakt. Beginwaarde hiervoor is ""afspraak is afspraak"" en daar wordt geen afbreuk aan gedaan.  GoCharter kan de pieken in uw vervoer of het opstarten van nieuwe projecten mee opvangen. Daarnaast is GoCharter bij de uitstek de partner om vaste werkzaamheden aan uit te besteden. Zaken als verzuim of stilstand worden hiermee van uw agenda gehaald en onze missie is om die niet terug te laten komen.",Netherlands,0.543011,,,
Freeility B.V.,543011.0,Netherlands,https://www.linkedin.com/company/freeility-b-v-,www.freeility.nl,"Freeility is een jong bedrijf, gevestigd in de Duin en Bollenstreek en legt zich toe op verkoop, verhuur en onderhoud van elektrische transportmiddelen voor onder andere de ‘vrijetijds-markt’. Echter ook de zakelijke markt weet de weg naar Freeility te vinden als het gaat om de aanschaf, onderhoud of huur van elektrische transportmiddelen, niet om de laatste plaats omdat het een Maatschappelijk Verantwoord Ondernemende keuze is! De elektrische transportmiddelen zijn voor iedereen toegankelijk, ook voor minder-valide mensen. Prijstechnisch zijn onze transportmiddelen zeker bereikbaar voor iedereen! Wij leveren op bestelling en geïnteresseerden kunnen zich voor-inschrijven voor de het type elektrisch transport middel welke wij in ons assortiment hebben. Levertijden variëren van 3-6 weken en bestellingen worden rechtstreeks op locatie afgeleverd tenzij anders is aangegeven bij de bestelling. In het assortiment dat Freeility voert hebben wij ook hét alternatief voor de bekende SegWay; ons antwoord hierop is onder andere de (goedkopere) Personal Transporters. De PT’s voldoen aan dezelfde basis specificaties echter hebben een aantal extra features en mogelijkheden voor een beduidend lagere prijs.",Netherlands,0.543011,,,
Global Horse Care,543011.0,"Netherlands, Gelderland, Emst",https://www.linkedin.com/company/global-horse-care,www.globalhorsecare.org,"Wereldwijd paardentransport  Verrassend efficiënt én met liefde voor mens en dier  Van staldeur tot staldeur, Global Horse Care paardentransport regelt alles voor u. Van het papierwerk tot het hooi onderweg. En waar ook ter wereld uw paard zich bevindt, in Azië, Europa, China of de Verenigde Staten, van elke stap onderweg houden we u op de hoogte. We doen dat met video’s, met appjes, met mailtjes, een telefoontje of wat u ook wilt.  Wij zeggen niet voor niets: ''Your Horse, Our Care!''",Netherlands,0.543011,,,
Maritime Project Consultancy,543011.0,"Netherlands, Groningen, Groningen",https://www.linkedin.com/company/maritime-project-consultancy,www.maritimeprojectconsultancy.nl,"Maritime Project Consultancy ondersteunt bedrijven in de maritieme branch, door te voorzien in management- en consultancy-oplossingen op maat. Tom Oomkens, eigenaar en oprichter van Maritime Project Consultancy, is al vele jaren actief in de scheepsbouwwereld op middel- en hoger management niveau. Door de opgebouwde kennis en ervaring is hij in staat vanuit Maritime Project Consultancy snel en vakkundig uw project of bedrijf te doorgronden, doeltreffend te acteren en passende oplossingen te genereren. Maritime Project Consultancy kenmerkt zich door: Analytisch vermogen en kundigheid om helder probleemstellingen, doelstellingen en aanpak te formuleren Communicatief en commercieel ingesteld Ervaring en kennis op het gebied van leiding geven, motiveren en coachen van medewerkers Vakkundig plannen, begroten en budgetteren Theoretische en praktische scheepsbouwkennis Flexibele instelling en improvisatievermogen: ook werken op onregelmatige tijden en uiteenlopende (buitenlandse) locaties is geen probleem Maritime Project Consultancy kan u of uw bedrijf op vele vlakken van dienst zijn. Kijk verder bij de diverse specialismen op de site, wat wij te bieden hebben op het gebied van: (General) Management Project Management Interim Management Personeelsmanagement Consultancy Diensten Eigenaarsvertegenwoordiging Bemiddeling",Netherlands,0.543011,,,
TRANERGY BV,543011.0,"Netherlands, Limburg, Venlo, 16 Dirk Hartogweg, 5928",https://www.linkedin.com/company/tranergy-bv,www.tranergy.eu,"Tranergy richt zich op het optimaliseren van de inkoop van de brandstoffen. De dynamiek op dit vlak is nog nooit zo groot geweest. Dit onder invloed van de verduurzaming en geopolitieke ontwikkelingen. Tranergy biedt onafhankelijk advies op basis van 20 jaar ervaring. Niet alleen voor diesel, maar ook LNG, bio-fuels, e-fuels, waterstof en elektra.   Kern van de dienstverlening de juiste afstemming vinden tussen inzetgebied, tanklocaties en de bijbehorende condities/voorwaarden. Hiermee bent u als ondernemer verzekerd van de laagst mogelijke inkoopkosten van uw brandstof.  Daarnaast biedt ik TCO vergelijking aan tussen alle relevante brandstoffen zodat u als ondernemer de juiste keuze kunt maken op welke wijze u op de korte en lange termijn uw wagenpark gaat verduurzamen. Vergelijk op basis van reële waarden.   Nieuwsgierig geworden? Informeer wat ik voor u kan betekenen.",Netherlands,0.543011,,,
A,543011.0,"Netherlands, South Holland, Hoogvliet",https://www.linkedin.com/company/royal-caribbean-shipping-&-trade,www.caribbeaninternational.nl,"Caribbean International is het transportbedrijf voor in- export van goederen. Zowel zakelijke als particulieren klanten rekenen wij als ons core-business. Caribbean International is actief in onder andere de landen Suriname en Curaçao. De ideale partner op het gebied van zeevracht, luchtvracht en road transport.  Containers, zwaar materieel, remigraties en verhuizingen is hetgeen waarin Caribbean International zich in de afgelopen jaren heeft weten te onderscheiden. Persoonlijke goederen worden met maximale zorg in Nederland opgeslagen en getransporteerd naar het Caribisch gebied met uitstekende zorg. Alle transportzorgen worden uit handen genomen.  Caribbean International verzorgd diverse mogelijkheden bij het verschepen. Zo kan je denken aan Less Than Container Load en Full Container Load. Voor elk transport hebben wij een oplossing.",Netherlands,0.543011,,,
Watersportbeveiliging.com Powered By MultiMill Int. BV,543011.0,Netherlands,https://www.linkedin.com/company/multimill-int.-bv,www.watersportbeveiliging.com,"Verzekeraars adviseren Multimill Verzekeringmaatschappijen adviseren MultiMill systemen voor de beveiliging van uw boot of jachthaven. Dat zegt natuurlijk wel iets over de betrouwbaarheid en de degelijkheid van onze systemen: een veilig idee! Overigens is MultiMill bepaald geen ""nieuwkomer"" in de beveiligingsbranche. Sterker nog, dit bedrijf houdt zich al sinds 1991 onafgebroken bezig met beveiliging van binnenvaartschepen, jachten en havens. Niet voor niets was MultiMill het eerste bedrijf dat erin slaagde om de wielklem, buitenboordmotor en disselslot onder keur te leveren. Constante innovatie en gebundelde expertise middels samenwerking met onder andere SCM/CCV/ART lagen ten grondslag aan dit succes. Het gevolg is een keur aan eersteklas beveiligingsproducten merendeel conform de nieuwe eisen die de verzekeraar stelt. Het resultaat is dat u met een gerust hart uw schip of jachthaven achter kunt laten.",Netherlands,0.543011,,,
Uitgeslapenonderweg.nl,543011.0,Netherlands,https://www.linkedin.com/company/uitgeslapenonderweg-nl,www.uitgeslapenonderweg.nl,"Matras of Topmatras Herkent u zich hierin, dagelijks onderweg met de truck, uren achter het stuur. Dan wilt u de vrije uren goed kunnen rusten. Vaak biedt het fabrieksmatras minder steun en comfort dan het matras in uw thuissituatie. Denk om uw eigen gezondheid! Vaak wordt er een gebruikte truck aangeschaft. Veelal hebben personen hier nachten in door gebracht.  Het matras ziet er vaak nog goed uit aan de buitenkant, maar vocht en condens dringen diep door tot in de kern. Hierdoor ontstaat schimmel. Dit leidt tot een ongezonde manier van slapen. Wij bieden de oplossing. Als uitgeslapen onderneming leveren wij matrassen (op maat) en topmatrassen geheel naar wens van de klant,  ook leveren wij comfort en gezondheidskussens voor optimaal slaapcomfort. info@uitgeslapenonderweg.nl - www.uitgeslapenonderweg.nl Uitgeslapenonderweg.nl is een onderdeel van Borgijink Handel & Bemiddeling",Netherlands,0.543011,,,
Van Der Made Autobeheer,543011.0,"Netherlands, South Holland, Naaldwijk",https://www.linkedin.com/company/van-der-made-autobeheer,www.vandermade-autobeheer.nl,"Bij Van der Made Autobeheer bent u aan het juiste adres voor nagenoeg alle praktische ondersteuning omtrent uw automobiel(en) in regio Westland. Van der Made Autobeheer richt zich op diverse aanvullende services om uw autobezit te ontzorgen en gaat hierin graag net iets verder dan gebruikelijk in de traditionele automotive dienstensector. Denkt u bijvoorbeeld aan de unieke Full-Service wasbeurten met haal- en brengservice, ondersteuning bij de uitvoering van onderhoud, reparaties en schadeherstel, maar ook aan comfortabele chauffeursdiensten voor uw zakelijke ritten en vervoer naar de luchthaven. U vindt dit alles in één aanspreekpunt, waarbij een persoonlijke benadering centraal staat en uw exclusieve automobiel(en) op een ultieme wijze verzorgd worden. Bij Van der Made Autobeheer kunt u rekenen op maatwerk en een hoge mate van flexibiliteit om optimaal in uw wensen en behoeften te voorzien. Neemt u daarom vrijblijvend contact op om kennis te maken en uw wensen te bespreken. U bereikt Tim van der Made per telefoon op 0174-352283 of per e-mail naar tim@vandermade-autobeheer.nl",Netherlands,0.543011,,,
Koomen Transport,543011.0,"Netherlands, North Holland, Wervershoof",https://www.linkedin.com/company/koomen's-internationaal-transport-bv,www.koomentransport.nl,"Koomen Transport is een dynamisch bedrijf waar goed opgeleide mensen elke dag weer met enthousiasme werken en die zich volledig inzetten om uw producten in perfecte staat af te leveren  Wij zijn gespecialiseerd in geconditioneerd vervoer, winkeldistributie, offshore, grondstoffentransport en containervervoer. Innovatie is een belangrijk thema bij Koomen Transport door middel van interne opleidingen van de medewerkers en het blijven vernieuwen van het wagenpark. Tevens beschikken wij over de certificaten : Lean and Green, HACCP, QS,  logistics",Netherlands,0.543011,,,
Spudpaal Techniek,543011.0,Netherlands,https://www.linkedin.com/company/spudpaal-techniek,www.spud-palen.nl,"Het fabriceren en monteren van spud-palen. De ontwikkeling van spudpalen is in volle gang wij werken samen met een engineering bureau dat onze ideen doorrekend. Inmiddels hebben zich vier opdrachtgevers aangemeld voor de plaatsing van studpalen. Met vriendelijke groet, Eildert Meeter",Netherlands,0.543011,,,
Taxi Rijnland,543011.0,"Netherlands, South Holland, Leiden",https://www.linkedin.com/company/taxi-rijnland,www.taxirijnland.nl,Taxicentrale Rijnland is een inmiddels landelijke taxicentrale die zich voornamelijk richt op personenvervoer van en naar diverse luchthavens in en buiten Nederland vanuit heel Nederland. Wij bedienen zowel de zakelijke als particuliere markt.,Netherlands,0.543011,,,
HavenKoerier,543011.0,"Netherlands, South Holland, Rotterdam",https://www.linkedin.com/company/havenkoerier,www.havenkoerier.nl,De Havenkoerier richt zich op het vervoer van documenten en kleine pakketten van- en naar bedrijven en particulieren in de Rotterdamse haven en daar omheen. Indien de Havenkoerier beschikbaar is kan hij uw (post)pakket binnen 2 uur ophalen binnen de regio Zuid-Holland.,Netherlands,0.543011,,,
Freightconnect,543011.0,"Netherlands, Overijssel, Zwolle",https://www.linkedin.com/company/freightconnect,www.freightconnect.eu,"Freightconnect is the link between freight and truck. Each company that has something to be transported and each transporter or transporting company looking for freight can subscribe. Freights are offered by shippers and bid on by transporters. Subscription is free. For the time being, this service is available to shippers and transporters in the Netherlands only, but we are looking at fast roll-out throughout the entire EU. Transports to other countries are possible. Freightconnect is de verbinding tussen vracht en wagen. Elk bedrijf dat iets te vervoeren heeft en elke vervoerder of elk vervoersbedrijf op zoek naar vrachten kan zich aanmelden. Vrachten worden aangeboden door verzenders en hierop wordt door vervoerders geboden. Aanmelding is gratis. Op dit moment is onze dienst enkel beschikbaar voor verzenders en vervoerders uit Nederland, maar we willen deze snel uitrollen naar de rest van de EU. Transporten buiten NL zijn mogelijk.",Netherlands,0.543011,,,
BASTIAAN,543011.0,"Netherlands, Gelderland, Rijnwaarden",https://www.linkedin.com/company/bastiaan,www.bastiaan-gerritsen.com,"BASTIAAN is opgericht op 1 januari 2013 door Bastiaan Gerritsen. Bastiaan Gerritsen is met zijn jarenlange ervaring op elk niveau een uitzonderlijk breed ervaringsdeskundige binnen de railwereld. Voor projectmanagement, organisatie advies, procesoptimalisatie, procesontwerp maar ook met zaken als data analyses bent u bij BASTIAAN aan het juiste adres. Expert op het gebied van samenbrengen van mensen met specifieke competenties om een organisatie de stabiele basis te geven die nodig is. Een verbeterpunt dat hij de afgelopen jaren heeft gesignaleerd is dat organisaties onvoldoende inzicht hebben in de specialistische (dure) kennis en competenties die zich in de organisatie bevindt of juist ontbreekt. Met name in tijden dat het minder gaat met de corebusiness van de organisatie kun je met die kennis overleven en zelfs sterker worden door een breder product/service aanbod te leveren. Nee, geen afscheid nemen van mensen die het product moeten maken en over veel specialistische kennis beschikken, maar er voor zorgen dat je aanbod breder wordt. Het gaat dus niet om bezuinigen maar om omzetverhoging met de middelen die toch al in de organisatie beschikbaar zijn. BASTIAAN brengt organisaties verder op weg.",Netherlands,0.543011,,,
SRF Interim En Training,508146.0,"Netherlands, North Holland, Haarlem",https://www.linkedin.com/company/srf-interim-en-training,www.srfinterimentraining.nl,"Na een carrière van 27 jaar in het bedrijfsleven is het tijd om alles wat ik heb geleerd op een andere manier in te gaan zetten. Ik zet mijn opgedane kennis graag in als interim manager.  Mijn specialisatie zit voornamelijk op het vlak van cultuur en gedragsveranderingen in turbulente tijden binnen organisaties en teams. Waar ik jou of jouw organisatie goed bij kan helpen; Verandermanagement | Post merger integration | Reorganisaties | Outsourcing | Inkoop van flex | Interim (businessunit) manager | Interim directeur | Interim Teamlead | Strategisch recruitment | Diversiteit en inclusie | Training | Employer Branding | HR thema's Ik kan jou tijdelijk operationeel en projectmatig helpen, adviseren of bijdragen aan de ontwikkeling van strategie en beleid. Daarbij verzorg ik ook trainingen op het gebied van Leiderschap, DE&I en DISC. Wat goed is te weten over mij:  Ik ben een energieke no-nonsens type. Ga voor mijn doelen, ben resultaat gericht en wil waarde creëren voor mijn opdrachtgevers. Rode draad in mijn carrière is altijd teams ontwikkelen, sterker maken en verder helpen in onrustige tijden. Een echte bouwer dus en geen beheerder. Ik weet rust te brengen in teams, de dynamiek snel te zien en daar op in spelen.  Mijn leiderschapsstijl is faciliterend. Liever langer bouwen maar wel sustainable. Een voorbeeld van leiderschap wat ik van nature laat zien is de leer van Simon Sinek. DISC ==> DI profiel (rood/geel) MBTI ==> ENTJ profiel",Netherlands,0.508146,,,
RailTrade Capacity,420022.0,Netherlands,https://www.linkedin.com/company/railtrade-capacity,www.railtradecapacity.nl,"RailTrade Capacity is een organisatie die zich inspant met het verwerven, opleiden, trainen en geschikt maken van mensen voor functies binnen de exploitatie van het railvervoer in de breedste zin van het woord. Daarnaast levert zij diensten voor beveiliging van de railprocessen. Het bedrijf is actief op twee hoofdactiviteiten nl. Staffing en Safety Solutions. Bovendien voert zij activiteiten uit op het terrein van volwassen educatie.",Netherlands,0.420022,,,
MerwedeLingelijn,344796.0,"Netherlands, South Holland, Gorinchem, Stadhuisplein",https://www.linkedin.com/company/merwedelingelijn,www.mll.nl,"Railroad Dordrecht-Gorinchem-Geldermalsen, undergoing a major facelift after a public-private rescue operation. Revitalizing with new trains, extra stations, more service and improved safety. The MerwedeLingelijn bureau is a co-operation of the 7 municipalities that are located along this railroad line.",Netherlands,0.344796,,,
Steam Train Katwijk Leiden,322420.0,"Netherlands, South Holland, Valkenburg, 1 J. Pellenbargweg, 2235",https://www.linkedin.com/company/stoomtreinkatwijkleiden,www.stoomtreinkatwijkleiden.nl,"Stoomtrein Katwijk Leiden is een unieke organisatie die volledig draait op de inzet van vrijwilligers, met ongeveer 160 enthousiaste leden variërend in leeftijd van 16 tot 86 jaar. De organisatie heeft als missie het behoud en de presentatie van smalspoor en stoomlocomotieven, en biedt een zinvolle vrijetijdsbesteding voor mensen met een passie voor treinen, techniek en geschiedenis. Klanten en bezoekers van het museum kunnen genieten van ritten met stoom- en dieseltreinen, terwijl ze meer leren over de geschiedenis van smalspoor in Nederland. Stoomtrein Katwijk Leiden werkt samen met diverse partners en heeft een breed scala aan vrijwilligers nodig, van gastvrouwen en -heren tot technici en onderhoudspersoneel, om de verschillende aspecten van het museum en de treindiensten te ondersteunen. De organisatie streeft ernaar om het museum aantrekkelijker te maken voor bezoekers, met plannen voor een doe- en ontdekpark dat gericht is op kinderen, en blijft zich inzetten voor de restauratie en uitbreiding van hun indrukwekkende collectie.",Netherlands,0.32242,,,
Verhuisbedrijf Charly's,210011.0,"Netherlands, South Holland, The Hague, 23-25 Tauber, 2491",https://www.linkedin.com/company/charly's-verhuizingen,www.verhuisbedrijfcharlys.nl,"Als familiebedrijf met meer dan 30 jaar ervaring is Charly's Verhuizingen een verhuisbedrijf in hart en nieren. Charly's verhuizingen is een begrip in Den Haag en omstreken. Klein, groot, voor particulier of bedrijf. Zij onderscheiden zich in het bieden van service op maat. Naast het uitvoeren van verhuizingen, hebben ze zich gespecialiseerd in (tijdelijke) opslag van uw inboedel en meubeltransport. Na een persoonlijke kennismaking en bespreking van de werkzaamheden, wordt een vrijblijvende offerte aangeboden. Bij de uitvoering is Charly jr. altijd persoonlijk betrokken en daarbij ook het vaste aanspreekpunt, om te zorgen dat een verhuizing of ontruiming vlekkeloos en volgens afspraak verloopt.  Het team van Charly bestaat uit ervaren, beleefde, enthousiaste mensen met een flexibele instelling en oplossingsgerichte houding. Alle medewerkers zijn gediplomeerd inboedelverhuizer via het Erkende Verhuiscollege. Tijdens de verhuizing gebruiken ze de modernste middelen. Zo zijn hun verhuisauto’s standaard voorzien van verhuisdekens, stretchfolie, speciale meubelhoezen, rolcontainers, hondjes, tv-kisten, garderobeboxen & schilderijdozen. Ze onderscheiden zich in het bieden van hoogstpersoonlijke service en het volledig verpakken van uw inboedel. Natuurlijk is uw inboedel tijdens de verhuizing verzekerd. Charly's Verhuizingen staat voor 100% tevredenheid.",Netherlands,0.210011,,,
Fraikin Netherlands B.V.,205000.0,"Netherlands, Utrecht, Utrecht, 91 Proostwetering, 3543",https://www.linkedin.com/company/fraikin-netherlands-b-v-,www.fraikin.nl,"Fraikin is als full service operationele leasemaatschappij met een wagenpark van ruim 60.000 eenheden de grootste fleetowner voor vrachtwagens van europa.  Fraikin is merk onafhankelijk en richt zich op alle transport voertuigen, van bestelauto tot 50tons vrachtwagen. Daarnaast zijn we gespecialiseerd in een aantal branches waaronder koel- en vriestransport, afvalverwerkings voertuigen en voertuigen voor hulpdiensten. Per 2 september heeft Fraikin Netherlands haar deuren geopend, waarmee het totale aantal landen waarin Fraikin actief is op 17 uit komt.  Naast operationele lease is Fraikin ook actief als wagenpark beheerder en beschikken we in de BeNeLux over een vloot van ruim 200 vrachtwagens die ingezet worden als voorloop auto of als vervangend vervoer.",Netherlands,0.205,,,
Rederij Doeksen B.V.,158036450.0,"Netherlands, Friesland, Terschelling West, 21 Willem Barentszkade, 8881",https://www.linkedin.com/company/rederijdoeksen,www.rederij-doeksen.nl,"Rederij Doeksen B.V. is a ferry service company that operates between the mainland of the Netherlands and the islands of Terschelling and Vlieland. Established with a commitment to enhancing the travel experience for island residents and visitors, the company actively engages with local communities through customer panels initiated in 2008. These panels, composed of representatives from various local organizations and residents, meet regularly to evaluate and improve the company's services based on community feedback. Rederij Doeksen's mission is to provide reliable and efficient transportation while fostering strong relationships with its clients, which include island inhabitants, tourists, and local businesses. The company aims to ensure that its services meet the evolving needs of its target market, contributing to the sustainable development of the islands it serves.",Netherlands,158.03645,,,
GVB,26470850.0,"Netherlands, North Holland, Amsterdam",https://www.linkedin.com/company/gvb-amsterdam,gvb.nl,"GVB is the leading provider of public transportation in and around Amsterdam, responsible for the daily transport of approximately 800,000 passengers via its extensive network of metros, trams, buses, and ferries. The company is dedicated to creating a sustainable and accessible city through innovative technology and infrastructure projects, such as the Oranje Loper, which enhances connectivity within the urban environment. GVB's mission is to facilitate easy and accessible public transport for all, exemplified by initiatives like GVB Max, which offers unlimited travel for a fixed daily rate.  The company prioritizes a seamless travel experience for its passengers while ensuring compliance with GDPR regulations for the careful handling of personal data. GVB serves a diverse clientele, including daily commuters, tourists, and media professionals who seek to capture the vibrancy of Amsterdam through its transport locations. To achieve its goals, GVB collaborates with various partners, including the Gemeente Amsterdam and Translink Systems B.V., to enhance mobility and improve the quality of life in the city. GVB is also committed to fostering an inclusive work culture that emphasizes diversity and equality, actively seeking driven technical professionals who wish to contribute to the future of public transport. The company values personal development and work-life balance, offering attractive employment benefits such as a 13th month salary and free public transport for employees. Through its dedication to innovation and community collaboration, GVB aims to maintain high standards of customer satisfaction while shaping the future of urban mobility in Amsterdam.",Netherlands,26.47085,,,
Westerschelde Ferry B.V.,22089633.0,"Netherlands, Zeeland, Vlissingen, 2a Westerhavenweg, 4382nm",https://www.linkedin.com/company/westerschelde-ferry-b.v.,www.westerscheldeferry.nl,"De Westerschelde Ferry verzorgt de veerdienst tussen Vlissingen en Breskens. Met twee schepen, de Prins Willem-Alexander en de Prinses Máxima, zorgen we iedere dag voor een comfortabele en betrouwbare overtocht. Tickets zijn ook online te koop.",Netherlands,22.089633,,,
International Road Ferry B.V.,12505621.0,"Netherlands, South Holland, Rotterdam-albrandswaard 3165 Am, 81 Abel Tasmanstraat",https://www.linkedin.com/company/international-road-ferry,www.irf.eu,About International Road Ferry  Services: * Transportation between Benelux/Germany & England(Full Loads & Part Loads)  * Distribution of palletised goods * General Forwarding * Warehousing 350 units own equipment: * Euroliners * Dedicated trucks,Netherlands,12.505621,,,
Zeehaven IJmuiden NV / Port Of IJmuiden,12461246.0,"Netherlands, Ijmuiden, 1976 Halkade 4",https://www.linkedin.com/company/zeehaven-ijmuiden,www.zeehaven.nl,"De zeehaven van IJmuiden, een dynamische haven aan de monding van het Noordzeekanaalgebied. Altijd toegankelijk zonder belemmeringen in welke vorm dan ook. Een open zeehaven met een reputatie op het gebied van op- en overslag van verse en diepgevroren vis, offshore, ferry- en cruisevaart en bouw van windmolens op zee. Zeehaven IJmuiden NV is de eigenaar en exploitant van de havens van IJmuiden. Sinds 1989 een private onderneming. Een uniek bedrijf op een unieke locatie.",Netherlands,12.461246,,,
Mammoet Ferry Transport,12104673.0,"Netherlands, South Holland, Rotterdam",https://www.linkedin.com/company/mammoet-ferry-transport-b-v-,www.mammoetferry.com,"Mammoet Ferry Transport was founded in 1983, a division of the heavy transport company ‘Mammoet Transport’, owned by Royal Dutch Nedlloyd. It was set up specifically to deal with Continent to UK haulage needs. Starting with two offices located in the Netherlands and England, the company later added subsidiaries in Belgium, Scotland, Germany, France and Austria. In July 2000 the heavy transport parent company ‘Mammoet Transport’ was sold by Nedlloyd to van Seumeren Holland. The ferry transport division was transferred into the hands of the Dutch management team through a management buy-out. Today Mammoet Ferry Transport BV operates with a staff of 80 highly motivated employees. Using a modern fleet of 400 trailers operating from seven subsidiaries, the company is confidently handling 30000 shipments annually. Activities The main activity of Mammoet Ferry Transport is the rapid transportation of freight from Continental Europe to the UK and vice versa, providing an effective transport link between industrial centers on both sides of the North Sea. Mammoet Ferry Transport offers a door-to-door operation, servicing Holland, Belgium, France, Germany, Austria, Luxembourg and the United Kingdom.",Netherlands,12.104673,,,
CoCo Yachts B.V.,10069344.0,"Netherlands, South Holland, Gorinchem, 21e Edisonweg, 4207",https://www.linkedin.com/company/coco-yachts,www.cocoyachts.com,"CoCo Yachts is specialised in designing high speed vessels, including aluminium catamarans, which can be used as motor yacht, water taxi, ferry, fast ferry, etc. CoCo Yachts can offer a wide range of high speed vessel designs from basic up to detailed design. The focus of our vessels is on functionality versus appearance, but always with the lowest possible Cost of Ownership. CoCo Yachts is able to assist buyers and builders with the preparation of tender documents, including evaluation, reporting and advice.",Netherlands,10.069344,,,
Smeets Ferry B.V.,9814067.0,"Netherlands, South Holland, Alblasserdam, 45 Edisonweg, 2952",https://www.linkedin.com/company/smeets-ferry-b-v-,www.smeets.nl,"Smeets Ferry B.V. is a carrier specialized in transports between Germany, Benelux and UK. With a main office in Alblasserdam (near Rotterdam), the Netherlands and offices in UK and Germany.  With our modern fleet of 450 trailers we are daily internationally present and ready to serve our customers.",Netherlands,9.814067,,,
Integrity Trawlers,9712617.0,"Netherlands, North Holland, Hilversum",https://www.linkedin.com/company/integrity-trawlers,www.integritytrawlers.nl,"The company's factory is situated in Guangzhou in China,only two hour sailing by ferry from Hong Kong. The Integrity ships are available in sizes from 30 - 80 feet. There are 12 different models and designs, all built in polyester. There is a choice of the models, Eurotrawlers , Coastal Express  Grand Sedan ,Lobster and Cruising. All ships are spacious and very well finished with seaworthy hulls and an economic fuelconsumption.The Integrity company is a reliable and very experienced company and deliver her ships with CE certificates A or B. Swanta-yachting is the exclusive importer and listen to your special wishes regarding style and specifications to built your own Integrity (Semi custom built). All ships are tested by the international marine certification institute, IMCI and comply to the international standards as written in the recreational craft directive 94/25/EC in conjunction with the essential safetyrules 3.2 for stability and hullsize and 3.3 for buoyancy and flotation. Each ship has its own IMCI report and a declaration of conformity. Also there will be a guarantee given on hullconstruction,equipment and osmosis(5 years). Our slogan; seaworthy,comfort and luxury.",Netherlands,9.712617,,,
Int. Transportbedrijf H.J. Van Bentum B.V.,9094935.0,"Netherlands, Utrecht, Woudenberg, 80 Parallelweg, 3931",https://www.linkedin.com/company/int-transportbedrijf-h-j-van-bentum-bv,www.bentum.nl,"H.J. van Bentum bv specialises in the transportation of dry bulk products, both powders and granules. Our fleet of silo trailers consists of both food and non-food trailers with a capacity from 61 to 63 m3. Depending on the freight and the location of its loading and unloading, we have what it takes to offer you the most efficient solution, using whatever mode of transport you prefer – road, water or rail. Our vehicles are equipped with an on board computer, which means that we know at any given moment the location of our drivers and your goods. With our fleet of curtainsider trailers and flatbed trailers, we operate a daily service between the United Kingdom and the continent for groupage and full loads. For the crossing to and from the United Kingdom we use various ferry services and the Channel Tunnel. All our curtainsidet trailers are built according to the TUV XL code, which ensures safe transit packaging. The kerb weight of these TUV XL trailers, which are generally heavier than standard trailers, has remained below the target weight thanks to various technical innovations. This makes us into the industry's leader capable of loading 28.4 tonnes in the UK legally. We handle both FTL and LTL freight shipments for the following sectors: • petrochemicals and chemicals (ADR and non-ADR) • soft drinks and foodstuffs  • paper and office supplies • automotive industry • construction materials industry • packing industry",Netherlands,9.094935,,,
Easytrip Transport Services Netherlands,8590413.0,"Netherlands, South Holland, Dordrecht, 120-122 Jacobus Lipsweg, 3316bp",https://www.linkedin.com/company/nebu-transport-services-bv,easytrip-transport-services.com,"Convince yourself! Our services do not only offer you high discounts on fuel, tollroads and tunnels, but also reduce the administrative hassle. This way you can focus on your core business. That is what we do as well. 1 - VAT Refund - We bring back your foreign VAT money! 2 - Excise duty Refund - Irrespective of the recovery of the foreign VAT; it is also possible to request the refund of diesel fuel tax in a few countries. So you can save even more money if you fill up in Belgium, France, Spain and Slovenia! 3 - Fuel Cards - We provide a number of credit cards for European transport businesses. 4 - Toll Devices - Keep on rolling! We provide you with toll devices for Europe 5 - Ferry bookings - Do you need to take a ferry with your truck? We will organize it for you! 6 - Fine Service - You get stuck on the roads with a fine? We will help!",Netherlands,8.590413,,,
All About Boats,6289420.0,"Netherlands, North Holland, Weesp, 1382gj",https://www.linkedin.com/company/all-about-boats,www.all-about-boats.nl,"All About Boats is a banking company based out of 5772 Shadburn Ferry Rd, Buford, GA, United States.",Netherlands,6.28942,,,
RTR Holland B.V.,5502099.0,"Netherlands, South Holland, Barendrecht, 21 Zuideinde, 2991",https://www.linkedin.com/company/rtr-holland-b-v-,www.rtr-trailer.com,"Al meer dan 40 jaar is Refrigerated Trailer Rentals (RTR) gespecialiseerd in de verhuur van geconditioneerde opleggers. Met vestigingen in Barendrecht en Antwerpen bestaat de totale verhuurvloot uit meer dan 700 trailers. De organisatie hiervan is in handen van slechts 14 medewerkers waardoor met recht kan worden gezegd dat RTR groot is door klein te blijven. Binnen het beroepsgoederenvervoer is koel- en vriestransport echt een vak apart. Nog meer dan elders draait het in deze sector om tijd, snelheid en betrouwbaarheid. RTR verhuurt diverse soorten koel- en vriestrailers voor verschillende toepassingen. Het geconditioneerde vervoer in Europa neemt in de toekomst alleen maar verder toe. Dit heeft te maken met het aanbod van verse producten zoals voedingsmiddelen, bloemen en planten. Ook komen er steeds meer producten bij, die volgens de wetgeving of op wens van de klant onder bepaalde condities vervoerd moeten worden. Medicijnen, verfwaren, apparatuur en instrumenten zijn hier mooie voorbeelden van. Onze trailers zijn geschikt voor elk product en iedere vorm van transport. Ook voor onbegeleid ferry transport. Kijk voor meer info op http://www.rtr-trailer.com",Netherlands,5.502099,,,
Tunderman,4405338.0,"Netherlands, South Holland, Dordrecht, 33 Van Leeuwenhoekweg, 3316",https://www.linkedin.com/company/tunderman-b-v,tunderman.eu,"Tunderman is established in 1972 and since then, we have been providing our customers with daily services to and from the United Kingdom and Ireland with Europe mainland as our home base. Through the development of our business, we have grown into a privately owned company with two offices and warehouse facilities in both Rotterdam and Glasgow of 2000m2. Our Dutch office is based in Barendrecht, on an ample distance of the main ferry ports of Rotterdam. Our second office is based in Glasgow, Scotland, close to the motorways that connect the North and South of the United Kingdom. Tunderman Netherlands BV and Tunderman Scotland Ltd are part of the VBE Group. VBE Group is founded in 1974 and is a leader in the logistics industry through its various business units.",Netherlands,4.405338,,,
Redwise - DCP BV,4405338.0,"Netherlands, North Holland, Huizen, 4 Energieweg",https://www.linkedin.com/company/33227563,www.redwise-dcp.com,"Deep Sea Pilots & Coastal Pilots The shipping lanes carrying global trade to- and from Europe’s main ports, come together and disperse at the entrance of the English Channel. This traffic is  funnelled into the Dover Strait from the North and the South. The narrow passage between France and the United Kingdom counts up to 500 shipping movements every day, ferries crossing the English channel not even taken into account.  Deep Sea Pilotage offers the best operational support and assistance for Masters, Officers, Owners and Shipmanagers to manage these risks in the dense North-European waters. With the extensive knowledge Deep Sea Pilots of Redwise – DCP, risks are brought down to an as low as reasonably practicable minimum. All Deep Sea Pilots of Redwise – DCP are highly experienced and certified. Vessel Traffic Services Deep Sea Pilots of Redwise – DCP are being deployed both voluntarily and mandatory in the capacity of Offshore VTS Pilots. A VTS Pilot can be placed on board pipe- and cable laying barges, offshore oil & gas platforms and survey vessels. With the knowledge and experience off navigating vessels through the North European waters, these experienced Pilots observe and guide the specific traffic safely in the vicinity of the projects. Observing the traffic around the projects 24/7, broadcasting safety information regularly and in-time intervention, prevents potentially dangerous situations. This provides added safety for the people working on projects, the environment and can prevent damage to materials, ships and structures. It significantly reduces the risk of down-time and major catastrophes. Information will be provided to the involved project management in close cooperation with the responsible authorities of the specific area",Netherlands,4.405338,,,
Bakro International Transport B.V.,4398007.0,"Netherlands, South Holland, Spijkenisse, 9 Curieweg, 3208",https://www.linkedin.com/company/bakro-international-transport-b-v,www.bakro-transport.nl,"The main function of Bakro International Transport B.V. is to transport goods via the ferry in Rotterdam to the United Kingdom. With years of experience from our offices in Milton Keynes, Felixstowe and Spijkenisse, our knowledge is amply present to see us as specialists for transport to and from the United Kingdom.",Netherlands,4.398007,,,
Siri Marine,4177305.0,"Netherlands, Groningen, Groningen, 16 3 Kalmarweg, 9723jg",https://www.linkedin.com/company/siri-marine,www.sirimarine.com,"Siri Marine, based in Groningen (The Netherlands), provides worldwide services to the offshore, shipping and shipbuilding industries. The services include: development, implementation and operation of motion/condition monitoring systems for a large variety of vessels, heavy lift, heavy transport, towing and salvage operations as well as Decision Support Systems (Weather Dependent Lashing) for RoRo vessels and ferries.  Under the new MO4 label a revolutionary motion forecasting service is being introduced to the maritime and offshore industry.",Netherlands,4.177305,,,
Cruise Ship Brokers,3146670.0,"Netherlands, South Holland, Zwijndrecht, 150 Scheepmakerij, 3331",https://www.linkedin.com/company/cruise-ship-brokers,www.cs-brokers.com,"Cruise Ship Brokers is an ship brokerage firm which is specialised in the brokerage, purchase, sale and valuation of existing inland passenger vessels, coasters, hotel ships, round-trip boats, party boats and ferries. Our professional and certified brokers would be glad to advise you and your relationships on the purchase and sale and on the lease and hire of existing passenger ships. We also act as mediators and advisors in the field of operation, charters and financing.  Cruise Ship Brokers is your professional partner with full knowledge of the market and all developments in the field of passenger ships. Our services are: - Sale & Purchase - Search service - Valuation - Support - Sea towage of passenger vessels - Consultancy -Temporary housing on hotelships",Netherlands,3.14667,,,
Rederij Volendam Marken Express,2517336.0,"Netherlands, North Holland, Volendam, 39 Haven, 1131 ep",https://www.linkedin.com/company/marken-express-rederij-volendam-b-v-,www.markenexpress.nl,"Ferry service, cruises and private & party cruises The Volendam Marken Express sails all year long (except when there is too much ice) a ferry service between Volendam and Marken. The ships of the Volendam Marken Express are also available for company parties, private and party cruises or family parties. We will sail on almost every possible harbor in the area; from Amsterdam to IJmuiden and Muiden and from Lelystad to Enkhuizen and Hoorn.   The Volendam Marken Express is an ideal way of transport between the Volendam and the authentic Dutch Marken. The Volendam Marken Express gives you a unique view of the former Zuiderzee, offers you both a shelter and a sun terrace and the Captains Bar offers delicious coffee and cake or a beer during the trip.  We look forward to welcoming you on board!",Netherlands,2.517336,,,
Ferry Shipping News & Ferry Shipping Summit,2517336.0,"Netherlands, North Holland, Ijmuiden, 664 Kennemerboulevard, 1976er",https://www.linkedin.com/company/18005769,www.ferryshippingsummit.com,"Ferry Shipping News is the leading ferry media. Ferry Shipping Summit is THE annual conference for ferry, roro and ropax operators, ferry ports, suppliers,... (12)-13-14 November 2025, Malmö, Sweden",Netherlands,2.517336,,,
Ferry Easy,2454403.0,"Netherlands, South Holland, Gorinchem",https://www.linkedin.com/company/ferry-easy,www.ferryeasy.nl,"Een wandeling door een natuurgebied kan meer dan eens onderbroken worden door water. In veel gevallen is er dan een bemande voetveer om toeristen naar de overkant te brengen, maar dat komt steeds minder voor. Ferry Plan speelt hier op in en brengt u naar de overkant. Ferry Easy. Ferry Easy biedt uw passagiers (maximaal 12 voetgangers) een veilige en duurzame overtocht. Het minimalistische design van Ferry Easy, zorgt er tevens voor dat alleen noodzakelijke componenten op het voetveer aanwezig zijn. Hierdoor blijft Ferry Easy licht en dat bespaart weer energie. De stroom die Ferry Easy nodig heeft wordt opgewekt uit de zonnecellen op de overkapping. Daarnaast is Ferry Easy ook nog eens gemaakt van duurzaam aluminium. Aan wal staat aan iedere zijde een paal met een knop. De passagier drukt op de knop en Ferry Easy komt vanzelf naar de kant. De passagier stapt op het voetveer en vaart duurzaam en veilig naar de overkant. Volledig automatisch en zeer gemakkelijk. Het ontwerp van Ferry Easy zorgt er voor dat het voetveer onderhouds- en vandalismevrij is. Een camera aan boord zorgt mede voor de veiligheid van de passagiers.",Netherlands,2.454403,,,
European Permit Service BV,2350255.0,"Netherlands, North Brabant, Breda, 6519 Hazeldonk",https://www.linkedin.com/company/european-permit-service,www.epspermits.com,"The European roads, transportation laws and installations no longer have any secrets for European Permit Service. Many years of experience, excellent contacts with (local) administrations and a reliable team of experienced people are our best guarantee for a result oriented service. On top of our service to take care of exemptions and permits, we also take care of the efficient escort of exceptional transportations through all European countries, as well as crossings by Ferry. We understand very well the importance of timing. Our employees do everything within their reach to take care of your requests as fast as possible. Thanks to the many years of European experience, the concrete knowledge of the rules and legislation within those countries and the tight relationship with authorities and administrations, we enable solutions which cannot be realized by individual transporters. As such, we take away most of the burden from transportation companies and we, literally and figuratively assure the shortest track.",Netherlands,2.350255,,,
Berger Maritiem,1888002.0,"Netherlands, South Holland, Hendrik-ido-ambacht, 50 Steur, 3344jj",https://www.linkedin.com/company/berger-maritiem,www.bergermaritiem.nl,"We are Berger Maritiem, a trading and consulting company who would like to provide you with practical and realistic advice by improving the sustainability of your ship or fleet. Thereby we strive to come up with sustainable solutions that not only lower the environmental footprint, but the ones that also lower the operational cost and finally contribute to a better competitive edge. Whereby we mainly focus on helping ship owners and shipping companies, which have often find it difficult to make space with in-house capacity, knowledge or expertise for greening their business. Since its foundation in 2012, we have carefully put together a comprehensive package of sustainable products and services with special focus on efficient propulsion and emission reduction. Within the maritime sector we are active in the seagoing market, short sea shipping, cruise shipping, fast ferries, offshore, inland waterway, dredging, fishing, navy, yachting and others. And besides having the knowledge and experience to make newly to built vessels more efficient and environmental friendly, it is our greatest passion to improve the efficiency and sustainability of the current fleet and especially giving the old ships a second life.  Please have a look around our website to see how we can be of help to you; read for example our business cases to learn more about our experiences. In case you would like to stay informed about our latest developments, we would like to ask you to follow Jeroen's personal LinkedIn channel (https://www.linkedin.com/in/jeroenberger89/).",Netherlands,1.888002,,,
Rederij Wadden Transport,1258668.0,"Netherlands, Friesland, West-terschelling, 1a Werkhaven, 8881",https://www.linkedin.com/company/rederij-wadden-transport,www.waddentransport.nl,"Welcome to Rederij Wadden Transport! We operate an established maritime transport service with more than 35 years of experience in the Dutch Wadden Sea region. We sail primarily between the mainland port of Harlingen and two Wadden Sea islands, Terschelling and Vlieland. Our company distinguishes itself in its ability to plan and execute maritime transport in accordance with the specific requirements of our commercial clients. We react quickly to new developments, and are not afraid to face a challenge. In addition to our regular freight service we also enjoy providing a wide range of exceptional transport (extremely heavy or wide) services. We are well known throughout the region for our ability to transport heavy commerical cranes (+100 ton) without having to dismantel them before transport, and for moving mobile homes and prefab structures up to 10 meters wide to their island destinations. Our ferry m.s. Terschellinger Bank has 150 meters asfalt dek available for her customers with a 250 tons maximum load capacity. She is outfitted with her own freight ramps, allowing her additional mobility for the process of freight charging/discharging. As opposed to other commercial ferries currently operational in the Dutch Wadden Sea, the Terschellinger Bank can load or offload freight directly onto a pier in a commericial harbor. In addition, she is also fitted to dock at the same public loading bridges used by other ferries, and does so regularly.  What are we strong in?     - schip charters : 150 meter asphalt car deck, 250 ton maximum load per trip    - developers / contractors : transport scheduling in collaboration with your supervisors    - delayed return : we can if necessary schedule the ferry to hold at the island untill your project's completion     - hazardous substance transport : fuels, explosives, ammunition, fireworks    - heavy transport : maximum 32 ton per axle     - wide transport : maximum 10 meter",Netherlands,1.258668,,,
FerryGoods,1210280.0,"Netherlands, Zeeland, Kapelle, 19 Goessestraatweg, 4421",https://www.linkedin.com/company/ferrygoods,www.ferry-goods.eu,"We are your expert in taking care of ferry bookings for freight road transport. FerryGoods is committed to providing the highest level of service to all its customers, no matter how big they are. Our area of expertise spans all of Europe, from Finland down to Northern Africa, from the Canary Islands to Israel. We can book your ferry tickets, as well as toll bridges and tunnel crossings, at competitive rates and with high flexibility. Today, FerryGoods has evolved to be able to help you manage all your European sea transport from A to Z. Our goal is to optimise each of these through automation while maintaining a personal relationship with our customers.",Netherlands,1.21028,,,
Rinus Groningen,629334.0,"Netherlands, Groningen, Groningen, 2-4 Jeverweg, 9723",https://www.linkedin.com/company/rinus-groningen,www.rinusgroningen.nl,"Rinus is de praam van Groningen. Het schip werd honderd jaar geleden in Groningen gebouwd en na lang dienst te hebben gedaan als vervoermiddel voor vee en landbouwproducten is Rinus aan lager wal geraakt. In 2012 is Rinus in zeer slechte staat op het land gevonden. Rinus is met veel zorg en liefde helemaal weer opgeknapt voor zijn oude dag. Nu doet Rinus, geheel gestoffeerd, voorzien van een bar en een geluidsinstallatie, dienst als exclusieve rondvaartboot in de grachten van Groningen en de meren rondom de stad.",Netherlands,0.629334,,,
Harmelink Trucking & Transport,521531.0,"Netherlands, Overijssel, Hardenberg, 22 J. C. Kellerlaan, 7772",https://www.linkedin.com/company/harmelink-automotive,www.harmelinktrucking.com,"Harmelink Trucking & Transport is a trusted name in Europe for moving trailers and hangers. With a fleet of 20 powerful trucks, they specialize in one-way transport, ensuring quick and efficient deliveries across the continent. When a customer needs a trailer moved, the dedicated team jumps into action. They plan the best route, coordinating ferry crossings and road travel. As the trucks cruise along scenic roads, the drivers enjoy the beauty of the landscape, knowing they are connecting businesses and communities. Each journey is a promise kept, showcasing their commitment to excellence in transport.",Netherlands,0.521531,,,
Lowland International,275711592.0,"Netherlands, Nieuw-vennep, 14 2153 Lireweg",https://www.linkedin.com/company/lowland-international,lowland.com,"Drawing on over 30 years of experience and operating via an in-house network of ten offices worldwide, Lowland International offers tailor-made crewing solutions for all types of offshore vessels, merchant ships, and cruise ships.  Established in the Netherlands in 1993. We are your reliable partner, serving our clients working across time zones and continents. Proud of the positive feedback we receive from our clients, we continually improve our performance and enhance our tailored services to adapt to market needs, led by our core values based on respect, integrity, and drive.  Across the globe, whether you are a client or a seafarer looking for a job, Lowland is your trusted compass for success.",Netherlands,275.711592,,,
NRV,134809612.0,"Netherlands, South Holland, Rijswijk",https://www.linkedin.com/company/nrv-holiday,www.nrv.nl,"NRV is a leading travel company based in the Netherlands, specializing in unique round trips and cruises to a diverse array of global destinations. Founded in 2006, NRV has established itself as the largest round trip specialist in the country, offering approximately 500 meticulously curated journeys to over 50 destinations worldwide, including Africa, Asia, Europe, the Middle East, and the Americas. The company's mission, encapsulated in its name ""Nederland Reist Voordelig,"" is to provide travelers with the best value for their money, ensuring a balanced mix of cultural and natural experiences. NRV caters to a wide demographic, including families, groups, and individual travelers, offering various travel options such as group tours, private trips, and family vacations. With a strong emphasis on customer satisfaction and service, NRV partners with reputable cruise lines like Holland America Line, known for its exceptional service and diverse dining options, to enhance the travel experience. The company is dedicated to creating memorable journeys that combine adventure and relaxation, allowing travelers to immerse themselves in the rich biodiversity and culture of destinations like Panama, Costa Rica, and the Caribbean. NRV's target market primarily consists of Dutch-speaking travelers who seek both cultural exploration and leisure in their travels. In addition to its focus on providing unforgettable experiences, NRV is committed to promoting responsible tourism practices and minimizing the environmental impact of its cruises. The organization works closely with various partners, including hotels and excursion providers, to offer a wide range of accommodations and activities tailored to the desires of its clients. With over 15 years of experience in the travel industry, NRV continues to innovate and expand its offerings, ensuring that every journey begins with comfort and enjoyment while creating lasting memories for its clients.",Netherlands,134.809612,,,
D-reizen,111816288.0,"Netherlands, North Holland, Hoofddorp",https://www.linkedin.com/company/d-reizen,www.d-reizen.nl,"D-reizen is a leading travel agency in the Netherlands, specializing in personalized travel planning services. Established in 2011 by Marc van Deursen, the company has grown to become the largest travel retailer in the country and a significant player in the European travel industry. With locations in Winterswijk, Kerkrade, Halsteren, and Winsum, D-reizen is dedicated to helping clients find their dream vacations, whether they are seeking sun holidays, cruises, or tailored round trips. The agency's mission is to provide a stress-free booking experience, offering a wide range of travel options while delivering expert advice and competitive pricing. D-reizen collaborates with various partners, including airlines and tour operators, to ensure the best deals and guarantees through recognized organizations like ANVR and SGR. The agency serves a diverse clientele, including leisure travelers looking for unique experiences, families seeking convenient holiday packages, and groups wanting memorable trips. With a strong emphasis on customer-centric service and innovation, D-reizen aims to exceed customer expectations by combining quality service with attractive offers. The company maintains a robust presence in both online and physical retail environments, reflecting its commitment to growth and market leadership. D-reizen is focused on enhancing the customer experience and has plans for further expansion and improvement in the future. Through its dedicated teams of experienced travel advisors, D-reizen continues to prioritize a personal touch in its services, ensuring that every client receives tailored support in planning their ideal getaway.",Netherlands,111.816288,,,
CSMART - Center For Simulator Maritime Training,70485408.0,"Netherlands, Flevoland, Almere Stad",https://www.linkedin.com/company/csmart,www.csmartalmere.com,"CSMART, Center for Simulator Maritime Training, is the international maritime training center of the Carnival Corporation & plc Group.  With its scale, technology and equipment, and training approach, CSMART is the most progressive maritime center of its kind in the world for training and continually improving industry-wide safety, sustainability and operational excellence.  CSMART's mission is to be a leader in developing and delivering the best professional training, and set the global standard in maritime training by: • Providing high quality maritime training services for industry-wide safety, sustainability and operational excellence  • Developing training courses that optimize learning and maximize cost-effectiveness  • Researching and developing training courses to meet the changing needs of the maritime industry  • Providing the latest relevant simulation and training equipment • Using stringent quality assurance criteria to determine concepts and procedures for training courses  In June 2018, CSMART Academy has been recognized as the world's first Center of Safety Excellence by DNV-GL, the world's leading classification society and a recognized advisor for the maritime industry. The CSMART Academy and corresponding CSMART hotel are both located at the Arison Maritime Center in Almere, The Netherlands. About Carnival Corporation & plc Group: Carnival Corporation & plc Group is the largest leisure travel company in the world, with 9 cruise brands worldwide consisting of: Carnival Cruise Line, Holland America Line, Princess Cruises, Seabourn, AIDA Cruises, Costa Cruises, Cunard, P&O Cruises Australia and P&O Cruises UK. Together, these brands operate 100+ ships visiting over 700 ports around the world and welcoming over 11.5 million guests annually.",Netherlands,70.485408,,,
Legero International Group,42170685.0,"Netherlands, South Holland, Vlaardingen",https://www.linkedin.com/company/legero-international-group-bv,www.legerogroup.com,"With over 35 years of experience we as Legero offer tailor-made Global Logistic Solutions for the Marine, Geophysical and Offshore Industry.   OUR SOLUTIONS:   World Wide ship spares distribution management  Track & Trace  Sea & Air charters  Cruise liner assistance  Crew transportation  Special projects  Storage bonded & free  Consolidated road freight   Special truck delivery  Computerized stock control  Airfreight forwarding  Ocean freight forwarding  Custom & Insurance brokerage  Neutralizing and re-packing  Purchase assistance  Launches & Barges  Lubricant deliveries ( Bulk & packed )  Bunkering Why Choose our Company ? Besides Know-how and saving money.   •         No intervention of other parties which reduces both cost and handling errors •         Around-the-Clock service which makes us more flexible than most of our competitors •         Fixed rates leaving out the possibility of unpleasant surprises •         A partner handling the total logistic package with know-how and creativity •         Own trucks, barges and warehouse facilities •         Own Custom warehouse fully licensed to store bonded and community goods together •         IATA/CAS member enabling us to negotiate with the airlines directly",Netherlands,42.170685,,,
Flagship Amsterdam,12786783.0,"Netherlands, North Holland, Amsterdam",https://www.linkedin.com/company/flagship-amsterdam,flagshipamsterdam.com,"Flagship Amsterdam is a premier provider of unique canal cruise experiences in the heart of Amsterdam, specializing in themed tours that highlight the city's rich artistic heritage, such as the Rembrandt Cruise. The company aims to offer an immersive journey through Amsterdam's historic canals, combining luxury and comfort with engaging storytelling from knowledgeable local guides. With a commitment to sustainability, Flagship Amsterdam operates 100% electric boats, ensuring a quiet and eco-friendly exploration of the city's iconic waterways. Their target market includes both tourists and locals seeking memorable experiences, with offerings that cater to families, couples, and groups. The company collaborates with various partners, including cultural institutions like the Rembrandt House, to enhance the overall experience for their clients. Flagship Amsterdam is dedicated to providing exceptional service, with a focus on customer satisfaction and flexibility, including free cancellations up to 24 hours before a cruise.",Netherlands,12.786783,,,
Koninklijke Spido BV.,9094935.0,"Netherlands, South Holland, Rotterdam",https://www.linkedin.com/company/spido,www.spido.nl,"Koninklijke Spido BV is a prominent cruise company based in Rotterdam, specializing in harbor tours and themed cruises that showcase the dynamic Port of Rotterdam, one of the largest ports in Europe. The company aims to provide unique and educational experiences for all ages, allowing guests to explore the impressive maritime landscape and iconic architecture from the water. With a diverse range of offerings, including family brunches, seafood dinner cruises, and special holiday events, Spido caters to both local residents and tourists seeking memorable adventures. The company is committed to accessibility and customer satisfaction, ensuring that every guest enjoys a safe and enjoyable experience aboard its fleet. Through partnerships with local attractions and a focus on community engagement, Spido continues to enhance its reputation as a leading provider of maritime experiences in the region.",Netherlands,9.094935,,,
Silver Star Agencies B.V.,5625575.0,"Netherlands, North Holland, Amsterdam, 105 Westhavenweg, 1042bb",https://www.linkedin.com/company/silver-star-agencies-b.v.,www.silverstar.nl,"Silver Star Agencies is a rapidly-growing independent agency for tramp, scheduled and cruise services. The company’s home base is Amsterdam, and SSA has offices in Rotterdam, Antwerp, Riga and Ventspils. With thirty years combined experience, SSA is no newcomer to the world of shipping agencies. We are however an ever growing company.",Netherlands,5.625575,,,
Cruise Control Chauffeursdiensten,3776004.0,"Netherlands, Groningen, Groningen, 53 Jozef Israëlsstraat, 9718",https://www.linkedin.com/company/cruise-control-chauffeursdiensten,www.cruise-control.nl,"In 1997 is Cruise Control Chauffeurs Diensten opgericht door twee studenten uit Groningen. Hun doel was om vernieuwingen door te voeren op het gebied van mobiliteit en daarnaast hun medestudenten aan een leuke bijbaan te helpen. Cruise Control levert tegenwoordig haar chauffeursdiensten aan diverse bedrijven in en rondom Groningen. Met een geselecteerde chauffeurspoule van representatieve en professionele studenten leveren wij onze afnemers maatwerk. Cruise Control Chauffeursdiensten is voor veel bedrijven onmisbaar geworden in de dagelijkse mobiliteitsvoorziening. Wij zorgen er immers voor dat reistijd wordt omgezet in effectieve werktijd! U wilt gebruik maken van onze diensten? Een chauffeur van Cruise Control Chauffeursdiensten kunt u al inzetten tegen het scherpe tarief van €21,45 per uur. Stuur een mail naar info@cruise-control.nl of bel met +316 10735006 om een chauffeur te reserveren. Eerst meer informatie? - Kijk op www.cruise-control.nl om meer informatie te krijgen over onze diensten.",Netherlands,3.776004,,,
RB,3732000.0,"Netherlands, North Holland, Amsterdam",https://www.linkedin.com/company/rhebergen-composites-bv,www.rhebergencomposites.com,"Rhebergen Composites is your reliable specialist in custom made composite turnkey (deck) solutions for luxury superyachts and cruise ships, but also for special projects. Based at the heart of the premium Dutch yachting industry in the Netherlands, our company focuses on custom made components for luxury superyachts. We can take care of every stage of your project, from development, design and engineering to building, painting, transport and mounting: we are your turnkey partner.",Netherlands,3.732,,,
Dutch Business Limousine B.V.,2909579.0,"Netherlands, North Holland, Lijnden, 13 Tokyostraat, 1175",https://www.linkedin.com/company/dutch-business-limousine,www.dutchbusinesslimousine.com,"Dutch Business Limousine was founded in 1999 in Amsterdam, providing high quality ground transportation all over the Netherlands. Our team of experienced chauffeurs will assist you in any possible way to make sure that you safely reach your destination.  All of our chauffeurs are well groomed, speak multiple languages and have successfully completed specialized safety en security driving training. Our fleet holds the latest executive Mercedes sedans and minivans.  All vehicles are fully insured, periodically inspected and they are equipped with several amenities, like complementary bottles water and WiFi.  Specialities: - Airport Transfers - Roadshow Services - Events - Cruises - Sightseeing - Maritime and Offshore Crew Transportation",Netherlands,2.909579,,,
Datalastic,2534196.0,"Netherlands, South Holland, Rotterdam",https://www.linkedin.com/company/datalastic,datalastic.com,"Innovative web service REST API platform, we provide a simple maritime API to address your complex needs.  Maritime Intelligence for data-driven decisions. Vessel Tracker API & Maritime Database, give access to real-time and historical data regarding the maritime sector; ships, ports, container vessels, fishing boats, cruise liners and more.",Netherlands,2.534196,,,
Smidtje Canal Cruises - Haarlem,2517336.0,"Netherlands, North Holland, Haarlem",https://www.linkedin.com/company/smidtje-canal-cruises,www.smidtjecanalcruises.nl,"Met de schepen van Smidtje Canal Cruises varen we rond onze historische binnenstad en laten wij u onder leiding van ervaren schippers en gidsen alle mooie plekjes van de oude stad zien. Vanaf het Boothuys aan het Spaarne tegenover het beroemde Teylermuseum vertrekken wij dagelijks met onze schepen voor een rondje door onze historische binnenstad. Via de rivier het Spaarne, de grachten en singels bieden wij u een prachtige kijk op de stad. U kunt aan boord genieten van hapjes en drankjes die wij aanleveren bij vertrek. De vaart wordt verzorgd door de ervaren staf die al jaren lang over de Haarlemse wateren vaart. Geniet van een dagelijkse rondvaart of boek de privé tour bij Smidtje Canal Cruises Haarlem. Wij varen dagelijks vanaf 12.00 uur en in het weekend om 11:00 uur met de rondvaart. De afvaarten met de Frans Hals zijn op ieder heel uur. In het weekend, bij mooi weer, varen wij met de sloep BAVO, vanaf 11.30 uur, ook ieder uur. Tijdens deze tocht van 50 minuten ontdekt u de binnenstad van Haarlem vanaf het water. U vaart langs de vele mooie bezienswaardigheden zoals molen de Adriaan, het Teylershofje en de Kathedrale Sint Bavo",Netherlands,2.517336,,,
RNM River Cruises,2034543.0,"Netherlands, Gelderland, Arnhem, 60 Delta, 6825",https://www.linkedin.com/company/rijfers-nautical-management,rnmrivercruises.com,"Discover RNM river cruises, a leading river cruise line offering a modern fleet of 8 state-of-the-art ships, available for charter. Established in the Netherlands since 2016. We are dedicated to redefining river cruising together with you and your guests. Experience our tailored charters, where expertise meets a personalized river cruise journey like no other. Our ships are built with cutting-edge technology, meeting the highest standards in safety and sustainability. With our attention to detail, we ensure safe, solid, and comfortable cruising, coupled with joy and a perfect journey for every guest. Innovation, safety, and comfort form the foundation of our fleet. Our commitment extends even beyond the precise manufacturing of a river cruiser. The interior design and ambiance of each of our ships are uniquely crafted to meet the expectations and needs of today’s travelers. We provide a wide range of comfort options, modern amenities, stylish accommodations, and panoramic views to enjoy the surrounding landscapes.",Netherlands,2.034543,,,
Safe Ships,1888002.0,"Netherlands, South Holland, Nieuwerkerk Aan Den Ijssel, 8 Maalderij, 2913",https://www.linkedin.com/company/safe-ships,www.safeships.nl,"Safe Ships is one of Europe’s leading suppliers of fire-fighting and life-saving equipment for inland cruise companies. We exist to make your life easier when it comes to on board safety. Not only with our new client portal, but also by offering the possibility of custom-made Safety Service contracts. Do you want to be carefree for a fixed fee? Contact us and discover your options.",Netherlands,1.888002,,,
Amsterdam Cruise Port,1657702.0,Netherlands,https://www.linkedin.com/company/amsterdam-cruise-port,www.amsterdamcruise.nl,"Amsterdam Cruise Port (ACP) is a non-profit organisation in which several affiliated organisations collaborate to offer the best quality service to cruise companies and their guests. With excellent sea and river cruise facilities the Amsterdam Metropool is able to welcome cruise passengers from all around the world. The tourist attractions in the region are famous around the globe, although there are still many to discover. Are you joining us in exploring all? Get in contact if you require additional information about the cruise facilities, tourist attractions and other (cruise related) questions. Follow us via: Twitter: https://twitter.com/AMS_Cruise_Port Facebook: https://www.facebook.com/amsterdamcruiseport Website: www.amsterdamcruise.com",Netherlands,1.657702,,,
SailAdventures,1657702.0,"Netherlands, Maasbommel, 34 Molenwegje, 6627kp",https://www.linkedin.com/company/sailadventures,www.sailadventures.nl,"SailAdventures designs and builds wood epoxy multihulls, developed with an eye to all those seen on the research missions in the Caribbean and Indian ocean. The organization started organizing sailing events, with a yacht rally from Turkey to India in 2005. In the years following SailAdventures developed products like an RO watermaker, organized and managed some other events and projects, but mainly researched cruising grounds like the Maldives, Seychelles, Bahamas, Bermuda and Caribbean and published cruise and dive guides of these areas.",Netherlands,1.657702,,,
Excellence Limo Service,1210280.0,Netherlands,https://www.linkedin.com/company/excellence-limo-service-nl,www.excellencelimoservice.nl,"We understand the need for professional and customer-friendly luxury transportation service. Whether you need to be transferred in style (to or from airport, taken to a cruise ship terminal, out of city, business travel, or special occasion) we are here to help you!",Netherlands,1.21028,,,
Pyratz Gourmet Sailing,1109182.0,Netherlands,https://www.linkedin.com/company/pyratz-gourmet-sailing,www.pyratzsxm.com,"Our Mission, told by our co-founder, Max Philippe. ""Growing up in Guadeloupe, I have always been passionate about nature, sailing and the treasures of the Sea. Pyratz, Gourmet Sailing is the fulfillment of a childhood dream and a project committed to preserve the nature. Our crew is dedicated to offer the Best Intimate and Gourmet Day Cruise to discover the islands of Saint Martin, Anguilla and Saint Barthelemy while promoting a Sustainable and Responsible Tourism."" Our Promises:  - A different vision of boat charters, based on a Sustainable Tourism. - A unique concept combining the Pleasure of Sailing and Gastronomy. - A special attention to detail that makes all the difference. - A service on board beyond expectation.  - 1K memories",Netherlands,1.109182,,,
Propulsion Equipment,629334.0,"Netherlands, Groningen, Groningen, 7 Scandinaviëweg, 9723",https://www.linkedin.com/company/propulsion-equipment,propulsion.equipment,"Service We are accessible and approachable; our 24/7 working mentality applies to our commercial contacts, production & service team. Our quickly produced equipment can be shipped anywhere in the world. The world-wide operating service team is ready to serve you anywhere, anytime. Business expertise Our track record from last decades shows many (types of) vessels, like navy, fishing, dredging, inland ships, cruise liners, etc. Our experience from projects is always integrated in the continuous product development, assuring the best possible solution for customer’s needs. Quality We have always stood out since our inception for the quality and reliability of our products which possess all the required certifications and are produced in Europe.",Netherlands,0.629334,,,
Aydow,629334.0,"Netherlands, North Brabant, Breda, 4817se",https://www.linkedin.com/company/aydow,www.aydow.com,Aydow has been established to help the cruise and river cruise industry driving their passenger experience to the ultimate.,Netherlands,0.629334,,,
Denzzo Taxi,543011.0,"Netherlands, South Holland, Rotterdam, Bongweg, 3192nd",https://www.linkedin.com/company/denzzo-taxi,www.denzzotaxi.com,Nationaal & internationaal Zakelijk vervoer Gelegenheidsvervoer Airport- en cruiseterminalservice Rondritten Zakelijk sneltransport National & International Business transport Event transportservice Airport and cruise terminal service Tours / sightseeing Business fast transportation,Netherlands,0.543011,,,
